發生年度,發生月,發生日,發生時-Hours,發生分,處理別-編號,區序,肇事地點,死亡人數,2-30日死亡人數,受傷人數,當事人序號,車種,天候,光線,道路類別,速限-速度限制,道路型態,事故位置,路面狀況1,路面狀況2,路面狀況3,道路障礙1,道路障礙2,號誌1,號誌2,車道劃分-分向,車道劃分-分道1,車道劃分-分道2,車道劃分-分道3,事故類型及型態,性別,年齡,受傷程度,主要傷處,保護裝置,行動電話,車輛用途,當事者行動狀態,駕駛資格情形,駕駛執照種類,飲酒情形,車輛撞擊部位1,肇因碼-個別,個人肇逃否,職業,座標-X,座標-Y
114,01,04,16,20,2,12內湖區,內湖區康樂街136巷18弄3號,0,0,2,1,C03,8,6,5,30,14,24,1,5,4,5,13,4,4,10,5,5,1,8,2,60,2,9,5,1,7,7,1,10,9,14,116,1,21,121.6184334,25.071538
114,01,04,16,28,2,08士林區,士林區承德路5段與士商路口,0,0,1,1,B03,8,6,5,50,4,1,1,5,4,5,13,2,1,1,4,5,2,16,1,50,3,10,7,1,7,5,1,8,1,5,8,1,21,121.5140151,25.096029
114,01,04,16,30,2,05中正區,中正區仁愛路1段與中山南路口,0,0,2,1,C03,8,7,5,50,18,7,1,5,4,5,13,1,1,1,4,1,2,17,1,21,2,7,5,1,7,8,1,10,1,12,97,1,21,121.5175746,25.0392565
114,01,04,16,36,2,09北投區,北投區北投路1段與公館路口,0,0,1,1,C03,8,6,5,50,4,1,1,5,4,5,13,2,1,9,4,5,2,16,1,50,3,10,6,1,7,5,1,10,2,14,98,1,21,121.5026074,25.12146
114,01,04,16,49,2,08士林區,士林區通河西街1段堤外 百齡左岸070燈桿,0,0,1,1,C03,7,6,5,40,14,9,1,5,4,5,13,4,4,9,5,5,2,29,1,62,2,1,5,1,7,9,1,10,1,11,44,1,21,121.5128702,25.0848899
114,01,04,16,52,2,06松山區,松山區撫遠街451號,0,0,1,1,B03,7,5,5,50,14,9,1,5,4,5,13,4,4,9,4,5,2,16,1,45,3,10,7,1,7,6,1,8,1,5,9,1,22,121.5646404,25.0706782
114,01,04,16,53,2,10文山區,(興隆路3段58號）,0,0,1,1,B03,7,6,5,50,3,2,1,5,4,5,13,2,1,1,4,5,2,16,1,51,3,10,7,1,7,11,1,8,1,5,10,1,21,121.5560556,25.0001563
114,01,04,16,58,2,05中正區,中正區和平西路2段與延平南路口,0,0,1,1,C02,8,6,5,50,3,1,1,5,4,5,13,1,1,1,4,4,2,13,1,33,2,6,5,1,7,9,3,18,1,11,108,1,21,121.5072325,25.0318313
114,01,04,17,10,2,05中正區,中正區公園路與襄陽路口,0,0,1,1,C03,8,6,5,50,3,1,1,5,4,5,13,1,1,9,4,5,1,18,1,52,2,9,6,1,7,9,1,10,1,12,116,1,22,121.5166715,25.0435271
114,01,04,18,03,2,02萬華區,萬華區開封街2段與西寧南路口,0,0,1,1,C03,7,5,5,50,4,2,1,5,4,5,13,1,1,10,4,5,2,13,1,28,2,9,5,1,7,9,1,10,1,11,16,1,21,121.5072527,25.0465223
114,01,04,18,08,2,09北投區,北投區北投路1段與大興街口,0,0,1,1,B03,7,5,5,50,5,1,1,5,4,5,13,2,1,9,4,5,2,16,2,42,3,10,7,1,7,5,1,8,2,1,71,1,21,121.4996065,25.1302283
114,01,04,18,10,2,03中山區,中山區民權西路與中山北路2段口,0,0,1,1,B03,7,5,5,50,4,1,1,5,4,5,13,2,1,1,5,5,1,16,1,28,3,10,3,4,7,7,1,8,1,4,102,1,21,121.522362,25.06268499
114,01,04,18,27,2,04大安區,大安區和平東路3段與和平東路3段632巷口,0,0,3,1,C03,8,5,5,40,14,9,1,5,4,5,13,2,1,5,5,5,2,13,1,48,2,9,6,1,7,9,1,10,1,11,108,1,21,121.5633019,25.0130543
114,01,04,18,40,2,08士林區,士林區至善路1段第1101268號路燈桿,0,0,1,1,B03,7,5,5,40,14,8,1,5,4,5,13,4,4,1,4,4,1,17,1,58,3,10,7,1,7,9,1,8,2,2,17,1,21,121.5398048,25.09752542
114,01,04,18,50,2,01大同區,大同區忠孝橋機慢車道往三重,0,0,3,1,C03,8,5,5,40,14,11,1,5,4,5,13,4,4,1,4,5,2,17,1,34,2,9,6,1,7,9,1,10,1,11,116,1,21,121.5047004,25.0499434
114,01,04,18,51,2,05中正區,中正區中華路2段307巷與中華路2段315巷5弄口口,0,0,2,1,C03,7,5,6,30,4,1,1,5,4,5,13,4,4,5,5,5,2,12,2,34,2,8,5,1,7,7,1,10,1,12,100,1,21,121.5059392,25.029226
114,01,04,18,57,2,04大安區,大安區市民大道3段與復興南路1段口,0,0,1,1,B01,7,5,5,50,4,2,1,5,4,5,13,2,1,8,3,5,1,12,1,54,3,10,7,1,7,8,7,19,11,15,100,2,21,121.5437494,25.044582
114,01,04,19,16,2,06松山區,松山區塔悠路93號,0,0,1,1,C03,7,5,5,50,14,9,1,5,4,5,13,4,4,1,4,5,2,12,1,24,3,10,6,1,7,7,1,10,2,14,100,1,21,121.5703785,25.05218431
114,01,04,19,28,2,02萬華區,萬華區西寧南路與永福街口,0,0,3,1,C03,7,5,5,50,3,1,2,5,4,5,13,4,4,9,5,5,2,17,1,33,2,7,5,1,7,9,1,10,1,11,108,1,21,121.5063897,25.0380412
114,01,04,19,28,2,12內湖區,內湖區東湖路119巷2號,0,0,2,1,C03,7,5,5,30,14,9,1,5,4,5,13,4,4,10,5,5,2,16,1,34,2,8,6,1,7,5,1,10,1,14,8,1,21,121.6168143,25.0686536
114,01,04,19,52,2,02萬華區,萬華區康定路與貴陽街2段口,0,0,1,1,A02,7,5,5,50,4,1,1,5,4,5,13,1,1,8,3,5,2,16,1,61,3,10,3,4,7,6,1,6,1,2,9,1,22,121.5020364,25.0400096
114,01,04,19,53,2,10文山區,文山區木柵路1段（考試院公車站牌前）,0,0,1,1,C03,7,5,5,50,14,9,1,5,4,5,13,4,4,5,4,5,2,19,2,37,2,9,3,4,7,15,1,10,4,12,108,1,22,121.5497634,24.9874811
114,01,04,20,13,2,04大安區,大安區和平東路1段與羅斯福路2段口,0,0,1,1,C03,7,5,5,50,5,2,1,5,4,5,13,1,1,10,5,5,2,17,2,25,2,8,5,1,7,6,1,10,1,14,108,1,21,121.5222814,25.0273583
114,01,04,21,00,2,04大安區,大安區基隆路3段8號,0,0,1,1,C03,7,5,5,50,14,9,1,5,4,5,13,4,4,1,4,5,2,29,2,22,2,9,6,4,7,9,1,10,1,11,44,1,22,121.5479534,25.02043424
114,01,04,22,01,2,01大同區,大同區環河北路2段與敦煌路口,0,0,1,1,C03,8,5,5,50,5,1,1,5,4,5,13,1,1,1,4,5,2,17,1,33,2,9,6,1,7,6,1,10,1,14,9,1,21,121.5095615,25.0763567
114,01,04,22,04,2,03中山區,中山區南京東路2段8號,0,0,1,1,C03,8,5,5,50,14,7,1,5,4,5,13,4,4,1,3,4,2,12,1,51,2,9,6,1,7,9,1,10,1,11,17,1,21,121.5279715,25.0520391
114,01,04,22,15,2,07信義區,信義區基隆路1段200號,0,0,1,1,B03,7,5,5,50,14,9,1,5,4,5,13,4,4,1,4,5,2,13,1,35,3,10,3,4,7,10,1,8,1,6,100,1,21,121.5642907,25.0407557
114,01,04,23,55,2,04大安區,大安區羅斯福路4段與基隆路4段口,0,0,1,1,C03,7,5,5,50,5,1,1,5,4,5,13,1,1,9,4,5,1,17,1,52,3,10,3,4,7,5,1,10,1,17,96,1,21,121.5374421,25.0112068
114,01,05,01,43,2,12內湖區,內湖區成功交流道(西北角),0,0,1,1,B03,8,5,5,50,4,1,1,5,4,5,13,2,1,10,4,5,2,15,1,20,3,10,7,1,7,9,1,8,2,6,81,1,21,121.5913151,25.0653906
114,01,05,07,19,2,09北投區,北投區三合街2段與崇仁路1段口,0,0,1,1,B03,7,5,6,50,4,1,1,5,4,5,13,1,1,5,4,5,2,17,2,63,3,10,3,4,7,9,1,8,2,8,81,1,21,121.5015161,25.1263954
114,01,05,07,47,2,07信義區,信義區永吉路與虎林街口,0,0,1,1,F01,7,6,5,50,4,1,1,5,4,5,13,1,1,1,4,4,2,17,1,76,2,1,4,1,7,9,8,20,2,15,81,1,22,121.5769708,25.0454144
114,01,05,08,37,2,08士林區,士林區忠義街與雨聲街口,0,0,1,1,C03,8,5,5,40,3,1,1,5,4,5,13,1,1,5,5,5,2,12,2,70,2,9,5,1,7,5,3,18,1,13,8,1,21,121.5312484,25.1057994
114,01,05,09,23,2,02萬華區,萬華區長沙街2段與西寧南路口,0,0,3,1,C03,8,7,5,50,3,1,1,5,4,5,13,1,1,9,5,5,2,13,2,65,2,9,5,1,7,9,1,10,1,11,118,1,21,121.5062455,25.0406782
114,01,05,09,27,2,07信義區,信義區忠孝東路5段236巷3弄與忠孝東路5段372巷口口,0,0,1,1,C03,8,6,5,30,4,1,1,5,4,5,13,4,4,5,5,5,2,15,1,42,2,8,6,4,7,9,1,10,1,14,72,1,22,121.5740087,25.0403504
114,01,05,11,08,2,02萬華區,萬華區青年路28號附近側附近附近,0,0,1,1,A02,7,6,5,30,14,9,1,5,4,5,13,4,4,5,2,5,2,12,1,34,3,10,7,1,7,9,1,2,1,2,17,1,21,121.5052955,25.0257023
114,01,05,11,10,2,04大安區,大安區敦化南路2段與敦化南路2段63巷口,0,0,1,1,B03,8,6,5,50,4,1,1,5,4,5,13,1,1,1,3,5,2,17,1,68,3,10,7,1,7,5,1,8,1,2,71,1,21,121.549,25.0309614
114,01,05,11,31,2,04大安區,大安區忠孝東路4段50號,0,0,1,1,C03,8,6,5,50,14,9,1,5,4,5,13,4,4,1,4,5,2,13,1,18,2,9,6,1,7,9,1,10,1,11,16,1,21,121.5448283,25.0415189
114,01,05,11,48,2,10文山區,文山區木柵路1段34號,0,0,1,1,B03,8,6,5,50,3,1,1,5,4,5,13,4,4,5,4,5,2,16,1,27,3,10,7,1,7,5,1,8,1,8,8,1,21,121.5464864,24.9868491
114,01,05,11,50,2,08士林區,士林區承德路5段26號,0,0,2,1,C03,8,7,5,40,14,9,1,5,4,5,13,4,4,10,5,5,2,13,1,44,2,9,3,4,7,9,1,10,2,11,16,1,22,121.5154144,25.0918247
114,01,05,13,05,2,03中山區,中山區林森北路與農安街口,0,0,1,1,B03,8,7,5,50,4,1,1,5,4,5,13,1,1,5,5,5,2,16,1,60,3,10,3,4,7,6,1,4,1,5,9,1,22,121.5256201,25.0649689
114,01,05,13,07,2,03中山區,中山區民生東路2段與吉林路口,0,0,1,1,B03,8,6,5,50,4,1,1,5,4,5,13,4,4,5,4,5,2,17,1,61,3,10,7,1,7,5,1,8,2,17,44,1,21,121.5302487,25.0579497
114,01,05,13,50,2,05中正區,中正區羅斯福路4段4號,0,0,1,1,C03,8,6,5,50,14,9,1,5,4,5,13,1,1,3,4,5,2,13,1,34,2,8,5,1,7,9,1,10,1,11,16,1,21,121.5330079,25.0158466
114,01,05,13,57,2,02萬華區,萬華區萬大路與民和街口,0,0,1,1,C03,7,6,5,30,5,1,1,5,4,5,13,2,1,10,4,5,2,3,1,64,3,10,5,1,7,9,6,10,2,11,70,1,21,121.5003546,25.0264056
114,01,05,14,29,2,08士林區,士林區環河北路3段堤外便道(延平河濱058號燈桿),0,0,2,1,F01,8,5,5,0,14,23,1,5,4,5,13,4,4,9,4,5,2,11,1,52,2,8,3,4,7,9,8,20,1,14,17,1,22,121.5025284,25.08870742
114,01,05,14,30,2,02萬華區,萬華區富民路145巷15弄與萬大路493巷口,0,0,1,1,B03,8,5,5,30,4,1,1,5,4,5,13,4,4,10,5,5,2,17,1,25,3,10,7,4,7,9,1,8,1,5,75,1,21,121.4992482,25.01915991
114,01,05,15,25,2,05中正區,中正區汀州路2段與泉州街口,0,0,1,1,B02,7,6,5,50,5,1,1,5,4,5,13,2,1,4,4,4,1,3,2,47,3,10,7,1,7,5,1,8,1,5,70,1,21,121.5138575,25.02617
114,01,05,16,10,2,09北投區,北投區承德路7段401巷551號,0,0,2,1,F01,8,7,7,0,14,23,4,5,4,5,13,4,4,9,5,5,1,12,1,15,2,9,4,1,7,4,8,20,1,12,118,1,22,121.4904362,25.1158788
114,01,05,16,18,2,12內湖區,內湖區潭美街與安康路228巷口,0,0,2,1,C03,8,6,5,40,3,1,1,5,4,5,13,2,1,5,4,5,2,13,1,20,2,9,6,1,7,9,1,10,1,12,108,1,21,121.6034128,25.0611304
114,01,05,16,30,2,08士林區,士林區小北街7號,0,0,1,1,C03,8,5,5,30,14,9,1,5,4,5,13,4,4,10,5,5,2,16,1,19,2,8,3,4,7,11,1,10,1,14,10,1,22,121.5264821,25.09037111
114,01,05,17,00,2,04大安區,大安區辛亥路3段與辛亥路3段21巷口,0,0,1,1,B01,8,6,5,50,14,9,1,5,4,5,13,4,4,1,4,5,1,12,1,52,3,10,3,4,7,9,1,4,1,5,44,1,21,121.54443,25.0212913
114,01,05,17,19,2,01大同區,大同區延平北路4段與敦煌路口,0,0,1,1,B03,8,6,5,50,4,2,1,5,4,5,13,2,1,9,4,5,2,17,2,59,3,10,7,4,7,5,1,8,1,8,8,1,22,121.5119945,25.0765813
114,01,05,17,25,2,04大安區,大安區新生南路1段與忠孝東路3段口,0,0,1,1,F01,7,6,8,0,22,20,4,5,4,5,13,4,4,10,5,5,2,9,1,13,3,10,4,4,7,9,8,20,1,12,42,1,22,121.5330588,25.0421128
114,01,05,18,10,2,08士林區,士林區中正路608號,0,0,1,1,A02,7,5,5,50,14,9,1,5,4,5,13,4,4,10,4,5,2,17,1,58,3,10,7,1,7,9,1,2,2,2,44,1,22,121.5096869,25.0869926
114,01,05,18,24,2,01大同區,大同區環河北路1段與民生西路口,0,0,1,1,F01,7,5,5,30,4,18,1,5,4,5,13,2,1,1,4,5,2,9,4,0,,,,,,,,,,,119,2,,121.5081727,25.0569194
114,01,05,19,05,2,10文山區,文山區木新路3段與樟新街口,0,0,1,1,B03,7,5,5,50,4,1,1,5,4,5,13,2,1,5,4,5,2,17,1,50,3,10,3,4,7,9,1,8,1,8,108,1,22,121.5549311,24.9802134
114,01,05,20,24,2,10文山區,文山區景文街與羅斯福路6段401巷口,0,0,2,1,C03,8,5,5,40,3,18,1,5,4,5,13,4,4,5,5,4,1,3,1,25,3,10,6,1,7,9,1,10,2,11,118,1,21,121.5413667,24.9918382
114,01,05,21,06,2,03中山區,中山區五常街與龍江路口,0,0,1,1,C03,8,5,5,30,4,1,1,5,4,5,13,2,1,5,5,5,2,16,1,33,3,10,6,1,7,4,1,10,1,11,94,1,21,121.5408931,25.064296
114,01,05,21,49,2,06松山區,松山區松河街與八德路4段829巷口,0,0,1,1,B03,7,5,5,50,3,1,1,5,4,5,13,2,1,9,4,5,2,17,1,26,3,10,7,1,7,5,1,8,1,2,8,1,21,121.5798745,25.0520996
114,01,05,22,15,2,03中山區,中山區朱崙街與龍江路口,0,0,1,1,B03,8,5,5,50,4,1,1,5,4,5,13,2,1,10,5,5,2,2,2,49,3,10,7,1,7,5,1,8,2,8,70,1,21,121.5404036,25.0499084
114,01,05,22,40,2,06松山區,松山區南京東路3段與復興北路口,0,0,1,1,C03,8,5,5,50,4,1,1,5,4,5,13,1,1,1,4,5,2,12,2,20,2,9,6,1,7,9,1,10,2,12,44,1,22,121.5441581,25.05191042
114,01,06,00,26,2,05中正區,中正區忠孝東路1段與忠孝東路1段70巷口,0,0,1,1,C03,7,5,5,50,3,2,1,5,4,5,13,4,4,1,4,1,2,17,1,37,3,10,5,1,7,6,1,10,2,17,72,1,21,121.5242653,25.04433235
114,01,06,00,45,2,02萬華區,萬華區西園路1段與長沙街2段口,0,0,1,1,B03,8,5,5,50,4,1,1,5,4,5,13,2,1,9,5,5,2,15,1,27,3,10,3,4,7,9,1,8,2,1,81,1,22,121.5000928,25.0412545
114,01,06,01,20,2,08士林區,士林區通河西街1段堤外斜坡,0,0,1,1,B03,7,5,5,30,14,9,1,5,4,5,13,4,4,10,5,5,1,20,2,66,2,7,7,1,7,9,1,14,8,1,21,1,21,121.5129838,25.0861847
114,01,06,02,25,2,07信義區,信義區松隆路125號,0,0,1,1,B01,7,5,8,50,22,22,1,5,4,1,13,4,4,1,4,5,2,17,1,41,3,10,2,1,7,14,1,4,1,2,44,1,22,121.5716095,25.0466919
114,01,06,07,17,2,07信義區,信義區虎林街120巷與虎林街120巷167弄口,0,0,1,1,B01,7,6,8,30,4,1,1,5,4,5,13,4,4,10,4,5,1,15,1,62,3,10,3,4,7,9,1,4,1,2,72,1,21,121.5740725,25.0421756
114,01,06,07,32,2,04大安區,大安區大安路1段與大安路1段101巷口,0,0,1,1,B03,8,6,5,30,4,1,1,5,4,5,12,4,4,10,5,5,2,17,2,72,3,10,7,1,7,9,1,8,1,1,72,1,21,121.5461212,25.0402002
114,01,06,07,42,2,11南港區,南港區松河街與南港路3段106巷口,0,0,1,1,C03,8,5,5,50,3,2,1,5,4,5,13,2,1,5,4,5,2,13,2,43,2,8,5,1,7,9,1,10,1,11,16,1,21,121.5892784,25.0554757
114,01,06,08,07,2,06松山區,松山區南京東路4段11號,0,0,2,1,C03,8,7,5,50,14,9,1,5,4,5,13,4,4,1,4,5,2,13,2,57,2,9,6,1,7,9,1,11,2,11,108,1,21,121.5497245,25.051787
114,01,06,08,10,2,05中正區,中正區仁愛路1段與紹興南街口,0,0,1,1,A04,7,7,5,0,4,1,1,5,4,5,13,1,1,1,4,1,2,9,1,54,3,10,7,1,7,14,1,2,9,17,44,2,21,121.521402,25.04777796
114,01,06,08,10,2,05中正區,中正區羅斯福路3段與羅斯福路3段244巷口,0,0,1,1,B01,8,7,5,50,3,1,1,5,4,5,13,1,1,2,4,5,2,16,1,51,3,10,7,1,7,6,1,4,1,2,9,1,22,121.5314715,25.01735251
114,01,06,08,17,2,08士林區,士林區福華路與雙溪街口,0,0,2,1,C03,8,5,5,50,3,1,1,5,4,5,13,4,4,5,5,5,2,16,2,38,2,9,6,1,7,5,1,10,1,12,72,1,21,121.5238292,25.099966
114,01,06,08,19,2,03中山區,中山區明水路與樂群一路口,0,0,1,1,C03,8,7,5,50,14,9,1,5,4,5,13,4,4,1,4,5,2,13,2,30,2,9,5,1,7,9,1,10,1,11,16,1,21,121.5504324,25.0772377
114,01,06,08,20,2,05中正區,中正區市民大道2段與林森北路口,0,0,1,1,C03,8,6,5,40,4,1,1,5,4,5,13,1,1,10,4,5,2,18,2,31,2,9,6,4,7,15,1,10,1,12,42,1,22,121.5237436,25.04772372
114,01,06,08,33,2,03中山區,中山區自強隧道(內)往大直,0,0,1,1,C02,8,5,5,50,6,9,1,5,4,5,13,4,4,10,4,5,2,13,1,33,2,9,5,1,7,9,1,9,1,11,108,1,22,121.5445369,25.07952231
114,01,06,08,37,2,02萬華區,萬華區堤外便道往北近忠孝橋,0,0,2,1,C03,7,6,7,40,14,11,1,5,4,5,13,4,4,8,5,5,2,13,1,22,2,9,3,4,7,9,1,10,1,11,108,1,22,121.5027589,25.0462445
114,01,06,08,39,2,12內湖區,內湖區民權大橋西向東,0,0,1,1,C03,8,7,5,30,14,11,1,5,4,5,13,4,4,5,4,1,2,13,2,28,2,8,5,1,7,9,1,10,1,11,16,1,21,121.5700438,25.0640545
114,01,06,08,40,2,03中山區,中山區南京東路3段與建國北路1段口,0,0,2,1,C03,8,7,5,50,4,1,1,5,4,5,13,2,1,5,4,4,2,13,2,36,2,8,6,4,7,9,1,10,1,11,16,1,21,121.5368707,25.05192383
114,01,06,08,43,2,04大安區,大安區羅斯福路3段與辛亥路2段口,0,0,3,1,C03,7,5,5,50,4,2,1,5,4,5,13,1,1,3,1,5,2,13,1,45,2,9,6,1,7,9,1,10,1,11,108,1,21,121.5293217,25.0197498
114,01,06,09,03,2,12內湖區,內湖區南京東路6段與堤頂大道1段口,0,0,1,1,B03,8,5,5,50,4,1,1,5,4,5,13,2,1,1,2,1,1,15,2,50,3,10,7,1,7,9,3,18,2,1,81,1,21,121.5764598,25.054596
114,01,06,09,20,2,03中山區,中山區明水路與明水路475巷口,0,0,2,1,C03,8,7,5,50,14,9,1,5,4,5,13,1,1,1,4,5,2,17,1,26,2,9,5,1,7,9,1,10,1,11,16,1,21,121.5515599,25.077622
114,01,06,09,36,2,08士林區,士林區中正路601號,0,0,1,1,B03,8,5,5,50,14,9,1,5,4,5,13,4,4,1,4,5,2,12,1,37,3,10,7,1,7,9,1,8,2,5,9,1,21,121.5098751,25.0866981
114,01,06,09,42,2,09北投區,北投區福善路與福美路口,0,0,2,1,B03,8,6,5,50,4,1,1,5,4,5,13,4,4,5,5,5,2,15,1,49,3,10,7,1,7,6,1,8,1,1,72,1,22,121.5065852,25.1005123
114,01,06,09,45,2,10文山區,文山區木新路3段95巷4弄8號,0,0,2,1,C03,7,5,5,30,14,9,1,5,4,5,13,4,4,10,5,5,1,16,1,16,2,8,6,1,7,1,2,18,1,14,118,1,21,121.5627471,24.98138952
114,01,06,09,56,2,04大安區,大安區和平東路2段與和平東路2段96巷口,0,0,1,1,A02,8,6,5,50,3,1,1,5,4,5,13,1,1,9,4,5,1,9,1,42,3,10,3,4,7,9,1,2,1,17,118,1,21,121.5416382,25.025038
114,01,06,09,59,2,11南港區,南港區東新街3號,0,0,1,1,B13,8,7,5,50,14,9,1,5,4,5,13,4,4,1,4,5,2,17,1,46,3,10,7,1,7,7,1,8,1,17,100,1,21,121.5845498,25.048756
114,01,06,10,00,2,05中正區,中正區中華路1段9巷與中華路1段口,0,0,1,1,B03,8,7,5,50,4,1,1,5,4,5,13,1,1,10,5,5,2,17,1,39,3,10,7,1,7,5,1,8,1,4,103,1,21,121.5101878,25.0469635
114,01,06,10,32,2,07信義區,信義區忠孝東路5段297號,0,0,2,1,C03,7,7,5,50,14,9,1,5,4,5,13,4,4,1,3,5,2,12,1,77,2,9,5,1,7,9,6,10,2,11,44,1,21,121.5732961,25.0409917
114,01,06,11,33,2,02萬華區,萬華區桂林路與梧州街口,0,0,3,1,F01,7,7,5,50,4,1,1,5,4,5,13,4,4,8,3,4,1,16,2,70,2,9,3,4,7,5,8,20,1,12,71,1,22,121.4977032,25.0384736
114,01,06,11,37,2,07信義區,信義區基隆路2段151號,0,0,1,1,B03,8,6,5,50,14,9,1,5,4,5,13,2,1,1,4,5,1,13,1,62,3,10,3,4,7,15,1,8,1,1,16,1,21,121.5548356,25.0263231
114,01,06,11,42,2,01大同區,大同區承德路1段68-1號,0,0,1,1,B12,7,6,5,50,14,9,1,5,4,5,13,4,4,1,4,5,2,17,1,49,3,10,7,1,7,9,6,18,2,5,108,1,21,121.517072,25.05126171
114,01,06,11,45,2,03中山區,中山區復興北路與長安東路2段口,0,0,1,1,C03,8,7,5,30,14,9,1,5,4,5,13,1,1,1,4,5,2,13,1,40,2,8,5,1,7,9,1,10,1,11,108,1,21,121.5438496,25.0484698
114,01,06,11,47,2,09北投區,北投區承德路6段與文承路口,0,0,2,1,C03,8,6,5,60,3,1,1,5,4,5,13,1,1,1,4,4,2,17,1,18,2,8,6,1,7,8,1,10,1,12,100,1,25,121.5117897,25.1048195
114,01,06,11,48,2,10文山區,文山區木柵路4段33巷5-9號,0,0,1,1,B13,8,6,5,30,14,9,2,5,4,5,13,4,4,10,5,5,2,17,1,23,3,10,3,4,7,4,1,8,11,2,108,1,21,121.571203,24.9941132
114,01,06,11,51,2,03中山區,中山區五常街與龍江路口,0,0,2,1,C03,8,6,5,40,4,1,1,5,4,5,13,2,1,4,5,5,1,16,2,58,2,9,3,4,7,5,1,10,1,12,71,1,21,121.5409155,25.06426349
114,01,06,12,00,2,12內湖區,內湖區瑞光路58號,0,0,2,1,C03,8,6,5,50,14,9,1,5,4,5,13,4,4,5,4,5,1,12,1,66,2,7,6,1,7,9,1,10,2,12,44,1,22,121.5825182,25.0705234
114,01,06,12,13,2,03中山區,中山區龍江路與龍江路45巷口,0,0,1,1,B01,8,6,5,50,4,1,1,5,4,5,13,4,4,8,4,5,2,16,1,45,3,10,7,1,7,5,1,4,2,4,8,1,21,121.5404103,25.0491772
114,01,06,12,30,2,03中山區,中山區濱江街16號與建國高架道口旁,0,0,1,1,B03,8,7,5,50,3,1,1,5,4,5,13,1,1,1,4,5,2,11,1,53,3,10,7,1,7,9,1,8,1,4,81,1,21,121.5315362,25.0722551
114,01,06,12,37,2,12內湖區,內湖區文德路101巷與文德路171巷9弄口,0,0,1,1,B03,8,6,5,50,3,2,1,5,4,5,13,4,4,9,5,5,2,17,2,61,3,10,7,1,7,9,1,8,1,2,108,1,21,121.583117,25.07929872
114,01,06,12,38,2,05中正區,中正區重慶南路1段與開封街1段口,0,0,1,1,B13,7,5,5,50,4,1,1,5,4,5,13,2,1,10,4,5,2,16,1,29,3,10,7,1,7,6,1,8,1,2,9,1,21,121.5131932,25.0459926
114,01,06,12,51,2,12內湖區,內湖區民權大橋機慢車專用道（西向東）,0,0,2,1,C03,7,6,5,50,8,11,1,5,4,5,13,4,4,1,4,5,2,13,1,26,2,9,5,1,7,9,1,10,1,11,16,1,21,121.569902,25.063965
114,01,06,13,06,2,08士林區,士林區光華路與格致路55巷口,0,0,2,1,B03,8,5,5,30,11,9,1,5,4,5,13,4,4,5,5,5,2,17,1,54,3,10,3,4,7,5,1,8,1,1,99,1,22,121.5450421,25.1379601
114,01,06,13,20,2,04大安區,大安區師大路與師大路117巷口,0,0,2,1,B12,8,6,5,50,4,1,1,5,4,5,13,4,4,10,5,5,2,16,1,48,3,10,7,1,7,5,1,4,1,4,8,1,21,121.5283367,25.0222186
114,01,06,13,50,2,08士林區,士林區中正路249號,0,0,2,1,C03,7,5,8,50,22,22,1,5,4,5,13,1,1,1,5,5,1,13,2,57,2,9,5,1,7,9,1,10,1,11,44,1,21,121.5256894,25.09513093
114,01,06,13,51,2,01大同區,大同區塔城街(燈桿0802421）,0,0,1,1,C03,8,6,5,50,14,9,1,5,4,5,13,4,4,5,2,5,2,17,2,55,2,8,6,1,7,9,1,10,2,14,108,1,21,121.5105016,25.049668
114,01,06,14,14,2,04大安區,大安區和平東路1段與師大路口,0,0,2,1,C04,8,6,5,50,3,1,1,5,4,5,13,1,1,1,3,5,2,13,1,24,2,9,6,1,7,9,1,10,1,11,16,1,21,121.5287067,25.0266512
114,01,06,14,38,2,01大同區,大同區民生西路178巷1號,0,0,2,1,C03,7,6,5,30,22,9,1,5,4,5,13,4,4,10,5,5,2,10,1,60,2,7,5,4,7,9,1,10,1,11,5,1,21,121.5175685,25.056511
114,01,06,14,47,2,07信義區,信義區嘉興街233號,0,0,1,1,C03,8,6,5,50,14,9,1,5,4,5,13,4,4,10,3,5,2,17,2,30,2,9,5,4,7,9,1,10,1,11,44,1,22,121.5558554,25.0250547
114,01,06,15,10,2,04大安區,大安區基隆路3段155巷57號,0,0,2,1,C03,8,6,5,30,14,9,1,5,4,3,10,4,4,9,5,5,1,16,2,28,2,8,6,4,7,5,1,10,1,11,8,1,21,121.5430619,25.0151783
114,01,06,15,13,2,10文山區,文山區興隆路4段115巷10號,0,0,1,1,B03,8,6,5,30,14,9,1,5,4,5,13,4,4,10,5,5,2,11,1,30,3,10,7,1,7,9,1,8,2,8,5,1,21,121.5617537,24.9861245
114,01,06,15,31,2,05中正區,中正區杭州南路1段與仁愛路2段口,0,0,1,1,B01,7,5,5,50,4,1,1,5,4,5,13,2,1,10,4,5,2,12,1,64,3,10,3,4,7,9,7,19,11,2,108,2,22,121.5251631,25.03829629
114,01,06,15,36,2,09北投區,北投區天母西路與天母西路100巷口,0,0,1,1,B03,7,5,5,50,4,1,1,5,4,5,13,4,4,5,4,5,2,16,1,49,3,10,7,1,7,6,1,8,2,5,9,1,21,121.5237803,25.11866643