發生年度,發生月,發生日,發生時-Hours,發生分,處理別-編號,區序,肇事地點,死亡人數,2-30日死亡人數,受傷人數,當事人序號,車種,天候,光線,道路類別,速限-速度限制,道路型態,事故位置,路面狀況1,路面狀況2,路面狀況3,道路障礙1,道路障礙2,號誌1,號誌2,車道劃分-分向,車道劃分-分道1,車道劃分-分道2,車道劃分-分道3,事故類型及型態,性別,年齡,受傷程度,主要傷處,保護裝置,行動電話,車輛用途,當事者行動狀態,駕駛資格情形,駕駛執照種類,飲酒情形,車輛撞擊部位1,肇因碼-個別,個人肇逃否,職業,座標-X,座標-Y
114,01,08,01,50,2,02萬華區,萬華區西園路2段320巷36弄35號,0,0,1,1,F02,7,7,5,30,14,9,1,5,4,5,13,4,4,10,5,5,2,18,2,43,2,9,4,1,7,9,8,20,4,17,42,1,21,121.4908369,25.0272983
114,01,08,04,14,2,02萬華區,萬華區青年路152巷與富民路145巷35弄口,0,0,2,1,C03,7,5,5,30,4,1,1,5,4,5,13,4,4,10,5,5,2,15,2,23,2,9,5,1,7,9,1,10,1,11,72,1,21,121.5007218,25.0197111
114,01,08,06,53,2,05中正區,中正區重慶南路1段與襄陽路口,0,0,2,1,C03,7,5,5,50,3,1,1,5,4,5,13,1,1,9,2,5,2,17,1,23,2,9,5,1,7,6,1,10,2,11,16,1,21,121.513265,25.0433587
114,01,08,07,18,2,02萬華區,萬華區萬大路與華中橋口下涵洞,0,0,2,1,C03,7,6,5,30,3,2,1,5,4,5,13,4,4,10,5,5,2,15,1,60,2,9,5,1,7,15,6,10,9,12,72,1,22,121.4965627,25.0179328
114,01,08,07,32,2,04大安區,大安區基隆路2段291巷與樂業街94巷口口,0,0,1,1,C03,7,6,5,30,3,1,1,5,4,5,13,4,4,10,5,5,2,13,1,42,2,8,5,1,7,9,1,9,1,11,42,1,22,121.5503496,25.0205648
114,01,08,07,32,2,05中正區,中正區博愛路與重慶南路1段136巷口,0,0,1,1,B01,7,6,5,30,3,1,1,5,4,5,13,4,4,7,4,5,2,16,1,56,3,10,7,1,7,6,1,1,2,8,72,1,21,121.51093,25.0364566
114,01,08,07,54,2,04大安區,大安區辛亥路3段157巷與臥龍街151巷口口,0,0,2,1,C03,7,6,5,50,5,1,1,5,4,5,13,2,1,9,4,5,2,17,1,29,2,9,5,1,7,15,1,10,1,11,108,1,21,121.5508354,25.018246
114,01,08,07,55,2,03中山區,中山區南京東路3段87號與南京東路3段89巷口,0,0,1,1,B03,7,7,5,50,3,2,1,5,4,5,13,4,4,10,3,5,2,15,1,50,3,10,3,1,7,1,1,8,1,1,108,1,22,121.5387939,25.0521713
114,01,08,08,15,2,01大同區,大同區雙連街與萬全街口,0,0,1,1,B03,6,7,5,30,4,1,1,4,4,5,13,4,4,10,5,5,2,15,1,52,3,10,7,1,7,9,1,8,1,1,72,1,21,121.519055,25.0585254
114,01,08,08,19,2,07信義區,信義區和平東路3段與信安街口,0,0,1,1,B03,7,7,5,50,4,1,1,4,4,5,13,1,1,9,4,5,2,15,1,45,3,10,7,4,7,11,1,8,2,5,71,1,21,121.5547035,25.0224198
114,01,08,08,20,2,08士林區,士林區忠義街8號,0,0,1,1,C03,7,7,5,40,11,9,1,4,4,5,13,4,4,9,4,5,1,17,2,38,2,9,5,1,7,9,1,10,9,11,42,1,21,121.5295231,25.10542369
114,01,08,08,35,2,04大安區,大安區辛亥路3段300號對面,0,0,1,1,B03,8,6,5,50,14,9,1,5,4,5,13,4,4,10,5,5,2,17,1,28,3,10,7,1,7,8,1,8,1,6,42,1,21,121.5522067,25.015031
114,01,08,08,39,2,09北投區,北投區致遠三路與致遠三路114巷口,0,0,1,1,C03,8,5,5,30,3,2,1,5,4,5,13,4,4,10,5,5,1,16,2,64,2,7,6,1,7,5,1,8,2,11,74,1,21,121.510775,25.1217038
114,01,08,08,41,2,08士林區,士林區中山北路5段65號,0,0,1,1,C03,8,7,5,50,14,9,1,5,4,5,13,4,4,1,3,1,1,13,2,48,3,10,3,4,7,9,1,10,1,11,16,1,22,121.5254911,25.0856658
114,01,08,08,47,2,03中山區,中山區南京東路1段96號,0,0,2,1,C03,7,7,5,40,14,8,1,5,4,5,13,4,4,1,3,4,1,17,2,26,2,7,5,1,7,9,1,10,1,11,108,1,21,121.5262219,25.05214721
114,01,08,08,50,2,03中山區,中山區濱江街355號,0,0,1,1,B03,7,7,5,50,14,8,1,5,4,5,13,4,4,1,4,4,2,16,1,32,3,10,7,1,7,10,1,4,2,6,100,1,21,121.5505448,25.0723497
114,01,08,08,57,2,04大安區,大安區金山南路2段與金華街口口,0,0,1,1,B01,7,6,5,50,4,18,1,5,4,5,13,2,1,1,4,5,2,3,1,68,3,10,7,1,7,5,1,4,1,1,118,1,21,121.5265251,25.03012911
114,01,08,09,30,2,03中山區,中山區建國北路3段與農安街口口西北角,0,0,1,1,B03,7,7,5,50,4,2,1,5,4,5,13,2,1,4,1,5,2,15,2,62,3,10,3,1,7,15,1,8,2,3,98,1,22,121.5365242,25.0648833
114,01,08,09,43,2,02萬華區,萬華區環河南路1段與成都路口,0,0,1,1,B03,7,6,5,50,3,1,1,5,4,5,13,3,1,5,4,5,2,17,1,63,3,10,7,1,7,9,1,8,1,1,118,1,21,121.5008028,25.0438245
114,01,08,09,55,2,07信義區,信義區忠孝東路5段236巷2弄與松仁路口,0,0,3,1,C03,7,7,5,50,3,1,1,5,4,5,13,4,4,1,4,5,2,17,2,53,2,9,6,1,7,5,1,10,1,12,74,1,22,121.5685795,25.0404998
114,01,08,09,59,2,04大安區,大安區忠孝東路3段217巷1弄7號,0,0,1,1,C03,8,6,5,30,14,9,1,5,4,3,10,4,4,10,5,5,2,12,2,41,2,8,5,1,7,1,1,10,9,14,19,1,21,121.5393505,25.0423307
114,01,08,10,01,2,02萬華區,萬華區桂林路與昆明街口,0,0,1,1,B03,7,6,5,50,4,1,1,5,4,5,13,1,1,10,4,5,2,17,1,60,4,11,3,4,7,5,7,19,9,15,8,2,22,121.5037987,25.0379478
114,01,08,10,31,2,10文山區,文山區仙岩路與興隆路2段96巷口口,0,0,1,1,B03,8,6,5,50,4,1,1,5,4,5,13,2,1,9,5,5,2,16,1,59,3,10,7,1,7,11,1,8,1,7,10,1,21,121.5502898,25.0001298
114,01,08,11,31,2,05中正區,中正區重慶南路1段與貴陽街1段口,0,0,1,1,B01,7,6,5,50,4,1,1,5,4,5,13,2,1,10,5,5,2,16,1,64,3,10,7,1,7,5,1,4,2,2,8,1,21,121.5128191,25.038843
114,01,08,11,32,2,05中正區,中正區汀州路2段與重慶南路3段口,0,0,1,1,B12,8,6,5,50,4,1,1,5,4,5,13,1,1,5,4,5,2,17,1,75,3,10,7,1,7,6,1,8,2,2,9,1,21,121.5164824,25.0257101
114,01,08,11,40,2,02萬華區,萬華區環河南路1段與康定路口,0,0,1,1,B03,7,6,5,50,3,2,1,5,4,5,13,2,1,5,2,5,2,13,1,50,3,10,7,1,7,9,1,8,1,5,16,1,21,121.5033468,25.0463362
114,01,08,11,55,2,08士林區,士林區基河路258號,0,0,1,1,C03,8,5,5,50,22,9,1,5,4,5,13,4,4,5,4,5,1,17,2,43,3,10,6,1,7,1,1,10,2,17,19,1,21,121.5202736,25.0929777
114,01,08,12,14,2,07信義區,信義區永吉路30巷92號,0,0,1,1,B12,7,7,5,30,14,9,1,5,4,5,13,4,4,9,4,5,2,16,1,59,3,10,7,1,7,15,1,8,9,2,114,1,21,121.5687622,25.043875
114,01,08,12,27,2,11南港區,南港區研究院路2段與研究院路2段134巷口口,0,0,1,1,B03,7,6,5,40,3,1,1,5,4,5,13,2,1,5,5,5,2,16,1,71,3,10,7,1,7,5,1,8,1,6,71,1,21,121.617234,25.0388196
114,01,08,12,35,2,06松山區,松山區三民路與三民路62巷口,0,0,1,1,C03,7,6,5,30,3,1,1,5,4,5,13,4,4,5,4,5,2,17,1,49,2,9,5,4,7,5,1,10,2,14,72,1,22,121.5638387,25.05460839
114,01,08,12,52,2,06松山區,松山區南京東路5段291巷32-1號前,0,0,1,1,B03,8,6,5,30,14,9,1,5,4,6,13,4,4,10,5,5,2,2,1,57,3,10,7,1,7,9,1,8,1,8,108,1,21,121.5661749,25.0527506
114,01,08,13,15,2,08士林區,士林區中山北路6段與德行西路口,0,0,1,1,B03,7,7,5,50,4,1,1,5,4,5,13,2,1,1,4,5,1,17,1,60,3,10,7,1,7,5,1,8,2,5,71,1,21,121.5249493,25.10649129
114,01,08,13,26,2,04大安區,大安區新生南路1段161-3號,0,0,1,1,B11,7,5,5,50,14,9,1,5,4,5,13,4,4,1,4,5,2,13,1,50,3,10,7,1,7,1,1,8,1,17,19,1,21,121.5328531,25.0347189
114,01,08,14,15,2,08士林區,士林區基河路與基河路251巷口,0,0,1,1,C03,8,6,5,50,4,1,1,5,4,5,13,2,1,5,4,5,2,17,1,19,2,9,3,4,7,5,1,10,1,12,8,1,21,121.5216046,25.0913337
114,01,08,14,39,2,02萬華區,萬華區西園路2段118號,0,0,2,1,C03,7,6,5,50,14,9,1,5,4,5,13,4,4,8,4,5,2,13,1,19,2,9,5,4,7,9,1,10,1,11,108,1,22,121.4965899,25.0308586
114,01,08,14,52,2,01大同區,大同區忠孝橋機慢車道,0,0,2,1,C03,7,5,5,50,10,11,1,5,4,5,13,4,4,1,4,5,2,13,1,27,2,9,5,1,7,1,1,10,2,13,108,1,22,121.5059887,25.0491848
114,01,08,14,52,2,04大安區,大安區復興南路2段與信義路3段口,0,0,1,1,C03,8,5,5,50,14,9,1,5,4,5,13,2,1,1,4,5,2,13,1,32,2,8,3,4,7,9,1,10,1,11,16,1,21,121.5436654,25.0330696
114,01,08,14,56,2,09北投區,北投區石牌路2段與振興街口,0,0,1,1,B01,7,7,5,50,4,1,1,5,4,5,13,1,1,10,4,5,2,16,1,66,3,10,7,1,7,5,1,8,9,2,8,1,21,121.5213307,25.1190508
114,01,08,15,33,2,02萬華區,萬華區民和街與西藏路199巷口口,0,0,1,1,C03,8,5,8,30,22,22,1,5,4,5,13,3,1,10,5,5,2,17,4,113,4,11,3,4,7,15,7,19,11,15,119,2,22,121.4997941,25.02637914
114,01,08,15,39,2,09北投區,北投區建民路與建民路150巷口,0,0,1,1,C03,7,6,5,30,4,1,1,5,4,5,13,4,4,10,5,5,2,15,2,65,2,8,6,1,7,9,1,10,2,14,72,1,21,121.5192892,25.1104302
114,01,08,15,44,2,10文山區,文山區辛亥路5段與辛亥路5段25巷口,0,0,1,1,B03,8,6,5,50,4,2,1,5,4,5,13,2,1,1,4,5,2,16,1,64,3,10,7,1,7,6,1,8,1,6,9,1,21,121.554132,24.9998378
114,01,08,16,10,2,04大安區,大安區敦化南路2段103巷與無名巷口口,0,0,2,1,B13,8,6,5,50,3,1,1,5,4,5,13,4,4,10,5,5,2,9,1,43,3,10,7,1,7,2,1,8,1,4,12,1,22,121.5498767,25.0286442
114,01,08,16,10,2,11南港區,南港區興華路118號,0,0,1,1,B03,8,6,5,50,14,9,1,5,4,5,13,4,4,5,5,5,2,16,2,34,3,10,3,4,7,11,1,8,1,8,10,1,22,121.6055924,25.0568621
114,01,08,16,17,2,05中正區,中正區愛國西路與博愛路口,0,0,1,1,B03,7,5,5,50,4,1,1,5,4,5,13,2,1,1,4,5,2,16,2,75,3,10,7,1,7,5,1,8,1,2,83,1,21,121.5108567,25.0359044
114,01,08,16,17,2,08士林區,士林區福華路160號,0,0,1,1,C03,7,6,5,50,14,9,1,5,4,5,13,2,1,1,4,5,2,12,1,31,2,8,6,1,7,15,1,10,1,14,100,1,21,121.5226267,25.1037862
114,01,08,16,20,2,08士林區,士林區劍潭路13號,0,0,1,1,F01,7,7,5,30,14,9,1,5,4,5,13,4,4,1,4,5,1,17,1,61,3,10,4,1,7,9,8,20,2,11,4,1,21,121.5200267,25.08528641
114,01,08,16,22,2,09北投區,北投區立功街96號,0,0,1,1,B01,7,6,5,50,14,9,1,5,4,5,13,4,4,9,5,5,2,16,1,67,3,10,2,1,7,5,1,10,1,1,8,1,21,121.4707923,25.1256687
114,01,08,16,26,2,02萬華區,萬華區西園路1段與西園路1段72巷口,0,0,1,1,C03,8,5,5,50,4,1,1,5,4,5,13,3,1,5,5,5,2,3,1,62,3,10,5,4,7,9,1,10,11,11,70,2,21,121.4998233,25.03933315
114,01,08,16,38,2,03中山區,中山區民族東路與新生北路3段口,0,0,1,1,A32,8,7,5,50,14,9,1,5,4,5,13,4,4,5,4,5,2,17,1,48,3,10,7,1,7,9,7,19,9,15,108,1,21,121.5273428,25.0684047
114,01,08,16,38,2,09北投區,北投區中央北路1段73號,0,0,1,1,C03,8,7,5,50,14,9,1,5,4,5,13,3,1,5,5,5,2,17,2,36,2,9,6,1,7,9,1,10,1,12,42,1,22,121.4999421,25.1344971
114,01,08,16,47,2,01大同區,大同區萬全街與民生西路171巷口口,0,0,1,1,C03,7,5,5,30,5,2,1,5,4,5,13,4,4,7,4,5,2,10,2,26,3,10,5,1,7,15,1,10,2,14,72,1,21,121.5167086,25.0579715
114,01,08,17,00,2,01大同區,大同區民權西路240號,0,0,3,1,C03,7,5,5,50,14,9,1,5,4,5,13,4,4,1,4,5,2,12,1,67,2,1,5,1,7,10,1,10,2,14,100,1,21,121.5127743,25.0628988
114,01,08,17,23,2,02萬華區,萬華區艋舺大道與雙園街口,0,0,1,1,F01,8,6,6,50,4,1,1,5,4,5,13,1,1,8,3,3,1,15,2,71,2,1,4,1,7,9,8,20,1,11,81,1,21,121.4935783,25.0304412
114,01,08,17,27,2,06松山區,松山區南京東路5段139號,0,0,1,1,C03,7,5,5,50,14,7,1,5,4,5,13,4,4,1,3,4,2,13,2,18,2,9,6,1,7,9,1,10,1,11,16,1,22,121.5612895,25.05156914
114,01,08,17,33,2,06松山區,松山區八德路4段245巷50號,0,0,2,1,F01,7,5,5,0,22,20,4,5,4,5,13,4,4,10,5,5,2,2,1,57,2,7,2,1,7,9,8,20,1,11,88,1,21,121.5647252,25.0495792
114,01,08,17,38,2,09北投區,北投區中央北路4段與大度路3段口,0,0,1,1,B03,7,5,5,50,4,2,1,5,4,5,13,1,1,4,4,5,2,13,2,34,3,10,7,1,7,1,1,8,1,1,19,1,22,121.464537,25.1240467
114,01,08,17,38,2,09北投區,北投區中央北路4段與大度路3段口,0,,1,1,B03,7,,,50,,,,,,,,,,,,,,,2,34,,,,,,,,,1,,,,,121.4661326,25.12332636
114,01,08,17,48,2,05中正區,中正區南昌路2段86號,0,0,1,1,C03,8,5,5,50,14,9,1,5,4,5,13,4,4,9,4,5,2,13,2,50,3,10,5,1,7,9,1,10,11,11,16,2,21,121.521457,25.026511
114,01,08,17,55,2,02萬華區,萬華區堤外便道與青年路口,0,0,2,1,C03,7,5,5,50,3,1,1,5,4,5,13,4,4,8,3,5,1,17,2,22,2,8,3,4,7,5,1,10,1,11,8,1,22,121.504439,25.0197073
114,01,08,18,06,2,09北投區,北投區承德路6段339號,0,0,1,1,B03,7,5,5,60,14,7,1,5,4,5,13,4,4,1,4,4,2,16,1,31,3,10,7,1,7,1,1,8,1,4,19,1,22,121.518742,25.09710031
114,01,08,18,14,2,02萬華區,萬華區中華路1段與貴陽街2段口,0,0,2,1,C03,7,5,5,50,4,1,1,5,4,5,13,1,1,1,4,1,1,17,2,52,2,9,5,1,7,5,1,10,1,11,8,1,21,121.5072187,25.0391407
114,01,08,18,25,2,08士林區,士林區文林路與福國路口,0,0,1,1,C03,8,5,5,50,5,2,1,5,4,5,13,2,1,1,4,4,2,17,2,50,3,10,6,1,7,9,1,10,1,11,16,1,21,121.5207674,25.1021577
114,01,08,18,30,2,03中山區,中山區民權東路2段與松江路口,0,0,1,1,C03,8,5,5,50,4,2,1,5,4,5,13,2,1,1,4,5,2,13,1,25,2,8,6,1,7,9,1,10,1,11,108,1,21,121.5329354,25.0624544
114,01,08,18,35,2,08士林區,士林區通河西街2段與中正路口,0,0,2,1,C03,7,5,5,40,3,2,1,5,4,5,13,4,4,5,5,5,1,17,2,29,2,8,6,1,7,5,1,10,1,12,74,1,22,121.5118182,25.0881521
114,01,08,18,35,2,08士林區,士林區延平北路5段與重慶北路4段49巷口,0,0,2,1,B03,7,6,5,50,4,2,1,5,4,5,13,1,1,1,4,5,1,16,1,35,3,10,3,4,7,5,1,8,2,2,74,1,21,121.5106217,25.0810098
114,01,08,18,37,2,05中正區,中正區濟南路2段與金山南路1段口,0,0,1,1,C03,7,5,5,50,4,1,1,5,4,5,13,2,1,9,4,5,2,12,1,66,2,9,5,1,7,8,1,10,2,14,100,1,21,121.5293484,25.0408277
114,01,08,18,52,2,12內湖區,內湖區瑞光路66巷與瑞光路口,0,0,1,1,B03,7,6,5,50,3,2,1,5,4,5,13,2,1,9,4,5,2,13,1,25,3,10,7,1,7,1,1,8,9,15,66,2,21,121.5822703,25.0704502
114,01,08,19,04,2,01大同區,大同區民生西路171巷與萬全街口,0,0,2,1,C03,8,5,5,30,4,1,1,5,4,5,13,4,4,10,5,5,2,15,1,34,2,9,6,1,7,9,1,10,2,11,72,1,21,121.516709,25.05798333
114,01,08,19,33,2,08士林區,士林區環河北路3段225號,0,0,1,1,B03,7,5,5,0,14,20,1,5,4,5,13,4,4,10,5,5,2,9,1,50,3,10,7,1,7,6,1,8,2,5,70,1,21,121.5032784,25.088799
114,01,08,20,14,2,06松山區,松山區民權東路4段與光復北路口往東50公尺處,0,0,1,1,C03,7,5,5,40,4,2,1,5,4,5,13,4,4,1,3,4,2,17,2,27,2,9,6,1,7,12,1,10,1,12,42,1,21,121.5552541,25.0618616
114,01,08,20,43,2,08士林區,士林區中正路與百齡橋口,0,0,1,1,B03,7,5,5,30,3,2,1,5,4,5,13,4,4,3,4,5,2,17,2,43,3,10,7,1,7,7,1,8,2,4,73,1,22,121.5151964,25.0903519
114,01,08,20,49,2,03中山區,中山區中山北路1段與市民大道2段口,0,0,1,1,C03,8,5,5,40,4,1,1,5,4,5,13,1,1,1,4,5,2,13,1,47,2,9,6,1,7,9,1,10,1,11,16,1,22,121.5211634,25.0480834
114,01,08,20,50,2,03中山區,中山區新生北路2段9號,0,0,2,1,C03,8,5,5,50,14,9,1,5,4,5,13,4,4,10,4,5,2,12,1,44,2,9,5,1,7,7,1,10,1,13,100,1,21,121.5222054,25.05797158
114,01,08,21,07,2,05中正區,中正區中山南路與中山南路2巷口口,0,0,1,1,B03,8,5,5,50,3,2,1,5,4,5,13,4,4,1,3,1,2,17,2,21,3,10,7,1,7,9,1,8,1,2,108,1,21,121.519258,25.04499217
114,01,08,21,15,2,02萬華區,萬華區西園路2段與東園街口,0,0,3,1,C03,7,5,5,50,3,2,1,5,4,5,13,1,1,9,5,5,2,13,1,20,2,9,5,1,7,9,1,9,1,11,16,1,21,121.4953018,25.0283581
114,01,08,21,15,2,02萬華區,萬華區長沙街2段與貴陽街2段115巷口,0,0,1,1,C03,7,7,5,50,4,1,1,5,4,5,13,4,4,5,5,5,2,17,1,26,2,9,6,1,7,9,1,10,1,11,16,1,21,121.5032379,25.0404852
114,01,08,21,25,2,03中山區,中山區長安東路1段與林森北路口,0,0,1,1,B01,7,5,5,50,4,1,1,5,4,5,13,1,1,5,4,4,2,17,1,62,3,10,3,4,7,5,1,4,1,1,71,1,21,121.5246446,25.0490982
114,01,08,21,26,2,03中山區,中山區林森北路與長安東路1段口,0,0,1,1,C03,7,5,5,50,4,2,1,5,4,5,13,1,1,1,2,5,2,13,2,46,3,10,5,1,7,1,1,10,1,13,44,1,21,121.5244919,25.04920597
114,01,08,21,43,2,07信義區,信義區信義路6段與信義路6段12巷口,0,0,1,1,C03,8,5,5,30,3,1,1,5,4,5,13,4,4,5,4,5,2,16,1,57,3,10,3,4,7,6,1,10,2,11,99,1,21,121.574944,25.0338383
114,01,08,21,45,2,04大安區,大安區羅斯福路2段93號,0,0,1,1,C03,7,5,5,50,14,9,1,5,4,5,13,4,4,1,4,5,2,17,1,19,2,9,3,4,7,9,1,10,1,12,108,1,22,121.5241733,25.02494787
114,01,08,21,53,2,12內湖區,內湖區民權東路6段與民善街口,0,0,1,1,C03,7,6,5,50,4,1,1,5,4,5,13,2,1,9,4,5,2,17,2,31,2,9,6,1,7,9,1,10,1,14,116,1,21,121.5746534,25.0651701
114,01,08,22,15,2,03中山區,中山區中山北路3段與北安路口,0,0,2,1,C03,8,7,5,50,11,11,1,5,4,5,13,4,4,1,4,5,2,11,1,21,2,9,6,4,7,9,1,10,1,14,44,1,22,121.5269948,25.07646794
114,01,08,22,22,2,02萬華區,萬華區忠孝西路2段與西寧南路口,0,0,2,1,C03,7,5,5,50,4,1,2,5,4,5,13,1,1,1,4,4,1,12,2,19,2,9,5,1,7,5,1,10,1,12,8,1,21,121.5075962,25.0484676
114,01,08,22,28,2,04大安區,大安區和平東路1段與師大路口,0,0,1,1,B03,8,5,5,50,14,9,1,5,4,5,13,1,1,1,4,4,2,12,1,57,3,10,3,4,7,7,1,8,1,5,100,1,21,121.5286438,25.0266538
114,01,09,01,12,2,07信義區,信義區虎林街與虎林街121巷口,0,0,2,1,C03,8,5,5,30,4,1,1,5,4,5,13,4,4,10,5,5,2,16,1,49,2,9,5,1,7,9,1,10,1,12,72,1,21,121.5769151,25.0403032
114,01,09,05,41,2,06松山區,松山區南京東路5段與吉祥路口,0,0,1,1,B03,7,5,5,30,3,1,1,5,4,5,13,4,4,5,4,5,2,17,1,53,4,11,3,4,7,6,1,8,11,5,99,2,22,121.5625998,25.0512906
114,01,09,06,30,2,06松山區,松山區南京東路3段與復興北路口,0,0,1,1,B01,7,5,5,50,4,1,1,5,4,5,13,1,1,1,3,5,2,3,1,59,3,10,3,4,7,6,1,2,1,5,70,1,21,121.5443217,25.0517744
114,01,09,07,39,2,04大安區,大安區信義路3段與信義路3段147巷口,0,0,1,1,B03,7,5,5,50,4,1,1,5,4,5,13,1,1,10,5,5,2,16,1,58,3,10,7,1,7,5,1,10,1,4,8,1,21,121.541891,25.03356849
114,01,09,07,45,2,07信義區,信義區基隆路1段49號附近側附近,0,0,3,1,C03,7,7,5,50,14,9,1,5,5,5,13,4,4,9,4,5,2,13,1,42,2,8,5,4,7,9,1,10,2,11,108,1,21,121.5685742,25.0477582
114,01,09,08,00,2,01大同區,大同區延平北路3段3號,0,0,1,1,C04,7,6,5,50,14,9,1,5,4,5,13,4,4,8,3,5,2,12,2,61,2,8,6,1,7,10,1,10,1,14,100,1,21,121.5112029,25.0633161
114,01,09,08,00,2,04大安區,大安區基隆路3段與長興街口側附近口,0,0,2,1,C03,7,6,5,50,4,1,1,5,4,5,13,2,1,1,4,5,2,13,1,24,2,9,5,1,7,9,1,10,1,11,118,1,21,121.5443417,25.0171384
114,01,09,08,07,2,10文山區,文山區指南路2段71號旁,0,0,2,1,C03,7,6,5,50,14,9,1,5,4,5,13,4,4,9,5,5,2,13,2,21,2,8,6,1,7,9,1,10,1,11,118,1,21,121.5750637,24.987808
114,01,09,08,19,2,04大安區,大安區新生南路3段與辛亥路2段口口,0,0,1,1,B03,7,6,5,50,4,1,1,5,4,5,13,2,1,1,4,5,2,13,1,58,3,10,7,1,7,6,1,8,1,1,108,1,22,121.5346113,25.0222632
114,01,09,08,23,2,03中山區,中山區民權西路66號,0,0,2,1,B02,8,7,5,50,14,9,1,5,4,5,13,4,4,1,4,4,2,17,1,59,3,10,7,1,7,8,1,2,1,2,100,1,21,121.5202392,25.0627602
114,01,09,08,30,2,05中正區,中正區中華路2段與愛國西路口,0,0,1,1,C03,8,7,5,50,5,1,1,5,4,5,13,2,1,3,4,5,2,17,1,46,3,10,5,1,7,6,1,10,1,14,17,1,21,121.506883,25.0368823
114,01,09,08,38,2,08士林區,士林區仰德大道1段181燈桿,0,0,2,1,B12,8,6,5,40,14,9,1,5,4,5,13,4,4,4,3,4,1,12,1,40,3,10,3,4,7,4,1,8,2,2,108,1,22,121.5386043,25.10340679
114,01,09,08,50,2,01大同區,大同區台北橋機慢車道往北市橋面下橋前第三燈桿,0,0,1,1,C03,7,6,7,50,8,11,1,5,4,5,13,4,4,9,3,5,2,17,2,66,3,10,6,1,7,15,1,10,1,15,118,1,21,121.5081396,25.0637567
114,01,09,08,58,2,11南港區,南港區向陽路與重陽路口,0,0,1,1,C03,7,6,5,50,4,2,1,5,4,5,13,1,1,5,4,5,2,12,1,19,3,10,5,1,7,6,1,10,1,14,99,1,21,121.5944568,25.0548764
114,01,09,09,04,2,10文山區,文山區和平東路4段與萬寧街口,0,0,2,1,C03,7,6,5,40,3,1,1,5,4,5,13,2,1,10,5,5,2,16,1,55,2,8,6,1,7,5,1,10,1,11,8,1,21,121.5676897,25.005175
114,01,09,09,14,2,11南港區,南港區忠孝東路6段428巷與昆陽街134巷口,0,0,2,1,C03,7,7,5,30,4,1,1,5,4,5,13,4,4,10,5,5,2,15,2,40,2,8,6,4,7,9,1,10,1,11,75,1,21,121.5933876,25.0499104
114,01,09,09,28,2,06松山區,松山區南京東路5段264號,0,0,1,1,C03,7,7,5,50,14,9,1,5,4,5,13,4,4,1,4,5,2,17,2,25,2,9,6,1,7,9,1,10,1,11,108,1,21,121.5664074,25.05125
114,01,09,10,20,2,06松山區,(民權東路五段3號),0,0,1,1,B03,7,7,5,50,4,1,1,5,4,5,13,2,1,1,4,5,2,16,1,75,3,10,7,1,7,5,1,8,1,2,71,1,21,121.5648349,25.0631726
114,01,09,10,40,2,09北投區,北投區珠海路與進賢路口,0,0,1,1,C03,8,5,5,30,3,2,1,5,4,5,13,4,4,9,4,5,1,16,1,70,4,11,6,1,7,5,6,18,9,14,72,2,21,121.5048947,25.140813
114,01,09,11,25,2,01大同區,大同區環河北路1段與長安西路口,0,0,1,1,B03,8,7,5,50,3,1,1,5,4,5,13,1,1,1,4,5,2,16,1,64,3,10,7,1,7,6,1,8,1,2,9,1,21,121.5073434,25.0523292
114,01,09,11,48,2,04大安區,大安區和平東路1段141巷與和平東路口側附近1段口,0,0,2,1,B03,8,6,5,50,4,1,1,5,4,5,13,1,1,1,3,4,2,17,2,39,3,10,7,1,7,11,1,8,2,6,10,2,21,121.5302359,25.0265299
114,01,09,12,16,2,12內湖區,內湖區瑞光路390號停車場出入口,0,0,1,1,B01,7,6,5,50,14,9,1,5,4,5,13,4,4,9,4,5,2,16,1,64,3,10,7,1,7,11,1,8,2,8,10,1,21,121.5719622,25.0779249
114,01,09,12,45,2,10文山區,文山區景華街169巷與景華街口,0,0,1,1,F01,7,6,5,30,3,1,1,5,4,5,11,4,4,10,5,5,2,16,2,71,3,10,4,1,7,5,8,20,2,14,72,1,21,121.5478641,24.9977763
114,01,09,12,48,2,02萬華區,萬華區萬大路與民和街口,0,0,1,1,B12,7,6,5,30,4,1,4,5,4,1,11,2,1,1,5,5,2,16,1,59,3,10,7,1,7,5,1,4,2,2,98,1,26,121.5004732,25.02635477
114,01,09,12,54,2,07信義區,信義區基隆路2段131-4號與嘉興街175巷口,0,0,1,1,C03,8,6,5,30,3,2,1,5,4,5,13,4,4,1,4,5,2,17,2,30,2,7,6,4,7,6,1,10,1,12,118,1,22,121.5566756,25.0280637
114,01,09,13,10,2,04大安區,大安區辛亥路2段與復興南路2段口,0,0,1,1,C03,7,6,5,50,14,9,1,5,4,5,13,4,4,1,4,4,2,12,1,73,2,9,5,4,7,9,1,10,1,12,17,1,21,121.5430418,25.0214859
114,01,09,13,10,2,04大安區,大安區仁愛路4段與大安路1段口,0,0,1,1,C03,7,5,5,50,4,2,1,5,4,5,13,2,1,9,5,5,2,17,1,69,2,8,5,1,7,5,1,10,1,12,17,1,21,121.5456165,25.0379244