發生年度,發生月,發生日,發生時-Hours,發生分,處理別-編號,區序,肇事地點,死亡人數,2-30日死亡人數,受傷人數,當事人序號,車種,天候,光線,道路類別,速限-速度限制,道路型態,事故位置,路面狀況1,路面狀況2,路面狀況3,道路障礙1,道路障礙2,號誌1,號誌2,車道劃分-分向,車道劃分-分道1,車道劃分-分道2,車道劃分-分道3,事故類型及型態,性別,年齡,受傷程度,主要傷處,保護裝置,行動電話,車輛用途,當事者行動狀態,駕駛資格情形,駕駛執照種類,飲酒情形,車輛撞擊部位1,肇因碼-個別,個人肇逃否,職業,座標-X,座標-Y
114,01,09,13,32,2,12內湖區,內湖區康寧路3段與康寧路3段75巷口,0,0,1,1,F01,7,6,5,50,3,1,1,5,4,5,13,1,1,1,4,5,2,16,1,29,2,9,2,1,7,15,8,20,1,12,83,1,21,121.6088855,25.0718883
114,01,09,13,34,2,03中山區,中山區遼寧街(龍江路229巷臨時停車場旁),0,0,1,1,B01,8,7,5,30,14,9,1,5,4,5,13,4,4,9,5,5,2,17,1,46,3,10,7,1,7,5,1,4,1,4,44,1,21,121.5421718,25.0573974
114,01,09,13,53,2,03中山區,中山區建國北路2段121號,0,0,1,1,B12,8,6,5,50,14,9,1,5,4,5,13,2,1,1,4,5,2,14,1,65,3,10,7,1,7,2,1,8,1,3,12,1,21,121.5426971,25.0792372
114,01,09,14,06,2,01大同區,大同區通河西街堤外便道,0,0,2,1,C03,8,5,5,50,14,9,1,5,4,5,13,4,4,10,5,5,2,10,1,50,2,7,5,1,7,15,1,10,2,14,17,1,22,121.5186782,25.0773759
114,01,09,14,15,2,07信義區,信義區和平東路3段341巷與富陽街口,0,0,1,1,F02,8,6,5,30,4,1,1,5,4,5,13,4,4,9,5,5,2,15,2,64,2,9,4,1,7,9,8,20,1,11,72,1,21,121.5570031,25.0209876
114,01,09,14,46,2,03中山區,中山區北安路與北安路759巷口,0,0,2,1,C03,7,7,5,50,4,2,1,5,4,5,13,2,1,1,4,5,2,12,2,19,2,9,6,1,7,9,1,10,1,11,44,1,21,121.5529072,25.0857765
114,01,09,15,30,2,03中山區,中山區吉林路與吉林路161巷口,0,0,1,1,B03,7,6,5,50,14,7,1,5,4,5,13,2,1,8,3,4,2,12,1,52,3,10,7,1,7,8,1,8,1,4,100,1,21,121.5302308,25.05890932
114,01,09,15,33,2,07信義區,信義區忠孝東路5段與基隆路1段口,0,0,1,1,B03,7,6,5,50,4,2,1,5,4,5,13,1,1,1,4,5,2,16,1,61,3,10,3,4,7,6,1,8,2,8,9,1,22,121.5647025,25.041079
114,01,09,15,45,2,10文山區,文山區汀州路4段與汀州路4段85巷口,0,0,1,1,B03,7,6,5,50,5,1,1,5,4,5,13,2,1,5,5,5,2,16,2,62,3,10,7,1,7,6,1,8,2,2,9,1,21,121.537353,25.0075931
114,01,09,15,54,2,09北投區,北投區中央北路3段與新興路口,0,0,1,1,B03,8,6,5,50,4,1,1,5,4,5,13,1,1,9,4,5,2,16,1,33,3,10,7,1,7,1,1,8,1,4,19,1,21,121.4866503,25.138254
114,01,09,16,47,2,04大安區,大安區信義路4段1-13號,0,0,1,1,C03,7,6,5,50,14,9,1,5,4,5,13,4,4,10,4,5,2,17,1,62,2,8,5,1,7,9,1,10,1,14,16,1,22,121.5440321,25.0334696
114,01,09,16,50,2,03中山區,中山區民生東路1段52巷與中山北路2段77巷口,0,0,1,1,B03,7,6,5,30,3,1,1,5,4,5,13,4,4,10,5,5,2,16,1,44,3,10,7,1,7,5,6,8,1,5,4,1,22,121.5247454,25.057472
114,01,09,16,57,2,01大同區,大同區忠孝西路1段與塔城街口,0,0,1,1,C03,7,6,5,50,4,2,1,5,4,5,13,2,1,1,4,5,2,13,1,23,2,8,3,4,7,9,1,10,1,11,108,1,21,121.5102388,25.04822229
114,01,09,17,32,2,03中山區,中山區長安西路與長安西路19巷2弄口,0,0,2,1,C03,7,5,5,50,4,1,1,5,4,5,13,1,1,9,5,5,2,16,2,31,2,5,6,1,7,6,1,10,1,12,9,1,21,121.5202747,25.0502047
114,01,09,17,40,2,01大同區,大同區哈密街59巷與哈密街59巷2弄口口,0,0,1,1,B12,8,5,5,30,3,1,1,5,4,5,13,4,4,5,5,5,2,12,1,62,4,11,3,4,7,4,7,19,11,6,94,2,21,121.5157754,25.0740011
114,01,09,17,40,2,12內湖區,內湖區民權東路6段30號,0,0,1,1,C03,7,5,5,50,14,9,1,5,4,5,13,4,4,1,4,5,2,13,2,43,3,10,5,1,7,9,1,10,1,11,16,1,21,121.5800799,25.0671726
114,01,09,17,43,2,10文山區,文山區和平東路4段(公車站名稱）對面,0,0,1,1,C03,6,5,5,40,11,9,1,4,4,5,13,4,4,5,5,5,1,18,1,59,2,8,6,1,7,9,1,10,1,11,42,1,22,121.5711734,25.0045022
114,01,09,17,53,2,05中正區,中正區臨沂街與臨沂街27巷口,0,0,3,1,B03,7,5,5,30,4,1,1,5,4,5,13,4,4,5,5,5,2,15,1,24,2,3,7,1,7,9,1,8,2,1,72,1,21,121.5302091,25.0411562
114,01,09,18,00,2,02萬華區,萬華區堤外便道標牌DSR468,0,0,1,1,C03,8,5,7,30,14,11,1,5,4,5,13,4,4,9,5,5,2,13,2,44,2,9,5,1,7,12,1,10,1,11,16,1,21,121.5044505,25.0476708
114,01,09,18,03,2,11南港區,南港區三重路與新民街口,0,0,2,1,F01,6,5,5,50,4,2,1,4,4,5,13,2,1,9,4,5,2,15,1,63,2,9,4,4,7,9,8,20,1,14,81,1,21,121.6140234,25.056066
114,01,09,18,05,2,09北投區,北投區公館路61號,0,0,1,1,B03,7,5,5,40,14,9,1,5,4,3,10,4,4,5,5,5,2,2,1,58,3,10,7,1,7,9,1,8,1,2,108,1,21,121.5037614,25.1326194
114,01,09,18,05,2,07信義區,信義區大道路與大道路42巷口,0,0,2,1,C03,7,5,6,30,4,1,1,5,4,5,13,4,4,5,5,5,2,15,2,50,2,9,3,4,7,9,1,10,1,12,72,1,22,121.5821594,25.0415893
114,01,09,18,06,2,07信義區,信義區永吉路225巷與虎林街50巷口,0,0,1,1,B03,7,5,8,30,4,2,1,5,4,5,13,4,4,10,5,5,2,13,2,67,3,10,3,4,7,9,1,8,1,3,44,1,22,121.57425,25.0469929
114,01,09,18,09,2,11南港區,南港區研究院路2段與研究院路2段54巷口口,0,0,2,1,C03,6,5,5,50,3,1,1,4,4,5,13,2,1,1,4,5,1,16,2,38,2,9,5,4,7,5,1,10,1,12,71,1,22,121.6151115,25.0463083
114,01,09,18,14,2,03中山區,中山區北安路與崇實路口,0,0,1,1,C03,7,5,5,50,5,2,1,5,4,5,13,2,1,8,3,5,1,17,2,38,2,9,5,1,7,5,1,10,1,11,86,1,21,121.5446113,25.0797724
114,01,09,18,49,2,12內湖區,內湖區瑞光路337號,0,0,1,1,C03,6,5,5,50,14,9,1,4,4,5,13,4,4,5,2,5,2,16,2,51,2,9,5,1,7,1,1,9,1,12,19,1,21,121.575177,25.0782976
114,01,09,18,50,2,11南港區,南港區玉成街與玉成街42巷口,0,0,2,1,F01,7,5,5,30,3,1,1,5,4,5,13,4,4,4,5,5,2,17,1,43,2,9,4,1,7,11,8,20,9,11,11,2,22,121.5814919,25.0485301
114,01,09,21,23,2,03中山區,中山區林森北路587號,0,0,1,1,C03,7,5,5,50,14,9,1,5,4,5,13,4,4,4,5,5,1,1,2,30,3,10,3,4,7,9,1,10,1,11,70,1,21,121.5256987,25.06582956
114,01,09,21,23,2,06松山區,松山區八德路4段與塔悠路口,0,0,1,1,B03,7,5,5,50,5,1,1,5,4,5,13,1,1,1,3,5,2,16,1,39,3,10,3,4,7,6,1,8,1,2,118,1,21,121.5725451,25.0499991
114,01,09,21,35,2,06松山區,松山區富錦街415號,0,0,2,1,C03,7,5,5,30,14,9,1,4,4,5,13,4,4,5,5,5,2,16,2,32,2,9,6,4,7,6,1,10,1,12,9,1,22,121.5608421,25.06076926
114,01,09,22,28,2,04大安區,大安區敦化南路1段161巷與忠孝東路4段147巷口,0,0,1,1,B03,8,5,5,30,4,1,1,5,4,5,13,4,4,10,5,5,2,15,2,40,3,10,7,1,7,9,1,8,1,4,72,1,21,121.5496633,25.0435332
114,01,09,23,00,2,05中正區,中正區羅斯福路1段與林森南路口,0,0,1,1,C03,7,5,5,30,5,1,1,5,4,5,13,1,1,10,4,5,2,17,1,24,2,9,5,1,7,15,1,10,1,11,44,1,21,121.5180475,25.0329133
114,01,10,00,45,2,01大同區,大同區台北橋機慢車道,0,0,1,1,C03,7,5,5,50,8,11,1,5,4,5,13,4,4,1,5,5,2,12,1,38,3,10,5,1,7,9,1,10,11,12,108,2,22,121.509697,25.06335308
114,01,10,01,23,2,01大同區,大同區長安西路152號,0,0,1,1,B02,8,5,5,50,14,9,1,5,4,5,13,4,4,5,4,5,2,17,1,38,3,10,7,1,7,1,1,4,2,7,19,1,21,121.5165413,25.05103
114,01,10,03,45,2,03中山區,中山區民權西路與中山北路2段口,0,0,1,1,B03,7,5,5,50,5,2,1,5,4,5,13,2,1,8,3,5,1,17,4,0,,,,,,,,,,,119,2,,121.5222693,25.0626777
114,01,10,07,14,2,04大安區,大安區信義路3段與信義路3段134巷口,0,0,1,1,C03,7,6,5,50,4,2,1,5,4,5,13,1,1,10,4,5,2,13,1,27,2,8,5,1,7,12,1,10,1,12,42,1,21,121.5392657,25.0333742
114,01,10,08,00,2,04大安區,大安區忠孝東路4段250號,0,0,1,1,C03,7,6,5,50,14,9,1,5,4,5,13,2,1,1,4,5,2,13,1,43,3,10,5,1,7,9,1,10,1,11,16,1,22,121.5543241,25.0412982
114,01,10,08,00,2,07信義區,信義區忠孝東路5段236巷58號,0,0,2,1,B03,8,7,5,30,14,9,1,5,4,5,13,4,4,9,4,5,2,17,1,76,3,10,7,1,7,1,1,8,1,8,19,1,21,121.5718591,25.0368692
114,01,10,08,20,2,03中山區,中山區民生東路2段與民生東路2段90巷口,0,0,2,1,C03,7,6,5,50,3,1,1,5,4,5,13,4,4,5,4,5,2,17,1,28,2,8,6,1,7,6,1,10,1,12,44,1,21,121.5305659,25.05787
114,01,10,08,22,2,05中正區,中正區南昌路2段與和平西路1段口口,0,0,1,1,B02,7,6,5,50,4,1,1,5,4,5,13,1,1,1,5,5,2,17,1,43,3,10,3,4,7,6,1,8,1,1,44,1,21,121.5212972,25.0267921
114,01,10,08,30,2,09北投區,北投區中央北路3段188號,0,0,1,1,C03,8,7,5,50,14,9,1,5,4,5,13,4,4,5,4,5,2,17,1,26,2,9,6,1,7,9,1,10,1,12,44,1,22,121.4811444,25.1365827
114,01,10,08,31,2,03中山區,中山區市民大道2段與中山北路1段口,0,0,2,1,C03,7,5,5,40,4,1,1,5,4,5,13,1,1,1,4,5,2,13,1,29,2,9,3,4,7,9,1,10,1,14,42,1,21,121.5209033,25.04811831
114,01,10,08,40,2,10文山區,文山區興隆路2段22巷9弄與景華街169巷口,0,0,1,1,B03,7,6,5,30,3,1,1,5,4,5,13,4,4,10,5,5,2,17,1,37,3,10,7,2,7,5,1,8,1,6,72,1,21,121.5467426,24.99769235
114,01,10,08,43,2,04大安區,大安區新生南路2段與信義路3段口,0,0,1,1,C03,7,6,5,40,5,1,1,5,4,5,13,2,1,1,4,5,2,16,1,50,3,10,5,1,7,6,1,10,1,12,118,1,21,121.5328768,25.0336593
114,01,10,09,07,2,03中山區,中山區明水路447號對面,0,0,1,1,C03,7,6,6,50,14,9,1,5,4,5,13,4,4,1,4,5,2,13,2,21,2,9,5,4,7,9,1,10,1,11,108,1,21,121.5501086,25.0773001
114,01,10,09,12,2,03中山區,中山區松江路與松江路63巷口,0,0,1,1,B03,8,6,5,50,3,1,1,5,4,1,11,4,4,1,4,5,2,16,1,67,3,10,7,1,7,6,1,8,1,2,9,1,21,121.5330659,25.0488877
114,01,10,09,16,2,08士林區,士林區承德路4段與承德路4段3巷口口,0,0,1,1,C03,7,7,5,30,4,1,1,5,4,5,13,4,4,9,5,5,2,15,1,46,2,9,5,1,7,9,1,10,1,12,72,1,22,121.5216279,25.0789441
114,01,10,09,18,2,03中山區,中山區復興北路286號,0,0,1,1,C03,7,5,5,50,14,9,1,5,4,5,13,4,4,1,4,5,2,12,2,19,2,8,3,4,7,7,3,18,1,14,100,1,21,121.5442083,25.05916374
114,01,10,09,45,2,04大安區,大安區基隆路2段190號,0,0,3,1,C03,7,6,5,50,14,9,1,5,4,5,13,4,4,3,4,5,2,17,1,31,3,10,5,1,7,8,1,10,1,13,100,1,22,121.5520349,25.024012
114,01,10,10,00,2,06松山區,松山區民生東路5段146號,0,0,1,1,C03,7,6,8,50,22,22,1,5,4,5,13,1,1,2,4,2,2,17,2,34,2,9,6,1,7,8,1,10,1,12,100,1,21,121.5619503,25.0587147
114,01,10,10,30,2,01大同區,大同區大龍街與民族西路口,0,0,1,1,C03,8,6,5,50,4,1,1,5,4,5,13,2,1,8,4,5,2,16,2,68,3,10,5,1,7,6,1,10,9,13,9,1,21,121.5158974,25.0685038
114,01,10,11,46,2,10文山區,文山區指南路3段燈桿編號0709052往東9公尺處,0,0,1,1,B03,7,6,5,30,11,9,1,4,4,5,13,4,4,10,5,5,2,17,2,58,3,10,7,1,7,9,1,8,1,15,44,1,21,121.5916131,24.974691
114,01,10,12,09,2,02萬華區,萬華區武昌街2段與武昌街2段90巷口,0,0,1,1,B03,8,5,5,30,4,1,1,5,4,1,12,4,4,10,5,5,2,17,1,65,3,10,7,4,7,9,1,8,2,1,14,1,21,121.5040809,25.045358
114,01,10,12,33,2,04大安區,大安區和平東路2段96巷9號對面,0,0,1,1,B02,7,5,5,30,14,9,1,5,4,5,13,4,4,5,5,5,2,17,1,52,3,10,7,1,7,1,1,8,1,7,19,1,21,121.5412266,25.0240888
114,01,10,12,45,2,10文山區,文山區老泉街與老泉街口河堤,0,0,1,1,C03,8,5,5,50,3,1,1,5,4,5,13,3,1,10,5,5,1,17,1,21,2,9,5,1,7,9,1,10,1,12,72,1,21,121.5574862,24.9762341
114,01,10,13,41,2,01大同區,大同區環河北路1段與鄭州路口,0,0,1,1,C03,8,6,5,50,4,1,1,5,4,5,13,1,1,1,4,5,2,17,1,27,4,11,6,1,7,15,1,10,9,15,99,2,21,121.5067677,25.0506977
114,01,10,13,55,2,04大安區,大安區敦化南路2段與安和路2段171巷口,0,0,1,1,B01,7,5,5,50,4,2,1,5,4,5,13,2,1,1,4,5,2,16,1,65,3,10,7,1,7,5,1,4,1,1,44,1,21,121.5487407,25.0281181
114,01,10,14,04,2,07信義區,信義區信安街67巷與信安街156巷65弄口,0,0,1,1,C03,8,6,5,50,3,1,1,5,4,5,13,4,4,5,5,4,2,13,1,30,2,7,6,4,7,9,1,10,1,11,44,1,22,121.5590737,25.0259483
114,01,10,14,23,2,11南港區,南港區研究院路2段61巷與大坑街口口,0,0,2,1,C03,6,6,5,30,4,1,1,4,4,5,13,2,1,5,5,5,2,16,1,35,2,7,6,1,7,9,1,10,2,11,108,1,22,121.6179039,25.0453295
114,01,10,15,32,2,03中山區,中山區長安東路1段與長安東路1段53巷口,0,0,1,1,C03,8,7,5,50,4,2,1,5,4,5,13,2,1,5,4,5,2,13,1,33,2,8,6,1,7,9,1,10,1,11,108,1,21,121.5263913,25.0487865
114,01,10,15,48,2,08士林區,士林區通河西街1段與無名巷口,0,0,1,1,C03,7,7,5,40,3,1,1,5,4,5,13,4,4,4,5,5,1,17,1,29,2,9,5,1,7,5,1,10,1,11,74,1,21,121.512056,25.0871184
114,01,10,15,49,2,11南港區,南港區舊莊街1段78號,0,0,1,1,C03,7,7,5,50,14,9,1,5,4,5,13,4,4,9,5,5,2,13,2,50,2,8,6,4,7,9,1,10,1,11,108,1,21,121.6188583,25.040913
114,01,10,16,05,2,01大同區,大同區市民高架道往西(環河北路匝道),0,0,1,1,B03,7,6,5,40,14,9,1,5,4,5,13,4,4,10,4,5,2,16,1,28,3,10,3,4,7,8,1,8,1,6,100,1,21,121.5075255,25.05067543
114,01,10,16,06,2,08士林區,士林區延平北路6段與社正路口,0,0,1,1,B03,7,5,5,50,3,1,1,5,4,5,13,4,4,5,5,5,1,17,1,54,3,10,7,1,7,5,1,8,1,17,8,1,21,121.5088016,25.0881021
114,01,10,16,10,2,08士林區,士林區延平北路5段與中正路口,0,0,1,1,C03,8,6,5,50,4,1,1,5,4,5,13,2,1,1,4,5,1,13,2,62,2,9,5,1,7,9,1,10,2,11,16,1,21,121.5092854,25.0866366
114,01,10,17,04,2,05中正區,中正區貴陽街1段與桃源街口,0,0,1,1,C03,7,5,5,50,4,1,1,5,4,5,13,1,1,9,4,5,2,16,1,59,2,9,5,1,7,9,6,10,1,11,13,1,21,121.5099563,25.03901441
114,01,10,17,15,2,07信義區,信義區忠孝東路5段268號,0,0,1,1,B03,7,5,5,50,14,9,1,5,4,5,13,4,4,1,4,5,2,13,1,21,3,10,3,4,7,9,1,6,9,1,108,1,21,121.5729573,25.0408786
114,01,10,17,40,2,08士林區,士林區士東路320巷,0,0,1,1,B03,7,5,5,30,14,9,1,5,4,5,13,4,4,10,5,5,2,17,2,60,3,10,7,1,7,5,1,8,1,15,8,1,21,121.5386018,25.1121254
114,01,10,17,45,2,07信義區,信義區基隆路1段與忠孝東路5段口口,0,0,1,1,C03,7,5,5,50,4,1,1,5,4,5,13,2,1,3,2,4,2,12,2,45,2,9,6,1,7,8,1,10,2,12,100,1,21,121.5645839,25.0410357
114,01,10,17,56,2,02萬華區,萬華區永福街與柳州街口,0,0,1,1,B03,8,5,5,50,4,1,1,5,4,5,13,2,1,9,5,5,2,9,1,61,3,10,7,1,7,5,1,8,1,8,70,1,21,121.5051695,25.0382763
114,01,10,17,57,2,02萬華區,萬華區寶興街97號,0,0,2,1,C03,8,5,5,50,14,9,1,5,4,5,13,4,4,9,4,5,1,12,1,59,2,7,5,1,7,7,1,10,1,14,100,1,21,121.4944862,25.0257272
114,01,10,18,00,2,09北投區,北投區中央南路1段與北投路1段口,0,0,1,1,B01,8,5,6,50,4,2,1,5,4,5,13,1,1,9,4,5,1,12,1,57,3,10,7,1,7,9,1,4,2,5,118,1,21,121.500673,25.1278011
114,01,10,18,12,2,05中正區,中正區中華路1段21巷與中華路1段口,0,0,1,1,B01,7,5,5,50,3,1,1,5,4,5,13,4,4,1,4,5,2,17,1,36,3,10,7,1,7,6,1,4,1,1,44,1,21,121.5098057,25.0465026
114,01,10,18,13,2,10文山區,文山區汀州路4段與汀州路4段140巷口,0,0,1,1,B03,7,5,5,50,3,1,1,5,4,5,10,4,4,5,5,5,1,16,1,64,3,10,7,1,7,15,1,8,2,1,72,1,21,121.534947,25.0048689
114,01,10,18,21,2,12內湖區,內湖區內湖路1段與環山路1段口,0,0,1,1,B03,7,5,5,50,4,2,1,5,4,5,13,1,1,1,4,5,2,16,1,23,3,10,7,1,7,8,1,8,1,2,100,1,21,121.5658866,25.0823638
114,01,10,18,31,2,02萬華區,萬華區堤外便道北往南（中興橋底）,0,0,2,1,C03,7,5,7,40,14,11,1,5,4,5,13,4,4,8,3,5,2,13,1,64,2,9,5,1,7,9,1,10,1,14,44,1,21,121.5007026,25.04421894
114,01,10,18,34,2,11南港區,南港區三重路與經貿二路口,0,0,1,1,B03,6,5,5,50,3,1,1,4,4,5,13,4,4,5,4,5,1,16,1,32,3,10,3,4,7,6,1,8,1,5,9,1,22,121.6143439,25.0600464
114,01,10,18,38,2,03中山區,中山區錦州街250號,0,0,1,1,C03,7,5,5,50,14,9,1,5,4,5,13,4,4,9,5,5,2,17,2,54,3,10,5,1,7,1,1,10,1,15,19,1,22,121.5335374,25.06038963
114,01,10,18,40,2,08士林區,士林區通河西街1段與堤外便道口,0,0,2,1,C03,7,5,5,40,3,1,1,5,4,5,13,4,4,10,5,5,1,17,1,23,2,8,6,1,7,6,1,10,2,12,9,1,22,121.5126399,25.0859123
114,01,10,18,43,2,04大安區,大安區樂利路與樂利路86巷口,0,0,1,1,B01,8,5,5,40,3,1,1,5,4,5,13,4,4,8,3,5,2,15,1,65,3,10,3,4,7,15,1,4,1,5,8,1,21,121.5520837,25.0254524
114,01,10,18,48,2,01大同區,大同區塔城街（捷運北門站2號出口，南向北）,0,0,2,1,C03,7,6,5,50,14,9,1,5,4,5,13,4,4,8,3,5,1,16,1,48,2,9,6,1,7,8,1,10,1,11,100,1,21,121.5103664,25.0490407
114,01,10,18,49,2,03中山區,中山區德惠街與林森北路口,0,0,1,1,B01,7,5,5,50,5,2,1,5,4,5,13,2,1,10,3,5,1,9,1,46,3,10,7,1,7,5,1,4,1,4,70,1,21,121.5257328,25.0667559
114,01,10,18,55,2,12內湖區,內湖區成功路3段187巷3弄與無名巷口(星雲街15巷21號前),0,0,2,1,C03,7,5,5,30,4,1,1,5,4,5,13,4,4,10,5,5,2,17,1,42,2,9,6,1,7,9,1,10,1,11,72,1,21,121.5902699,25.0787973
114,01,10,18,56,2,05中正區,中正區金華街與愛國東路116巷口,0,0,1,1,B03,8,5,5,30,4,1,1,5,4,5,13,4,4,5,2,5,2,15,1,55,3,10,7,1,7,9,1,8,2,5,72,1,21,121.5209846,25.0314564
114,01,10,19,30,2,04大安區,大安區仁愛路4段266巷與仁愛路4段266巷15弄口口,0,0,1,1,B01,7,5,5,50,4,1,1,5,4,5,13,4,4,5,5,5,1,17,1,57,3,10,7,1,7,1,1,4,1,17,19,1,21,121.5528316,25.0366493
114,01,10,20,22,2,12內湖區,內湖區金龍路與內湖路3段口,0,0,1,1,B03,7,5,5,50,4,18,1,5,4,5,13,2,1,5,4,5,2,3,1,35,3,10,7,1,7,5,1,8,2,1,70,1,21,121.592729,25.0849695
114,01,10,21,06,2,03中山區,中山區長安東路2段與新生北路1段口,0,0,1,1,B01,7,5,5,50,5,2,1,5,4,5,13,2,1,8,3,5,1,17,1,69,3,10,7,1,7,5,1,4,2,2,71,1,21,121.5296904,25.0483779
114,01,10,21,17,2,06松山區,松山區民權東路4段100號(富錦街上),0,0,1,1,B03,8,5,6,50,14,9,1,5,1,3,13,4,4,8,3,5,1,16,1,37,3,10,3,1,7,1,1,8,2,4,19,1,22,121.555583,25.0603585
114,01,10,21,27,2,02萬華區,萬華區內江街與雅江街口,0,0,1,1,C03,7,5,5,30,4,1,1,5,4,5,13,3,1,8,3,5,2,17,1,62,3,10,5,1,7,9,1,10,2,17,72,1,21,121.5015759,25.0417336
114,01,10,21,35,2,04大安區,大安區和平東路2段與復興南路2段口,0,0,1,1,C03,7,5,5,50,4,1,1,5,4,5,13,2,1,9,4,5,1,12,1,29,3,10,5,1,7,9,1,10,1,12,44,1,21,121.5433229,25.0249015
114,01,10,21,46,2,12內湖區,內湖區瑞光路196號,0,0,1,1,B03,8,6,5,50,14,9,1,5,4,5,13,4,4,5,4,5,2,17,1,35,3,10,7,1,7,11,1,8,1,8,10,1,21,121.5772118,25.0749577
114,01,10,22,15,2,04大安區,大安區敦化南路1段194號,0,0,1,1,B03,7,5,5,50,14,9,1,5,4,5,13,4,4,1,4,5,1,17,1,20,3,10,7,1,7,1,1,8,1,17,19,1,21,121.5486086,25.0423138
114,01,10,22,16,2,03中山區,中山區中山北路2段與中山北路2段115巷口,0,0,2,1,B01,7,5,5,50,4,1,1,5,4,5,13,4,4,1,4,5,2,16,2,48,3,10,7,1,7,6,1,4,1,5,9,1,22,121.5231062,25.0609796
114,01,10,22,45,2,12內湖區,內湖區舊宗路2段與國道一號口南下出口,0,0,1,1,C03,7,5,5,50,4,1,1,5,4,5,13,1,1,1,5,5,2,17,1,43,2,9,5,1,7,1,1,10,1,13,19,1,21,121.574793,25.0709661
114,01,10,23,05,2,04大安區,大安區建國南路1段與建國南路1段口迴轉道,0,0,1,1,C03,7,5,5,50,3,1,1,5,4,5,13,1,1,4,3,5,1,3,1,35,3,10,5,1,7,9,1,10,1,11,70,1,21,121.5363844,25.0436435
114,01,10,23,21,2,04大安區,大安區復興南路2段151巷與復興南路2段151巷30弄口,0,0,1,1,B01,8,5,5,50,3,2,1,5,4,5,13,4,4,5,2,5,2,17,1,54,3,10,7,1,7,11,1,4,1,8,10,1,21,121.5454217,25.0283158
114,01,11,01,06,2,08士林區,士林區文林路770巷與克強路口,0,0,1,1,B01,7,5,5,30,4,1,1,5,4,5,13,4,4,1,5,5,1,17,1,44,3,10,7,1,7,9,1,4,1,4,72,1,21,121.5225039,25.1092225
114,01,11,01,47,2,03中山區,中山區中山北路1段135巷23之1號,0,0,1,1,B03,7,5,5,30,14,9,1,5,4,5,13,4,4,10,3,5,1,9,2,43,3,10,7,1,7,9,1,8,2,5,108,1,21,121.5237324,25.05144386
114,01,11,03,36,2,01大同區,大同區鄭州路與塔城街口,0,0,1,1,B01,7,6,5,50,14,9,1,5,4,5,13,4,4,8,3,5,1,3,1,64,3,10,3,4,7,9,1,8,2,1,108,1,21,121.5105401,25.0505304
114,01,11,04,59,2,12內湖區,內湖區基湖路與基湖路10巷口口,0,0,1,1,C03,7,5,5,50,4,1,1,5,4,5,13,3,1,5,4,5,2,16,1,64,2,9,5,1,7,9,1,10,2,11,72,1,21,121.5652343,25.0814111
114,01,11,06,01,2,02萬華區,萬華區康定路與內江街口,0,0,1,1,B03,7,5,5,50,4,1,1,5,4,5,13,1,1,5,4,5,2,17,1,74,3,10,7,4,7,5,1,6,1,17,98,1,21,121.5022477,25.0416456
114,01,11,07,57,2,08士林區,士林區福林路與自祥街口,0,0,1,1,B03,7,6,5,50,3,1,1,5,4,5,13,2,1,5,4,5,2,16,1,65,3,10,7,1,7,5,1,8,1,6,74,1,21,121.5329699,25.0969212
114,01,11,08,28,2,04大安區,大安區和平東路1段與泰順街口,0,0,1,1,B01,8,5,5,50,5,2,1,5,4,5,13,2,1,8,3,5,1,15,1,68,3,10,7,1,7,11,1,8,1,4,10,1,21,121.531499,25.0263058
114,01,11,09,33,2,02萬華區,萬華區桂林路242巷與桂林路口,0,0,1,1,C03,7,7,5,50,5,1,1,5,4,5,13,2,1,1,3,5,1,16,1,43,2,9,3,4,7,5,1,10,1,13,2,1,22,121.4959071,25.038793
114,01,11,09,34,2,04大安區,大安區大安路1段176巷與復興南路1段279巷30弄口,0,0,2,1,C03,8,5,5,30,4,1,1,5,4,5,13,4,4,10,5,5,2,17,1,60,2,8,3,4,7,9,1,10,1,11,72,1,21,121.5451632,25.0364603
114,01,11,10,04,2,12內湖區,內湖區新明路與新明路246巷口,0,0,2,1,C04,7,6,5,50,4,4,1,5,4,5,13,4,4,5,4,5,2,13,2,27,2,9,5,1,7,9,1,11,1,11,108,1,21,121.5838727,25.056724
114,01,11,10,10,2,08士林區,士林區承德路4段10巷與通河街76巷口,0,0,3,1,B03,7,7,5,30,4,1,1,5,4,5,13,3,1,8,3,5,2,15,1,62,3,10,3,4,7,9,1,10,1,1,72,1,22,121.5201244,25.0801668
114,01,11,10,18,2,08士林區,士林區德行東路與德行東路129巷口,0,0,1,1,B03,7,6,5,30,4,1,1,5,4,5,13,4,4,5,5,5,2,15,1,67,3,10,7,1,7,9,1,8,1,8,72,1,21,121.529073,25.1079697
114,01,11,10,24,2,06松山區,松山區民生東路5段260巷與新東街12巷口,0,0,1,1,B03,7,6,5,30,4,1,1,5,4,5,13,4,4,7,5,5,2,17,1,55,3,10,3,4,7,9,1,8,2,8,72,1,22,121.5672844,25.05781014
114,01,11,10,55,2,04大安區,大安區和平東路2段118巷與復興南路2段340巷口,0,0,2,1,C03,8,6,5,30,4,1,1,5,4,5,13,4,4,10,5,5,1,15,1,72,2,9,3,4,7,9,1,10,1,11,75,1,21,121.5428483,25.022683
114,01,11,11,00,2,08士林區,士林區延平北路6段與中正路口口,0,0,2,1,C03,7,6,5,50,4,2,1,5,4,5,13,1,1,8,3,5,1,10,1,75,3,10,6,1,7,15,3,18,1,11,71,1,21,121.5092218,25.08684763