發生年度,發生月,發生日,發生時-Hours,發生分,處理別-編號,區序,肇事地點,死亡人數,2-30日死亡人數,受傷人數,當事人序號,車種,天候,光線,道路類別,速限-速度限制,道路型態,事故位置,路面狀況1,路面狀況2,路面狀況3,道路障礙1,道路障礙2,號誌1,號誌2,車道劃分-分向,車道劃分-分道1,車道劃分-分道2,車道劃分-分道3,事故類型及型態,性別,年齡,受傷程度,主要傷處,保護裝置,行動電話,車輛用途,當事者行動狀態,駕駛資格情形,駕駛執照種類,飲酒情形,車輛撞擊部位1,肇因碼-個別,個人肇逃否,職業,座標-X,座標-Y
114,01,11,11,10,2,05中正區,中正區重慶南路1段136巷與重慶南路1段口,0,0,1,1,B01,8,7,5,50,3,1,1,5,4,5,13,4,4,5,4,5,2,17,1,61,3,10,7,1,7,6,1,4,2,2,9,1,21,121.512491,25.036295
114,01,11,11,27,2,03中山區,中山區敬業三路與樂群二路口,0,0,1,1,B03,8,7,5,50,4,1,1,5,4,5,13,2,1,1,4,5,2,16,2,74,3,10,7,1,7,5,1,8,1,2,8,1,21,121.5563694,25.0799384
114,01,11,11,27,2,09北投區,北投區中央南路2段與三合街2段口,0,0,2,1,B03,7,6,5,40,4,1,1,5,4,5,13,2,1,5,4,5,2,16,1,49,3,10,7,1,7,5,1,8,1,1,44,1,21,121.500368,25.12617736
114,01,11,11,33,2,08士林區,士林區延平北路6段與社正路口,0,0,1,1,C03,8,6,5,50,5,1,1,5,4,5,13,4,4,5,5,5,2,17,1,80,2,9,6,1,7,5,1,10,2,12,73,1,21,121.5088616,25.0879225
114,01,11,11,40,2,07信義區,信義區莊敬路416號,0,0,1,1,C03,8,6,8,50,22,22,1,5,4,5,13,4,4,9,4,5,2,9,2,59,3,10,6,1,7,2,1,10,9,13,12,1,22,121.5662091,25.0272473
114,01,11,11,44,2,03中山區,中山區美堤河濱公園道路基隆河右岸14.0KM,0,0,1,1,B13,7,7,8,30,14,9,1,5,4,5,13,4,4,9,4,5,2,2,1,50,3,10,7,2,7,9,3,18,1,4,61,1,21,121.5490548,25.07699847
114,01,11,11,46,2,07信義區,信義區基隆路1段與市民大道5段口,0,0,1,1,B03,7,6,5,50,4,1,1,5,4,5,13,2,1,1,4,5,1,17,2,62,3,10,3,4,7,6,1,8,1,2,9,1,21,121.5688222,25.0489508
114,01,11,11,48,2,06松山區,松山區民權東路3段103巷10號,0,0,1,1,B03,7,7,5,30,14,9,1,5,4,5,13,4,4,10,5,5,2,1,1,39,3,10,7,4,7,9,1,8,1,5,77,1,21,121.544978,25.06284354
114,01,11,11,50,2,08士林區,士林區承德路4段與大南路口,0,0,2,1,C03,7,5,5,50,5,1,1,5,4,5,13,2,1,1,4,4,2,16,2,48,2,7,6,1,7,5,1,10,1,11,8,1,21,121.5215882,25.0888477
114,01,11,12,30,2,04大安區,大安區基隆路4段與基隆路4段73巷口,0,0,1,1,C03,7,6,5,50,4,2,1,5,4,5,13,1,1,9,4,5,1,13,2,28,3,10,3,4,7,9,1,10,1,11,16,1,21,121.5394131,25.0129019
114,01,11,12,30,2,12內湖區,內湖區康寧路3段與安康路口口,0,0,4,1,B03,7,5,5,50,3,1,1,5,4,5,13,1,1,5,4,5,2,16,1,37,2,9,7,1,7,11,1,8,2,5,10,1,21,121.6108868,25.0649068
114,01,11,12,33,2,12內湖區,內湖區環山路1段與環山路1段9巷口,0,0,1,1,C03,7,6,5,50,3,1,1,5,4,5,13,4,4,5,4,4,2,3,1,19,3,10,5,1,7,9,1,10,1,11,70,1,21,121.565564,25.0830396
114,01,11,12,42,2,09北投區,北投區西安街1段與致遠一路1段46巷口,0,0,1,1,C04,7,6,5,40,14,9,1,5,4,5,13,4,4,9,4,5,2,12,1,67,3,10,5,1,7,8,1,10,1,12,100,1,21,121.5179308,25.1105871
114,01,11,13,13,2,02萬華區,萬華區西寧南路與漢口街2段口,0,0,3,1,H01,8,7,5,50,4,19,1,5,4,5,13,2,1,10,4,5,2,3,1,16,2,3,4,5,8,18,8,20,10,16,122,1,16,121.5199443,25.04135573
114,01,11,13,44,2,12內湖區,內湖區基湖路與瑞光路口,0,0,1,1,C03,7,6,5,50,3,1,1,5,4,5,13,1,1,5,4,5,2,16,1,54,2,9,5,1,7,5,1,10,1,13,8,1,21,121.5650376,25.08086
114,01,11,14,24,2,04大安區,大安區信義路2段與金山南路2段口,0,0,2,1,C03,7,6,5,50,4,2,1,5,4,5,13,1,1,9,4,4,1,13,2,28,2,8,3,4,7,9,1,10,1,11,108,1,21,121.5272612,25.0337208
114,01,11,15,18,2,12內湖區,內湖區金湖路與金湖路358巷口,0,0,1,1,B03,6,5,5,50,4,2,1,4,4,5,13,1,1,1,5,5,2,17,1,35,3,10,7,1,7,11,1,8,9,8,10,1,21,121.612807,25.06755043
114,01,11,15,20,2,07信義區,信義區吳興街220巷與吳興街口口,0,0,1,1,B03,6,5,8,50,4,1,1,4,4,5,13,1,1,5,4,5,2,17,1,69,3,10,7,1,7,6,1,8,9,17,9,2,21,121.5631348,25.0276549
114,01,11,15,35,2,05中正區,中正區忠孝東路2段與臨沂街口,0,0,3,1,C03,7,7,5,50,4,2,1,5,4,5,13,1,1,9,4,5,2,12,2,44,3,10,5,1,7,14,1,10,1,13,44,1,21,121.5308585,25.0429325
114,01,11,15,50,2,03中山區,中山區北安路與明水路口,0,0,2,1,C03,7,7,5,50,3,1,1,5,4,5,13,1,1,1,2,5,2,17,1,32,2,5,6,1,7,5,1,10,1,14,8,1,21,121.5391362,25.07788429
114,01,11,15,56,2,03中山區,中山區市民大道3段與松江路口,0,0,1,1,B03,7,6,5,40,4,1,1,5,4,5,13,2,1,1,5,1,1,16,1,29,3,10,3,4,7,6,1,8,1,5,9,1,21,121.5330546,25.0455471
114,01,11,16,14,2,09北投區,北投區光明路與光明路157巷口,0,0,2,1,C03,7,6,5,50,14,9,1,5,4,5,13,4,4,9,4,5,2,13,2,37,2,8,5,1,7,9,1,10,1,11,16,1,21,121.5026877,25.13530868
114,01,11,16,15,2,07信義區,信義區一號道路,0,0,1,1,B03,6,6,5,50,14,9,2,4,4,5,13,4,4,10,3,5,2,17,1,33,3,10,7,1,7,8,1,8,1,17,100,1,22,121.5619938,25.0370096
114,01,11,16,55,2,04大安區,大安區羅斯福路3段253號,0,0,1,1,B03,6,6,5,50,14,9,1,4,4,5,13,4,4,1,4,5,2,12,1,43,3,10,7,1,7,8,1,8,1,4,100,1,21,121.5301401,25.0189483
114,01,11,16,55,2,08士林區,士林區延平北路6段與中正路口,0,0,1,1,C03,8,5,5,50,4,1,1,5,4,5,13,2,1,1,4,5,2,16,2,61,2,8,3,4,7,5,1,10,2,14,8,1,22,121.5092223,25.08684825
114,01,11,17,09,2,04大安區,大安區和平東路2段與瑞安街口,0,0,1,1,B03,8,5,5,30,4,1,1,4,4,5,13,2,1,1,4,5,2,3,1,63,3,10,7,1,7,5,1,8,2,1,108,1,21,121.5389298,25.0256767
114,01,11,17,22,2,06松山區,松山區市民大道5段27號,0,0,2,1,B03,8,5,5,40,14,9,1,4,4,5,13,4,4,1,4,5,2,12,1,31,3,10,7,1,7,8,1,8,1,5,100,1,21,121.5592198,25.0457825
114,01,11,17,24,2,01大同區,大同區鄭州路139號,0,0,1,1,B01,7,6,5,40,14,9,1,5,4,5,13,4,4,1,4,5,2,17,1,47,3,10,7,1,7,8,1,4,1,8,100,1,21,121.509044,25.0504832
114,01,11,17,30,2,01大同區,大同區南京西路157號,0,0,1,1,C03,7,5,5,50,14,9,1,5,4,5,13,4,4,5,4,5,2,9,1,32,3,10,3,4,7,9,1,10,1,11,42,1,21,121.5134129,25.0540409
114,01,11,17,35,2,05中正區,中正區和平西路2段與和平西路2段104巷口口對面,0,0,1,1,B03,6,5,5,50,14,9,1,4,4,5,13,4,4,1,4,5,1,17,1,58,3,10,3,1,7,13,1,8,2,4,40,1,21,121.5083504,25.0311051
114,01,11,17,50,2,07信義區,信義區忠孝東路4段550號,0,0,2,1,B03,6,5,8,50,22,22,1,4,4,5,13,4,4,1,4,5,2,13,2,36,3,10,7,1,7,9,1,8,1,1,118,1,21,121.5634514,25.0411033
114,01,11,17,55,2,04大安區,大安區市民大道3段與建國南路1段口,0,0,1,1,B03,6,5,5,40,4,1,1,4,4,5,13,2,1,10,5,5,2,17,1,25,3,10,3,4,7,6,1,8,1,2,9,1,21,121.5363718,25.0446411
114,01,11,18,05,2,03中山區,中山區建國北路2段與民權東路2段口,0,0,1,1,C03,8,5,5,50,4,2,1,5,4,5,13,1,1,8,5,5,2,17,1,26,2,9,5,1,7,9,1,10,2,17,108,1,21,121.5371483,25.0623418
114,01,11,18,14,2,02萬華區,萬華區環河南路2段與廣州街口,0,0,1,1,C03,6,5,5,50,5,1,1,4,4,5,13,2,1,2,3,5,1,16,2,18,2,8,3,4,7,7,1,10,1,14,100,1,22,121.4953364,25.0365383
114,01,11,18,18,2,07信義區,信義區松智路5段與松廉路口,0,0,1,1,C03,8,5,5,50,3,2,1,4,4,5,13,1,1,9,4,5,2,17,1,27,2,9,3,4,7,9,1,10,1,14,44,1,21,121.5654733,25.0341932
114,01,11,18,30,2,04大安區,大安區金山南路2段與金華街口口,0,0,1,1,B01,7,5,5,50,4,2,1,5,4,5,13,4,4,1,4,4,1,17,1,64,3,10,7,1,7,15,1,4,1,2,44,1,21,121.5264783,25.0300679
114,01,11,18,30,2,10文山區,文山區木新路3段269號旁,0,0,1,1,H01,6,5,5,50,14,9,1,4,4,5,13,4,4,5,4,5,2,2,1,76,2,8,4,5,8,16,8,20,10,16,60,1,22,121.557811,24.9809472
114,01,11,18,30,2,12內湖區,內湖區文德路101巷2號,0,0,2,1,C03,7,5,5,50,14,9,1,5,4,5,13,4,4,9,5,5,2,17,2,45,2,6,5,1,7,1,1,10,2,11,19,1,21,121.5833053,25.0790055
114,01,11,18,41,2,05中正區,中正區西藏路19號前,0,0,1,1,C03,6,5,5,50,14,9,1,4,4,1,13,1,1,2,4,5,2,20,1,29,2,8,6,1,7,9,1,10,1,12,108,1,22,121.5068888,25.03055226
114,01,11,18,51,2,07信義區,信義區信義路5段與松仁路口,0,0,1,1,B03,8,5,5,50,4,2,1,4,4,5,13,1,1,5,4,5,2,17,1,53,3,10,7,1,7,6,1,8,1,5,9,1,21,121.5684718,25.032734
114,01,11,19,23,2,07信義區,信義區松智路與松平路口,0,0,2,1,H01,6,5,5,50,4,1,1,4,4,5,13,1,1,5,5,5,2,3,2,77,2,9,4,5,8,16,8,20,10,16,121,1,22,121.5657844,25.030353
114,01,11,19,44,2,04大安區,大安區新生南路3段與新生南路3段76巷口口,0,0,1,1,B01,6,5,5,50,3,2,1,4,4,5,13,4,4,1,4,5,1,17,1,59,4,11,7,4,7,15,1,8,11,15,44,1,21,121.5337092,25.0190447
114,01,11,20,40,2,05中正區,中正區杭州南路2段與潮州街口,0,0,1,1,B03,6,5,5,50,4,1,1,4,4,5,13,1,1,5,2,5,2,17,1,57,3,10,7,1,7,5,1,8,2,2,71,1,21,121.5219737,25.0295934
114,01,11,20,59,2,12內湖區,內湖區成功路2段與民權東路6段口口,0,0,1,1,B03,7,5,5,50,4,2,1,4,4,5,13,2,1,1,4,5,2,12,1,41,3,10,7,1,7,8,6,8,1,5,100,1,21,121.5907875,25.0694233
114,01,11,20,59,2,07信義區,信義區信義路5段122號,0,0,1,1,B01,6,5,5,50,14,9,1,4,4,5,13,4,4,5,4,5,2,13,1,61,3,10,7,1,7,9,1,4,1,1,108,1,21,121.5683585,25.0325647
114,01,11,21,28,2,12內湖區,內湖區民權東路6段與成功路2段口,0,0,1,1,C04,7,5,5,50,4,1,1,5,4,5,13,2,1,1,4,5,1,16,2,21,2,9,5,1,7,5,1,10,2,14,8,1,21,121.5908201,25.0689261
114,01,11,21,39,2,08士林區,士林區中山北路5段470巷8號,0,0,1,1,B03,8,5,5,50,14,9,1,5,4,5,13,4,4,9,5,5,2,17,2,56,3,10,7,1,7,1,1,8,1,5,19,1,21,121.5293813,25.0935777
114,01,11,21,45,2,03中山區,中山區民權東路1段與民權東路1段70巷口,0,0,1,1,C03,7,5,5,50,3,2,1,5,4,5,13,4,4,1,4,4,2,13,1,65,2,9,6,4,7,9,1,10,1,11,108,1,21,121.5245911,25.06267564
114,01,11,22,20,2,07信義區,信義區忠孝東路4段559巷與忠孝東路4段553巷6弄口,0,0,1,1,B01,7,5,5,30,4,1,1,4,4,5,13,4,4,10,5,5,2,15,2,41,3,10,7,1,7,9,1,4,2,1,72,1,21,121.5636562,25.0422503
114,01,11,22,25,2,11南港區,南港區市民大道8段與興中路口,0,0,3,1,C03,6,5,5,50,4,1,1,4,4,5,13,2,1,1,2,5,2,16,1,67,2,9,6,1,7,5,1,10,2,14,8,1,21,121.6076127,25.0533624
114,01,11,23,00,2,01大同區,大同區忠孝西路2段與西寧北路口,0,0,2,1,B03,7,5,5,50,14,9,1,5,4,5,13,4,4,2,4,5,2,13,2,33,3,10,7,1,7,8,1,8,1,6,100,1,21,121.5080664,25.0486398
114,01,11,23,06,2,05中正區,中正區重慶南路1段與愛國西路口,0,0,2,1,C03,8,5,5,50,4,1,1,5,4,5,13,1,1,10,5,5,2,13,1,20,2,9,5,1,7,8,1,10,2,13,100,1,26,121.5125621,25.035486
114,01,11,23,10,2,03中山區,中山區南京東路3段與龍江路口,0,0,1,1,C03,7,5,5,50,4,2,1,5,4,5,13,1,1,1,4,5,2,13,2,38,2,8,5,1,7,9,1,10,1,11,16,1,21,121.5400813,25.0520286
114,01,11,23,40,2,08士林區,士林區通河西街1段與重慶北路4段口,0,0,1,1,C03,8,5,5,50,3,1,1,5,4,5,12,1,1,5,5,5,2,17,2,23,2,9,3,4,7,9,1,10,1,12,81,1,21,121.5119108,25.0877199
114,01,11,23,53,2,02萬華區,萬華區萬大路486巷與萬大路486巷46弄口,0,0,1,1,C03,8,5,5,30,4,1,1,5,4,5,13,4,4,10,5,5,2,15,2,39,2,8,5,1,7,9,3,18,1,11,75,1,21,121.4958697,25.0205002
114,01,12,00,37,2,08士林區,士林區華齡街與福港街160巷口,0,0,2,1,B03,7,5,5,50,4,1,1,5,4,5,13,3,1,5,5,5,2,15,1,27,2,7,7,1,7,9,1,8,2,1,72,1,22,121.5194576,25.0867964
114,01,12,01,12,2,07信義區,信義區信義路5段1號,0,0,1,1,C03,7,5,5,50,14,9,1,5,4,5,13,1,1,1,4,5,2,13,2,23,2,9,3,4,7,9,1,10,1,11,16,1,21,121.5599094,25.0330599
114,01,12,01,37,2,02萬華區,萬華區中華路2段416巷與國興路口,0,0,1,1,C03,7,6,5,50,4,1,1,5,4,5,13,3,1,5,5,5,2,15,1,26,2,9,6,1,7,9,1,10,1,13,72,1,21,121.5052401,25.0274751
114,01,12,02,36,2,05中正區,中正區羅斯福路2段與和平西路1段口,0,0,1,1,C04,8,5,5,50,4,2,1,5,4,5,13,1,1,2,4,5,2,17,2,31,2,3,6,2,7,9,1,10,2,11,64,1,22,121.5225049,25.0267216
114,01,12,03,20,2,03中山區,中山區南京東路1段與林森北路口,0,0,2,1,H01,7,5,5,0,4,1,1,5,4,5,13,1,1,8,5,5,1,3,1,51,2,1,4,5,8,18,8,20,10,16,122,1,22,121.5254797,25.0519359
114,01,12,05,54,2,02萬華區,萬華區青年路152巷13號,0,0,2,1,C03,7,5,5,30,14,9,1,5,4,5,13,4,4,9,4,5,2,3,2,54,2,9,5,1,7,9,1,10,1,14,108,1,21,121.5018465,25.0207482
114,01,12,06,50,2,10文山區,文山區試院路104號,0,0,1,1,C03,8,6,5,30,14,9,1,5,4,5,13,4,4,10,5,5,2,18,1,57,2,9,6,1,7,9,1,10,9,14,42,1,21,121.5476424,24.9900141
114,01,12,07,00,2,03中山區,中山區林森北路307號,0,0,2,1,C03,8,7,5,50,14,9,1,5,4,5,13,4,4,9,5,5,2,13,2,24,2,8,6,1,7,9,1,10,1,11,108,1,21,121.5255084,25.05618066
114,01,12,07,21,2,01大同區,大同區民權西路與民權西路133巷口,0,0,1,1,B01,8,6,5,30,3,2,1,5,4,5,13,4,4,9,4,5,2,17,1,51,3,10,7,1,7,6,1,4,2,8,72,1,21,121.5170473,25.06303668
114,01,12,07,50,2,12內湖區,內湖區康樂街289號,0,0,1,1,B03,7,6,5,30,11,9,1,4,4,4,9,4,4,10,5,5,2,11,2,25,3,10,7,1,7,9,1,8,2,5,5,1,23,121.6242471,25.0788006
114,01,12,08,08,2,11南港區,南港區南港路1段與南港路1段2巷口,0,0,1,1,B03,8,6,5,50,3,2,1,5,4,5,13,4,4,1,4,5,2,16,1,54,3,10,3,4,7,6,1,8,1,2,9,1,21,121.6204079,25.0549086
114,01,12,08,20,2,12內湖區,內湖區舊宗路1段48號,0,0,1,1,B12,7,5,5,50,14,9,1,5,4,5,13,4,4,1,3,5,1,12,1,58,3,10,3,4,7,9,1,8,1,2,44,1,21,121.5804681,25.0585411
114,01,12,08,40,2,06松山區,松山區南京東路5段與寶清街口,0,0,1,1,C03,8,7,5,50,4,2,1,5,4,5,13,1,1,1,4,5,2,16,1,53,3,10,6,4,7,6,1,10,1,12,9,1,21,121.5683465,25.05145125
114,01,12,08,46,2,06松山區,松山區撫遠街0201060號燈桿(三民公園),0,0,1,1,B03,8,5,5,50,14,8,1,5,4,5,13,4,4,1,3,4,2,12,2,41,3,10,3,4,7,8,1,8,2,2,100,1,21,121.5666703,25.0612779
114,01,12,08,53,2,05中正區,中正區臨沂街63巷與臨沂街71巷19弄口,0,0,1,1,C03,8,5,5,30,4,1,1,5,4,5,11,4,4,10,5,5,2,15,2,53,2,8,5,1,7,9,1,10,2,11,72,1,21,121.5302107,25.0358829
114,01,12,09,07,2,08士林區,士林區至善路2段與至善路2段1巷口口,0,0,3,1,C03,8,6,5,50,14,9,1,5,4,5,13,4,4,1,4,5,2,16,1,62,2,3,6,1,7,10,1,10,1,12,100,1,21,121.5432754,25.09726608
114,01,12,10,19,2,08士林區,士林區中正路395號,0,0,1,1,C03,8,5,5,50,14,9,1,5,4,5,13,4,4,1,4,5,2,13,2,40,2,8,5,1,7,9,1,10,1,11,16,1,21,121.5212027,25.0940514
114,01,12,11,31,2,09北投區,北投區稻香路與秀山路口,0,0,1,1,B03,8,6,5,40,3,1,1,5,4,5,13,2,1,9,5,5,2,16,1,63,3,10,2,1,7,5,1,8,1,2,71,1,21,121.4902913,25.142088
114,01,12,12,30,2,08士林區,士林區中山北路4段16號,0,0,1,1,C03,8,5,5,50,3,2,1,5,4,5,13,2,1,3,4,5,1,12,2,64,2,9,6,1,7,9,3,18,1,12,17,1,21,121.5243333,25.0795974
114,01,12,12,43,2,02萬華區,萬華區華中橋往台北市機慢車道7010516燈桿,0,0,1,1,F01,8,6,5,30,8,8,1,5,4,5,13,4,4,3,5,1,2,12,1,19,2,7,4,1,7,9,8,20,1,11,16,1,21,121.4957172,25.01480966
114,01,12,14,33,2,07信義區,信義區忠孝東路5段與永吉路30巷口,0,0,1,1,C03,7,5,5,50,4,1,1,5,4,5,13,1,1,5,5,5,2,15,1,27,2,9,5,1,7,9,1,10,2,12,108,1,23,121.5685967,25.0411265
114,01,12,14,50,2,04大安區,大安區基隆路4段與基隆路4段口迴轉道43號前,0,0,1,1,B03,8,6,5,50,3,1,1,5,4,5,13,2,1,1,4,4,2,17,1,70,3,10,7,1,7,5,1,8,1,6,8,1,21,121.5404352,25.0137969
114,01,12,14,50,2,05中正區,中正區新生南路1段60號,0,0,1,1,C03,7,6,5,50,14,9,1,5,4,5,13,4,4,3,4,5,2,16,2,28,2,8,6,1,7,8,1,10,1,12,100,1,22,121.5326873,25.0408071
114,01,12,15,37,2,12內湖區,內湖區康樂街101號,0,0,2,1,H01,8,6,5,50,14,9,1,5,4,5,13,4,4,5,5,5,2,3,1,28,2,7,4,5,8,16,8,20,10,16,121,1,21,121.6190375,25.0703474
114,01,12,15,48,2,05中正區,中正區中華路2段與西藏路口,0,0,1,1,B03,7,6,5,50,4,1,1,5,4,5,13,1,1,5,4,5,2,16,1,45,3,10,7,1,7,5,1,8,1,8,74,1,21,121.5042317,25.0300523
114,01,12,15,55,2,03中山區,中山區樂群二路與敬業三路口,0,0,3,1,B03,8,7,5,50,4,2,1,5,4,5,13,4,4,1,4,5,2,13,1,25,3,10,7,1,7,9,1,8,2,1,108,1,21,121.556547,25.07988262
114,01,12,16,00,2,04大安區,大安區市民大道4段246號,0,0,2,1,C03,8,6,5,40,14,9,1,5,4,5,13,4,4,10,5,5,2,17,1,21,2,9,3,4,7,9,1,10,1,11,44,1,21,121.55709,25.0448651
114,01,12,16,00,2,06松山區,松山區東興路2巷2號,0,0,2,1,B01,7,6,5,30,14,9,1,4,4,5,13,4,4,5,5,5,2,13,1,69,3,10,3,4,7,9,1,4,1,1,108,1,22,121.5651464,25.0507442
114,01,12,16,21,2,07信義區,信義區松山路與市民大道6段口,0,0,2,1,C03,7,6,5,40,4,1,1,5,4,5,13,1,1,8,3,5,2,12,2,37,2,8,6,1,7,7,1,10,1,14,100,1,22,121.5778045,25.0489391
114,01,12,16,30,2,01大同區,大同區鄭州路與鄭州路143巷口,0,0,3,1,C03,8,7,5,40,3,2,1,5,4,5,13,4,4,1,4,5,2,17,1,42,2,9,3,4,7,8,1,10,1,13,100,1,21,121.5098384,25.0503961
114,01,12,16,53,2,05中正區,中正區重慶南路3段與和平西路1段口,0,0,2,1,C03,7,7,5,50,4,2,1,5,4,5,13,1,1,1,4,5,2,17,2,61,2,8,5,1,7,12,3,18,1,12,108,1,22,121.5158654,25.02740137
114,01,12,17,09,2,03中山區,中山區民權東路2段與吉林路口,0,0,1,1,B02,7,6,5,50,4,1,1,5,4,5,13,1,1,5,4,5,2,17,1,37,3,10,7,1,7,5,1,8,1,8,71,1,21,121.5303672,25.06253983
114,01,12,17,19,2,08士林區,士林區文林路770巷磺溪104號電燈桿,0,0,2,1,C03,8,5,5,30,11,9,1,5,4,5,13,4,4,10,5,5,2,20,2,26,2,9,6,1,7,9,1,10,1,14,108,1,21,121.5214423,25.1088129
114,01,12,17,40,2,01大同區,大同區長安西路78巷3弄與長安西路78巷口,0,0,1,1,B01,7,5,5,30,4,1,1,5,4,5,13,4,4,10,4,5,2,15,2,52,3,10,7,1,7,9,1,4,2,1,72,1,21,121.5191699,25.0498304
114,01,12,17,54,2,07信義區,信義區基隆路2段155號,0,0,2,1,C03,7,5,5,50,14,7,1,5,4,5,13,1,1,1,3,4,2,11,1,25,2,9,6,1,7,11,1,10,1,12,92,1,22,121.5542901,25.025883
114,01,12,18,07,2,07信義區,信義區松山路292巷與松山路口口,0,0,1,1,F02,7,5,8,50,22,22,1,5,4,5,13,1,1,1,4,5,2,17,2,54,2,8,5,1,7,5,8,20,1,13,83,1,22,121.5778773,25.0433735
114,01,12,18,15,2,03中山區,中山區民生東路2段與中原街口,0,0,1,1,A02,7,5,5,50,14,9,1,5,4,5,13,1,1,8,5,4,2,9,1,64,3,10,7,1,7,9,1,2,2,17,44,1,21,121.5288844,25.0580119
114,01,12,18,15,2,11南港區,南港區經貿二路與南港路1段口口,0,0,2,1,C03,7,5,5,50,4,1,1,5,4,5,13,2,1,3,4,5,1,17,1,34,2,8,6,1,7,5,1,10,1,14,8,1,21,121.6166436,25.0551758
114,01,12,18,29,2,12內湖區,內湖區康寧路1段37號前,0,0,1,1,B03,8,5,5,50,14,9,1,5,4,5,13,4,4,9,5,5,2,2,2,20,3,10,7,1,7,9,1,8,2,5,108,1,21,121.5910741,25.08095805
114,01,12,19,35,2,09北投區,北投區西安街1段與西安街1段281巷口,0,0,1,1,C03,7,5,5,40,4,2,1,5,4,5,13,2,1,1,4,5,2,12,1,65,2,8,5,1,7,8,1,10,1,14,100,1,21,121.5169515,25.1118631
114,01,12,20,16,2,12內湖區,內湖區舊宗路1段100號前,0,0,1,1,B03,7,5,5,50,14,9,1,5,4,5,13,4,4,1,4,5,2,12,1,59,3,10,7,1,7,8,1,8,1,8,100,1,21,121.5797248,25.0595316
114,01,12,20,50,2,06松山區,松山區塔悠路105號後方,0,0,1,1,C03,7,5,8,50,22,22,1,5,4,5,13,4,4,10,5,5,2,17,1,22,2,9,5,1,7,9,1,10,1,17,42,1,25,121.5702641,25.0543205
114,01,12,21,42,2,04大安區,大安區大安路1段與復興南路1段107巷口,0,0,1,1,C03,8,5,5,30,4,1,1,5,4,5,13,4,4,10,5,5,1,15,2,29,4,11,3,4,7,9,1,10,1,12,72,1,21,121.5461631,25.0435984
114,01,12,21,44,2,07信義區,信義區忠孝東路4段508號,0,0,1,1,C02,8,6,5,50,14,9,1,5,4,5,13,4,4,3,4,5,2,13,1,34,2,9,5,1,7,9,1,9,1,11,44,1,21,121.5622765,25.0411801
114,01,12,22,19,2,12內湖區,內湖區港墘路與港墘路82巷口,0,0,1,1,C03,8,5,5,50,4,1,1,5,4,5,13,1,1,1,4,5,2,16,1,25,2,9,5,1,7,5,1,10,2,11,71,1,21,121.5778126,25.0807493
114,01,12,23,13,2,12內湖區,內湖區民權東路6段191巷129號,0,0,1,1,C03,8,5,5,40,14,9,1,5,4,5,13,4,4,9,5,5,2,17,1,52,2,9,5,1,7,9,1,10,2,12,108,1,21,121.5989596,25.0698641
114,01,13,07,12,2,09北投區,北投區懷德街與懷德街78巷口,0,0,1,1,B03,8,7,5,50,4,2,1,5,4,5,13,4,4,5,5,5,2,12,1,39,3,10,3,4,7,4,1,8,2,6,1,1,22,121.5197558,25.1137089
114,01,13,07,18,2,09北投區,北投區承德路7段與立賢路口,0,0,1,1,C03,8,6,5,60,4,1,1,5,4,5,13,2,1,1,4,5,2,16,1,21,3,10,6,1,7,6,1,10,1,12,9,1,21,121.5048559,25.116233
114,01,13,07,19,2,05中正區,中正區重慶南路1段與襄陽路口,0,0,1,1,B03,7,5,5,50,3,1,1,5,4,5,13,2,1,5,4,5,2,17,2,51,3,10,7,1,7,6,1,8,1,2,44,1,21,121.5132963,25.0433756
114,01,13,07,24,2,05中正區,中正區和平西路1段與羅斯福路2段口,0,0,1,1,B03,8,6,5,50,4,1,1,5,4,5,13,1,1,3,4,4,2,12,1,51,3,10,7,1,7,10,1,8,1,5,17,1,21,121.5221608,25.026992
114,01,13,07,34,2,03中山區,中山區長安東路1段53巷與林森北路85巷口,0,0,1,1,B01,7,6,5,30,5,2,1,5,4,5,13,4,4,9,3,5,1,9,1,50,3,10,7,1,7,6,1,4,2,1,108,1,21,121.5265702,25.0493607
114,01,13,07,43,2,12內湖區,內湖區瑞湖街與瑞光路188巷口,0,0,1,1,B03,8,5,5,50,3,1,1,5,4,5,13,4,4,9,4,5,2,16,1,48,3,10,7,1,7,5,1,8,2,2,74,1,21,121.5759248,25.0736755
114,01,13,08,34,2,05中正區,中正區公園路與愛國西路口,0,0,1,1,B01,8,7,5,50,4,1,1,5,4,5,13,2,1,10,5,5,2,12,1,47,3,10,7,1,7,6,1,4,2,2,9,1,26,121.5153698,25.0352223
114,01,13,08,44,2,05中正區,中正區廣州街17號,0,0,1,1,C03,8,7,5,40,14,9,1,5,4,5,13,4,4,5,5,5,2,17,1,30,2,8,5,1,7,9,1,10,1,11,116,1,22,121.5074529,25.0357426
114,01,13,08,50,2,05中正區,中正區羅斯福路1段82號,0,0,1,1,C03,8,7,5,50,14,9,1,5,4,5,13,4,4,1,4,5,2,13,2,19,3,10,5,1,7,9,1,10,1,11,108,1,22,121.519803,25.0304819
114,01,13,08,54,2,09北投區,北投區中央北路4段與自立路口,0,0,2,1,C03,8,6,5,30,4,1,1,5,4,5,13,2,1,9,5,5,2,16,1,42,3,10,6,1,7,6,1,10,1,12,9,1,21,121.4653981,25.126065