發生年度,發生月,發生日,發生時-Hours,發生分,處理別-編號,區序,肇事地點,死亡人數,2-30日死亡人數,受傷人數,當事人序號,車種,天候,光線,道路類別,速限-速度限制,道路型態,事故位置,路面狀況1,路面狀況2,路面狀況3,道路障礙1,道路障礙2,號誌1,號誌2,車道劃分-分向,車道劃分-分道1,車道劃分-分道2,車道劃分-分道3,事故類型及型態,性別,年齡,受傷程度,主要傷處,保護裝置,行動電話,車輛用途,當事者行動狀態,駕駛資格情形,駕駛執照種類,飲酒情形,車輛撞擊部位1,肇因碼-個別,個人肇逃否,職業,座標-X,座標-Y
114,01,15,18,43,2,10文山區,文山區辛亥路4段與辛亥路4段21巷口口對面,0,0,1,1,C03,8,5,5,50,14,9,1,5,4,5,13,4,4,1,4,5,2,12,1,23,2,9,6,1,7,8,1,10,1,12,108,1,21,121.5583494,25.0086089
114,01,15,19,10,2,01大同區,大同區承德路1段1號,0,0,1,1,C03,7,5,5,50,14,9,1,5,4,5,13,2,1,8,3,5,2,16,2,29,2,8,6,1,7,15,1,10,1,14,99,1,21,121.5168153,25.0495447
114,01,15,19,30,2,02萬華區,萬華區中華路1段與桂林路口,0,0,1,1,C03,7,5,5,50,5,1,1,5,4,5,13,1,1,1,5,5,2,12,1,31,3,10,5,1,7,9,1,10,1,14,108,1,21,121.5067228,25.037435
114,01,15,20,06,2,01大同區,大同區延平北路4段231號,0,0,1,1,B01,7,5,5,50,14,9,1,5,4,5,13,4,4,5,4,5,2,17,1,68,3,10,7,4,7,11,1,4,2,17,10,1,21,121.5116508,25.07565
114,01,15,20,22,2,07信義區,信義區永吉路與松信路口,0,0,1,1,B03,7,5,5,50,22,16,1,5,4,5,13,1,1,9,5,5,2,12,1,45,3,10,7,1,7,15,1,8,1,2,100,1,21,121.5720462,25.045573
114,01,15,20,28,2,05中正區,中正區羅斯福路3段84巷與晉江街口口,0,0,2,1,C03,7,5,5,30,4,1,1,5,4,5,13,4,4,10,5,5,2,15,1,50,2,7,5,1,7,9,1,10,1,11,75,1,21,121.5262183,25.0216336
114,01,15,20,51,2,03中山區,中山區北安路與明水路口,0,0,1,1,B03,8,5,5,50,3,2,1,5,4,5,13,2,1,1,4,5,2,16,1,33,3,10,7,1,7,6,1,8,1,2,9,1,21,121.5390615,25.0777997
114,01,15,22,09,2,01大同區,大同區長安西路與西寧北路口,0,0,1,1,C03,7,5,5,50,4,1,1,5,4,5,13,1,1,5,4,5,2,16,2,30,2,6,6,1,7,5,1,10,1,14,8,1,21,121.5085224,25.05201
114,01,15,23,57,2,03中山區,中山區龍江路329號,0,0,1,1,F01,8,5,5,50,14,9,1,5,4,5,13,4,4,9,5,5,2,12,1,60,3,10,4,1,7,9,8,20,8,14,21,1,21,121.5408882,25.0629492
114,01,16,02,40,2,01大同區,大同區民生西路與環河北路1段口,0,0,1,1,,7,5,5,50,4,1,1,5,4,5,13,1,1,5,4,5,2,16,4,0,,,,,7,6,7,19,11,15,119,2,21,121.5083491,25.0568413
114,01,16,07,05,2,12內湖區,內湖區舊宗路2段與五汐南下口,0,0,1,1,B01,7,5,5,50,4,1,1,5,4,5,13,1,1,1,4,5,2,16,1,52,2,7,7,1,7,6,1,4,1,8,74,1,21,121.5748098,25.0708156
114,01,16,07,20,2,12內湖區,內湖區民權東路6段296巷60號,0,0,1,1,H01,7,5,5,30,14,9,1,5,4,5,13,4,4,6,3,5,1,3,1,15,2,9,4,5,8,18,8,20,10,16,121,1,21,121.6082222,25.0706794
114,01,16,07,20,2,12內湖區,內湖區東湖路與東湖路7巷口,0,0,1,1,B03,7,6,5,50,3,1,1,5,4,5,13,4,4,10,5,5,2,16,1,69,3,10,7,1,7,6,1,8,2,5,9,1,21,121.6122184,25.0688823
114,01,16,07,22,2,10文山區,文山區木柵路1段與辛亥路7段口路口,0,0,2,1,B02,8,6,5,50,4,1,1,5,4,5,13,2,1,10,5,5,2,16,2,22,3,10,7,1,7,5,1,8,1,8,71,1,21,121.5523557,24.9877512
114,01,16,07,32,2,12內湖區,內湖區成功路5段458號,0,0,1,1,C03,7,6,5,40,14,8,1,5,4,5,13,4,4,1,4,4,2,13,1,45,3,10,5,1,7,9,6,10,1,11,16,1,21,121.6063534,25.0739759
114,01,16,07,35,2,11南港區,南港區向陽路258巷與重陽路39巷口,0,0,1,1,B03,7,6,5,40,3,1,1,5,4,5,13,1,1,5,4,5,2,16,2,42,3,10,7,1,7,6,1,8,1,6,9,1,21,121.5938365,25.0582771
114,01,16,07,36,2,05中正區,中正區西藏路與汀州路1段口口,0,0,1,1,C03,8,6,5,50,4,1,1,5,4,1,13,1,1,1,4,5,1,17,1,42,3,10,6,1,7,7,1,10,1,14,100,1,21,121.507639,25.0307101
114,01,16,07,39,2,02萬華區,萬華區西園路2段與西藏路口,0,0,2,1,C03,7,6,5,50,4,2,1,5,4,5,13,2,1,1,4,5,1,17,2,21,2,9,3,4,7,8,1,10,1,13,100,1,22,121.4954674,25.0286305
114,01,16,07,49,2,10文山區,文山區辛亥路7段與忠順街1段口,0,0,1,1,B03,8,6,5,50,14,7,2,5,4,5,13,2,1,10,5,4,2,17,1,64,3,10,3,4,7,5,1,8,1,1,118,1,21,121.5541032,24.9832366
114,01,16,08,23,2,10文山區,文山區萬芳路3號,0,0,1,1,C03,7,5,5,50,14,9,1,5,4,5,13,4,4,5,4,5,2,16,1,29,2,8,6,1,7,5,6,18,1,11,8,1,21,121.5713893,24.9950628
114,01,16,08,30,2,09北投區,北投區大業路與中央北路1段口,0,0,1,1,B03,7,7,5,50,4,1,1,5,4,5,13,1,1,1,4,5,2,16,1,80,3,10,7,1,7,5,1,8,1,6,118,1,22,121.4972193,25.1360459
114,01,16,08,30,2,07信義區,信義區基隆路2段177號,0,0,2,1,F01,8,6,5,0,14,20,4,5,4,5,13,4,4,10,5,5,2,9,2,32,2,8,4,1,7,9,8,20,9,11,108,1,21,121.5537137,25.025213
114,01,16,08,38,2,08士林區,士林區前港街與後港街口,0,0,1,1,B03,8,6,5,30,4,2,1,5,4,5,13,4,4,10,5,5,1,3,2,51,3,10,7,1,7,5,1,8,1,8,70,1,21,121.5213577,25.0848003
114,01,16,08,50,2,02萬華區,萬華區萬大路與萬大路237巷口,0,0,1,1,C03,7,6,5,30,4,2,1,5,4,5,13,2,1,9,4,5,1,17,2,77,2,9,3,4,7,5,1,10,1,14,42,1,22,121.5004992,25.0263721
114,01,16,08,52,2,04大安區,大安區建國南路1段299號,0,0,1,1,C03,7,6,5,50,14,9,1,5,4,5,13,4,4,9,4,5,1,12,2,26,2,1,5,1,7,8,1,10,1,14,100,1,21,121.5381371,25.0356809
114,01,16,09,10,2,12內湖區,內湖區民權東路6段50號,0,0,2,1,C03,7,5,5,50,14,9,1,5,4,5,13,4,4,4,3,4,1,16,1,34,2,9,3,4,7,5,1,10,1,11,8,1,21,121.5847356,25.0683079
114,01,16,09,12,2,12內湖區,內湖區江南街65巷與無名巷口,0,0,2,1,C03,7,6,5,30,3,1,1,5,4,5,13,4,4,9,4,5,2,16,2,52,2,3,5,1,7,5,1,10,2,11,72,1,21,121.5781304,25.0772139
114,01,16,10,00,2,02萬華區,萬華區中華路2段130巷與莒光路153巷口,0,0,1,1,C03,8,5,5,30,4,1,1,5,4,5,13,4,4,10,5,5,2,17,2,47,2,8,5,4,7,9,1,10,1,11,75,1,22,121.5026471,25.03118214
114,01,16,10,15,2,02萬華區,萬華區長沙街2段與昆明街口,0,0,1,1,H01,8,7,5,50,4,1,1,5,4,5,13,2,1,8,3,5,1,3,2,82,2,9,4,5,8,16,8,20,10,16,121,1,22,121.5041944,25.0403724
114,01,16,10,40,2,12內湖區,內湖區舊宗路2段與民權東路6段11巷口,0,0,1,1,B02,8,7,5,50,3,2,1,5,4,5,13,2,1,1,4,5,2,17,1,41,3,10,7,1,7,6,1,8,1,17,9,1,21,121.5747755,25.0673075
114,01,16,10,52,2,11南港區,南港區忠孝東路5段與永吉路口,0,0,1,1,B02,8,6,5,50,5,1,1,5,4,5,13,1,1,3,4,5,2,16,1,35,3,10,7,1,7,11,1,8,2,5,10,1,21,121.5824718,25.0450464
114,01,16,11,30,2,08士林區,士林區社中街384巷2弄與社中街458巷口口,0,0,1,1,B01,7,6,5,30,3,2,1,5,4,5,13,4,4,10,5,5,1,17,1,64,3,10,7,1,7,6,1,4,1,1,72,1,21,121.5018832,25.0925939
114,01,16,12,05,2,05中正區,中正區惠安街17號,0,0,2,1,C03,7,6,5,30,14,9,1,5,4,5,13,4,4,10,5,5,1,3,2,56,2,9,5,1,7,9,1,10,1,12,108,1,21,121.5066442,25.0295892
114,01,16,12,06,2,02萬華區,萬華區中華路2段395號,0,0,1,1,F03,7,6,5,50,14,7,1,5,4,5,13,4,4,9,4,4,1,17,2,82,2,9,3,4,7,9,8,20,1,11,108,1,22,121.5077321,25.0262288
114,01,16,12,10,2,10文山區,文山區萬慶街與萬慶街13巷口,0,0,1,1,C04,7,6,5,30,5,1,1,5,4,5,13,4,4,10,5,5,2,15,2,67,2,8,6,1,7,9,1,10,1,12,72,1,21,121.5399323,24.9923416
114,01,16,12,30,2,02萬華區,萬華區中華路2段與廣州街口,0,0,1,1,B03,8,6,5,50,4,1,1,5,4,5,13,1,1,8,3,4,1,17,1,36,3,10,7,1,7,1,1,8,1,8,19,1,21,121.5064109,25.0359816
114,01,16,13,22,2,09北投區,北投區公館路334巷與公館路228巷口,0,0,2,1,C03,7,6,5,30,4,1,1,5,4,5,13,4,4,10,5,5,2,15,1,25,2,8,5,1,7,9,1,10,2,12,72,1,21,121.5047456,25.124646
114,01,16,13,23,2,06松山區,松山區延吉街與延吉街30巷口,0,0,1,1,B03,8,7,5,50,4,1,1,5,4,5,13,1,1,9,4,5,2,13,1,37,3,10,7,1,7,9,1,8,1,1,108,1,21,121.5534967,25.046167
114,01,16,13,25,2,08士林區,士林區天母北路50號,0,0,2,1,C03,7,6,5,50,14,9,1,5,4,5,13,4,4,9,5,5,2,17,1,75,3,10,6,1,7,5,1,10,2,11,8,1,22,121.5266302,25.1209655
114,01,16,13,33,2,11南港區,南港區市民大道8段與忠孝東路7段415巷口,0,0,1,1,C03,7,6,5,50,4,1,1,5,4,5,13,1,1,5,4,5,2,16,1,61,2,9,5,1,7,4,1,10,1,12,94,1,21,121.6088859,25.053542
114,01,16,14,02,2,12內湖區,內湖區文湖街51號,0,0,4,1,B03,8,6,5,50,14,9,1,5,4,5,13,4,4,5,4,5,2,9,1,81,2,9,7,1,7,9,1,8,2,5,42,1,21,121.5622394,25.0867146
114,01,16,14,23,2,08士林區,士林區大南路398號,0,0,1,1,B11,7,7,5,50,14,9,1,5,4,5,13,1,1,5,5,5,1,13,1,26,3,10,7,1,7,9,1,8,1,1,108,1,21,121.5154823,25.08962482
114,01,16,14,55,2,12內湖區,內湖區潭美街與安美街口,0,0,2,1,C03,7,6,5,30,14,9,1,5,4,5,13,4,4,10,5,5,2,17,2,19,2,9,6,1,7,5,1,10,1,14,8,1,21,121.5973344,25.0602724
114,01,16,15,04,2,08士林區,士林區洲美快速道路往社子,0,0,1,1,B03,8,7,5,50,14,7,1,5,4,5,13,4,4,9,5,5,2,13,1,62,2,1,7,1,7,9,1,8,11,1,108,1,21,121.497294,25.09660593
114,01,16,15,10,2,01大同區,大同區延平北路2段與保安街口,0,0,1,1,B03,7,6,5,50,3,1,1,5,4,5,13,2,1,5,4,5,2,12,1,32,3,10,7,1,7,9,1,8,1,5,17,1,21,121.5113997,25.0590863
114,01,16,15,30,2,05中正區,中正區南昌路1段與重慶南路2段7巷口,0,0,1,1,B02,7,7,5,50,4,1,1,5,4,5,13,4,4,5,4,5,2,15,1,29,3,10,7,1,7,9,1,8,2,8,72,1,22,121.5149491,25.0343263
114,01,16,15,45,2,12內湖區,內湖區行善路與行善路181巷口,0,0,2,1,C03,7,6,5,40,3,1,1,5,4,5,13,4,4,1,4,4,2,16,2,30,2,8,5,1,7,6,1,10,1,12,9,1,21,121.5815214,25.059623
114,01,16,15,57,2,02萬華區,萬華區西園路1段306巷與大理街口,0,0,1,1,H01,7,6,5,0,4,1,4,5,4,5,13,4,4,10,5,5,2,3,1,45,2,9,4,5,8,16,8,20,10,16,67,1,22,121.4992686,25.0344841
114,01,16,16,00,2,09北投區,北投區立功街與立德路口,0,0,2,1,B03,7,6,5,50,4,2,1,5,4,5,13,2,1,5,5,5,2,17,2,58,3,10,7,1,7,4,1,8,2,2,94,1,21,121.4715217,25.125398
114,01,16,16,08,2,08士林區,士林區中正路366號,0,0,2,1,B01,7,7,5,50,14,9,1,5,4,5,13,4,4,1,5,5,1,17,1,56,3,10,7,1,7,7,1,4,1,5,100,1,21,121.5207467,25.09405157
114,01,16,16,23,2,09北投區,北投區石牌路2段與天母西路口,0,0,2,1,C03,7,6,5,50,3,1,1,5,4,5,13,3,1,9,4,5,2,15,1,44,2,7,5,1,7,1,1,10,1,14,19,1,21,121.5219383,25.1193023
114,01,16,16,51,2,09北投區,北投區育仁路75號,0,0,1,1,B03,8,6,5,30,14,9,1,5,4,5,13,4,4,10,5,5,2,12,1,48,3,10,7,1,7,15,1,8,1,4,40,1,21,121.4986973,25.1340404
114,01,16,16,54,2,11南港區,南港區忠孝東路6段250巷與忠孝東路6段278巷22弄口,0,0,1,1,B01,7,6,5,30,4,1,1,5,4,3,10,4,4,10,5,5,2,15,1,45,3,10,3,4,7,9,1,2,2,8,72,1,21,121.5885395,25.0480319
114,01,16,17,22,2,03中山區,中山區民族東路512巷與民族東路512巷13弄口,0,0,1,1,B01,7,5,5,30,4,2,1,5,4,5,13,4,4,4,5,5,1,17,1,61,3,10,7,1,7,14,1,4,1,4,44,1,21,121.5420833,25.06729034
114,01,16,17,24,2,04大安區,大安區大安路1段106巷與仁愛路4段27巷口,0,0,1,1,B03,7,6,5,30,4,1,1,5,4,5,13,4,4,10,5,5,2,15,2,46,3,10,7,1,7,9,1,8,1,4,72,1,21,121.5452019,25.0402254
114,01,16,17,48,2,01大同區,大同區重慶北路3段與重慶北路3段252巷口,0,0,1,1,C03,7,5,5,50,3,1,1,5,4,5,13,4,4,1,4,5,2,13,1,27,2,9,6,1,7,9,1,10,1,11,108,1,21,121.5137265,25.0713277
114,01,16,17,55,2,11南港區,南港區重陽路與興華路口,0,0,1,1,B03,7,5,5,50,4,1,1,5,4,5,13,1,1,5,5,5,2,16,1,69,3,10,7,1,7,5,1,8,1,6,8,1,21,121.605365,25.0578352
114,01,16,17,56,2,12內湖區,內湖區康寧路3段75巷6號,0,0,1,1,C03,8,5,5,50,14,9,1,5,4,5,13,4,4,5,5,5,2,12,1,62,4,11,5,1,7,4,1,10,11,15,94,2,21,121.6090524,25.072377
114,01,16,18,01,2,01大同區,大同區忠孝橋機慢車專用道往三重,0,0,4,1,C03,8,5,5,40,8,11,1,5,4,5,13,4,4,10,5,5,2,17,1,33,2,9,6,1,7,9,1,10,1,11,13,1,21,121.5046356,25.0499981
114,01,16,18,10,2,08士林區,士林區福華路164巷與中山北路6段口,0,0,1,1,C03,8,5,5,50,3,1,1,5,4,5,13,4,4,10,1,4,1,13,2,30,2,8,5,1,7,9,1,10,1,11,76,1,21,121.5247237,25.1044383
114,01,16,18,15,2,07信義區,信義區基隆路1段178號,0,0,1,1,C03,7,5,5,50,14,9,1,5,4,5,13,4,4,3,4,5,2,12,1,37,2,9,5,4,7,9,1,10,2,15,17,1,21,121.5646188,25.0417017
114,01,16,18,23,2,06松山區,松山區八德路3段與敦化北路口,0,0,1,1,B03,7,5,5,30,4,1,1,5,4,5,13,2,1,1,4,5,2,9,1,41,3,10,7,1,7,15,1,8,1,5,108,1,25,121.5492274,25.0483347
114,01,16,18,30,2,09北投區,北投區尊賢街與尊賢街206巷口,0,0,1,1,C03,7,5,5,30,3,1,1,5,4,5,13,4,4,10,5,5,2,16,1,19,3,10,5,1,7,5,1,10,1,11,72,1,21,121.5085894,25.11549425
114,01,16,18,47,2,12內湖區,內湖區金湖路與金湖路401巷口,0,0,2,1,C03,8,5,5,50,4,2,1,5,4,5,13,2,1,3,4,5,2,17,1,21,2,8,6,1,7,9,1,10,1,13,16,1,21,121.6042285,25.07339766
114,01,16,18,53,2,09北投區,北投區東華街1段與東華街1段22巷口,0,0,1,1,B03,8,5,5,50,3,2,1,5,4,5,13,4,4,9,4,5,1,17,1,60,3,10,7,1,7,6,1,8,1,2,9,1,21,121.5205477,25.1077359
114,01,16,18,55,2,04大安區,大安區忠孝東路3段與新生南路1段口,0,0,1,1,C04,7,5,5,50,4,1,1,5,4,5,13,1,1,10,5,5,2,29,2,23,2,9,5,1,7,12,1,10,1,14,44,1,21,121.5329323,25.0424216
114,01,16,19,10,2,06松山區,松山區健康路12號,0,0,1,1,B03,7,5,5,50,14,9,1,5,4,5,13,4,4,5,4,5,2,17,2,58,3,10,7,1,7,11,1,8,1,8,10,1,21,121.5526111,25.05238971
114,01,16,19,15,2,07信義區,信義區基隆路2段39巷與吳興街50巷口,0,0,1,1,C03,8,5,6,30,4,1,1,5,4,5,13,4,4,9,4,5,2,17,1,33,2,9,5,1,7,9,1,10,1,12,72,1,21,121.5595443,25.030627
114,01,16,19,19,2,12內湖區,內湖區洲子街與瑞光路393巷口,0,0,3,1,C03,7,5,5,50,4,1,1,5,4,5,13,1,1,5,5,5,2,17,1,43,2,9,5,1,7,5,1,10,2,11,83,1,21,121.5734754,25.0791391
114,01,16,20,12,2,12內湖區,內湖區堤外便道西向東,0,0,2,1,C03,7,5,6,50,14,9,1,5,4,5,13,4,4,9,5,5,1,12,1,41,2,9,6,1,7,9,1,10,2,11,13,1,22,121.615459,25.0655746
114,01,16,20,22,2,01大同區,大同區塔城街與鄭州路口,0,0,1,1,C03,7,5,5,50,4,2,1,5,4,5,13,1,1,5,2,5,2,17,1,31,3,10,5,1,7,7,1,10,1,14,100,1,21,121.510524,25.05041968
114,01,16,20,30,2,05中正區,中正區愛國西路與延平南路口,0,0,2,1,C03,7,5,5,50,4,2,1,5,4,5,13,1,1,1,4,5,2,13,2,33,2,8,5,1,7,9,1,10,1,11,16,1,21,121.5084225,25.0369373
114,01,16,20,30,2,05中正區,中正區徐州路2號,0,0,1,1,B03,7,5,5,50,14,9,1,5,4,5,13,4,4,9,4,4,2,16,1,32,3,10,7,1,7,11,1,8,2,8,10,1,22,121.5208086,25.0413751
114,01,16,20,54,2,08士林區,士林區中山北路5段與中正路口,0,0,1,1,C03,8,5,5,50,4,1,1,5,4,5,13,2,1,1,4,5,2,13,1,62,2,8,3,4,7,9,1,10,1,11,108,1,22,121.5280591,25.09566585
114,01,16,21,16,2,11南港區,南港區重陽路2-1號,0,0,1,1,B03,6,5,7,50,14,12,1,4,4,5,13,4,4,1,3,4,2,13,1,57,3,10,3,4,7,8,1,8,2,3,100,1,21,121.5953283,25.0549669
114,01,16,21,30,2,09北投區,北投區承德路7段與石牌路1段口,0,0,3,1,C03,8,5,5,60,3,2,1,5,4,5,13,2,1,1,4,4,2,17,2,46,2,9,6,1,7,9,1,10,1,11,16,1,22,121.5095303,25.1123653
114,01,16,21,44,2,11南港區,南港區市民大道8段與南港路1段277巷口,0,0,2,1,C03,6,5,5,50,4,2,1,4,4,5,13,2,1,9,2,5,2,16,1,59,2,9,6,1,7,9,1,10,2,11,81,1,21,121.6088679,25.0535449
114,01,16,21,51,2,06松山區,松山區市民大道4段29號,0,0,1,1,C03,7,5,5,40,14,9,1,5,4,5,13,4,4,9,4,5,2,17,2,29,2,9,6,1,7,5,1,10,1,17,16,1,21,121.5444067,25.0449887
114,01,16,22,16,2,11南港區,南港區中坡南路與中坡南路201巷口,0,0,1,1,B03,8,5,5,50,3,2,1,5,4,1,13,1,1,4,1,5,2,13,1,43,3,10,3,4,7,9,1,8,2,1,108,1,21,121.5856236,25.0416263
114,01,16,22,22,2,12內湖區,內湖區康寧路3段與康寧路3段165巷口,0,0,2,1,C03,7,5,5,50,4,1,1,5,4,5,13,1,1,1,3,5,1,16,1,29,2,9,6,1,7,5,1,10,1,12,74,1,21,121.6113556,25.0704376
114,01,16,23,38,2,03中山區,中山區市民大道2段與長安東路1段52巷口,0,0,1,1,C03,7,5,7,40,14,9,1,5,4,5,13,1,1,1,4,5,2,13,1,34,2,9,5,4,7,9,1,10,1,11,108,1,21,121.5281101,25.0469448
114,01,17,04,15,2,03中山區,中山區長安東路2段220號,0,0,1,1,B03,7,5,5,50,14,9,1,5,4,5,13,4,4,5,4,5,2,17,1,41,3,10,7,1,7,5,1,8,1,7,118,1,21,121.542646,25.04823626
114,01,17,06,16,2,12內湖區,內湖區東湖路與康樂街口,0,0,1,1,B02,8,5,6,50,4,2,1,5,4,5,13,2,1,5,4,5,2,17,1,24,3,10,7,1,7,6,1,8,2,2,81,1,21,121.6177393,25.06778995
114,01,17,06,35,2,01大同區,大同區承德路2段與民權西路口,0,0,1,1,B03,8,5,5,50,4,1,1,5,4,5,13,2,1,1,4,5,2,17,1,34,2,9,3,4,7,10,3,18,2,2,100,1,21,121.5182105,25.0629541
114,01,17,07,30,2,07信義區,信義區仁愛路4段與市府路口,0,0,1,1,A01,8,7,8,50,3,2,1,5,4,5,13,1,1,9,5,5,2,9,1,67,3,10,3,4,7,12,1,2,1,17,42,1,21,121.5633979,25.0375153
114,01,17,07,40,2,05中正區,中正區羅斯福路3段228號,0,0,1,1,B03,7,6,5,50,14,9,1,5,4,5,13,2,1,1,3,5,1,12,1,53,3,10,7,1,7,4,1,8,1,6,1,1,21,121.5301847,25.0186748
114,01,17,07,42,2,03中山區,中山區北安路與明水路口,0,0,1,1,C03,8,6,5,50,3,1,1,5,4,5,13,2,1,1,4,5,2,13,1,27,2,8,6,1,7,9,1,10,2,11,108,1,21,121.5387256,25.0776606
114,01,17,07,48,2,07信義區,信義區基隆路汽機車混合地下道往北,0,0,2,1,C03,8,5,8,30,22,22,1,5,4,5,13,4,4,7,4,5,2,13,2,47,2,9,6,1,7,9,1,10,2,12,16,1,22,121.5622064,25.0367805
114,01,17,07,49,2,04大安區,大安區愛國東路87號,0,0,1,1,B03,8,6,5,0,22,20,2,5,4,5,13,4,4,10,5,5,2,17,1,45,3,10,3,4,7,14,1,8,11,2,38,1,21,121.5279344,25.0315842
114,01,17,07,55,2,10文山區,文山區木新路1段與無名巷口口,0,0,2,1,C03,8,6,5,50,4,1,1,5,4,5,13,2,1,10,5,5,2,16,1,50,2,8,5,1,7,5,1,10,1,11,44,1,21,121.5707045,24.9887937
114,01,17,07,57,2,06松山區,松山區南京東路3段與敦化北路口,0,0,1,1,C03,7,6,5,50,4,1,1,5,4,5,13,1,1,2,2,4,2,13,1,27,2,9,6,1,7,9,1,9,1,11,13,1,21,121.5487067,25.0516434
114,01,17,08,15,2,03中山區,中山區一江街與松江路124巷口,0,0,2,1,F01,7,7,5,30,4,1,1,5,4,5,13,4,4,5,4,5,2,15,1,77,2,1,4,4,7,9,8,20,1,12,72,1,21,121.5315461,25.05257071
114,01,17,08,27,2,10文山區,文山區木柵路1段111號,0,0,1,1,B03,7,6,5,50,14,9,1,5,4,5,13,4,4,5,4,5,2,17,1,53,3,10,3,4,7,8,1,8,1,2,100,1,22,121.5478111,24.98705377
114,01,17,08,30,2,09北投區,北投區中央北路2段60號,0,0,1,1,C03,7,7,5,50,14,9,1,5,4,5,13,4,4,9,5,5,2,17,2,34,3,10,5,1,7,11,1,10,1,17,10,1,21,121.4948664,25.1371306
114,01,17,08,50,2,12內湖區,內湖區民權大橋往松山,0,0,1,1,C03,7,6,5,50,8,11,1,5,4,5,13,4,4,1,2,5,2,13,2,21,2,8,6,1,7,9,1,10,1,11,108,1,21,121.5690129,25.06417808
114,01,17,09,00,2,01大同區,大同區忠孝西路2段與塔城街口,0,0,3,1,C03,7,6,5,50,4,1,1,5,4,5,13,2,1,1,4,5,2,13,1,33,2,9,3,4,7,9,1,10,1,11,108,1,21,121.5101037,25.0482529
114,01,17,09,22,2,10文山區,文山區指南路1段59巷與指南路1段59巷口與不知名巷弄口,0,0,1,1,C03,8,6,5,30,3,1,1,5,4,5,13,4,4,10,5,5,2,16,1,22,3,10,5,1,7,5,1,10,1,11,74,1,21,121.5711446,24.9882302
114,01,17,09,23,2,06松山區,松山區民權東路3段190號,0,0,1,1,C03,7,7,5,50,14,7,1,5,4,5,13,1,1,9,4,5,2,13,2,30,2,8,5,1,7,9,1,10,1,11,16,1,22,121.5499876,25.0615862
114,01,17,09,25,2,01大同區,大同區錦西街成淵高中地下停車場出入口,0,0,1,1,B03,8,7,8,30,22,22,1,5,4,5,13,4,4,5,4,5,2,17,1,48,3,10,3,4,7,5,1,8,1,1,118,1,21,121.5202355,25.0603458
114,01,17,09,40,2,10文山區,文山區基隆路4段與汀州路4段口,0,0,1,1,C03,7,6,5,40,5,1,1,5,4,5,13,2,1,1,4,1,1,16,1,21,3,10,6,1,7,8,1,10,2,13,100,1,21,121.5364313,25.01084027
114,01,17,10,03,2,09北投區,北投區行義路1206848號燈桿,0,0,1,1,C03,8,7,5,40,14,9,1,5,4,5,13,4,4,4,5,5,1,13,2,21,2,7,5,1,7,9,1,10,1,11,108,1,22,121.5286382,25.1276054
114,01,17,10,13,2,03中山區,中山區北安路與敬業四路口,0,0,1,1,C03,7,7,5,50,14,9,1,5,4,5,13,1,1,1,5,5,2,17,1,32,2,9,5,1,7,9,1,10,1,17,42,1,22,121.5582657,25.0846207
114,01,17,10,15,2,08士林區,士林區雙溪街與中山北路5段口,0,0,1,1,C03,7,6,5,50,5,1,1,5,4,5,13,1,1,5,5,5,2,17,1,18,3,10,3,4,7,7,1,10,9,11,4,1,21,121.5262844,25.1008275
114,01,17,10,22,2,09北投區,北投區大度路3段185號,0,0,1,1,C03,7,7,5,50,14,9,1,5,4,5,13,4,4,1,4,5,2,13,2,40,2,9,5,1,7,12,1,10,1,11,16,1,21,121.4706427,25.1227493
114,01,17,11,05,2,06松山區,松山區八德路4段185號,0,0,1,1,C03,8,6,5,50,14,9,1,5,4,5,13,1,1,8,3,4,1,16,1,27,3,10,3,1,7,4,1,10,1,12,108,1,21,121.5634063,25.0488132
114,01,17,11,13,2,02萬華區,萬華區武昌街2段與武昌街2段120巷口,0,0,1,1,C03,7,7,5,30,4,1,1,5,4,5,13,4,4,10,5,5,2,15,1,35,2,9,5,1,7,9,1,10,1,13,72,1,21,121.504108,25.0453562
114,01,17,11,18,2,02萬華區,萬華區桂林路與環河南路1段348巷口,0,0,1,1,C03,7,6,5,50,5,1,1,5,4,5,13,2,1,1,4,5,2,16,1,50,3,10,6,4,7,5,1,10,1,12,71,1,22,121.495925,25.0388813
114,01,17,11,41,2,03中山區,中山區南京東路2段與松江路口,0,0,1,1,C03,7,7,5,50,4,2,1,5,4,5,13,1,1,1,4,4,2,13,2,18,2,9,5,1,7,9,1,10,1,11,16,1,22,121.533365,25.0521237
114,01,17,11,58,2,06松山區,松山區南京東路4段與北寧路口,0,0,1,1,B03,8,5,5,40,4,2,1,5,4,5,13,1,1,1,4,4,2,17,1,52,3,10,7,1,7,9,1,8,1,15,5,1,22,121.5523341,25.0515738
114,01,17,12,09,2,07信義區,信義區光復南路292號對面,0,0,1,1,C03,8,6,5,50,14,9,1,5,4,5,13,1,1,1,4,5,2,13,2,59,2,9,5,1,7,9,1,10,1,11,16,1,22,121.5576451,25.0391678
114,01,17,12,12,2,04大安區,大安區基隆路2段與通化街171巷口,0,0,2,1,C03,8,5,5,50,4,1,1,5,4,5,13,2,1,10,5,5,2,17,1,51,2,9,3,4,7,5,1,10,1,11,74,1,21,121.5559603,25.0274484
114,01,17,12,25,2,03中山區,中山區松江路與長春路口,0,0,1,1,B03,7,7,5,50,4,2,1,5,4,5,13,1,1,1,4,5,2,16,1,39,3,10,7,1,7,6,1,8,1,6,9,1,22,121.5329345,25.0549094