發生年度,發生月,發生日,發生時-Hours,發生分,處理別-編號,區序,肇事地點,死亡人數,2-30日死亡人數,受傷人數,當事人序號,車種,天候,光線,道路類別,速限-速度限制,道路型態,事故位置,路面狀況1,路面狀況2,路面狀況3,道路障礙1,道路障礙2,號誌1,號誌2,車道劃分-分向,車道劃分-分道1,車道劃分-分道2,車道劃分-分道3,事故類型及型態,性別,年齡,受傷程度,主要傷處,保護裝置,行動電話,車輛用途,當事者行動狀態,駕駛資格情形,駕駛執照種類,飲酒情形,車輛撞擊部位1,肇因碼-個別,個人肇逃否,職業,座標-X,座標-Y
114,01,17,12,27,2,09北投區,DA72電桿、近東華街2段300巷,0,0,1,1,B13,8,5,5,40,14,9,1,5,4,5,13,4,4,1,4,5,2,12,1,63,3,10,3,4,7,4,1,8,9,6,108,2,26,121.5038029,25.1215165
114,01,17,12,55,2,02萬華區,萬華區艋舺大道凱達大飯店前,0,0,1,1,B02,7,6,5,50,14,9,1,5,4,5,13,4,4,10,4,5,1,17,2,19,3,10,3,4,7,6,1,8,1,2,9,1,22,121.499373,25.0330697
114,01,17,13,00,2,01大同區,大同區延平北路4段與延平北路4段294巷口口,0,0,1,1,B03,8,5,6,50,3,1,1,5,4,5,13,1,1,2,4,5,2,16,1,54,3,10,7,1,7,5,1,8,1,8,71,1,21,121.5121029,25.0771287
114,01,17,13,00,2,03中山區,中山區民生東路2段127巷與松江路226巷口,0,0,1,1,C03,8,7,5,30,5,1,1,5,4,5,13,4,4,10,4,5,2,17,1,25,2,9,5,1,7,9,1,10,2,11,72,1,21,121.5322339,25.0584954
114,01,17,13,17,2,12內湖區,內湖區基湖路與瑞光路口,0,0,1,1,B02,8,6,5,50,3,2,1,5,4,5,13,4,4,5,4,5,2,17,1,29,3,10,7,1,7,11,1,4,2,5,42,1,21,121.5647892,25.0802912
114,01,17,13,28,2,09北投區,北投區大業路與承德路7段口,0,0,1,1,C03,8,5,5,50,5,1,1,5,4,5,13,2,1,1,3,4,2,16,2,67,2,9,5,1,7,5,1,10,2,14,8,1,21,121.4996104,25.1210545
114,01,17,13,35,2,08士林區,士林區德行東路109巷63弄與德行東路109巷口,0,0,1,1,C03,7,6,5,30,4,2,1,5,4,5,13,4,4,9,4,5,1,15,1,60,3,10,3,4,7,9,1,10,9,17,72,1,21,121.5284948,25.1095369
114,01,17,13,44,2,11南港區,南港區市民大道7段與忠孝東路6段269巷口,0,0,1,1,C03,8,6,5,50,3,1,1,5,4,5,13,1,1,3,3,5,2,17,1,19,2,9,6,1,7,12,1,10,2,17,13,1,21,121.589457,25.0505931
114,01,17,13,51,2,09北投區,北投區中央北路2段與中央北路2段68巷口,0,0,1,1,B12,8,7,5,50,3,1,1,5,4,5,13,4,4,5,4,5,2,16,1,56,3,10,3,4,7,5,1,8,2,4,8,1,26,121.4945285,25.1372654
114,01,17,13,55,2,07信義區,信義區信義路5段與松智路口,0,0,1,1,B03,8,6,5,50,4,2,1,5,4,5,13,1,1,9,4,5,2,17,1,29,3,10,7,1,7,5,1,8,1,8,71,1,22,121.5653236,25.0329353
114,01,17,14,05,2,07信義區,信義區松德路208號,0,0,1,1,C03,8,6,5,50,14,9,1,5,4,5,13,4,4,8,3,5,2,17,2,21,3,10,3,4,7,15,1,10,1,13,100,1,21,121.5744264,25.0340244
114,01,17,14,12,2,05中正區,中正區襄陽路與懷寧街口,0,0,2,1,C03,8,6,5,50,4,1,1,5,4,5,12,2,1,5,4,5,2,16,2,32,2,7,5,1,7,5,1,10,2,12,71,1,22,121.5140698,25.04343846
114,01,17,14,27,2,08士林區,士林區延平北路7段106巷146弄口側附近,0,0,1,1,B03,8,7,5,30,14,9,1,5,4,5,13,4,4,10,5,5,1,12,1,57,3,10,7,1,7,9,1,8,1,2,97,1,21,121.4962333,25.10042434
114,01,17,14,32,2,02萬華區,萬華區和平西路3段與南寧路口,0,0,2,1,B12,8,6,5,50,5,1,1,5,4,5,13,2,1,1,4,5,2,17,1,34,3,10,7,1,7,6,1,8,1,5,99,1,21,121.5032209,25.0351143
114,01,17,14,48,2,08士林區,士林區劍潭路與基河路口,0,0,2,1,B03,8,7,5,50,4,1,1,5,4,5,13,1,1,1,5,5,2,17,2,65,3,10,7,1,7,5,1,8,1,2,71,1,21,121.524739,25.08410916
114,01,17,14,50,2,05中正區,中正區中華路1段與長沙街1段口,0,0,2,1,B03,8,7,5,50,4,1,1,5,4,5,13,1,1,10,5,5,2,17,2,40,3,10,7,1,7,6,1,8,2,2,9,1,26,121.5080142,25.0404102
114,01,17,14,55,2,07信義區,信義區基隆路2段與嘉興街216巷口,0,0,1,1,A02,7,6,5,50,3,2,1,5,4,5,13,1,1,3,4,5,2,9,1,51,3,10,3,4,7,9,1,2,2,17,44,1,21,121.5559857,25.0273349
114,01,17,14,58,2,04大安區,大安區光復南路456巷24號,0,0,1,1,C03,8,6,5,50,14,9,1,5,4,3,10,4,4,9,5,5,2,17,1,39,2,9,5,1,7,9,1,10,1,14,44,1,21,121.5563665,25.0353411
114,01,17,15,10,2,08士林區,士林區劍潭路1號,0,0,1,1,C03,7,6,5,50,14,9,1,5,4,5,13,4,4,3,4,5,1,16,2,60,2,9,3,4,7,7,1,10,1,14,100,1,21,121.5247879,25.0847171
114,01,17,15,37,2,01大同區,大同區大稻埕堤外便道自行車道,0,0,2,1,F01,8,6,5,0,22,23,1,5,4,5,13,4,4,10,5,5,2,17,2,15,2,1,4,1,7,1,8,20,1,11,19,1,21,121.508055,25.0571161
114,01,17,15,55,2,05中正區,中正區南海路與牯嶺街口,0,0,1,1,B01,7,7,5,30,4,2,1,5,4,1,13,1,1,5,4,5,2,12,1,66,3,10,7,1,7,7,1,4,2,4,44,1,22,121.514884,25.0319896
114,01,17,15,57,2,06松山區,松山區敦化北路與富錦街77巷口,0,0,2,1,A41,7,7,5,50,4,4,1,5,4,5,13,2,1,1,5,5,2,16,1,44,4,11,3,4,7,5,7,19,9,2,17,1,21,121.5508297,25.0610269
114,01,17,15,58,2,01大同區,大同區民族西路282巷與延平北路3段113巷口,0,0,2,1,C03,8,7,5,30,4,1,1,5,4,5,13,4,4,10,4,5,2,17,1,21,2,9,3,4,7,9,1,10,1,11,75,1,21,121.5115453,25.0682373
114,01,17,16,02,2,03中山區,中山區中山北路2段與錦州街口,0,0,3,1,C03,7,7,5,50,4,1,1,5,4,5,13,2,1,1,4,5,2,17,2,64,2,9,6,4,7,9,1,10,2,15,42,1,21,121.5230628,25.0603149
114,01,17,16,03,2,08士林區,士林區德行東路203巷與忠誠路2段21巷口,0,0,1,1,C03,8,7,5,30,4,1,1,5,4,5,13,4,4,10,5,5,2,15,2,33,2,7,6,1,7,9,1,10,1,14,72,1,21,121.5319206,25.1095509
114,01,17,16,06,2,01大同區,大同區西寧北路與鄭州路口,0,0,1,1,B02,8,6,5,40,4,2,1,5,4,5,13,1,1,1,4,5,2,13,1,39,3,10,7,1,7,9,1,8,2,7,44,1,21,121.5078074,25.0504311
114,01,17,16,10,2,12內湖區,內湖區內湖路2段與內湖路2段336巷口,0,0,1,1,B03,7,5,5,50,3,1,1,5,4,5,13,4,4,4,3,5,1,16,1,71,3,10,3,4,7,5,1,8,1,1,8,1,21,121.5890061,25.081666
114,01,17,16,15,2,06松山區,松山區市民大道4段37巷與市民大道4段口,0,0,1,1,C03,7,7,5,40,3,2,1,5,4,5,13,4,4,1,4,5,2,16,1,36,2,9,5,1,7,9,1,10,1,14,108,1,25,121.5449491,25.0451106
114,01,17,16,20,2,03中山區,中山區中山北路4段與中山北路3段口圓山涵洞,0,0,1,1,B03,7,5,5,0,3,2,1,5,4,5,13,1,1,1,3,5,1,15,2,28,3,10,7,1,7,9,1,8,1,1,81,1,21,121.5255917,25.07646534
114,01,17,16,38,2,04大安區,大安區辛亥路3段與復興南路2段口,0,0,1,1,B03,8,6,5,50,4,1,1,5,4,5,13,2,1,1,4,1,1,12,1,68,3,10,3,4,7,9,1,8,2,4,44,1,21,121.5433455,25.0215054
114,01,17,16,53,2,03中山區,中山區市民大道2段與中山北路1段口,0,0,2,1,C03,7,5,5,40,14,9,1,5,4,5,13,1,1,1,5,5,2,13,1,25,2,8,5,1,7,9,1,10,1,11,16,1,22,121.5213665,25.0480976
114,01,17,16,55,2,12內湖區,內湖區成功路2段與石潭路口,0,0,1,1,B12,7,7,5,50,14,9,1,5,4,5,13,1,1,1,3,5,1,17,1,57,3,10,7,1,7,9,1,8,1,4,44,1,21,121.5906423,25.0636681
114,01,17,17,00,2,01大同區,大同區延平北路2段148號與延平北路2段144巷口,0,0,1,1,B01,8,7,5,50,4,1,1,5,4,5,13,4,4,5,4,5,2,16,1,54,3,10,7,1,7,5,1,4,1,1,74,1,21,121.511484,25.057647
114,01,17,17,11,2,05中正區,中正區博愛路與寶慶路口,0,0,1,1,F01,8,6,5,50,4,2,1,5,4,5,13,4,4,10,4,5,2,17,1,32,2,9,2,4,7,9,8,20,1,12,116,1,22,121.5113883,25.04130503
114,01,17,17,25,2,05中正區,中正區中華路1段與忠孝西路1段口,0,0,1,1,C03,8,5,5,50,5,1,1,5,4,5,13,1,1,10,5,5,2,17,2,52,2,1,5,1,7,7,1,10,2,14,100,1,26,121.5101072,25.0480035
114,01,17,17,30,2,05中正區,中正區中山南路與信義路1段口,0,0,1,1,C03,7,5,5,50,5,1,1,5,4,5,13,1,1,1,4,5,2,13,1,42,3,10,6,1,7,9,1,10,1,11,16,1,22,121.5176509,25.0384047
114,01,17,17,37,2,10文山區,文山區木柵路1段與試院路口口,0,0,1,1,B01,8,5,5,50,3,1,1,5,4,5,13,2,1,10,5,5,1,2,1,56,3,10,7,4,7,5,1,8,2,8,70,1,21,121.54905,24.9872409
114,01,17,17,45,2,06松山區,松山區市民大道6段與松山路口,0,0,1,1,C03,7,5,5,40,14,9,2,5,4,5,13,4,4,1,4,5,2,12,2,25,2,9,5,1,7,7,1,10,1,14,100,1,26,121.5773795,25.0494953
114,01,17,17,50,2,10文山區,文山區辛亥路4段與辛亥路4段166巷口,0,0,2,1,H01,7,5,5,50,3,18,1,5,4,5,13,2,1,1,4,5,2,3,2,83,2,9,4,5,8,16,8,20,10,16,122,1,21,121.5563421,25.0035575
114,01,17,17,51,2,04大安區,大安區仁愛路3段與仁愛路3段118巷口,0,0,1,1,B02,7,5,5,50,4,1,1,5,4,5,13,2,1,10,5,5,2,12,2,40,3,10,3,4,7,9,1,8,1,5,108,1,22,121.5398246,25.0384257
114,01,17,18,05,2,06松山區,松山區北寧路30號對面,0,0,2,1,B03,8,5,5,50,14,9,1,5,4,5,13,4,4,8,3,4,2,17,2,43,3,10,7,1,7,5,1,8,2,5,8,1,21,121.5525983,25.049166
114,01,17,18,10,2,05中正區,中正區南海路與惠安街口,0,0,1,1,B03,7,5,5,50,3,1,1,5,4,5,13,1,1,5,4,5,2,13,1,56,3,10,7,1,7,9,1,8,1,8,16,1,22,121.508019,25.0280092
114,01,17,18,15,2,07信義區,信義區嘉興街219巷與嘉興街口,0,0,2,1,C03,7,5,5,30,3,1,1,5,4,5,13,4,4,9,5,5,2,17,2,31,2,8,3,4,7,6,1,10,1,11,72,1,21,121.556254,25.0258089
114,01,17,18,23,2,01大同區,大同區錦西街與興城街口,0,0,3,1,F02,8,5,5,50,3,1,1,5,4,5,13,4,4,9,5,5,2,12,1,13,2,9,4,1,7,15,8,20,2,15,8,1,21,121.5172889,25.0601544
114,01,17,18,28,2,06松山區,松山區長春路與復興北路141巷6弄口,0,0,2,1,F01,7,5,5,50,4,1,1,5,4,5,13,4,4,1,4,5,2,15,1,33,2,9,4,1,7,11,8,20,1,11,11,1,25,121.544835,25.0545335
114,01,17,18,30,2,07信義區,信義區崇德街81巷4號,0,0,1,1,F01,7,5,5,30,14,9,1,5,4,5,13,4,4,9,4,5,2,18,1,49,2,1,4,1,7,9,8,20,9,11,118,1,22,121.5553271,25.0243486
114,01,17,18,49,2,01大同區,大同區延平北路4段與迪化街2段268巷口,0,0,1,1,C03,7,5,5,30,3,2,1,5,4,5,13,4,4,5,2,5,2,17,1,73,2,8,6,1,7,5,1,10,2,13,72,1,21,121.5108866,25.07063201
114,01,17,19,10,2,04大安區,大安區和平東路2段96巷與和平東路2段76巷19弄口,0,0,1,1,B01,8,5,5,30,4,18,1,5,4,5,13,4,4,9,4,5,2,1,1,69,3,10,3,4,7,5,1,4,1,8,70,1,22,121.540582,25.0226121
114,01,17,19,13,2,10文山區,文山區景興路100號,0,0,1,1,C03,8,5,5,50,14,9,1,5,4,5,13,4,4,1,4,5,2,17,2,48,3,10,6,1,7,1,3,18,1,17,19,1,21,121.5448589,24.9942299
114,01,17,19,17,2,08士林區,士林區至善路1段與福林路254巷口,0,0,1,1,C03,8,5,5,50,3,2,1,5,4,5,13,3,1,1,4,5,2,16,1,51,3,10,6,1,7,11,1,10,1,12,98,1,26,121.5376709,25.0982436
114,01,17,19,37,2,09北投區,北投區石牌路2段與天母西路口,0,0,1,1,C03,8,5,5,50,4,2,1,5,4,5,13,3,1,9,4,5,2,17,2,42,2,1,5,1,7,5,1,10,2,12,72,1,21,121.5219593,25.1192819
114,01,17,20,02,2,09北投區,北投區石牌路2段135號,0,0,1,1,B03,8,5,5,50,14,9,1,5,4,5,13,4,4,8,3,5,2,17,1,39,3,10,7,1,7,6,1,8,2,5,80,1,21,121.5178703,25.1181624
114,01,17,20,11,2,01大同區,大同區鄭州路(0801005燈桿）,0,0,1,1,C03,7,5,5,40,14,9,1,5,4,5,13,4,4,1,4,5,2,17,1,22,2,8,5,1,7,15,1,10,1,15,17,1,21,121.5094904,25.0504136
114,01,17,20,23,2,03中山區,中山區民權東路2段92巷,0,0,1,1,C03,7,5,5,30,14,9,2,5,4,5,13,4,4,10,5,5,2,9,1,71,3,10,3,4,7,1,1,10,1,11,19,1,21,121.5317461,25.0623191
114,01,17,20,46,2,11南港區,南港區市民大道8段與南港路2段41巷口,0,0,1,1,B03,7,5,5,50,4,2,1,5,4,5,13,1,1,5,4,5,2,17,2,27,3,10,7,1,7,8,1,8,1,17,44,1,21,121.6032491,25.0526173
114,01,17,20,56,2,09北投區,北投區承德路7段與大度路口,0,0,1,1,B03,8,7,6,60,4,2,1,5,4,5,13,1,1,9,4,5,1,17,1,31,3,10,7,1,7,5,1,8,2,5,98,1,21,121.4997054,25.1208217
114,01,17,21,00,2,06松山區,松山區敦化北路120巷與敦化北路120巷7弄口,0,0,2,1,C03,7,5,5,30,4,1,1,5,4,5,13,4,4,10,5,5,2,15,2,51,2,1,5,1,7,9,1,10,1,14,72,1,21,121.548015,25.0539016
114,01,17,21,09,2,09北投區,北投區立農街2段與立農街2段273巷口,0,0,1,1,B03,7,5,5,50,5,1,1,5,4,5,12,1,1,5,4,5,2,17,1,46,3,10,3,4,7,5,1,4,1,6,71,1,21,121.5142786,25.1188831
114,01,17,21,31,2,04大安區,大安區市民大道4段136號,0,0,1,1,C03,8,5,5,40,14,9,1,5,4,5,13,4,4,1,4,5,2,13,1,33,2,9,6,1,7,9,1,10,1,11,16,1,21,121.5516221,25.0444514
114,01,17,21,40,2,03中山區,中山區松江路與松江路口側附近84巷口,0,0,1,1,B02,8,5,5,50,4,1,1,5,4,5,13,1,1,1,4,5,2,9,2,47,3,10,3,4,7,5,1,8,1,1,44,1,21,121.5329217,25.0502843
114,01,17,21,40,2,11南港區,南港區南港路1段與興華路口,0,0,1,1,C03,7,5,5,50,4,2,1,5,4,5,13,2,1,9,4,4,2,13,1,25,2,4,6,1,7,5,1,10,1,11,16,1,21,121.6062579,25.05425
114,01,17,21,47,2,05中正區,中正區重慶南路2段與南海路口,0,0,1,1,B03,7,5,5,50,3,1,1,5,4,5,13,1,1,10,4,5,2,13,1,38,3,10,7,1,7,5,1,8,2,5,27,1,21,121.5143021,25.0317871
114,01,17,21,50,2,04大安區,大安區羅斯福路3段與辛亥路1段口,0,0,1,1,B03,8,5,5,50,5,2,1,5,4,5,13,2,1,1,4,5,2,3,1,45,3,10,3,4,7,6,3,18,1,1,70,1,21,121.5294998,25.0197242
114,01,17,22,02,2,11南港區,南港區玉成街與玉成街52巷口口,0,0,3,1,F03,7,5,5,30,3,18,1,5,4,5,13,4,4,9,5,5,2,3,2,28,2,8,3,4,7,9,8,20,1,11,70,1,22,121.5815686,25.0480971
114,01,17,22,11,2,01大同區,大同區延平北路2段與民權西路口,0,0,1,1,C03,7,5,5,50,4,2,1,5,4,5,13,1,1,5,2,5,2,17,1,22,3,10,5,1,7,10,1,10,1,12,100,1,21,121.5112235,25.0627643
114,01,17,22,31,2,03中山區,中山區長安東路1段與中山北路1段口,0,0,1,1,B03,7,5,5,50,4,1,1,5,4,5,13,1,1,5,4,5,2,16,1,19,3,10,3,4,7,5,1,8,2,2,8,1,21,121.5218372,25.0500783
114,01,17,23,52,2,07信義區,信義區松高路與市府路口,0,0,1,1,C03,7,5,5,50,4,2,1,5,4,5,13,1,1,5,4,5,2,13,1,30,2,9,6,1,7,9,1,10,2,11,108,1,21,121.5645058,25.0392977
114,01,18,00,15,2,03中山區,中山區中山北路3段與農安街口,0,0,1,1,C03,8,5,5,50,3,1,1,5,4,5,13,1,1,1,4,5,2,17,2,23,2,9,5,1,7,9,1,10,9,12,44,1,21,121.5223508,25.0651507
114,01,18,00,56,2,02萬華區,萬華區萬大路與萬大路329巷口,0,0,1,1,C03,7,5,5,30,4,1,1,5,4,5,13,2,1,2,4,5,2,17,1,19,2,9,5,1,7,5,1,10,1,12,108,1,21,121.5002695,25.0242516
114,01,18,00,56,2,03中山區,中山區中山北路3段與民族東路口海霸王無名巷,0,0,2,1,C03,7,5,5,30,3,1,1,5,4,5,13,4,4,3,4,3,2,17,2,70,2,9,6,1,7,6,1,10,1,14,73,1,21,121.5231304,25.06889245
114,01,18,00,56,2,03中山區,中山區長安東路1段25號,0,0,1,1,B01,7,5,5,50,14,9,1,5,4,5,13,4,4,5,4,5,2,16,1,66,3,10,3,4,7,11,1,4,1,4,10,1,21,121.537206,25.0688543
114,01,18,02,24,2,05中正區,中正區延平北路1段與鄭州路口,0,0,1,1,C03,7,5,5,40,4,2,1,5,5,5,13,1,1,10,5,5,2,18,2,23,2,9,5,1,7,9,1,10,2,12,13,1,22,121.5120883,25.0497193
114,01,18,05,51,2,09北投區,北投區大度路3段與大度路3段301巷口,0,0,1,1,B03,8,5,5,50,4,1,1,5,4,5,13,3,1,1,4,5,1,17,1,54,3,10,7,1,7,5,1,8,1,1,108,1,22,121.4663587,25.1234319
114,01,18,07,36,2,05中正區,中正區寧波西街229號,0,0,1,1,C03,8,6,5,30,14,9,1,5,4,5,13,4,4,10,5,5,1,17,1,45,2,9,5,1,7,9,1,10,11,11,108,2,21,121.5103798,25.0254306
114,01,18,07,37,2,05中正區,中正區汀州路2段與同安街28巷7弄口,0,0,1,1,C03,8,6,5,50,3,1,1,5,4,5,13,4,4,9,4,5,2,17,1,32,3,10,5,1,7,5,1,10,1,11,74,1,21,121.5207066,25.0246223
114,01,18,08,25,2,09北投區,北投區石牌路1段166巷與致遠一路2段40巷口,0,0,4,1,C03,7,7,5,30,4,1,1,5,4,5,13,4,4,10,5,5,2,15,2,37,2,9,5,1,7,9,1,10,1,11,72,1,21,121.5156093,25.1126086
114,01,18,09,58,2,05中正區,中正區汀州路3段41號,0,0,1,1,C03,8,6,5,50,14,9,1,5,4,5,13,4,4,1,4,5,2,12,1,44,3,10,5,1,7,9,1,10,2,14,17,1,21,121.5271618,25.0187941
114,01,18,10,07,2,05中正區,中正區汀州路2段與汀州路2段255巷口,0,0,1,1,C03,8,7,5,50,4,2,1,5,4,5,13,4,4,9,5,5,2,17,2,47,3,10,6,1,7,15,1,10,1,17,100,1,22,121.5231444,25.0229994
114,01,18,10,11,2,04大安區,大安區信義路4段與安和路2段口,0,0,2,1,C03,8,6,5,50,4,1,1,5,4,5,13,2,1,1,4,5,1,13,2,42,2,9,6,4,7,9,1,10,2,11,108,1,21,121.5522775,25.0331284
114,01,18,10,25,2,02萬華區,萬華區桂林路與西昌街口,0,0,1,1,B03,8,7,5,50,4,1,1,5,4,5,13,1,1,9,4,4,2,16,1,27,3,10,7,1,7,6,1,8,2,6,9,1,21,121.5006122,25.0385129
114,01,18,10,49,2,04大安區,大安區市民大道3段與建國南路1段口,0,0,3,1,B03,8,5,5,40,4,4,1,5,4,5,13,4,4,1,3,4,1,13,1,89,3,10,7,1,7,9,1,8,1,1,16,1,21,121.536165,25.0446663
114,01,18,10,54,2,02萬華區,萬華區康定路與內江街口,0,0,1,1,C03,7,7,5,50,4,1,1,5,4,5,13,1,1,9,4,5,2,13,2,30,3,10,5,1,7,7,1,10,1,11,44,1,21,121.5023004,25.0417327
114,01,18,11,06,2,12內湖區,內湖區星雲街55號對面,0,0,2,1,B03,8,6,5,40,14,9,1,5,4,5,13,4,4,9,5,5,2,17,1,42,3,10,3,1,7,13,1,8,2,4,40,1,21,121.592056,25.078723
114,01,18,11,07,2,05中正區,中正區重慶南路1段與寶慶路口,0,0,1,1,B03,8,7,5,50,4,1,1,5,4,5,13,1,1,4,3,5,2,17,1,74,3,10,7,1,7,6,1,8,2,8,9,1,21,121.5129878,25.04099347
114,01,18,11,16,2,01大同區,大同區民權西路184巷與民權西路160巷26弄口,0,0,1,1,C03,7,6,5,30,4,1,1,5,4,5,13,4,4,10,3,5,1,15,2,62,2,9,6,1,7,9,1,10,2,11,72,1,21,121.5145772,25.0616756
114,01,18,11,19,2,07信義區,信義區松山路677之15號,0,0,2,1,B03,7,6,5,30,12,9,1,5,4,5,13,4,4,5,5,5,2,11,1,75,2,9,7,1,7,9,1,14,1,1,45,1,21,121.581845,25.0255768
114,01,18,11,22,2,10文山區,文山區木柵路2段22號,0,0,1,1,B11,8,6,5,50,14,9,1,5,4,5,13,4,4,5,4,5,2,12,1,23,3,10,7,1,7,9,1,8,1,2,118,1,21,121.5587191,24.988708
114,01,18,11,32,2,07信義區,信義區基隆路1段與松壽路口,0,0,1,1,C03,7,6,5,50,4,1,1,5,4,5,13,1,1,10,4,5,2,17,1,49,2,7,5,1,7,5,1,10,1,13,8,1,22,121.5617227,25.0359323
114,01,18,11,49,2,10文山區,文山區萬壽路(東往西0707867燈桿旁）,0,0,2,1,B03,8,6,5,30,14,9,1,5,4,5,13,4,4,5,5,5,1,11,1,30,3,10,7,1,7,9,1,8,1,8,4,1,21,121.5879659,24.9887402
114,01,18,12,02,2,05中正區,中正區延平南路與漢口街1段口,0,0,1,1,B03,8,6,5,30,4,2,1,5,4,5,13,2,1,10,4,5,2,13,1,32,3,10,7,1,7,5,1,8,1,1,16,1,22,121.5105777,25.0451501
114,01,18,12,02,2,08士林區,士林區福林路254巷與福林路口,0,0,1,1,C03,8,6,5,50,4,2,1,5,4,5,13,1,1,9,4,5,1,18,1,36,2,9,3,4,7,9,1,10,2,14,42,1,21,121.5344786,25.0980192
114,01,18,12,03,2,11南港區,南港區研究院路3段168號與研究院路3段203巷口,0,0,1,1,C03,8,6,6,50,3,2,1,5,4,5,13,4,4,5,5,5,2,6,1,28,3,10,6,1,7,9,1,9,2,11,70,1,21,121.611882,25.0333022
114,01,18,12,11,2,08士林區,士林區中山北路5段65號,0,0,2,1,C03,8,6,5,50,14,9,1,5,4,5,13,4,4,1,4,4,1,9,1,72,2,9,3,4,7,12,1,10,1,12,42,1,22,121.5253304,25.08301491
114,01,18,12,19,2,01大同區,大同區重慶北路2段151號,0,0,2,1,C03,8,7,5,50,14,9,1,5,4,5,13,4,4,1,4,5,2,17,1,35,2,9,3,4,7,15,1,10,1,15,42,1,21,121.5137674,25.0584642
114,01,18,12,27,2,06松山區,松山區敦化北路北往南(0200886號燈桿),0,0,1,1,C03,8,7,5,30,14,7,1,5,4,5,13,4,4,9,4,4,2,13,1,18,2,7,6,1,7,7,1,10,2,11,108,1,22,121.5491942,25.05884008
114,01,18,12,31,2,02萬華區,萬華區和平西路3段235號,0,0,1,1,F03,8,7,5,50,14,9,1,5,4,5,13,4,4,1,4,5,2,17,2,74,3,10,5,1,7,7,8,20,11,17,44,1,21,121.4955593,25.0354153
114,01,18,12,33,2,02萬華區,萬華區艋舺大道與艋舺大道120巷口,0,0,2,1,C04,8,5,5,50,3,4,1,5,4,5,13,1,1,1,4,5,2,13,1,29,2,8,5,4,7,9,1,10,1,11,108,1,21,121.5023286,25.0333612
114,01,18,12,40,2,03中山區,中山區松江路與松江路204巷口,0,0,1,1,B03,8,7,5,50,3,1,1,5,4,5,13,4,4,1,4,5,2,16,1,61,3,10,3,4,7,6,1,8,1,6,9,1,21,121.5330071,25.0574659
114,01,18,13,15,2,10文山區,文山區木新路3段與木新路3段45巷口,0,0,2,1,C03,8,6,5,40,4,1,1,5,4,5,13,1,1,10,5,4,2,15,2,52,3,10,6,1,7,9,1,10,2,14,81,1,21,121.5642155,24.9825531
114,01,18,13,50,2,05中正區,中正區忠孝東路2段與杭州南路1段口,0,0,2,1,C03,8,5,8,50,4,2,5,5,4,5,13,2,1,10,5,5,2,15,1,31,2,9,5,1,7,9,1,10,2,11,108,1,26,121.5269336,25.0438306
114,01,18,14,10,2,01大同區,大同區無名巷與民樂街口旁,0,0,1,1,C03,7,6,5,30,14,9,2,5,4,4,13,4,4,10,5,5,2,29,1,35,3,10,5,1,7,9,1,10,11,17,108,1,21,121.5105884,25.0597801
114,01,18,14,22,2,02萬華區,萬華區中華路2段與莒光路口,0,0,2,1,C03,7,5,5,50,4,1,1,5,4,5,13,1,1,5,4,5,2,17,1,57,2,7,5,4,7,5,1,10,1,11,8,1,21,121.504082,25.0312579
114,01,18,14,48,2,06松山區,松山區南京東路5段59巷與南京東路5段23巷6弄口,0,0,3,1,C03,8,7,5,30,4,1,1,5,4,5,13,4,4,10,5,5,2,16,2,48,2,9,5,1,7,9,1,10,1,11,75,1,22,121.5591877,25.0521164
114,01,18,15,01,2,02萬華區,萬華區東園街與西園路2段口,0,0,1,1,F01,7,6,5,0,14,20,4,5,4,5,13,4,4,10,5,5,2,2,4,0,,,,,,,,,,,119,2,,121.4956639,25.0278296
114,01,18,15,10,2,05中正區,中正區南昌路2段與南昌路2段1巷口,0,0,2,1,B03,8,7,5,50,3,1,1,5,4,5,13,4,4,7,4,5,2,16,2,69,3,10,7,1,7,11,1,8,1,8,10,1,21,121.5191222,25.0286448
114,01,18,15,21,2,04大安區,大安區羅斯福路2段與和平東路1段口,0,0,2,1,C03,8,5,5,50,4,2,1,5,4,5,13,2,1,1,4,5,2,12,1,60,2,8,5,1,7,6,1,10,1,14,99,1,21,121.5226873,25.0269192
114,01,18,15,28,2,01大同區,大同區重慶北路2段與民生西路口,0,0,1,1,B03,7,6,5,50,4,2,1,5,4,5,13,2,1,1,4,5,2,17,1,21,3,10,7,4,7,5,1,8,1,5,8,1,21,121.5144855,25.0567512
114,01,18,15,30,2,10文山區,文山區木柵路1段與辛亥路6段口口,0,0,1,1,C03,8,7,5,50,10,9,1,5,4,5,13,2,1,9,4,5,2,16,2,36,2,9,5,1,7,7,1,10,9,14,100,1,21,121.5522909,24.9879909
114,01,18,15,33,2,03中山區,中山區林森北路與雙城街13巷口,0,0,2,1,B03,8,6,5,50,3,2,1,5,4,5,13,2,1,9,5,5,2,13,1,43,3,10,7,4,7,9,1,8,1,1,16,1,21,121.5256273,25.0642557
114,01,18,15,44,2,04大安區,大安區復興南路2段與瑞安街23巷口,0,0,2,1,B03,8,7,5,50,4,1,1,5,4,5,13,4,4,1,4,5,2,17,1,26,3,10,3,4,7,5,1,8,1,5,71,1,21,121.5436627,25.031085
114,01,18,16,10,2,07信義區,信義區林口街與松山路541巷口,0,0,2,1,B03,7,5,5,30,4,1,1,5,4,5,13,4,4,5,5,4,2,17,1,45,3,10,7,1,7,11,1,8,1,8,72,1,21,121.5793676,25.0379349