發生年度,發生月,發生日,發生時-Hours,發生分,處理別-編號,區序,肇事地點,死亡人數,2-30日死亡人數,受傷人數,當事人序號,車種,天候,光線,道路類別,速限-速度限制,道路型態,事故位置,路面狀況1,路面狀況2,路面狀況3,道路障礙1,道路障礙2,號誌1,號誌2,車道劃分-分向,車道劃分-分道1,車道劃分-分道2,車道劃分-分道3,事故類型及型態,性別,年齡,受傷程度,主要傷處,保護裝置,行動電話,車輛用途,當事者行動狀態,駕駛資格情形,駕駛執照種類,飲酒情形,車輛撞擊部位1,肇因碼-個別,個人肇逃否,職業,座標-X,座標-Y
114,01,22,00,45,2,08士林區,士林區百齡橋西向東(7510211號燈桿),0,0,2,1,C03,8,5,5,50,14,12,1,5,4,5,13,4,4,1,4,5,1,13,1,48,2,8,3,4,7,9,1,10,2,11,118,1,22,121.5138786,25.08913282
114,01,22,04,21,2,02萬華區,萬華區西寧南路107號,0,0,1,1,C03,7,5,5,50,14,9,1,5,4,5,13,4,4,10,4,5,2,17,2,21,2,9,6,1,7,9,1,10,1,17,42,1,22,121.5066833,25.0452837
114,01,22,06,05,2,01大同區,大同區承德路1段與太原路133巷口,0,0,2,1,C03,7,6,5,50,3,2,1,5,4,5,13,4,4,10,4,5,2,16,1,69,2,9,3,4,7,6,1,10,1,12,9,1,21,121.5174766,25.0528866
114,01,22,07,50,2,10文山區,文山區辛亥路7段與忠順街1段口,0,0,1,1,C03,7,6,5,50,3,1,1,5,4,5,13,1,1,5,4,5,1,16,2,28,2,9,5,1,7,5,1,10,1,13,8,1,21,121.554018,24.9832515
114,01,22,08,15,2,08士林區,士林區延平北路5段136巷與延平北路5段136巷27弄口,0,0,3,1,C03,7,6,5,30,4,1,1,5,4,5,13,4,4,10,5,5,2,15,2,28,2,8,5,1,7,9,1,10,1,12,14,1,21,121.5115551,25.08225085
114,01,22,08,19,2,06松山區,松山區復興南路1段與復興南路1段47巷口,0,0,1,1,B03,7,6,5,50,3,2,1,5,4,5,13,4,4,1,3,5,2,16,1,61,3,10,3,4,7,10,1,8,1,2,100,1,21,121.5440155,25.0455487
114,01,22,08,39,2,03中山區,中山區南京東路3段與南京東路3段109巷口,0,0,1,1,C03,7,5,5,50,14,9,1,5,4,5,13,4,4,1,4,4,2,12,1,18,2,9,3,4,7,7,1,10,1,14,100,1,21,121.539864,25.05195292
114,01,22,08,51,2,12內湖區,內湖區康寧路3段245巷與安康路口,0,0,2,1,C03,7,6,5,50,4,1,1,5,4,5,13,1,1,10,5,5,2,16,1,32,2,9,6,1,7,5,1,9,2,14,44,1,21,121.6145296,25.0662496
114,01,22,09,08,2,07信義區,信義區吳興街284巷24弄14號,0,0,1,1,B03,8,7,5,30,14,9,1,5,4,5,13,4,4,10,5,5,2,2,1,43,3,10,7,1,7,9,1,8,1,2,108,1,21,121.5632407,25.0242951
114,01,22,09,14,2,03中山區,中山區長安東路2段與伊通街口,0,0,1,1,C03,8,6,5,50,4,1,1,5,4,5,13,1,1,5,4,5,2,17,2,39,3,10,6,1,7,5,1,10,1,12,71,1,21,121.5183568,25.04847309
114,01,22,09,23,2,08士林區,士林區至善路2段西向東,0,0,1,1,C03,8,6,5,50,14,9,1,5,4,5,13,4,4,10,3,4,1,13,1,23,2,9,5,1,7,9,1,10,1,11,16,1,21,121.5432433,25.0970694
114,01,22,09,25,2,01大同區,大同區延平北路3段與民權西路口,0,0,2,1,C03,7,6,5,50,4,1,1,5,4,5,13,2,1,8,3,5,1,16,1,85,2,9,6,1,7,9,1,10,1,12,81,1,21,121.5112445,25.0628354
114,01,22,09,27,2,10文山區,文山區辛亥路4段240號,0,0,1,1,C04,8,6,5,50,14,9,1,5,4,5,13,4,4,1,4,5,2,12,2,57,2,9,6,1,7,7,1,11,1,14,100,1,21,121.5516282,25.00565046
114,01,22,09,35,2,08士林區,士林區大南路49-1號與大南路口,0,0,3,1,C03,7,7,5,30,4,1,1,5,4,5,13,4,4,10,5,5,1,17,2,24,2,9,5,1,7,9,1,10,1,14,17,1,21,121.5248201,25.0893675
114,01,22,09,50,2,07信義區,信義區基隆路2段與信義路5段口,0,0,1,1,B03,7,6,5,50,5,3,1,5,4,5,13,2,1,3,3,4,2,13,1,64,3,10,7,1,7,8,1,8,1,5,108,1,22,121.5595083,25.0328541
114,01,22,10,05,2,10文山區,文山區福興路57號,0,0,1,1,C03,8,6,5,30,14,18,1,5,4,5,13,4,4,10,5,5,2,3,1,41,3,10,6,1,7,9,1,10,2,11,70,1,21,121.550319,25.0034557
114,01,22,10,13,2,05中正區,中正區愛國西路與羅斯福路1段口口,0,0,1,1,C03,8,6,5,50,4,1,1,5,4,5,13,1,1,1,4,5,1,13,2,30,3,10,6,1,7,9,1,10,2,11,16,1,21,121.5172631,25.0344666
114,01,22,10,21,2,10文山區,文山區辛亥路4段與興德路66巷口,0,0,2,1,C03,8,6,5,30,3,2,1,5,4,5,13,3,1,5,5,5,2,16,1,76,2,8,5,1,7,6,1,10,1,13,72,1,21,121.5568365,25.0044572
114,01,22,10,35,2,10文山區,文山區木新路3段172巷與木新路3段172巷2弄口,0,0,2,1,C03,7,6,5,30,4,1,1,5,4,5,13,4,4,10,5,5,2,15,1,40,2,9,3,4,7,9,1,10,2,11,72,1,22,121.5605545,24.98221967
114,01,22,11,10,2,12內湖區,內湖區內湖路1段285巷67弄1號斜對面,0,0,1,1,B03,8,6,5,30,14,9,1,5,4,5,13,4,4,10,5,5,1,17,1,61,3,10,7,1,7,9,1,8,9,5,108,1,21,121.566932,25.0840508
114,01,22,11,26,2,06松山區,松山區民權東路4段100號,0,0,3,1,B03,8,6,6,50,14,8,1,5,4,5,13,4,4,8,3,4,1,16,2,76,3,10,3,1,7,10,1,8,1,2,100,1,21,121.5554747,25.0618011
114,01,22,11,28,2,05中正區,中正區仁愛路2段與新生南路1段口,0,0,2,1,C03,7,5,5,50,4,2,1,5,4,5,13,1,1,9,2,4,2,17,1,46,2,3,5,1,7,9,1,10,2,11,85,1,21,121.5325668,25.0383112
114,01,22,11,36,2,08士林區,士林區延平北路6段116巷40號,0,0,2,1,F01,8,6,5,30,14,9,1,5,4,3,13,4,4,10,5,5,1,17,2,79,2,9,2,1,7,1,8,20,2,14,19,1,21,121.5194424,25.09620988
114,01,22,11,58,2,03中山區,中山區吉林路與松江路362巷口,0,0,1,1,C03,7,6,5,50,4,1,1,5,4,5,13,4,4,9,4,4,2,16,1,22,3,10,6,1,7,11,1,10,1,12,10,1,22,121.5303277,25.0619973
114,01,22,12,21,2,09北投區,北投區中和街與大業路口口,0,0,2,1,C03,7,6,5,50,4,1,1,5,4,5,13,4,4,5,5,5,2,13,1,56,2,7,5,1,7,9,1,10,2,11,16,1,21,121.5031808,25.1376405
114,01,22,12,56,2,09北投區,北投區北投路1段與中央南路1段口,0,0,1,1,C03,8,6,5,50,4,1,1,5,4,5,13,1,1,9,4,5,2,16,1,72,2,9,5,1,7,9,1,10,9,11,4,1,21,121.500421,25.1278303
114,01,22,12,57,2,04大安區,大安區信義路3段128號,0,0,1,1,C03,7,6,5,50,14,9,1,5,4,5,13,4,4,1,4,5,2,17,1,26,3,10,6,4,7,7,1,10,1,14,100,1,22,121.5391339,25.0333605
114,01,22,13,18,2,11南港區,南港區中坡北路與松隆路口,0,0,1,1,C03,7,6,5,50,3,2,1,5,4,5,13,1,1,5,4,5,2,12,2,63,2,9,5,1,7,7,1,10,1,14,103,1,21,121.5802239,25.0481089
114,01,22,13,33,2,05中正區,中正區衡陽路與延平南路口,0,0,1,1,B02,8,6,5,50,4,1,1,5,4,5,13,1,1,10,5,5,2,13,2,30,3,10,7,1,7,9,1,8,2,8,108,1,22,121.5096261,25.0422655
114,01,22,13,40,2,05中正區,中正區中華路1段與漢口街1段口,0,0,1,1,A02,7,6,5,50,4,2,1,5,4,5,13,1,1,1,4,5,2,9,1,32,3,10,7,1,7,12,1,2,2,17,44,1,22,121.5092635,25.04490696
114,01,22,13,40,2,12內湖區,內湖區成功路2段與成功路2段320巷口,0,0,2,1,C03,7,5,5,50,3,2,1,5,4,5,13,1,1,1,5,5,2,17,1,57,2,9,5,1,7,9,1,10,1,11,44,1,21,121.5907348,25.06765907
114,01,22,14,21,2,10文山區,文山區辛亥路7段與木柵路1段口,0,0,2,1,C03,7,6,5,50,4,1,1,5,4,5,13,1,1,10,5,5,2,17,1,40,2,9,3,4,7,5,1,10,2,12,44,1,22,121.5523893,24.9878141
114,01,22,14,50,2,11南港區,南港區忠孝東路6段與東新街口,0,0,1,1,B03,7,7,5,50,5,2,1,5,4,5,13,2,1,1,2,4,2,17,1,70,3,10,3,1,7,5,1,8,1,8,108,1,21,121.5850014,25.0481906
114,01,22,15,39,2,02萬華區,萬華區峨眉街124號,0,0,1,1,C03,8,6,5,50,14,9,1,5,4,5,13,4,4,10,4,5,2,12,1,28,2,9,6,1,7,9,1,10,2,11,44,1,21,121.5022732,25.0446292
114,01,22,16,00,2,03中山區,中山區南京東路2段6號,0,0,1,1,C03,7,7,5,40,14,9,1,5,4,5,13,4,4,1,4,5,2,17,1,41,2,8,5,1,7,1,1,10,1,11,19,1,21,121.5282929,25.0519992
114,01,22,16,30,2,08士林區,士林區至善路2段90號,0,0,2,1,C03,7,6,5,50,14,8,1,5,4,5,13,4,4,1,1,4,1,13,2,49,2,9,6,1,7,9,1,10,1,11,118,1,21,121.5461772,25.0978867
114,01,22,17,17,2,11南港區,南港區八德路4段與玉成街口,0,0,2,1,C03,7,6,5,50,4,1,1,5,4,5,13,2,1,5,4,5,2,13,1,19,2,8,6,1,7,12,1,10,1,13,108,1,21,121.5816844,25.051249
114,01,22,17,33,2,03中山區,中山區復興北路368號,0,0,1,1,B03,7,5,5,50,14,9,1,5,4,5,13,4,4,1,4,5,2,12,1,77,3,10,7,1,7,8,1,8,2,2,100,1,21,121.5440959,25.0605773
114,01,22,17,34,2,05中正區,中正區凱達格蘭大道與公園路口,0,0,1,1,C03,7,5,5,50,4,2,1,5,4,5,13,1,1,9,4,5,2,16,1,26,3,10,5,1,7,10,1,10,1,13,100,1,21,121.5157702,25.03956401
114,01,22,18,07,2,03中山區,中山區建國北路1段與長安東路2段口,0,0,1,1,C03,7,5,5,50,4,1,1,5,4,5,13,1,1,1,4,5,2,16,1,66,2,8,3,4,7,9,1,10,1,14,99,1,21,121.5366898,25.04827747
114,01,22,18,20,2,05中正區,中正區羅斯福路4段與新生南路3段口,0,0,1,1,C03,7,5,5,50,4,1,1,5,4,5,13,1,1,1,4,5,2,12,1,63,2,9,5,1,7,7,1,10,1,14,100,1,22,121.5327497,25.0161788
114,01,22,18,22,2,07信義區,信義區基隆路1段145-1號,0,0,1,1,C03,7,5,5,50,14,9,1,5,4,5,13,4,4,9,4,5,2,17,1,27,2,9,6,1,7,7,1,10,1,12,100,1,21,121.5655928,25.0427415
114,01,22,18,26,2,08士林區,士林區自強隧道(內)南向北,0,0,2,1,C03,7,5,5,50,6,9,1,5,4,5,13,4,4,1,2,5,2,13,1,55,2,9,3,4,7,9,1,9,1,11,16,1,21,121.549001,25.0936572
114,01,22,18,28,2,11南港區,南港區園區街與園區街14巷口,0,0,2,1,C03,7,5,5,50,4,2,1,5,4,5,13,4,4,5,4,5,2,16,1,40,2,8,5,1,7,1,1,10,1,14,44,1,21,121.6134738,25.0590326
114,01,22,18,30,2,06松山區,松山區民生東路5段與新東街30巷口,0,0,2,1,C03,8,5,5,50,4,1,1,5,4,5,13,2,1,1,4,5,2,15,1,48,2,3,6,4,7,11,1,10,1,12,10,1,21,121.5671444,25.0591918
114,01,22,18,35,2,01大同區,大同區承德路1段與南京西路口,0,0,3,1,C03,7,5,5,50,4,1,1,5,4,5,13,1,1,1,4,5,2,17,1,69,2,8,6,1,7,15,1,10,1,14,44,1,21,121.5176046,25.05322997
114,01,22,18,35,2,07信義區,信義區松信路與虎林街120巷口,0,0,2,1,C03,7,5,5,50,4,1,1,5,4,5,13,2,1,9,4,5,2,16,1,41,2,8,5,1,7,5,1,10,1,12,74,1,21,121.5719436,25.0422785
114,01,22,18,42,2,04大安區,大安區基隆路2段230號,0,0,1,1,C03,8,6,5,50,14,9,1,5,4,5,13,4,4,10,4,5,2,13,1,47,3,10,5,1,7,9,1,10,8,11,21,1,22,121.5511802,25.02321748
114,01,22,18,53,2,02萬華區,萬華區中興橋機車引道,0,0,1,1,C03,8,5,5,30,14,16,1,5,4,5,13,4,4,10,5,5,2,12,1,45,3,10,6,1,7,9,1,10,1,12,17,1,22,121.5023191,25.0456408
114,01,22,19,08,2,09北投區,北投區石牌路2段與裕民三路口,0,0,1,1,C03,8,5,5,50,14,9,1,5,4,5,13,4,4,9,4,5,2,17,1,22,2,9,5,1,7,5,1,10,1,13,80,1,21,121.5157918,25.11605204
114,01,22,19,20,2,06松山區,松山區南京東路4段與敦化北路口,0,0,4,1,C03,8,5,5,50,4,1,1,5,4,5,13,1,1,1,4,4,2,12,2,27,2,9,5,1,7,9,1,10,1,14,42,1,21,121.5491717,25.051856
114,01,22,19,30,2,11南港區,南港區成美橋北向南(南港端)第1根燈桿,0,0,1,1,C03,8,5,5,50,8,9,1,5,4,5,13,4,4,4,3,5,1,13,1,42,2,7,6,1,7,9,1,10,1,11,118,1,21,121.5835482,25.0523967
114,01,22,19,39,2,06松山區,松山區基隆路1段與八德路4段口口,0,0,2,1,F01,7,5,5,50,5,1,1,5,4,5,13,2,1,1,4,5,2,17,2,61,2,9,4,1,7,15,8,20,1,15,81,1,21,121.5689146,25.0493751
114,01,22,19,40,2,04大安區,大安區通化街39巷61弄與通化街19巷口,0,0,1,1,B03,8,7,5,30,4,1,1,5,4,5,13,4,4,10,5,5,2,15,1,21,3,10,3,4,7,9,1,8,9,8,72,1,21,121.5565593,25.0316303
114,01,22,20,13,2,09北投區,北投區公館路與北投路1段口,0,0,1,1,B03,7,5,5,50,4,1,1,5,4,5,13,2,1,9,4,5,2,16,1,41,3,10,7,4,7,5,1,8,2,8,71,1,21,121.502751,25.1215048
114,01,22,20,42,2,05中正區,中正區市民大道3段與新生北路1段口,0,0,1,1,B02,7,5,5,50,4,2,1,4,4,5,13,1,1,1,4,1,2,16,1,19,3,10,7,1,7,7,1,8,2,4,100,1,21,121.532798,25.04529636
114,01,22,20,44,2,04大安區,大安區大安路2段132巷36弄2號,0,0,1,1,C03,7,5,5,30,14,9,1,5,4,5,13,4,4,10,5,5,2,9,2,33,3,10,6,4,7,9,1,10,1,11,108,1,21,121.5440517,25.029773
114,01,22,20,50,2,12內湖區,內湖區潭美街與安美街口,0,0,1,1,C03,8,5,5,40,4,1,1,5,4,5,13,2,1,5,4,5,2,13,1,76,3,10,5,1,7,9,1,10,1,12,108,1,21,121.5968071,25.0605082
114,01,22,20,59,2,10文山區,文山區木新路2段與永安街22巷口口,0,0,1,1,A02,8,5,5,50,3,1,1,5,4,5,13,2,1,10,5,5,2,9,1,62,3,10,7,1,7,5,1,2,1,17,44,1,21,121.57062,24.9866093
114,01,22,21,00,2,10文山區,文山區木柵路5段與萬芳交流道口,0,0,2,1,C03,8,5,5,50,3,2,1,5,4,5,13,4,4,1,4,5,1,18,2,21,2,9,5,1,7,9,1,10,1,12,118,1,21,121.5773168,25.0001884
114,01,22,21,20,2,03中山區,中山區明水路與北安路口,0,0,1,1,B03,7,5,5,50,3,1,1,4,4,5,13,2,1,1,4,5,2,16,1,45,3,10,3,4,7,6,1,8,1,6,9,1,21,121.5390617,25.07780075
114,01,22,21,25,2,04大安區,大安區敦化南路2段與和平東路3段口,0,0,2,1,F01,6,5,5,50,4,2,1,4,4,5,13,2,1,1,4,5,2,17,2,74,2,9,3,4,7,9,8,20,1,11,81,1,21,121.5489604,25.02439601
114,01,22,21,28,2,05中正區,中正區仁愛路1段與林森南路口,0,0,2,1,B01,8,5,5,50,4,2,1,5,4,5,13,1,1,1,3,1,2,17,1,23,3,10,7,1,7,1,1,4,2,4,19,1,21,121.5219551,25.03882664
114,01,22,21,35,2,04大安區,大安區辛亥路1段與溫州街口,0,0,1,1,C03,7,5,5,50,3,2,1,5,4,5,13,4,4,1,4,4,1,17,2,49,2,9,6,1,7,7,1,10,1,12,72,1,21,121.5327889,25.0225487
114,01,22,22,04,2,10文山區,文山區木柵路1段與景美溪橋口口,0,0,3,1,C03,7,5,5,50,3,1,1,5,4,5,13,2,1,10,5,5,2,16,2,18,2,9,5,1,7,9,1,10,1,11,81,1,21,121.5453587,24.9867637
114,01,22,23,43,2,10文山區,文山區羅斯福路5段與羅斯福路5段218巷口,0,0,2,1,B03,6,5,5,50,4,1,1,4,4,5,13,1,1,1,4,5,2,16,1,65,3,10,7,1,7,5,1,8,1,6,71,1,22,121.5388148,25.0021896
114,01,23,02,20,2,03中山區,中山區中山北路4段與北安路口,0,0,1,1,C03,8,5,5,50,3,1,1,5,4,5,13,2,1,7,2,5,2,17,1,41,2,9,5,1,7,9,1,10,1,11,108,1,21,121.5237655,25.0728451
114,01,23,04,19,2,10文山區,文山區木柵路1段與辛亥路6段口口,0,0,2,1,B03,6,5,5,50,4,1,1,4,4,5,13,2,1,10,5,5,2,16,1,74,3,10,7,1,7,5,1,8,2,1,71,1,21,121.5523232,24.9878816
114,01,23,06,10,2,02萬華區,萬華區水源路青年公園前,0,0,2,1,C03,6,7,5,50,14,9,1,4,4,5,13,4,4,9,4,5,2,9,2,50,2,9,5,4,7,9,1,10,1,15,108,1,22,121.5063308,25.02143553
114,01,23,06,51,2,03中山區,中山區林森北路85巷與長安東路1段53巷口,0,0,1,1,B03,7,6,5,30,4,1,1,4,4,5,13,4,4,8,5,5,1,15,1,75,3,10,3,4,7,9,1,8,1,8,72,1,21,121.5265776,25.04941933
114,01,23,07,18,2,04大安區,大安區和平東路1段與和平東路1段41巷口,0,0,1,1,B03,6,6,5,50,3,1,1,4,4,5,13,2,1,1,4,5,2,16,1,57,3,10,7,1,7,5,1,8,1,6,85,1,21,121.5239261,25.027071
114,01,23,07,25,2,08士林區,士林區芝玉路1段與德行東路240巷口,0,0,2,1,C03,7,6,5,30,4,1,1,4,4,5,13,4,4,10,5,5,2,17,2,56,2,9,6,1,7,5,1,10,1,12,72,1,22,121.5336582,25.1089674
114,01,23,07,38,2,02萬華區,萬華區昆明街與洛陽街口,0,0,2,1,C03,7,7,5,50,3,1,1,4,4,5,13,3,1,10,3,5,2,16,1,63,2,8,5,1,7,6,3,18,1,13,9,1,21,121.5062384,25.0478665
114,01,23,07,50,2,05中正區,中正區延平南路與延平南路192巷口,0,0,1,1,C03,7,7,5,50,3,2,1,4,4,5,10,4,4,9,5,5,2,17,1,53,2,9,5,4,7,9,1,10,2,17,42,1,21,121.5078098,25.0361718
114,01,23,08,14,2,06松山區,松山區南京東路4段與寧安街口,0,0,1,1,C03,7,6,5,50,5,1,1,4,4,5,13,1,1,1,3,4,2,18,2,26,2,9,6,1,7,9,1,10,1,14,44,1,21,121.5550858,25.0515221
114,01,23,08,19,2,11南港區,南港區昆陽街157巷17號與忠孝東路6段462巷口,0,0,2,1,C03,6,6,5,40,3,2,1,4,4,5,13,4,4,9,5,5,2,13,1,25,2,7,6,1,7,9,1,10,1,14,116,1,22,121.5948264,25.0500526
114,01,23,08,23,2,07信義區,信義區忠孝東路5段236巷與忠孝東路5段口,0,0,1,1,B01,8,6,5,50,4,1,1,5,4,5,13,1,1,5,4,5,2,16,1,49,3,10,3,4,7,6,1,4,2,17,9,1,21,121.5726883,25.0407879
114,01,23,08,36,2,09北投區,北投區大度路1段與承德路7段口,0,0,1,1,B02,7,6,5,60,5,1,1,5,4,5,13,2,1,1,2,5,2,17,1,26,3,10,7,1,7,5,1,4,9,17,98,2,21,121.4997061,25.1208211
114,01,23,09,09,2,01大同區,大同區民權西路與承德路2段口,0,0,2,1,C03,7,5,5,50,4,1,1,5,4,5,13,1,1,5,4,1,2,12,2,34,2,9,5,1,7,9,1,10,1,14,44,1,21,121.5180538,25.0628025
114,01,23,09,18,2,09北投區,北投區實踐街與實踐街82巷口口,0,0,1,1,C03,7,6,5,30,4,1,1,5,4,5,13,4,4,9,5,5,2,15,1,75,3,10,5,1,7,9,1,11,2,14,72,1,21,121.510772,25.1152547
114,01,23,09,25,2,07信義區,信義區仁愛路4段與光復南路口,0,0,1,1,C03,8,7,5,50,4,1,1,5,4,5,13,2,1,3,4,5,2,13,1,54,2,9,5,1,7,9,1,10,1,11,16,1,21,121.5576592,25.0378896
114,01,23,09,48,2,12內湖區,內湖區民權東路6段與民權東路6段174巷口口,0,0,1,1,C03,8,5,5,50,3,1,1,5,4,5,13,4,4,1,4,5,2,17,2,18,2,9,6,1,7,12,1,10,1,12,42,1,21,121.5918607,25.0688319
114,01,23,09,49,2,01大同區,大同區重慶北路1段與長安西路口,0,0,1,1,B03,8,6,5,50,4,1,1,5,4,5,13,1,1,1,4,5,2,16,1,74,3,10,7,1,7,5,1,8,2,5,74,1,21,121.5139147,25.0516004
114,01,23,10,15,2,01大同區,大同區環河北路1段與忠孝西路2段口,0,0,2,1,C03,8,6,5,50,5,2,1,5,4,5,13,2,1,5,4,5,2,12,1,73,2,9,5,1,7,15,1,10,1,13,100,1,21,121.5063518,25.0492339
114,01,23,11,16,2,04大安區,大安區仁愛路3段143巷與仁愛路3段123巷3弄口,0,0,1,1,C03,8,6,5,30,3,1,1,5,4,5,13,4,4,10,5,5,1,12,2,30,2,7,6,4,7,9,1,10,1,12,108,1,21,121.543012,25.0387031
114,01,23,11,26,2,06松山區,松山區南京東路5段325號,0,0,1,1,B03,8,5,5,50,14,9,1,5,4,5,13,1,1,9,4,5,2,13,1,64,3,10,7,1,7,9,1,8,1,1,108,1,21,121.5667238,25.05140465
114,01,23,12,02,2,10文山區,文山區興隆路3段192巷8弄與興隆路3段206巷口,0,0,2,1,C03,8,6,5,30,3,1,1,5,4,5,13,4,4,5,5,5,2,16,2,22,2,9,6,1,7,5,1,10,1,14,8,1,21,121.5586502,24.9972944
114,01,23,12,05,2,06松山區,松山區八德路3段與北寧路口,0,0,1,1,B01,8,6,5,50,4,1,1,5,4,5,13,1,1,5,5,4,2,13,1,64,3,10,7,1,7,9,1,4,1,5,108,1,22,121.552607,25.0484436
114,01,23,12,23,2,05中正區,中正區羅斯福路1段與福州街口,0,0,2,1,C03,8,6,5,50,5,1,1,5,4,5,13,1,1,1,4,5,1,3,2,62,2,7,6,1,7,9,6,10,2,11,70,1,21,121.5204012,25.030024
114,01,23,12,46,2,08士林區,士林區中山北路5段與福國路口,0,0,1,1,C03,8,5,5,50,3,1,1,5,4,5,13,2,1,3,4,5,1,17,2,62,2,9,6,1,7,5,1,10,2,14,83,1,21,121.5255476,25.1025799
114,01,23,13,34,2,12內湖區,內湖區成功路2段324巷與成功路2段口,0,0,1,1,B03,7,6,5,50,14,9,1,5,4,5,13,4,4,1,4,5,2,9,2,58,3,10,3,4,7,14,1,8,2,2,38,1,22,121.5906638,25.0680748
114,01,23,13,48,2,11南港區,南港區南港路3段80巷與松河街口,0,0,1,1,B12,8,6,5,30,3,1,1,5,4,5,13,4,4,9,5,5,2,17,1,44,3,10,3,4,7,5,1,4,1,17,72,1,22,121.5900467,25.0560741
114,01,23,14,00,2,03中山區,中山區大直橋與北安路口,0,0,2,1,C03,8,7,5,50,8,8,1,5,4,5,13,1,1,3,2,5,2,13,1,55,2,7,6,1,7,10,1,10,1,11,102,1,21,121.5449925,25.07981012
114,01,23,15,10,2,12內湖區,內湖區內湖路1段91巷24弄2號,0,0,1,1,B12,7,5,5,30,14,9,1,5,4,5,13,4,4,10,5,5,2,1,1,70,3,10,7,1,7,9,1,8,2,5,108,1,21,121.5620371,25.0851624
114,01,23,15,20,2,04大安區,大安區復興南路1段127號,0,0,1,1,C03,8,6,5,50,14,9,1,5,4,5,13,4,4,1,4,5,2,17,1,27,2,9,6,1,7,9,1,10,1,11,118,1,21,121.543913,25.0434404
114,01,23,15,25,2,07信義區,信義區松智路與松壽路口,0,0,1,1,B02,8,7,5,50,4,1,1,5,4,5,13,1,1,5,4,5,2,17,1,53,3,10,3,4,7,5,1,8,1,2,71,1,21,121.5654979,25.0359355
114,01,23,15,38,2,04大安區,大安區建國南路2段與建國南路2段151巷口,0,0,1,1,B03,8,6,5,50,3,1,1,5,4,5,13,2,1,1,4,1,2,16,1,45,3,10,7,1,7,6,1,8,1,1,9,1,21,121.5379579,25.0289265
114,01,23,16,00,2,03中山區,中山區中山北路2段93巷與錦州街4巷口,0,0,1,1,B03,7,5,5,30,4,1,1,5,4,5,13,4,4,10,5,5,2,3,1,52,3,10,7,1,7,5,1,8,1,8,70,1,22,121.5235892,25.0593598
114,01,23,16,14,2,12內湖區,內湖區港墘路250號,0,0,1,1,C01,8,6,5,50,14,9,1,5,4,5,13,4,4,3,4,5,2,17,1,56,2,9,5,1,7,1,1,9,1,13,19,1,21,121.5732715,25.0748499
114,01,23,16,17,2,05中正區,中正區重慶南路3段與和平西路1段口,0,0,2,1,C03,7,6,5,50,5,2,1,5,4,5,13,1,1,1,4,5,2,13,2,50,2,7,5,1,7,15,1,10,1,13,16,1,21,121.5157855,25.0277069
114,01,23,16,20,2,09北投區,北投區承德路7段與吉利街口,0,0,1,1,B03,7,6,5,30,3,1,1,5,4,5,13,4,4,1,4,4,2,16,1,69,3,10,7,1,7,6,1,8,9,5,80,1,21,121.5035911,25.11794556
114,01,23,16,42,2,04大安區,大安區忠孝東路3段與建國南路1段口,0,0,2,1,C03,7,6,5,50,4,1,1,5,4,5,13,1,1,1,4,5,2,13,2,21,2,9,3,4,7,9,1,10,1,14,16,1,21,121.5374278,25.0414305
114,01,23,16,52,2,08士林區,士林區基河路與中正路435巷口口,0,0,1,1,B03,7,7,5,50,3,2,1,5,4,5,13,4,4,4,3,4,2,17,2,63,3,10,3,4,7,11,1,8,2,17,92,1,22,121.5207499,25.0925399
114,01,23,17,00,2,07信義區,信義區松信路57號,0,0,1,1,C03,8,5,5,40,14,8,1,5,4,5,13,4,4,5,5,4,2,17,2,46,2,8,6,1,7,3,1,10,1,15,118,1,22,121.5722805,25.0475039
114,01,23,17,05,2,08士林區,士林區延平北路6段與社子街63巷口,0,0,1,1,B03,7,6,5,50,3,1,1,5,4,5,13,2,1,5,5,5,2,17,1,54,3,10,3,4,7,5,6,8,2,5,71,1,21,121.5067195,25.089507
114,01,23,17,50,2,07信義區,信義區仁愛路4段與逸仙路口,0,0,1,1,B03,7,5,5,50,4,2,1,5,4,5,13,1,1,9,4,1,2,17,1,20,3,10,7,1,7,6,1,8,1,1,9,1,21,121.5612607,25.0376051
114,01,23,18,25,2,04大安區,大安區和平東路3段97號,0,0,1,1,A02,6,5,5,50,14,9,1,4,4,5,13,4,4,1,5,5,1,9,1,58,3,10,7,1,7,14,1,2,1,17,40,1,21,121.5512891,25.0246142
114,01,23,18,25,2,05中正區,中正區襄陽路25號,0,0,2,1,C03,8,5,5,50,14,9,1,5,4,5,13,4,4,5,4,5,2,13,2,35,2,8,5,1,7,9,1,10,1,11,108,1,22,121.5143728,25.04342856
114,01,23,18,32,2,05中正區,中正區市民大道3段與金山北路口,0,0,1,1,B03,8,5,5,40,4,1,1,5,4,5,13,1,1,9,4,1,1,15,2,54,3,10,7,1,7,9,1,8,2,1,81,1,21,121.5305759,25.0460436
114,01,23,18,34,2,12內湖區,內湖區安康路22巷與安康路32巷24弄口,0,0,1,1,C03,8,5,5,50,3,1,1,5,4,5,13,4,4,5,4,5,2,3,1,34,3,10,6,1,7,9,1,10,2,11,70,1,21,121.5937528,25.0617483
114,01,23,18,41,2,01大同區,大同區台北橋機慢車道往西上橋處,0,0,2,1,C03,7,5,5,50,22,11,1,5,4,5,13,4,4,1,4,5,2,17,1,29,2,9,3,4,7,9,1,10,1,11,44,1,21,121.5086755,25.0635039