發生年度,發生月,發生日,發生時-Hours,發生分,處理別-編號,區序,肇事地點,死亡人數,2-30日死亡人數,受傷人數,當事人序號,車種,天候,光線,道路類別,速限-速度限制,道路型態,事故位置,路面狀況1,路面狀況2,路面狀況3,道路障礙1,道路障礙2,號誌1,號誌2,車道劃分-分向,車道劃分-分道1,車道劃分-分道2,車道劃分-分道3,事故類型及型態,性別,年齡,受傷程度,主要傷處,保護裝置,行動電話,車輛用途,當事者行動狀態,駕駛資格情形,駕駛執照種類,飲酒情形,車輛撞擊部位1,肇因碼-個別,個人肇逃否,職業,座標-X,座標-Y
114,01,28,09,55,2,03中山區,中山區林森北路107巷與南京東路1段132巷口,0,0,1,1,B03,8,7,5,30,4,1,1,5,4,5,13,4,4,10,5,5,2,15,1,21,3,10,7,1,7,9,3,18,1,2,72,1,21,121.5267122,25.0499376
114,01,28,09,57,2,03中山區,中山區民權東路3段22號,0,0,1,1,B03,8,6,5,50,14,9,1,5,4,5,13,2,1,1,5,5,1,16,1,62,3,10,3,4,7,8,1,8,1,6,100,1,21,121.5407338,25.06228502
114,01,28,10,43,2,10文山區,文山區興隆路2段123巷與興隆路2段153巷1弄口,0,0,1,1,C03,8,6,5,30,3,1,1,5,4,5,10,4,4,10,5,5,2,15,2,81,2,9,6,1,7,9,1,10,2,12,72,1,21,121.5476071,25.00021136
114,01,28,10,47,2,07信義區,信義區信安街15巷46弄與吳興街220巷59弄口,0,0,1,1,C03,8,6,5,30,3,1,1,5,4,5,13,4,4,9,5,5,1,13,1,74,2,8,3,4,7,6,1,10,1,11,108,1,22,121.5604637,25.0271435
114,01,28,11,05,2,01大同區,大同區民權西路245巷與延平北路3段18巷口,0,0,2,1,C03,7,6,5,30,4,1,1,5,4,5,13,4,4,10,5,5,2,15,1,61,2,9,3,4,7,9,1,10,1,11,72,1,21,121.5103547,25.063934
114,01,28,11,15,2,07信義區,信義區忠孝東路5段與虎林街口口,0,0,2,1,C03,8,7,5,50,4,1,1,5,4,5,13,2,1,1,4,5,2,13,1,24,2,9,6,1,7,7,1,10,1,11,16,1,22,121.5771258,25.0408744
114,01,28,11,25,2,07信義區,信義區松信路與虎林街120巷口,0,0,1,1,B03,7,7,5,30,14,9,1,5,4,5,13,1,1,9,4,5,2,10,1,72,3,10,3,4,7,1,1,8,2,5,19,1,21,121.5721466,25.0422607
114,01,28,12,08,2,06松山區,松山區八德路3段12巷62弄1號,0,0,1,1,C03,7,6,5,30,14,9,1,5,4,5,13,4,4,10,5,5,2,16,2,80,2,9,5,1,7,6,1,10,1,12,72,1,21,121.5507183,25.0461179
114,01,28,12,29,2,03中山區,中山區民權東路3段與龍江路口,0,0,1,1,H01,8,6,5,40,4,19,1,5,4,5,13,1,1,3,4,5,2,3,2,42,2,8,4,5,8,18,8,20,10,16,121,1,21,121.540556,25.06246432
114,01,28,12,59,2,05中正區,中正區汀州路3段40號(汀州三總前),0,0,1,1,C03,8,6,5,50,14,9,1,5,4,5,13,1,1,5,2,5,2,13,1,51,2,3,5,1,7,9,1,10,2,11,108,1,21,121.5292044,25.0171698
114,01,28,13,24,2,12內湖區,內湖區民權東路6段與行愛路口,0,0,2,1,C02,8,6,5,50,5,1,1,5,4,5,13,1,1,1,3,5,1,16,1,53,2,7,6,1,7,8,1,9,1,12,100,1,21,121.5791199,25.0667788
114,01,28,13,56,2,05中正區,中正區師大路與水源路口,0,0,1,1,B03,8,6,5,50,5,2,1,5,4,5,13,2,1,2,4,5,1,12,1,44,3,10,7,1,7,4,1,8,1,2,108,1,21,121.5225245,25.0204822
114,01,28,14,35,2,08士林區,士林區芝玉路1段210-1號,0,0,1,1,F01,8,6,5,30,14,9,1,5,4,5,13,4,4,10,5,5,2,17,2,14,2,8,4,1,7,9,8,20,1,11,108,1,21,121.5337935,25.1084823
114,01,28,15,16,2,03中山區,中山區建國北路2段與錦州街口,0,0,1,1,C03,8,6,5,50,4,1,1,5,4,5,13,2,1,1,4,5,2,16,2,69,2,9,6,1,7,1,1,10,1,14,19,1,21,121.5426755,25.0791589
114,01,28,15,34,2,08士林區,士林區中正路與福港街口,0,0,1,1,B03,8,6,6,50,3,1,1,5,4,1,11,2,1,4,4,5,2,15,1,53,3,10,7,1,7,9,1,8,2,1,81,1,21,121.5177274,25.0918087
114,01,28,15,38,2,01大同區,大同區承德路2段235-1號,0,0,1,1,B02,8,5,5,50,14,9,1,5,4,5,13,4,4,5,5,5,2,16,1,45,3,10,7,1,7,5,1,8,1,1,8,1,21,121.5199468,25.0603727
114,01,28,15,43,2,04大安區,大安區基隆路3段與辛亥路3段口,0,0,1,1,B03,8,6,5,50,4,1,1,5,4,5,13,2,1,1,3,4,2,2,1,33,3,10,7,1,7,6,1,8,1,5,70,1,22,121.5470168,25.0193267
114,01,28,17,05,2,10文山區,文山區木柵路3段49巷與木柵路3段49巷5弄口口,0,0,1,1,C03,7,5,5,30,4,1,1,5,4,5,13,4,4,10,5,5,2,15,1,70,2,9,5,4,7,9,1,10,1,12,75,1,22,121.5660683,24.988935
114,01,28,17,12,2,03中山區,中山區中山北路1段與長安東路1段口,0,0,1,1,B03,8,6,5,50,14,8,1,5,4,5,13,2,1,1,1,1,1,13,2,35,3,10,3,4,7,9,1,8,1,1,108,1,21,121.5216427,25.04959274
114,01,28,17,17,2,02萬華區,萬華區艋舺大道與西園路1段口,0,0,1,1,C03,8,5,8,50,22,22,1,5,4,5,13,1,1,10,5,5,2,17,1,18,3,10,3,4,7,6,1,10,1,13,9,1,21,121.4982119,25.03327896
114,01,28,17,32,2,03中山區,中山區中山北路2段與民生西路口,0,0,3,1,C03,7,5,5,50,4,2,1,5,4,5,13,1,1,5,4,5,2,17,2,39,2,9,3,4,7,8,1,10,1,12,100,1,21,121.5227406,25.0582904
114,01,28,17,43,2,09北投區,北投區文林北路與建民路口,0,0,2,1,C03,8,7,5,50,14,7,1,5,4,5,13,4,4,1,4,4,2,16,1,51,2,9,6,1,7,8,1,15,1,13,100,1,22,121.5150364,25.1074913
114,01,28,20,17,2,10文山區,文山區木柵路1段與試院路口口,0,0,1,1,B03,8,5,5,50,3,1,1,5,4,5,13,2,1,5,4,5,2,16,1,67,3,10,7,1,7,6,1,8,1,2,9,1,21,121.5499314,24.9875149
114,01,28,21,07,2,08士林區,士林區中正路與承德路5段口,0,0,2,1,B03,7,5,5,50,4,1,1,5,4,1,11,2,1,1,4,5,2,16,1,62,3,10,7,1,7,6,1,8,1,6,9,1,21,121.5164283,25.0911597
114,01,28,21,32,2,01大同區,大同區環河北路1段,0,0,1,1,B03,7,5,5,50,14,9,1,5,4,5,13,4,4,5,4,5,2,12,1,42,3,10,7,4,7,10,1,8,1,8,100,1,21,121.5067121,25.050002
114,01,28,22,10,2,04大安區,大安區新生南路1段163號,0,0,1,1,C03,8,5,5,50,14,9,1,5,4,3,13,4,4,1,4,5,2,13,1,68,2,9,3,4,7,9,1,10,1,11,130,1,21,121.5328908,25.0347224
114,01,28,22,10,2,08士林區,士林區承德路4段與後港街口,0,0,1,1,C03,8,5,5,50,5,1,1,5,4,5,13,1,1,1,4,4,2,17,1,18,2,8,6,1,7,5,1,10,1,13,98,1,21,121.5231119,25.0823394
114,01,28,22,50,2,03中山區,中山區松江路與錦州街口,0,0,1,1,B03,8,5,5,50,4,1,1,5,4,5,13,1,1,5,5,5,2,17,1,66,3,10,7,1,7,9,1,8,1,17,85,1,22,121.5330996,25.0603561
114,01,28,23,40,2,03中山區,中山區錦州街與民權東路2段92巷口,0,0,1,1,B12,7,5,5,30,4,1,1,5,4,5,13,4,4,10,5,5,2,15,1,59,3,10,7,1,7,9,1,8,1,8,72,1,21,121.5316844,25.0603462
114,01,29,06,43,2,05中正區,中正區北平西路與中山北路1段口,0,0,1,1,B02,7,5,5,50,5,1,1,5,4,5,13,2,1,1,2,1,2,16,1,63,3,10,7,1,7,5,1,6,2,2,85,1,21,121.5202536,25.0473121
114,01,29,08,30,2,09北投區,北投區知行路與知行路201弄口,0,0,1,1,B03,8,7,5,50,14,9,1,5,4,5,13,4,4,5,5,5,2,16,1,51,3,10,3,4,7,6,1,8,1,5,9,1,21,121.4663939,25.1191937
114,01,29,08,55,2,01大同區,大同區民權西路與重慶北路2段口,0,0,1,1,B01,8,6,5,40,5,1,1,5,4,5,13,1,1,1,5,5,2,16,1,55,3,10,7,1,7,6,1,4,2,5,82,1,21,121.5134861,25.0628957
114,01,29,09,10,2,02萬華區,萬華區華中橋南往北機車道,0,0,1,1,C03,8,7,7,30,11,11,1,5,4,5,13,4,4,10,5,5,2,18,2,71,2,9,5,1,7,15,1,10,1,12,42,1,21,121.4958028,25.0157364
114,01,29,09,37,2,09北投區,北投區三合街1段與三合街1段118巷口,0,0,1,1,B03,8,7,5,30,4,1,1,5,4,5,13,3,1,10,5,5,2,15,2,43,3,10,7,1,7,9,1,8,1,2,72,1,22,121.504159,25.1267715
114,01,29,09,43,2,09北投區,北投區大度路3段與知行路口,0,0,2,1,C03,8,7,5,50,4,1,1,5,4,5,13,2,1,5,4,5,2,15,1,66,2,9,3,4,7,9,1,10,2,11,81,1,21,121.4668849,25.1230597
114,01,29,10,08,2,10文山區,文山區木柵路2段與木柵路2段138巷口,0,0,1,1,C03,8,6,5,50,4,2,1,5,4,5,13,1,1,5,5,5,2,17,1,50,3,10,6,1,7,6,1,10,1,14,101,1,21,121.5617999,24.9887363
114,01,29,10,30,2,06松山區,松山區八德路3段12巷與八德路3段12巷70弄口,0,0,2,1,B02,7,6,5,30,4,1,1,5,4,5,13,4,4,10,5,5,2,15,1,30,3,10,7,1,7,9,1,4,2,1,72,1,21,121.5507046,25.0453212
114,01,29,11,48,2,04大安區,大安區復興南路1段與仁愛路4段口,0,0,1,1,C03,8,5,5,50,4,2,1,5,4,5,13,2,1,1,4,5,2,15,1,18,2,9,3,4,7,9,1,10,1,11,81,1,21,121.5438,25.0378104
114,01,29,12,05,2,10文山區,文山區辛亥隧道(外)北向南出口第0705697號燈桿,0,0,3,1,B02,8,6,5,50,11,9,1,5,4,5,13,4,4,1,4,5,2,12,1,66,3,10,7,1,7,8,1,4,1,5,100,1,22,121.5578375,25.0092987
114,01,29,12,50,2,04大安區,大安區敦化南路1段與信義路4段口,0,0,1,1,C03,8,6,5,50,14,9,1,5,4,5,13,1,1,10,4,5,2,17,2,58,2,9,6,1,7,7,1,10,1,14,100,1,22,121.5485779,25.0336137
114,01,29,12,53,2,09北投區,北投區大度路3段1205119號燈桿,0,0,2,1,C03,8,7,5,50,14,12,1,5,4,5,13,4,4,1,4,1,1,12,1,23,2,9,5,1,7,7,1,10,1,14,100,1,22,121.4792993,25.1222265
114,01,29,12,55,2,02萬華區,萬華區康定路與成都路口,0,0,1,1,B03,8,6,5,50,4,2,1,5,4,5,13,2,1,9,4,5,2,12,1,44,3,10,3,4,7,1,1,8,1,4,19,1,22,121.5027194,25.0438393
114,01,29,13,45,2,12內湖區,內湖區內湖路2段263巷與內湖路2段253巷1弄口,0,0,1,1,C03,7,6,6,30,4,1,1,5,4,5,13,4,4,10,5,5,2,15,2,60,2,9,6,1,7,9,1,10,1,14,72,1,22,121.5901799,25.0825165
114,01,29,14,01,2,08士林區,士林區萬溪產業道路358號燈桿,0,0,1,1,B03,8,5,5,30,11,9,1,5,4,5,13,4,4,10,5,5,2,17,1,53,3,10,3,4,7,5,1,8,1,1,5,1,22,121.5925505,25.1260191
114,01,29,14,25,2,03中山區,中山區建國高架道往北（民權東上方）,0,0,1,1,B03,7,7,5,70,10,9,1,5,4,5,13,4,4,1,4,5,2,13,1,41,3,10,7,1,7,9,1,8,2,1,16,1,22,121.5390689,25.0726223
114,01,29,14,48,2,03中山區,中山區長安東路1段與林森北路口,0,0,2,1,B01,8,6,5,50,4,1,1,5,4,5,13,1,1,1,4,5,2,16,2,58,3,10,3,4,7,5,1,4,1,1,8,1,21,121.524513,25.0491811
114,01,29,15,05,2,09北投區,北投區洲美街河雙河濱自行車道,0,0,2,1,F01,8,6,5,0,14,23,1,5,4,5,13,4,4,9,4,5,2,2,2,14,2,8,4,1,7,9,8,20,1,11,108,1,15,121.4985662,25.1060903
114,01,29,15,11,2,05中正區,中正區古亭河濱公園自行車道,0,0,3,1,F01,8,6,5,50,3,1,1,5,4,5,13,4,4,5,2,4,1,17,2,32,2,9,4,1,7,9,8,20,1,11,99,1,21,121.5301199,25.0104717
114,01,29,16,11,2,01大同區,大同區台北橋機慢車道,0,0,1,1,B02,8,5,7,50,14,11,1,5,4,5,13,4,4,1,4,5,2,17,1,34,3,10,3,4,7,9,1,8,1,1,16,1,21,121.5080511,25.063668
114,01,29,16,23,2,12內湖區,內湖區成功路2段與安康路口,0,0,1,1,C03,8,5,6,50,4,2,1,5,4,5,13,2,1,3,4,5,2,17,1,44,2,9,5,1,7,9,3,18,2,11,81,1,21,121.5904999,25.06025151
114,01,29,16,45,2,05中正區,中正區愛國西路與博愛路口,0,0,1,1,B03,7,5,5,50,4,1,1,5,4,5,13,2,1,1,4,1,2,13,2,51,3,10,7,1,7,8,1,8,2,1,108,1,21,121.5107681,25.0358948
114,01,29,18,46,2,10文山區,文山區溪口街85巷與溪口街85巷10弄口,0,0,2,1,C03,8,5,5,30,4,1,1,5,4,5,13,4,4,10,5,5,2,15,1,49,2,9,5,1,7,9,3,18,2,11,72,1,21,121.5369262,24.99445003
114,01,29,20,00,2,03中山區,中山區民權東路3段與復興北路口,0,0,2,1,C03,8,5,5,50,4,1,1,5,4,5,13,2,1,9,4,5,2,17,1,33,2,9,5,1,7,9,1,10,1,14,44,1,21,121.5439843,25.0618222
114,01,29,20,38,2,07信義區,信義區松壽路與松智路口,0,0,1,1,B03,8,5,5,50,4,1,1,5,4,5,13,2,1,10,5,5,2,16,1,68,3,10,3,4,7,5,1,8,1,2,71,1,21,121.5654568,25.0358331
114,01,29,20,43,2,05中正區,中正區和平西路1段62號,0,0,1,1,C03,7,5,5,40,14,8,1,5,4,5,13,4,4,1,4,4,2,13,1,59,2,7,6,1,7,9,1,10,8,11,21,1,21,121.519277,25.0263836
114,01,29,21,24,2,02萬華區,萬華區西園路2段11巷與西園路2段口,0,0,1,1,C04,8,5,5,50,5,1,1,5,4,5,13,1,1,8,3,5,1,17,2,64,3,10,5,1,7,6,1,10,9,13,9,1,21,121.4974198,25.0319749
114,01,29,21,46,2,02萬華區,萬華區萬大路329巷與萬大路329巷3弄口,0,0,1,1,B03,8,5,5,50,5,1,5,5,4,5,13,4,4,10,5,5,2,15,1,31,3,10,7,1,7,1,1,8,1,1,72,1,22,121.5006639,25.0239123
114,01,29,21,47,2,01大同區,大同區鄭州路與塔城街口,0,0,3,1,C03,7,6,5,40,4,2,1,5,4,5,13,4,4,8,3,5,1,13,1,27,2,7,6,4,7,12,1,10,1,11,16,1,21,121.5106033,25.0502656
114,01,29,23,15,2,02萬華區,萬華區康定路150號,0,0,1,1,C03,8,5,5,50,14,9,1,5,4,5,13,4,4,5,5,5,2,14,1,43,3,10,6,1,7,2,1,10,1,13,12,1,26,121.5019036,25.03970334
114,01,30,01,40,2,12內湖區,內湖區新明路380巷與新明路口口,0,0,1,1,C03,8,5,5,30,4,1,1,5,4,5,13,4,4,6,5,5,2,15,1,45,2,9,5,1,7,9,1,10,1,11,72,1,22,121.5802265,25.0553297
114,01,30,03,30,2,03中山區,中山區民權東路3段與復興北路口,0,0,2,1,C03,8,5,5,50,5,1,1,5,4,5,13,2,1,9,4,5,2,17,1,39,2,9,5,1,7,9,6,10,1,11,81,1,21,121.5425616,25.0793287
114,01,30,10,37,2,08士林區,士林區萬溪產業道路1103670燈桿,0,0,2,1,B03,8,6,5,30,11,9,1,5,4,5,13,4,4,10,5,5,1,11,1,67,3,10,7,1,7,9,1,8,2,4,5,1,21,121.5937254,25.1275847
114,01,30,11,01,2,03中山區,中山區南京東路3段與建國北路1段口,0,0,1,1,B03,7,6,5,50,4,1,1,5,4,5,13,1,1,1,4,4,2,12,1,45,3,10,3,4,7,6,1,8,1,2,9,1,21,121.5370565,25.0518866
114,01,30,11,05,2,04大安區,大安區新生南路1段與新生南路1段139巷口口,0,0,2,1,B02,8,7,5,50,3,1,1,5,4,5,13,2,1,1,4,5,1,17,2,35,3,10,7,1,7,5,1,8,1,6,71,1,21,121.532905,25.0366581
114,01,30,12,34,2,09北投區,北投區知行路360-1號,0,0,1,1,B03,8,7,5,50,14,9,1,5,4,5,13,4,4,9,4,5,1,17,1,32,3,10,7,1,7,15,1,8,1,6,118,1,21,121.4633991,25.1173387
114,01,30,12,54,2,09北投區,北投區承德路7段401巷331弄與無名巷口,0,0,2,1,F01,8,6,5,30,14,9,1,5,4,5,13,4,4,10,5,5,2,10,1,11,2,8,4,1,7,9,8,20,1,11,5,1,21,121.4958756,25.1146329
114,01,30,12,55,2,12內湖區,內湖區潭美街與安美街口,0,0,1,1,B03,8,6,5,50,3,1,1,5,4,5,13,3,1,5,5,5,2,16,1,51,3,10,7,1,7,6,1,8,2,4,72,1,21,121.6028195,25.0610621
114,01,30,13,38,2,10文山區,文山區萬隆街與溪洲街137巷23弄口口,0,0,2,1,C03,8,6,5,30,4,1,1,5,4,5,13,4,4,10,5,5,2,15,2,61,2,9,6,1,7,9,1,10,1,11,75,1,21,121.536623,25.0009282
114,01,30,13,45,2,04大安區,大安區四維路84巷與四維路口口,0,0,2,1,B02,8,7,5,30,4,1,1,5,4,5,13,4,4,10,5,5,1,17,1,35,2,7,7,1,7,9,1,8,1,8,72,1,21,121.5480673,25.0338555
114,01,30,13,54,2,03中山區,中山區復興北路488巷1弄與龍江路397巷口,0,0,2,1,C03,8,6,5,30,3,1,1,5,4,5,13,4,4,10,5,5,2,16,1,34,2,9,3,4,7,5,1,10,2,11,72,1,22,121.5436978,25.0655278
114,01,30,14,30,2,05中正區,中正區重慶南路3段與廈門街114巷口,0,0,1,1,B03,8,7,5,30,4,1,1,5,4,5,13,1,1,2,4,5,2,16,1,22,3,10,7,1,7,5,1,4,1,5,74,1,22,121.5168639,25.0230485
114,01,30,14,50,2,01大同區,大同區承德路3段與承德路3段177巷口,0,0,2,1,C03,8,6,5,30,3,1,1,5,4,5,13,4,4,9,4,5,2,17,1,76,2,9,5,1,7,6,1,10,1,13,72,1,21,121.5185443,25.0692142
114,01,30,14,56,2,07信義區,信義區忠孝東路5段8號,0,0,3,1,C03,8,6,5,50,14,9,1,5,4,5,13,4,4,1,4,5,2,13,1,23,2,8,6,1,7,9,1,10,1,11,108,1,22,121.5659694,25.0409475
114,01,30,15,02,2,09北投區,北投區大度路3段與立功街口,0,0,1,1,B03,8,6,5,50,14,9,1,5,4,5,13,1,1,9,4,5,2,16,1,50,3,10,7,1,7,6,1,8,1,6,118,1,21,121.4691297,25.12325863
114,01,30,15,14,2,03中山區,中山區南京東路1段44號,0,0,1,1,B01,7,5,5,40,14,9,1,5,4,5,13,4,4,1,4,4,2,12,1,62,3,10,3,4,7,1,1,4,1,7,19,1,21,121.5242313,25.0520684
114,01,30,16,15,2,01大同區,大同區延平北路3段與民權西路口,0,0,1,1,B02,8,6,5,50,5,2,1,5,4,5,13,2,1,1,4,5,2,17,1,28,3,10,7,1,7,8,1,8,1,3,89,1,21,121.5111865,25.06306527
114,01,30,16,48,2,07信義區,信義區忠孝東路5段與基隆路1段口,0,0,2,1,C03,8,6,5,50,4,2,1,5,4,5,13,1,1,1,4,5,2,12,1,45,2,9,5,1,7,7,1,10,2,14,100,1,22,121.5651411,25.0414467
114,01,30,17,30,2,05中正區,中正區汀州路3段與基隆路4段口,0,0,1,1,,7,6,5,50,4,2,1,5,4,5,13,1,1,1,4,5,2,17,4,0,4,11,3,4,7,21,7,19,11,15,119,2,22,121.5364746,25.0110727
114,01,30,17,36,2,09北投區,北投區三合街2段與北投路1段口,0,0,3,1,C03,7,7,5,50,4,1,1,5,4,5,13,2,1,10,5,5,2,16,2,27,2,9,5,1,7,5,1,10,2,11,71,1,21,121.5007439,25.1261976
114,01,30,18,04,2,08士林區,士林區德行東路109巷與德行東路109巷63弄口,0,0,1,1,C03,8,5,5,30,4,1,1,5,4,5,13,4,4,9,5,5,2,15,1,19,2,9,6,1,7,9,1,10,1,11,72,1,21,121.5284908,25.1095322
114,01,30,18,40,2,02萬華區,萬華區西園路2段13弄與莒光路口,0,0,1,1,C03,7,5,5,50,4,1,1,5,4,5,13,3,1,3,3,5,1,17,1,21,2,9,5,4,7,9,1,10,1,17,13,1,22,121.4982794,25.0311542
114,01,30,20,36,2,10文山區,文山區興隆路2段與興隆路2段154巷口,0,0,1,1,B03,8,5,5,50,3,1,1,5,4,5,13,2,1,1,4,5,2,16,1,46,3,10,7,1,7,11,1,8,2,1,10,1,21,121.5508691,25.0015585
114,01,30,21,45,2,05中正區,中正區汀州路1段與寧波西街口,0,0,1,1,B03,8,5,5,30,4,1,1,5,4,5,13,2,1,10,5,5,2,2,1,21,3,10,7,1,7,5,1,8,2,1,70,1,21,121.5108588,25.0270922
114,01,30,23,58,2,03中山區,中山區中山北路1段與長安東路1段口,0,0,2,1,C03,7,5,5,50,3,2,1,5,4,5,13,2,2,8,3,5,2,17,1,22,2,9,5,1,7,9,1,10,1,11,108,1,21,121.5218288,25.0499687
114,01,31,00,50,2,03中山區,中山區林森北路119巷63號,0,0,1,1,B03,7,6,5,30,14,9,1,5,4,5,13,4,4,10,5,5,2,4,1,31,3,10,3,4,7,9,1,8,2,8,44,1,21,121.5183568,25.04847309
114,01,31,01,03,2,09北投區,北投區竹子湖路與中興路口,0,0,1,1,B03,7,5,5,40,3,1,1,5,4,5,13,4,4,5,4,5,2,16,1,30,3,10,7,1,7,5,1,8,2,4,8,1,21,121.5447955,25.16315097
114,01,31,05,21,2,08士林區,士林區承德路4段與中正路口,0,0,3,1,B03,8,5,5,50,4,1,1,5,4,5,13,1,1,1,5,5,2,17,1,68,2,1,7,1,7,5,3,18,2,2,98,1,21,121.5164003,25.09095118
114,01,31,05,48,2,08士林區,士林區中山北路5段與福國路口,0,0,2,1,C03,8,5,5,50,3,1,1,5,4,5,13,1,1,1,5,5,1,17,1,28,2,9,5,1,7,5,1,10,2,14,85,1,21,121.5255851,25.1025732
114,01,31,07,59,2,05中正區,中正區中山南路與濟南路1段口,0,0,2,1,C03,7,5,5,50,14,9,1,5,4,5,13,1,1,9,4,5,2,13,1,32,2,8,5,1,7,9,1,10,2,11,16,1,21,121.5189403,25.0430129
114,01,31,08,32,2,10文山區,文山區萬和街與萬美街1段口,0,0,1,1,C03,7,6,5,40,3,2,1,5,4,5,13,4,4,9,5,5,2,17,1,22,2,9,3,4,7,6,1,10,1,12,13,1,22,121.5672633,25.0022666
114,01,31,10,07,2,03中山區,中山區通北街與通北街132巷口,0,0,1,1,F02,7,5,5,30,3,1,1,5,4,3,13,4,4,5,5,5,2,17,1,47,2,9,3,4,7,9,8,20,9,17,42,1,21,121.5378555,25.08453344
114,01,31,10,44,2,10文山區,文山區木柵路5段43巷（環保局回收場）前,0,0,1,1,F01,7,6,5,50,14,9,1,5,4,5,13,4,4,5,2,5,1,18,1,26,2,9,3,4,7,9,8,20,2,14,42,1,22,121.5837412,25.00083084
114,01,31,14,15,2,02萬華區,萬華區民和街9號與德昌街10巷口,0,0,2,1,C03,8,5,5,30,4,1,1,5,4,5,13,3,1,10,5,5,2,17,2,47,2,8,5,4,7,9,1,10,1,12,72,1,21,121.4997905,25.02625575
114,01,31,14,50,2,01大同區,大同區大稻埕堤外便道自行車道南往北（第三燈桿）,0,0,2,1,F01,7,6,7,0,14,23,1,5,4,5,13,4,4,10,5,5,2,17,2,7,2,8,4,1,7,11,8,20,2,11,10,1,14,121.5060055,25.05316079
114,01,31,14,50,2,07信義區,信義區福德街221巷3弄6號,0,0,1,1,C03,7,7,5,30,14,9,1,5,4,5,13,4,4,10,5,5,2,17,2,61,2,9,5,1,7,1,1,10,2,11,19,1,21,121.585281,25.0382109
114,01,31,15,18,2,06松山區,松山區市民大道6段與松山路口,0,0,1,1,B03,7,7,5,50,4,1,1,5,4,5,13,2,1,1,4,5,2,17,1,38,3,10,7,1,7,9,1,8,1,17,85,1,21,121.5777021,25.0495357
114,01,31,15,19,2,08士林區,士林區環河北路3段堤外腳踏車道,0,0,1,1,F02,7,6,8,50,14,23,1,4,4,5,13,4,4,8,5,5,1,17,1,13,3,10,4,1,7,15,8,20,1,14,42,1,21,121.5030975,25.0882248
114,01,31,15,45,2,06松山區,松山區民權東路3段140巷15號,0,0,1,1,B03,8,7,5,30,14,9,1,5,4,5,13,4,4,10,5,5,2,17,1,56,3,10,7,4,7,5,1,8,1,8,8,1,22,121.5466191,25.0606617
114,01,31,16,15,2,05中正區,中正區南昌路2段與羅斯福路3段口,0,0,1,1,B03,8,7,5,50,3,2,1,5,4,5,13,4,4,2,4,5,2,16,2,36,3,10,7,1,7,1,1,8,1,4,19,1,22,121.5246795,25.0238342
114,01,31,16,21,2,09北投區,北投區竹子湖路燈桿1208369旁,0,0,1,1,C03,6,7,5,30,14,9,1,4,4,5,13,4,4,5,5,5,2,18,2,62,2,9,5,1,7,9,1,10,1,12,108,1,21,121.5404432,25.16708566
114,01,31,16,56,2,08士林區,士林區中正路與延平北路6段口,0,0,1,1,B01,6,7,5,50,14,9,1,4,4,5,13,2,1,9,4,5,1,17,1,68,3,10,7,1,7,9,1,4,2,1,108,1,21,121.5092614,25.08667669
114,01,31,17,42,2,07信義區,信義區市府路45號101停車場入口,0,0,1,1,C03,6,5,5,50,14,9,1,4,4,5,13,4,4,1,4,5,2,18,2,23,2,9,5,1,7,6,1,10,1,14,116,1,21,121.5636738,25.0332931
114,01,31,17,53,2,07信義區,信義區福德街與福德街309巷口口,0,0,2,1,C03,6,5,5,50,4,1,1,4,4,5,13,2,1,5,5,5,2,3,1,59,2,9,6,1,7,9,1,10,2,11,70,1,21,121.5875109,25.0392996
114,01,31,18,07,2,12內湖區,內湖區內湖路1段91巷2-1號,0,0,1,1,C03,6,5,5,30,22,9,1,4,4,5,12,4,4,8,3,5,1,3,1,61,4,11,3,1,7,9,1,10,2,11,108,1,21,121.5614657,25.0847465
114,01,31,18,13,2,05中正區,中正區金山北路1段與金山北路口迴轉道前,0,0,2,1,C02,7,5,5,50,3,2,1,4,4,5,13,4,4,1,4,1,2,13,1,35,2,8,5,1,7,5,1,9,1,13,72,1,21,121.5305988,25.04510115
114,01,31,18,20,2,06松山區,松山區八德路4段與松山路口口,0,0,2,1,C03,6,5,5,50,4,1,1,4,4,5,13,2,1,1,4,5,2,16,1,53,2,8,2,1,7,5,6,18,2,11,85,1,21,121.5776473,25.0501511
114,01,31,18,32,2,09北投區,北投區承德路7段400號與公館路口,0,0,1,1,B03,6,5,5,50,3,1,1,4,4,5,13,3,1,5,4,5,2,17,1,34,3,10,7,1,7,1,1,8,1,17,19,1,21,121.5021649,25.12055913
114,01,31,19,20,2,08士林區,士林區文林路與德行西路口,0,0,2,1,B03,6,5,5,50,4,1,1,4,4,5,13,1,2,1,4,5,1,16,1,64,3,10,3,4,7,5,1,8,1,2,71,1,22,121.5197525,25.10331626
114,01,31,20,01,2,03中山區,中山區松江路與民生東路2段口,0,0,1,1,B03,6,5,5,50,4,4,1,4,4,5,13,1,1,1,4,5,2,13,1,43,3,10,3,4,7,9,1,8,1,1,108,1,21,121.5331763,25.05838437
114,01,31,20,03,2,03中山區,中山區中山北路2段與民權西路口,0,0,1,1,C03,7,5,5,50,5,2,1,4,4,5,13,2,1,8,3,5,1,17,1,26,2,9,5,1,7,6,1,10,1,11,16,1,21,121.5224311,25.06292163
114,01,31,21,05,2,09北投區,北投區大業路與泉源路口,0,0,3,1,C03,6,5,5,50,5,1,1,4,4,5,13,2,1,1,4,5,2,3,1,19,2,9,5,1,7,9,1,10,2,11,70,1,21,121.5209622,25.12050817