發生年度,發生月,發生日,發生時-Hours,發生分,處理別-編號,區序,肇事地點,死亡人數,2-30日死亡人數,受傷人數,當事人序號,車種,天候,光線,道路類別,速限-速度限制,道路型態,事故位置,路面狀況1,路面狀況2,路面狀況3,道路障礙1,道路障礙2,號誌1,號誌2,車道劃分-分向,車道劃分-分道1,車道劃分-分道2,車道劃分-分道3,事故類型及型態,性別,年齡,受傷程度,主要傷處,保護裝置,行動電話,車輛用途,當事者行動狀態,駕駛資格情形,駕駛執照種類,飲酒情形,車輛撞擊部位1,肇因碼-個別,個人肇逃否,職業,座標-X,座標-Y
114,01,31,21,40,2,04大安區,大安區金山南路2段185巷7號,0,0,1,1,C03,6,5,5,30,14,24,1,4,4,5,13,4,4,10,5,5,1,1,1,26,3,10,5,1,7,9,3,18,1,11,108,1,21,121.5265926,25.0284363
114,01,31,22,10,2,01大同區,大同區延平北路2段與涼州街口,0,0,1,1,B01,6,5,5,50,4,1,1,4,4,5,13,1,1,5,4,5,2,17,1,45,3,10,7,1,7,5,1,4,2,8,71,1,21,121.5113666,25.0606563
114,01,31,22,37,2,04大安區,大安區忠孝東路4段與忠孝東路4段17巷口,0,0,1,1,C03,6,5,5,50,5,2,1,4,4,5,13,4,4,8,3,5,1,16,1,20,2,8,6,1,7,9,1,10,1,11,14,1,21,121.5444101,25.0417359
114,01,31,22,50,2,09北投區,北投區北投路1段與三合街2段口,0,0,1,1,C03,6,5,5,40,14,8,1,4,4,5,13,4,4,9,5,4,2,13,1,39,2,9,5,1,7,9,1,10,9,11,108,1,21,121.5007452,25.1264306
114,01,31,22,54,2,09北投區,北投區石牌路2段與振興街口,0,0,1,1,B01,6,5,5,50,4,1,1,4,4,5,13,1,1,9,4,5,1,17,2,58,3,10,7,1,7,5,1,4,9,17,71,2,26,121.5213877,25.1190099
114,01,31,23,04,2,12內湖區,內湖區康寧路1段156巷與康寧路1段口口,0,0,2,1,B03,6,5,5,30,3,1,1,4,4,5,13,4,4,9,5,5,2,16,1,41,3,10,7,1,7,5,1,4,1,1,72,1,21,121.5943558,25.0791185
114,01,31,23,18,2,07信義區,信義區忠孝東路4段515號,0,0,2,1,H01,6,5,5,50,14,9,1,4,4,5,13,4,4,1,4,5,2,3,1,36,2,8,4,5,8,16,8,20,10,16,60,1,21,121.5583681,25.0414999
114,01,31,23,26,2,03中山區,中山區錦州街與錦州街50巷口,0,0,1,1,B01,7,5,5,50,3,2,1,4,4,5,13,4,4,4,5,5,1,9,1,69,3,10,7,1,7,9,1,4,1,1,108,1,21,121.5244981,25.06030661
114,02,01,02,25,2,03中山區,中山區松江路與松江路123巷口,0,0,1,1,B03,6,5,5,50,3,1,1,4,4,5,13,4,4,1,4,5,2,12,1,26,3,10,7,1,7,6,1,8,2,5,9,1,21,121.5331497,25.05291512
114,02,01,06,39,2,03中山區,中山區南京東路3段8號,0,0,1,1,C03,7,5,5,50,14,9,1,5,4,5,13,1,1,1,4,5,2,13,1,33,2,9,3,4,7,9,1,10,2,11,108,1,21,121.5372233,25.0521905
114,02,01,08,17,2,01大同區,大同區重慶北路3段313巷與重慶北路3段295巷21弄口,0,0,2,1,C03,7,6,5,30,4,1,1,4,4,5,13,4,4,10,5,5,2,15,1,45,2,9,6,1,7,9,1,10,2,14,99,1,21,121.5148299,25.074057
114,02,01,08,38,2,03中山區,中山區中山北路3段與新生高架道口圓山隧道口,0,0,1,1,B03,7,6,5,50,5,2,1,5,4,5,13,2,1,8,3,5,1,17,1,21,3,10,7,1,7,9,1,8,2,1,81,1,21,121.5252077,25.0768462
114,02,01,09,07,2,08士林區,士林區福德路與基河路251巷口,0,0,1,1,B03,7,5,5,30,4,1,1,5,4,5,13,4,4,10,5,5,1,15,2,48,3,10,7,1,7,9,1,8,1,5,75,1,21,121.522588,25.0922667
114,02,01,10,10,2,10文山區,文山區木柵路3段與秀明路1段口,0,0,1,1,C03,8,6,5,50,14,9,1,5,4,5,13,4,4,5,4,5,1,13,1,23,2,9,6,1,7,9,1,10,1,11,108,1,21,121.5709898,24.9913022
114,02,01,11,05,2,08士林區,士林區至誠路2段與雨聲街口,0,0,1,1,B03,8,6,5,50,4,2,1,5,4,5,13,2,1,5,5,5,2,17,1,73,3,10,7,1,7,6,1,6,1,1,9,1,21,121.5290264,25.101833
114,02,01,11,30,2,10文山區,文山區木柵路1段與光輝路口,0,0,2,1,C03,8,6,5,50,3,1,1,5,4,5,13,1,1,5,4,5,1,13,1,23,2,9,6,1,7,9,1,10,1,11,108,1,21,121.5549377,24.9881105
114,02,01,12,00,2,01大同區,大同區重慶北路2段與民權西路口,0,0,1,1,B01,8,6,5,50,4,2,1,5,4,5,13,2,1,9,4,5,2,3,1,69,3,10,7,1,7,6,1,4,1,1,70,1,21,121.5134843,25.0627963
114,02,01,13,22,2,07信義區,信義區虎林街132巷21號,0,0,2,1,H01,8,6,5,30,14,9,1,5,4,5,13,4,4,10,5,5,2,3,1,55,2,8,4,5,8,16,8,20,10,16,121,1,21,121.5761446,25.0402996
114,02,01,13,25,2,03中山區,中山區民權東路1段與中山北路2段口,0,0,1,1,B03,7,7,4,50,4,2,1,5,4,5,13,1,1,1,3,5,1,17,1,25,3,10,7,1,7,6,1,8,1,5,9,1,21,121.5225781,25.06266205
114,02,01,14,37,2,02萬華區,萬華區環河快速道路與萬大路口,0,0,1,1,B03,8,5,5,40,4,2,1,5,4,5,13,1,1,1,4,5,2,13,1,63,3,10,7,4,7,9,1,8,1,8,108,1,21,121.4952058,25.0165445
114,02,01,15,09,2,06松山區,松山區三民路與富錦街口口,0,0,1,1,C03,6,7,6,50,4,1,1,4,4,5,13,2,1,1,4,5,2,10,1,30,2,9,6,1,7,9,1,10,1,12,44,1,21,121.5632547,25.0609566
114,02,01,16,46,2,09北投區,北投區石牌路2段320號,0,0,2,1,A02,8,5,6,50,14,9,1,5,4,5,13,4,4,9,4,5,1,17,1,51,3,10,7,1,7,9,1,2,1,5,108,1,21,121.5224423,25.1193259
114,02,01,16,50,2,11南港區,南港區南湖大橋與經貿二路口,0,0,1,1,C03,7,6,5,50,5,1,1,5,4,5,13,2,1,1,4,5,2,12,1,81,2,9,5,1,7,7,1,10,2,14,100,1,21,121.614168,25.0606315
114,02,01,17,01,2,12內湖區,內湖區安泰街與康樂街136巷29弄口,0,0,1,1,C03,7,6,5,30,3,2,1,4,4,5,13,4,4,10,5,5,2,17,1,36,2,9,6,2,7,9,1,10,1,14,118,1,21,121.6181899,25.073448
114,02,01,17,12,2,07信義區,信義區永吉路與中坡北路口,0,0,1,1,B03,6,6,5,40,4,1,1,4,4,5,13,1,1,1,4,4,2,13,1,26,3,10,3,4,7,6,1,8,2,6,16,1,22,121.5815417,25.0451754
114,02,01,17,13,2,01大同區,大同區民權西路與延平北路3段口,0,0,1,1,B03,7,6,5,50,4,1,1,5,4,5,13,1,1,1,4,5,2,16,1,52,3,10,7,1,7,11,1,8,2,5,10,1,21,121.5112695,25.0630224
114,02,01,17,29,2,01大同區,大同區民權西路與蘭州街口,0,0,1,1,C03,7,5,5,50,4,2,1,5,4,5,13,1,1,1,4,5,2,17,1,47,3,10,5,1,7,5,1,10,1,13,8,1,21,121.5147396,25.06292399
114,02,01,17,33,2,09北投區,北投區大業路與無名巷口,0,0,2,1,C03,7,5,5,30,14,9,1,5,4,5,13,4,4,10,5,5,2,11,1,18,2,7,5,1,7,9,1,10,1,14,5,1,21,121.4996147,25.12351941
114,02,01,18,40,2,03中山區,中山區松江路與民權東路2段口東北角公車站牌,0,0,1,1,A04,6,5,5,50,14,9,1,4,4,5,13,4,4,8,3,5,2,6,1,48,3,10,7,4,7,3,1,2,1,1,44,1,21,121.5333508,25.0631459
114,02,01,18,43,2,09北投區,北投區知行路與知行路201巷口,0,0,1,1,C03,6,5,5,50,14,18,1,4,4,5,13,4,4,5,5,5,2,3,1,37,3,10,5,1,7,9,1,10,2,11,70,1,21,121.4663133,25.1190537
114,02,01,19,20,2,04大安區,大安區信義路3段143號,0,0,2,1,C03,6,5,5,50,14,9,1,4,4,5,13,4,4,8,3,5,1,12,1,39,2,9,5,1,7,9,1,10,1,14,118,1,21,121.5413149,25.0335527
114,02,01,19,52,2,05中正區,中正區中華路2段75巷與延平南路口,0,0,1,1,C03,6,5,5,50,4,2,1,4,4,5,13,1,1,9,5,5,2,2,1,29,3,10,5,1,7,9,1,9,1,11,108,1,22,121.5073559,25.0335124
114,02,01,19,53,2,01大同區,大同區民族西路46號,0,0,1,1,B03,6,5,5,50,14,9,1,4,4,5,13,4,4,9,5,5,2,12,1,24,3,10,7,4,7,1,3,18,1,7,19,1,21,121.5191616,25.0684735
114,02,01,20,21,2,07信義區,信義區吳興街與吳興街260巷口,0,0,1,1,C03,6,5,5,30,4,2,1,4,4,5,13,4,4,9,5,5,1,3,1,29,3,10,6,1,7,9,1,10,1,11,70,1,22,121.5639044,25.0268361
114,02,01,20,22,2,09北投區,北投區榮華三路與磺溪便道口天母橋上(2121742燈桿),0,0,1,1,B01,6,5,5,50,4,2,1,4,4,5,13,4,4,5,5,5,2,13,1,55,3,10,7,1,7,9,1,4,1,1,16,1,21,121.5253399,25.1137774
114,02,01,21,49,2,05中正區,中正區廈門街5號,0,0,1,1,B03,6,5,5,50,14,9,1,4,4,3,10,4,4,9,5,5,2,17,1,32,3,10,7,1,7,1,1,8,1,8,19,1,22,121.5181414,25.027071
114,02,01,23,25,2,05中正區,中正區羅斯福路1段與寧波西街口,0,0,2,1,B01,6,5,5,50,4,1,1,4,4,5,13,2,1,10,4,5,2,3,1,49,3,10,7,1,7,5,1,2,2,1,70,1,21,121.5190313,25.031736
114,02,01,23,52,2,01大同區,大同區忠孝西路1段與塔城街口,0,0,3,1,C03,6,5,5,50,5,1,1,4,4,5,13,2,1,1,4,5,2,17,1,29,2,8,6,1,7,9,1,10,1,11,108,1,21,121.51022,25.0482449
114,02,01,23,52,2,09北投區,北投區崗山路與崗山路5巷口,0,0,1,1,B01,6,5,5,30,4,1,1,4,4,5,13,4,4,10,5,5,2,15,1,42,3,10,7,1,7,9,1,8,2,1,72,1,21,121.4867947,25.1402793
114,02,01,23,55,2,10文山區,文山區和平東路4段357號,0,0,1,1,C03,6,5,5,40,14,9,1,4,4,5,13,4,4,5,5,5,2,17,1,69,2,9,6,1,7,9,3,18,6,11,21,1,21,121.5734258,25.0002733
114,02,02,00,45,2,01大同區,大同區延平北路3段與延平北路3段66巷口,0,0,1,1,B01,6,5,5,50,5,1,1,4,4,5,13,4,4,5,4,4,2,17,1,65,3,10,7,1,7,8,1,4,2,3,100,1,21,121.5110133,25.0653191
114,02,02,05,59,2,06松山區,松山區民生東路4段80巷與敦化北路199巷口,0,0,2,1,B01,7,5,5,50,4,2,1,4,4,5,13,1,1,4,3,5,2,16,1,45,3,10,3,4,7,6,1,4,1,2,9,1,26,121.5529287,25.0563553
114,02,02,06,00,2,12內湖區,內湖區舊宗路1段135號前,0,0,1,1,B03,6,5,5,0,14,20,1,4,4,5,13,4,4,10,5,5,2,15,1,41,3,10,7,1,7,1,1,8,2,5,19,1,21,121.5791142,25.0606486
114,02,02,07,29,2,09北投區,北投區承德路7段與實踐街口北往南方向,0,0,2,1,C04,7,5,8,60,3,2,1,5,4,4,13,1,1,9,4,4,1,17,2,52,2,1,2,1,7,9,6,18,2,11,81,1,21,121.5070945,25.1142851
114,02,02,10,03,2,09北投區,北投區公館路與北投路1段口,0,0,1,1,B03,7,5,5,50,4,2,1,5,4,5,13,1,1,9,4,5,1,17,1,21,3,10,7,1,7,5,1,8,1,1,71,1,21,121.5026471,25.1213735
114,02,02,10,18,2,12內湖區,內湖區成功路2段與國道一號口南下匝道出口,0,0,1,1,B03,7,6,5,50,3,1,1,5,4,5,13,4,4,1,4,5,2,16,2,59,3,10,7,1,7,6,1,8,1,8,74,1,21,121.5908891,25.0631832
114,02,02,10,18,2,07信義區,信義區基隆路2段79巷17弄與基隆路2段79巷口,0,0,1,1,F01,8,5,5,30,3,1,1,5,4,5,13,4,4,10,5,5,2,16,1,28,3,10,4,1,7,5,8,20,1,13,8,1,21,121.5593391,25.0295996
114,02,02,11,35,2,03中山區,中山區復興北路202號,0,0,1,1,C03,7,7,5,50,14,9,1,5,4,5,13,4,4,1,4,5,2,13,2,20,2,8,5,1,7,8,1,10,1,11,100,1,21,121.5440094,25.0557716
114,02,02,12,57,2,11南港區,南港區研究院路1段101巷10號,0,0,1,1,B03,7,7,5,50,14,9,1,5,4,5,13,4,4,9,5,5,2,12,1,31,3,10,3,4,7,1,1,8,1,4,19,1,21,121.6166042,25.0518412
114,02,02,13,20,2,03中山區,中山區市民大道3段8號,0,0,1,1,B03,7,7,5,40,14,9,1,5,4,5,13,4,4,1,4,5,2,12,1,29,3,10,7,1,7,7,1,8,1,5,100,1,21,121.5323015,25.045722
114,02,02,14,03,2,10文山區,文山區興隆路3段185巷與興隆路3段207巷9弄口口,0,0,1,1,B03,7,6,5,30,4,1,1,4,4,3,10,4,4,10,5,5,2,3,1,47,3,10,7,1,7,9,1,8,1,4,118,1,21,121.5611624,24.9955587
114,02,02,14,30,2,03中山區,中山區市民大道2段47號,0,0,1,1,C03,7,7,5,40,14,9,1,5,4,5,13,4,4,1,4,5,2,17,1,28,2,8,5,1,7,9,1,10,1,11,16,1,21,121.5265418,25.0473234
114,02,02,15,20,2,04大安區,大安區和平東路2段22號對面,0,0,1,1,A04,8,6,5,40,14,9,1,5,4,5,13,4,4,1,4,4,2,9,1,60,3,10,3,4,7,14,1,2,9,15,40,1,22,121.5361259,25.0259931
114,02,02,16,35,2,12內湖區,內湖區康樂街61巷73弄18號,0,0,1,1,B03,6,6,5,30,14,9,1,4,4,5,13,4,4,10,5,5,2,1,2,30,3,10,7,1,7,9,1,8,1,4,108,1,21,121.6205715,25.06996613
114,02,02,16,42,2,12內湖區,內湖區文德路208巷與文德路208巷6弄口附近,0,0,2,1,B03,6,6,5,50,3,2,1,4,4,5,13,4,4,5,4,5,2,13,1,59,3,10,7,1,7,14,1,8,1,5,44,1,21,121.5835912,25.0782256
114,02,02,17,05,2,01大同區,大同區重慶北路3段與重慶北路3段120巷口,0,0,2,1,A04,8,5,5,50,14,10,1,5,4,5,13,4,4,9,4,5,2,9,1,36,3,10,7,1,7,9,1,6,2,1,118,1,22,121.5136822,25.0669641
114,02,02,17,06,2,02萬華區,萬華區開封街2段與漢中街口,0,0,2,1,C03,7,5,5,30,3,18,1,5,4,5,13,4,4,9,4,5,2,3,1,64,2,9,5,4,7,9,1,10,2,11,70,1,27,121.5078953,25.0463359
114,02,02,17,47,2,08士林區,士林區延平北路8段延平幹116B6055CA45電線杆,0,0,1,1,F01,7,6,5,50,14,9,1,5,4,5,13,4,4,9,4,5,1,29,1,88,2,1,2,1,7,9,8,20,9,17,118,1,21,121.487175,25.10335643
114,02,02,18,38,2,07信義區,信義區忠孝東路5段與松山路口,0,0,1,1,B02,6,5,5,50,4,1,1,4,4,5,13,2,1,3,4,5,2,17,1,58,4,11,7,4,7,5,1,8,11,15,83,2,21,121.5778427,25.0408925
114,02,02,18,43,2,06松山區,松山區塔悠路與塔悠路188巷口,0,0,2,1,B03,7,5,5,40,3,2,1,5,4,5,13,4,4,1,4,4,2,17,1,22,3,10,7,1,7,6,1,8,1,5,9,1,21,121.5693133,25.0566703
114,02,02,18,59,2,02萬華區,萬華區環河南路1段28號對面洛陽停車場出口,0,0,1,1,C03,7,7,5,50,14,9,1,5,4,5,13,4,4,9,4,5,2,13,1,21,2,9,5,1,7,9,1,10,1,14,108,1,21,121.5058724,25.0484795
114,02,02,19,40,2,12內湖區,內湖區內湖路2段263巷9弄與內湖路2段263巷口,0,0,1,1,B03,6,5,5,30,4,1,1,4,4,5,13,4,4,10,5,5,2,16,1,32,3,10,7,1,7,5,1,8,1,8,8,1,21,121.5901964,25.0826034
114,02,02,19,47,2,02萬華區,萬華區西園路1段188號,0,0,2,1,B03,8,5,5,40,14,9,1,5,4,5,13,4,4,1,4,5,2,17,1,60,3,10,7,1,7,1,1,8,1,4,19,1,21,121.4993095,25.0363021
114,02,02,20,07,2,04大安區,大安區忠孝東路4段與敦化南路1段口,0,0,1,1,A02,7,5,5,40,14,11,1,4,4,5,13,1,2,1,2,5,2,9,1,42,3,10,3,4,7,12,1,2,2,17,44,1,21,121.5488199,25.0417223
114,02,02,21,08,2,08士林區,士林區文林路與安平街口,0,0,1,1,B01,7,5,5,50,3,2,1,5,4,5,13,4,4,5,5,5,2,3,1,62,3,10,7,1,7,9,1,4,1,1,108,1,21,121.5263862,25.0884641
114,02,02,21,45,2,12內湖區,內湖區民權大橋,0,0,2,1,C03,6,7,5,30,14,11,1,4,4,5,13,4,4,10,3,4,1,13,2,49,2,9,6,1,7,9,1,10,2,11,108,1,21,121.5727573,25.064975
114,02,03,00,47,2,02萬華區,萬華區康定路與廣州街口,0,0,1,1,B01,6,5,5,50,4,1,1,4,4,5,13,1,1,5,4,5,2,17,1,45,3,10,7,4,7,5,1,4,1,6,74,1,21,121.5014385,25.0365885
114,02,03,04,04,2,04大安區,大安區大安路1段與大安路1段116巷口,0,0,1,1,A12,7,5,5,50,4,1,1,4,4,5,13,3,1,5,4,5,2,17,1,33,3,10,3,4,7,9,7,19,9,17,44,2,22,121.5461012,25.0398176
114,02,03,06,05,2,07信義區,信義區林口街80巷與林口街114巷口,0,0,1,1,B03,6,5,5,30,4,1,1,4,4,5,13,4,4,9,5,5,2,17,2,53,3,10,3,4,7,9,1,8,1,2,72,1,22,121.5803475,25.039576
114,02,03,06,20,2,03中山區,中山區松江路469巷與松江路口,0,0,1,1,B03,7,5,5,50,4,2,1,4,4,5,13,1,1,10,4,5,2,13,1,57,3,10,7,1,7,9,1,8,1,1,42,1,21,121.5335733,25.0665745
114,02,03,07,02,2,03中山區,中山區中山北路1段103號,0,0,1,1,A05,7,7,5,50,14,9,1,4,4,5,13,4,4,1,3,5,1,17,1,56,3,10,7,1,7,8,1,6,1,2,100,1,21,121.5212163,25.04997615
114,02,03,07,50,2,10文山區,文山區羅斯福路6段與羅斯福路6段232巷口,0,0,1,1,A02,6,6,5,50,3,2,1,4,4,5,13,4,4,1,4,5,2,9,1,46,3,10,7,1,7,15,1,1,9,17,44,1,22,121.5405708,24.9924887
114,02,03,08,11,2,01大同區,大同區酒泉街與重慶北路3段236巷45弄口,0,0,2,1,C03,6,6,5,50,3,1,1,4,4,5,13,4,4,9,5,5,2,16,1,56,2,8,5,1,7,5,1,10,1,12,74,1,21,121.5122984,25.072068
114,02,03,08,17,2,05中正區,中正區重慶南路1段2號,0,0,1,1,C03,6,5,5,50,14,9,1,4,4,5,13,4,4,10,4,5,1,17,1,39,3,10,5,1,7,15,1,10,9,17,44,1,21,121.5132379,25.0466831
114,02,03,08,19,2,12內湖區,內湖區民權東路6段280巷與康寧路3段26巷口,0,0,1,1,B02,6,6,5,30,3,1,1,4,4,5,13,4,4,10,5,5,2,17,1,39,3,10,7,1,7,5,1,8,1,8,8,1,21,121.6077154,25.07048923
114,02,03,08,30,2,04大安區,大安區信義路4段199巷口,0,0,1,1,C03,6,7,5,50,14,9,1,4,4,5,13,1,1,1,4,5,2,17,2,45,2,9,6,1,7,7,1,10,1,12,100,1,21,121.5516936,25.0332832
114,02,03,08,30,2,12內湖區,內湖區南京東路6段與新明路298巷口,0,0,1,1,C03,6,6,5,50,4,2,1,4,4,5,13,2,1,5,4,5,2,17,2,29,2,8,6,1,7,8,1,10,2,11,16,1,21,121.5821438,25.05704603
114,02,03,08,38,2,03中山區,中山區新生北路1段58號,0,0,2,1,C03,6,6,5,50,14,9,1,4,4,5,13,2,1,1,5,5,1,15,2,23,2,9,3,4,7,9,1,10,1,12,85,1,21,121.5310717,25.04671382
114,02,03,08,38,2,09北投區,北投區自強街141巷與石牌路1段166巷口,0,0,1,1,C03,7,5,6,50,3,1,1,4,4,5,13,4,4,5,4,5,2,17,1,31,2,8,3,4,7,9,1,10,2,14,44,1,21,121.5161447,25.1110493
114,02,03,08,40,2,11南港區,南港區成美橋南往北上橋處,0,0,1,1,C03,6,6,5,50,14,9,1,4,4,5,13,2,1,5,4,5,2,15,1,44,2,8,5,1,7,15,1,10,1,14,42,1,22,121.5830108,25.0522309
114,02,03,08,55,2,10文山區,文山區辛亥路4段與辛亥路4段108巷口口,0,0,1,1,C03,6,6,5,50,3,2,1,4,4,5,13,2,1,1,4,5,2,13,1,38,2,9,6,1,7,9,1,10,1,14,108,1,21,121.5572293,25.0052174
114,02,03,09,30,2,06松山區,松山區復興北路與復興北路81巷口,0,0,1,1,B03,7,6,5,30,3,1,1,4,4,5,13,4,4,9,4,5,2,16,1,72,3,10,7,1,7,6,1,8,2,1,72,1,22,121.5441571,25.05119963
114,02,03,09,45,2,09北投區,北投區立賢路109號,0,0,1,1,C03,6,6,5,50,14,9,1,4,4,5,13,4,4,1,3,5,2,17,1,68,2,9,5,1,7,5,1,10,1,12,8,1,21,121.5022415,25.1142621
114,02,03,09,56,2,10文山區,文山區木柵路1段與富山路口,0,0,1,1,B01,6,7,5,50,4,1,1,4,4,5,13,1,1,5,4,5,2,16,1,66,3,10,7,1,7,5,1,4,1,8,8,1,21,121.5537833,24.9880434
114,02,03,10,05,2,10文山區,文山區萬隆街與溪洲街137巷37弄口,0,0,2,1,C03,6,6,5,30,4,1,1,4,4,5,13,4,4,10,5,5,2,15,2,48,2,9,6,1,7,9,1,10,1,12,75,1,21,121.5365879,25.0009213
114,02,03,10,41,2,01大同區,大同區延平北路2段與民權西路口,0,0,2,1,F01,6,6,5,50,4,2,1,4,4,5,13,1,1,1,4,5,2,17,1,72,2,9,2,1,7,11,8,20,4,14,11,1,21,121.5110361,25.06280889
114,02,03,11,22,2,04大安區,大安區信義路3段147巷與復興南路1段340巷口,0,0,1,1,C03,7,6,8,30,3,1,1,4,4,5,13,4,4,5,5,5,2,17,2,42,2,9,6,1,7,9,1,10,9,17,116,1,21,121.5419905,25.0361619
114,02,03,11,55,2,02萬華區,萬華區中華路2段430號,0,0,2,1,H01,6,5,5,50,14,9,1,4,4,5,13,4,4,9,4,5,2,3,1,78,2,9,4,5,8,16,8,20,10,16,123,1,21,121.5062151,25.02767976
114,02,03,13,35,2,04大安區,大安區雲和街與泰順街口口,0,0,2,1,B03,8,7,5,30,4,1,1,4,4,5,13,4,4,9,5,5,1,17,2,54,2,9,7,1,7,9,1,8,2,8,72,1,21,121.531258,25.023284
114,02,03,13,50,2,03中山區,中山區民權東路2段與建國北路2段口,0,0,1,1,C03,6,7,5,50,4,2,1,4,4,5,13,1,1,1,4,5,2,13,2,28,2,9,5,1,7,9,1,10,1,11,16,1,22,121.5364488,25.0623174
114,02,03,14,18,2,03中山區,中山區長安東路2段129巷與長安東路2段口,0,0,1,1,B01,6,6,5,30,5,2,1,4,4,5,13,4,4,8,3,5,1,17,1,65,3,10,7,1,7,6,1,4,1,8,72,1,21,121.5359715,25.048503
114,02,03,14,48,2,09北投區,北投區大度路3段與關渡路口,0,0,1,1,B03,6,7,5,50,5,1,1,4,4,5,13,2,1,3,4,5,2,16,2,46,3,10,7,1,7,6,1,8,1,2,9,1,22,121.4694937,25.1228966
114,02,03,14,58,2,06松山區,松山區民生東路5段244號,0,0,1,1,A02,6,7,5,50,14,9,1,4,4,5,13,4,4,1,4,5,2,9,1,40,3,10,7,1,7,3,1,2,1,17,44,1,21,121.5662661,25.059038
114,02,03,15,00,2,03中山區,中山區中山北路2段152號,0,0,1,1,C03,7,7,5,50,14,9,1,4,4,5,13,4,4,1,3,5,1,17,2,25,2,9,5,1,7,15,1,10,1,15,44,1,21,121.5226132,25.0624031
114,02,03,15,03,2,01大同區,大同區寧夏路115號,0,0,2,1,H01,6,6,5,0,14,9,1,4,4,5,13,4,4,9,5,5,2,3,1,67,2,8,4,5,8,16,8,20,10,16,121,1,22,121.514599,25.0600954
114,02,03,15,13,2,09北投區,北投區石牌路2段與裕民三路口,0,0,1,1,B03,6,7,5,50,5,1,1,4,4,5,13,4,4,10,5,5,2,13,1,58,3,10,7,1,7,8,1,8,1,4,100,1,21,121.515894,25.1160774
114,02,03,16,37,2,07信義區,信義區市民大道5段與東興路口口,0,0,2,1,C03,6,5,5,50,4,1,1,4,4,5,13,2,1,1,4,5,2,15,2,62,2,9,5,1,7,9,1,10,2,11,81,1,22,121.5658902,25.048204
114,02,03,16,41,2,06松山區,松山區南京東路5段278號,0,0,1,1,A02,6,5,5,50,14,9,1,4,4,5,13,4,4,1,4,5,2,17,1,45,3,10,7,1,7,1,1,1,1,8,19,1,21,121.5672179,25.0512151
114,02,03,17,05,2,04大安區,大安區市民大道4段與忠孝東路4段223巷口,0,0,1,1,C03,6,6,5,50,14,9,1,4,4,5,13,2,1,10,5,5,2,18,1,67,2,9,6,1,7,15,1,10,1,12,42,1,21,121.5527697,25.0442809
114,02,03,17,29,2,04大安區,大安區復興南路1段253巷48號,0,0,1,1,C03,6,5,5,30,14,9,1,4,4,5,13,4,4,9,5,5,2,17,1,23,3,10,3,4,7,1,1,10,1,17,19,1,21,121.5454505,25.0367793
114,02,03,17,31,2,01大同區,大同區延平北路3段與民族西路口,0,0,1,1,B02,6,5,5,50,5,1,1,4,4,5,13,2,1,5,4,5,2,17,1,56,3,10,3,4,7,5,1,8,1,1,74,1,22,121.5109028,25.0687097
114,02,03,17,37,2,09北投區,北投區大度路3段與承德路7段401巷620弄口,0,0,2,1,C03,6,5,5,50,14,9,1,4,4,5,13,1,1,1,4,1,2,13,1,46,2,9,5,1,7,9,1,10,1,11,108,1,21,121.4854514,25.1218393
114,02,03,17,45,2,12內湖區,內湖區堤頂大道2段與基湖路口,0,0,1,1,B03,6,5,5,70,4,1,1,4,4,5,13,2,1,1,4,1,2,16,2,47,3,10,7,1,7,6,1,8,1,2,9,1,21,121.5641362,25.0787238
114,02,03,18,00,2,08士林區,士林區中山北路5段與劍潭路口,0,0,1,1,B01,6,5,5,50,14,9,1,4,4,5,13,2,1,1,4,5,1,17,1,64,3,10,7,1,7,8,1,4,2,6,100,1,21,121.5253488,25.08417642
114,02,03,18,00,2,12內湖區,內湖區成功路5段往東湖方向,0,0,2,1,C03,6,5,5,50,14,8,1,4,4,5,13,4,4,1,4,4,2,13,1,72,2,9,6,1,7,9,1,10,2,11,108,1,21,121.6071835,25.0812606
114,02,03,18,03,2,02萬華區,萬華區桂林路與華西街口,0,0,1,1,C03,6,5,5,40,4,1,1,4,4,5,13,1,1,5,4,4,2,13,1,22,3,10,5,4,7,9,1,10,1,13,16,1,21,121.4985824,25.03844454
114,02,03,18,25,2,09北投區,北投區光明路與光明路151巷口,0,0,1,1,C03,6,5,5,50,3,1,1,4,4,5,13,4,4,9,5,5,2,3,2,48,3,10,6,1,7,9,1,10,1,12,70,1,21,121.5025227,25.1350429
114,02,03,18,45,2,08士林區,士林區中正路與文林路口,0,0,1,1,C03,6,5,5,50,4,1,1,4,4,5,13,2,1,3,4,5,2,13,2,44,2,9,3,4,7,9,1,10,1,11,108,1,21,121.5247476,25.0951033
114,02,03,18,47,2,07信義區,信義區永吉路與松隆路口,0,0,1,1,B03,6,5,5,50,5,1,1,4,4,5,13,2,1,3,4,5,2,17,2,49,3,10,7,1,7,6,1,8,1,15,9,1,22,121.5704356,25.045572
114,02,03,18,48,2,09北投區,北投區懷德街與建民路口,0,0,1,1,C03,6,5,5,50,3,1,1,4,4,5,13,4,4,9,5,5,2,3,1,20,3,10,6,1,7,9,1,10,2,12,108,1,22,121.5196876,25.1106593