發生年度,發生月,發生日,發生時-Hours,發生分,處理別-編號,區序,肇事地點,死亡人數,2-30日死亡人數,受傷人數,當事人序號,車種,天候,光線,道路類別,速限-速度限制,道路型態,事故位置,路面狀況1,路面狀況2,路面狀況3,道路障礙1,道路障礙2,號誌1,號誌2,車道劃分-分向,車道劃分-分道1,車道劃分-分道2,車道劃分-分道3,事故類型及型態,性別,年齡,受傷程度,主要傷處,保護裝置,行動電話,車輛用途,當事者行動狀態,駕駛資格情形,駕駛執照種類,飲酒情形,車輛撞擊部位1,肇因碼-個別,個人肇逃否,職業,座標-X,座標-Y
114,02,03,18,50,2,12內湖區,內湖區港墘路與港墘路127巷口,0,0,1,1,C03,6,5,5,50,4,1,1,4,4,5,13,2,1,1,4,5,2,17,1,28,2,9,6,1,7,9,1,10,2,11,16,1,21,121.5759962,25.0779903
114,02,03,19,06,2,03中山區,中山區長安東路2段與吉林路口側附近口,0,0,1,1,C03,6,5,5,50,4,1,1,4,4,5,13,1,1,5,4,5,2,17,1,33,4,11,5,1,7,15,1,10,11,15,44,1,21,121.5300557,25.0485521
114,02,03,19,40,2,12內湖區,內湖區堤頂大道2段與基湖路口,0,0,1,1,C03,6,5,5,50,4,2,1,4,4,5,13,2,1,5,4,5,2,12,1,60,2,9,5,1,7,7,1,10,2,14,100,1,21,121.5644629,25.07907712
114,02,03,19,42,2,04大安區,大安區基隆路3段與臥龍街口,0,0,2,1,F01,6,5,5,30,3,2,1,4,4,5,13,4,4,8,3,5,1,12,1,71,2,9,4,1,7,5,8,20,1,14,8,1,21,121.5483577,25.0204923
114,02,03,20,07,2,02萬華區,萬華區青年路68巷與萬青街口,0,0,2,1,B01,6,5,5,30,4,2,1,4,4,5,13,3,1,5,5,5,2,17,1,57,3,10,7,1,7,9,1,4,1,8,72,1,21,121.5014356,25.0235831
114,02,03,20,47,2,01大同區,大同區酒泉街與大龍街口,0,0,2,1,C03,6,5,5,50,4,1,4,4,4,5,13,2,1,5,5,5,2,17,2,60,2,7,6,4,7,6,1,10,1,12,9,1,22,121.5159248,25.071949
114,02,03,21,29,2,04大安區,大安區和平東路1段與羅斯福路2段口,0,0,2,1,C03,6,5,5,50,4,1,2,4,4,5,13,1,1,1,4,5,2,16,2,19,2,9,3,4,7,6,1,10,1,14,99,1,21,121.5226049,25.0270255
114,02,03,21,45,2,05中正區,中正區和平西路1段與南昌路2段口,0,0,1,1,B03,6,5,5,50,4,1,1,4,4,5,13,1,1,1,4,5,2,17,1,49,3,10,7,1,7,6,1,8,2,17,9,1,22,121.5211032,25.0269138
114,02,04,01,33,2,04大安區,大安區光復南路286號,0,0,1,1,C03,6,5,5,50,14,9,1,4,4,5,13,3,1,10,5,5,2,13,1,40,2,9,5,1,7,9,1,10,1,12,108,1,21,121.557542,25.0395091
114,02,04,01,57,2,08士林區,士林區通河街1巷與通河街口,0,0,2,1,B01,6,5,5,30,4,1,1,4,4,5,13,3,1,5,5,5,2,17,1,64,3,10,7,1,7,5,1,4,1,1,72,1,21,121.5243175,25.07984798
114,02,04,06,55,2,05中正區,中正區懷寧街與貴陽街1段口,0,0,4,1,C03,7,5,5,50,14,9,1,5,4,5,13,1,1,9,4,5,2,17,1,24,2,9,5,1,7,9,1,10,2,11,16,1,21,121.5135661,25.0387082
114,02,04,07,03,2,03中山區,中山區中山北路1段67號,0,0,2,1,C03,8,7,5,50,14,9,1,5,4,5,13,4,4,8,3,5,2,13,1,31,2,9,6,4,7,9,1,10,1,11,42,1,22,121.5218547,25.050023
114,02,04,07,32,2,02萬華區,萬華區環河南路1段與內江街口,0,0,1,1,C03,7,6,5,50,4,2,1,4,4,5,13,2,1,9,4,5,2,12,1,58,3,10,6,1,7,9,1,10,1,12,44,1,22,121.4999513,25.0418296
114,02,04,08,03,2,08士林區,士林區福港街149巷與福港街149巷15弄口,0,0,2,1,B01,8,6,5,30,3,2,1,5,4,5,13,4,4,10,5,5,1,17,1,68,3,10,7,1,7,13,1,4,2,4,40,1,22,121.5187969,25.0873873
114,02,04,08,15,2,03中山區,中山區中山北路2段與民權西路口,0,0,1,1,B03,7,7,5,50,4,2,1,4,4,5,13,2,1,1,4,5,2,16,1,35,3,10,3,4,7,6,1,8,2,6,9,1,21,121.5222885,25.0626868
114,02,04,08,16,2,06松山區,松山區南京東路3段337號,0,0,1,1,B01,8,7,5,40,14,9,1,5,4,5,13,4,4,1,4,5,2,12,1,57,3,10,7,1,7,1,1,4,1,8,19,1,26,121.5481376,25.051854
114,02,04,08,23,2,06松山區,松山區民權東路3段103巷與五常街口,0,0,1,1,B01,7,6,5,30,3,2,1,4,4,5,13,4,4,10,5,5,2,9,1,59,3,10,3,4,7,14,1,4,1,2,40,1,22,121.5450226,25.0642333
114,02,04,08,28,2,08士林區,士林區忠誠路2段與德行東路口,0,0,1,1,B03,8,6,5,50,4,1,1,5,4,5,13,1,1,5,5,5,2,17,1,71,4,11,3,4,7,5,7,19,11,17,71,2,22,121.5304258,25.1084686
114,02,04,08,30,2,01大同區,大同區承德路3段122巷與承德路3段口,0,0,1,1,C03,8,6,5,50,4,1,1,5,4,5,13,2,1,9,4,5,2,13,1,28,3,10,5,1,7,9,1,10,2,11,16,1,21,121.5182888,25.0673144
114,02,04,08,31,2,06松山區,松山區敦化北路244巷6弄與敦化北路238巷口,0,0,1,1,B03,7,7,5,30,4,1,1,5,4,5,13,4,4,10,5,5,2,16,1,45,3,10,7,1,7,5,1,8,1,4,8,1,26,121.5490641,25.0600218
114,02,04,08,40,2,03中山區,中山區長安西路50號,0,0,1,1,C03,7,7,5,50,14,9,1,5,4,5,13,1,1,4,3,5,1,17,1,34,2,7,5,1,7,9,1,10,1,14,13,1,21,121.5201991,25.05020358
114,02,04,08,41,2,06松山區,松山區民權東路5段與撫遠街口,0,0,2,1,H01,8,6,5,50,4,1,1,5,4,5,13,2,1,1,4,5,2,1,2,13,2,9,4,5,8,18,8,20,10,16,122,1,21,121.5660665,25.0633349
114,02,04,08,42,2,01大同區,大同區延平北路3段66巷與伊寧街75巷口,0,0,2,1,C03,8,6,5,30,4,1,1,5,4,5,13,4,4,10,5,5,2,17,2,48,2,9,5,4,7,6,1,10,1,11,9,1,21,121.5108518,25.065327
114,02,04,08,50,2,02萬華區,萬華區長沙街2段與環河南路1段口,0,0,2,1,C03,8,6,5,50,3,2,1,5,4,5,13,2,1,5,4,5,1,17,1,42,2,7,3,4,7,5,1,10,1,12,71,1,22,121.4996057,25.0414468
114,02,04,08,56,2,07信義區,信義區嘉興街與嘉興街181巷口口,0,0,1,1,C03,8,7,5,30,4,1,1,5,4,5,13,2,1,10,5,5,2,17,2,46,2,8,5,1,7,5,1,10,1,12,71,1,21,121.5564933,25.0263614
114,02,04,09,20,2,04大安區,大安區忠孝東路4段與敦化南路1段口,0,0,2,1,C03,7,7,5,50,4,2,1,5,4,5,13,1,1,1,3,1,1,13,2,43,2,9,5,1,7,9,1,10,1,11,16,1,21,121.5490986,25.0414903
114,02,04,09,30,2,06松山區,松山區民族東路710號,0,0,1,1,C03,7,7,5,30,14,9,1,5,4,5,13,4,4,10,5,5,2,13,1,32,2,7,5,1,7,9,1,10,1,11,16,1,25,121.5475157,25.0639716
114,02,04,09,48,2,03中山區,中山區民權東路3段與復興北路口,0,0,1,1,C03,8,7,5,50,3,1,1,5,4,5,13,4,4,9,4,5,2,17,2,27,3,10,5,1,7,6,1,10,1,12,17,1,21,121.5434867,25.0620491
114,02,04,10,00,2,09北投區,北投區東華街1段與東陽街口,0,0,1,1,C03,8,5,5,50,4,1,1,5,4,5,13,1,1,5,4,5,2,17,1,38,3,10,3,4,7,6,1,10,1,12,9,1,21,121.5174589,25.1123584
114,02,04,10,20,2,03中山區,中山區復興北路514巷與民權東路3段39巷口,0,0,2,1,C03,7,5,5,50,3,1,1,5,4,5,13,4,4,8,5,5,2,16,2,64,2,9,5,1,7,5,1,10,1,14,74,1,22,121.5425728,25.0659541
114,02,04,10,30,2,04大安區,大安區信義路2段86巷與信義路2段口,0,0,1,1,B12,8,7,5,30,3,2,1,5,4,5,13,4,4,8,3,5,1,17,1,51,3,10,7,1,7,10,1,8,1,17,72,1,26,121.526812,25.0341627
114,02,04,10,42,2,03中山區,中山區中山北路4段與北安路口,0,0,2,1,C03,8,7,5,40,14,11,1,5,4,5,13,4,4,1,4,5,2,13,1,23,2,9,5,1,7,9,1,10,1,11,16,1,22,121.5270478,25.076225
114,02,04,10,49,2,01大同區,大同區民權西路148號,0,0,2,1,C03,8,6,5,50,14,9,1,5,4,5,13,4,4,1,4,5,2,17,2,24,2,8,5,4,7,9,1,10,1,11,16,1,21,121.5151505,25.0627715
114,02,04,10,49,2,12內湖區,內湖區內湖路1段91巷38弄與文湖街60巷口,0,1,0,1,B12,8,6,5,30,4,2,1,5,4,5,13,4,4,5,5,5,2,17,1,43,3,10,7,1,7,9,1,8,2,1,72,1,21,121.5638216,25.0854842
114,02,04,11,02,2,10文山區,文山區羅斯福路5段97巷2-2號,0,0,1,1,C03,8,6,5,30,14,9,1,5,4,5,13,4,4,10,5,5,2,10,1,27,2,9,6,1,7,9,1,10,1,11,5,1,21,121.5183568,25.04847309
114,02,04,11,15,2,02萬華區,萬華區青年路178巷30號,0,0,1,1,B03,8,6,5,30,14,9,1,5,4,5,13,4,4,10,5,5,2,2,1,49,3,10,7,1,7,9,1,8,2,2,108,1,26,121.5021912,25.02007358
114,02,04,11,19,2,10文山區,文山區指南路1段42之1號號,0,0,1,1,C03,8,7,5,0,14,9,1,5,4,5,13,4,4,9,5,5,2,17,1,62,3,10,5,1,7,9,1,10,9,12,102,2,21,121.5699593,24.9876802
114,02,04,11,23,2,04大安區,大安區光復南路420巷與光復南路420巷1弄口,0,0,1,1,C03,8,7,5,30,4,1,1,5,4,5,13,4,4,9,5,5,2,15,2,24,2,9,3,4,7,9,1,10,1,11,75,1,21,121.5568977,25.0364632
114,02,04,11,45,2,08士林區,士林區文昌路與美崙街口,0,0,1,1,C03,8,6,5,50,4,1,1,5,4,5,13,1,1,10,5,5,1,16,1,22,2,7,5,1,7,5,1,10,9,14,8,1,21,121.5208549,25.09681913
114,02,04,12,09,2,07信義區,信義區永吉路278巷8號,0,0,1,1,B03,7,6,5,30,14,9,1,5,4,5,13,4,4,10,5,5,2,2,1,22,3,10,7,1,7,9,1,8,1,2,108,1,22,121.5741689,25.0448427
114,02,04,12,15,2,03中山區,中山區新生北路3段49號,0,0,1,1,B03,8,7,5,50,14,9,1,5,4,5,13,4,4,1,4,5,2,12,1,32,3,10,7,1,7,9,1,8,2,2,44,1,21,121.5280934,25.06580353
114,02,04,12,17,2,10文山區,文山區景中街與景美街口,0,0,2,1,C03,8,6,5,50,4,18,1,5,4,5,13,4,4,1,4,5,2,3,1,57,2,8,6,1,7,9,1,10,2,11,70,1,21,121.5416712,24.9928916
114,02,04,12,18,2,03中山區,中山區新生北路3段49號,0,0,1,1,C03,8,7,5,50,14,9,1,5,4,5,13,4,4,1,4,5,2,13,1,36,2,9,5,1,7,9,1,10,2,11,108,1,21,121.5280737,25.06585211
114,02,04,12,40,2,06松山區,松山區市民大道6段與基隆路1段口,0,0,3,1,C03,8,7,5,40,4,1,1,5,4,4,13,1,1,9,4,5,2,17,1,43,2,9,6,1,7,5,3,18,1,14,86,1,22,121.5693414,25.049125
114,02,04,13,00,2,08士林區,士林區中正路201號,0,0,2,1,C03,7,5,8,50,22,22,1,5,4,5,13,4,4,1,4,5,1,17,1,51,3,10,5,1,7,7,1,10,1,15,100,1,21,121.5272134,25.0956404
114,02,04,13,02,2,03中山區,中山區八德路2段167巷與建國北路1段23巷口,0,0,1,1,C03,7,5,5,30,4,1,1,5,4,5,13,4,4,10,5,5,2,15,1,34,2,9,5,1,7,9,1,10,1,12,72,1,21,121.5379603,25.0473474
114,02,04,13,07,2,03中山區,中山區建國北路3段86巷,0,0,1,1,C03,8,7,5,50,14,9,1,5,4,5,13,4,4,1,4,5,2,13,1,45,2,9,5,1,7,9,1,10,1,11,16,1,22,121.5356312,25.06603828
114,02,04,13,20,2,03中山區,中山區北安路與北安路759巷口,0,0,2,1,C03,8,7,5,40,4,2,1,5,4,5,13,2,1,1,4,5,2,12,2,62,2,9,6,4,7,9,1,10,2,12,17,1,21,121.5529001,25.08575323
114,02,04,13,29,2,09北投區,北投區西安街2段與石牌路1段口,0,0,2,1,C03,8,6,5,50,4,1,1,5,4,5,13,1,1,10,5,5,2,16,2,51,2,9,5,1,7,5,3,18,2,14,8,1,21,121.5148393,25.1151088
114,02,04,13,40,2,05中正區,中正區水源快速道路129號燈桿前,0,0,1,1,B03,8,7,5,50,14,7,1,5,4,5,13,4,4,10,4,5,2,13,1,53,3,10,7,1,7,9,1,8,1,1,108,1,22,121.5230913,25.01950411
114,02,04,13,56,2,12內湖區,內湖區成功路2段與成功路2段250巷口口,0,0,1,1,C03,8,5,5,50,3,1,1,5,4,5,13,1,1,1,4,5,2,12,1,18,2,9,6,1,7,8,1,10,1,14,100,1,21,121.5905685,25.0659593
114,02,04,14,00,2,07信義區,信義區信義路6段126號,0,0,1,1,C03,8,7,5,50,14,9,1,5,4,5,13,1,1,5,4,5,1,18,2,67,2,8,3,4,7,9,1,10,9,14,118,1,21,121.5782919,25.0361619
114,02,04,14,15,2,07信義區,信義區信義路6段15巷與信義路6段口口,0,0,1,1,B03,8,5,8,50,4,2,1,5,4,5,13,1,1,5,4,5,2,17,1,43,3,10,7,1,7,11,1,8,2,4,10,1,22,121.5752926,25.0340813
114,02,04,14,44,2,06松山區,松山區八德路4段580號市民大道六段側,0,0,1,1,F01,8,7,5,40,14,9,1,5,4,5,13,4,4,1,4,5,2,17,1,59,2,9,4,1,7,7,8,20,1,13,100,1,21,121.5714976,25.0494969
114,02,04,14,55,2,06松山區,松山區八德路3段與八德路3段199巷口,0,0,1,1,C03,7,6,5,50,4,1,1,5,4,5,13,2,1,5,4,5,2,16,1,22,2,9,5,1,7,9,1,10,2,11,81,1,21,121.5563585,25.0481021
114,02,04,15,35,2,08士林區,士林區承德路5段與士商路口,0,0,1,1,B03,7,6,5,60,4,1,1,5,4,5,13,2,1,1,3,4,2,17,1,58,3,10,7,1,7,6,1,8,1,5,9,1,21,121.5146147,25.09633147
114,02,04,16,07,2,09北投區,北投區知行路151號旁,0,0,1,1,C03,8,6,5,50,14,9,1,5,4,5,13,4,4,5,5,5,2,13,2,20,2,9,5,1,7,9,1,10,1,11,108,1,21,121.4654449,25.1185217
114,02,04,16,14,2,01大同區,大同區承德路3段與民權西路口,0,0,1,1,C03,8,5,5,50,5,2,1,5,4,5,13,2,1,1,4,5,2,13,2,57,2,9,5,1,7,9,1,10,2,11,108,1,21,121.5181913,25.0628016
114,02,04,16,38,2,09北投區,北投區承德路7段與立農街1段口,0,0,1,1,B03,8,6,5,30,14,9,1,5,4,5,13,4,4,9,4,4,2,16,2,25,3,10,7,1,7,5,1,8,1,8,73,1,21,121.5024873,25.11878449
114,02,04,16,50,2,05中正區,中正區濟南路1段2-2號,0,0,1,1,B01,8,7,8,40,22,9,1,5,4,5,13,4,4,8,4,4,2,17,1,64,3,10,7,1,7,1,1,4,2,1,19,1,21,121.5198351,25.0432621
114,02,04,16,53,2,03中山區,中山區中山北路2段77巷20號,0,0,2,1,C03,8,6,5,30,14,9,1,5,4,5,13,4,4,10,5,5,2,10,1,37,2,7,6,4,7,9,1,10,2,11,108,1,21,121.5248118,25.0575084
114,02,04,17,25,2,03中山區,中山區吉林路10巷與吉林路口,0,0,1,1,C03,8,7,5,30,3,1,1,5,4,5,13,3,1,9,2,5,2,17,2,65,3,10,5,1,7,5,1,10,1,17,72,1,21,121.5299778,25.0497562
114,02,04,17,29,2,05中正區,中正區南昌路1段與重慶南路2段7巷口,0,0,2,1,B03,7,6,5,50,4,1,1,5,4,5,13,4,4,5,4,5,2,17,1,39,2,9,7,1,7,9,1,8,2,1,72,1,22,121.5149193,25.0342888
114,02,04,17,33,2,09北投區,北投區文林北路與明德路口,0,0,2,1,C03,8,5,5,50,4,4,1,5,4,5,13,1,1,1,4,4,2,13,2,35,2,9,5,1,7,9,1,10,1,11,16,1,21,121.5163484,25.1062049
114,02,04,17,37,2,04大安區,大安區基隆路2段與通化街171巷口,0,0,1,1,C03,7,5,5,50,4,2,1,5,4,5,13,2,1,1,4,5,1,12,2,71,2,9,6,1,7,7,1,10,2,14,100,1,21,121.5560727,25.027574
114,02,04,17,40,2,12內湖區,內湖區大湖街166巷2號,0,0,2,1,C03,8,5,5,30,11,9,1,5,4,5,13,4,4,10,5,5,2,17,1,39,2,9,6,1,7,9,1,10,1,11,42,1,21,121.6008058,25.0843623
114,02,04,17,59,2,05中正區,中正區重慶南路3段160號,0,0,1,1,C03,7,5,5,50,14,9,1,5,4,5,13,4,4,1,4,5,2,13,1,40,2,9,5,1,7,9,1,10,2,11,16,1,22,121.5167598,25.0236421
114,02,04,18,29,2,12內湖區,內湖區民權大橋東向西,0,0,2,1,C03,7,5,5,30,14,11,1,5,4,5,13,4,4,1,4,4,2,13,1,27,2,9,5,1,7,9,1,10,1,11,16,1,21,121.5694392,25.0639782
114,02,04,18,35,2,08士林區,士林區忠誠路2段48號,0,0,1,1,B03,7,5,5,50,14,9,1,5,4,5,13,2,1,1,3,5,1,11,1,62,3,10,3,4,7,11,1,8,1,6,10,1,22,121.5305757,25.1105981
114,02,04,18,37,2,01大同區,大同區民生西路171巷與萬全街口,0,0,2,1,C03,7,5,5,30,5,1,1,5,4,5,13,4,4,10,5,5,2,15,1,28,2,9,6,1,7,9,1,9,2,11,72,1,21,121.5167035,25.0579789
114,02,04,18,45,2,12內湖區,內湖區安泰街與安泰街45巷口口,0,0,1,1,C03,7,5,5,30,4,1,1,5,4,5,13,4,4,10,5,5,2,16,1,19,3,10,5,1,7,5,1,10,1,14,74,1,21,121.6178985,25.0737759
114,02,04,18,55,2,07信義區,信義區松德路168巷與松德路168巷12弄口,0,0,1,1,C04,8,5,5,30,4,1,1,5,4,5,13,2,1,9,4,5,1,13,2,53,3,10,3,4,7,9,1,10,1,12,16,1,21,121.5735442,25.036516
114,02,04,19,46,2,05中正區,中正區重慶南路3段27巷10號,0,0,1,1,C03,8,5,5,30,14,9,1,5,4,3,10,4,4,10,5,5,2,17,1,39,2,8,5,1,7,1,1,10,2,11,19,1,21,121.5162929,25.02867332
114,02,04,19,54,2,02萬華區,萬華區環河南路1段與內江街口,0,0,2,1,C03,7,5,5,50,5,2,1,5,4,5,13,1,1,8,4,5,2,12,1,21,2,9,5,1,7,11,1,10,1,14,10,1,21,121.5001668,25.0420534
114,02,04,19,56,2,02萬華區,萬華區永福街與柳州街口,0,0,2,1,C03,7,5,5,30,4,1,1,5,4,5,13,1,1,10,5,5,2,16,1,21,2,8,6,1,7,5,1,10,1,11,8,1,21,121.5052992,25.0382505
114,02,04,21,02,2,04大安區,大安區信義路2段與金山南路2段口,0,0,2,1,B03,7,5,5,50,4,2,1,5,4,5,13,2,1,1,4,5,2,17,1,53,3,10,3,4,7,8,1,4,1,3,100,1,21,121.5272823,25.03368009
114,02,04,21,07,2,01大同區,大同區台北橋機慢車道往三重,0,0,1,1,C03,8,5,5,50,8,11,1,5,4,5,13,4,4,10,5,5,2,12,2,35,2,9,6,1,7,9,1,10,1,12,44,1,21,121.5090702,25.0634113
114,02,04,21,13,2,01大同區,大同區延平北路4段與迪化街2段268巷口,0,0,2,1,C03,8,5,5,40,5,2,1,5,4,5,13,4,4,5,5,4,2,16,1,33,2,9,6,1,7,11,1,9,1,14,10,1,21,121.5109008,25.0705227
114,02,04,22,10,2,05中正區,中正區博愛路與衡陽路口,0,0,1,1,H01,7,5,5,50,4,18,1,5,4,5,13,2,1,10,5,5,2,3,1,29,4,11,4,5,8,16,8,20,10,16,122,1,22,121.5116039,25.0422747
114,02,04,22,44,2,10文山區,文山區興隆路4段145巷與興隆路4段145巷22弄口,0,0,1,1,C03,7,5,5,30,4,1,1,5,4,5,13,4,4,10,5,5,2,15,2,49,2,9,6,1,7,9,1,10,1,12,72,1,21,121.5627741,24.9851978
114,02,04,23,27,2,04大安區,大安區新生南路2段與金華街口,0,0,2,1,C03,8,5,5,40,4,1,1,5,4,5,13,2,1,1,3,5,2,17,2,52,2,9,6,1,7,9,1,10,1,11,16,1,21,121.53357,25.0304967
114,02,05,00,03,2,07信義區,信義區信安街與崇德街口,0,0,1,1,F01,8,5,5,50,4,2,1,5,4,5,13,1,1,5,4,5,2,17,2,55,2,9,3,4,7,5,8,20,1,13,85,1,21,121.5558273,25.0240057
114,02,05,05,50,2,01大同區,大同區承德路3段與庫倫街口,0,0,1,1,B03,8,5,5,50,5,1,1,5,4,5,13,1,1,5,5,5,2,3,1,50,3,10,7,1,7,5,1,8,2,4,70,1,21,121.5187209,25.0720283
114,02,05,06,10,2,10文山區,文山區興隆路1段與景興路口,0,0,1,1,B03,8,5,5,50,5,18,1,5,4,5,13,2,1,1,2,5,2,3,1,49,3,10,7,1,7,5,1,8,1,1,70,1,21,121.5456696,24.99784851
114,02,05,06,42,2,08士林區,士林區中正路與百齡橋口機慢車專用車道燈幹7510208處,0,0,1,1,C03,7,5,5,50,8,7,1,5,4,5,13,4,4,3,4,4,2,12,1,50,3,10,5,1,7,4,1,10,1,14,108,1,21,121.5127236,25.08844181
114,02,05,06,56,2,09北投區,北投區大同街與中央北路1段口,0,0,1,1,C03,8,6,5,30,14,9,1,5,4,5,13,4,4,10,5,5,2,17,2,76,3,10,6,1,7,1,3,18,1,11,19,1,26,121.4986464,25.1350611
114,02,05,07,35,2,05中正區,中正區青島西路13號對面,0,0,1,1,A02,8,6,5,50,14,9,1,5,4,5,13,4,4,5,4,5,2,9,1,58,4,11,7,1,7,14,1,2,11,15,40,1,21,121.5174903,25.04493178
114,02,05,07,36,2,11南港區,南港區市民大道8段與南港路2段41巷口,0,0,2,1,C03,8,6,5,50,4,1,1,5,4,5,13,2,2,3,4,5,2,16,2,27,2,8,5,1,7,5,1,10,1,12,71,1,22,121.603305,25.0527114
114,02,05,07,50,2,08士林區,士林區德行東路129巷與德行東路109巷64弄口,0,0,1,1,C03,7,6,5,30,4,1,1,5,4,5,13,4,4,10,5,5,2,15,1,66,2,8,5,1,7,9,1,10,2,11,72,1,22,121.5293473,25.1094171
114,02,05,07,52,2,10文山區,文山區木新路2段與木新路2段79巷口,0,0,1,1,B01,8,6,5,30,3,2,1,5,4,5,13,4,4,10,5,5,2,17,1,60,3,10,7,1,7,11,1,4,1,2,10,1,21,121.5703643,24.9850818
114,02,05,08,25,2,03中山區,中山區龍江路394巷與五常街53巷口,0,0,1,1,F01,8,6,5,30,4,1,1,5,4,5,13,4,4,8,3,5,2,15,1,67,2,5,4,4,7,9,8,20,2,13,72,1,21,121.5396476,25.0672128
114,02,05,09,00,2,03中山區,中山區民生西路與中山北路2段口,0,0,2,1,C03,7,7,5,50,4,1,1,5,4,5,13,1,1,4,3,5,1,13,2,47,2,8,5,1,7,9,1,10,1,11,16,1,21,121.5226034,25.05779679
114,02,05,09,00,2,06松山區,松山區麥帥一橋機車道西往東(燈桿7510308),0,0,1,1,C03,8,6,5,40,8,11,1,5,4,5,13,4,4,3,4,5,2,17,1,42,4,11,6,1,7,8,1,10,11,14,100,2,22,121.5690791,25.0512986
114,02,05,09,04,2,05中正區,中正區市民大道3段8號,0,0,1,1,B03,7,5,5,40,14,9,1,5,4,5,13,4,4,1,4,1,2,13,1,52,3,10,7,1,7,7,1,8,1,2,100,1,21,121.5322569,25.0454943
114,02,05,09,10,2,08士林區,士林區環河北路3段95號,0,0,1,1,C02,7,6,5,60,14,9,1,5,4,5,13,4,4,1,4,5,2,13,1,44,2,9,6,1,7,9,1,9,1,11,16,1,22,121.5061974,25.0845223
114,02,05,09,49,2,09北投區,北投區大度路3段往東過立德路500公尺處,0,0,2,1,C03,8,6,5,50,14,12,1,4,4,5,13,4,4,1,4,5,1,17,2,45,2,9,6,1,7,9,1,10,2,12,13,1,21,121.4762003,25.1224096
114,02,05,09,50,2,03中山區,中山區樂群一路與基湖路口,0,0,1,1,B03,8,7,5,50,3,1,1,5,4,5,13,2,1,10,5,5,2,16,1,44,3,10,7,1,7,5,1,8,1,5,17,1,21,121.5564218,25.05424441
114,02,05,10,01,2,10文山區,文山區指南路3段38巷14-3號,0,0,1,1,F01,8,7,5,30,14,9,1,5,4,5,13,4,4,10,5,5,1,10,1,13,2,9,5,1,7,9,8,20,1,11,5,1,15,121.5839309,24.9659305
114,02,05,10,26,2,04大安區,大安區羅斯福路3段與師大路口,0,0,1,1,C03,8,7,5,50,4,2,1,5,4,5,13,2,1,8,3,5,1,13,1,57,2,1,5,4,7,12,1,10,1,11,108,1,26,121.5278897,25.0211283
114,02,05,10,27,2,05中正區,中正區臨沂街3巷與忠孝東路2段121巷口,0,0,2,1,C03,8,6,5,30,4,1,1,5,4,5,13,4,4,10,5,5,1,15,2,65,2,3,6,1,7,9,1,10,2,11,75,1,22,121.5322733,25.0431908
114,02,05,10,31,2,04大安區,大安區愛國東路35號,0,0,1,1,C03,8,5,5,50,14,7,1,5,4,5,13,3,1,1,3,4,1,3,1,33,3,10,6,1,7,9,1,10,2,11,70,1,21,121.5254301,25.0319557
114,02,05,10,45,2,02萬華區,萬華區西園路2段140巷與西園路2段口,0,0,1,1,C03,8,6,5,50,4,2,1,5,4,5,13,1,1,8,3,5,1,12,1,36,2,9,5,1,7,10,1,10,1,14,100,1,21,121.4961904,25.0297475
114,02,05,10,50,2,03中山區,中山區敬業三路100號,0,0,1,1,B03,7,5,5,50,14,9,1,5,4,5,13,4,4,8,5,4,1,16,1,22,3,10,7,1,7,6,1,8,1,2,9,1,21,121.5563907,25.0821953
114,02,05,10,50,2,08士林區,士林區中正路499號,0,0,1,1,B03,8,6,5,50,14,9,1,5,4,5,13,4,4,5,4,5,2,12,2,43,3,10,7,1,7,9,1,8,1,4,44,1,26,121.5180739,25.09195361
114,02,05,10,58,2,08士林區,士林區承德橋003燈桿北向南,0,0,2,1,C03,8,6,5,40,8,11,1,5,4,5,13,4,4,10,4,4,1,17,2,50,2,9,6,1,7,9,1,10,2,11,16,1,21,121.5218425,25.0799128
114,02,05,11,25,2,09北投區,北投區北投路1段與三合街2段口,0,0,4,1,C03,7,5,5,50,4,1,1,5,4,5,13,1,1,5,4,5,2,17,2,59,2,8,3,4,7,11,1,10,1,14,71,1,21,121.5007089,25.1262859
114,02,05,11,36,2,07信義區,信義區松山路261號,0,0,1,1,B03,7,7,5,50,14,9,1,5,4,5,13,4,4,5,5,5,2,12,1,50,3,10,7,1,7,1,1,8,1,8,19,1,21,121.5778619,25.0438087
114,02,05,11,46,2,10文山區,文山區新光路2段往西燈桿編號0707697號旁,0,0,1,1,B03,8,6,5,50,11,9,1,5,4,5,13,4,4,9,5,5,1,17,1,50,3,10,7,1,7,15,1,8,1,4,4,1,21,121.5985185,25.0022789
114,02,05,11,59,2,01大同區,大同區鄭州路與西寧北路口,0,0,1,1,B03,8,6,5,40,4,1,1,5,4,5,13,2,1,1,4,5,2,17,1,50,3,10,7,4,7,5,1,4,1,5,108,1,21,121.5087061,25.050228
114,02,05,12,00,2,12內湖區,內湖區瑞光路與陽光街口,0,0,1,1,C03,7,6,5,50,4,2,1,5,4,5,13,1,1,5,4,5,2,12,2,25,2,8,5,1,7,10,1,10,1,13,100,1,21,121.5792512,25.0736965
114,02,05,12,28,2,08士林區,士林區文林路587巷與美崙街152巷口,0,0,1,1,B12,8,6,5,30,3,2,1,5,4,5,13,4,4,10,4,5,1,17,1,59,3,10,7,1,7,9,1,8,1,4,13,1,21,121.5183162,25.0988738