發生年度,發生月,發生日,發生時-Hours,發生分,處理別-編號,區序,肇事地點,死亡人數,2-30日死亡人數,受傷人數,當事人序號,車種,天候,光線,道路類別,速限-速度限制,道路型態,事故位置,路面狀況1,路面狀況2,路面狀況3,道路障礙1,道路障礙2,號誌1,號誌2,車道劃分-分向,車道劃分-分道1,車道劃分-分道2,車道劃分-分道3,事故類型及型態,性別,年齡,受傷程度,主要傷處,保護裝置,行動電話,車輛用途,當事者行動狀態,駕駛資格情形,駕駛執照種類,飲酒情形,車輛撞擊部位1,肇因碼-個別,個人肇逃否,職業,座標-X,座標-Y
114,02,05,12,35,2,02萬華區,萬華區和平西路3段與康定路口,0,0,1,1,C03,8,7,5,50,4,1,2,5,4,5,13,1,1,9,5,5,2,17,1,60,3,10,5,1,7,8,1,10,1,12,100,1,21,121.5013353,25.035351
114,02,05,13,39,2,02萬華區,萬華區萬大路277巷與萬大路277巷14弄口,0,0,1,1,C03,7,6,5,30,4,2,1,5,4,5,13,4,4,10,5,5,1,17,2,31,2,9,3,4,7,9,1,10,1,14,72,1,22,121.5010877,25.0254062
114,02,05,13,43,2,06松山區,松山區南京東路5段315號,0,0,1,1,B01,7,6,5,50,14,9,1,5,4,5,13,4,4,9,4,5,2,17,2,54,3,10,7,1,7,1,1,8,9,17,19,1,21,121.566895,25.0514075
114,02,05,13,56,2,06松山區,松山區民權東路3段與復興北路口,0,0,1,1,B03,8,7,5,50,3,1,1,5,4,5,13,4,4,9,4,5,2,17,1,53,3,10,7,4,7,6,1,8,1,2,9,1,22,121.5446833,25.062252
114,02,05,14,10,2,07信義區,信義區莊敬路468號,0,0,2,1,C03,7,6,5,50,14,9,1,5,4,5,13,4,4,5,5,5,2,11,1,45,3,10,6,1,7,7,1,10,1,11,42,1,22,121.5680617,25.0267159
114,02,05,14,20,2,07信義區,信義區基隆路1段與基隆路1段102巷口,0,0,1,1,B01,7,6,5,50,3,1,1,5,4,5,13,4,4,1,4,5,2,16,1,62,3,10,3,4,7,6,1,3,1,6,9,1,21,121.5668094,25.0453528
114,02,05,15,14,2,05中正區,中正區中華路1段與開封街1段口,0,0,1,1,B03,8,6,5,50,4,2,1,5,4,5,13,1,1,10,4,5,1,17,1,46,3,10,7,1,7,6,1,8,2,5,9,1,22,121.5095968,25.0460117
114,02,05,15,20,2,08士林區,士林區承德路5段78號,0,0,3,1,C03,7,6,5,50,14,9,1,5,4,5,13,4,4,1,4,5,2,16,2,37,2,7,5,1,7,7,1,10,1,14,100,1,21,121.5145907,25.09408395
114,02,05,15,32,2,04大安區,大安區仁愛路4段與敦化南路1段口,0,0,2,1,B03,7,7,5,50,4,1,1,5,4,5,13,1,1,1,4,5,2,17,1,81,3,10,7,1,7,5,1,8,1,8,71,1,21,121.5497224,25.0379052
114,02,05,15,36,2,08士林區,士林區雨聲街79號停車格旁,0,0,2,1,C03,7,6,5,50,14,9,1,5,4,5,13,4,4,4,5,5,1,16,1,61,2,9,5,1,7,7,1,10,1,12,100,1,21,121.5302971,25.104552
114,02,05,15,49,2,05中正區,中正區北平東路與林森北路口,0,0,1,1,B03,7,6,5,50,4,1,1,5,4,5,13,1,1,10,5,5,2,16,1,74,3,10,7,1,7,5,1,8,2,6,74,1,22,121.5237486,25.0463932
114,02,05,15,49,2,09北投區,北投區稻香路(燈桿1200709),0,0,1,1,C03,8,6,5,30,14,9,1,5,4,5,13,4,4,9,5,5,2,17,1,57,2,3,5,1,7,9,1,10,1,12,42,1,21,121.4907821,25.14219504
114,02,05,15,52,2,11南港區,南港區研究院路1段與南港路1段口,0,0,1,1,B01,7,6,5,50,4,3,1,5,4,5,13,2,1,5,2,5,2,12,1,66,3,10,7,1,7,6,1,4,11,4,99,1,21,121.6164617,25.0550988
114,02,05,16,32,2,06松山區,松山區寧安街與八德路3段口,0,0,1,1,B03,8,6,6,30,3,1,1,5,4,5,13,1,1,5,4,5,2,3,2,35,3,10,7,1,7,5,1,8,2,4,70,1,21,121.5542442,25.0481575
114,02,05,16,55,2,03中山區,中山區長春路253號與長春路口,0,0,1,1,B03,8,7,5,50,14,9,1,5,4,5,13,4,4,9,4,5,2,16,1,65,3,10,7,1,7,5,1,8,1,8,8,1,21,121.5401503,25.05480449
114,02,05,17,21,2,07信義區,信義區市民大道5段與基隆路1段口,0,0,2,1,C03,8,5,5,50,4,4,1,5,4,5,13,2,1,1,4,5,1,13,2,21,2,8,3,4,7,9,1,10,1,11,16,1,22,121.5687001,25.048934
114,02,05,17,23,2,12內湖區,內湖區新湖二路與行善路口,0,0,1,1,C03,7,6,5,50,4,1,1,5,4,5,12,1,1,7,4,5,1,17,1,30,2,9,6,1,7,5,1,10,1,13,8,1,21,121.5855088,25.0648346
114,02,05,17,30,2,12內湖區,內湖區新湖三路與舊宗路1段口,0,0,2,1,C04,8,5,5,50,4,1,1,5,4,5,13,1,1,1,5,5,2,12,1,30,2,8,6,1,7,8,1,10,1,12,100,1,21,121.5764637,25.06336
114,02,05,17,48,2,03中山區,中山區民生西路28號,0,0,2,1,C03,8,5,5,50,14,9,1,5,4,5,13,4,4,4,3,5,2,12,1,60,2,5,6,4,7,9,1,10,2,11,4,1,21,121.5217447,25.0577292
114,02,05,18,30,2,12內湖區,內湖區成功路2段262號,0,0,1,1,B03,8,5,5,50,14,9,1,5,4,5,13,1,1,1,5,5,2,11,2,45,3,10,7,1,7,7,1,8,2,4,108,1,21,121.5904139,25.06629042
114,02,05,18,43,2,06松山區,松山區復興北路與長春路口,0,0,1,1,C03,8,5,5,50,4,1,1,5,4,5,13,2,1,1,3,5,2,16,1,58,3,10,5,1,7,6,1,10,1,13,9,1,22,121.544231,25.0545045
114,02,05,18,45,2,07信義區,信義區忠孝東路5段與大道路口,0,0,1,1,C03,8,5,5,50,4,2,1,5,4,5,13,2,1,1,4,5,2,13,2,35,3,10,6,1,7,9,1,10,2,11,16,1,21,121.5809588,25.0428543
114,02,05,19,00,2,03中山區,中山區南京東路3段與建國北路1段口,0,0,1,1,B03,8,5,5,50,4,1,1,5,4,5,13,1,1,10,4,5,2,12,2,41,3,10,7,1,7,6,1,8,1,5,9,1,21,121.5370373,25.05186981
114,02,05,20,27,2,01大同區,大同區環河北路1段153號,0,0,1,1,C03,8,5,5,50,14,9,1,5,4,5,13,4,4,9,5,5,2,13,2,63,2,8,6,1,7,9,1,10,2,11,108,1,21,121.5077872,25.0548744
114,02,05,20,42,2,12內湖區,內湖區內湖路2段103巷8號對面,0,0,1,1,C03,8,5,5,50,14,9,1,5,4,5,13,4,4,9,5,5,2,17,1,42,2,9,3,4,7,21,1,10,2,15,118,1,21,121.5824389,25.0802542
114,02,05,20,58,2,04大安區,大安區金山南路2段211號,0,0,2,1,B01,7,5,5,50,14,9,1,5,4,5,13,4,4,1,4,5,2,12,1,57,3,10,3,4,7,1,1,4,1,8,19,1,21,121.526218,25.0279702
114,02,05,21,45,2,03中山區,中山區一江街與松江路124巷口,0,0,2,1,C03,8,5,5,50,4,1,1,5,4,5,13,4,4,9,5,5,2,16,1,23,2,8,5,1,7,11,1,10,1,12,80,1,21,121.531518,25.05259032
114,02,05,22,10,2,12內湖區,內湖區成功路4段與金湖路口口,0,0,2,1,C03,7,5,5,50,4,1,1,5,4,5,13,2,1,5,4,5,2,16,2,31,2,9,5,1,7,9,1,10,1,11,44,1,21,121.5950592,25.084115
114,02,05,22,11,2,07信義區,信義區仁愛路4段與逸仙路口,0,0,1,1,B03,8,6,5,50,4,1,1,5,4,5,13,2,1,1,4,5,2,16,1,40,3,10,7,1,7,6,1,8,2,2,9,1,21,121.5615731,25.0376975
114,02,05,22,19,2,04大安區,大安區基隆路2段198號,0,0,1,1,B01,7,5,5,50,14,9,1,5,4,5,13,4,4,2,3,4,2,13,1,54,3,10,7,1,7,8,1,4,1,6,44,1,21,121.5516544,25.0236902
114,02,05,22,23,2,10文山區,文山區秀明路2段與新光路1段口,0,0,1,1,B03,7,5,5,50,4,1,1,5,4,5,13,1,1,10,5,5,1,16,1,76,3,10,7,1,7,5,1,8,2,1,71,1,21,121.5737032,24.9916355
114,02,05,22,42,2,02萬華區,萬華區西園路1段與桂林路口,0,0,1,1,B01,7,5,5,50,4,2,1,5,4,5,13,2,1,5,4,4,2,9,1,68,3,10,7,1,7,6,1,4,1,1,70,1,21,121.4997139,25.0383716
114,02,05,23,13,2,04大安區,大安區光復南路與忠孝東路4段口,0,0,3,1,C04,7,5,5,50,4,3,1,5,4,5,13,2,1,10,5,5,2,13,2,59,2,7,3,4,7,15,3,18,1,12,100,1,21,121.5575775,25.041506
114,02,06,01,53,2,12內湖區,內湖區舊宗路2段與民權東路6段11巷口,0,0,1,1,C03,8,5,5,50,3,1,1,5,4,5,13,3,1,1,4,5,2,17,1,31,2,9,5,1,7,5,1,10,2,11,72,1,21,121.5747779,25.0674957
114,02,06,02,42,2,10文山區,文山區興隆路4段165巷40弄與興隆路4段165巷口,0,0,2,1,C03,7,5,5,50,4,1,1,5,4,5,13,4,4,10,5,5,2,15,2,45,2,9,6,1,7,9,1,10,2,14,72,1,21,121.5636451,24.9843064
114,02,06,05,50,2,06松山區,松山區南京東路5段291巷與南京東路5段291巷41弄口,0,0,1,1,C03,8,5,5,30,4,1,1,5,4,5,13,4,4,10,4,5,1,15,2,53,2,8,5,1,7,9,1,10,2,12,72,1,26,121.5662093,25.053377
114,02,06,06,18,2,07信義區,信義區光復南路271號,0,0,1,1,C03,7,6,5,50,14,9,1,5,4,5,13,4,4,1,4,5,1,18,1,56,2,7,3,4,7,9,1,10,1,14,42,1,21,121.5577114,25.0409057
114,02,06,06,35,2,04大安區,大安區基隆路3段與長興街口,0,0,1,1,B03,7,6,5,50,4,4,1,5,4,5,13,2,1,1,4,5,2,13,1,59,3,10,3,4,7,9,1,8,1,1,16,1,22,121.5442279,25.0169871
114,02,06,07,19,2,12內湖區,內湖區成功路4段與成功路4段324巷口,0,0,1,1,B03,7,6,5,30,4,1,1,5,4,5,13,2,1,9,4,5,2,2,1,57,3,10,7,1,7,5,1,8,2,1,70,1,21,121.5987644,25.08464798
114,02,06,07,27,2,05中正區,中正區寧波西街與羅斯福路1段口口,0,0,1,1,C03,8,6,5,50,4,1,1,5,4,5,13,1,1,10,2,5,1,17,1,59,2,8,6,1,7,5,1,10,1,14,8,1,21,121.5194279,25.0319477
114,02,06,07,39,2,08士林區,士林區承德路4段與大南路口,0,0,2,1,B03,7,5,5,50,4,1,1,5,4,5,13,2,1,1,4,5,1,17,1,67,3,10,7,1,7,8,1,8,1,17,100,1,21,121.5215858,25.0886143
114,02,06,07,46,2,07信義區,信義區市民大道6段與虎林街口,0,0,1,1,C03,7,6,5,40,4,2,1,5,4,5,13,1,1,1,3,5,2,17,1,34,3,10,6,1,7,1,1,10,1,17,82,1,21,121.5761876,25.0491011
114,02,06,07,57,2,05中正區,中正區市民大道3段與金山北路口,0,0,3,1,C03,7,5,5,40,4,1,1,5,4,5,13,1,1,9,4,5,2,17,1,31,2,9,5,1,7,9,1,10,2,17,44,1,21,121.5307812,25.0459105
114,02,06,08,00,2,08士林區,士林區後港街與劍潭路口,0,0,2,1,C03,7,6,5,30,4,1,1,5,4,5,13,4,4,10,5,5,2,15,1,39,2,9,3,4,7,9,1,10,1,14,72,1,21,121.522764,25.0841163
114,02,06,08,10,2,05中正區,中正區思源街1號與思源街口口,0,0,1,1,B03,8,6,5,50,3,1,1,5,4,5,13,1,1,5,4,5,1,17,2,56,3,10,7,1,7,9,1,14,1,2,108,1,21,121.530703,25.0136061
114,02,06,08,31,2,09北投區,北投區中央南路2段與中央南路2段91巷口,0,0,1,1,B03,7,6,5,40,3,1,1,5,4,5,13,4,4,9,5,5,2,17,1,47,3,10,3,4,7,13,1,8,2,4,40,1,21,121.5001051,25.1224843
114,02,06,08,40,2,11南港區,南港區南港路1段與惠民街口,0,0,3,1,C04,7,7,5,50,3,1,1,5,4,5,13,2,1,4,4,5,2,17,2,44,2,9,6,1,7,5,1,10,1,14,8,1,21,121.6102512,25.0549295
114,02,06,08,53,2,08士林區,士林區承德路5段與基河路口,0,0,1,1,B03,8,6,5,50,4,2,1,5,4,5,13,1,1,10,4,5,1,17,1,39,3,10,7,1,7,6,1,8,2,2,9,1,21,121.5141429,25.09611063
114,02,06,08,57,2,03中山區,中山區龍江路239號,0,0,1,1,H01,8,6,5,0,14,9,1,5,4,5,13,4,4,8,3,5,2,6,1,6,2,9,4,5,8,18,8,20,10,16,121,1,21,121.5407254,25.0584065
114,02,06,08,59,2,04大安區,大安區基隆路2段與基隆路2段291巷口,0,0,2,1,C03,7,6,5,50,3,1,1,5,4,5,13,4,4,1,4,5,2,13,1,35,2,9,6,1,7,9,1,10,1,11,16,1,21,121.5493794,25.0214231
114,02,06,09,07,2,09北投區,北投區稻香路與稻香路73巷口,0,0,1,1,C04,8,5,5,50,3,1,1,5,4,5,13,4,4,5,4,5,1,3,1,59,3,10,6,1,7,9,1,11,2,14,70,1,21,121.4895564,25.140467
114,02,06,09,33,2,04大安區,大安區和平東路3段與安和路2段口,0,0,1,1,C03,7,6,5,50,3,1,1,5,4,5,13,1,1,1,4,5,2,13,2,67,2,9,6,1,7,15,1,10,1,11,16,1,21,121.5500498,25.0244441
114,02,06,09,38,2,02萬華區,萬華區中華路2段416巷與萬大路277巷37弄口,0,0,1,1,F01,8,7,5,30,4,2,1,5,4,5,13,1,1,5,5,5,2,17,4,0,,,,,,,,,11,,119,2,,121.5023683,25.0266321
114,02,06,09,45,2,08士林區,士林區天母東路91巷1號,0,0,1,1,B01,7,5,8,30,22,22,1,5,4,5,13,4,4,10,5,5,1,17,1,48,3,10,7,1,7,5,1,4,1,1,5,1,21,121.5358098,25.1186116
114,02,06,10,22,2,09北投區,北投區大度路3段與立德路口往東1公里處,,,2,1,,7,,,,,,,,,,,,,,,,,,4,,,,,,,,,,11,,,,,121.4697356,25.12131166
114,02,06,10,22,2,09北投區,北投區大度路3段與立德路口往東1公里處,0,0,5,1,C03,7,6,5,50,14,12,1,5,4,5,13,4,4,1,4,5,1,17,2,46,2,9,6,1,7,9,1,10,1,11,108,1,21,121.4805959,25.1221516
114,02,06,10,26,2,07信義區,信義區忠孝東路5段與中坡南路口,0,0,1,1,B03,7,7,5,50,4,1,1,5,4,5,13,1,1,1,4,5,2,16,1,63,3,10,3,4,7,5,1,4,1,5,71,1,22,121.5819883,25.0440922
114,02,06,10,45,2,05中正區,中正區市民大道3段2號,0,0,1,1,C03,8,6,5,40,14,8,1,5,4,5,13,4,4,1,4,4,2,12,1,69,2,9,5,1,7,7,3,18,2,14,100,1,22,121.5310385,25.04580335
114,02,06,11,15,2,01大同區,大同區塔城街與鄭州路口,0,0,1,1,C03,7,7,5,50,4,1,1,5,4,5,13,1,1,5,4,5,2,13,1,39,3,10,6,1,7,9,1,10,1,11,108,1,21,121.510458,25.0503458
114,02,06,11,19,2,08士林區,士林區環河北路3段與社中街口,0,0,1,1,B13,7,6,6,50,4,1,1,5,4,5,13,1,1,8,3,4,1,16,1,30,3,10,7,1,7,9,1,8,1,2,81,1,21,121.5010585,25.0904077
114,02,06,11,23,2,06松山區,松山區延吉街與延吉街30巷口,0,0,3,1,C03,7,6,5,50,4,2,1,5,4,5,13,1,1,9,5,5,2,12,1,62,2,9,5,1,7,5,1,10,1,11,8,1,21,121.5535524,25.046273
114,02,06,11,34,2,08士林區,士林區中山北路6段與士東路口,0,0,2,1,C03,7,6,5,50,4,4,1,5,4,5,13,2,1,1,4,5,2,13,2,22,2,8,6,1,7,9,1,10,1,11,16,1,26,121.5259738,25.11161556
114,02,06,11,36,2,09北投區,北投區中央北路4段148號,0,0,1,1,B03,7,6,5,50,14,9,1,5,4,5,13,2,1,5,4,5,2,17,1,53,3,10,7,1,7,1,1,8,11,17,19,1,21,121.5123181,25.11009321
114,02,06,11,54,2,02萬華區,萬華區昆明街與武昌街2段口,0,0,2,1,C03,7,7,5,50,4,1,1,5,4,5,13,1,1,10,4,5,2,16,1,33,2,9,5,1,7,5,1,10,1,14,8,1,21,121.5053695,25.0450697
114,02,06,12,07,2,07信義區,信義區忠孝東路5段423巷5弄與忠孝東路5段345巷口,0,0,1,1,C03,7,6,5,30,4,1,1,5,4,5,13,4,4,10,5,5,2,16,1,44,2,9,5,1,7,9,1,10,1,11,72,1,21,121.5740644,25.0418009
114,02,06,12,18,2,09北投區,北投區大業路與無名巷口,0,0,1,1,B03,7,6,5,30,14,9,1,5,4,5,13,4,4,10,5,5,2,11,1,50,3,10,7,1,7,9,1,8,1,8,17,1,21,121.4996315,25.12335333
114,02,06,12,25,2,05中正區,中正區武昌街1段18號,0,0,1,1,B12,8,7,5,50,14,9,1,5,4,5,13,4,4,10,5,5,2,2,1,54,3,10,7,1,7,9,1,8,2,5,44,1,21,121.5125309,25.04410611
114,02,06,12,49,2,03中山區,中山區民權東路3段與龍江路口,0,0,1,1,C03,8,6,5,50,14,9,1,5,4,5,13,2,1,8,3,5,2,12,1,24,2,8,6,4,7,1,1,10,1,15,19,1,21,121.5406575,25.0622947
114,02,06,12,59,2,10文山區,文山區秀明路1段221號對面,0,0,1,1,C03,7,6,5,50,14,9,1,5,4,5,13,2,1,5,4,5,2,13,2,66,2,8,5,1,7,9,5,10,1,11,118,1,21,121.5709285,24.9916289
114,02,06,13,18,2,02萬華區,萬華區西園路1段37號,0,0,1,1,B03,7,7,5,50,14,9,1,5,4,5,13,4,4,8,3,5,2,16,1,67,3,10,7,1,7,11,1,8,1,8,10,1,21,121.4999242,25.0406993
114,02,06,14,00,2,12內湖區,內湖區瑞光路與港墘路口,0,0,1,1,B01,7,5,5,50,4,2,1,5,4,5,13,1,1,4,3,5,1,17,1,64,3,10,3,4,7,11,1,4,1,1,10,1,21,121.5747852,25.0765112
114,02,06,14,12,2,07信義區,信義區吳興街225巷與莊敬路口口,0,0,1,1,B01,7,6,5,50,4,1,1,5,4,5,13,2,1,8,5,5,2,16,1,46,3,10,3,4,7,6,1,4,1,2,9,1,22,121.5636423,25.0280465
114,02,06,14,38,2,01大同區,大同區延平北路2段247巷8號,0,0,2,1,C03,8,5,5,30,14,9,1,5,4,5,13,4,4,10,5,5,2,10,1,48,2,9,5,1,7,12,1,10,2,11,13,1,22,121.5116979,25.0622775
114,02,06,15,18,2,12內湖區,內湖區內湖路1段324號前,0,0,2,1,C03,8,5,5,50,14,8,1,5,4,5,13,4,4,1,4,4,2,17,1,24,2,9,6,1,7,12,1,10,1,11,13,1,21,121.5701509,25.0816568
114,02,06,16,24,2,09北投區,北投區三合街2段與崇仁路1段口,0,0,1,1,B03,7,6,5,50,14,9,1,5,4,5,13,1,1,9,4,5,2,13,1,31,3,10,7,1,7,9,1,8,1,1,44,1,21,121.5017086,25.1263957
114,02,06,16,43,2,03中山區,中山區長安東路1段30巷與林森北路67巷口,0,0,1,1,C03,7,6,5,30,4,1,1,5,4,5,13,4,4,10,5,5,2,15,1,39,2,9,6,1,7,9,1,10,1,12,13,1,22,121.5262358,25.0482712
114,02,06,16,57,2,09北投區,北投區北投路1段與公館路口,0,0,1,1,B03,7,6,5,50,4,1,1,5,4,5,13,2,1,5,4,5,2,16,1,75,3,10,7,1,7,6,1,6,9,2,9,1,21,121.5026675,25.1215529
114,02,06,17,04,2,05中正區,中正區和平西路1段與羅斯福路2段口口,0,0,1,1,C03,7,6,5,40,4,1,1,5,4,5,13,1,1,1,4,5,2,13,1,33,2,8,5,1,7,9,1,10,1,11,16,1,21,121.5221527,25.0269623
114,02,06,17,10,2,07信義區,信義區忠孝東路5段790巷24弄與大道路口,0,0,1,1,B03,8,6,5,30,4,1,1,5,4,5,13,4,4,10,5,5,1,13,1,41,3,10,3,4,7,9,1,8,1,1,108,1,22,121.5820226,25.0420129
114,02,06,18,00,2,03中山區,中山區吉林路與民權東路2段口,0,0,1,1,C03,7,5,5,50,4,2,1,5,4,5,13,1,1,1,4,5,2,17,1,69,3,10,3,4,7,12,1,10,1,15,118,1,21,121.5300345,25.0624859
114,02,06,18,00,2,12內湖區,內湖區江南街71巷與江南街71巷93弄口口,0,0,2,1,C03,7,5,5,30,3,1,1,5,4,5,13,4,4,5,5,5,2,16,1,27,2,9,6,1,7,5,1,10,1,14,72,1,21,121.5790666,25.0747167
114,02,06,18,03,2,02萬華區,萬華區堤外便道近光復橋,0,0,2,1,F01,7,5,5,40,11,9,1,5,4,5,13,4,4,10,5,5,2,10,1,70,2,9,4,4,7,9,8,20,1,12,5,1,22,121.4908371,25.0233584
114,02,06,18,07,2,12內湖區,內湖區文德路22巷44弄與文德路66巷40弄口口,0,0,1,1,F01,7,5,5,30,22,9,1,5,4,5,10,4,4,10,5,5,2,16,2,64,2,8,4,1,7,1,8,20,1,11,19,1,21,121.5814436,25.0751204
114,02,06,18,20,2,03中山區,中山區基湖路與樂群一路口,0,0,1,1,C02,7,5,5,50,14,9,1,5,4,5,13,4,4,3,4,5,2,13,1,49,2,8,6,1,7,15,1,9,1,11,13,1,21,121.563399,25.07752476
114,02,06,18,20,2,08士林區,士林區福國路與中山北路5段口,0,0,1,1,C03,8,6,5,50,3,2,1,5,4,5,13,2,1,1,5,5,1,17,2,27,3,10,5,1,7,15,1,10,1,11,99,1,21,121.525552,25.10243799
114,02,06,18,37,2,06松山區,松山區敦化北路與敦化北路222巷口,0,0,1,1,B03,7,5,5,30,3,1,1,5,4,5,13,4,4,1,4,5,1,17,1,47,3,10,7,1,7,6,1,8,1,5,72,1,21,121.548969,25.0585087
114,02,06,18,47,2,10文山區,文山區和平東路4段與萬寧街口,0,0,1,1,B03,7,5,5,40,4,1,1,5,4,5,13,2,1,5,5,5,2,16,2,67,3,10,7,1,7,6,1,8,2,6,9,2,21,121.5675935,25.0051915
114,02,06,19,01,2,12內湖區,內湖區內湖路1段285巷59弄口側附近,0,0,1,1,B03,7,5,5,30,14,9,1,5,4,5,13,4,4,10,5,5,2,2,1,69,3,10,7,1,7,9,1,8,1,2,108,1,21,121.5669545,25.0837151
114,02,06,19,09,2,03中山區,中山區建國北路3段50號與農安街口,0,0,2,1,B03,7,5,5,50,5,2,1,5,4,5,13,2,1,8,3,5,1,17,2,60,3,10,7,1,7,8,1,8,1,17,86,1,21,121.5364062,25.0648279
114,02,06,19,30,2,05中正區,中正區汀州路2段與汀州路2段201巷口,0,0,2,1,C03,8,5,5,30,4,1,1,5,4,5,13,4,4,9,4,5,2,15,1,23,2,9,5,1,7,9,1,10,2,11,108,1,25,121.5223332,25.0236971
114,02,06,19,50,2,03中山區,中山區松江路133巷與南京東路2段115巷口,0,0,1,1,B01,7,5,5,30,4,1,1,5,4,5,13,4,4,8,5,5,1,15,1,33,3,10,3,4,7,9,1,4,1,8,89,1,21,121.5336378,25.05436065
114,02,06,20,01,2,04大安區,大安區和平東路2段134號,0,0,1,1,A02,7,5,5,50,14,9,1,5,4,5,13,4,4,1,3,5,2,9,1,52,3,10,7,1,7,1,1,1,9,17,36,1,21,121.5456157,25.0246601
114,02,06,20,24,2,06松山區,松山區民權東路4段與新中街口,0,0,1,1,C03,8,5,5,50,14,7,1,5,4,5,13,2,1,3,4,4,2,13,1,24,2,9,6,4,7,7,1,10,2,11,108,1,22,121.5604295,25.0625294
114,02,06,20,50,2,07信義區,信義區信義路6段與信義路6段26巷口,0,0,1,1,C03,7,5,5,30,4,2,1,5,5,1,13,1,1,10,5,5,2,18,1,27,2,9,5,1,7,5,1,10,1,14,42,1,21,121.5754683,25.034056
114,02,06,20,50,2,07信義區,信義區松山路與信義路6段口,0,0,1,1,C03,8,7,5,50,4,1,1,5,4,5,12,1,1,9,4,5,2,15,1,71,3,10,5,1,7,9,3,18,2,11,81,1,21,121.5784495,25.0361851
114,02,06,21,15,2,05中正區,中正區忠孝東路2段與八德路1段口,0,0,1,1,C03,7,5,5,40,3,1,1,5,4,5,12,2,1,1,4,5,2,3,1,61,3,10,6,4,7,9,1,10,2,11,70,1,22,121.5444684,25.03751164
114,02,06,21,24,2,08士林區,士林區中山北路5段與中山北路5段505巷口,0,0,1,1,C03,8,5,5,40,4,4,1,5,4,5,13,2,1,5,4,1,2,13,4,0,4,11,3,4,7,21,7,19,11,15,119,2,22,121.5279165,25.0939215
114,02,06,22,00,2,07信義區,信義區信義路6段93號,0,0,2,1,C03,7,5,5,50,14,9,1,5,4,5,13,4,4,9,4,5,1,9,1,64,2,7,3,4,7,9,1,10,1,12,108,1,21,121.5776525,25.0359721
114,02,06,22,25,2,02萬華區,萬華區中華路1段與漢口街2段口,0,0,1,1,B03,7,5,5,50,4,1,1,5,4,5,13,2,1,1,3,5,1,17,1,31,3,10,3,4,7,7,1,10,1,4,100,1,22,121.5090159,25.0453173
114,02,06,22,50,2,01大同區,大同區延平北路3段與延平北路3段18巷口,0,0,2,1,F02,8,5,5,40,5,1,1,5,4,5,13,4,4,5,5,5,2,3,2,64,2,9,5,1,7,9,8,20,2,11,70,1,21,121.5111082,25.0639113
114,02,06,23,12,2,07信義區,信義區忠孝東路5段423巷與忠孝東路5段423巷3弄口,0,0,2,1,C03,6,5,5,30,4,1,1,4,4,5,13,4,4,9,5,5,1,15,2,32,2,9,3,4,7,9,1,10,1,12,72,1,22,121.5753652,25.0413926
114,02,06,23,58,2,03中山區,中山區林森北路85巷與長安東路1段53巷口,0,0,1,1,B01,8,5,5,30,14,9,5,5,4,5,13,4,4,10,5,5,2,9,1,64,3,10,7,1,7,9,1,4,9,15,44,1,22,121.5265918,25.0495283
114,02,07,00,40,2,08士林區,士林區福國路103號旁,0,0,3,1,C01,7,5,5,30,14,9,1,4,4,5,13,4,4,10,5,5,2,10,1,20,2,9,5,4,7,9,3,18,1,11,5,1,22,121.5179579,25.1014653
114,02,07,03,14,2,05中正區,中正區和平西路2段與寧波西街口,0,0,1,1,B03,6,5,5,50,4,1,1,4,4,5,13,1,1,1,4,5,2,3,1,38,3,10,7,1,7,9,3,18,2,5,70,1,21,121.5122662,25.028904
114,02,07,05,05,2,02萬華區,萬華區桂林路與西昌街口,0,0,3,1,H01,6,5,5,50,5,1,1,4,4,5,13,1,1,4,1,5,2,3,1,54,2,8,4,5,8,16,8,20,1,16,122,1,22,121.500582,25.0385071
114,02,07,06,08,2,12內湖區,內湖區民權東路6段與民權東路6段90巷口,0,0,2,1,C03,6,5,5,50,14,9,1,4,4,5,13,1,1,1,3,4,1,13,1,20,2,9,6,1,7,9,1,10,1,11,16,1,21,121.5857848,25.0688701
114,02,07,08,20,2,06松山區,松山區光復北路26巷18號,0,0,2,1,C03,6,7,5,30,14,9,1,4,4,5,13,4,4,10,5,5,2,3,2,55,2,9,5,1,7,9,3,18,1,11,108,1,26,121.556871,25.04886706
114,02,07,08,21,2,08士林區,士林區中正路與承德路4段口,0,0,1,1,C03,6,7,5,30,14,8,4,4,4,5,13,4,4,8,3,4,2,18,2,55,2,9,5,1,7,9,1,10,9,14,13,1,22,121.5168385,25.0910735
114,02,07,08,29,2,11南港區,南港區玉成街181巷2-5號,0,0,1,1,B03,7,6,5,30,14,9,1,4,4,5,13,4,4,5,5,5,2,11,1,29,3,10,3,4,7,15,1,8,9,15,17,1,21,121.5845377,25.0446281
114,02,07,08,32,2,04大安區,大安區安和路2段209巷與安和路2段口,0,0,1,1,B03,6,7,5,50,3,1,1,4,4,5,13,2,1,1,4,5,2,17,1,44,3,10,7,1,7,11,1,8,11,17,44,1,21,121.5499645,25.0260112
114,02,07,08,32,2,12內湖區,內湖區瑞湖街與瑞光路188巷口,0,0,1,1,C03,6,6,5,50,3,1,1,4,4,5,13,4,4,9,4,5,2,13,2,33,2,8,6,1,7,9,1,10,2,11,108,1,21,121.5763242,25.0735884