發生年度,發生月,發生日,發生時-Hours,發生分,處理別-編號,區序,肇事地點,死亡人數,2-30日死亡人數,受傷人數,當事人序號,車種,天候,光線,道路類別,速限-速度限制,道路型態,事故位置,路面狀況1,路面狀況2,路面狀況3,道路障礙1,道路障礙2,號誌1,號誌2,車道劃分-分向,車道劃分-分道1,車道劃分-分道2,車道劃分-分道3,事故類型及型態,性別,年齡,受傷程度,主要傷處,保護裝置,行動電話,車輛用途,當事者行動狀態,駕駛資格情形,駕駛執照種類,飲酒情形,車輛撞擊部位1,肇因碼-個別,個人肇逃否,職業,座標-X,座標-Y
114,02,08,20,48,2,01大同區,大同區民權西路與延平北路2段口,0,0,2,1,C03,8,5,5,50,4,1,1,5,4,5,13,1,1,1,4,5,2,16,1,56,3,10,6,1,7,5,1,10,2,13,8,1,21,121.5111381,25.0628369
114,02,08,21,02,2,03中山區,中山區北安路與大直街口,0,0,1,1,C03,7,5,5,50,4,1,1,5,4,5,13,2,1,1,4,5,2,17,1,37,2,9,5,4,7,5,3,18,2,11,96,1,21,121.5472904,25.07987849
114,02,08,21,02,2,07信義區,信義區松壽路與市府路口,0,0,1,1,C03,8,5,5,50,14,9,1,5,4,5,13,4,4,9,4,5,2,13,2,18,2,8,6,1,7,9,1,10,1,11,16,1,22,121.5638413,25.0359758
114,02,08,21,05,2,02萬華區,萬華區萬大路與萬大路423巷口,0,0,1,1,C03,7,5,5,50,4,1,1,5,4,5,13,2,1,9,5,5,2,13,2,43,2,8,6,1,7,9,1,10,1,11,108,1,22,121.4988435,25.0215354
114,02,08,21,13,2,08士林區,士林區中正路與福港街口,0,0,1,1,B03,8,5,5,50,3,1,1,5,4,5,13,1,1,4,4,5,1,16,2,45,3,10,3,4,7,5,1,8,1,6,74,1,22,121.5178246,25.0916996
114,02,08,21,32,2,11南港區,南港區舊莊街1段與南深路口,0,0,1,1,B03,7,5,5,30,3,1,1,5,4,5,13,2,1,5,5,5,2,3,1,30,3,10,3,4,7,5,1,8,2,5,70,1,21,121.6215677,25.0391736
114,02,08,21,53,2,06松山區,松山區敦化北路與敦化北路4巷口,0,0,1,1,B01,8,5,5,50,3,1,1,5,4,5,13,3,1,1,4,1,2,17,1,64,3,10,7,1,7,5,1,3,1,17,72,1,22,121.5488997,25.0501034
114,02,08,22,07,2,04大安區,大安區信義路4段265巷與安和路1段135巷口,0,0,1,1,B03,8,5,5,30,3,2,1,5,4,5,13,4,4,9,4,5,2,17,1,70,3,10,7,4,7,5,1,8,11,5,72,1,21,121.5544558,25.0342723
114,02,08,22,10,2,02萬華區,萬華區艋舺大道與西藏路口,0,0,1,1,C03,7,5,5,50,4,1,1,5,4,5,13,2,1,1,4,3,2,12,2,28,2,8,6,4,7,15,1,10,1,12,100,1,22,121.4913947,25.0290349
114,02,09,00,30,2,12內湖區,內湖區康寧路3段與安康路口,0,0,1,1,C03,7,5,5,50,4,1,1,5,4,5,13,1,1,1,3,5,2,12,1,20,3,10,5,1,7,6,1,10,1,12,9,1,22,121.6110364,25.0649206
114,02,09,06,05,2,12內湖區,內湖區成功路4段與金湖路口,0,0,2,1,C03,6,5,5,50,4,1,1,4,4,5,13,2,1,1,4,5,2,3,1,30,2,7,6,1,7,5,1,10,2,11,70,1,21,121.5956963,25.08434264
114,02,09,06,49,2,07信義區,信義區永吉路與永吉路321巷口,0,0,1,1,B03,6,6,5,50,4,18,1,4,4,5,13,1,1,9,4,5,2,3,1,43,3,10,7,1,7,5,3,18,2,4,70,1,21,121.5754189,25.0455546
114,02,09,08,02,2,09北投區,北投區大度路9號與大度路口,0,0,1,1,C03,8,6,5,50,3,1,1,5,4,5,13,4,4,5,4,5,2,16,1,46,3,10,5,1,7,5,1,10,1,11,8,1,21,121.4991477,25.12053072
114,02,09,08,40,2,09北投區,北投區大業路與大興街口,0,0,1,1,C03,6,7,5,60,3,1,1,4,4,5,13,2,1,3,4,4,2,17,2,38,2,9,6,1,7,9,1,10,1,14,13,1,22,121.4970025,25.1295209
114,02,09,09,08,2,03中山區,中山區中山北路2段與民權西路口,0,0,1,1,C03,6,6,5,50,4,2,1,4,4,5,13,1,1,3,4,5,2,13,1,28,3,10,5,1,7,8,1,10,1,11,16,1,21,121.5223668,25.06269444
114,02,09,09,21,2,02萬華區,萬華區忠孝橋往台北市,0,0,3,1,C03,6,5,5,50,8,9,1,4,4,5,13,4,4,7,5,5,2,17,1,29,2,8,5,1,7,7,1,10,1,13,100,1,21,121.5073242,25.0485757
114,02,09,09,45,2,08士林區,士林區重陽橋往士林機慢車道,0,0,1,1,C03,7,6,5,25,8,11,1,5,4,5,13,4,4,10,2,1,1,17,2,24,2,8,3,4,7,9,1,10,1,11,16,1,21,121.5059927,25.0845833
114,02,09,10,22,2,03中山區,中山區民權東路2段與建國北路2段口,0,0,2,1,C03,6,5,5,50,4,1,1,4,4,5,13,1,1,5,4,5,2,13,2,18,2,9,3,4,7,9,1,10,1,11,16,1,21,121.5370404,25.06239645
114,02,09,11,35,2,12內湖區,內湖區東湖路與安康路口,0,0,1,1,B03,7,5,5,50,4,1,1,4,4,5,13,2,1,5,4,5,2,16,1,53,3,10,7,1,7,7,1,8,1,15,100,1,21,121.6159984,25.0683127
114,02,09,12,10,2,04大安區,大安區基隆路高架道往北079號燈桿,0,0,1,1,B03,6,7,5,60,10,9,1,4,4,5,13,4,4,1,4,5,2,13,1,27,3,10,7,1,7,9,1,8,1,1,108,1,21,121.5465183,25.0208992
114,02,09,12,30,2,09北投區,北投區中央北路1段125號,0,0,1,1,B03,8,7,5,50,14,9,1,5,4,5,13,4,4,5,5,5,2,16,1,42,3,10,7,1,7,11,1,8,1,8,10,1,22,121.4992292,25.1350215
114,02,09,12,33,2,08士林區,士林區中正路與承德路4段口,0,0,1,1,C03,7,6,5,50,4,1,1,5,4,5,13,2,1,1,2,4,1,17,1,37,2,8,6,1,7,9,1,10,2,11,79,1,21,121.5167488,25.0910745
114,02,09,12,43,2,04大安區,大安區和平東路3段與安和路2段口,0,0,1,1,B03,7,7,5,50,3,2,1,5,4,5,13,2,1,1,4,5,1,17,1,60,3,10,7,1,7,6,1,8,1,5,9,1,21,121.5503992,25.0245771
114,02,09,12,46,2,04大安區,大安區信義路2段198巷與永康街13巷口,0,0,1,1,C03,7,5,5,30,4,1,1,5,4,5,13,4,4,5,3,5,1,15,2,48,2,9,5,1,7,9,1,10,1,11,72,1,21,121.5305416,25.0327583
114,02,09,12,46,2,11南港區,南港區港東街與港東街口經貿疏散門,0,0,1,1,F01,7,6,5,30,3,1,2,5,4,5,13,4,4,10,5,5,2,15,2,42,2,7,4,4,7,15,8,20,1,11,74,1,22,121.6199455,25.0603965
114,02,09,14,06,2,02萬華區,萬華區長順街14巷34號,0,0,1,1,C03,7,6,5,30,14,9,1,5,4,5,13,4,4,10,5,5,2,16,1,28,3,10,5,1,7,1,1,10,9,11,19,1,21,121.4896871,25.0309289
114,02,09,14,43,2,08士林區,士林區中山北路5段與劍潭路口,0,0,2,1,B03,7,6,5,50,4,1,1,5,4,5,13,1,1,1,4,5,2,17,1,43,3,10,7,1,7,6,1,8,1,6,9,1,22,121.5253617,25.0843437
114,02,09,15,12,2,04大安區,大安區和平東路2段與復興南路2段口口,0,0,2,1,C03,7,6,5,50,4,1,1,5,4,5,13,2,1,1,4,5,2,12,2,40,2,9,3,4,7,7,1,10,1,12,100,1,22,121.5438746,25.0246686
114,02,09,15,57,2,07信義區,信義區基隆路1段180號,0,0,1,1,B03,8,5,5,50,14,9,1,5,4,5,13,2,1,1,4,5,2,17,2,49,3,10,3,4,7,14,1,8,1,2,40,1,22,121.5652358,25.0427728
114,02,09,16,00,2,06松山區,松山區基隆路1段與市民大道5段口,0,0,1,1,B03,7,6,5,50,4,1,1,5,4,5,13,2,1,3,4,5,2,17,2,45,3,10,3,4,7,6,1,8,1,5,9,1,22,121.5689049,25.0490446
114,02,09,16,42,2,08士林區,士林區延平北路5段83巷與葫蘆街30巷口,0,0,2,1,F02,8,6,5,30,4,1,1,5,4,5,13,4,4,10,5,5,1,15,2,39,2,9,4,1,7,9,8,20,1,12,72,1,21,121.5099069,25.0809966
114,02,09,16,50,2,03中山區,中山區市民高架道往西(轉運站前),0,0,1,1,B03,7,7,5,60,14,9,1,5,4,5,13,4,4,3,4,5,2,13,1,52,3,10,7,1,7,12,1,8,1,6,118,1,21,121.5198654,25.04844968
114,02,09,17,43,2,03中山區,中山區市民大道3段8號對面東往西,0,0,1,1,A04,8,5,5,40,14,9,1,5,4,5,13,4,4,9,4,5,1,12,1,32,3,10,7,1,7,9,1,2,2,2,118,1,26,121.5310655,25.04657955
114,02,09,17,56,2,05中正區,中正區公園路與襄陽路口,0,0,2,1,C03,7,5,5,50,3,1,1,5,4,5,13,1,1,9,4,5,2,13,1,40,2,8,5,1,7,9,1,10,1,11,108,1,21,121.5166792,25.04332389
114,02,09,18,06,2,03中山區,中山區民生東路1段12號,0,0,2,1,C03,7,5,5,50,14,9,1,5,4,5,13,4,4,5,4,5,2,16,1,73,2,9,5,1,7,1,1,10,1,14,19,1,21,121.5232502,25.05801372
114,02,09,18,26,2,04大安區,大安區基隆路2段與臥龍街口口,0,0,5,1,B03,7,5,5,30,3,1,1,5,4,5,13,4,4,1,4,4,2,17,1,40,2,9,7,1,7,6,1,8,2,4,72,1,21,121.5483921,25.0204706
114,02,09,18,50,2,05中正區,中正區和平西路2段與莒光路口,0,0,2,1,C03,7,5,5,40,3,1,1,5,4,5,13,1,1,1,4,5,2,16,2,47,2,9,6,1,7,8,1,10,1,12,100,1,22,121.5076116,25.031388
114,02,09,19,18,2,11南港區,南港區重陽路與興華路口,0,0,1,1,B01,7,5,5,50,4,1,1,5,4,5,13,1,1,10,5,5,2,3,1,44,3,10,7,1,7,5,1,4,1,1,108,1,21,121.6052575,25.0578788
114,02,09,20,55,2,07信義區,信義區基隆路2段189號,0,0,1,1,C04,8,5,5,50,14,9,1,5,4,5,13,4,4,1,4,5,2,18,1,31,2,9,5,1,7,9,1,10,1,12,42,1,22,121.5532642,25.0249443
114,02,09,21,42,2,02萬華區,萬華區西寧南路與漢口街2段口,0,0,1,1,C03,7,5,5,50,4,1,1,5,4,5,13,2,1,10,4,5,2,17,1,29,2,7,6,1,7,5,1,10,1,14,8,1,22,121.5067157,25.0457181
114,02,09,22,03,2,06松山區,(塔悠路215號旁),0,0,1,1,B03,8,5,5,50,3,1,1,5,4,5,13,4,4,1,4,4,2,16,2,41,3,10,7,1,7,6,1,8,2,3,73,1,22,121.5691488,25.05889561
114,02,09,22,04,2,06松山區,松山區民生東路4段80巷1弄與民生東路4段80巷口,0,0,2,1,C03,7,5,5,30,4,1,1,5,4,5,13,4,4,8,1,5,2,15,1,40,2,2,6,1,7,9,1,10,1,11,72,1,21,121.5529746,25.0572265
114,02,09,23,26,2,07信義區,信義區基隆路2段155號,0,0,1,1,C03,8,5,5,50,14,9,1,5,4,5,13,2,1,1,4,5,2,17,1,20,2,9,5,1,7,9,1,10,1,14,116,1,21,121.5543734,25.0258673
114,02,10,01,50,2,04大安區,大安區大安路1段75巷與忠孝東路4段77巷口,0,0,1,1,C03,8,5,5,30,4,1,1,5,4,5,13,4,4,10,5,5,2,15,2,33,2,9,5,1,7,9,1,10,1,12,72,1,22,121.5471929,25.0421749
114,02,10,07,44,2,09北投區,北投區知行路與知行路225巷口,0,0,1,1,C03,8,7,5,50,3,2,1,5,4,5,13,4,4,5,5,5,2,16,2,23,2,9,6,1,7,5,3,18,1,12,44,1,22,121.4671035,25.120242
114,02,10,07,48,2,11南港區,南港區南港路2段286號,0,0,2,1,B01,7,6,6,50,14,7,1,5,4,5,13,4,4,5,2,4,2,10,2,49,3,10,7,1,7,15,1,8,11,17,100,1,22,121.5959698,25.0544006
114,02,10,07,57,2,05中正區,中正區仁愛路1段23巷與林森南路61巷口,0,0,2,1,C03,7,5,5,30,4,1,1,5,4,5,13,4,4,9,4,5,2,17,2,68,2,1,5,1,7,9,1,10,2,12,72,1,21,121.5232623,25.0395648
114,02,10,08,10,2,03中山區,中山區民權西路與中山北路2段口,0,0,3,1,C03,7,6,5,50,4,1,1,5,4,5,13,2,1,1,5,4,2,13,1,24,2,8,3,4,7,9,1,10,1,11,16,1,21,121.5225523,25.0627131
114,02,10,08,35,2,06松山區,松山區撫遠街與撫遠街211巷口,0,0,1,1,B03,8,6,5,50,4,1,1,5,4,5,13,2,1,9,4,5,2,15,1,40,3,10,7,1,7,11,1,8,1,5,10,1,22,121.5677876,25.0599713
114,02,10,08,41,2,03中山區,中山區建國北路3段86巷與建國北路口側附近3段口,0,0,2,1,C03,7,6,5,50,3,2,1,5,4,5,13,3,1,1,4,5,2,13,1,54,3,10,6,1,7,9,1,10,1,11,16,1,22,121.535562,25.06606356
114,02,10,09,03,2,09北投區,北投區公館路與西安街2段口,0,0,1,1,C03,7,6,5,50,4,1,1,5,4,5,13,2,1,5,4,5,2,16,1,71,3,10,5,1,7,5,1,10,1,12,74,1,21,121.5232328,25.11574369
114,02,10,09,14,2,03中山區,中山區民權西路68號,0,0,4,1,C03,8,5,5,40,14,9,1,5,4,5,13,4,4,1,4,4,2,16,2,41,2,9,3,4,7,7,1,10,1,12,100,1,21,121.5200554,25.06294145
114,02,10,09,16,2,05中正區,中正區羅斯福路1段7號,0,0,1,1,B01,8,6,5,50,14,7,1,5,4,5,13,4,4,3,4,4,2,17,1,61,3,10,7,1,7,12,1,4,11,17,14,2,21,121.5178071,25.0335066
114,02,10,09,21,2,07信義區,信義區信義路6段76巷與信義路6段76巷3弄口,0,0,1,1,C03,7,6,5,30,3,1,1,5,4,5,13,4,4,9,4,5,2,17,2,66,2,9,6,1,7,6,1,10,1,14,74,1,21,121.5771846,25.0349138
114,02,10,09,27,2,03中山區,中山區南京東路2段與伊通街口,0,0,2,1,C03,8,6,5,50,4,1,1,5,4,5,13,2,1,1,5,5,1,13,2,32,2,8,3,4,7,9,1,10,1,11,108,1,21,121.5347756,25.05192758
114,02,10,09,29,2,12內湖區,內湖區潭美街與安美街口,0,0,1,1,B03,8,6,5,40,4,1,1,5,4,5,13,1,1,5,5,5,2,13,2,69,3,10,7,1,7,9,1,8,1,1,108,1,21,121.5966335,25.0605892
114,02,10,09,30,2,07信義區,信義區松仁路123號,0,0,1,1,C03,7,7,5,50,14,9,1,5,4,5,13,4,4,9,4,5,2,18,2,28,2,9,5,4,7,9,1,10,1,14,116,1,22,121.5684437,25.0345997
114,02,10,09,35,2,05中正區,中正區市民大道2段與金山北路口西側迴轉道,0,0,1,1,A12,7,6,5,40,3,1,1,5,4,5,13,4,4,10,5,5,2,16,1,44,3,10,7,4,7,5,1,7,2,6,72,1,22,121.5289916,25.04640877
114,02,10,09,56,2,05中正區,中正區水源快速道路往北087燈桿,0,0,1,1,C02,8,7,5,60,10,9,1,5,4,5,13,4,4,1,4,5,2,17,1,36,2,8,6,1,7,9,1,9,2,11,118,1,22,121.5233188,25.0193461
114,02,10,10,02,2,02萬華區,萬華區和平西路3段382巷12弄22號,0,0,1,1,B03,8,7,5,30,14,9,1,5,4,5,13,4,4,10,5,5,2,2,1,45,3,10,7,1,7,9,1,8,1,2,108,1,21,121.4909644,25.0345428
114,02,10,10,39,2,09北投區,北投區立農街2段與無名路口,0,0,1,1,B03,8,7,5,30,3,1,1,5,4,5,13,2,1,10,5,5,2,16,1,68,3,10,7,1,7,5,1,8,1,5,72,1,21,121.5130227,25.1189962
114,02,10,10,40,2,04大安區,大安區忠孝東路3段251巷與忠孝東路3段251巷4弄口,0,0,1,1,B03,8,5,5,30,4,1,1,5,4,5,13,4,4,10,3,5,2,15,1,28,3,10,7,1,7,9,1,8,9,5,99,1,21,121.5416409,25.0423512
114,02,10,10,40,2,07信義區,信義區莊敬路452號,0,0,1,1,C03,7,5,5,50,14,7,1,5,4,5,13,4,4,5,5,4,2,13,2,24,2,9,6,1,7,9,1,10,1,11,108,1,21,121.5674561,25.0269127
114,02,10,10,50,2,06松山區,松山區基隆路1段與八德路4段口,0,0,1,1,B02,8,7,5,50,5,1,1,5,4,5,13,2,1,1,2,1,2,16,1,34,3,10,7,4,7,6,1,8,2,2,9,1,21,121.5691423,25.049371
114,02,10,11,05,2,01大同區,大同區民生西路與民樂街口,0,0,1,1,B03,8,7,5,50,5,2,1,5,4,5,13,2,1,5,4,5,2,9,1,48,3,10,3,4,7,5,1,8,2,1,70,1,21,121.5106579,25.0570058
114,02,10,11,17,2,09北投區,北投區泉源路1209702號燈桿,0,0,2,1,B03,7,6,5,40,11,9,1,5,4,5,13,4,4,4,4,5,1,10,2,60,3,10,7,1,7,9,1,8,1,8,99,1,21,121.5232862,25.11582498
114,02,10,11,20,2,05中正區,中正區凱達格蘭大道與懷寧街口,0,0,2,1,C03,8,7,5,50,4,1,1,5,4,5,13,4,4,10,5,5,2,13,1,25,2,1,5,1,7,9,1,10,2,11,16,1,26,121.5139585,25.0399822
114,02,10,11,28,2,04大安區,大安區敦化南路2段63巷與敦化南路2段口,0,0,1,1,B03,8,7,5,50,4,2,1,5,4,5,13,2,1,5,4,5,2,12,1,60,3,10,7,1,7,9,1,8,1,5,108,1,21,121.5491021,25.0309883
114,02,10,11,33,2,03中山區,中山區建國高架道往南八德上方,0,0,1,1,B01,8,6,5,70,14,9,1,5,4,5,13,4,4,1,5,5,1,13,1,57,3,10,3,4,7,9,1,4,1,1,16,1,21,121.5365294,25.04562579
114,02,10,11,36,2,08士林區,士林區中山北路6段與天母東路口,0,0,1,1,C03,7,5,5,50,4,2,1,5,4,5,13,1,1,1,2,5,2,17,1,22,2,9,6,1,7,8,1,10,1,14,100,1,22,121.5299165,25.1180391
114,02,10,11,44,2,01大同區,大同區承德路3段與民權西路口,0,0,1,1,C03,8,7,5,50,4,1,1,5,4,5,13,2,1,1,4,5,2,13,1,28,2,9,6,1,7,9,3,18,1,11,16,1,22,121.5182019,25.0630517
114,02,10,11,50,2,12內湖區,內湖區南京東路6段與南京東路6段368巷口,0,0,1,1,C03,7,5,5,50,3,1,1,5,4,5,13,1,1,1,5,5,2,17,2,51,2,9,5,1,7,5,1,10,2,14,96,1,21,121.5862169,25.0597738
114,02,10,11,58,2,02萬華區,萬華區中華路1段166號,0,0,1,1,A04,8,6,5,50,14,9,1,5,4,5,13,4,4,10,4,5,2,9,1,39,3,10,7,1,7,12,1,2,9,17,14,1,21,121.5078982,25.0415489
114,02,10,12,34,2,03中山區,中山區建國北路2段與南京東路3段口,0,0,1,1,G06,8,6,5,50,4,1,1,5,4,5,13,2,1,1,5,5,1,15,1,48,2,9,3,4,7,9,8,20,1,15,81,1,21,121.5369386,25.05213712
114,02,10,12,40,2,07信義區,信義區松山路331號,0,0,1,1,C04,7,5,5,50,14,9,1,5,4,5,13,1,1,1,4,5,2,17,2,63,2,9,6,1,7,7,1,8,1,12,100,1,21,121.5778782,25.0419842
114,02,10,12,41,2,09北投區,北投區立農街2段與立農街2段278巷口,0,0,1,1,C03,8,6,5,50,14,9,1,5,4,5,13,4,4,10,4,5,2,13,1,62,3,10,5,1,7,9,1,10,1,11,16,1,21,121.5156407,25.11869914
114,02,10,12,50,2,02萬華區,萬華區萬大路215號,0,0,2,1,C03,8,6,5,30,14,9,1,5,4,5,13,4,4,8,3,5,1,17,1,53,2,3,5,1,7,9,1,10,1,11,44,1,21,121.5005852,25.0270638
114,02,10,13,00,2,08士林區,士林區社中街與社正路口,0,0,1,1,C03,7,5,5,50,4,1,1,5,4,5,13,1,1,5,5,5,2,17,1,35,2,9,6,1,7,9,1,10,1,11,44,1,22,121.5104645,25.0889219
114,02,10,13,52,2,03中山區,中山區建國高架道往北濱江匝道前,0,0,4,1,B03,8,6,5,70,14,9,1,5,4,5,13,1,1,1,3,5,2,13,1,28,2,9,3,4,7,9,1,8,1,1,16,1,22,121.5411569,25.0714549
114,02,10,14,20,2,09北投區,北投區明德路與明德路3巷口,0,0,2,1,C03,8,7,5,50,3,2,1,5,4,5,13,4,4,5,4,5,2,16,1,24,2,9,3,4,7,5,1,10,9,14,8,1,26,121.5169932,25.10648
114,02,10,14,20,2,09北投區,北投區石牌路2段322號,0,0,2,1,C03,8,7,5,50,14,18,1,5,4,5,13,3,1,10,5,5,2,3,1,87,2,9,5,1,7,9,1,10,1,14,70,1,21,121.5228187,25.12084173
114,02,10,14,35,2,04大安區,大安區建國南路1段161號,0,0,1,1,B01,8,6,5,50,14,9,1,5,4,5,13,4,4,1,4,5,2,17,1,62,3,10,3,4,7,1,1,4,1,17,19,1,22,121.5380039,25.0409507
114,02,10,14,38,2,05中正區,中正區羅斯福路2段20號,0,0,1,1,A12,8,6,5,50,14,9,1,5,4,5,13,4,4,3,4,5,2,17,1,55,3,10,7,1,7,9,1,2,1,17,35,1,21,121.5212244,25.0285678
114,02,10,14,50,2,01大同區,大同區長安西路與塔城街口,0,0,1,1,B03,8,6,5,50,5,1,1,5,4,5,13,4,4,5,5,5,2,17,1,25,4,11,3,4,7,4,7,19,9,17,1,2,22,121.5104102,25.05202689
114,02,10,14,54,2,06松山區,松山區三民路與南京東路5段口,0,0,1,1,C03,8,6,5,50,4,1,1,5,4,5,13,2,1,3,4,5,2,17,1,75,2,9,6,4,7,8,1,10,2,14,100,1,22,121.5638226,25.0515442
114,02,10,15,00,2,09北投區,北投區承德路7段與承德路7段401巷口,0,0,1,1,C03,7,6,5,60,14,9,1,5,4,5,13,4,4,9,4,5,2,13,1,34,2,9,5,1,7,9,1,10,1,11,108,1,21,121.500353,25.1203022
114,02,10,15,12,2,01大同區,大同區承德路3段208巷37號,0,0,2,1,C03,7,6,5,30,14,9,1,5,4,5,13,4,4,10,5,5,2,10,1,53,2,9,6,4,7,15,6,10,8,11,13,1,22,121.5171254,25.0705704
114,02,10,15,18,2,03中山區,中山區民權西路70巷口側附近,0,0,1,1,C03,8,7,5,50,14,7,1,5,4,5,13,4,4,1,4,4,2,17,2,74,2,9,3,4,7,10,1,10,1,14,100,1,21,121.5196649,25.0627651
114,02,10,15,20,2,09北投區,北投區大度路2號,0,0,1,1,C03,8,6,5,50,14,12,1,5,4,5,13,4,4,1,4,4,1,17,1,25,2,9,6,1,7,9,1,10,1,11,108,1,22,121.4986307,25.1213728
114,02,10,15,38,2,08士林區,士林區環河北路3段與中正路口,0,0,1,1,B03,8,6,5,30,5,2,1,5,4,5,13,1,1,10,4,5,1,17,1,47,2,4,7,1,7,7,1,8,2,2,100,1,21,121.5056811,25.0852394
114,02,10,15,55,2,06松山區,松山區南京東路4段63號,0,0,2,1,C03,7,6,5,50,14,7,1,5,4,5,13,4,4,3,4,4,2,17,1,44,2,3,6,1,7,9,1,10,1,14,116,1,21,121.5529988,25.0517439
114,02,10,16,42,2,02萬華區,萬華區堤外便道近水門,0,0,4,1,C03,7,6,7,40,14,11,1,5,4,5,13,4,4,10,4,5,2,13,1,24,2,9,6,1,7,9,1,10,1,13,42,1,21,121.5071206,25.0351677
114,02,10,17,12,2,05中正區,中正區羅斯福路3段128巷與羅斯福路3段128巷36弄口,0,0,2,1,C03,8,6,5,30,4,1,1,5,4,5,13,4,4,10,5,5,1,15,1,68,2,9,6,1,7,9,3,18,2,11,75,1,21,121.5269912,25.0202611
114,02,10,17,13,2,10文山區,文山區羅斯福路5段218巷與汀州路4段口,0,0,1,1,C03,7,6,5,30,4,1,1,5,4,3,10,4,4,10,5,5,2,15,1,59,3,10,6,1,7,9,1,10,1,11,72,1,21,121.5364342,25.0020839
114,02,10,17,24,2,04大安區,大安區金山南路2段與潮州街口,0,0,2,1,B03,7,5,5,50,4,1,1,5,4,5,13,1,1,1,4,5,2,16,1,67,3,10,7,1,7,5,1,8,1,2,74,1,21,121.5262686,25.0289183
114,02,10,17,30,2,12內湖區,內湖區民權大橋東側附近,0,0,1,1,C03,7,5,5,50,8,11,1,5,4,5,13,4,4,4,3,4,1,12,1,62,2,9,3,4,7,9,1,10,1,12,17,1,21,121.5773044,25.0665065
114,02,10,17,35,2,03中山區,中山區大直街與大直街34巷口,0,0,1,1,B03,8,6,5,30,4,18,1,5,4,5,13,4,4,5,5,5,2,3,1,71,3,10,7,1,7,9,1,6,1,5,70,1,21,121.5463883,25.0817626
114,02,10,17,54,2,10文山區,文山區秀明路2段118巷與秀明路2段口,0,0,1,1,C03,8,5,5,30,3,1,1,5,4,5,13,4,4,10,5,5,2,16,1,73,2,9,6,1,7,5,1,10,1,11,72,1,22,121.5768735,24.9893863
114,02,10,17,56,2,12內湖區,內湖區內湖路1段與港墘路口,0,0,1,1,B03,7,5,5,50,4,1,1,5,4,5,13,1,2,1,4,5,1,15,1,67,3,10,7,1,7,9,1,8,1,1,108,1,21,121.57697,25.0794623
114,02,10,18,04,2,03中山區,中山區市民大道2段與林森北路口,0,0,1,1,C03,8,5,5,40,14,9,1,5,4,5,13,2,1,8,5,5,2,12,1,19,3,10,3,4,7,21,1,10,11,15,118,1,21,121.5244433,25.0478744
114,02,10,18,10,2,11南港區,南港區南深路33號,0,0,1,1,B03,7,5,5,50,12,7,1,5,4,5,12,4,4,5,5,4,1,13,2,44,3,10,3,4,7,9,1,8,2,1,108,1,21,121.6206025,25.0371389
114,02,10,18,25,2,01大同區,大同區延平北路1段與鄭州路口,0,0,1,1,B03,7,5,5,40,14,9,1,5,4,5,13,1,1,9,4,5,1,3,2,38,3,10,3,4,7,9,1,8,1,1,70,1,21,121.5118341,25.050006
114,02,10,18,27,2,11南港區,南港區經貿一路168號漢來飯店前,0,0,1,1,C02,7,5,5,50,14,8,1,5,4,5,13,4,4,1,3,4,1,17,1,47,2,8,3,4,7,9,1,9,1,17,42,1,22,121.6202826,25.0576805
114,02,10,18,50,2,08士林區,士林區中山北路6段21號,0,0,1,1,B01,7,5,5,50,14,9,1,5,4,5,13,4,4,1,4,5,1,17,1,48,3,10,7,1,7,8,1,4,2,2,100,1,21,121.525037,25.10332705
114,02,10,19,10,2,05中正區,中正區羅斯福路1段8號,0,0,2,1,C03,8,5,5,50,14,9,1,5,4,5,13,4,4,3,4,5,2,13,1,24,2,9,5,1,7,9,1,10,1,11,108,1,21,121.5184368,25.032406
114,02,10,19,20,2,09北投區,北投區大業路588號,0,0,1,1,C03,8,5,5,50,14,9,1,5,4,5,13,4,4,1,4,5,2,17,1,42,3,10,5,1,7,1,1,10,9,17,19,2,21,121.4970527,25.1357075
114,02,10,19,22,2,12內湖區,內湖區內湖路1段323巷4弄29號,0,0,1,1,H01,7,5,6,30,14,9,5,5,4,5,13,4,4,10,5,5,2,6,2,2,2,1,4,5,8,18,8,20,10,16,54,1,24,121.5671526,25.0827921
114,02,10,19,36,2,09北投區,北投區大度路與中央北路2段257巷口,0,0,1,1,C03,7,5,5,50,5,1,1,5,4,5,13,2,1,1,4,3,2,13,1,46,3,10,3,4,7,12,1,10,1,14,44,1,21,121.4860454,25.1221175
114,02,10,20,16,2,04大安區,大安區和平東路3段與敦化南路2段口,0,0,2,1,C03,7,5,5,50,4,1,1,5,4,5,13,1,1,10,5,5,2,13,1,56,2,9,5,1,7,12,1,9,1,13,108,1,21,121.5483204,25.0245356
114,02,10,20,19,2,09北投區,北投區公館路與東華街2段口,0,0,1,1,A12,8,5,5,50,3,2,1,5,4,5,13,2,1,5,4,4,2,17,1,62,3,10,3,4,7,5,1,3,1,4,8,1,27,121.5027908,25.1218222
114,02,10,20,35,2,07信義區,信義區莊敬路243號,0,0,1,1,A02,8,5,5,50,14,9,1,5,4,5,13,4,4,8,5,5,2,13,1,46,3,10,3,4,7,9,1,2,1,1,118,1,21,121.5624,25.0294363