發生年度,發生月,發生日,發生時-Hours,發生分,處理別-編號,區序,肇事地點,死亡人數,2-30日死亡人數,受傷人數,當事人序號,車種,天候,光線,道路類別,速限-速度限制,道路型態,事故位置,路面狀況1,路面狀況2,路面狀況3,道路障礙1,道路障礙2,號誌1,號誌2,車道劃分-分向,車道劃分-分道1,車道劃分-分道2,車道劃分-分道3,事故類型及型態,性別,年齡,受傷程度,主要傷處,保護裝置,行動電話,車輛用途,當事者行動狀態,駕駛資格情形,駕駛執照種類,飲酒情形,車輛撞擊部位1,肇因碼-個別,個人肇逃否,職業,座標-X,座標-Y
114,02,10,21,04,2,04大安區,大安區光復南路116巷26號,0,0,1,1,C03,8,5,5,30,14,9,1,5,4,5,13,4,4,1,5,5,2,23,1,59,2,3,5,1,7,5,1,10,1,11,108,1,22,121.5561653,25.0429448
114,02,10,21,10,2,05中正區,中正區重慶南路2段與南海路口,0,0,1,1,B03,8,5,5,50,4,1,1,5,4,5,13,2,1,10,4,5,2,16,2,51,3,10,7,1,7,9,1,8,1,2,99,1,21,121.5144552,25.0318921
114,02,10,21,22,2,03中山區,中山區長春路53號,0,0,1,1,B01,8,5,5,40,14,7,1,5,4,5,13,4,4,8,3,4,2,12,1,53,3,10,7,4,7,3,1,4,2,4,18,1,21,121.5261989,25.0549644
114,02,11,03,00,2,05中正區,中正區羅斯福路3段與師大路口,0,0,1,1,C03,8,5,5,50,4,1,1,5,4,5,13,2,1,1,4,5,2,16,1,20,3,10,5,1,7,6,1,10,1,12,9,1,21,121.5274759,25.021138
114,02,11,06,35,2,11南港區,南港區忠孝東路7段與忠孝東路7段265巷口,0,0,2,1,C03,7,5,5,30,4,1,1,5,4,5,13,2,1,1,3,5,2,13,2,19,2,9,3,4,7,9,1,10,2,11,108,1,21,121.6036995,25.0517814
114,02,11,06,58,2,10文山區,文山區景文街與景文街90巷口,0,0,1,1,B03,7,6,5,40,3,1,1,5,4,5,13,4,4,5,5,4,2,16,1,65,3,10,7,1,7,11,6,7,2,4,10,1,21,121.541115,24.9903702
114,02,11,07,12,2,11南港區,南港區成功橋45號燈桿處,0,0,2,1,B03,8,7,5,50,8,9,1,5,4,5,13,4,4,3,4,5,1,17,2,55,3,10,7,1,7,7,1,8,2,17,100,1,21,121.5932075,25.05716462
114,02,11,07,20,2,09北投區,北投區尊賢街243巷21號旁,0,0,1,1,C03,8,6,5,30,3,1,1,5,4,5,13,4,4,10,5,5,2,15,1,41,3,10,6,1,7,9,1,10,1,14,72,1,21,121.50627,25.1167862
114,02,11,07,21,2,12內湖區,停車場出口(與內湖路2段103巷100弄口),0,0,1,1,B03,7,6,5,30,3,2,1,5,4,5,13,4,4,9,4,5,2,16,2,40,3,10,7,1,7,1,1,8,1,8,19,1,21,121.5812672,25.0839894
114,02,11,07,27,2,12內湖區,內湖區康寧路3段189巷與康寧路3段189巷11弄口,0,0,1,1,C03,8,6,6,30,4,1,1,5,4,5,13,4,4,10,5,5,1,13,1,50,2,9,6,1,7,5,1,10,2,12,72,1,21,121.6131986,25.0699753
114,02,11,07,30,2,08士林區,士林區重陽橋西向東機慢車專用道,0,0,3,1,C03,8,7,5,40,14,11,1,5,4,5,13,4,4,1,4,1,2,13,1,30,2,9,3,4,7,9,1,10,1,11,16,1,21,121.5085332,25.08643001
114,02,11,07,31,2,03中山區,中山區北安路與崇實路口,0,0,1,1,B03,8,6,5,50,14,9,1,5,4,5,13,4,4,5,4,5,2,12,1,44,3,10,7,1,7,14,1,8,1,6,40,1,21,121.5443459,25.0800001
114,02,11,07,38,2,10文山區,文山區萬芳路與萬和街口口,0,0,1,1,C03,8,6,5,50,3,1,1,5,4,5,13,2,1,5,4,5,2,16,1,47,2,9,5,1,7,5,1,11,2,14,8,1,21,121.5690797,24.9987745
114,02,11,07,40,2,07信義區,信義區福德街278號,0,0,1,1,A02,8,7,5,50,14,9,1,5,4,5,13,4,4,5,5,5,2,9,1,63,3,10,3,4,7,1,1,2,1,17,42,1,21,121.5862343,25.0389452
114,02,11,08,07,2,01大同區,大同區台北橋機慢車道往東(282595號燈桿),0,0,1,1,C03,8,6,7,40,8,11,1,5,4,5,13,4,4,1,5,1,1,13,2,46,2,9,6,4,7,9,1,10,1,11,16,1,22,121.5070803,25.0634961
114,02,11,08,15,2,04大安區,大安區和平東路3段與基隆路2段口,0,0,2,1,C03,7,6,5,50,4,1,1,5,4,5,13,1,1,1,4,5,2,13,1,39,2,9,5,1,7,9,1,10,1,11,44,1,21,121.552633,25.0241768
114,02,11,08,22,2,03中山區,中山區民權東路2段與民權東路2段152巷口,0,0,2,1,C03,7,6,5,50,5,2,1,5,4,5,13,2,1,8,3,5,1,17,2,37,2,9,5,1,7,9,1,10,1,12,108,1,21,121.5350336,25.0623497
114,02,11,08,26,2,02萬華區,萬華區莒光路與西園路2段13巷口,0,0,2,1,C03,7,6,8,50,3,1,1,5,4,5,13,3,1,3,4,5,2,13,1,47,2,7,5,1,7,15,1,10,1,11,16,1,22,121.4981022,25.0310575
114,02,11,08,30,2,12內湖區,內湖區潭美街西向東85號燈桿,0,0,3,1,C03,8,6,5,40,14,9,1,5,4,5,13,4,4,5,5,5,2,13,2,43,3,10,5,1,7,12,1,10,1,13,118,1,21,121.6069737,25.0624724
114,02,11,08,40,2,02萬華區,萬華區中興橋機車道往台北市方向,0,0,1,1,C03,8,5,7,30,14,11,1,5,4,5,13,4,4,10,5,5,2,13,1,20,3,10,5,4,7,9,1,10,1,11,16,1,21,121.500392,25.04301398
114,02,11,08,40,2,11南港區,南港區研究院路2段3巷與研究院路2段口,0,0,1,1,C03,8,6,5,30,3,2,1,5,4,5,13,4,4,10,5,5,2,16,2,51,3,10,5,4,7,5,1,10,1,11,80,1,22,121.6159395,25.0480012
114,02,11,08,46,2,05中正區,中正區市民大道2段附近西往東(近林森北路),0,0,1,1,C03,8,7,5,40,14,9,1,5,4,5,13,4,4,1,4,5,2,13,1,25,2,8,5,1,7,9,1,10,2,11,44,1,21,121.5234804,25.0477398
114,02,11,08,50,2,06松山區,松山區吉祥路與八德路4段口,0,0,2,1,C03,7,6,5,50,4,1,1,5,4,5,13,2,1,5,4,5,2,16,2,48,2,7,6,1,7,5,1,10,1,14,8,1,21,121.5627063,25.0487038
114,02,11,09,09,2,06松山區,松山區三民路80巷與健康路325巷25弄口口,0,0,1,1,B12,7,6,5,30,4,2,1,5,4,5,13,4,4,9,5,5,2,10,1,69,3,10,7,1,7,9,1,8,1,8,72,1,21,121.5654221,25.0563579
114,02,11,09,23,2,03中山區,中山區北安路海軍總部,0,0,1,1,B01,8,7,5,50,14,9,1,5,4,5,13,1,1,1,4,5,2,13,1,63,3,10,7,1,7,9,1,4,1,1,16,1,22,121.5391973,25.0776454
114,02,11,09,27,2,05中正區,中正區林森南路57號,0,0,1,1,B02,8,7,5,50,14,7,1,5,4,5,13,4,4,4,3,5,2,17,1,53,3,10,7,1,7,1,1,8,2,4,19,1,26,121.5219102,25.0399636
114,02,11,09,36,2,05中正區,中正區濟南路1段2-2號,0,0,1,1,C03,7,7,5,0,14,20,1,5,4,5,13,4,4,10,5,5,2,12,2,37,3,10,5,1,7,3,1,10,9,14,18,1,21,121.5200002,25.04302615
114,02,11,10,36,2,09北投區,北投區石牌路1段71巷與石牌路1段71巷9弄口,0,0,2,1,C03,8,6,5,30,4,1,1,5,4,5,13,4,4,10,5,5,2,15,1,67,2,9,6,1,7,9,1,10,1,14,72,1,21,121.5110382,25.1140955
114,02,11,10,41,2,05中正區,中正區愛國西路2號,0,0,1,1,C03,8,6,5,50,14,9,1,5,4,5,13,4,4,1,5,5,2,17,1,24,2,8,5,1,7,9,1,10,1,11,108,1,21,121.5159343,25.034636
114,02,11,10,43,2,10文山區,文山區萬壽路27號旁,0,0,1,1,B03,8,6,5,50,14,9,1,5,4,1,13,1,1,5,4,5,2,13,1,49,3,10,7,1,7,9,1,8,1,1,108,1,21,121.5769118,24.98906108
114,02,11,10,45,2,07信義區,信義區忠孝東路4段與忠孝東路4段553巷口,0,0,1,1,B03,8,6,5,50,14,9,1,5,4,5,13,4,4,3,3,5,2,12,4,0,,,,,,,,,,,119,2,,121.5629197,25.0412895
114,02,11,10,55,2,12內湖區,內湖區民權東路6段101號,0,0,2,1,B03,8,5,5,50,14,9,1,5,4,5,13,4,4,1,4,4,1,12,2,29,3,10,7,1,7,9,1,8,1,2,108,1,21,121.5903041,25.0690804
114,02,11,11,21,2,05中正區,中正區羅斯福路4段76-2號,0,0,2,1,A02,8,6,5,50,14,9,1,5,4,5,13,1,1,3,4,5,2,9,1,48,3,10,7,1,7,1,1,2,1,17,44,1,21,121.5346307,25.0142746
114,02,11,11,30,2,02萬華區,萬華區萬大路497號,0,0,1,1,A02,8,6,5,50,14,9,1,5,4,5,13,4,4,1,4,5,2,9,1,46,3,10,7,1,7,1,1,2,2,17,36,1,21,121.4977413,25.0199698
114,02,11,11,47,2,06松山區,松山區市民大道4段與敦化南路1段口,0,0,1,1,B11,8,6,5,40,4,2,1,5,4,5,13,2,1,1,4,5,2,16,1,43,3,10,7,1,7,6,1,4,1,2,9,1,21,121.5491692,25.0449505
114,02,11,11,50,2,03中山區,中山區中山北路2段與南京西路口,0,0,1,1,C03,8,7,5,50,4,2,1,5,4,5,13,1,1,1,4,5,2,12,1,18,3,10,5,1,7,9,1,10,1,12,108,1,21,121.5224817,25.0525914
114,02,11,12,12,2,04大安區,大安區潮州街與潮州街107巷口,0,0,1,1,C03,8,6,8,30,4,1,1,5,4,5,13,4,4,10,4,5,2,15,2,48,2,9,6,1,7,9,1,10,1,12,72,1,21,121.5275384,25.0286898
114,02,11,12,14,2,04大安區,大安區忠孝東路4段270號,0,0,1,1,C03,8,5,5,50,14,9,1,5,4,5,13,4,4,1,4,5,2,12,2,19,2,9,6,1,7,9,3,18,1,12,108,1,21,121.5547593,25.0412807
114,02,11,12,45,2,03中山區,中山區復興南路1段與市民大道3段口,0,0,1,1,B03,8,7,5,50,5,1,1,5,4,5,13,1,1,1,4,5,2,13,1,56,3,10,7,1,7,6,1,8,1,5,108,1,21,121.5436748,25.044963
114,02,11,12,45,2,10文山區,文山區辛亥路6段94號,0,0,1,1,C03,8,5,5,40,14,7,1,5,4,5,13,4,4,3,4,4,1,12,2,25,2,9,5,1,7,9,1,10,1,14,17,1,21,121.5523349,24.9882042
114,02,11,13,24,2,01大同區,大同區鄭州路與塔城街口口,0,0,3,1,C03,8,6,5,40,4,1,1,5,4,5,13,2,1,10,5,5,2,16,1,19,2,8,6,1,7,6,1,10,1,13,9,1,21,121.5106141,25.0502695
114,02,11,14,00,2,10文山區,文山區辛亥路7段13號旁,0,0,1,1,A04,8,6,5,50,14,9,1,5,4,5,13,4,4,5,4,5,2,12,1,57,3,10,7,1,7,8,1,2,1,2,118,1,21,121.5527887,24.9869644
114,02,11,14,18,2,11南港區,南港區舊莊街1段81號,0,0,1,1,C03,8,7,5,50,14,9,1,5,4,5,13,4,4,5,4,5,2,13,1,66,2,7,5,1,7,9,1,10,1,11,108,1,21,121.6191791,25.0407366
114,02,11,14,43,2,08士林區,士林區芝玉路1段與德行東路口,0,0,1,1,B03,8,6,5,30,5,2,1,5,4,5,13,3,1,10,5,5,1,17,1,82,3,10,7,1,7,6,1,8,11,15,118,2,21,121.518062,25.08702123
114,02,11,15,00,2,05中正區,中正區信義路1段國家音樂廳前,0,0,1,1,C03,8,7,5,50,14,9,1,5,4,5,13,4,4,10,4,5,2,17,2,41,2,9,5,1,7,9,1,10,2,14,42,1,21,121.519351,25.0376726
114,02,11,15,01,2,03中山區,中山區錦州街與中原街口,0,0,2,1,C03,7,7,5,50,4,1,1,5,4,5,13,1,1,5,4,5,2,16,1,33,2,8,6,1,7,6,1,10,1,12,9,1,22,121.5289614,25.0603762
114,02,11,15,02,2,04大安區,大安區和平東路2段與復興南路2段口,0,0,1,1,B03,8,5,5,50,4,1,1,5,4,5,13,1,1,1,4,5,2,16,1,42,3,10,7,1,7,6,1,8,1,5,9,1,21,121.5435128,25.0247513
114,02,11,15,28,2,04大安區,大安區仁愛路3段與仁愛路3段24巷口,0,0,1,1,C03,8,7,5,30,3,2,1,5,4,5,13,4,4,8,3,5,2,17,1,49,3,10,3,4,7,5,1,10,1,17,72,1,21,121.5355878,25.0377875
114,02,11,15,30,2,01大同區,大同區環河北路1段295號,0,0,1,1,C03,8,6,5,50,14,9,1,5,4,5,13,4,4,1,4,5,2,17,2,53,2,9,6,1,7,9,1,10,2,14,44,1,21,121.5085151,25.0590079
114,02,11,15,37,2,03中山區,中山區大佳河濱公園滑冰場,0,0,1,1,B03,8,7,5,50,14,9,1,5,4,5,13,4,4,5,5,5,2,10,2,58,3,10,7,1,7,15,1,8,1,5,86,1,22,121.5482994,25.07516304
114,02,11,16,08,2,07信義區,信義區吳興街345巷與莊敬路口,0,0,1,1,C03,8,6,5,40,3,2,1,5,4,5,13,1,1,9,5,5,2,3,2,79,3,10,6,1,7,9,1,10,9,11,108,1,21,121.5666965,25.0270188
114,02,11,16,09,2,05中正區,中正區許昌街8號,0,0,1,1,H01,8,6,5,50,14,9,1,5,4,5,13,4,4,10,5,5,1,3,2,39,2,7,4,5,8,16,8,20,10,16,121,1,22,121.5169308,25.0455057
114,02,11,16,15,2,09北投區,北投區大業路157號旁,0,0,2,1,C03,8,6,5,50,14,9,1,5,4,5,13,4,4,1,4,5,2,17,2,52,2,9,6,1,7,7,1,10,1,14,100,1,22,121.4988728,25.1245001
114,02,11,16,45,2,04大安區,大安區基隆路2段232號,0,0,1,1,B03,8,6,5,50,14,9,1,5,4,5,13,2,1,1,2,5,2,13,1,24,3,10,7,1,7,9,1,8,1,1,108,1,22,121.5507221,25.0227804
114,02,11,17,00,2,03中山區,中山區中山北路1段與南京西路口,0,0,1,1,F01,8,7,5,50,4,1,1,5,4,5,13,1,1,1,4,5,2,1,1,45,3,10,4,1,7,9,8,20,1,12,108,1,21,121.5225088,25.0520685
114,02,11,17,15,2,04大安區,大安區仁愛路3段與新生南路1段口,0,0,1,1,C03,7,6,5,50,4,1,1,5,4,5,13,1,1,1,4,5,2,16,1,55,3,10,5,1,7,8,1,10,1,14,100,1,21,121.5330525,25.038341
114,02,11,17,25,2,10文山區,文山區興隆路4段與興隆路4段179巷口口,0,0,1,1,B01,8,7,5,50,4,1,1,5,4,5,13,4,4,3,4,5,2,16,1,52,3,10,7,1,7,5,1,4,1,4,8,1,21,121.5619955,24.9836126
114,02,11,18,01,2,07信義區,信義區嘉興街與崇德街口,0,0,1,1,C03,8,5,5,50,4,1,1,5,4,5,13,1,1,9,4,5,1,17,2,63,2,8,3,4,7,9,1,10,1,12,108,1,21,121.5554855,25.0241241
114,02,11,18,10,2,05中正區,中正區濟南路1段與紹興南街口,0,0,1,1,B03,8,5,5,50,4,1,1,5,4,5,13,1,1,4,4,4,2,17,1,40,3,10,7,1,7,5,1,8,1,1,74,1,21,121.5244229,25.04199236
114,02,11,18,50,2,01大同區,大同區大龍街259巷與大龍街口,0,0,1,1,B03,8,5,5,30,14,9,1,5,4,5,13,4,4,10,5,5,2,11,1,57,3,10,7,1,7,9,1,8,1,5,108,1,21,121.516125,25.0715498
114,02,11,19,03,2,04大安區,大安區安和路2段與安和路2段171巷口,0,0,1,1,F01,8,5,5,50,4,2,1,5,1,5,13,1,1,10,5,5,2,16,2,18,3,10,4,1,7,5,8,20,1,14,8,1,21,121.5500322,25.0280258
114,02,11,19,09,2,10文山區,文山區萬芳路3號,0,0,2,1,C03,7,5,5,50,14,9,1,5,4,5,13,4,4,5,4,5,2,29,1,26,2,9,5,4,7,9,1,10,1,12,44,1,22,121.5709259,24.9953083
114,02,11,19,11,2,02萬華區,萬華區漢口街2段90巷與漢口街2段90巷8弄口,0,0,1,1,C03,7,5,5,30,4,1,1,5,4,5,13,4,4,10,5,5,2,15,1,66,2,9,6,4,7,9,6,18,1,11,75,1,22,121.5042163,25.0458179
114,02,11,19,24,2,01大同區,大同區大龍街與民族西路口,0,0,1,1,F03,8,5,6,50,4,1,1,5,4,5,13,1,1,5,4,5,2,12,1,84,2,9,5,1,7,8,8,20,2,14,100,1,21,121.5157157,25.0685796
114,02,11,19,47,2,07信義區,信義區信義路5段106號,0,0,1,1,C03,7,5,5,50,14,9,1,5,4,5,13,4,4,1,3,5,2,13,1,46,2,3,6,1,7,9,1,10,1,11,44,1,21,121.5658061,25.0328084
114,02,11,19,50,2,12內湖區,內湖區南京東路6段與新明路298巷口,0,0,1,1,F01,8,5,5,50,4,2,1,5,4,4,8,1,1,1,4,5,1,17,1,35,2,9,2,1,7,9,8,20,1,12,81,1,21,121.58142,25.0569102
114,02,11,20,13,2,03中山區,中山區民權東路2段134號,0,0,1,1,C03,7,5,5,50,14,9,1,5,4,5,13,2,1,1,4,5,2,16,2,52,2,9,6,1,7,5,1,10,2,14,118,1,21,121.5327546,25.0624138
114,02,11,20,28,2,09北投區,北投區大業路527巷與大業路527巷口北投機廠,0,0,2,1,C03,8,5,5,40,3,1,1,5,4,5,13,4,4,4,4,5,2,16,2,45,2,9,5,1,7,5,1,10,1,14,74,1,21,121.4865097,25.1356686
114,02,11,20,33,2,12內湖區,內湖區堤頂大道2段與基湖路口,0,0,1,1,B03,7,5,5,50,14,9,1,5,4,5,13,2,1,5,2,5,2,13,1,48,3,10,7,1,7,9,1,8,2,1,16,1,21,121.5645866,25.0795183
114,02,11,21,08,2,01大同區,大同區重慶北路3段與重慶北路3段313巷口,0,0,1,1,B03,8,5,5,50,3,1,1,5,4,5,13,4,4,1,4,5,2,17,1,46,3,10,7,1,7,9,1,8,2,4,102,1,22,121.5139113,25.07400029
114,02,11,21,31,2,01大同區,大同區大龍街51號與大龍街46巷口,0,0,1,1,C03,8,5,5,50,3,1,1,5,4,5,13,4,4,9,5,5,2,3,1,26,3,10,6,1,7,9,1,10,1,11,70,1,21,121.51606,25.0648382
114,02,11,21,33,2,10文山區,文山區木柵路1段與木柵路1段59巷口,0,0,1,1,C03,7,6,5,50,4,1,1,5,4,5,13,2,1,5,4,5,2,17,1,61,3,10,5,1,7,4,3,18,11,11,4,2,21,121.5459257,24.9867355
114,02,11,21,55,2,08士林區,士林區延平北路5段與中正路口,0,0,1,1,A02,8,5,5,50,4,2,1,5,4,5,13,2,1,1,4,5,1,17,1,41,3,10,7,1,7,5,1,2,2,5,71,1,21,121.509356,25.0866301
114,02,11,21,56,2,08士林區,士林區重慶北路4段與延平北路5段136巷口口,0,0,2,1,C04,7,5,5,40,14,8,1,5,4,5,13,4,4,1,1,4,1,13,2,55,2,9,6,1,7,8,1,10,1,13,100,1,21,121.5123646,25.08242915
114,02,11,22,01,2,09北投區,北投區承德路7段162號,0,0,2,1,C03,8,5,5,60,14,7,1,5,4,5,13,4,4,2,4,4,2,13,1,61,2,9,5,1,7,9,1,10,1,11,16,1,21,121.5088705,25.1129943
114,02,11,22,45,2,04大安區,大安區忠孝東路4段與忠孝東路4段216巷口,0,0,1,1,B01,8,5,5,50,14,9,1,5,4,5,13,2,1,1,4,5,2,17,1,66,3,10,7,1,7,7,1,4,1,6,100,1,26,121.5525502,25.0414213
114,02,11,23,43,2,03中山區,中山區長春路與合江街口,0,0,2,1,C03,7,5,5,50,4,1,1,5,4,5,13,2,1,5,4,5,2,16,1,74,2,8,6,1,7,5,1,10,1,12,71,1,21,121.5391008,25.0547536
114,02,11,23,55,2,07信義區,信義區松信路與永吉路口,0,0,1,1,B03,7,5,5,50,4,1,1,5,4,5,13,1,1,9,4,5,2,17,1,34,3,10,3,4,7,11,1,8,1,7,103,1,22,121.5720822,25.0457114
114,02,12,00,04,2,03中山區,中山區市民大道3段與八德路2段口,0,0,1,1,C03,8,5,5,40,4,2,1,5,4,5,13,2,1,8,4,5,2,16,1,18,2,9,6,4,7,9,1,10,2,11,108,1,21,121.5350989,25.0451066
114,02,12,00,17,2,08士林區,士林區中正路與福港街口,0,0,1,1,H01,8,5,5,50,3,2,1,5,4,5,13,2,1,1,4,5,1,9,1,46,2,9,4,5,8,16,8,20,10,16,121,1,21,121.5172136,25.09179104
114,02,12,00,55,2,10文山區,文山區木柵路4段與秀明路1段口口,0,0,2,1,C03,8,5,5,50,4,1,1,5,4,5,13,2,1,10,5,5,2,16,1,27,2,9,5,1,7,5,1,10,1,12,71,1,21,121.5717198,24.99334395
114,02,12,01,04,2,02萬華區,萬華區環河南路3段與萬大路口,0,0,1,1,B12,7,5,5,50,4,2,1,5,4,5,13,1,1,9,4,5,2,3,1,56,3,10,7,1,7,9,1,4,1,5,118,1,21,121.4952025,25.0165457
114,02,12,01,22,2,03中山區,中山區市民大道3段與八德路2段口,0,0,1,1,C03,8,5,5,40,4,2,1,5,4,5,13,2,1,8,3,5,2,16,1,33,2,7,6,4,7,9,1,10,2,11,108,1,21,121.5351108,25.045099
114,02,12,04,25,2,02萬華區,萬華區德昌街10巷與東園街73巷口,0,0,1,1,B03,8,5,5,30,5,1,1,5,4,5,13,3,1,10,5,5,2,17,1,70,3,10,7,1,7,9,1,7,1,4,72,1,21,121.4997786,25.0263744
114,02,12,06,49,2,05中正區,中正區羅斯福路2段與杭州南路2段口,0,0,2,1,C03,8,6,6,50,5,1,1,5,4,5,13,1,1,3,5,5,2,3,1,19,2,9,5,1,7,9,1,10,2,14,70,1,21,121.521379,25.0283381
114,02,12,06,55,2,03中山區,中山區民族東路512巷與民族東路512巷13弄口,0,0,1,1,C03,7,7,5,30,4,1,1,5,4,5,13,4,4,5,4,5,2,15,1,45,2,9,6,4,7,9,1,10,2,11,72,1,21,121.5420347,25.06740916
114,02,12,07,00,2,06松山區,松山區民生東路5段與民生東路5段260巷口,0,0,2,1,F01,7,6,5,30,4,1,1,5,4,5,13,1,1,1,4,5,2,15,2,61,2,9,4,1,7,9,8,20,2,12,81,1,21,121.5671824,25.05911429
114,02,12,07,11,2,04大安區,大安區通化街與通化街39巷口口,0,0,1,1,C03,7,7,5,50,4,1,1,5,4,5,13,4,4,5,5,5,1,17,2,28,2,8,6,1,7,5,1,9,1,14,8,1,21,121.5542583,25.0308218
114,02,12,07,29,2,08士林區,士林區故宮路35巷與故宮路口,0,0,1,1,C03,7,5,8,50,4,2,1,5,4,5,13,2,1,3,4,5,1,12,2,61,2,9,6,1,7,9,1,10,1,12,44,1,21,121.5473132,25.0965511
114,02,12,07,40,2,10文山區,文山區羅斯福路6段159巷與羅斯福路6段159巷1弄口,0,0,1,1,C03,7,6,5,30,4,1,1,5,4,5,13,3,1,10,5,5,2,15,1,77,2,9,6,1,7,9,1,10,1,12,72,1,21,121.54121,24.9972526
114,02,12,07,54,2,02萬華區,萬華區環河南路2段149巷與大理街170巷口,0,0,2,1,C03,8,5,5,30,4,1,1,5,4,5,13,4,4,10,5,5,2,15,2,47,2,9,5,4,7,9,1,11,1,11,75,1,21,121.4935675,25.03351231
114,02,12,08,11,2,01大同區,大同區民權西路136號,0,0,1,1,C03,7,6,5,50,14,9,1,5,4,5,13,4,4,1,4,5,2,12,1,62,3,10,5,1,7,15,6,10,1,13,17,1,21,121.5164266,25.0628143
114,02,12,08,13,2,10文山區,文山區興隆路2段203巷與興隆路2段203巷口(46號附近),0,0,1,1,B03,7,6,5,30,3,1,1,5,4,5,13,4,4,10,5,5,1,16,2,43,3,10,7,1,7,5,1,8,2,8,72,1,21,121.5481283,25.0021557
114,02,12,08,40,2,03中山區,中山區民權東路1段與民權東路1段70巷口,0,0,2,1,C03,7,7,5,50,14,9,1,5,4,5,13,4,4,1,4,5,2,13,2,56,2,9,5,1,7,9,1,10,1,11,16,1,22,121.5222691,25.05801547
114,02,12,08,45,2,05中正區,中正區重慶南路3段2號,0,0,1,1,C03,7,7,5,50,14,9,1,5,4,5,13,4,4,1,4,5,2,13,1,24,2,9,6,1,7,9,1,10,2,12,16,1,22,121.5152461,25.029612
114,02,12,08,47,2,02萬華區,萬華區環河南路2段與桂林路口,0,0,2,1,C03,7,5,5,50,4,1,1,4,4,4,13,4,4,8,3,5,2,16,2,51,3,10,5,1,7,9,1,10,1,12,108,1,21,121.4971576,25.0385318
114,02,12,08,54,2,01大同區,大同區延平北路3段與民權西路口,0,0,1,1,C03,7,6,5,50,4,2,1,5,4,5,13,2,1,1,4,5,2,17,1,26,2,9,3,4,7,8,1,10,2,13,100,1,21,121.5115084,25.0630407
114,02,12,09,00,2,03中山區,中山區南京東路2段21巷13號,0,0,2,1,C03,8,6,5,30,14,9,1,5,4,5,13,4,4,10,5,5,2,12,2,27,2,9,5,1,7,1,1,10,1,12,19,1,22,121.5287757,25.0526764
114,02,12,09,07,2,06松山區,松山區民生東路4段80巷與民生東路4段80巷3弄口,0,0,1,1,C03,7,6,5,50,4,2,1,5,4,5,13,4,4,9,5,5,2,17,1,31,2,9,5,1,7,11,1,10,1,12,99,1,21,121.5530064,25.0573045
114,02,12,09,08,2,03中山區,中山區松江路63巷與松江路口側附近口,0,0,1,1,F01,7,6,5,0,3,2,1,5,4,5,13,4,4,1,4,5,2,17,2,48,2,9,4,1,7,9,8,20,1,17,42,1,22,121.5329715,25.04934143
114,02,12,09,19,2,03中山區,中山區中山北路4段與中山北路4段口南往北、圓山飯店下方,0,0,1,1,B03,8,7,5,50,5,1,1,5,4,5,13,1,1,1,4,5,2,13,1,72,3,10,3,4,7,5,1,8,2,8,108,1,21,121.5261484,25.07464035
114,02,12,09,22,2,07信義區,信義區富陽街87巷與富陽街21巷口,0,0,1,1,C03,6,7,5,30,4,1,1,4,4,5,13,4,4,10,5,5,2,15,1,27,2,9,5,1,7,9,1,10,1,11,72,1,21,121.5576712,25.0222254
114,02,12,09,35,2,12內湖區,內湖區永保街與安康路106巷口,0,0,2,1,B12,7,7,5,50,3,1,1,4,4,5,13,4,4,5,5,5,2,16,1,43,3,10,7,1,7,6,1,8,1,8,72,1,21,121.5989048,25.0634932
114,02,12,09,58,2,11南港區,南港區忠孝東路7段481-1號對面,0,0,1,1,A31,7,6,5,50,14,9,1,5,4,5,13,4,4,3,4,5,2,16,1,47,3,10,3,4,7,6,1,1,1,5,9,1,22,121.6094551,25.0525029
114,02,12,10,57,2,11南港區,南港區南港路2段與向陽路120巷口,0,0,1,1,B03,7,7,5,50,5,1,1,5,4,5,13,4,4,5,3,5,2,17,1,62,3,10,7,1,7,6,1,8,1,2,44,1,21,121.595251,25.0545917
114,02,12,11,07,2,07信義區,信義區松壽路3號,0,0,1,1,A02,6,6,8,50,22,22,1,4,4,5,13,4,4,9,5,5,2,9,1,49,3,10,7,1,7,1,1,2,9,17,19,1,21,121.5644611,25.0359589
114,02,12,11,16,2,10文山區,文山區木柵路1段與試院路口（雙號）口,0,0,1,1,C03,6,6,5,50,4,1,1,4,4,5,13,2,1,5,4,5,2,12,1,63,2,8,5,1,7,9,3,18,1,11,108,1,21,121.5498119,24.9873943
114,02,12,11,29,2,11南港區,南港區東新街與東新街180巷口口,0,0,1,1,B12,7,7,5,30,3,1,1,5,4,5,13,4,4,5,4,5,1,17,1,45,3,10,7,1,7,6,1,8,2,4,72,1,21,121.5934709,25.0464326
114,02,12,11,40,2,01大同區,大同區承德路2段與民權西路102巷33弄口,0,0,2,1,C03,8,6,5,50,5,2,1,5,4,5,13,1,1,1,5,5,2,13,2,65,2,8,6,1,7,9,3,18,2,12,108,1,21,121.5181766,25.061664
114,02,12,11,47,2,01大同區,大同區塔城街與長安西路口口,0,0,2,1,C03,7,5,5,50,4,1,1,5,4,5,13,2,1,5,4,5,2,13,2,54,2,9,5,1,7,7,1,10,2,12,100,1,22,121.5104188,25.0520172
114,02,12,12,05,2,12內湖區,內湖區陽光街與陽光街202巷口,0,0,2,1,C03,7,7,5,50,3,2,1,5,4,5,13,4,4,5,5,5,2,16,2,45,2,7,5,1,7,5,1,10,1,13,8,1,21,121.5802306,25.0741718