發生年度,發生月,發生日,發生時-Hours,發生分,處理別-編號,區序,肇事地點,死亡人數,2-30日死亡人數,受傷人數,當事人序號,車種,天候,光線,道路類別,速限-速度限制,道路型態,事故位置,路面狀況1,路面狀況2,路面狀況3,道路障礙1,道路障礙2,號誌1,號誌2,車道劃分-分向,車道劃分-分道1,車道劃分-分道2,車道劃分-分道3,事故類型及型態,性別,年齡,受傷程度,主要傷處,保護裝置,行動電話,車輛用途,當事者行動狀態,駕駛資格情形,駕駛執照種類,飲酒情形,車輛撞擊部位1,肇因碼-個別,個人肇逃否,職業,座標-X,座標-Y
114,02,12,12,15,2,05中正區,中正區貴陽街1段與重慶南路1段口,0,0,2,1,C03,7,5,5,50,14,9,1,5,4,5,13,4,4,9,4,5,2,17,2,33,3,10,5,1,7,15,1,10,1,14,100,1,21,121.5132645,25.0387244
114,02,12,12,47,2,05中正區,中正區重慶南路1段44號,0,0,1,1,B03,6,7,5,50,14,9,1,4,4,5,13,4,4,10,4,5,2,16,1,27,3,10,7,1,7,6,1,8,2,2,9,1,21,121.51316,25.0446497
114,02,12,13,30,2,05中正區,中正區許昌街與南陽街口,0,0,2,1,B03,7,6,5,30,4,2,1,5,4,5,13,4,4,10,5,5,2,16,1,61,3,10,3,4,7,15,1,8,11,5,100,1,22,121.515999,25.0455327
114,02,12,13,38,2,05中正區,中正區汀州路2段與廈門街口口,0,0,1,1,C03,6,6,5,50,4,1,1,4,4,5,13,1,1,5,5,5,1,17,1,56,3,10,6,1,7,6,1,10,1,12,9,1,21,121.5178651,25.0253695
114,02,12,13,45,2,01大同區,大同區民族西路與民族西路252巷口,0,0,1,1,C03,6,6,5,50,5,1,2,4,4,5,13,4,4,5,5,5,2,13,1,54,2,9,2,1,7,9,1,10,2,11,16,1,21,121.5120849,25.0686495
114,02,12,14,09,2,08士林區,士林區延平北路5段244巷與延平北路5段244巷22弄口,0,0,1,1,B03,6,6,5,30,4,1,1,4,4,5,13,4,4,10,5,5,2,15,1,57,3,10,7,1,7,9,1,4,1,8,72,1,26,121.5107637,25.0847381
114,02,12,14,11,2,02萬華區,萬華區西園路2段與東園街口,0,0,2,1,F01,6,6,5,50,3,1,1,4,4,5,13,2,1,1,4,5,2,17,2,75,2,9,4,1,7,9,8,20,1,14,85,1,21,121.495325,25.0281872
114,02,12,14,50,2,01大同區,大同區台北橋機慢車專用道往西,0,0,2,1,C03,6,6,5,50,14,9,1,4,4,5,13,4,4,10,4,5,2,16,1,20,3,10,3,4,7,8,1,10,1,14,100,1,21,121.5086711,25.0635006
114,02,12,15,20,2,06松山區,松山區南京東路5段286巷與南京東路5段250巷18弄口,0,0,1,1,B03,6,7,5,30,4,1,1,4,4,5,13,4,4,10,5,5,2,15,1,57,3,10,7,1,7,9,1,8,1,5,72,1,21,121.5672391,25.05024508
114,02,12,16,22,2,12內湖區,內湖區瑞光路30號,0,0,1,1,B03,6,5,5,50,14,9,1,4,4,5,13,4,4,5,4,5,1,12,2,39,3,10,7,1,7,8,1,8,1,6,100,1,21,121.5854589,25.06773093
114,02,12,16,43,2,04大安區,大安區建國南路2段35號,0,0,2,1,C03,6,5,5,50,22,6,1,4,4,5,13,3,1,10,5,5,2,9,1,44,2,7,3,4,7,9,1,10,1,11,70,1,21,121.5380632,25.0321773
114,02,12,16,46,2,03中山區,中山區復興北路與遼寧街185巷口,0,0,2,1,C03,6,5,5,50,4,2,1,4,4,5,13,2,1,8,3,5,2,13,1,19,2,9,5,4,7,9,1,10,2,11,16,1,21,121.5440032,25.0535209
114,02,12,16,57,2,10文山區,文山區木新路3段與樟新街口口,0,0,1,1,B02,6,6,5,50,3,1,1,4,4,5,13,2,1,4,5,5,1,16,1,23,3,10,7,1,7,6,1,8,1,2,9,1,21,121.5548609,24.9801714
114,02,12,17,38,2,05中正區,中正區重慶南路3段17號,0,0,1,1,C03,6,5,5,50,14,9,1,4,4,5,13,4,4,1,4,5,2,12,2,25,2,8,5,1,7,7,1,10,1,14,100,1,22,121.5155662,25.0289861
114,02,12,17,50,2,03中山區,中山區明水路與樂群一路口,0,0,1,1,B03,6,5,5,50,3,1,1,4,4,5,13,1,1,1,4,5,2,16,1,83,3,10,7,1,7,9,1,8,9,2,99,1,21,121.5507316,25.0772556
114,02,12,18,01,2,12內湖區,內湖區瑞光路與瑞光路76巷口,0,0,1,1,B03,6,5,5,50,3,2,1,4,4,5,13,2,1,5,4,5,2,17,1,65,3,10,7,1,7,5,1,8,1,17,71,1,21,121.5814293,25.07120087
114,02,12,18,10,2,12內湖區,內湖區瑞光路與瑞光路76巷口,0,0,1,1,C03,6,5,5,50,3,1,1,4,4,5,13,2,1,5,4,5,2,17,1,47,3,10,6,1,7,9,1,10,1,11,108,1,21,121.5813978,25.07114621
114,02,12,18,18,2,05中正區,中正區忠孝東路1段7號,0,0,1,1,C03,6,5,5,50,14,9,1,4,4,5,13,4,4,1,4,5,2,13,1,48,3,10,6,1,7,9,1,10,11,17,118,1,21,121.5229836,25.044976
114,02,12,18,28,2,02萬華區,萬華區西藏路與艋舺大道口,0,0,1,1,B03,6,5,5,50,4,1,1,4,4,5,13,2,1,1,5,5,2,16,1,63,3,10,7,1,7,7,1,8,1,4,100,1,26,121.4915061,25.02905501
114,02,12,18,40,2,02萬華區,萬華區環河南路1段與武昌街2段口,0,0,1,1,C03,6,5,5,50,3,2,1,4,4,5,13,1,1,9,5,5,2,13,1,57,3,10,5,1,7,12,1,9,1,11,44,1,21,121.5027912,25.045903
114,02,12,19,05,2,05中正區,中正區濟南路2段與臨沂街口,0,0,2,1,C03,6,5,5,50,4,1,1,4,4,5,13,4,4,9,5,5,2,3,1,49,2,9,5,1,7,9,1,10,1,12,70,1,21,121.5300657,25.04064406
114,02,12,19,10,2,05中正區,中正區羅斯福路4段與基隆路4段口,0,0,1,1,C03,6,5,5,50,5,1,1,4,4,5,13,1,1,1,4,5,2,13,2,27,2,7,5,4,7,9,1,10,1,11,16,1,21,121.5366996,25.0111165
114,02,12,19,18,2,07信義區,信義區松山路與松山路249巷口,0,0,1,1,B01,6,5,5,50,4,2,1,4,4,5,13,2,1,1,4,1,2,9,1,68,3,10,7,1,7,9,1,4,1,8,81,1,22,121.5778352,25.0443877
114,02,12,19,20,2,12內湖區,內湖區舊宗路2段213巷燈桿0303705,0,0,2,1,C03,6,5,5,50,14,9,1,4,4,5,13,4,4,9,4,5,2,16,2,29,2,9,6,1,7,1,1,10,2,14,19,1,21,121.5741387,25.0734602
114,02,12,19,20,2,12內湖區,內湖區內湖路1段與基湖路口,0,0,1,1,B03,6,5,5,50,4,1,1,4,4,5,13,1,1,1,4,5,1,17,1,65,3,10,7,1,7,5,1,8,1,5,85,1,21,121.5654598,25.0823456
114,02,12,19,35,2,04大安區,大安區建國南路2段往南,0,0,1,1,B03,6,5,5,50,14,9,1,4,4,5,13,4,4,1,4,5,2,17,1,39,3,10,3,4,7,1,1,8,1,8,19,1,21,121.5374558,25.0300029
114,02,12,19,35,2,06松山區,松山區民生東路5段與光復北路口,0,0,1,1,C03,6,5,5,40,4,1,1,4,4,5,13,1,1,1,4,5,2,17,1,48,2,9,6,1,7,9,1,10,2,11,42,1,21,121.5552387,25.0584921
114,02,12,19,46,2,11南港區,南港區重陽路與重陽路423巷口,0,0,1,1,B03,6,5,5,50,3,2,1,4,4,5,13,2,1,4,5,4,2,2,1,66,3,10,3,4,7,5,1,8,2,8,108,1,21,121.609117,25.0589791
114,02,12,20,27,2,12內湖區,內湖區民權東路6段296巷與民權東路6段296巷31弄口,0,0,1,1,B03,6,5,5,30,4,1,1,4,4,5,13,4,4,5,5,5,1,16,1,68,3,10,7,1,7,5,1,8,1,5,72,1,21,121.6063225,25.0721143
114,02,12,20,30,2,04大安區,大安區羅斯福路4段與基隆路4段口,0,0,1,1,B03,6,5,5,50,5,1,1,4,4,5,13,1,1,1,4,5,2,17,2,40,3,10,7,1,7,7,1,8,1,2,100,1,21,121.5373802,25.0109915
114,02,12,21,21,2,10文山區,文山區羅斯福路6段142巷與景福街口,0,0,2,1,B03,6,5,5,40,5,1,1,4,4,5,13,2,1,10,5,4,2,16,1,33,3,10,7,1,7,6,1,8,1,5,9,1,21,121.5369193,24.9981578
114,02,12,21,40,2,04大安區,大安區基隆路2段與和平東路3段口,0,0,1,1,C03,6,5,5,50,5,1,1,4,4,5,13,1,1,1,3,5,2,17,2,18,2,9,6,1,7,7,1,10,1,12,100,1,21,121.5523022,25.024244
114,02,12,22,35,2,12內湖區,內湖區內湖路3段89巷與金龍路口,0,0,1,1,B03,6,5,5,50,3,1,1,4,4,5,13,4,4,9,4,4,2,16,1,36,3,10,7,1,7,5,1,8,2,8,74,1,21,121.5911989,25.0854777
114,02,12,22,43,2,12內湖區,內湖區民權東路6段180巷88號,0,0,1,1,B03,6,5,5,50,14,9,1,4,4,5,13,4,4,9,5,5,2,17,1,67,3,10,7,1,7,6,1,8,1,5,9,1,21,121.5927048,25.06596662
114,02,12,22,58,2,05中正區,中正區懷寧街與衡陽路口,0,0,2,1,C03,6,5,5,50,3,1,1,4,4,5,13,2,1,5,5,5,2,16,1,63,2,9,5,1,7,5,1,10,2,11,74,1,22,121.5137824,25.04241018
114,02,12,23,30,2,10文山區,文山區木柵路2段與興隆路4段口口,0,0,2,1,B01,6,5,5,50,4,1,1,4,4,5,13,2,1,10,5,5,1,16,1,54,3,10,7,1,7,5,1,3,2,5,71,1,21,121.5602288,24.9887147
114,02,13,00,36,2,05中正區,中正區南海路與南昌路1段口口,0,0,1,1,B03,6,5,5,30,4,1,4,4,4,5,13,1,1,10,4,5,2,16,1,25,3,10,3,4,7,6,1,8,1,2,71,1,21,121.5162366,25.0323787
114,02,13,01,25,2,02萬華區,萬華區漢中街與內江街口,0,0,1,1,C03,6,5,5,50,3,1,1,4,4,5,13,3,1,4,1,5,2,16,1,31,2,7,5,1,7,5,1,10,1,12,72,1,22,121.5070498,25.0415532
114,02,13,01,59,2,04大安區,大安區辛亥路3段286-1號,0,0,1,1,C03,6,5,5,50,14,9,1,4,4,5,13,4,4,10,4,5,2,17,1,44,2,8,6,4,7,9,1,10,1,11,108,1,21,121.5518145,25.0148879
114,02,13,06,18,2,09北投區,北投區崇仁路1段與清江路245巷口,0,0,2,1,C03,6,6,5,30,14,9,1,4,4,5,13,4,4,10,4,5,2,9,2,36,2,8,5,1,7,9,1,10,2,14,70,1,21,121.5015658,25.126032
114,02,13,06,29,2,01大同區,大同區塔城街與南京西路口,0,0,1,1,B03,6,5,5,50,5,1,1,4,4,5,13,2,1,5,4,5,2,9,1,28,3,10,7,1,7,5,1,8,1,1,70,1,21,121.510187,25.0532936
114,02,13,07,09,2,01大同區,大同區民生西路與延平北路2段口口,0,0,1,1,B12,6,5,5,50,4,1,1,4,4,5,13,2,1,9,4,4,2,1,1,61,3,10,7,1,7,5,1,8,2,8,70,1,22,121.5115719,25.0570371
114,02,13,08,07,2,04大安區,大安區辛亥路2段與建國南路2段口,0,0,2,1,B02,6,5,5,50,4,1,1,4,4,5,13,4,4,3,4,4,2,16,1,79,3,10,3,4,7,9,1,8,1,8,72,1,21,121.5381401,25.0216949
114,02,13,08,36,2,07信義區,信義區忠孝東路5段與基隆路1段口,0,0,1,1,B01,6,7,5,50,14,9,1,4,4,5,13,4,4,1,4,5,2,13,1,51,3,10,7,1,7,9,1,4,1,1,118,1,21,121.5649249,25.0412225
114,02,13,08,50,2,11南港區,南港區八德路4段與中坡北路口,0,0,1,1,C03,6,7,5,50,14,9,1,4,4,5,13,1,1,4,3,5,2,12,2,67,2,7,5,1,7,8,1,10,1,14,100,1,21,121.5800186,25.0505368
114,02,13,08,55,2,12內湖區,內湖區新明路與新明路86巷口,0,0,1,1,B12,6,5,5,30,4,2,1,4,4,5,13,4,4,5,5,5,2,17,1,48,3,10,7,1,7,5,1,8,1,17,80,1,21,121.5895972,25.05954105
114,02,13,09,00,2,03中山區,中山區吉林路與民族東路口,0,0,1,1,B03,6,7,5,50,3,1,1,4,4,5,13,1,1,3,4,1,2,16,1,50,3,10,7,1,7,5,1,8,2,4,83,1,22,121.5303471,25.06833068
114,02,13,10,19,2,10文山區,文山區羅斯福路5段與羅斯福路5段211巷口口,0,0,1,1,B03,6,6,5,50,4,1,1,4,4,5,13,2,1,1,4,5,2,16,2,51,3,10,7,1,7,5,1,8,1,1,71,1,21,121.5389352,25.0022204
114,02,13,10,25,2,01大同區,大同區歸綏街與民樂街口,0,0,2,1,C03,7,6,5,50,4,1,1,4,4,5,13,4,4,5,4,5,2,15,1,37,2,9,5,1,7,9,1,10,1,14,72,1,21,121.5105968,25.0582649
114,02,13,11,20,2,02萬華區,萬華區萬大路與萬大路186巷口,0,0,3,1,C03,7,5,5,30,4,1,1,4,4,5,13,1,1,3,3,5,2,1,2,48,2,9,5,4,7,6,1,10,1,11,44,1,22,121.5005867,25.0278993
114,02,13,12,05,2,01大同區,大同區重慶北路2段20號,0,0,1,1,C03,6,6,5,50,14,9,1,4,4,5,13,4,4,1,4,5,2,13,1,27,2,9,3,4,7,7,1,10,1,11,16,1,21,121.5141894,25.0546189
114,02,13,12,46,2,12內湖區,南向北(瑞光路399號旁),0,0,1,1,C03,7,7,5,50,14,9,1,4,4,5,13,4,4,4,5,5,1,17,1,48,3,10,5,1,7,11,1,10,11,17,10,1,21,121.5729125,25.0776696
114,02,13,13,03,2,12內湖區,內湖區內湖路1段與江南街口,0,0,1,1,A02,7,6,5,50,3,1,1,5,4,5,13,2,1,9,4,5,2,13,1,58,3,10,7,1,7,9,1,2,2,1,108,1,21,121.5794122,25.078614
114,02,13,14,06,2,07信義區,信義區信義路5段2號,0,0,1,1,C03,7,6,5,50,11,9,1,5,4,5,13,2,1,9,4,5,2,17,1,26,2,8,6,1,7,6,1,10,1,12,42,1,22,121.5598937,25.032965
114,02,13,14,20,2,10文山區,文山區木柵路1段186號,0,0,2,1,C03,7,7,5,50,14,9,1,4,4,5,13,4,4,5,4,5,2,16,2,21,2,8,5,1,7,7,1,10,1,11,100,1,21,121.5525957,24.9878273
114,02,13,14,36,2,04大安區,大安區和平東路2段106號,0,0,1,1,C03,7,5,6,50,14,9,1,5,4,5,13,4,4,10,5,5,2,17,2,18,2,9,3,4,7,15,1,10,1,12,100,1,21,121.5418718,25.025009
114,02,13,15,02,2,12內湖區,內湖區瑞湖街與舊宗路2段171巷口,0,0,1,1,B03,6,7,5,50,4,1,1,4,4,5,13,2,1,9,4,5,2,17,1,63,3,10,3,4,7,6,1,8,2,17,9,1,21,121.5763451,25.0713325
114,02,13,15,23,2,06松山區,松山區吉祥路與南京東路5段66巷3弄口,0,0,1,1,B12,7,7,5,30,4,1,1,5,4,5,13,4,4,9,4,5,2,16,1,57,3,10,7,1,7,5,1,8,1,4,74,1,22,121.5625768,25.050813
114,02,13,15,25,2,06松山區,松山區民生東路4段99號,0,0,2,1,C03,7,7,5,50,14,9,1,5,4,5,13,1,1,1,4,5,2,12,1,30,2,7,6,4,7,10,1,10,1,14,100,1,21,121.5522525,25.0580336
114,02,13,15,38,2,03中山區,中山區民生東路2段與吉林路口,0,0,1,1,C03,7,7,5,50,4,2,1,5,4,5,13,1,1,5,4,5,2,16,1,63,3,10,5,1,7,9,1,10,1,11,108,1,22,121.5301491,25.0574636
114,02,13,16,10,2,08士林區,士林區延平北路5段147巷與延平北路5段口,0,0,2,1,C03,7,7,5,50,3,2,1,5,4,5,13,4,4,3,4,5,1,17,2,40,2,8,5,1,7,8,1,10,2,12,100,1,21,121.5102464,25.08234772
114,02,13,16,14,2,09北投區,北投區大度路3段與關渡路口,0,0,1,1,B03,7,7,5,50,3,1,1,5,4,5,13,2,1,10,5,5,2,17,1,52,3,10,7,1,7,6,1,8,1,17,9,1,21,121.4695072,25.1228944
114,02,13,17,10,2,01大同區,大同區鄭州路與西寧北路口,0,0,1,1,C03,7,5,5,40,5,1,1,5,4,5,13,2,1,1,4,5,2,17,1,44,3,10,6,1,7,9,6,18,1,13,118,1,21,121.5085476,25.0505816
114,02,13,17,18,2,03中山區,中山區民族東路與新生北路3段口,0,0,1,1,C03,6,5,5,50,4,2,1,4,4,5,13,2,1,5,4,5,2,13,1,51,2,7,6,1,7,9,1,10,1,11,16,1,21,121.5274522,25.0683132
114,02,13,17,26,2,08士林區,士林區中山北路6段與中山北路6段405巷口,0,0,2,1,C03,7,6,5,50,3,1,1,5,4,5,13,2,1,1,4,5,2,17,1,19,2,8,6,1,7,5,1,10,1,14,8,1,21,121.5266384,25.1129163
114,02,13,17,45,2,03中山區,中山區松江路74號前,0,0,2,1,C03,8,6,5,50,14,9,1,5,4,5,13,4,4,1,4,5,2,11,2,44,3,10,5,1,7,15,1,10,1,13,80,1,22,121.5328345,25.0494694
114,02,13,17,49,2,03中山區,中山區中山北路2段46巷與台新銀行營業部總行後方無名巷,0,0,2,1,C03,7,5,5,30,4,2,1,5,4,5,13,4,4,10,5,5,2,12,1,24,2,7,6,4,7,7,1,10,1,12,100,1,21,121.5217111,25.0555276
114,02,13,17,56,2,07信義區,信義區基隆路1段126號,0,0,1,1,B01,8,5,5,50,14,9,1,5,4,5,13,4,4,1,4,5,2,17,1,29,4,11,7,4,7,9,3,18,2,5,42,1,21,121.5666507,25.0450146
114,02,13,18,00,2,03中山區,中山區民權東路2段與新生北路3段口,0,0,1,1,B03,7,5,5,50,4,18,1,5,4,5,13,2,1,3,4,4,2,3,1,56,3,10,3,4,7,6,1,8,1,8,70,1,21,121.5278406,25.0628018
114,02,13,18,10,2,12內湖區,內湖區東湖路與安康路口,0,0,1,1,C03,6,5,5,50,4,1,1,4,4,5,13,1,1,5,4,5,1,17,1,41,3,10,6,1,7,5,1,9,1,11,71,1,26,121.616121,25.0682748
114,02,13,18,20,2,11南港區,南港區向陽路與重陽路口,0,0,2,1,C03,7,5,5,50,4,1,1,4,4,5,13,2,1,1,4,5,2,16,2,52,2,9,6,1,7,15,1,10,2,12,100,1,21,121.5944652,25.0548624
114,02,13,18,34,2,04大安區,大安區通化街134號,0,0,1,1,B03,8,5,5,50,14,9,1,5,4,5,13,4,4,4,5,5,2,12,2,44,3,10,7,1,7,9,1,8,1,2,108,1,21,121.5538773,25.0290867
114,02,13,18,46,2,03中山區,中山區北安路809號,0,0,2,1,C03,7,5,5,50,14,9,1,5,4,5,13,4,4,1,4,4,2,13,1,63,2,9,3,4,7,9,1,10,1,11,44,1,21,121.5547515,25.0850292
114,02,13,19,35,2,09北投區,北投區石牌路2段與天母西路口,0,0,2,1,C03,7,5,5,50,4,1,1,5,4,5,13,1,1,5,4,5,2,17,2,55,2,9,3,4,7,9,1,10,1,11,81,1,21,121.5224044,25.1191326
114,02,13,19,40,2,04大安區,大安區大安路1段232號,0,0,2,1,C03,8,5,5,50,14,9,1,5,4,5,13,4,4,9,4,5,2,17,1,20,2,8,3,4,7,11,1,10,1,13,10,1,21,121.545992,25.033699
114,02,13,19,43,2,04大安區,大安區市民大道4段與復興南路1段口,0,0,1,1,B03,8,5,5,40,4,1,1,5,4,5,13,1,1,1,3,5,2,13,1,30,3,10,7,1,7,9,1,8,2,5,16,1,21,121.544136,25.0447654
114,02,13,20,50,2,01大同區,大同區台北橋機慢車道(282560燈桿）,0,0,2,1,C03,7,5,7,50,14,11,1,5,4,5,13,4,4,10,5,5,2,17,1,45,4,11,5,4,7,15,1,10,11,15,114,2,21,121.5063855,25.06383115
114,02,13,20,54,2,12內湖區,內湖區成功路4段234號,0,0,1,1,B03,6,5,5,40,14,8,1,4,4,5,13,4,4,1,4,4,2,17,1,29,3,10,7,1,7,1,1,8,1,17,19,1,21,121.5960575,25.08443541
114,02,13,21,03,2,05中正區,中正區南昌路1段與南昌路1段108巷口,0,0,1,1,B03,7,5,5,50,3,1,1,5,4,5,13,4,4,9,5,5,2,16,1,49,3,10,7,4,7,1,1,8,1,8,19,1,21,121.5179496,25.0302517
114,02,13,21,27,2,05中正區,中正區臨沂街65巷與新生南路1段160巷口,0,0,1,1,B13,8,5,5,30,5,1,1,5,4,5,13,4,4,10,5,5,2,3,1,28,3,10,7,1,7,5,1,8,2,1,70,1,22,121.5301025,25.0346721
114,02,13,21,35,2,04大安區,大安區麗水街與金山南路2段31巷口,0,0,1,1,B02,8,5,5,30,4,1,1,5,4,5,13,4,4,9,4,5,2,15,2,42,3,10,3,4,7,9,1,8,1,4,72,1,21,121.5290173,25.0327273
114,02,13,22,23,2,01大同區,大同區民生西路與萬全街口,0,0,1,1,B03,7,5,5,50,4,2,1,5,4,5,13,1,1,5,2,5,2,17,1,34,3,10,7,1,7,9,1,8,1,8,108,1,21,121.5205413,25.0576467
114,02,13,22,40,2,04大安區,大安區大安路1段75巷與忠孝東路4段77巷口,0,0,2,1,C03,7,5,5,30,4,1,1,5,4,5,13,4,4,10,5,5,2,15,1,39,2,8,5,4,7,9,1,10,9,11,14,1,21,121.5472004,25.0421692
114,02,13,23,18,2,03中山區,中山區市民大道2段與天津街口,0,0,1,1,B03,7,5,5,40,3,2,1,5,4,5,13,4,4,1,4,5,2,12,1,23,3,10,3,4,7,7,1,8,1,6,100,1,21,121.52255,25.0477132
114,02,13,23,21,2,01大同區,大同區鄭州路與環河北路1段口,0,0,1,1,C03,7,5,5,40,4,1,1,5,4,5,13,1,1,3,4,5,1,16,1,57,4,11,3,4,7,9,1,10,11,11,13,2,22,121.5069627,25.0507988
114,02,13,23,36,2,04大安區,大安區辛亥路3段81號,0,0,1,1,B03,7,5,5,50,14,9,1,5,4,5,13,4,4,10,5,5,2,12,1,26,3,10,3,4,7,7,3,18,1,4,100,1,21,121.5463713,25.0197374
114,02,14,01,16,2,02萬華區,萬華區雙園街與西藏路口,0,0,1,1,B03,8,5,5,50,3,2,1,5,4,5,13,3,1,10,5,5,2,17,1,30,3,10,7,4,7,6,1,8,4,8,74,1,21,121.4951315,25.02894309
114,02,14,01,56,2,06松山區,松山區撫遠街389巷與塔悠路口,0,0,2,1,C03,7,5,5,30,4,1,1,5,4,5,13,3,1,1,5,5,2,3,1,49,2,8,6,1,7,6,1,10,2,11,108,1,22,121.567776,25.0652109
114,02,14,06,54,2,11南港區,南港區忠孝東路7段與研究院路1段口,0,0,1,1,C03,7,6,5,50,3,1,1,5,4,5,13,1,1,1,5,5,2,17,1,51,2,9,5,1,7,5,1,10,1,17,16,1,21,121.6162101,25.053155
114,02,14,06,59,2,05中正區,中正區延平南路與延平南路179巷口,0,0,1,1,C03,8,6,5,30,4,1,1,5,4,5,13,1,1,9,4,5,2,17,2,45,3,10,5,1,7,9,1,10,11,17,72,2,21,121.5075323,25.0344058
114,02,14,07,35,2,04大安區,大安區仁愛路4段63號,0,0,2,1,F01,8,6,5,0,14,20,1,5,4,5,13,4,4,10,5,5,2,9,2,14,2,8,4,1,7,9,8,20,9,11,70,1,21,121.5468715,25.0381654
114,02,14,07,46,2,01大同區,大同區鄭州路與西寧北路口,0,0,1,1,C03,7,5,5,50,4,1,1,5,4,5,13,1,1,5,4,5,2,13,2,48,4,11,3,4,7,21,7,19,11,11,16,2,22,121.5081686,25.0504103
114,02,14,07,47,2,10文山區,文山區羅斯福路6段276巷與萬慶街13巷口,0,0,1,1,C03,7,6,5,30,4,1,1,5,4,5,13,4,4,10,5,5,1,15,1,53,2,9,5,1,7,9,1,10,2,14,72,1,21,121.539558,24.9914564
114,02,14,07,49,2,05中正區,中正區汀州路3段與汀州路3段24巷口口,0,0,1,1,B01,8,6,5,50,3,1,1,5,4,5,13,4,4,5,5,5,1,17,1,58,3,10,7,1,7,9,1,4,1,1,44,1,21,121.5282889,25.017712
114,02,14,07,57,2,09北投區,北投區福國路與士科路口口旁,0,0,1,1,B03,8,6,5,50,4,2,1,5,4,5,13,4,4,5,5,5,2,17,1,42,3,10,7,1,7,9,1,8,1,6,108,1,22,121.5148231,25.1011182
114,02,14,08,11,2,12內湖區,內湖區民權東路6段與行愛路口,0,0,1,1,C03,7,7,8,50,4,1,1,5,4,5,13,1,1,3,4,4,2,16,1,18,3,10,5,1,7,9,3,18,1,11,81,1,21,121.5786009,25.0666873
114,02,14,08,15,2,06松山區,松山區塔悠路與基隆路1段口,0,0,1,1,A05,7,6,5,50,5,1,1,5,4,5,13,2,1,9,4,5,2,15,1,60,3,10,7,1,7,9,1,1,2,5,81,1,22,121.5700801,25.051128
114,02,14,08,20,2,03中山區,中山區中山北路1段33巷與天津街口,0,0,1,1,C03,8,7,5,50,4,1,1,5,4,5,13,4,4,9,5,5,2,3,1,22,4,11,3,4,7,9,1,10,11,15,70,2,21,121.5225975,25.0486576
114,02,14,08,22,2,09北投區,北投區西安街1段與西安街1段313巷口,0,0,1,1,B01,8,6,5,50,14,9,1,5,4,5,13,4,4,9,4,5,2,13,1,53,3,10,7,1,7,9,1,8,1,1,16,1,21,121.5162897,25.1130566
114,02,14,08,28,2,06松山區,松山區八德路3段158巷與八德路3段口,0,0,1,1,C03,7,7,5,50,14,9,1,5,4,5,13,4,4,9,4,5,2,13,1,24,2,9,5,1,7,9,1,10,1,11,16,1,25,121.5553098,25.0480214
114,02,14,08,30,2,04大安區,大安區市民大道3段134號,0,0,2,1,C03,7,7,5,40,14,8,1,5,4,5,13,4,4,1,4,4,1,17,2,45,2,9,6,1,7,9,1,10,1,11,16,1,21,121.5349105,25.0447871
114,02,14,08,36,2,03中山區,中山區中山北路2段與民生西路口,0,0,1,1,C03,8,7,5,50,4,1,1,5,4,5,13,2,1,9,4,5,2,17,2,29,2,9,5,1,7,9,1,10,1,11,108,1,21,121.5227657,25.0582145
114,02,14,08,42,2,01大同區,大同區延平北路2段與涼州街口,0,0,2,1,C03,7,6,5,50,4,1,1,5,4,5,13,2,1,4,4,5,2,16,1,46,2,9,3,4,7,5,1,10,1,11,74,1,21,121.5113679,25.0606805
114,02,14,08,54,2,03中山區,中山區中山北路2段與民權西路口,0,0,2,1,C03,8,6,5,50,14,9,1,5,4,5,13,2,1,8,3,5,2,12,2,30,2,8,6,4,7,14,1,10,1,11,113,1,21,121.5224524,25.0630743
114,02,14,09,03,2,06松山區,松山區南京東路5段250巷2弄33號,0,0,2,1,C03,7,7,5,30,14,9,1,5,4,5,13,4,4,10,5,5,2,16,2,46,3,10,6,1,7,5,1,10,1,11,8,1,21,121.5679576,25.0506736
114,02,14,09,15,2,03中山區,中山區復興北路402巷與復興北路口,0,0,2,1,H01,7,7,5,50,3,1,1,5,4,5,13,4,4,9,4,5,2,9,2,49,2,9,4,5,8,16,8,20,1,16,60,1,21,121.5561056,25.0543245
114,02,14,10,20,2,06松山區,松山區復興北路與五常街口,0,0,1,1,B03,8,6,5,50,4,1,1,5,4,5,13,2,1,9,4,5,2,15,1,68,3,10,7,1,7,15,1,8,2,2,71,1,22,121.5443864,25.0643366
114,02,14,10,30,2,04大安區,大安區市民大道3段與安東街口,0,0,2,1,C03,8,5,5,40,14,9,1,5,4,5,13,2,1,1,4,5,2,13,1,51,2,8,3,4,7,9,1,10,1,11,108,1,21,121.5419907,25.0444953
114,02,14,10,52,2,08士林區,士林區中山北路6段270號與中山北路6段口對向往南方向路邊停車格120號處及燈桿173號,0,0,1,1,B03,7,5,5,50,14,9,1,5,4,5,13,4,4,1,4,5,2,16,2,52,3,10,7,1,7,7,1,8,2,2,100,1,21,121.5255588,25.11015234
114,02,14,10,54,2,10文山區,文山區羅斯福路5段與萬盛街口,0,0,1,1,C03,8,6,5,50,4,1,1,5,4,5,13,2,1,1,4,5,2,12,2,49,2,9,6,1,7,9,1,10,1,14,44,1,21,121.5384797,25.0078223
114,02,14,11,00,2,08士林區,士林區延平北路5段與延平北路5段163巷口,0,0,2,1,C03,7,5,5,50,3,1,1,5,4,5,13,1,1,1,4,5,2,16,1,78,2,8,6,1,7,11,1,10,1,12,10,1,21,121.5101959,25.0825859