發生年度,發生月,發生日,發生時-Hours,發生分,處理別-編號,區序,肇事地點,死亡人數,2-30日死亡人數,受傷人數,當事人序號,車種,天候,光線,道路類別,速限-速度限制,道路型態,事故位置,路面狀況1,路面狀況2,路面狀況3,道路障礙1,道路障礙2,號誌1,號誌2,車道劃分-分向,車道劃分-分道1,車道劃分-分道2,車道劃分-分道3,事故類型及型態,性別,年齡,受傷程度,主要傷處,保護裝置,行動電話,車輛用途,當事者行動狀態,駕駛資格情形,駕駛執照種類,飲酒情形,車輛撞擊部位1,肇因碼-個別,個人肇逃否,職業,座標-X,座標-Y
114,02,14,11,24,2,12內湖區,內湖區金湖路363巷25弄與金湖路363巷口,0,0,1,1,C03,7,6,6,30,3,1,1,5,4,5,13,3,1,5,5,5,2,16,2,24,3,10,6,1,7,5,1,10,2,14,72,1,22,121.6015193,25.0732958
114,02,14,11,29,2,09北投區,北投區中山北路7段219巷3弄171號與中山北路7段219巷3弄口,0,0,2,1,B03,7,6,5,30,3,1,1,5,4,5,13,4,4,10,5,5,2,16,2,47,3,10,7,1,7,5,1,8,1,5,72,1,21,121.5309692,25.12839186
114,02,14,11,44,2,12內湖區,內湖區康樂街與康湖路口口,0,0,1,1,C03,7,7,5,50,4,2,1,5,4,5,13,2,1,4,1,5,2,12,2,72,2,8,6,1,7,7,1,10,1,14,95,1,21,121.6229916,25.0779506
114,02,14,11,45,2,11南港區,南港區南港路1段與研究院路1段口,0,0,2,1,C02,8,7,5,50,4,1,1,5,4,5,13,2,1,1,4,5,1,12,1,33,2,9,3,4,7,6,1,9,1,14,99,1,21,121.6165769,25.0550713
114,02,14,11,46,2,10文山區,文山區木柵路3段102巷12號,0,0,1,1,B03,8,6,5,30,14,9,1,5,4,5,13,4,4,10,5,5,2,16,2,60,3,10,7,1,7,1,1,8,1,8,19,1,21,121.5676979,24.9876805
114,02,14,12,20,2,04大安區,大安區建國南路1段(往北)億光大樓停車場前,0,0,1,1,A12,8,5,5,40,14,8,1,5,4,5,13,2,1,1,4,5,2,17,1,47,3,10,3,4,7,6,1,1,1,5,9,1,21,121.5381866,25.0356599
114,02,14,12,45,2,03中山區,中山區新生北路3段76號與新生高架道口迴轉道,0,0,1,1,B02,7,7,5,30,4,1,1,5,4,5,13,2,1,2,4,5,2,17,1,45,3,10,3,4,7,5,1,8,1,8,8,1,21,121.5276801,25.06693641
114,02,14,13,08,2,02萬華區,萬華區東園街28巷25號,0,0,1,1,C03,7,6,5,30,3,2,1,5,4,5,13,4,4,10,5,5,2,14,1,49,3,10,6,1,7,2,6,18,1,13,12,1,22,121.494945,25.0265316
114,02,14,13,08,2,03中山區,中山區市民大道2段與中山北路1段口,0,0,1,1,C03,8,7,5,40,4,2,1,5,4,5,13,1,1,1,4,5,2,9,1,18,3,10,5,1,7,9,1,10,1,11,44,1,21,121.5209651,25.0481452
114,02,14,13,10,2,12內湖區,內湖區安康路與康寧路3段口,0,0,2,1,B03,7,6,5,50,3,1,1,5,4,5,13,2,1,9,4,5,2,16,1,36,2,7,7,1,7,5,1,8,2,4,83,1,21,121.611227,25.0646223
114,02,14,13,12,2,04大安區,大安區仁愛路4段與光復南路口,0,0,1,1,A02,7,5,5,50,4,2,1,5,4,5,13,2,1,1,4,1,1,16,1,44,3,10,7,1,7,6,1,2,1,2,9,1,21,121.5573996,25.0377615
114,02,14,13,19,2,02萬華區,萬華區萬大路100號,0,0,1,1,A02,7,6,5,50,14,9,1,5,4,5,13,4,4,1,4,5,2,12,1,59,3,10,3,4,7,9,1,2,1,2,108,1,21,121.5004906,25.0301208
114,02,14,13,30,2,08士林區,士林區承德路5段與士商路口,0,0,1,1,B03,7,5,5,40,4,2,1,5,4,5,13,2,1,1,4,4,2,16,2,28,3,10,2,1,7,6,1,8,1,6,9,1,21,121.5145241,25.09622832
114,02,14,13,40,2,03中山區,中山區中山北路2段183號,0,0,2,1,B12,8,6,5,50,14,9,1,5,4,5,13,4,4,3,4,5,2,13,1,57,3,10,3,4,7,9,1,4,1,1,16,1,21,121.5231886,25.0631613
114,02,14,13,40,2,03中山區,中山區新生北路2段與南京東路1段口,0,0,1,1,B03,8,6,6,50,4,1,1,5,4,5,13,1,1,1,4,5,2,16,1,41,3,10,3,4,7,6,1,8,1,5,9,1,21,121.5275053,25.0522893
114,02,14,14,06,2,07信義區,信義區信安街49號,0,0,1,1,B03,7,6,5,50,14,9,1,5,4,5,13,4,4,9,4,4,2,16,2,49,3,10,7,1,7,6,1,8,1,2,9,1,21,121.5588036,25.0259921
114,02,14,14,20,2,08士林區,士林區重慶北路4段與延平北路5段136巷口,0,0,1,1,B02,7,6,5,40,3,1,1,5,4,5,13,4,4,1,4,4,2,17,2,32,3,10,3,4,7,6,1,8,1,2,9,1,21,121.5122953,25.0824087
114,02,14,15,04,2,03中山區,中山區明水路與明水路397巷口,0,0,1,1,C03,8,6,5,50,14,9,1,5,4,5,13,1,1,8,3,5,2,13,1,34,3,10,6,4,7,9,1,10,1,11,108,1,21,121.547576,25.0773366
114,02,14,15,10,2,08士林區,士林區德行西路與磺溪街口,0,0,1,1,C03,7,5,5,50,3,1,1,5,4,5,13,1,1,5,5,5,2,17,1,77,3,10,5,1,7,6,1,10,1,14,17,1,22,121.5229234,25.1055526
114,02,14,15,15,2,08士林區,士林區承德路5段與士商路口,0,0,1,1,B03,7,6,5,60,4,2,1,5,4,5,13,2,1,3,4,4,2,17,2,64,3,10,3,4,7,6,1,8,1,4,9,1,21,121.5140568,25.0961936
114,02,14,15,18,2,11南港區,南港區東新街77巷15弄與東新街89巷口,0,0,1,1,B03,7,6,5,30,4,1,1,5,4,5,13,4,4,10,5,5,2,16,1,54,3,10,7,1,7,5,1,8,1,8,74,1,21,121.5888229,25.0473597
114,02,14,15,53,2,09北投區,北投區登山路第073號燈桿前,0,0,1,1,C03,7,6,5,50,11,9,5,5,4,5,13,4,4,10,5,5,1,18,1,18,2,9,5,1,7,5,1,10,2,14,108,1,21,121.472203,25.07651196
114,02,14,15,57,2,01大同區,大同區忠孝橋機慢車道,0,0,4,1,C03,8,6,5,40,14,11,1,5,4,5,13,4,4,10,5,5,1,13,1,25,2,8,6,1,7,9,1,10,2,11,16,1,21,121.505397,25.0495813
114,02,14,16,05,2,08士林區,士林區中正路與志成街口,0,0,1,1,B03,7,5,5,50,3,2,1,5,4,5,13,1,1,3,4,4,2,17,1,78,3,10,7,1,7,5,1,8,2,1,8,1,22,121.5303198,25.0962857
114,02,14,16,10,2,12內湖區,內湖區康寧路3段與安康路口,0,0,1,1,A11,7,6,5,50,4,1,1,5,4,5,13,2,1,5,4,5,2,17,1,64,3,10,7,1,7,6,1,1,2,2,9,1,21,121.6108435,25.0649087
114,02,14,16,31,2,04大安區,大安區辛亥路2段與復興南路2段口,0,0,1,1,B02,7,6,5,50,3,1,1,5,4,5,13,2,1,1,4,1,2,12,1,65,3,10,3,4,7,10,1,8,1,5,100,1,22,121.5436775,25.0210514
114,02,14,16,50,2,12內湖區,內湖區民權大橋附近側附近,0,0,1,1,C03,7,7,5,30,8,11,1,5,4,5,13,4,4,4,2,4,2,17,2,56,4,11,3,4,7,9,1,10,11,11,16,2,22,121.5695405,25.0640254
114,02,14,17,12,2,02萬華區,萬華區堤外便道機車專用道往南3014346燈桿,0,0,2,1,C03,7,5,5,40,14,11,1,5,4,5,13,4,4,1,4,5,2,12,1,27,2,9,6,1,7,9,1,10,1,11,16,1,21,121.5085611,25.0514426
114,02,14,17,18,2,03中山區,中山區撫順街26號,0,0,1,1,C03,7,5,5,50,14,9,1,5,4,5,13,4,4,9,4,5,2,3,1,57,3,10,5,4,7,9,1,10,1,11,108,1,21,121.5198626,25.0633753
114,02,14,17,30,2,04大安區,大安區樂利路與樂利路101巷口,0,0,1,1,B03,8,7,5,40,3,1,1,5,4,5,13,4,4,5,4,5,2,12,1,38,3,10,7,1,7,5,1,8,1,8,8,1,21,121.5522077,25.0252395
114,02,14,17,47,2,04大安區,大安區仁愛路3段與建國南路1段口,0,0,1,1,B03,7,6,5,50,4,2,1,5,4,5,13,2,1,1,4,1,2,17,1,74,3,10,3,4,7,6,1,8,1,4,118,1,22,121.5375883,25.0380502
114,02,14,18,12,2,03中山區,中山區北安路484號對面,0,0,1,1,B01,7,5,5,50,14,9,1,5,4,5,13,4,4,3,4,5,2,17,1,60,3,10,7,1,7,8,1,4,1,2,100,1,21,121.545367,25.0798476
114,02,14,18,42,2,03中山區,中山區明水路661號,0,0,2,1,B03,7,5,5,50,14,9,1,5,4,5,13,4,4,9,4,5,2,16,1,57,3,10,7,1,7,5,1,8,1,1,8,1,21,121.5505837,25.0838489
114,02,14,18,50,2,04大安區,大安區樂業街65巷與樂業街口,0,0,1,1,C03,7,5,5,50,4,1,1,5,4,5,13,4,4,8,3,5,1,3,2,42,3,10,5,1,7,9,1,10,1,11,70,1,21,121.5507034,25.0220327
114,02,14,19,08,2,05中正區,中正區貴陽街1段243號,0,0,1,1,B03,8,5,5,50,14,9,1,5,4,5,13,4,4,5,4,5,2,12,1,30,3,10,7,1,7,7,1,8,2,4,100,1,22,121.5078834,25.03917277
114,02,14,19,10,2,05中正區,中正區羅斯福路3段與師大路口,0,0,1,1,C03,7,5,5,50,4,2,1,5,4,5,13,1,1,1,4,5,2,12,1,18,2,8,6,1,7,7,1,10,1,14,100,1,22,121.5273888,25.0212808
114,02,14,19,28,2,12內湖區,內湖區金龍路與金龍路222巷口,0,0,1,1,C03,7,5,5,50,4,1,1,5,4,5,13,4,4,5,4,5,2,16,2,35,3,10,5,1,7,5,1,10,1,11,74,1,21,121.586935,25.0881945
114,02,14,19,31,2,06松山區,松山區三民路與富錦街口,0,0,1,1,B03,7,5,5,50,4,1,1,5,4,5,13,2,1,9,4,5,2,17,2,42,3,10,7,1,7,6,1,8,1,7,9,1,22,121.5633606,25.0609374
114,02,14,19,53,2,02萬華區,萬華區康定路與桂林路口,0,0,1,1,C03,7,5,5,50,4,1,1,5,4,5,13,2,1,5,4,5,2,3,1,113,4,11,3,1,7,5,7,19,11,15,70,1,21,121.5019063,25.03838242
114,02,14,20,03,2,03中山區,中山區復興北路與民生東路3段口,0,0,3,1,C03,7,5,5,50,4,1,1,5,4,5,13,1,1,1,4,5,2,13,1,21,2,9,6,1,7,9,1,10,1,11,16,1,21,121.5440732,25.05806357
114,02,14,20,03,2,03中山區,中山區林森北路275號,0,0,1,1,C03,7,5,5,50,14,9,1,5,4,5,13,4,4,5,5,5,2,13,1,44,2,8,3,4,7,9,1,10,1,11,16,1,22,121.5254853,25.05528836
114,02,14,20,58,2,04大安區,大安區忠孝東路3段81號,0,0,1,1,B03,8,5,5,50,14,9,1,5,4,5,13,4,4,1,3,5,2,17,1,44,3,10,7,1,7,7,1,8,2,4,100,1,21,121.538534,25.0417429
114,02,14,21,52,2,04大安區,大安區基隆路4段41巷68弄8號,0,0,1,1,C04,7,5,5,30,14,9,1,5,4,5,13,4,4,9,4,5,2,16,1,28,3,10,6,1,7,5,1,10,1,13,8,1,21,121.5414527,25.0116116
114,02,14,22,00,2,01大同區,大同區延平北路3段與迪化街2段149巷口,0,0,1,1,C03,7,5,5,50,4,2,1,5,4,5,13,1,1,5,2,5,2,17,1,48,3,10,5,1,7,5,1,10,1,13,8,1,21,121.5109425,25.06722785
114,02,14,22,04,2,12內湖區,內湖區瑞光路583巷與基湖路3巷口,0,0,2,1,C03,7,5,5,50,4,1,1,5,4,5,13,3,1,5,5,5,2,15,1,48,2,2,5,1,7,9,1,10,1,11,72,1,21,121.567871,25.0803456
114,02,14,22,07,2,10文山區,文山區萬利街2巷與萬樂街口口,0,0,1,1,B03,8,5,5,30,3,1,1,5,4,5,13,4,4,10,5,5,1,16,1,64,3,10,7,4,7,5,1,8,2,4,72,1,21,121.5683156,24.9994802
114,02,14,22,50,2,01大同區,大同區延平北路4段與酒泉街口,0,0,1,1,B03,8,5,5,50,4,1,1,5,4,5,13,2,1,8,3,5,2,3,1,21,3,10,7,1,7,5,1,8,1,1,70,1,21,121.5112315,25.072098
114,02,14,22,50,2,07信義區,信義區信義路5段100號,0,0,1,1,B12,7,5,6,50,14,9,1,5,4,5,13,4,4,9,4,5,2,16,1,21,3,10,3,4,7,11,1,8,2,8,10,1,21,121.5653907,25.0324106
114,02,14,23,35,2,10文山區,文山區萬美街2段與萬美街2段21巷口,0,0,1,1,C04,7,5,5,40,3,2,1,5,4,5,13,1,1,5,5,5,1,20,1,24,2,9,5,1,7,9,1,10,1,11,116,1,22,121.5615439,25.0022477
114,02,15,00,08,2,04大安區,大安區復興南路2段與瑞安街23巷口,0,0,1,1,C02,7,5,5,50,4,1,1,5,4,5,13,2,1,1,4,5,2,17,1,19,3,10,3,4,7,5,7,19,1,11,71,1,22,121.543625,25.0310737
114,02,15,04,33,2,06松山區,松山區八德路4段72巷與八德路4段72巷12弄口,0,0,1,1,B03,7,5,5,30,4,1,1,5,4,5,13,4,4,10,5,5,2,15,1,32,3,10,7,1,7,9,1,8,1,2,72,1,22,121.5602543,25.04697686
114,02,15,05,10,2,11南港區,南港區舊莊街1段100號,0,0,1,1,B03,7,5,5,50,14,9,1,5,4,5,13,2,1,5,2,5,2,12,1,40,2,8,3,4,7,9,3,18,2,1,107,1,26,121.6195334,25.040495
114,02,15,05,53,2,01大同區,大同區延平北路1段與鄭州路口,0,0,1,1,C03,8,6,5,40,4,2,1,5,4,5,13,2,1,9,4,5,2,17,2,64,2,9,6,4,7,9,1,10,1,11,81,1,22,121.5119061,25.0497754
114,02,15,06,27,2,08士林區,士林區承德橋南往北,0,0,2,1,C03,8,6,5,50,8,9,1,5,4,5,13,4,4,3,4,5,1,13,1,29,2,9,6,1,7,9,1,10,2,11,108,1,21,121.5213583,25.0784336
114,02,15,06,54,2,04大安區,大安區建國南路2段27號與無名巷口,0,0,1,1,F01,8,7,5,50,3,1,1,5,4,5,13,3,1,1,4,5,2,17,2,72,2,9,4,1,7,9,8,20,1,11,108,1,21,121.538015,25.0323484
114,02,15,07,34,2,11南港區,南港區研究院路2段與福山街口,0,0,1,1,C03,8,6,5,50,5,2,1,5,4,5,13,2,1,1,4,5,2,15,2,22,2,9,6,1,7,9,1,10,1,14,81,1,21,121.616489,25.0454596
114,02,15,08,07,2,11南港區,南港區研究院路2段1號,0,0,1,1,B03,8,6,5,50,14,9,1,5,4,5,13,4,4,1,4,5,2,12,1,45,3,10,3,4,7,7,1,8,1,4,100,1,22,121.6159107,25.0485585
114,02,15,08,20,2,05中正區,中正區和平西路2段與莒光路口,0,0,1,1,C03,8,7,5,50,3,1,1,5,4,5,13,1,1,1,2,5,2,16,2,55,2,9,6,1,7,5,1,10,1,11,8,1,22,121.5078439,25.0313433
114,02,15,08,43,1,03中山區,中山區松江路與民族東路口,1,0,0,1,A31,8,6,5,50,4,1,1,5,4,5,13,2,1,1,4,5,2,16,1,62,3,10,7,4,7,6,1,1,2,2,9,1,21,121.5329737,25.0683272
114,02,15,09,00,2,04大安區,大安區新生南路2段與新生南路2段46巷口口,0,0,1,1,B03,8,7,5,40,3,2,1,5,4,5,13,4,4,1,1,5,1,17,1,65,3,10,7,1,7,2,1,8,2,3,12,1,21,121.533937,25.0292993
114,02,15,09,09,2,08士林區,士林區中山北路6段與中山北路6段450巷口,0,0,1,1,B02,8,5,5,50,5,2,1,5,4,5,13,1,1,1,4,5,2,16,1,59,3,10,7,1,7,11,1,8,1,4,10,1,21,121.5273689,25.1143304
114,02,15,09,26,2,04大安區,大安區信義路3段與建國南路2段口,0,0,1,1,C03,8,7,5,50,4,1,1,5,4,5,13,2,1,1,4,5,2,13,1,56,2,9,6,1,7,9,1,10,1,11,108,1,21,121.5380162,25.0332727
114,02,15,09,27,2,02萬華區,萬華區西藏路與西園路2段口,0,0,1,1,C03,8,7,5,50,4,1,1,5,4,5,13,1,1,1,4,5,2,17,2,23,2,9,6,1,7,5,1,10,1,14,8,1,21,121.4957703,25.0287461
114,02,15,09,40,2,12內湖區,內湖區成功路5段與大湖山莊街口口,0,0,1,1,B03,8,5,5,40,3,1,1,5,4,5,13,4,4,1,4,4,2,16,1,45,3,10,7,1,7,6,1,8,1,6,9,1,21,121.602018,25.0840736
114,02,15,10,19,2,10文山區,文山區木柵路4段與萬芳路口,0,0,1,1,C03,8,5,5,50,4,2,1,5,4,5,13,2,1,5,4,5,2,13,1,58,2,9,6,1,7,9,1,10,2,11,108,1,21,121.5717504,24.99487514
114,02,15,10,27,2,05中正區,中正區重慶南路2段7巷與南昌路1段口口,0,0,1,1,B03,8,6,5,50,4,1,1,5,4,5,13,4,4,5,4,5,2,15,1,36,3,10,3,4,7,9,1,8,1,1,72,1,21,121.5148905,25.0342752
114,02,15,10,40,2,05中正區,中正區博愛路與貴陽街1段口,0,0,2,1,C03,8,6,5,50,4,1,1,5,4,5,13,1,1,10,4,5,2,16,1,52,2,9,6,4,7,6,1,10,1,12,9,1,22,121.5114256,25.03907025
114,02,15,11,22,2,09北投區,北投區中央北路4段與中央北路4段515巷口,0,0,2,1,C03,8,6,5,50,14,9,1,5,4,5,13,1,1,9,4,5,2,16,2,70,2,7,5,1,7,5,1,10,1,11,80,1,21,121.468394,25.1281547
114,02,15,11,40,2,07信義區,信義區吳興街156巷33弄與吳興街156巷口,0,0,1,1,C03,8,6,5,30,3,2,1,5,4,5,13,4,4,5,5,5,2,16,2,64,2,9,5,1,7,6,1,10,2,14,74,1,22,121.5605995,25.0284035
114,02,15,12,11,2,07信義區,信義區吳興街220巷11弄14號,0,0,1,1,C04,8,7,5,30,14,9,1,5,4,5,13,4,4,10,5,5,2,12,1,72,2,6,6,1,7,9,1,8,1,12,17,1,21,121.5623465,25.0278875
114,02,15,12,20,2,02萬華區,萬華區西園路2段與寶興街口,0,0,1,1,B03,8,5,5,50,4,1,1,5,4,5,13,2,1,1,4,5,2,16,1,25,3,10,3,4,7,6,1,8,1,2,9,1,22,121.4937584,25.0268022
114,02,15,12,25,2,05中正區,中正區徐州路2-2號,0,0,1,1,C03,8,6,5,50,14,9,1,5,4,5,13,4,4,9,4,4,2,13,1,33,2,9,6,1,7,9,1,10,1,11,108,1,22,121.5212486,25.0412251
114,02,15,12,43,2,01大同區,大同區民權西路與延平北路3段口,0,0,2,1,F02,8,6,5,50,4,2,1,5,4,5,13,2,1,8,3,5,1,16,1,13,2,9,4,1,7,5,8,20,2,14,8,1,21,121.511096,25.0630046
114,02,15,12,48,2,04大安區,大安區金山南路2段228號,0,0,1,1,B02,8,6,5,50,14,9,1,5,4,5,13,4,4,1,4,5,2,16,1,52,3,10,7,1,7,6,1,8,1,2,9,1,22,121.5259277,25.0273859
114,02,15,13,21,2,08士林區,士林區中正路與志成街口,0,0,1,1,C03,8,6,5,50,4,2,1,5,4,5,13,3,1,10,4,5,1,17,1,24,2,8,6,1,7,11,1,10,1,12,10,1,21,121.530255,25.0962223
114,02,15,13,24,2,02萬華區,萬華區環河南路1段與康定路口,0,0,2,1,C03,8,7,5,50,3,1,1,5,4,5,13,2,1,9,4,5,2,16,1,77,2,9,3,4,7,5,6,18,1,11,71,1,22,121.5032579,25.0461625
114,02,15,13,35,2,03中山區,中山區長安東路2段與松江路口,0,0,2,1,B03,8,6,5,50,4,1,1,5,4,5,13,1,1,1,4,5,2,16,1,73,3,10,7,1,7,6,1,8,2,5,9,1,22,121.5328283,25.0485566
114,02,15,14,14,2,10文山區,文山區指南路2段與指南路2段197巷口,0,0,1,1,B03,7,6,5,40,3,1,1,5,4,5,13,3,1,10,5,5,2,16,1,25,3,10,7,1,7,5,1,8,2,5,72,1,21,121.5782778,24.9871474
114,02,15,14,30,2,10文山區,文山區木新路3段95巷7弄與木新路3段95巷口,0,0,2,1,C03,8,5,5,30,4,1,1,5,4,5,13,4,4,10,5,5,1,17,2,31,2,9,5,1,7,9,1,10,1,12,72,1,21,121.5630658,24.9814709
114,02,15,15,05,2,03中山區,中山區北安路與自強隧道(外)口,0,0,3,1,C03,8,7,5,50,11,9,1,5,4,5,13,1,1,8,3,5,2,12,1,20,2,9,6,4,7,9,1,10,2,11,108,1,21,121.5503802,25.0848051
114,02,15,15,50,2,05中正區,中正區杭州南路1段23-4號,0,0,1,1,C03,8,6,5,50,14,9,1,5,4,5,13,4,4,10,4,5,2,16,1,24,2,9,5,1,7,7,1,10,2,14,100,1,22,121.5262345,25.0419705
114,02,15,16,05,2,08士林區,士林區中正路與志成街口,0,0,1,1,B03,7,6,5,50,3,1,1,5,4,5,13,1,1,3,4,4,2,17,1,36,3,10,7,1,7,11,1,8,2,5,10,1,22,121.5299975,25.0962288
114,02,15,16,09,2,12內湖區,內湖區南京東路6段與新明路380巷口口,0,0,1,1,B03,8,5,5,30,3,1,1,5,4,5,13,4,4,10,5,5,2,3,1,65,4,11,7,1,7,15,1,8,11,15,118,2,21,121.5800028,25.0559113
114,02,15,16,30,2,06松山區,松山區復興北路479巷與無名巷口,0,0,1,1,F01,8,6,5,30,4,1,1,5,4,5,13,4,4,10,5,5,2,16,2,66,2,9,4,1,7,7,8,20,1,11,5,1,22,121.5446519,25.06481389
114,02,15,16,45,2,02萬華區,萬華區柳州街與桂林路口,0,0,2,1,B01,7,6,5,50,4,2,1,5,4,5,13,2,1,5,4,4,1,17,1,69,3,10,3,4,7,9,1,8,1,8,108,1,22,121.5051771,25.0377682
114,02,15,17,09,2,07信義區,信義區忠孝東路5段71巷11弄18號,0,0,1,1,B03,8,6,5,30,14,9,1,5,4,5,13,4,4,10,5,5,2,2,1,41,3,10,3,4,7,9,1,8,9,2,108,1,21,121.5678684,25.04191525
114,02,15,17,48,2,06松山區,松山區八德路4段580號,0,0,1,1,B03,7,5,5,50,14,9,1,5,4,5,13,4,4,8,3,5,2,17,1,48,3,10,7,1,7,7,1,8,1,4,100,1,22,121.5717159,25.0498709
114,02,15,17,51,2,04大安區,大安區和平東路1段與羅斯福路2段口,0,0,1,1,C03,8,5,5,50,4,4,1,5,4,5,13,2,1,1,4,5,2,12,1,73,4,11,6,1,7,15,1,10,9,15,114,2,21,121.5233298,25.0270914
114,02,15,18,08,2,12內湖區,內湖區環山路3段與內湖路2段103巷口,0,0,1,1,B03,8,5,5,50,3,1,1,5,4,5,13,2,1,9,4,5,2,16,1,67,3,10,7,1,7,5,1,8,2,2,71,1,21,121.5812501,25.0848031
114,02,15,18,10,2,06松山區,松山區民權東路3段與敦化北路口,0,0,1,1,A02,8,5,5,50,4,1,1,5,4,5,13,1,1,1,4,5,2,12,1,29,3,10,7,1,7,9,1,2,2,2,13,1,22,121.5503743,25.0615315
114,02,15,18,11,2,08士林區,堤外與通河東街1段引道口,0,0,1,1,B03,8,5,5,30,3,1,1,5,4,5,13,4,4,10,5,5,2,16,1,41,3,10,7,1,7,5,3,18,1,8,8,1,26,121.5154312,25.0868179
114,02,15,18,33,2,01大同區,大同區民生西路239號,0,0,3,1,C03,7,5,5,50,14,9,1,5,4,5,13,4,4,5,5,5,2,13,1,22,2,8,6,1,7,9,1,10,1,11,108,1,21,121.5153268,25.057082
114,02,15,19,03,2,02萬華區,萬華區長順街底右轉堤外便道南向北,0,0,2,1,C03,8,5,5,40,14,7,1,5,4,5,13,4,4,10,5,5,2,10,1,63,2,7,6,1,7,15,1,10,1,12,102,1,22,121.4886384,25.032753
114,02,15,19,40,2,07信義區,信義區忠孝東路4段與逸仙路口,0,0,1,1,,7,5,8,50,3,1,1,5,4,5,13,1,1,3,4,5,2,17,4,0,,,,,,,,,,,119,2,,121.5617646,25.0413283
114,02,15,19,51,2,09北投區,北投區中和街與中和街57巷口,0,0,1,1,C03,7,5,5,50,3,1,1,5,4,5,13,4,4,9,5,5,2,17,1,56,2,9,6,1,7,9,1,10,9,14,118,1,21,121.502151,25.138661
114,02,15,21,35,2,12內湖區,內湖區洲子街與內湖路1段518巷口,0,0,2,1,C03,7,5,5,50,4,1,1,5,4,5,13,1,1,4,1,5,1,16,1,22,2,8,3,4,7,5,1,10,1,11,74,1,21,121.5735256,25.0791325
114,02,15,21,36,2,09北投區,北投區中央北路2段與稻香路口,0,0,1,1,C03,8,5,5,50,5,1,1,5,4,5,13,1,1,4,4,5,2,16,1,49,3,10,6,1,7,6,1,10,1,11,82,1,21,121.4914484,25.1385524
114,02,15,22,01,2,05中正區,中正區南昌路1段10巷與南昌路1段口,0,0,2,1,C03,8,5,5,30,3,1,1,5,4,5,13,4,4,5,2,5,2,17,1,25,2,9,5,1,7,5,1,10,2,14,8,1,21,121.5157096,25.0332527
114,02,15,22,05,2,03中山區,中山區民權西路53號,0,0,1,1,B03,7,5,5,50,14,9,1,5,4,5,13,4,4,3,4,5,2,12,1,29,3,10,7,1,7,9,1,8,1,2,108,1,21,121.5207147,25.0629065
114,02,15,22,51,2,08士林區,士林區基河路240巷與基河路口,0,0,2,1,B03,7,6,5,50,4,2,1,5,4,5,13,1,1,9,4,5,1,16,1,23,3,10,3,4,7,5,1,8,1,1,71,1,21,121.5214862,25.091324
114,02,15,23,00,2,07信義區,信義區松智路與松智路9巷口,0,0,1,1,C03,8,5,5,50,3,1,1,5,4,5,13,4,4,9,4,5,2,17,1,28,3,10,6,1,7,9,1,10,1,17,13,1,22,121.5655956,25.0378601
114,02,15,23,19,2,07信義區,信義區林口街與松山路615巷口,0,0,1,1,B03,7,5,5,40,4,1,1,5,4,5,13,4,4,9,4,4,2,16,1,46,3,10,3,4,7,6,1,8,2,2,9,1,21,121.57916,25.0368922
114,02,15,23,30,2,07信義區,信義區基隆路1段102巷(第14號停車格前),0,0,1,1,B03,8,5,5,50,14,9,1,5,4,5,13,4,4,9,5,5,2,17,2,75,3,10,3,4,7,2,1,8,9,3,12,1,21,121.5670364,25.03289145
114,02,16,00,05,2,01大同區,大同區民生西路88號,0,0,2,1,C03,7,5,5,50,14,9,1,5,4,5,13,4,4,5,2,5,2,17,1,59,3,10,5,1,7,9,1,10,1,13,44,1,21,121.5200983,25.05759194
114,02,16,01,30,2,09北投區,北投區中和街447號,0,0,1,1,C03,8,5,5,50,14,9,1,5,4,5,13,4,4,8,3,5,2,17,2,14,2,1,6,1,7,9,2,18,1,11,42,1,21,121.497464,25.1445175
114,02,16,01,47,2,03中山區,中山區中山北路3段花博公園彩虹橋下,0,0,1,1,F01,8,5,5,50,14,9,1,5,4,5,13,1,1,1,5,5,2,18,1,54,2,1,2,4,7,9,8,20,9,11,116,1,21,121.5233078,25.0706926
114,02,16,03,30,2,02萬華區,萬華區環河南路1段與康定路口,0,0,1,1,B02,8,5,5,50,5,1,1,5,4,5,13,3,1,5,5,5,2,16,1,32,3,10,7,1,7,5,6,4,2,5,71,1,26,121.5032411,25.04619834
114,02,16,03,37,2,04大安區,大安區辛亥路2段121號對面,0,0,1,1,C04,7,5,5,50,14,9,1,5,4,5,13,4,4,9,4,4,1,13,1,43,2,4,3,4,7,9,1,10,7,11,108,1,22,121.5405879,25.0210924
114,02,16,03,51,2,01大同區,大同區歸綏街與萬全街103巷口,0,0,2,1,C03,8,5,5,30,4,1,1,5,4,5,13,4,4,10,5,5,2,15,2,30,2,5,5,1,7,9,1,10,1,15,72,1,21,121.5162162,25.0587106
114,02,16,07,25,2,06松山區,松山區市民大道4段與八德路3段158巷口,0,0,2,1,C03,8,6,5,30,3,2,1,5,4,5,13,4,4,1,4,5,2,15,1,41,2,9,6,4,7,6,1,10,2,14,72,1,21,121.5554051,25.04477597
114,02,16,08,40,2,10文山區,文山區和平東路4段與和平東路4段155巷口口,0,0,1,1,C04,8,6,5,40,14,9,1,5,4,5,13,4,4,5,5,5,1,18,2,55,2,9,5,1,7,9,1,11,9,14,116,1,21,121.56956,25.0048742