發生年度,發生月,發生日,發生時-Hours,發生分,處理別-編號,區序,肇事地點,死亡人數,2-30日死亡人數,受傷人數,當事人序號,車種,天候,光線,道路類別,速限-速度限制,道路型態,事故位置,路面狀況1,路面狀況2,路面狀況3,道路障礙1,道路障礙2,號誌1,號誌2,車道劃分-分向,車道劃分-分道1,車道劃分-分道2,車道劃分-分道3,事故類型及型態,性別,年齡,受傷程度,主要傷處,保護裝置,行動電話,車輛用途,當事者行動狀態,駕駛資格情形,駕駛執照種類,飲酒情形,車輛撞擊部位1,肇因碼-個別,個人肇逃否,職業,座標-X,座標-Y
114,02,16,10,55,2,10文山區,文山區木柵路1段與辛亥路6段口,0,0,2,1,C03,7,6,5,50,4,1,1,5,4,5,13,1,1,10,5,5,2,17,1,20,2,9,3,4,7,5,1,10,1,11,74,1,22,121.5523975,24.9878649
114,02,16,13,03,2,10文山區,文山區木新路2段與指南路1段口,0,0,1,1,B03,7,6,5,50,3,1,1,5,4,5,13,1,1,10,5,5,2,13,1,20,3,10,7,1,7,5,1,8,2,8,16,1,21,121.5706837,24.98772
114,02,16,13,19,2,02萬華區,萬華區寶興街與西園路2段口,0,0,2,1,C03,7,7,5,50,4,1,1,5,4,5,13,2,1,9,5,5,2,16,2,67,2,9,3,4,7,5,3,18,1,11,71,1,22,121.4937883,25.0267984
114,02,16,16,48,2,04大安區,大安區信義路4段294巷與文昌街口,0,0,1,1,C03,8,6,5,50,14,9,1,5,4,5,13,4,4,8,3,5,2,12,2,51,2,9,6,1,7,8,1,10,1,11,100,1,21,121.5542883,25.0325866
114,02,16,17,45,2,09北投區,北投區大業路與承德路7段口,0,0,2,1,C03,7,7,5,50,5,2,1,5,4,5,13,2,1,1,4,5,2,16,1,36,2,9,3,4,7,5,1,10,1,14,8,1,22,121.4995778,25.1212224
114,02,16,18,11,2,05中正區,中正區泰安街與泰安街3巷口,0,0,1,1,B03,8,5,5,30,4,2,1,5,4,5,13,4,4,10,5,5,2,17,1,47,3,10,7,1,7,5,1,8,2,17,72,1,26,121.5280539,25.040017
114,02,16,18,25,2,03中山區,中山區建國北路1段與八德路2段口,0,0,1,1,B03,7,5,5,50,4,1,1,5,4,5,13,1,1,9,4,5,2,16,1,33,3,10,7,1,7,6,1,8,1,2,9,1,21,121.5368349,25.04679163
114,02,16,18,50,2,06松山區,松山區塔悠路與八德路4段口,0,0,2,1,C03,7,5,5,50,5,1,1,5,4,5,13,1,1,1,3,5,2,16,1,21,2,9,6,1,7,11,1,10,1,13,10,1,25,121.5721947,25.0500762
114,02,16,21,17,2,08士林區,士林區重慶北路4段49巷與重慶北路4段49巷40弄口,0,0,1,1,C03,7,5,5,30,4,1,1,5,4,5,13,4,4,10,5,5,2,17,2,76,2,9,6,1,7,9,1,10,1,11,75,1,21,121.5116963,25.08099081
114,02,16,23,03,2,02萬華區,萬華區康定路與成都路口,0,0,1,1,B03,8,5,5,50,4,1,1,5,4,5,13,2,1,5,4,4,2,17,1,55,3,10,7,1,7,5,1,8,2,2,71,1,21,121.5025858,25.0435639
114,02,16,23,30,2,08士林區,士林區通河西街1段與堤外便道口槌球場停車場旁,0,0,2,1,C03,8,5,5,50,3,1,1,5,4,5,13,4,4,9,4,5,2,16,1,44,2,9,5,1,7,5,6,10,2,13,13,1,21,121.5126501,25.0859146
114,02,17,07,11,2,09北投區,北投區復興三路(電線桿復三幹90旁),0,0,1,1,C03,7,7,5,30,11,9,1,5,4,5,13,4,4,10,5,5,2,17,1,54,2,9,5,1,7,9,1,10,2,14,5,1,21,121.4975439,25.16161077
114,02,17,07,15,2,11南港區,南港區市民大道7段與向陽路口,0,0,2,1,C03,7,6,6,50,4,1,1,5,4,5,13,2,1,1,3,5,2,13,1,48,2,9,3,4,7,9,1,10,1,11,16,1,21,121.5953278,25.0514082
114,02,17,07,20,2,02萬華區,萬華區西園路1段與桂林路口,0,0,2,1,C03,8,7,5,40,4,2,1,5,4,5,13,2,1,9,4,4,2,17,2,21,2,8,5,1,7,12,1,10,1,14,44,1,21,121.4996187,25.0384376
114,02,17,07,25,2,09北投區,北投區石牌路1段58巷24號附近側附近,0,0,1,1,B03,7,7,5,30,14,9,1,5,4,5,13,4,4,10,5,5,2,2,1,66,3,10,7,1,7,9,1,8,1,5,42,1,22,121.5117818,25.112715
114,02,17,07,31,2,03中山區,中山區中山北路1段與南京東路1段口,0,0,2,1,,7,5,5,50,4,1,1,5,4,5,13,1,1,5,4,5,2,17,4,0,4,11,3,4,7,21,7,19,11,15,119,2,22,121.522979,25.05237477
114,02,17,07,32,2,12內湖區,內湖區康寧路1段與星雲街口,0,0,2,1,C03,8,7,8,50,4,1,1,5,4,5,13,1,1,5,5,5,2,16,2,50,2,9,5,1,7,5,1,10,1,11,74,1,21,121.5936699,25.0794293
114,02,17,07,43,2,08士林區,士林區基河路與大南路口,0,0,1,1,B12,8,6,5,50,4,1,1,5,4,5,13,1,1,4,4,5,2,17,1,22,3,10,3,4,7,1,1,8,1,6,19,1,21,121.522532,25.0899402
114,02,17,07,45,2,01大同區,大同區台北橋機慢車專用道往台北,0,0,2,1,C03,8,6,5,40,8,11,1,5,4,5,13,4,4,1,5,5,2,17,2,31,2,5,6,1,7,9,1,10,1,11,16,1,21,121.5081089,25.06335
114,02,17,07,50,2,10文山區,文山區木柵路5段(距深坑區約100公尺),0,0,1,1,A04,8,6,5,50,14,9,1,5,4,5,13,4,4,5,4,5,1,9,1,40,3,10,7,1,7,9,1,2,1,17,118,1,21,121.5952078,25.002807
114,02,17,07,53,2,05中正區,中正區和平西路1段與重慶南路3段口口,0,0,1,1,C03,8,6,5,50,5,1,1,5,4,5,13,1,1,1,4,5,2,12,1,38,4,11,5,1,7,15,1,10,9,15,16,2,22,121.5155353,25.0273646
114,02,17,08,00,2,02萬華區,萬華區東園街73巷65號,0,0,1,1,B03,8,7,5,30,14,9,1,5,4,5,13,4,4,10,5,5,2,17,1,41,3,10,7,1,7,14,1,8,1,4,40,1,21,121.4990678,25.0265459
114,02,17,08,03,2,01大同區,大同區民族西路78號,0,0,1,1,B03,7,6,5,50,14,9,1,5,4,5,13,4,4,5,5,5,2,17,1,49,3,10,7,1,7,7,1,8,2,17,100,1,21,121.5176879,25.0684882
114,02,17,08,03,2,07信義區,信義區福德街221巷21號,0,0,1,1,C03,8,6,5,30,12,9,1,5,4,5,13,4,4,10,5,5,1,17,1,78,3,10,3,4,7,9,1,10,1,14,5,1,21,121.5855291,25.0332084
114,02,17,08,17,2,11南港區,南港區昆陽街23號,0,0,1,1,H01,8,6,5,30,14,9,1,5,4,5,13,4,4,9,5,5,2,3,1,56,2,9,4,5,8,16,8,20,10,16,121,1,21,121.5926849,25.0530461
114,02,17,08,20,2,12內湖區,內湖區康樂街118號,0,0,1,1,B02,8,6,5,50,14,9,1,5,4,5,13,4,4,10,5,5,2,16,1,38,3,10,7,1,7,1,1,8,2,8,19,1,21,121.6195999,25.0701687
114,02,17,08,21,2,09北投區,北投區大業路527巷1202652號燈桿,0,0,1,1,B03,8,7,5,40,14,9,1,5,4,5,13,4,4,5,4,5,2,16,1,47,3,10,7,1,7,6,1,8,1,5,9,1,22,121.496135,25.13439695
114,02,17,08,30,2,03中山區,中山區松江路與長春路口,0,0,2,1,C03,7,6,5,50,4,1,1,5,4,5,13,1,1,1,4,5,2,13,1,30,2,8,5,4,7,9,1,9,1,12,16,1,21,121.5331953,25.0547436
114,02,17,08,44,2,11南港區,南港區松河街417停車格號,0,0,1,1,B03,8,6,5,50,14,9,1,5,4,5,13,4,4,8,3,5,2,17,2,26,3,10,3,4,7,1,1,8,2,4,19,1,21,121.5887108,25.0550663
114,02,17,08,47,2,05中正區,中正區杭州南路1段117號,0,0,2,1,H01,8,6,6,50,14,9,1,5,4,5,13,4,4,10,4,5,2,6,1,26,2,8,4,5,8,18,8,20,10,16,121,1,21,121.5247641,25.0369015
114,02,17,08,47,2,06松山區,松山區民權東路3段與民族東路口,0,0,1,1,B01,8,6,5,50,3,1,1,5,4,5,13,4,4,3,4,5,2,17,1,68,3,10,7,1,7,6,1,4,2,17,9,1,21,121.5499323,25.06175485
114,02,17,08,54,2,03中山區,中山區北安路與通北街口,0,0,1,1,C03,8,6,5,50,3,1,1,5,4,5,13,1,1,3,4,5,2,17,1,65,2,8,6,1,7,5,1,10,1,14,118,1,21,121.5412833,25.07968521
114,02,17,09,00,2,10文山區,文山區興隆路2段220巷與興隆路2段275巷口,0,0,1,1,B03,7,6,5,50,4,2,1,5,4,5,13,2,1,5,5,5,2,16,1,33,3,10,7,1,7,6,1,8,2,8,108,1,21,121.5528239,25.0014268
114,02,17,09,18,2,10文山區,文山區羅斯福路5段與萬盛街口,0,0,1,1,C03,8,6,5,50,4,18,1,5,4,5,13,2,1,1,4,5,2,9,1,36,3,10,6,1,7,9,1,10,2,12,70,1,21,121.5384787,25.0078214
114,02,17,09,20,2,04大安區,大安區辛亥路3段21巷和平籃球館旁,0,0,1,1,B03,8,7,5,30,14,9,1,5,4,5,13,4,4,9,5,5,2,17,1,63,3,10,3,4,7,11,1,8,1,5,10,1,21,121.5455586,25.0223336
114,02,17,09,34,2,09北投區,北投區中央南路1段159號,0,0,1,1,B03,7,7,5,50,14,9,1,5,4,5,13,4,4,9,5,5,2,9,1,47,3,10,7,1,7,14,1,8,1,3,108,1,21,121.5010976,25.1294443
114,02,17,09,47,2,03中山區,中山區一江街與松江路124巷口,0,0,1,1,C03,8,7,5,30,4,1,1,5,4,5,13,4,4,9,5,5,2,15,2,35,2,9,6,1,7,1,1,10,1,11,19,1,21,121.5315387,25.0525921
114,02,17,10,32,2,04大安區,大安區敦化南路1段190巷與忠孝東路4段77巷口,0,0,2,1,C04,7,6,5,30,4,1,1,5,4,5,13,4,4,10,3,5,2,15,1,30,2,9,6,1,7,9,1,8,1,11,72,1,21,121.5472173,25.0426347
114,02,17,10,45,2,07信義區,信義區林口街80巷與福德街口側附近84巷口,0,0,1,1,C03,7,7,5,30,4,1,1,5,4,5,13,4,4,10,5,5,2,15,1,68,3,10,5,4,7,9,1,10,1,11,72,1,22,121.5803994,25.03955598
114,02,17,11,01,2,06松山區,松山區新東街與新東街45巷口,0,0,1,1,C03,8,5,5,30,3,1,1,5,4,5,13,4,4,10,3,5,2,2,1,37,3,10,3,4,7,9,1,10,2,14,17,1,22,121.5652923,25.0613794
114,02,17,11,22,2,05中正區,中正區公園路與貴陽街1段口,0,0,1,1,B03,8,7,5,50,4,1,1,5,4,5,13,2,1,5,2,5,2,16,2,45,3,10,7,1,7,5,1,8,2,8,74,1,22,121.5152387,25.038604
114,02,17,11,36,2,05中正區,中正區愛國西路小南門捷運站1號出口,0,0,1,1,B03,8,5,5,50,14,9,1,5,4,5,13,4,4,1,4,1,1,17,1,76,3,10,7,1,7,4,1,8,2,2,108,1,21,121.5103458,25.0361348
114,02,17,11,37,2,05中正區,中正區市民大道2段與金山北路口,0,0,2,1,H01,8,6,5,40,4,2,1,5,4,5,13,2,1,1,4,5,2,6,1,78,3,10,4,5,8,18,8,20,10,17,121,1,21,121.5307881,25.0458864
114,02,17,11,39,2,11南港區,南港區研究院路2段39-4號,0,0,2,1,C03,8,6,5,50,14,9,1,5,4,5,13,4,4,1,4,5,2,12,2,55,2,9,6,1,7,9,1,10,1,11,44,1,21,121.6156807,25.0449355
114,02,17,11,52,2,03中山區,中山區建國南路1段與市民大道3段口,0,0,1,1,C03,8,6,5,50,14,9,1,5,4,5,13,4,4,8,3,5,2,12,1,41,3,10,5,4,7,9,1,10,2,15,108,1,21,121.536947,25.0452564
114,02,17,12,27,2,04大安區,大安區臨江街與通化街39巷50弄口,0,0,1,1,C03,8,6,5,30,4,1,1,5,4,5,13,4,4,10,5,5,2,3,1,27,3,10,6,4,7,9,1,10,1,11,108,1,21,121.5552502,25.0299815
114,02,17,12,36,2,07信義區,信義區虎林街164巷19號,0,0,2,1,C03,8,6,5,30,14,9,1,5,4,5,13,4,4,10,5,5,1,13,2,25,2,9,3,4,7,9,1,10,1,11,16,1,22,121.5757559,25.03875827
114,02,17,12,43,2,04大安區,大安區基隆路4段台大停車場出入口,0,0,1,1,B03,8,6,5,40,14,8,1,5,4,5,13,4,4,1,4,4,2,16,1,22,3,10,7,1,7,6,1,8,1,2,9,1,22,121.5388735,25.0128007
114,02,17,12,46,2,07信義區,信義區松仁路與松仁路253巷口,0,0,2,1,C03,7,7,5,30,4,1,1,5,4,5,13,3,1,10,5,5,2,15,1,69,2,8,5,4,7,9,1,10,1,14,72,1,21,121.5690669,25.02544593
114,02,17,12,51,2,09北投區,北投區石牌路1段166巷與石牌路口側附近1段166巷69弄口,0,0,2,1,C03,7,6,5,30,4,1,1,5,4,5,13,4,4,10,5,5,2,15,1,68,2,9,5,1,7,9,1,10,2,12,72,1,21,121.5147248,25.1128407
114,02,17,13,04,2,07信義區,信義區基隆路1段與松隆路口,0,0,1,1,C03,8,6,5,50,3,2,1,5,4,5,13,2,1,1,4,5,1,13,1,20,2,9,3,4,7,9,1,10,1,11,76,1,22,121.5657997,25.0431378
114,02,17,13,45,2,03中山區,中山區合江街與合江街20巷口,0,0,2,1,C03,8,6,5,30,4,1,1,5,4,5,13,4,4,9,4,5,2,16,2,35,2,9,5,1,7,9,6,10,1,11,72,1,21,121.5391112,25.0551431
114,02,17,13,45,2,12內湖區,內湖區民權東路6段11巷與民權東路6段口口,0,0,1,1,C03,7,5,5,50,4,1,1,5,4,5,13,1,1,1,4,5,2,17,2,26,2,9,6,1,7,6,1,10,2,14,9,1,21,121.578028,25.0667357
114,02,17,14,30,2,03中山區,中山區伊通街與松江路69巷口,0,0,1,1,B03,7,5,5,50,4,1,1,5,4,5,13,4,4,9,5,5,2,16,2,40,3,10,3,4,7,11,1,8,1,8,10,1,21,121.5347285,25.04942073
114,02,17,15,06,2,08士林區,士林區天母西路18-3號,0,0,2,1,C03,7,6,5,50,14,9,1,5,4,5,13,4,4,5,5,5,2,17,2,52,2,8,6,1,7,9,1,10,1,11,44,1,21,121.527484,25.1183858
114,02,17,16,29,2,03中山區,中山區中山北路2段與中山北路2段39巷口,0,0,1,1,B03,7,5,5,50,3,1,1,5,4,5,13,4,4,5,4,5,2,13,1,44,3,10,3,4,7,7,1,8,1,7,100,1,21,121.5230595,25.05410373
114,02,17,16,30,2,06松山區,松山區南京東路3段與復興北路口,0,0,1,1,C03,8,7,5,50,4,1,1,5,4,5,13,1,1,1,4,5,2,13,1,18,3,10,6,1,7,6,3,18,1,13,9,1,21,121.5441543,25.0515647
114,02,17,17,15,2,08士林區,士林區重陽橋機車道往三重,0,0,1,1,C03,7,6,5,50,14,11,1,5,4,5,13,4,4,1,4,5,2,13,1,29,2,8,6,1,7,9,1,10,1,11,16,1,21,121.5071934,25.0862596
114,02,17,17,47,2,07信義區,信義區信義路5段8號,0,0,1,1,C03,7,5,5,50,14,9,1,5,4,5,13,2,1,8,3,5,2,17,1,31,2,9,3,4,7,9,1,10,1,11,16,1,21,121.5610646,25.0329492
114,02,17,18,06,2,03中山區,中山區復興北路156號,0,0,1,1,B01,8,5,5,50,14,9,1,5,4,5,13,4,4,1,4,5,2,9,1,59,3,10,3,4,7,1,1,4,1,17,19,1,22,121.5439437,25.0530417
114,02,17,18,14,2,06松山區,松山區塔悠路211號與無名巷口,0,0,2,1,C03,7,5,5,50,3,1,1,5,4,5,13,4,4,1,4,5,2,16,1,24,2,9,6,1,7,9,1,10,1,11,108,1,21,121.5692022,25.0588789
114,02,17,18,40,2,05中正區,中正區汀州路2段與同安街口,0,0,1,1,B03,7,5,5,50,4,18,1,5,4,5,13,2,1,4,5,5,1,3,1,61,3,10,7,1,7,5,6,18,1,1,70,1,21,121.5216431,25.0240635
114,02,17,18,49,2,03中山區,中山區民權東路1段新興國中,0,0,2,1,C03,8,5,5,50,14,9,1,5,4,5,13,4,4,1,4,5,2,13,2,61,2,9,5,1,7,9,1,10,2,11,16,1,22,121.5258462,25.06273888
114,02,17,19,06,2,05中正區,中正區和平西路1段與南昌路2段口,0,0,2,1,C03,8,5,5,50,5,1,1,5,4,5,13,1,1,1,4,5,2,3,1,65,2,8,6,1,7,6,1,10,1,12,70,1,21,121.5211892,25.0267195
114,02,17,20,22,2,08士林區,士林區通河街與中山北路4段口,0,0,1,1,C03,7,5,5,50,3,1,1,5,4,5,13,1,1,3,1,5,1,17,1,22,3,10,5,1,7,6,1,10,1,14,9,1,21,121.5244028,25.0794088
114,02,17,20,27,2,03中山區,中山區一江街與松江路156巷口,0,0,2,1,B01,8,5,5,30,4,1,1,5,4,5,13,4,4,10,5,5,2,15,1,55,3,10,7,1,7,9,1,4,1,5,72,1,22,121.5315464,25.0543904
114,02,17,20,43,2,12內湖區,內湖區大湖街南向北五指幹56電桿,0,0,3,1,C03,7,5,5,30,12,9,1,5,4,5,13,4,4,10,5,5,1,2,1,27,2,9,6,1,7,10,1,10,1,11,108,1,21,121.6060591,25.0940056
114,02,17,20,50,2,03中山區,中山區民生東路1段37號與林森北路口,0,0,2,1,C03,7,6,5,50,5,2,1,5,4,5,13,2,1,8,3,5,1,17,2,47,2,9,5,1,7,8,1,10,1,14,100,1,21,121.5258916,25.05809
114,02,17,21,10,2,06松山區,松山區八德路3段71巷9弄與北寧路口,0,0,1,1,B03,8,5,6,50,3,1,1,5,4,5,13,4,4,8,3,5,1,16,1,49,3,10,3,1,7,5,1,8,1,5,44,1,21,121.5526189,25.0486806
114,02,17,21,35,2,10文山區,文山區木柵路2段與木柵路2段138巷口,0,0,1,1,B13,8,5,5,50,4,1,1,5,4,5,13,2,1,10,5,5,1,17,1,44,3,10,7,1,7,5,1,4,1,2,71,1,21,121.5617591,24.9888928
114,02,17,21,45,2,12內湖區,內湖區東湖路160巷與汐湖二橋口附近(汐湖二橋上),0,0,1,1,B11,8,5,5,50,3,2,1,5,4,5,13,4,4,5,4,5,2,11,1,45,2,8,7,1,7,9,1,4,1,4,44,1,21,121.617549,25.066378
114,02,17,22,10,2,05中正區,中正區重慶南路1段18號,0,0,1,1,C03,8,5,5,50,14,9,1,5,4,5,13,1,1,10,4,5,2,13,2,30,2,7,5,1,7,9,1,10,2,11,108,1,21,121.5132425,25.0462998
114,02,17,22,33,2,05中正區,中正區中山南路與凱達格蘭大道口,0,0,2,1,B03,8,5,5,50,5,1,1,5,4,5,13,1,1,10,4,1,1,13,1,65,3,10,7,1,7,9,1,8,2,2,44,1,22,121.5174846,25.0392444
114,02,17,23,13,2,02萬華區,萬華區西寧南路與漢口街2段口,0,0,2,1,C03,8,5,8,50,22,22,1,5,4,5,13,1,1,10,5,5,2,17,1,35,2,9,3,4,7,7,1,10,1,14,100,1,21,121.5067296,25.0455162
114,02,17,23,35,2,03中山區,中山區林森北路與長安東路1段口,0,0,1,1,B02,7,5,5,50,4,1,1,5,4,5,13,2,1,1,5,5,1,17,2,40,3,10,3,4,7,5,1,8,2,17,71,1,21,121.5244691,25.0490512
114,02,18,00,30,2,09北投區,北投區立賢路61號,0,0,1,1,,8,5,5,50,14,9,1,5,4,4,13,4,4,8,3,5,2,24,3,33,,,,,,,,,,,129,1,,121.5045543,25.11577363
114,02,18,01,51,2,04大安區,大安區忠孝東路4段147巷與敦化南路1段181巷10弄口,0,0,1,1,C03,6,5,5,30,14,9,1,4,5,5,13,4,4,10,5,5,2,18,1,27,2,7,5,1,7,9,1,10,1,14,42,1,22,121.54966,25.0422955
114,02,18,05,47,2,05中正區,中正區市民大道1段168號迴轉道,0,0,1,1,B03,7,5,5,40,14,6,1,5,4,5,13,4,4,1,4,5,2,16,1,68,3,10,7,1,7,1,1,8,2,8,19,1,21,121.5186741,25.0483262
114,02,18,06,41,2,04大安區,大安區辛亥路2段185號,0,0,1,1,B01,8,5,5,50,14,7,1,5,4,3,13,2,1,1,4,4,2,17,1,50,3,10,3,4,7,1,1,4,1,17,19,1,21,121.5412945,25.0215637
114,02,18,07,29,2,08士林區,士林區福林橋與中山北路5段699巷口,0,0,2,1,C03,8,6,5,50,4,1,1,5,4,5,13,1,1,1,4,5,2,17,2,44,2,9,6,1,7,9,1,10,2,11,44,1,21,121.5272243,25.0977618
114,02,18,07,30,2,06松山區,松山區復興北路141巷4號對面,0,0,1,1,B02,7,6,5,30,14,9,1,5,4,5,13,4,4,9,4,5,2,3,1,50,3,10,3,4,7,5,1,8,11,1,108,1,22,121.5444792,25.0533139
114,02,18,07,33,2,11南港區,南港區忠孝東路7段508號對面,0,0,2,1,C03,6,6,5,50,14,7,1,4,4,5,13,1,1,3,4,4,2,16,2,19,2,7,6,1,7,8,1,10,1,14,108,1,21,121.6097431,25.0524837
114,02,18,07,46,2,03中山區,中山區北安路392號,0,0,2,1,C03,7,5,5,50,14,9,1,5,4,5,13,4,4,1,4,5,2,16,1,63,2,9,3,4,7,6,1,10,1,12,80,1,21,121.5392338,25.07834664
114,02,18,07,52,2,11南港區,南港區東新街170巷17號,0,0,2,1,C03,6,6,5,50,14,9,1,4,4,5,13,4,4,4,3,5,2,16,1,49,2,8,3,4,7,11,1,10,1,14,10,1,21,121.5927109,25.0446387
114,02,18,08,08,2,05中正區,中正區忠孝東路2段3號,0,0,1,1,B02,7,6,5,50,14,9,1,5,4,5,13,4,4,9,4,5,2,17,1,21,4,11,3,4,7,7,3,18,9,4,100,2,22,121.527149,25.0439591
114,02,18,08,14,2,04大安區,大安區光復南路96巷與延吉街131巷1弄口,0,0,2,1,C03,7,6,5,30,4,1,1,4,4,5,13,4,4,10,4,5,2,16,1,27,2,9,6,1,7,6,1,10,1,14,72,1,21,121.5546259,25.0437536
114,02,18,08,27,2,07信義區,信義區永吉路150巷與永吉路180巷16弄口,0,0,1,1,C03,6,6,5,30,4,1,1,4,4,5,13,4,4,10,5,5,2,15,1,36,3,10,3,4,7,9,1,10,1,12,75,1,21,121.5709006,25.0449858
114,02,18,08,35,2,05中正區,中正區中華路1段與中華路1段9巷口,0,0,1,1,C03,8,6,5,50,4,2,1,5,4,5,13,2,1,1,4,5,2,12,2,26,4,11,5,1,7,15,1,10,9,15,108,1,21,121.5099299,25.04709237
114,02,18,08,55,2,02萬華區,萬華區忠孝橋下橋處(7010678燈桿),0,0,2,1,C03,8,7,5,50,8,9,1,5,4,5,13,4,4,1,4,5,2,17,1,29,2,8,5,1,7,7,1,10,1,14,100,1,21,121.5066397,25.0487628
114,02,18,08,56,2,02萬華區,萬華區堤外便道過中興橋,0,0,1,1,C03,8,7,7,40,14,11,1,5,4,5,13,4,4,9,5,5,2,17,1,49,2,3,5,1,7,15,1,10,1,12,108,1,21,121.5034094,25.0467513
114,02,18,09,07,2,03中山區,中山區北安路與中山北路4段口（823公園對面）,0,0,1,1,C03,7,5,5,50,5,1,1,5,4,5,13,1,1,1,4,5,2,13,1,19,3,10,3,4,7,9,1,10,1,11,16,1,21,121.5277395,25.07720479
114,02,18,09,34,2,01大同區,大同區民權西路與民權西路144巷口,0,0,2,1,C03,8,6,5,50,5,1,1,5,4,5,13,4,4,1,5,5,2,12,2,58,2,9,5,1,7,9,1,10,2,12,44,1,21,121.5158983,25.0628468
114,02,18,10,00,2,10文山區,文山區辛亥路7段與木柵路1段口,0,0,1,1,B03,8,6,5,50,4,1,1,5,4,5,13,1,1,3,4,5,1,11,2,60,3,10,7,1,7,11,1,8,1,1,10,1,21,121.5523721,24.9879288
114,02,18,10,20,2,09北投區,北投區承德路6段427號,0,0,2,1,C03,8,6,5,60,14,8,1,5,4,5,13,4,4,1,4,1,2,16,1,53,2,9,6,1,7,8,1,10,1,12,100,1,21,121.5114825,25.1077884
114,02,18,10,38,2,09北投區,北投區中央南路1段154號,0,0,2,1,C03,7,7,5,50,11,9,1,5,4,5,13,4,4,5,5,5,2,16,1,65,2,9,5,1,7,5,1,10,1,12,8,1,21,121.5009977,25.1296114
114,02,18,11,00,2,03中山區,中山區中山北路3段與農安街口,0,0,1,1,B12,7,5,5,50,4,1,1,5,4,5,13,1,1,5,4,5,2,2,1,62,3,10,3,4,7,5,1,4,2,1,70,1,21,121.5222562,25.06514378
114,02,18,11,10,2,01大同區,大同區涼州街106號,0,0,1,1,C03,8,5,5,50,14,9,1,5,4,5,13,4,4,9,5,5,1,16,2,43,2,9,3,4,7,10,1,10,1,14,100,1,21,121.5098123,25.060557
114,02,18,12,05,2,07信義區,信義區中坡北路與松隆路口,0,0,1,1,C03,7,6,5,50,3,2,1,5,4,5,13,2,1,1,4,5,1,17,2,47,2,9,3,4,7,9,1,10,1,11,108,1,22,121.5800046,25.0485721
114,02,18,12,06,2,12內湖區,內湖區成功路2段與成功路口側附近2段426巷口,0,0,1,1,B03,7,7,5,50,4,1,1,5,4,5,13,1,1,1,4,5,2,16,2,58,3,10,7,1,7,6,1,8,1,5,9,1,21,121.5898482,25.0716452
114,02,18,12,10,2,05中正區,中正區廣州街8巷11號,0,0,1,1,B03,8,7,5,30,14,9,1,5,4,5,13,4,4,5,5,5,2,17,1,49,3,10,3,4,7,13,1,8,1,4,40,1,21,121.5082353,25.0345491
114,02,18,12,22,2,08士林區,士林區大南路與承德路4段口,0,0,1,1,B03,7,7,5,50,3,1,1,5,4,5,13,2,1,9,4,5,1,17,2,50,3,10,7,1,7,6,1,8,2,2,9,1,21,121.5165163,25.09058982
114,02,18,12,30,2,05中正區,中正區中華路1段65號,0,0,1,1,C03,7,6,5,50,14,9,2,5,4,5,13,4,4,1,3,1,2,13,1,25,3,10,5,1,7,9,1,10,2,11,16,1,21,121.5081399,25.0409856
114,02,18,12,36,2,04大安區,大安區敦化南路1段187巷與忠孝東路4段147巷口,0,0,1,1,B01,7,6,5,30,4,1,1,5,4,5,13,4,4,10,5,5,2,15,1,61,3,10,7,1,7,9,1,4,1,8,72,1,22,121.5496556,25.0425433
114,02,18,12,46,2,03中山區,中山區民生東路1段42號騎樓,0,0,1,1,C03,7,7,5,0,14,25,1,5,4,5,13,4,4,10,5,5,2,9,4,0,4,11,3,1,7,9,7,19,11,11,119,2,21,121.5243886,25.05805511
114,02,18,12,54,2,07信義區,信義區吳興街269巷與莊敬路口,0,0,1,1,C03,7,7,5,30,14,9,1,5,4,5,13,4,4,10,5,5,2,2,1,28,3,10,5,2,7,9,1,10,1,11,61,1,21,121.5649309,25.0274561
114,02,18,13,25,2,08士林區,士林區百齡橋東向西,0,0,1,1,C03,7,6,5,40,8,11,1,5,4,5,13,4,4,3,4,4,1,13,1,19,3,10,3,4,7,9,1,10,1,11,13,1,21,121.5143152,25.0897915
114,02,18,14,41,2,12內湖區,內湖區康寧路1段與康寧路1段218巷口,0,0,1,1,B03,7,7,5,50,3,1,1,4,4,5,13,4,4,9,4,5,2,16,1,72,3,10,7,1,7,11,1,8,2,4,10,1,21,121.5957716,25.07841059
114,02,18,15,00,2,03中山區,中山區北安路759巷與北安路口側附近口,0,0,1,1,C03,7,7,5,50,4,1,1,5,4,5,13,1,1,1,4,5,2,13,1,24,3,10,3,4,7,9,1,10,1,11,44,1,21,121.5527523,25.0858296
114,02,18,15,27,2,03中山區,中山區新生北路2段與錦州街口高架下停車場出入口,0,0,1,1,C03,7,6,5,50,5,2,1,5,4,5,13,4,4,9,4,5,1,17,2,30,2,9,5,1,7,7,1,10,2,12,44,1,21,121.5275352,25.06120574
114,02,18,15,40,2,12內湖區,內湖區潭美街533號前,0,0,1,1,B03,6,7,5,40,14,9,1,4,4,5,13,4,4,9,4,5,2,16,1,56,3,10,3,4,7,7,1,8,2,2,100,1,21,121.599951,25.06082731
114,02,18,15,55,2,07信義區,信義區永吉路198號,0,0,1,1,C04,7,5,5,50,14,7,1,5,4,5,13,4,4,1,4,4,2,17,2,63,2,8,6,1,7,8,1,11,1,12,100,1,22,121.5725973,25.0455342