發生年度,發生月,發生日,發生時-Hours,發生分,處理別-編號,區序,肇事地點,死亡人數,2-30日死亡人數,受傷人數,當事人序號,車種,天候,光線,道路類別,速限-速度限制,道路型態,事故位置,路面狀況1,路面狀況2,路面狀況3,道路障礙1,道路障礙2,號誌1,號誌2,車道劃分-分向,車道劃分-分道1,車道劃分-分道2,車道劃分-分道3,事故類型及型態,性別,年齡,受傷程度,主要傷處,保護裝置,行動電話,車輛用途,當事者行動狀態,駕駛資格情形,駕駛執照種類,飲酒情形,車輛撞擊部位1,肇因碼-個別,個人肇逃否,職業,座標-X,座標-Y
114,02,18,16,32,2,05中正區,中正區重慶南路1段與貴陽街1段口,0,0,1,1,C03,8,6,5,50,4,1,1,5,4,5,13,2,1,5,4,5,2,13,2,63,2,6,5,1,7,8,1,10,2,13,100,1,22,121.5127835,25.03882735
114,02,18,16,58,2,10文山區,文山區木柵路1段57-4號對面,0,0,1,1,B03,8,6,5,50,14,9,1,5,4,5,13,1,1,10,5,5,2,12,1,45,3,10,7,1,7,9,1,8,2,2,108,1,21,121.5454587,24.9866752
114,02,18,17,03,2,04大安區,大安區忠孝東路3段與建國南路1段口,0,0,2,1,C03,8,6,5,50,4,1,1,5,4,5,13,2,1,3,3,4,2,13,1,48,2,9,5,1,7,9,6,10,1,11,108,1,21,121.536845,25.0418759
114,02,18,17,09,2,02萬華區,萬華區西園路2段11巷與西園路2段13巷口,0,0,1,1,B03,7,6,5,40,4,1,1,5,4,5,13,4,4,9,5,5,1,17,1,28,3,10,7,1,7,5,1,8,1,1,71,1,21,121.4980735,25.0322278
114,02,18,17,14,2,08士林區,士林區國泰街與光華路口,0,0,2,1,C03,7,7,5,30,4,1,1,5,4,5,13,4,4,10,5,5,1,17,2,54,2,8,5,1,7,6,1,10,1,14,72,1,21,121.5425552,25.13694088
114,02,18,17,29,2,05中正區,中正區開封街1段與懷寧街口,0,0,1,1,C04,7,5,5,50,4,2,1,5,4,5,13,3,1,9,4,5,2,12,1,41,3,10,5,1,7,10,1,10,1,11,100,1,21,121.5142102,25.04603123
114,02,18,17,37,2,08士林區,士林區天母西路與天母西路22巷口,0,0,1,1,F01,8,6,5,50,4,2,1,5,4,5,13,1,1,10,4,4,1,17,1,63,4,11,4,4,7,9,8,20,11,12,108,2,22,121.5271534,25.11843145
114,02,18,17,45,2,08士林區,士林區通河西街1段與堤外便道口堤外百齡槌球場停車場前,0,0,1,1,B03,7,5,5,40,3,1,1,5,4,5,13,4,4,10,5,5,1,17,2,32,3,10,7,1,7,5,1,8,1,4,72,1,21,121.5126509,25.085903
114,02,18,18,00,2,01大同區,大同區鄭州路與環河北路1段口,0,0,1,1,B03,8,5,5,40,3,1,1,5,4,5,13,2,1,8,3,5,2,13,1,56,3,10,7,1,7,6,1,5,1,5,9,1,21,121.5069942,25.0507841
114,02,18,18,01,2,05中正區,中正區牯嶺街84巷與牯嶺街口,0,0,2,1,C03,7,5,5,30,4,1,1,5,4,5,13,4,4,5,5,5,2,17,1,50,2,3,5,1,7,5,6,18,2,14,72,1,22,121.5189738,25.0260518
114,02,18,18,03,2,08士林區,士林區仰德大道2段與仰德大道2段2巷口,0,0,1,1,C03,7,5,5,40,3,2,1,5,4,5,13,2,1,5,4,5,2,16,2,19,2,9,5,1,7,6,1,10,1,11,17,1,21,121.5370119,25.10340163
114,02,18,18,11,2,04大安區,大安區基隆路4段與羅斯福路4段口,0,0,1,1,C03,7,5,5,50,5,1,1,5,4,5,13,2,1,10,1,1,2,12,2,33,2,8,3,4,7,9,1,10,1,11,108,1,21,121.5374617,25.0111083
114,02,18,18,22,2,07信義區,信義區永吉路127巷與松隆路口,0,0,1,1,B03,6,5,5,50,5,2,1,4,4,5,13,2,1,1,4,5,2,17,1,71,3,10,7,1,7,9,1,8,1,1,81,1,22,121.570426,25.0456621
114,02,18,18,34,2,04大安區,大安區通化街與通化街39巷口,0,0,1,1,C03,6,5,5,50,4,18,1,4,4,5,13,4,4,9,5,5,1,3,1,34,3,10,3,4,7,9,1,10,2,11,42,1,21,121.5542702,25.0308546
114,02,18,18,35,2,12內湖區,內湖區陽光街與港墘路221巷口,0,0,1,1,C03,7,5,5,50,3,1,1,5,4,5,12,4,4,5,4,5,1,17,2,54,2,9,5,1,7,5,1,10,1,11,72,1,26,121.575312,25.0726424
114,02,18,18,40,2,04大安區,大安區光復南路與光復南路456巷口,0,0,2,1,B03,8,5,5,50,4,2,1,5,4,5,13,2,1,3,4,5,1,13,1,75,3,10,3,4,7,9,1,8,1,1,16,1,21,121.5574574,25.0356734
114,02,18,18,45,2,03中山區,中山區中山北路1段與市民大道1段口,0,0,1,1,A02,7,5,5,50,4,1,1,5,4,5,13,1,1,8,5,5,2,9,1,63,3,10,7,1,7,9,1,2,2,17,118,1,21,121.5208634,25.0481229
114,02,18,19,24,2,07信義區,信義區松山路與市民大道6段口,0,0,1,1,B03,7,5,5,50,4,1,1,5,4,5,13,2,1,1,3,4,2,15,1,28,3,10,7,1,7,15,1,8,1,2,71,1,21,121.5778529,25.0489154
114,02,18,19,25,2,05中正區,中正區汀州路3段與師大路口,0,0,1,1,B03,7,5,5,50,5,1,1,5,4,5,13,1,1,2,4,5,2,17,1,26,3,10,7,1,7,6,1,8,1,5,9,1,22,121.5256834,25.0208422
114,02,18,19,25,2,08士林區,士林區基河路與文林路口,0,0,1,1,B03,7,5,5,50,3,18,1,5,4,5,13,4,4,5,2,5,2,3,2,46,3,10,7,1,7,1,1,8,2,1,19,1,22,121.5247492,25.0861647
114,02,18,19,57,2,02萬華區,萬華區環河南路2段與長順街口,0,0,2,1,C03,8,5,5,50,4,1,1,5,4,5,13,1,1,1,4,5,2,17,2,21,2,5,5,4,7,5,1,10,1,11,71,1,21,121.4908557,25.0313631
114,02,18,20,05,2,08士林區,士林區福國路與福華路口,0,0,2,1,B03,7,5,5,50,4,1,1,5,4,5,13,2,1,1,2,5,2,16,1,41,3,10,7,1,7,6,1,8,1,6,9,1,21,121.5229941,25.1020555
114,02,18,20,18,2,04大安區,大安區建國南路2段151巷8號,0,0,2,1,C03,8,5,5,30,14,9,1,5,4,5,13,4,4,9,5,5,1,12,2,34,2,8,6,4,7,7,1,10,2,14,100,1,21,121.5382707,25.0287631
114,02,18,20,18,2,06松山區,松山區敦化北路與南京東路3段口,0,0,1,1,B01,7,5,5,50,4,2,1,5,4,5,13,1,1,4,3,4,2,14,1,45,3,10,3,1,7,2,1,4,1,6,12,1,21,121.5487139,25.0521328
114,02,18,20,43,2,07信義區,信義區信義路6段與松德路133巷口口,0,0,2,1,C03,7,5,8,50,4,2,1,5,4,5,13,1,1,5,4,5,2,17,1,67,2,8,6,1,7,11,1,10,1,12,10,1,22,121.5766938,25.0352345
114,02,18,21,46,2,05中正區,中正區羅斯福路2段與羅斯福路2段48巷口,0,0,1,1,B03,7,5,5,50,5,1,1,5,4,5,13,1,1,2,5,5,2,16,1,56,3,10,7,1,7,9,1,8,1,2,44,1,22,121.5216182,25.0279756
114,02,18,22,00,2,08士林區,士林區環河北路3段與葫蘆街口,0,0,2,1,C03,7,5,5,50,3,2,1,5,4,5,13,4,4,1,4,5,2,13,1,46,2,9,6,1,7,9,1,10,2,11,108,1,22,121.5074689,25.0826416
114,02,18,22,06,2,03中山區,中山區吉林路與農安街口,0,0,2,1,C03,8,5,5,50,4,1,1,5,4,5,13,2,1,9,4,5,2,3,1,39,2,9,5,1,7,9,1,10,1,15,42,1,21,121.530386,25.064909
114,02,18,22,15,2,03中山區,中山區北安路與大直街口,0,0,1,1,B03,7,5,5,50,4,1,1,5,4,5,13,2,1,1,4,5,2,16,1,25,3,10,3,4,7,5,1,8,2,1,8,1,21,121.5473176,25.0798519
114,02,18,22,52,2,10文山區,文山區萬美街1段與萬和街口口,0,0,2,1,C03,7,5,5,40,3,1,1,5,4,5,13,3,1,10,5,5,2,16,1,44,2,8,5,1,7,5,1,10,1,12,71,1,21,121.5668321,25.0020709
114,02,18,23,39,2,08士林區,士林區前港街與後港街口,0,0,1,1,C03,8,5,5,30,4,1,1,5,4,5,13,4,4,10,5,5,2,15,1,61,2,9,6,1,7,9,1,10,1,12,72,1,26,121.521352,25.0847498
114,02,19,00,14,2,02萬華區,萬華區德昌街125巷與德昌街口,0,0,2,1,C03,7,5,5,30,4,1,1,5,4,5,13,4,4,10,5,5,1,15,2,37,2,8,5,1,7,9,1,10,1,12,72,1,21,121.4966255,25.0242113
114,02,19,01,02,2,01大同區,大同區南京西路與太原路口,0,0,1,1,B01,7,5,5,50,4,4,1,5,4,5,13,2,1,1,4,4,2,13,1,38,3,10,3,4,7,1,1,2,2,1,108,1,22,121.5162717,25.0535575
114,02,19,01,10,2,02萬華區,萬華區華中橋機車道往新北,0,0,2,1,C03,7,5,7,40,14,11,1,5,4,5,13,1,1,8,3,2,2,13,1,18,2,8,5,1,7,9,1,10,1,11,81,1,21,121.495565,25.0166692
114,02,19,06,43,2,03中山區,中山區錦西街8號,0,0,1,1,B11,7,6,5,30,14,24,1,5,4,5,13,4,4,5,4,5,1,2,1,44,3,10,7,1,7,14,1,4,2,6,116,1,21,121.5218285,25.06015055
114,02,19,07,27,2,12內湖區,內湖區內湖路1段667巷北向南,0,0,1,1,C03,7,5,5,30,14,9,1,5,4,5,13,4,4,10,5,5,2,3,1,57,4,11,3,4,7,21,1,10,9,15,44,2,22,121.5762489,25.08098635
114,02,19,07,28,2,05中正區,中正區三元街與寧波西街口,0,0,2,1,C03,7,6,5,30,4,1,1,5,4,5,13,1,1,10,5,5,2,16,1,69,2,7,6,1,7,6,3,18,1,12,9,1,21,121.5113601,25.02794
114,02,19,07,29,2,05中正區,中正區仁愛路1段與杭州南路1段口,0,0,1,1,B03,8,7,5,50,5,1,1,5,4,5,13,1,1,10,4,5,2,17,1,49,3,10,7,1,7,9,1,8,2,1,86,1,21,121.5251016,25.03813556
114,02,19,07,51,2,08士林區,士林區中正路與士商路口,0,0,1,1,B03,7,5,5,50,4,1,1,5,4,5,13,2,1,1,4,4,2,12,1,19,3,10,7,1,7,9,1,8,1,2,17,1,21,121.5188256,25.092406
114,02,19,08,20,2,02萬華區,萬華區中華路2段504巷22號,0,0,1,1,B03,8,6,5,30,14,9,1,5,4,5,13,4,4,10,5,5,1,9,1,61,3,10,7,1,7,15,6,18,9,1,116,2,21,121.5077556,25.0250882
114,02,19,08,25,2,05中正區,中正區羅斯福路4段196巷與汀州路3段口口,0,0,1,1,B03,8,6,5,30,4,1,1,5,4,5,13,4,4,5,5,5,2,15,1,37,3,10,3,4,7,9,1,8,1,4,72,1,21,121.535922,25.0115599
114,02,19,08,47,2,05中正區,中正區金華街與金華街32巷口口,0,0,1,1,B03,7,6,5,50,3,1,1,5,4,5,13,4,4,9,5,5,2,16,2,33,3,10,3,4,7,11,1,8,1,4,44,1,21,121.5216099,25.0312121
114,02,19,08,54,2,06松山區,松山區新東街41-6號,0,0,1,1,C03,7,6,5,50,14,9,1,5,4,5,13,4,4,9,4,5,2,17,2,34,2,9,6,4,7,5,1,10,2,13,8,1,22,121.5656546,25.060349
114,02,19,09,11,2,06松山區,松山區麥帥一橋往內湖方向第3燈桿,0,0,2,1,C03,8,5,5,40,14,11,1,5,4,5,13,4,4,1,3,1,2,13,1,39,2,8,5,1,7,9,1,10,1,11,16,1,22,121.5684708,25.05130084
114,02,19,09,22,2,07信義區,信義區和平東路3段與富陽街口,0,0,1,1,B01,8,6,5,50,5,1,1,5,4,5,13,2,1,1,4,5,2,17,1,58,3,10,7,1,7,11,1,4,2,6,10,1,21,121.5564429,25.0207445
114,02,19,09,34,2,07信義區,信義區松隆路與永吉路30巷口,0,0,1,1,C03,7,6,5,50,4,1,1,5,4,5,13,2,2,1,4,5,1,13,1,27,2,8,3,4,7,9,1,10,1,12,108,1,21,121.568687,25.0442806
114,02,19,09,43,2,05中正區,中正區西藏路25號,0,0,1,1,C03,7,6,5,50,14,9,1,5,4,4,13,4,4,3,4,5,2,17,1,65,3,10,6,1,7,9,1,10,2,17,42,1,21,121.5064642,25.03055496
114,02,19,09,58,2,12內湖區,內湖區新湖三路28號,0,0,2,1,B03,7,6,5,50,14,9,1,5,4,5,13,4,4,9,4,5,2,16,1,34,3,10,3,4,7,11,1,8,1,4,10,1,22,121.5737517,25.0625381
114,02,19,10,03,2,08士林區,士林區文林路與雙溪街口,0,0,1,1,B03,7,7,5,40,4,1,1,5,4,5,13,2,1,9,4,4,1,17,2,41,3,10,7,1,7,6,1,8,2,5,9,1,21,121.5233857,25.09968554
114,02,19,10,16,2,03中山區,中山區民權東路3段與建國北路2段口,0,0,1,1,C03,7,5,5,50,4,1,1,5,4,5,13,1,1,1,4,5,2,17,2,49,4,11,5,1,7,7,1,10,11,15,100,2,22,121.5371494,25.0622716
114,02,19,10,24,2,05中正區,中正區襄陽路與南陽街口,0,0,1,1,C03,8,7,5,50,3,2,1,5,4,5,13,4,4,8,4,5,2,13,2,46,2,9,6,1,7,9,1,10,1,11,16,1,21,121.5160506,25.0433838
114,02,19,10,30,2,11南港區,南港區福德街與福德街373巷口,0,0,1,1,B03,7,6,5,30,11,9,1,5,4,5,13,4,4,5,5,5,2,16,1,77,3,10,3,4,7,11,1,8,2,8,10,1,21,121.5901294,25.0402774
114,02,19,10,30,2,11南港區,南港區八德路4段與東新街口口,0,0,1,1,C03,7,6,5,50,5,1,1,5,4,5,13,2,1,5,4,5,2,16,2,47,2,9,6,1,7,5,1,10,1,14,8,1,21,121.5824478,25.0514625
114,02,19,10,35,2,03中山區,中山區錦州街與合江街口,0,0,1,1,B03,8,6,5,50,4,1,1,5,4,5,13,1,1,5,5,5,2,16,1,29,3,10,3,4,7,11,1,8,1,4,10,1,22,121.5391259,25.0602309
114,02,19,10,47,2,09北投區,北投區學園路2號旁,0,0,1,1,C03,7,7,5,30,11,9,1,5,4,5,13,4,4,5,5,5,2,10,1,18,2,8,5,1,7,9,1,10,1,11,118,1,21,121.4685602,25.13230505
114,02,19,11,27,2,02萬華區,萬華區萬大路493巷48弄與富民路145巷15弄口,0,0,2,1,C03,7,6,5,30,5,1,1,5,4,3,10,4,4,10,5,5,2,15,2,48,2,9,6,4,7,9,1,10,1,12,75,1,22,121.4992338,25.0191447
114,02,19,11,28,2,05中正區,中正區忠孝西路1段與館前路口,0,0,1,1,B03,7,5,5,50,4,1,1,5,4,5,13,2,1,1,4,5,2,16,1,65,3,10,7,1,7,6,1,10,1,8,9,1,21,121.5152055,25.0466822
114,02,19,11,30,2,12內湖區,內湖區瑞湖街21號對面,0,0,1,1,C03,7,6,5,50,14,9,1,5,4,5,13,4,4,10,3,5,1,17,1,32,2,9,6,1,7,9,1,9,2,14,42,1,21,121.5767143,25.07497918
114,02,19,11,53,2,10文山區,文山區木柵路3段53號,0,0,1,1,C03,7,7,5,50,14,19,1,5,4,5,13,4,4,9,5,5,2,3,2,57,3,10,5,1,7,9,1,10,1,11,118,1,21,121.5663839,24.9885743
114,02,19,11,55,2,03中山區,中山區松江路與農安街口,0,0,1,1,A12,7,6,5,50,4,1,1,5,4,5,13,1,1,3,4,5,2,2,1,47,3,10,7,1,7,5,1,3,2,4,70,1,21,121.5333164,25.0649297
114,02,19,12,00,2,03中山區,中山區北安路與大直街口側附近口,0,0,1,1,C03,7,7,5,50,4,1,1,5,4,5,13,1,1,1,4,5,2,17,1,64,2,9,3,4,7,5,1,10,1,13,86,1,21,121.5471949,25.0798287
114,02,19,12,20,2,05中正區,中正區三元街與南海路口,0,0,1,1,C04,7,6,5,50,4,2,1,5,4,5,13,2,1,3,4,5,2,13,2,30,2,8,5,1,7,9,1,10,1,11,108,1,21,121.508898,25.0296502
114,02,19,13,20,2,01大同區,大同區南京西路25巷與赤峰街49巷口,0,0,1,1,C03,7,6,5,30,3,2,1,5,4,5,13,4,4,10,5,5,2,9,2,19,3,10,5,1,7,9,1,10,11,11,108,1,21,121.5204308,25.05570807
114,02,19,14,32,2,08士林區,士林區德行西路88號,0,0,3,1,C03,7,7,5,50,14,9,1,5,4,5,13,4,4,8,4,5,2,17,1,32,2,8,5,1,7,1,1,10,1,12,19,1,21,121.5214144,25.1043073
114,02,19,14,35,2,03中山區,中山區民生西路3巷(錦西街6號旁),0,0,1,1,B03,7,7,5,30,14,9,1,5,1,5,13,4,4,5,5,5,2,17,1,43,3,10,3,4,7,9,1,7,1,5,17,1,21,121.5218473,25.0600683
114,02,19,14,35,2,03中山區,中山區中山北路2段與長春路口,0,0,2,1,B01,7,6,5,50,4,2,1,5,4,5,13,1,1,3,4,5,2,12,1,52,3,10,7,1,7,8,1,4,1,5,100,1,21,121.5228545,25.05502295
114,02,19,14,50,2,03中山區,中山區長安西路24號,0,0,1,1,B03,8,7,5,50,14,9,1,5,4,5,13,4,4,5,4,5,2,13,1,34,3,10,7,1,7,9,1,8,1,8,44,1,22,121.5206393,25.0500293
114,02,19,15,26,2,04大安區,大安區信義路4段20號,0,0,1,1,C03,8,6,5,50,14,9,1,5,4,5,13,4,4,10,4,5,2,13,2,22,2,9,6,1,7,9,1,10,1,11,16,1,21,121.544348,25.0332651
114,02,19,15,44,2,03中山區,中山區民族東路與新生北路3段口,0,0,1,1,C03,8,7,5,50,4,1,1,5,4,5,13,1,1,1,4,5,2,16,2,27,2,9,5,1,7,10,1,10,1,14,100,1,22,121.5278171,25.0683807
114,02,19,15,58,2,02萬華區,萬華區永福街與貴陽街2段96巷口,0,0,2,1,C03,8,5,8,30,22,22,1,5,4,5,13,4,4,10,5,5,2,17,1,71,3,10,3,4,7,9,3,18,11,12,108,1,21,121.5030723,25.03877341
114,02,19,16,21,2,02萬華區,萬華區西園路2段372巷,0,0,1,1,F01,7,7,6,30,14,9,1,5,4,5,13,4,4,10,5,5,2,10,1,13,2,9,4,1,7,15,8,20,1,11,5,1,15,121.491241,25.0253039
114,02,19,16,26,2,08士林區,士林區中正路與福港街口口,0,0,1,1,B03,8,6,5,50,14,9,1,5,4,5,13,2,1,5,5,5,2,16,2,49,3,10,7,1,7,10,1,8,1,2,100,1,21,121.517855,25.09176179
114,02,19,16,30,2,01大同區,大同區重慶北路3段172號,0,0,1,1,A02,7,6,7,50,14,10,1,5,4,5,13,1,1,1,5,5,2,9,1,60,3,10,7,1,7,1,1,2,11,17,19,1,21,121.5137307,25.0688914
114,02,19,16,30,2,08士林區,士林區中山北路7段與中山北路7段154巷口,0,0,1,1,B03,7,7,5,50,4,2,1,5,4,5,13,3,1,3,5,5,1,9,2,68,3,10,7,1,7,9,1,8,1,5,70,1,21,121.532493,25.1239123
114,02,19,16,45,2,06松山區,松山區市民大道5段與八德路4段口302號旁無名巷,0,0,2,1,C03,8,6,5,30,4,2,1,5,4,5,13,3,1,1,4,5,2,17,1,37,2,9,6,1,7,6,1,10,2,14,72,1,21,121.5672311,25.0487466
114,02,19,17,12,2,05中正區,中正區汀州路2段與汀州路2段255巷口口,0,0,1,1,C03,8,6,5,30,4,2,1,5,4,5,13,4,4,9,5,5,1,17,2,58,2,8,6,1,7,9,1,10,1,11,108,1,21,121.5237785,25.0225301
114,02,19,17,12,2,09北投區,北投區泉源路與泉源路口,0,0,1,1,B03,7,6,5,30,3,1,1,5,4,5,13,4,4,10,5,5,2,15,2,61,3,10,7,1,7,11,1,8,2,8,72,1,21,121.5087648,25.1410961
114,02,19,17,21,2,04大安區,大安區忠孝東路4段221號,0,0,1,1,C03,7,5,5,50,14,9,1,5,4,5,13,4,4,1,4,5,2,12,1,61,2,8,6,1,7,8,1,10,9,14,100,1,21,121.5525885,25.0414857
114,02,19,17,33,2,08士林區,士林區延平北路6段84號,0,0,1,1,C03,8,6,5,50,14,9,1,5,4,5,13,4,4,10,5,5,2,17,1,64,3,10,5,1,7,1,1,10,11,17,19,2,21,121.5086381,25.0887693
114,02,19,17,40,2,12內湖區,內湖區民權東路6段與行愛路口,0,0,1,1,B03,7,5,6,50,4,2,1,5,4,5,13,1,1,5,5,5,2,17,1,63,3,10,7,1,7,5,1,8,2,2,8,1,21,121.5780998,25.0667463
114,02,19,17,50,2,08士林區,士林區社正路45巷與社正路45巷4弄口,0,0,1,1,C03,7,6,5,30,4,1,1,5,4,5,13,4,4,10,5,5,2,17,2,44,4,11,6,1,7,15,1,10,11,15,74,2,21,121.5096245,25.0893259
114,02,19,17,56,2,05中正區,中正區羅斯福路4段198號,0,0,1,1,B03,7,5,5,50,14,9,1,5,4,5,13,1,1,1,4,5,2,13,1,44,3,10,7,1,7,7,1,8,2,5,108,1,22,121.5367603,25.0116107
114,02,19,17,58,2,10文山區,文山區萬安街16巷路邊29號停車格旁,0,0,1,1,B03,7,5,5,30,14,9,1,5,4,5,13,4,4,9,5,5,2,3,1,51,3,10,7,1,7,9,1,8,1,2,44,1,21,121.5690524,25.0005802
114,02,19,17,59,2,03中山區,中山區堤頂大道2段與港墘路口,0,0,1,1,C03,7,5,5,50,3,2,1,5,4,5,13,2,1,1,4,5,2,13,1,18,3,10,6,1,7,5,1,10,9,11,108,1,21,121.5720162,25.0746649
114,02,19,18,15,2,02萬華區,萬華區環河南路1段與長沙街2段口,0,0,1,1,C03,8,5,5,50,3,2,1,5,4,5,13,1,1,5,4,5,2,17,1,22,3,10,5,4,7,7,1,10,1,17,100,1,21,121.4993742,25.04136509
114,02,19,18,16,2,04大安區,大安區八德路2段與新生南路1段口,0,0,1,1,C03,8,5,5,50,4,1,1,5,4,5,13,2,1,5,4,5,2,17,1,23,3,10,3,4,7,5,1,10,1,14,8,1,21,121.5330337,25.044418
114,02,19,18,30,2,07信義區,信義區松高路12號,0,0,1,1,,7,5,5,50,14,9,1,5,4,5,13,2,1,5,4,5,2,18,3,0,,,,,,,,,,,67,1,,121.5671172,25.0391706
114,02,19,19,02,2,04大安區,大安區長興街與芳蘭路口,0,0,1,1,B02,8,5,6,30,4,1,1,5,4,5,13,1,1,9,5,5,1,2,1,23,3,10,3,4,7,5,1,8,2,5,70,1,21,121.5475272,25.015042
114,02,19,19,17,2,07信義區,信義區松隆路與松信路口,0,0,2,1,B03,7,5,5,50,4,1,1,5,4,5,13,1,1,5,5,5,2,11,2,36,2,9,7,1,7,15,1,8,2,1,71,1,21,121.5721443,25.0468033
114,02,19,19,33,2,11南港區,南港區三重路與園區街口,0,0,2,1,C04,8,5,5,50,3,1,1,5,4,5,13,2,1,5,4,5,2,16,1,46,2,8,5,1,7,5,1,9,1,11,8,1,22,121.6141364,25.0588999
114,02,19,20,15,2,03中山區,中山區中山北路1段與南京東路1段口,0,0,1,1,B02,7,5,5,50,4,1,1,5,4,5,13,1,1,8,5,5,2,16,1,41,3,10,7,1,7,6,1,15,1,2,9,1,21,121.5226289,25.0521348
114,02,19,20,38,2,06松山區,松山區市民大道6段與松山路口,0,0,1,1,C03,7,5,5,40,4,1,1,5,4,5,13,2,1,1,4,5,2,12,1,20,2,8,5,1,7,5,1,10,1,14,8,1,25,121.5777862,25.0494897
114,02,19,21,37,2,07信義區,信義區市民大道5段與基隆路1段口,0,0,1,1,B03,7,5,5,50,5,2,1,5,4,5,13,2,1,1,4,5,2,16,1,59,3,10,3,4,7,6,1,8,1,5,9,1,21,121.5688771,25.0489555
114,02,19,23,19,2,08士林區,士林區延平北路5段287號,0,0,1,1,B03,7,5,5,50,14,9,1,5,4,5,13,1,1,1,4,5,1,13,1,41,3,10,7,1,7,9,1,4,1,1,16,1,22,121.5094968,25.0858793
114,02,19,23,34,2,07信義區,信義區松山路321號,0,0,1,1,C03,8,5,5,50,14,9,1,5,4,5,13,2,1,1,4,1,2,17,2,29,3,10,6,1,7,8,1,10,1,13,100,1,22,121.5778549,25.0420155
114,02,20,04,30,2,02萬華區,萬華區富民路與富民路57巷口,0,0,1,1,B12,8,5,5,50,4,1,1,5,4,5,13,4,4,10,5,5,2,9,1,70,3,10,7,1,7,2,7,19,9,3,12,1,26,121.4980021,25.01903862
114,02,20,05,49,2,01大同區,大同區延平北路4段與民族西路口,0,0,1,1,B01,8,5,5,50,5,1,1,5,4,5,13,2,1,5,4,4,2,17,1,51,3,10,7,1,7,5,1,4,2,8,80,1,21,121.5108858,25.0687473
114,02,20,06,00,2,08士林區,士林區天母西路與天母西路13巷口,0,0,1,1,B03,7,5,5,50,3,2,1,5,4,5,13,1,1,5,5,5,2,13,1,82,3,10,7,1,7,9,1,8,1,1,108,1,22,121.528252,25.1183882
114,02,20,06,40,2,12內湖區,內湖區文湖街21巷94弄與文湖街21巷口,0,0,2,1,C03,7,6,5,30,3,2,1,5,4,5,13,4,4,10,5,5,2,17,1,44,2,8,6,1,7,9,1,10,1,11,108,1,21,121.5598477,25.0900307
114,02,20,06,55,2,01大同區,大同區延平北路4段38號,0,0,2,1,C03,7,6,5,40,14,8,1,5,4,5,13,4,4,8,3,4,1,3,1,59,2,9,5,1,7,9,1,10,2,11,108,1,21,121.510812,25.0697365
114,02,20,07,03,2,12內湖區,內湖區南京東路6段與舊宗路1段口,0,0,2,1,F03,8,6,5,50,14,9,1,5,4,5,13,4,4,1,4,5,2,12,2,68,2,9,5,1,7,8,8,20,2,15,100,1,21,121.581054,25.05787323
114,02,20,07,30,2,05中正區,中正區重慶南路3段21號,0,0,1,1,C03,8,6,5,50,14,9,1,5,4,5,13,4,4,1,4,5,1,17,1,41,2,8,6,1,7,9,1,9,1,11,16,1,21,121.5157605,25.0283524
114,02,20,07,33,2,06松山區,松山區新東街30巷與民生東路5段口,0,0,1,1,F01,8,5,5,50,4,2,1,5,4,5,13,2,1,10,3,5,2,15,1,12,2,8,4,1,7,9,8,20,1,11,81,1,14,121.5671499,25.0592623
114,02,20,07,34,2,08士林區,士林區天母北路與天母北路28巷口,0,0,1,1,B02,7,6,5,50,4,1,1,5,4,5,13,1,1,1,5,5,2,16,1,61,3,10,3,4,7,5,1,8,1,2,71,1,21,121.5265125,25.1199285
114,02,20,07,56,2,04大安區,大安區大安路1段與大安路1段126巷口,0,0,1,1,F06,8,6,5,50,4,1,1,5,4,5,13,4,4,8,3,5,2,15,2,42,2,7,4,1,7,9,8,20,1,11,42,1,21,121.54603,25.0393889
114,02,20,08,10,2,04大安區,大安區信義路2段與新生南路2段口,0,0,1,1,C03,8,5,5,40,4,2,1,5,4,5,13,2,1,8,3,1,1,13,1,26,2,8,5,1,7,9,1,10,1,12,13,1,21,121.5326201,25.0332232
114,02,20,08,17,2,01大同區,大同區市民大道1段與承德路1段口,0,0,1,1,C03,8,6,5,40,4,2,1,5,4,5,13,1,1,1,4,5,2,13,1,25,2,9,6,1,7,9,1,10,1,11,108,1,21,121.5168728,25.0487909
114,02,20,08,21,2,07信義區,信義區基隆路1段與基隆路1段102巷口,0,0,1,1,B03,8,6,5,50,3,1,1,5,4,5,13,4,4,1,4,5,2,16,2,42,3,10,7,1,7,6,1,8,2,5,9,1,21,121.5668215,25.0453747
114,02,20,08,25,2,04大安區,大安區建國南路2段與和平東路2段口,0,0,1,1,C03,8,5,5,50,14,9,1,5,4,5,13,2,1,1,4,5,2,13,1,37,2,8,3,4,7,9,1,10,1,11,108,1,21,121.537895,25.0254369
114,02,20,08,35,2,06松山區,松山區民生東路4段102號,0,0,1,1,C03,7,6,5,50,14,9,1,5,4,5,13,4,4,1,4,1,2,17,2,64,2,9,6,4,7,9,1,10,2,11,16,1,21,121.5539224,25.0580992
114,02,20,08,36,2,08士林區,士林區延平北路8段2巷153弄80號,0,0,2,1,C03,7,7,5,40,14,9,1,5,4,5,13,4,4,10,5,5,2,12,2,69,2,9,3,4,7,11,1,10,1,14,10,1,22,121.4804512,25.1107269
114,02,20,08,40,2,08士林區,士林區中山北路4段與通河街口,0,0,1,1,C03,8,6,5,30,5,2,1,5,4,5,13,2,1,1,4,5,1,13,1,51,3,10,5,1,7,9,1,10,9,11,16,1,21,121.518521,25.08735015