發生年度,發生月,發生日,發生時-Hours,發生分,處理別-編號,區序,肇事地點,死亡人數,2-30日死亡人數,受傷人數,當事人序號,車種,天候,光線,道路類別,速限-速度限制,道路型態,事故位置,路面狀況1,路面狀況2,路面狀況3,道路障礙1,道路障礙2,號誌1,號誌2,車道劃分-分向,車道劃分-分道1,車道劃分-分道2,車道劃分-分道3,事故類型及型態,性別,年齡,受傷程度,主要傷處,保護裝置,行動電話,車輛用途,當事者行動狀態,駕駛資格情形,駕駛執照種類,飲酒情形,車輛撞擊部位1,肇因碼-個別,個人肇逃否,職業,座標-X,座標-Y
114,02,20,08,40,2,07信義區,信義區基隆路1段與基隆路1段147巷口,0,0,2,1,C03,7,7,5,50,3,1,1,5,4,5,13,4,4,1,4,5,2,17,2,49,3,10,6,1,7,6,1,10,1,12,9,1,22,121.5655114,25.0426225
114,02,20,08,46,2,03中山區,中山區新生北路3段與民族東路口,0,0,1,1,B02,8,6,5,50,4,1,1,5,4,5,13,2,1,1,5,5,1,16,1,45,3,10,3,4,7,6,1,8,1,2,9,1,21,121.527665,25.0683988
114,02,20,08,49,2,05中正區,中正區博愛路131號對面,0,0,1,1,C03,8,6,5,0,14,20,4,5,4,5,13,4,4,10,5,5,2,1,1,45,3,10,5,1,7,9,1,10,2,14,108,1,22,121.5108204,25.0367147
114,02,20,08,54,2,03中山區,中山區錦西街與錦西街5巷口,0,0,1,1,C04,7,6,5,30,4,1,1,5,4,5,13,4,4,10,5,5,2,15,2,74,3,10,6,1,7,9,1,8,9,11,4,1,21,121.5218117,25.0603397
114,02,20,08,57,2,07信義區,信義區市民大道5段82號,0,0,1,1,C03,7,7,5,0,22,20,4,5,4,5,13,4,4,10,5,5,2,1,1,28,3,10,5,4,7,9,1,10,2,11,42,1,21,121.567569,25.0486227
114,02,20,08,59,2,04大安區,大安區基隆路4段與羅斯福路4段口,0,0,1,1,B03,8,6,5,50,18,9,1,5,4,5,13,2,1,5,2,4,2,16,2,26,3,10,2,1,7,7,1,8,1,4,42,1,21,121.5374564,25.0112316
114,02,20,09,48,2,03中山區,中山區北安路301號斜對面,0,0,2,1,C03,7,7,5,50,14,9,1,5,4,5,13,2,1,1,3,5,2,13,1,43,2,9,3,4,7,9,1,10,1,11,13,1,21,121.5350751,25.0779784
114,02,20,09,55,2,12內湖區,內湖區瑞光路392號,0,0,2,1,C03,8,7,5,50,14,9,1,5,4,5,13,4,4,5,4,5,2,16,1,19,2,8,5,1,7,5,1,10,1,14,80,1,21,121.5713111,25.07801939
114,02,20,09,55,2,07信義區,信義區基隆路1段與松隆路口,0,0,1,1,C03,7,7,5,50,3,2,1,5,4,5,13,2,1,1,4,5,2,13,1,25,3,10,6,1,7,9,1,10,1,11,16,1,22,121.5658273,25.0431874
114,02,20,10,22,2,06松山區,松山區東興路16號,0,0,1,1,A02,7,7,5,50,22,9,1,5,4,5,13,4,4,9,4,5,2,17,1,47,3,10,7,4,7,9,1,2,1,5,44,1,21,121.5654419,25.0495489
114,02,20,10,35,2,05中正區,中正區三元街212巷與泉州街20巷口,0,0,2,1,C03,8,7,5,30,4,1,1,5,4,5,13,4,4,10,5,5,2,15,2,39,2,8,5,4,7,9,1,10,1,12,75,1,21,121.5122534,25.0268132
114,02,20,10,45,2,07信義區,信義區永吉路30巷與永吉路30巷101弄口,0,0,2,1,B12,8,6,5,30,4,18,1,5,4,5,13,4,4,9,5,5,2,3,1,67,3,10,7,1,7,6,1,1,1,1,70,1,21,121.5688284,25.043539
114,02,20,11,00,2,09北投區,北投區石牌路2段與東華街1段口,0,0,1,1,C03,8,6,5,50,4,1,1,5,4,5,13,1,1,7,2,5,2,16,2,52,2,9,5,1,7,11,1,10,1,14,103,1,21,121.515233,25.1153036
114,02,20,11,23,2,12內湖區,內湖區民權東路6段與民權東路6段296巷口,0,0,1,1,C03,8,5,5,30,3,1,1,5,4,5,13,2,1,5,4,5,2,16,2,26,3,10,5,1,7,4,1,10,1,11,94,1,21,121.6053008,25.0724861
114,02,20,11,40,2,06松山區,松山區民權東路4段與光復北路口,0,0,1,1,B03,7,6,5,40,4,4,1,5,4,5,13,1,1,1,4,4,2,13,2,64,3,10,7,1,7,6,1,8,1,5,9,1,22,121.5542891,25.0617758
114,02,20,12,10,2,04大安區,大安區市民大道4段與敦化南路1段口,0,0,1,1,B03,8,6,5,40,4,1,1,5,4,5,13,2,1,10,5,5,2,16,1,28,3,10,3,4,7,6,1,6,1,6,9,1,21,121.5485877,25.0447566
114,02,20,12,10,2,05中正區,中正區和平西路1段與廈門街口口,0,0,1,1,B03,8,6,5,50,4,1,1,5,4,5,13,1,1,1,4,5,1,16,1,63,3,10,7,1,7,5,1,8,2,2,8,1,21,121.5184794,25.0267472
114,02,20,12,10,2,09北投區,北投區中央北路2段與稻香路口,0,0,1,1,B13,8,6,5,50,5,1,1,5,4,5,13,1,1,4,4,5,2,17,1,57,3,10,7,1,7,11,1,3,2,7,10,1,26,121.4913111,25.1385426
114,02,20,12,10,2,11南港區,南港區富康街5號,0,0,1,1,B03,7,6,5,50,14,9,1,5,4,5,13,4,4,5,4,5,2,17,1,70,3,10,2,1,7,13,1,8,1,4,40,1,21,121.6173727,25.0541809
114,02,20,12,42,2,01大同區,大同區承德路1段51號,0,0,1,1,B03,8,6,5,50,14,9,1,5,4,5,13,4,4,1,4,5,1,12,1,57,3,10,7,1,7,9,1,8,2,2,108,1,21,121.5173465,25.0515329
114,02,20,13,25,2,10文山區,文山區萬盛街36號前,0,0,2,1,C03,8,6,5,30,14,9,1,5,4,5,13,4,4,9,5,5,2,13,2,50,3,10,6,1,7,12,1,10,2,13,44,1,21,121.5390458,25.0076488
114,02,20,13,40,2,05中正區,中正區基隆路4段與羅斯福路4段口口,0,0,1,1,C03,8,6,5,50,5,1,1,5,4,5,13,1,1,1,4,5,1,17,1,44,3,10,6,1,7,5,1,10,1,14,96,1,21,121.536987,25.0112823
114,02,20,14,03,2,01大同區,大同區大稻埕堤外便道(北往南）,0,0,2,1,C03,7,6,5,30,14,9,1,5,4,5,13,4,4,10,5,5,2,17,1,69,2,8,5,1,7,8,1,10,1,14,100,1,21,121.5080009,25.0566427
114,02,20,14,12,2,04大安區,大安區通化街137號,0,0,1,1,F01,7,5,5,50,14,9,1,5,4,5,13,4,4,5,5,5,1,13,2,34,2,8,4,1,7,9,8,20,1,11,44,1,21,121.5539368,25.0290536
114,02,20,14,15,2,03中山區,中山區民權東路1段與新生北路2段口,0,0,2,1,C03,8,7,5,50,4,1,1,5,4,5,13,1,1,1,4,5,2,17,1,42,2,9,3,4,7,9,1,10,1,12,44,1,21,121.5272992,25.0625312
114,02,20,14,20,2,02萬華區,萬華區和平西路3段149號,0,0,1,1,B13,7,6,5,50,14,9,1,5,4,5,13,4,4,1,4,4,2,12,1,58,3,10,3,4,7,9,1,8,1,2,17,1,22,121.498828,25.0353488
114,02,20,16,30,2,03中山區,中山區林森北路119巷與南京東路1段132巷口,0,0,1,1,B03,7,7,5,30,4,1,1,5,4,3,13,4,4,10,5,5,2,15,2,59,3,10,3,4,7,9,1,8,1,4,72,1,21,121.5268205,25.05031319
114,02,20,16,34,2,08士林區,士林區延平北路7段與延平北路6段511巷口,0,0,1,1,C03,7,6,5,50,5,1,1,5,4,5,13,2,1,1,4,5,1,17,1,50,2,9,6,1,7,9,1,10,1,14,108,1,21,121.4978474,25.0935545
114,02,20,16,50,2,04大安區,大安區建國南路1段275號,0,0,1,1,F01,8,5,5,50,14,9,1,5,4,5,13,3,1,1,4,5,2,17,1,13,2,7,3,4,7,11,8,20,1,13,11,1,15,121.5381845,25.0363979
114,02,20,17,11,2,11南港區,南港區中南街與研究院路1段口,0,0,1,1,B03,7,7,5,30,3,2,1,5,4,5,13,4,4,1,4,5,2,16,2,27,3,10,3,1,7,6,1,8,1,8,72,1,21,121.6156146,25.0511585
114,02,20,17,48,2,01大同區,大同區南京西路316號,0,0,1,1,B03,8,5,5,50,14,9,1,5,4,5,13,4,4,9,4,5,2,13,1,27,3,10,7,4,7,9,1,8,1,5,108,1,21,121.5130089,25.0539256
114,02,20,18,11,2,12內湖區,內湖區民權東路6段與民權東路6段296巷口,0,0,1,1,C03,7,5,5,50,3,1,1,4,4,5,13,2,1,9,4,5,2,16,1,28,3,10,6,1,7,9,1,10,2,11,108,1,21,121.6052549,25.0724741
114,02,20,18,13,2,02萬華區,萬華區萬大路237巷13弄與萬大路237巷口,0,0,1,1,C03,8,5,5,30,4,1,1,5,4,5,13,4,4,9,4,5,2,3,1,66,3,10,5,1,7,9,1,9,1,11,108,1,21,121.5010351,25.0264006
114,02,20,18,19,2,03中山區,中山區中山北路2段與錦西街口,0,0,1,1,B03,8,5,5,50,4,1,1,5,4,5,13,1,1,1,4,5,2,16,1,47,3,10,3,4,7,6,1,8,1,5,44,1,22,121.5229461,25.0602208
114,02,20,18,52,2,04大安區,大安區基隆路3段與長興街口,0,0,1,1,B03,7,5,5,50,4,1,1,5,4,5,13,2,1,1,4,1,2,12,2,55,3,10,3,4,7,10,1,8,1,5,17,1,22,121.5446254,25.0173539
114,02,20,19,01,2,03中山區,中山區新生北路2段51號,0,0,2,1,C03,8,5,5,50,14,9,1,5,4,5,13,4,4,8,3,5,2,13,1,24,2,7,6,4,7,9,1,9,1,11,14,1,21,121.5277372,25.056059
114,02,20,19,11,2,01大同區,大同區民權西路與蘭州街口,0,0,2,1,C03,7,5,5,50,4,2,1,5,4,5,13,2,1,1,4,5,2,17,1,31,3,10,3,4,7,5,1,10,1,14,42,1,21,121.5148336,25.0630607
114,02,20,19,20,2,08士林區,士林區延平北路5段與中正路口,0,0,2,1,C03,7,6,5,50,4,1,1,5,4,5,13,1,1,1,5,5,1,17,1,78,2,9,5,1,7,9,1,10,2,11,108,1,21,121.5094041,25.0864469
114,02,20,19,20,2,10文山區,文山區新光路1段與新光路1段159巷口,0,0,1,1,B03,7,5,5,50,3,1,1,5,4,5,13,1,1,10,5,5,2,16,1,50,3,10,7,1,7,5,1,8,1,2,74,1,21,121.5737901,24.9925875
114,02,20,19,28,2,05中正區,中正區中華路2段與廣州街口,0,0,2,1,B02,7,5,5,50,14,9,1,5,4,5,13,1,1,1,4,5,2,12,1,54,3,10,7,1,7,8,1,8,1,8,100,1,22,121.5065081,25.0356477
114,02,20,19,44,2,07信義區,信義區基隆路2段與基隆路2段39巷口,0,0,1,1,C03,7,5,5,50,3,1,1,5,4,5,13,4,4,1,4,5,2,16,2,46,2,8,3,4,7,9,1,10,1,11,108,1,21,121.558648,25.031331
114,02,20,19,49,2,12內湖區,內湖區陽光街與成功路3段口,0,0,1,1,B03,7,6,5,50,4,1,1,5,4,5,13,2,1,9,4,5,2,16,1,50,3,10,7,1,7,6,1,8,1,2,9,1,21,121.5903844,25.077448
114,02,20,19,56,2,06松山區,松山區南京東路5段291巷與南京東路5段291巷20弄口,0,0,1,1,C03,7,5,5,30,4,1,1,5,4,5,13,4,4,10,5,5,1,17,1,34,2,8,6,1,7,9,1,10,1,14,13,1,22,121.566152,25.0523919
114,02,20,20,45,2,07信義區,信義區和平東路3段453號,0,0,1,1,C03,7,5,5,50,14,9,1,5,4,5,13,2,1,1,4,5,2,17,1,62,2,9,3,4,7,9,1,10,2,11,44,1,21,121.5586675,25.0186924
114,02,20,20,49,2,02萬華區,萬華區艋舺大道與和平西路2段口,0,0,1,1,A02,7,5,5,50,4,2,1,5,4,5,13,2,1,1,4,5,2,9,1,46,3,10,7,1,7,1,1,2,1,17,44,1,21,121.5045354,25.0337457
114,02,20,20,54,2,08士林區,士林區德行東路與中山北路6段口,0,0,2,1,C03,7,5,5,50,4,2,1,5,4,5,13,2,1,1,4,5,1,17,2,49,2,9,5,1,7,5,1,10,1,12,8,1,21,121.5233848,25.11575723
114,02,20,20,58,2,03中山區,中山區復興北路50號與朱崙街口,0,0,1,1,B03,7,5,5,50,3,1,1,5,4,5,13,4,4,8,3,5,2,16,1,26,3,10,7,4,7,6,1,8,1,1,9,1,21,121.54376,25.0494008
114,02,20,21,00,2,03中山區,中山區新生北路1段150號前迴轉道,0,0,1,1,B03,7,5,5,50,14,9,1,5,4,5,13,4,4,1,4,5,2,13,1,67,3,10,7,1,7,9,1,4,1,5,108,1,21,121.5277211,25.0513682
114,02,20,21,23,2,05中正區,中正區忠孝東路1段與忠孝東路1段84巷口,0,0,1,1,C03,6,5,5,50,3,2,1,4,4,5,13,4,4,1,4,5,2,17,1,23,2,9,6,4,7,9,1,10,1,12,14,1,22,121.5242452,25.04453282
114,02,20,21,26,2,11南港區,南港區舊莊街1段23號,0,0,2,1,C03,6,5,5,50,14,9,1,4,4,5,13,4,4,9,5,5,2,17,1,40,2,8,5,4,7,10,1,10,1,12,44,1,22,121.6183659,25.0413441
114,02,20,21,36,2,05中正區,中正區汀州路1段105號前,0,0,2,1,C03,7,5,5,50,14,9,1,5,4,5,13,4,4,9,5,5,2,16,1,48,2,9,6,1,7,1,1,10,1,11,19,1,22,121.509195,25.0281882
114,02,20,21,48,2,06松山區,松山區光復北路與南京東路4段179巷3弄口,0,0,2,1,C03,6,5,5,30,5,1,1,4,4,5,13,4,4,1,4,5,2,15,1,58,2,7,5,1,7,9,1,10,1,12,72,1,26,121.5571727,25.0521759
114,02,20,21,50,2,04大安區,大安區青田街2巷與青田街口,0,0,2,1,C03,6,5,5,30,4,1,1,4,4,5,13,4,4,10,5,5,2,15,1,21,2,9,6,1,7,9,1,10,1,11,72,1,21,121.5319717,25.0285939
114,02,20,22,40,2,03中山區,中山區中山北路2段與民權西路口,0,0,1,1,C03,7,5,5,50,4,1,1,5,4,5,13,2,1,9,4,5,2,17,1,49,3,10,5,1,7,6,1,10,1,14,16,1,21,121.5224102,25.0629574
114,02,20,23,06,2,07信義區,信義區松山路415號,0,0,1,1,C03,6,5,5,50,14,9,1,4,4,5,13,4,4,10,5,5,2,13,1,31,2,9,5,4,7,9,1,10,1,11,108,1,21,121.5779162,25.0412237
114,02,21,00,39,2,02萬華區,萬華區環河南路1段與武昌街2段口,0,0,1,1,B02,8,5,5,50,4,4,1,5,4,5,13,1,1,8,3,5,1,17,1,50,3,10,7,1,7,9,1,8,1,5,108,1,21,121.5027862,25.045665
114,02,21,01,39,2,07信義區,信義區基隆路1段與永吉路口,0,0,1,1,C04,8,5,5,50,5,1,1,5,4,5,13,2,1,10,5,5,2,18,2,20,2,8,5,4,7,9,1,10,1,14,116,1,21,121.5669936,25.0459402
114,02,21,02,29,2,07信義區,信義區吳興街365巷41號,0,0,1,1,C03,6,5,5,30,14,9,1,4,4,5,13,4,4,10,5,5,2,16,2,68,2,1,5,1,7,1,1,10,1,12,19,1,21,121.5682699,25.026237
114,02,21,03,26,2,10文山區,文山區景隆街與景隆街1巷口,0,0,2,1,C03,7,5,5,30,5,1,1,4,4,5,13,1,1,10,5,5,2,16,1,45,3,10,6,1,7,15,1,9,1,11,81,1,21,121.5399178,25.0004104
114,02,21,05,54,2,07信義區,信義區忠孝東路5段與大道路口,0,0,2,1,F01,7,6,5,50,5,2,2,4,4,5,13,1,1,1,4,5,2,15,1,72,2,9,4,1,7,9,8,20,9,12,81,1,21,121.5818361,25.0434255
114,02,21,07,00,2,05中正區,中正區漢口街1段與博愛路口,0,0,1,1,B12,7,5,5,50,4,4,1,4,4,5,13,2,1,10,4,5,2,13,2,68,3,10,7,1,7,9,1,8,2,8,108,1,21,121.5111936,25.0451804
114,02,21,07,01,2,11南港區,南港區研究院路2段182巷與研究院路口側附近2段口,0,0,2,1,C03,6,6,5,50,3,1,1,4,4,5,13,1,1,9,5,5,2,16,1,49,2,9,3,4,7,9,1,10,1,11,118,1,22,121.6170049,25.0374164
114,02,21,07,05,2,01大同區,大同區昌吉街99巷10號,0,0,1,1,B03,7,6,5,30,14,9,1,4,4,5,13,4,4,9,4,5,2,17,1,46,3,10,7,1,7,1,1,8,1,8,19,1,21,121.5115376,25.0669594
114,02,21,07,20,2,09北投區,北投區石牌路1段70號與石牌路1段71巷口,0,0,3,1,C03,7,5,5,50,3,1,1,5,4,5,13,4,4,5,4,5,2,1,2,70,2,9,3,4,7,9,1,10,2,11,70,1,22,121.5113069,25.1135454
114,02,21,07,22,2,11南港區,南港區南港路3段與南港路3段314巷口,0,0,2,1,C03,6,7,5,50,4,2,1,4,4,5,13,2,1,9,4,5,2,16,2,43,2,9,6,1,7,5,1,10,1,12,71,1,21,121.5814473,25.0516277
114,02,21,07,42,2,01大同區,大同區承德路3段與民權西路口,0,0,1,1,C03,7,6,5,50,4,1,1,5,4,5,13,1,1,1,4,5,2,12,1,36,4,11,6,1,7,15,1,10,11,15,108,2,21,121.5183608,25.0631119
114,02,21,08,04,2,09北投區,北投區尊賢街239巷與無名巷口,0,0,2,1,C03,7,6,5,30,4,1,1,5,4,5,13,4,4,10,5,5,2,15,1,72,2,9,6,1,7,9,1,10,1,14,72,1,21,121.506898,25.1160002
114,02,21,08,21,2,12內湖區,內湖區南京東路6段119號,0,0,2,1,C03,7,6,5,30,14,9,1,4,4,5,13,4,4,10,4,5,2,17,1,24,2,9,6,1,7,12,1,10,2,17,16,1,22,121.5781471,25.0557683
114,02,21,08,23,2,08士林區,士林區承德路5段與文林路587巷口,0,0,2,1,C03,7,6,5,40,14,8,1,5,4,5,13,2,1,1,4,4,2,13,2,41,2,9,6,1,7,9,1,10,9,11,16,1,21,121.5136669,25.0974047
114,02,21,08,35,2,05中正區,中正區公園路與愛國西路口,0,0,1,1,C03,7,6,5,50,5,1,2,4,4,5,13,2,1,1,4,5,2,13,1,60,2,8,5,1,7,6,1,10,1,11,108,1,22,121.5149867,25.03558206
114,02,21,08,40,2,05中正區,中正區重慶南路3段與詔安街口,0,0,2,1,C03,8,7,5,30,3,1,1,5,4,5,13,4,4,1,4,5,2,16,2,68,2,8,5,4,7,6,3,18,2,14,72,1,21,121.5164471,25.0251434
114,02,21,08,40,2,06松山區,松山區東興路與八德路4段口,0,0,1,1,B03,7,7,5,50,4,1,1,5,4,5,13,1,1,9,4,5,2,16,2,23,3,10,7,1,7,6,1,8,1,7,44,1,22,121.5654717,25.0491313
114,02,21,08,45,2,04大安區,大安區仁愛路4段300巷19弄4號,0,0,1,1,B03,7,5,5,30,14,9,1,5,4,5,13,4,4,10,3,5,1,13,2,44,3,10,7,1,7,9,1,8,1,5,108,1,21,121.5546365,25.0362304
114,02,21,08,45,2,05中正區,中正區延平南路與貴陽街1段口,0,0,1,1,B03,7,7,5,50,4,1,1,5,4,5,13,1,1,4,4,5,2,17,1,63,3,10,7,1,7,5,1,8,1,2,74,1,21,121.5087245,25.03916636
114,02,21,08,50,2,05中正區,中正區羅斯福路1段與福州街口口,0,0,1,1,C03,7,6,5,50,5,2,1,4,4,5,13,1,1,1,4,5,1,13,1,20,2,7,6,1,7,9,1,10,2,11,16,1,21,121.5203506,25.0295718
114,02,21,08,57,2,07信義區,信義區崇德街288號,0,0,1,1,B03,7,7,5,30,11,9,1,4,4,5,13,4,4,10,5,5,2,17,1,27,3,10,7,1,7,15,1,8,1,8,5,1,22,121.5600357,25.01799487
114,02,21,09,10,2,03中山區,中山區中山北路4段與北安路口往東第二支燈桿,0,0,1,1,C03,7,6,5,50,14,9,1,5,4,5,13,4,4,9,4,5,2,13,1,26,2,7,5,1,7,9,1,10,1,11,108,1,21,121.5275558,25.07675946
114,02,21,09,17,2,12內湖區,內湖區堤外便道五分疏散門,0,0,1,1,C03,6,6,5,50,14,9,1,4,4,5,13,2,1,5,5,5,2,12,2,63,2,1,5,1,7,9,1,10,2,15,42,1,21,121.6138621,25.0654133
114,02,21,09,23,2,07信義區,信義區吳興街365巷與吳興街口,0,0,2,1,F01,6,6,5,50,4,1,1,4,4,5,13,4,4,9,5,5,2,3,2,55,2,9,4,1,7,9,8,20,1,12,70,1,22,121.5667445,25.0254261
114,02,21,09,30,2,08士林區,士林區中山北路5段與中山北路5段378巷口口,0,0,1,1,C03,7,6,5,50,14,9,1,5,4,5,13,1,1,1,3,4,1,13,2,48,3,10,5,1,7,14,1,10,1,17,14,1,21,121.5275906,25.09032752
114,02,21,09,32,2,02萬華區,萬華區環河南路2段5巷與華西街口,0,0,1,1,C03,7,6,5,30,4,1,1,5,4,5,13,4,4,10,5,5,2,15,1,54,3,10,6,1,7,9,1,10,1,12,72,1,21,121.4985141,25.0395597
114,02,21,10,00,2,10文山區,文山區萬慶街與萬慶街51巷口,0,0,1,1,B03,6,6,5,30,3,2,1,4,4,5,13,4,4,10,5,5,2,9,1,61,3,10,7,1,7,2,1,8,1,3,12,1,22,121.5383628,24.9933955
114,02,21,10,00,2,10文山區,文山區辛亥隧道(外)80公尺處(北往南),0,0,1,1,C04,8,6,5,50,11,9,1,5,4,5,13,4,4,1,4,5,2,17,1,36,2,8,5,1,7,9,1,10,2,12,108,1,21,121.5578042,25.0093247
114,02,21,10,03,2,05中正區,中正區青島東路與林森南路口,0,0,1,1,B02,8,6,5,50,4,1,1,5,4,5,13,2,1,5,4,4,2,16,1,30,3,10,7,1,7,6,1,8,2,3,9,1,22,121.5229458,25.04363837
114,02,21,10,05,2,11南港區,南港區三重路81號,0,0,2,1,B12,6,6,5,30,14,9,1,4,4,5,13,4,4,10,5,5,2,16,1,32,3,10,3,4,7,6,1,8,1,5,9,1,22,121.6138666,25.06104538
114,02,21,10,06,2,12內湖區,內湖區環山路1段74號前,0,0,1,1,B03,7,7,5,50,3,1,1,5,4,5,13,4,4,5,4,5,2,16,2,80,3,10,7,1,7,11,6,18,1,2,10,1,21,121.5673057,25.0864506
114,02,21,10,10,2,08士林區,士林區文林路773號,0,0,1,1,C03,7,7,5,50,14,9,1,5,4,5,13,4,4,1,1,1,1,17,1,34,2,9,5,1,7,9,1,10,1,17,44,1,21,121.5194801,25.10363758
114,02,21,10,39,2,03中山區,中山區長安東路2段152號,0,0,1,1,C03,8,6,5,50,14,9,1,5,4,5,13,4,4,5,4,4,2,12,1,59,3,10,5,1,7,9,1,10,1,12,108,1,22,121.5387109,25.04840478
114,02,21,11,01,2,01大同區,大同區重慶北路1段與南京西路口,0,0,1,1,B01,7,6,5,50,4,2,1,5,4,5,13,1,1,5,2,5,2,17,1,54,3,10,7,1,7,6,1,4,1,2,9,1,21,121.5142839,25.05401103
114,02,21,11,20,2,04大安區,大安區仁愛路4段與安和路1段口,0,0,1,1,C03,7,5,5,50,4,1,1,5,4,5,13,2,1,1,4,5,2,17,2,44,3,10,6,1,7,10,1,10,1,13,100,1,21,121.5514334,25.0376157
114,02,21,11,46,2,05中正區,中正區汀州路3段與思源街口,0,0,1,1,B03,8,7,5,50,3,1,1,5,4,5,13,4,4,1,4,5,2,16,1,45,3,10,7,4,7,6,1,8,2,5,9,1,21,121.5320679,25.0148541
114,02,21,12,01,2,05中正區,中正區中山南路與凱達格蘭大道口,0,0,1,1,C03,8,7,5,50,5,1,1,5,4,5,13,1,1,1,3,1,2,12,1,37,3,10,6,1,7,9,1,10,1,12,108,1,21,121.5176601,25.0394643
114,02,21,12,06,2,12內湖區,內湖區港墘路127巷與港墘路127巷6弄口,0,0,1,1,C03,7,6,5,30,4,1,1,5,4,5,13,4,4,5,5,5,2,17,1,68,2,9,6,1,7,9,1,10,1,12,72,1,21,121.5765664,25.0778484
114,02,21,12,07,2,11南港區,南港區宜興橋與新北市汐止區林森街口,0,0,1,1,F01,6,6,5,30,4,2,1,4,4,5,13,4,4,5,2,5,2,16,2,77,2,9,3,4,7,5,8,20,1,12,80,1,21,121.6208545,25.0412024
114,02,21,12,16,2,12內湖區,內湖區新湖二路與新湖一路128巷口,0,0,1,1,C03,7,6,5,50,3,1,1,5,4,5,13,4,4,5,5,5,2,16,1,30,2,9,5,1,7,5,1,10,1,14,72,1,21,121.5763367,25.061087
114,02,21,12,37,2,05中正區,中正區羅斯福路4段與基隆路4段口,0,0,2,1,C03,7,6,5,50,4,1,1,5,4,5,13,1,1,1,4,5,2,13,2,21,2,8,5,1,7,9,1,10,1,11,108,1,21,121.5368445,25.0114303
114,02,21,14,05,2,08士林區,士林區至善路2段與至善路2段460巷口,0,0,1,1,C03,7,5,5,50,3,1,1,5,4,5,13,2,1,1,4,5,2,15,1,40,2,9,6,1,7,9,5,18,1,11,81,1,21,121.5571524,25.1099055
114,02,21,14,38,2,03中山區,中山區松江路156巷與一江街口,0,0,2,1,C03,8,6,5,30,4,1,1,5,4,5,13,4,4,8,5,5,1,15,1,37,2,8,3,4,7,9,1,10,1,12,72,1,21,121.531567,25.05437991
114,02,21,14,45,2,03中山區,中山區農安街與民權東路2段71巷口,0,0,1,1,C03,8,7,5,50,4,1,1,5,4,5,13,1,1,5,5,5,2,16,4,0,,,,,,,,,,,119,2,,121.5316133,25.0647985
114,02,21,15,04,2,12內湖區,內湖區民權東路6段46巷與民權東路6段口,0,0,1,1,B03,7,6,5,50,4,1,1,5,4,5,13,2,1,1,4,5,2,16,1,73,3,10,3,4,7,5,1,8,1,6,71,1,22,121.5816144,25.067912
114,02,21,15,35,2,01大同區,大同區民權西路144巷與民權西路口,0,0,1,1,B01,7,6,5,40,4,1,1,5,4,5,13,2,1,9,4,5,2,15,1,69,3,10,7,1,7,9,1,10,2,1,81,1,21,121.5159922,25.0629064
114,02,21,15,37,2,11南港區,南港區同德路87號,0,0,1,1,C04,8,6,5,50,14,9,1,5,4,5,13,4,4,5,2,5,2,12,1,67,3,10,5,1,7,7,1,10,1,17,100,1,21,121.5864071,25.0462687
114,02,21,15,45,2,08士林區,士林區承德路5段與通河東街2段10巷口,0,0,2,1,C03,7,6,5,40,3,1,1,5,4,5,13,1,1,10,5,5,2,17,2,43,3,10,3,4,7,9,1,10,1,11,108,1,21,121.51559,25.0916317
114,02,21,15,52,2,06松山區,松山區光復北路與民生東路5段口,0,0,1,1,C04,7,6,5,50,4,2,1,5,4,5,13,1,1,4,3,5,2,3,2,59,3,10,5,1,7,6,1,10,1,11,70,1,21,121.5554006,25.0582239
114,02,21,16,20,2,03中山區,中山區民族東路與松江路口,0,0,1,1,B12,8,7,5,50,4,1,1,5,4,5,13,2,1,9,4,5,2,17,1,37,3,10,7,1,7,9,1,8,1,2,108,1,21,121.542795,25.0792688
114,02,21,16,24,2,02萬華區,萬華區民和街與德昌街94巷口,0,0,1,1,C03,7,5,5,30,3,1,1,5,4,5,13,4,4,9,5,5,2,17,2,70,2,9,5,4,7,6,1,11,1,14,9,1,21,121.497724,25.02544452
114,02,21,16,25,2,04大安區,大安區基隆路4段與基隆路4段73巷口口往南,0,0,2,1,C03,7,6,5,50,4,2,1,5,4,5,13,2,1,1,4,5,2,17,1,24,4,11,3,4,7,7,1,10,11,15,100,2,21,121.5394093,25.0132415
114,02,21,16,27,2,09北投區,北投區中央北路4段589號對面,0,0,1,1,B12,7,5,5,50,14,9,1,5,4,5,13,4,4,5,4,5,2,12,1,29,3,10,3,4,7,8,1,8,1,6,100,1,21,121.4654543,25.1254583
114,02,21,16,30,2,11南港區,南港區忠孝東路6段225巷與忠孝東路6段口,0,0,1,1,F01,7,6,5,30,4,2,1,5,4,5,13,4,4,10,5,5,2,17,2,50,2,1,2,4,7,7,8,20,1,15,100,1,22,121.5884456,25.0494205
114,02,21,16,41,2,01大同區,大同區重慶北路3段與民族西路221巷口,0,0,1,1,B02,8,5,5,50,4,1,1,5,4,5,13,4,4,1,4,5,2,16,2,48,3,10,7,1,7,6,1,10,2,5,9,1,21,121.513468,25.0691515
114,02,21,16,53,2,04大安區,大安區樂利路與樂利路27巷口,0,0,1,1,F01,7,5,5,40,4,1,1,5,4,5,13,4,4,8,3,5,1,16,1,14,3,10,4,1,7,5,8,20,1,11,74,1,21,121.5514241,25.0275058