發生年度,發生月,發生日,發生時-Hours,發生分,處理別-編號,區序,肇事地點,死亡人數,2-30日死亡人數,受傷人數,當事人序號,車種,天候,光線,道路類別,速限-速度限制,道路型態,事故位置,路面狀況1,路面狀況2,路面狀況3,道路障礙1,道路障礙2,號誌1,號誌2,車道劃分-分向,車道劃分-分道1,車道劃分-分道2,車道劃分-分道3,事故類型及型態,性別,年齡,受傷程度,主要傷處,保護裝置,行動電話,車輛用途,當事者行動狀態,駕駛資格情形,駕駛執照種類,飲酒情形,車輛撞擊部位1,肇因碼-個別,個人肇逃否,職業,座標-X,座標-Y
114,02,21,17,25,2,03中山區,中山區南京東路3段與龍江路口,0,0,1,1,A02,7,7,5,40,4,1,1,5,4,5,13,1,1,1,4,5,2,9,1,48,3,10,7,1,7,9,1,2,1,15,44,1,22,121.54062,25.0519264
114,02,21,17,26,2,08士林區,士林區文林路615巷20號,0,0,1,1,B03,7,7,5,30,22,9,1,5,4,5,13,4,4,10,5,5,1,17,2,44,3,10,7,1,7,1,1,8,1,1,19,1,21,121.5220064,25.0992297
114,02,21,17,41,2,09北投區,北投區東華街2段212號南往北方向,0,0,1,1,C03,8,5,5,50,14,9,1,5,4,5,13,4,4,9,4,5,1,11,1,63,3,10,6,1,7,8,1,10,1,12,100,1,21,121.5096524,25.1204098
114,02,21,17,49,2,05中正區,中正區重慶南路3段26巷與重慶南路3段口,0,0,2,1,C03,8,5,5,50,3,1,1,5,4,5,13,4,4,1,4,5,2,17,2,47,2,9,5,1,7,6,1,10,1,12,9,1,21,121.5154704,25.02882853
114,02,21,17,50,2,08士林區,士林區光華路61巷4弄078號燈桿,0,0,1,1,C03,7,5,5,30,11,9,1,5,4,5,13,4,4,10,5,5,2,17,2,18,2,7,3,4,7,6,1,10,1,11,42,1,22,121.5233573,25.11578184
114,02,21,18,10,2,07信義區,信義區松山路與松山路249巷口,0,0,1,1,F03,6,5,5,0,4,1,1,4,4,5,13,2,1,10,5,5,2,17,2,22,2,9,5,4,7,5,8,20,1,12,8,1,22,121.5778398,25.0444141
114,02,21,18,20,2,11南港區,南港區東新街與南港路3段口,0,0,1,1,C03,6,5,5,50,5,1,1,4,4,5,13,2,1,1,2,5,2,12,1,51,3,10,6,1,7,9,1,10,1,14,17,1,21,121.5826949,25.0516679
114,02,21,18,31,2,12內湖區,內湖區成功路4段30巷28弄與成功路4段30巷口口,0,0,1,1,B03,6,5,5,30,3,1,1,4,4,5,13,4,4,10,5,5,2,16,1,24,3,10,7,1,7,5,1,8,2,8,72,1,21,121.5919831,25.082553
114,02,21,18,33,2,08士林區,士林區承德路4段10巷與通河街76巷口,0,0,1,1,F01,7,5,5,30,4,2,1,5,4,5,13,4,4,10,5,5,2,16,1,29,2,9,4,1,7,9,8,20,1,12,72,1,21,121.5201326,25.08007964
114,02,21,18,47,2,07信義區,信義區松德路195號,0,0,1,1,B03,6,5,5,30,14,8,1,4,4,5,13,4,4,1,4,4,2,12,1,46,3,10,3,4,7,1,1,8,1,4,19,1,21,121.5747205,25.0358577
114,02,21,18,48,2,06松山區,松山區寶清街3號,0,0,2,1,H01,8,5,5,0,14,9,1,5,4,5,13,4,4,9,4,5,2,3,2,18,3,10,4,5,8,18,8,20,1,17,121,1,22,121.5689702,25.04969817
114,02,21,18,52,2,03中山區,中山區林森北路與中山北路2段59巷口,0,0,1,1,C03,7,5,5,50,4,2,1,5,4,5,13,4,4,9,5,5,2,16,1,47,2,9,6,1,7,9,1,10,2,12,108,1,21,121.525478,25.0558329
114,02,21,18,53,2,02萬華區,萬華區西寧南路與西寧南路99巷口,0,0,2,1,C03,7,5,5,50,3,2,1,5,4,5,13,4,4,10,4,5,2,17,1,27,2,8,6,1,7,7,1,15,1,14,100,1,21,121.5066901,25.0452823
114,02,21,19,01,2,12內湖區,內湖區民權東路6段150號附近側附近,0,0,1,1,C03,7,6,5,50,14,9,1,4,4,5,13,4,4,9,4,5,2,13,2,30,2,8,6,1,7,9,1,9,2,11,16,1,21,121.5903711,25.0686268
114,02,21,19,09,2,10文山區,文山區羅斯福路5段176巷與溪洲街107巷口口,0,0,1,1,B03,8,5,5,30,4,1,1,5,4,5,13,4,4,10,5,5,2,15,1,48,3,10,7,1,7,9,1,8,9,1,75,1,21,121.5387553,25.00402757
114,02,21,19,10,2,03中山區,中山區新生北路3段與濱江街口,0,0,1,1,B03,7,5,5,50,3,1,1,5,4,5,13,4,4,8,5,5,2,3,1,26,3,10,7,1,7,5,3,18,9,8,70,1,22,121.5279785,25.0705817
114,02,21,19,10,2,05中正區,中正區金山南路1段與信義路2段口,0,0,1,1,C03,7,5,5,50,4,1,1,5,4,5,13,1,1,10,5,5,2,17,1,86,2,9,5,1,7,9,1,10,2,12,42,1,21,121.5273501,25.0340961
114,02,21,19,29,2,12內湖區,內湖區行善路181巷與新豐街口,0,0,1,1,B03,7,5,5,30,3,1,1,5,4,5,13,4,4,10,5,5,2,2,1,42,3,10,7,1,7,5,1,8,1,1,70,1,21,121.5819573,25.0591616
114,02,21,20,13,2,08士林區,士林區承德路5段兒童新樂園對面,0,0,4,1,C03,7,5,5,40,14,11,1,5,4,5,13,4,4,3,4,4,2,13,1,18,2,8,3,4,7,9,1,10,1,11,16,1,21,121.5136425,25.0965104
114,02,21,20,21,2,03中山區,中山區復興北路234號,0,0,2,1,C03,7,5,5,50,14,9,1,4,4,5,13,4,4,1,4,5,2,13,1,24,2,8,6,1,7,9,1,10,1,11,16,1,21,121.5440452,25.0574366
114,02,21,21,10,2,01大同區,大同區重慶北路3段260號,0,0,2,1,C03,7,5,5,50,14,9,1,5,4,5,13,4,4,1,4,5,2,17,2,19,2,9,3,4,7,9,1,10,1,11,108,1,21,121.5136985,25.0715681
114,02,21,21,15,2,03中山區,中山區復興北路78號,0,0,1,1,B03,8,5,5,50,14,9,1,5,4,5,13,4,4,1,4,5,2,17,1,48,3,10,7,1,7,1,1,8,1,17,19,1,21,121.5439247,25.05120845
114,02,21,21,25,2,05中正區,中正區三元街與寧波西街口,0,0,2,1,C03,6,5,5,50,4,1,1,4,4,5,13,2,1,3,4,4,2,17,2,35,2,9,5,1,7,7,1,10,1,13,95,1,21,121.5112263,25.0280124
114,02,21,21,32,2,03中山區,中山區長安東路1段50號,0,0,1,1,B03,8,5,5,50,14,9,1,5,4,5,13,4,4,9,4,5,2,14,1,25,3,10,7,1,7,2,1,8,9,15,12,2,26,121.527612,25.04842178
114,02,21,21,45,2,03中山區,中山區林森北路與長春路口,0,0,1,1,B03,8,5,5,50,14,9,1,5,4,5,13,1,1,5,4,5,2,12,1,78,3,10,3,4,7,7,1,14,1,5,100,1,22,121.5254034,25.0550587
114,02,21,21,51,2,01大同區,大同區民族西路與重慶北路3段口口,0,0,1,1,C03,8,5,5,50,4,1,1,5,4,5,13,2,1,5,5,5,2,16,2,34,2,9,6,1,7,9,1,10,1,11,44,1,21,121.5136982,25.0685689
114,02,21,22,00,2,04大安區,大安區忠孝東路4段223巷與忠孝東路4段223巷20弄口,0,0,1,1,B03,6,5,5,30,4,1,1,4,4,5,13,4,4,10,5,5,2,17,1,47,3,10,7,1,7,9,1,4,1,17,72,1,22,121.5530151,25.0425337
114,02,21,23,15,2,08士林區,士林區重慶北路4段與通河西街1段口,0,0,1,1,B01,7,5,5,50,3,2,1,5,4,5,13,1,1,1,4,5,2,17,1,57,3,10,7,1,7,6,1,4,2,5,9,1,22,121.512981,25.0819534
114,02,21,23,41,2,10文山區,文山區辛亥路4段與辛亥路4段209巷口,0,0,1,1,C03,6,5,5,50,3,1,1,4,4,5,13,4,4,1,4,5,2,17,1,21,2,9,6,1,7,9,1,10,1,14,13,1,21,121.5556413,25.002444
114,02,22,00,03,2,04大安區,大安區無名巷與無名巷口與廢鐵道口(延吉街131巷1弄30號前),0,0,1,1,B03,6,5,5,30,4,1,1,4,4,5,13,4,4,10,5,5,2,17,1,34,3,10,7,1,7,9,1,8,1,17,72,1,22,121.5546636,25.0437265
114,02,22,00,12,2,10文山區,文山區羅斯福路5段與萬盛街口,0,0,1,1,B03,7,5,5,50,4,1,1,5,4,5,13,2,1,1,2,5,2,16,1,26,3,10,7,1,7,5,1,8,2,5,71,1,21,121.5382445,25.0081041
114,02,22,00,33,2,06松山區,松山區八德路4段723號,0,0,2,1,C03,6,5,5,40,14,8,1,4,4,5,13,4,4,1,3,4,2,18,1,19,2,9,6,1,7,9,1,10,1,12,116,1,21,121.5772166,25.0500996
114,02,22,00,56,2,03中山區,(林森北路282號前),0,0,1,1,B01,8,5,5,50,14,9,1,5,4,5,13,4,4,8,3,5,2,16,1,68,3,10,7,4,7,11,1,4,1,5,10,1,21,121.5254129,25.055403
114,02,22,06,24,2,07信義區,信義區吳興街583巷與松仁路308巷口口,0,0,1,1,C03,7,5,8,30,3,1,1,5,4,5,13,4,4,10,5,5,2,17,1,54,4,11,3,4,7,21,7,19,9,15,5,2,22,121.5701953,25.0218804
114,02,22,08,07,2,01大同區,大同區大稻埕堤外便道與南京西路口325-2號,0,0,3,1,C03,8,6,5,40,3,2,1,5,4,5,13,1,1,10,5,5,1,13,1,17,2,8,6,1,7,15,2,18,2,12,108,1,21,121.5072565,25.0537384
114,02,22,09,13,2,05中正區,中正區中華路2段與西藏路口,0,0,2,1,C03,8,6,5,50,4,1,1,5,4,5,13,1,1,5,4,5,2,17,1,33,2,8,5,1,7,9,1,9,2,12,85,1,21,121.5042039,25.0300481
114,02,22,10,18,2,10文山區,文山區指南路3段與指南路3段157巷口口,0,0,2,1,C03,7,7,5,30,3,1,1,5,4,5,13,4,4,10,5,5,2,16,2,50,2,9,5,1,7,5,1,10,2,12,74,1,21,121.5984423,24.9723956
114,02,22,10,30,2,03中山區,中山區民權東路2段135巷與民權東路2段口,0,0,1,1,B03,8,7,5,50,4,1,1,5,4,5,13,2,1,1,4,5,2,11,1,65,3,10,7,1,7,5,3,18,1,1,8,1,21,121.5347899,25.0625038
114,02,22,10,31,2,03中山區,中山區長安東路2段與復興北路口,0,0,1,1,C03,7,6,5,50,14,9,1,5,4,5,13,2,1,4,5,5,1,17,1,52,3,10,3,4,7,7,3,18,1,14,80,1,21,121.543706,25.04824661
114,02,22,11,24,2,03中山區,中山區市民大道3段169號,0,0,2,1,C03,8,6,5,40,14,9,1,5,4,5,13,4,4,1,4,5,2,13,1,33,3,10,6,4,7,9,1,10,1,17,35,1,22,121.5407576,25.0446503
114,02,22,12,00,2,04大安區,大安區忠孝東路4段42號,0,0,2,1,A04,8,7,5,50,14,9,1,5,4,5,13,4,4,1,4,5,2,12,1,62,3,10,7,1,7,10,1,2,1,2,100,1,21,121.544775,25.0414906
114,02,22,12,02,2,08士林區,士林區重慶北路4段與百齡橋口,0,0,1,1,C03,7,5,5,50,3,4,1,5,4,5,13,1,1,1,4,5,2,13,2,28,2,7,6,1,7,9,1,10,1,11,16,1,21,121.5113281,25.0870931
114,02,22,12,08,2,06松山區,松山區民生東路4段與光復北路口,0,0,2,1,C03,7,7,5,50,4,1,1,5,4,5,13,2,1,5,4,4,2,17,2,37,2,9,5,1,7,5,1,10,2,15,71,1,22,121.5551889,25.0582441
114,02,22,12,10,2,12內湖區,內湖區麥帥一橋機車道內湖往松山,0,0,1,1,C03,7,6,5,40,8,11,1,5,4,5,13,4,4,9,4,5,2,13,1,20,2,8,5,1,7,9,1,10,1,11,76,1,21,121.5667213,25.05138901
114,02,22,12,10,2,07信義區,信義區基隆路2段與嘉興街口,0,0,1,1,C03,7,6,5,50,3,2,1,5,4,5,13,4,4,1,4,5,2,17,2,71,2,7,3,4,7,9,1,10,1,11,118,1,22,121.5592443,25.0326063
114,02,22,12,11,2,10文山區,文山區木柵路4段26號對面,0,0,1,1,C03,7,6,5,50,14,9,1,5,4,5,13,4,4,5,4,5,2,13,1,30,3,10,5,1,7,9,1,10,1,11,76,1,21,121.5732679,24.9970881
114,02,22,12,45,2,09北投區,士林區中山北路5段470巷與福林路口,0,0,1,1,C03,7,7,5,50,14,9,1,5,4,5,13,4,4,5,4,5,1,3,1,30,2,9,5,1,7,9,1,10,2,14,42,1,23,121.5293889,25.0946704
114,02,22,13,14,2,03中山區,中山區南京東路3段與建國北路2段口,0,0,1,1,B01,8,6,5,50,22,19,1,5,4,5,13,2,1,1,5,5,1,1,1,69,3,10,3,4,7,6,1,4,9,5,70,1,21,121.5369777,25.05217958
114,02,22,13,17,2,10文山區,文山區羅斯福路5段與羅斯福路5段92巷口,0,0,3,1,C03,7,6,5,50,3,1,1,5,4,5,13,4,4,1,4,5,2,16,1,30,2,9,6,1,7,6,1,10,1,12,9,1,21,121.538551,25.0071982
114,02,22,13,49,2,11南港區,南港區忠孝東路6段與昆陽街157巷口口,0,0,1,1,C03,7,6,5,50,5,2,1,4,4,5,13,2,1,9,5,5,2,12,1,63,2,9,6,4,7,9,1,7,2,14,17,1,22,121.595237,25.0503022
114,02,22,13,57,2,05中正區,中正區重慶南路2段與愛國西路口,0,0,2,1,C03,8,6,5,50,4,1,1,5,4,5,13,1,1,1,4,5,2,17,2,44,2,9,5,1,7,8,1,10,2,12,100,1,21,121.5125569,25.034993
114,02,22,14,32,2,01大同區,大同區長安西路與塔城街口,0,0,2,1,C03,7,6,5,50,4,2,1,5,4,5,13,2,1,9,4,4,2,17,1,22,3,10,6,1,7,11,1,10,1,14,10,1,21,121.5105666,25.0520345
114,02,22,14,32,2,10文山區,文山區和平東路4段306號,0,0,1,1,C03,8,7,5,40,14,9,1,5,4,5,13,4,4,5,5,5,2,13,1,28,2,7,5,1,7,9,1,10,2,11,16,1,21,121.5738373,24.9996844
114,02,22,14,50,2,05中正區,中正區重慶南路2段與愛國西路口,0,0,2,1,C03,7,6,5,50,5,2,1,5,4,5,13,2,1,1,1,5,1,17,1,27,2,9,5,1,7,9,1,10,2,11,16,1,21,121.5127144,25.0347287
114,02,22,14,55,2,07信義區,信義區松山路與虎林街55巷口口,0,0,1,1,B03,7,5,8,30,3,1,1,5,4,5,13,4,4,1,4,5,2,17,1,30,3,10,7,1,7,6,1,8,2,1,72,1,22,121.5776017,25.0472507
114,02,22,15,00,2,12內湖區,內湖區瑞光路與瑞光路76巷口,0,0,2,1,C03,7,5,5,50,3,1,1,5,4,5,13,2,1,5,4,5,1,16,2,46,2,9,6,1,7,11,1,10,2,14,103,1,21,121.5818152,25.0712542
114,02,22,15,01,2,01大同區,大同區雙連街81巷與錦西街72巷口,0,0,1,1,C03,7,6,5,30,3,1,1,5,4,5,13,4,4,10,5,5,2,15,2,67,2,6,6,4,7,9,1,10,1,11,44,1,22,121.5194823,25.0599442
114,02,22,15,09,2,03中山區,中山區伊通街與伊通街59巷口,0,0,2,1,C03,7,7,5,50,14,9,1,5,4,5,13,4,4,5,5,5,2,3,2,24,2,9,5,1,7,1,1,10,1,11,19,1,22,121.5348033,25.0515227
114,02,22,16,35,2,11南港區,南港區市民大道7段7號,0,0,1,1,B03,8,6,5,50,14,9,1,5,4,5,13,4,4,10,4,5,2,12,1,45,3,10,3,4,7,1,1,8,1,4,19,1,21,121.5808208,25.04950876
114,02,22,16,41,2,03中山區,中山區建國北路2段與長春路口,0,0,2,1,C03,7,6,5,50,4,1,1,5,4,5,13,2,1,1,4,5,2,16,1,52,3,10,6,1,7,6,1,10,1,12,9,1,21,121.5370433,25.0544054
114,02,22,16,44,2,01大同區,大同區迪化街2段與迪化街2段268巷口口,0,0,2,1,C03,8,6,5,30,4,1,1,5,4,5,13,4,4,10,5,5,2,15,1,28,2,8,6,1,7,9,1,10,9,12,72,1,21,121.5116443,25.0705683
114,02,22,16,50,2,04大安區,大安區羅斯福路4段21號,0,0,1,1,C03,7,6,5,50,14,9,1,5,4,5,13,1,1,1,4,5,2,17,1,21,2,9,5,1,7,12,1,10,1,12,42,1,21,121.5352155,25.0140144
114,02,22,16,55,2,08士林區,士林區通河東街1段160號,0,0,1,1,C03,8,7,5,30,14,9,1,5,4,5,13,4,4,10,5,5,2,17,1,18,2,7,6,1,7,7,1,10,1,11,108,1,21,121.5157401,25.0877615
114,02,22,17,00,2,11南港區,南港區中南街74巷口側附近,0,0,1,1,C03,7,5,5,30,14,9,1,5,5,4,13,4,4,10,5,5,2,29,2,64,2,8,3,4,7,1,1,10,9,11,108,1,22,121.6140402,25.053188
114,02,22,17,10,2,11南港區,南港區成福路121巷與成福路107巷口,0,0,1,1,H01,7,6,5,30,4,1,1,5,4,5,13,4,4,10,5,5,2,6,1,14,2,8,4,5,8,18,8,20,1,16,53,1,21,121.5880257,25.0421776
114,02,22,18,36,2,11南港區,南港區玉成街140巷與玉成街口口後山埤捷運站3出口,0,0,2,1,C03,8,5,5,50,3,1,1,5,4,5,13,4,4,9,5,5,2,12,1,26,2,8,3,4,7,9,1,10,1,11,4,1,22,121.5832667,25.0451074
114,02,22,18,57,2,12內湖區,內湖區舊宗路1段150巷與民善街口,0,0,1,1,B03,8,5,5,50,4,1,1,5,4,5,13,4,4,5,4,5,2,9,1,41,3,10,7,1,7,5,1,8,2,8,70,1,21,121.575238,25.0616685
114,02,22,19,15,2,07信義區,信義區崇德街3號,0,0,1,1,C03,7,5,8,50,22,22,1,5,4,5,13,4,4,9,5,5,2,17,1,37,3,10,5,1,7,9,1,10,1,11,4,1,21,121.5530779,25.0243453
114,02,22,19,52,2,04大安區,大安區忠孝東路4段與復興南路1段口,0,0,1,1,C03,7,5,5,50,4,4,1,5,4,5,13,2,2,2,3,5,1,13,1,39,2,9,5,1,7,9,1,10,1,11,16,1,21,121.5437,25.0420157
114,02,22,19,55,2,03中山區,中山區松江路148號,0,0,1,1,C03,7,5,5,50,14,10,1,5,4,5,13,4,4,3,4,4,2,13,1,24,2,8,5,4,7,7,1,10,1,14,118,1,21,121.5335696,25.0544529
114,02,22,20,31,2,10文山區,文山區木柵路1段與辛亥路7段口,0,0,1,1,B03,7,5,5,50,4,1,1,5,4,5,13,2,1,5,4,5,2,17,1,58,3,10,7,1,7,7,1,8,2,1,100,1,22,121.5523702,24.98778911
114,02,22,22,04,2,06松山區,松山區光復北路與南京東路5段23巷9弄口,0,0,1,1,F01,6,5,5,50,4,1,1,4,3,5,13,2,1,9,4,5,2,29,2,64,2,9,4,1,7,9,8,20,9,14,29,1,22,121.5570373,25.0526249
114,02,22,22,15,2,12內湖區,內湖區民權東路6段212-1號旁,0,0,2,1,C03,6,5,5,40,14,8,1,4,4,5,13,4,4,1,4,4,2,17,2,53,2,7,6,1,7,15,1,10,1,11,42,1,21,121.5980231,25.0672167
114,02,22,22,29,2,03中山區,中山區中山北路1段與南京東路1段口,0,0,1,1,B01,7,5,5,50,4,1,1,5,4,5,13,2,1,1,4,5,2,13,1,49,3,10,7,1,7,9,1,4,1,5,108,1,21,121.5225991,25.0522431
114,02,22,23,26,2,07信義區,信義區信義路6段與松德路口口,0,0,1,1,C03,6,5,5,50,4,2,1,4,4,5,13,2,1,1,2,5,2,17,1,23,2,9,6,4,7,9,1,10,1,12,108,1,22,121.575009,25.0338822
114,02,22,23,30,2,01大同區,大同區鄭州路139號,0,0,1,1,C03,7,5,5,40,14,9,1,5,4,5,13,4,4,1,4,4,2,17,1,35,3,10,3,4,7,9,1,10,1,11,16,1,21,121.5099644,25.050332
114,02,22,23,35,2,01大同區,大同區鄭州路139號,0,0,2,1,C03,7,5,5,40,14,9,1,5,4,5,13,4,4,1,4,5,2,17,1,24,2,9,3,4,7,9,1,10,1,14,16,1,21,121.510048,25.0503194
114,02,22,23,52,2,02萬華區,萬華區內江街與昆明街口,0,0,2,1,H01,6,5,5,0,4,18,1,4,4,5,13,1,1,10,3,5,2,3,2,22,2,8,4,5,8,16,8,20,10,16,122,1,21,121.5045319,25.0414462
114,02,23,01,02,2,10文山區,(興隆路3段54號),0,0,2,1,C04,6,5,5,50,3,18,1,4,4,5,13,3,1,1,4,5,2,3,1,29,2,7,6,1,7,9,1,8,2,11,70,1,21,121.5559322,25.0002189
114,02,23,02,00,2,08士林區,士林區延平北路6段511巷與延平北路6段口,0,0,2,1,B12,7,6,5,50,4,2,1,4,4,5,13,1,1,3,4,5,1,16,1,28,3,10,3,4,7,5,1,8,2,2,44,1,21,121.4976479,25.0938979
114,02,23,02,32,2,02萬華區,萬華區廣州街與廣州街70巷口,0,0,2,1,C03,6,5,5,50,3,2,1,4,4,5,13,4,4,9,5,5,2,17,2,25,2,8,5,1,7,5,1,10,1,14,8,1,21,121.4969167,25.0367914
114,02,23,02,33,2,07信義區,信義區市民高架道往東,0,0,1,1,B03,6,5,5,60,10,16,1,4,4,5,13,4,4,1,1,5,1,35,1,18,2,8,3,4,7,7,1,8,1,1,13,1,22,121.5650417,25.0448412
114,02,23,02,37,2,07信義區,信義區忠孝東路5段372巷與忠孝東路5段372巷27弄口,0,0,1,1,B03,6,5,5,30,3,1,1,4,4,5,13,4,4,9,4,5,2,16,1,26,3,10,3,4,7,6,1,8,2,2,9,1,22,121.5745097,25.0395547
114,02,23,03,40,2,09北投區,北投區河美街(首都客運士林站旁),0,0,1,1,C03,6,5,5,40,14,9,1,4,4,5,13,1,1,9,4,5,2,18,1,65,2,9,5,1,7,9,1,10,8,12,42,1,21,121.5006052,25.10085817
114,02,23,04,12,2,06松山區,松山區撫遠街與撫遠街399巷口口,0,0,1,1,B01,6,5,5,30,4,1,1,4,4,5,13,4,4,1,4,5,2,15,1,65,3,10,7,1,7,9,1,4,2,5,72,1,21,121.5656185,25.06546393
114,02,23,04,43,2,04大安區,大安區敦化南路1段187巷與忠孝東路4段147巷口,0,0,2,1,B01,6,5,5,30,4,1,1,4,4,5,13,4,4,10,5,5,1,15,1,56,3,10,7,1,7,9,1,4,1,1,72,1,21,121.5496588,25.04259
114,02,23,07,11,2,02萬華區,萬華區環河南路3段與德昌街185巷口,0,0,1,1,B01,6,5,5,50,3,2,1,4,4,3,12,4,4,9,4,5,2,17,1,66,3,10,7,4,7,6,1,4,2,8,72,1,21,121.4920506,25.02191494
114,02,23,08,56,2,12內湖區,內湖區環山路2段與環山路2段76巷口,0,0,1,1,B03,7,6,6,50,3,1,1,4,4,5,13,4,4,5,4,5,1,17,1,48,3,10,7,1,7,11,1,8,1,7,10,1,21,121.576552,25.0842769
114,02,23,09,29,2,05中正區,中正區市民大道2段與金山北路口,0,0,1,1,C03,6,5,5,40,4,4,1,4,4,5,13,2,1,1,2,1,2,12,2,49,3,10,5,1,7,9,1,10,2,12,108,1,21,121.5303959,25.046003
114,02,23,10,20,2,07信義區,信義區忠孝東路4段與基隆路1段口,0,0,1,1,C03,6,6,5,50,14,9,1,4,4,5,13,1,1,10,4,5,2,13,1,29,2,9,6,1,7,9,1,10,1,11,42,1,22,121.5645454,25.0415391
114,02,23,10,26,2,08士林區,士林區忠誠路2段207巷與東山路口口,0,0,1,1,B01,6,6,5,30,4,1,1,4,4,5,13,3,1,1,4,5,1,17,1,65,3,10,7,1,7,9,1,4,1,17,72,1,21,121.5390154,25.11640366
114,02,23,10,35,2,01大同區,大同區民權西路與蘭州街口,0,0,2,1,C03,6,7,5,50,4,1,1,4,4,5,13,1,1,1,4,5,2,12,2,30,3,10,6,1,7,9,1,10,1,14,44,1,21,121.514653,25.0629231
114,02,23,10,36,2,11南港區,南港區松河街與南港路3段314巷口,0,0,2,1,C03,7,7,5,40,3,1,1,4,4,5,13,1,1,5,4,5,2,16,1,20,2,7,5,1,7,9,1,10,1,12,4,1,21,121.5812445,25.0524062
114,02,23,11,44,2,02萬華區,萬華區和平西路3段與和平西路3段382巷口,0,0,1,1,C03,6,5,8,50,22,22,1,4,4,5,13,1,1,10,5,5,2,17,1,48,2,9,3,4,7,9,6,18,2,11,42,1,21,121.4914835,25.0353848
114,02,23,11,50,2,08士林區,士林區文林路與大東路口,0,0,2,1,C03,7,7,5,50,3,1,1,4,4,5,13,4,4,9,4,5,1,17,2,68,2,8,5,1,7,9,1,10,2,11,72,1,21,121.524995,25.09369443
114,02,23,11,56,2,06松山區,松山區南京東路5段與東興路口,0,0,1,1,B01,6,6,5,50,3,1,1,4,4,5,13,2,1,1,5,5,2,17,1,63,3,10,3,4,7,1,1,4,1,17,19,1,21,121.5654899,25.0514806
114,02,23,12,04,2,03中山區,中山區合江街與錦州街口,0,0,1,1,B03,6,7,8,50,4,2,1,4,4,5,13,1,1,5,5,5,2,13,1,60,3,10,7,1,7,9,1,8,1,1,16,1,22,121.5392054,25.0604552
114,02,23,12,14,2,02萬華區,萬華區中華路1段196-1號,0,0,1,1,C03,6,6,5,50,14,8,1,4,4,5,13,4,4,8,3,1,1,17,1,43,2,7,5,1,7,12,1,10,1,17,116,1,21,121.5069732,25.0383977
114,02,23,13,21,2,04大安區,大安區師大路與浦城街口,0,0,1,1,B02,6,6,5,30,3,1,1,4,4,5,13,4,4,10,5,5,2,17,1,32,3,10,7,1,7,6,1,8,2,5,108,1,21,121.5282716,25.0247934
114,02,23,14,10,2,12內湖區,內湖區瑞光路與江南街117巷8弄口,0,0,1,1,C03,7,6,5,50,4,2,1,5,4,5,13,2,1,5,4,5,2,13,1,25,3,10,6,1,7,9,3,18,1,11,16,1,21,121.5761441,25.0756871
114,02,23,14,35,2,02萬華區,萬華區環河南路1段與內江街口,0,0,2,1,C03,7,6,5,50,4,1,1,5,4,5,13,2,1,9,4,5,2,16,2,27,2,9,6,4,7,6,1,10,1,12,9,1,22,121.5000702,25.041816
114,02,23,15,37,2,04大安區,大安區忠孝東路4段319號,0,0,1,1,B03,7,5,5,50,14,9,1,5,4,5,13,2,1,10,5,5,2,17,1,57,2,7,3,4,7,14,1,8,1,4,38,1,21,121.5560583,25.0414737
114,02,23,15,53,2,01大同區,大同區迪化街2段與民權西路口口,0,0,1,1,C03,8,5,5,30,5,1,1,5,4,5,13,4,4,10,5,5,2,10,2,64,2,8,5,1,7,1,1,10,1,14,72,1,22,121.5094002,25.0633874
114,02,23,16,15,2,03中山區,中山區民權東路2段204號,0,0,1,1,B03,7,6,5,50,14,9,1,5,4,5,13,1,1,1,2,5,2,9,1,47,3,10,3,4,7,14,1,8,1,6,38,1,22,121.5363278,25.06242407
114,02,23,16,32,2,03中山區,中山區長春路與松江路口,0,0,1,1,B01,8,7,5,50,5,1,1,5,4,5,13,2,1,5,2,4,2,17,1,68,3,10,7,1,7,9,1,4,1,4,44,1,21,121.5331383,25.0547635
114,02,23,17,06,2,06松山區,松山區光復南路46巷與光復南路32巷16弄口,0,0,1,1,C03,7,7,5,30,5,1,1,5,4,5,13,4,4,10,5,5,2,15,1,35,2,9,5,1,7,9,1,10,1,11,72,1,25,121.5565284,25.0460207
114,02,23,17,13,2,03中山區,中山區雙城街與農安街口,0,0,1,1,B01,7,5,5,50,4,1,1,5,4,5,13,2,1,5,4,5,2,16,1,29,3,10,3,4,7,5,1,4,1,1,16,1,22,121.5183568,25.04847309
114,02,23,18,44,2,01大同區,大同區承德路3段與敦煌路口口,0,0,1,1,C03,7,5,5,50,4,2,1,5,4,5,13,2,1,9,4,5,2,13,1,27,2,9,5,1,7,4,1,10,2,11,108,1,22,121.5201825,25.0749927
114,02,23,20,02,2,03中山區,中山區新生北路2段與民生東路2段口,0,0,1,1,C03,7,6,5,50,4,3,1,5,4,5,13,1,1,9,4,5,2,12,2,33,2,9,5,1,7,9,1,10,1,14,108,1,21,121.5282128,25.0581309
114,02,23,21,01,2,11南港區,南港區忠孝東路6段與永吉路口,0,0,2,1,C03,6,5,5,50,5,2,1,4,4,5,13,2,1,1,3,1,2,17,1,36,2,9,3,4,7,9,1,10,1,17,44,1,21,121.5827176,25.04545