發生年度,發生月,發生日,發生時-Hours,發生分,處理別-編號,區序,肇事地點,死亡人數,2-30日死亡人數,受傷人數,當事人序號,車種,天候,光線,道路類別,速限-速度限制,道路型態,事故位置,路面狀況1,路面狀況2,路面狀況3,道路障礙1,道路障礙2,號誌1,號誌2,車道劃分-分向,車道劃分-分道1,車道劃分-分道2,車道劃分-分道3,事故類型及型態,性別,年齡,受傷程度,主要傷處,保護裝置,行動電話,車輛用途,當事者行動狀態,駕駛資格情形,駕駛執照種類,飲酒情形,車輛撞擊部位1,肇因碼-個別,個人肇逃否,職業,座標-X,座標-Y
114,02,23,21,39,2,03中山區,中山區市民大道2段與長安東路1段52巷口,0,0,1,1,C03,7,5,5,40,3,1,1,5,4,5,13,1,1,1,4,4,2,13,1,18,2,9,3,4,7,9,3,18,1,11,108,1,21,121.5279046,25.04700718
114,02,23,22,02,2,02萬華區,萬華區堤外便道(3014760燈桿),0,0,2,1,C03,8,5,5,40,14,9,1,5,4,5,13,4,4,10,5,5,2,3,1,40,2,9,5,1,7,9,1,10,1,11,108,1,21,121.4933354,25.0375801
114,02,23,22,05,2,01大同區,大同區鄭州路與西寧北路口,0,0,2,1,C03,7,5,5,40,5,1,1,5,4,5,13,4,4,1,5,5,2,16,2,18,2,9,6,1,7,9,1,10,2,11,99,1,21,121.5081386,25.0505879
114,02,23,22,25,2,06松山區,松山區敦化北路與富錦街口口附近,0,0,2,1,C03,7,5,5,30,14,8,1,5,4,5,13,4,4,1,4,4,2,13,1,44,2,9,6,1,7,9,3,18,1,11,108,1,21,121.5503816,25.0601099
114,02,23,22,41,2,07信義區,信義區信安街119號,0,0,2,1,C03,6,5,5,50,14,9,1,4,4,5,13,4,4,9,5,5,2,3,1,29,2,9,3,4,7,9,1,10,1,11,70,1,21,121.5560453,25.0247648
114,02,23,22,44,2,02萬華區,萬華區長順街與長順街107巷口,0,0,2,1,C03,8,5,5,30,4,1,1,5,4,5,13,4,4,9,5,5,2,15,2,69,2,9,5,4,7,9,1,10,1,14,72,1,21,121.4893173,25.0321355
114,02,24,01,22,2,02萬華區,萬華區康定路與桂林路口,0,0,1,1,B01,8,5,5,50,4,1,1,5,4,5,13,1,1,5,4,5,2,17,1,58,3,10,7,4,7,5,1,4,1,8,71,1,21,121.5016639,25.0383738
114,02,24,03,43,2,10文山區,文山區羅斯福路6段142巷與萬慶街口,0,0,1,1,C03,6,5,5,30,5,1,1,4,4,5,13,3,1,1,5,5,2,17,1,19,3,10,6,1,7,1,1,10,1,17,19,1,21,121.5575714,24.99934387
114,02,24,03,44,2,11南港區,南港區忠孝東路7段與研究院路1段口,0,0,2,1,C03,6,5,5,50,3,1,1,4,4,5,13,2,1,1,4,5,1,17,1,55,2,3,6,1,7,5,1,10,1,11,85,1,21,121.6162569,25.0532251
114,02,24,06,20,2,08士林區,士林區中山北路6段324號,0,0,1,1,B03,7,5,5,50,14,9,1,5,4,5,13,4,4,1,4,5,2,17,1,76,3,10,3,4,7,1,1,8,1,3,19,1,21,121.5257188,25.1110894
114,02,24,06,28,2,09北投區,北投區三合街1段79巷與三合街1段口,0,0,1,1,B03,8,5,5,40,4,1,1,5,4,5,13,2,1,5,5,5,2,17,1,45,3,10,7,1,7,6,1,8,2,2,9,1,22,121.5049983,25.12686173
114,02,24,07,32,2,04大安區,大安區信義路3段與建國南路2段口,0,0,2,1,B03,7,5,5,50,4,1,1,5,4,5,13,2,1,10,5,5,2,17,1,39,3,10,7,1,7,6,1,8,11,17,9,2,21,121.5380899,25.0333853
114,02,24,07,36,2,07信義區,信義區忠孝東路4段516號,0,0,1,1,C03,7,6,5,50,22,9,1,5,4,5,13,2,1,10,3,5,2,17,1,54,3,10,3,4,7,15,1,10,1,17,17,1,21,121.562631,25.0410898
114,02,24,07,53,2,10文山區,文山區秀明路1段與秀明路1段79巷1弄口久康街多岔路口,0,0,1,1,C03,6,6,5,50,5,1,1,4,4,5,13,2,1,1,4,5,2,16,2,61,2,9,3,4,7,5,1,10,2,14,8,1,22,121.5649464,24.9898006
114,02,24,08,13,2,03中山區,中山區龍江路46巷與長安東路2段153巷口,0,0,1,1,B03,7,6,5,30,4,1,1,5,4,5,13,4,4,10,5,5,2,16,1,51,3,10,7,1,7,5,1,8,1,1,72,1,21,121.5391303,25.0491993
114,02,24,08,18,2,08士林區,士林區中山北路6段87號,0,0,1,1,B03,7,6,5,40,14,8,1,5,4,5,13,4,4,1,4,4,2,12,2,40,3,10,2,1,7,14,1,8,1,8,40,1,21,121.5247693,25.1058895
114,02,24,08,23,2,08士林區,士林區美崙街(天文科學教育館機車停車場出入口),0,0,2,1,C03,8,6,5,50,14,9,1,5,4,5,13,4,4,9,5,5,1,17,1,56,2,9,5,1,7,5,1,10,1,12,8,1,21,121.5180978,25.09527057
114,02,24,08,48,2,09北投區,北投區育仁路與大同街口口,0,0,1,1,B03,7,6,5,30,4,2,1,5,4,5,13,3,1,10,5,5,2,16,1,52,3,10,7,1,7,1,1,8,2,8,19,1,21,121.4982589,25.1337113
114,02,24,08,56,2,06松山區,松山區塔悠路80號,0,0,2,1,C03,7,6,5,50,14,9,1,4,4,5,13,4,4,1,4,5,2,13,2,52,2,2,6,1,7,9,1,10,1,11,16,1,21,121.5699532,25.0529201
114,02,24,09,00,2,03中山區,中山區明水路與樂群二路口,0,0,1,1,C03,7,5,5,50,4,2,1,5,4,5,13,1,1,8,5,5,2,12,1,27,2,9,5,1,7,9,1,10,2,11,108,1,21,121.5522859,25.0797583
114,02,24,09,20,2,12內湖區,內湖區康寧路1段180號與康寧路1段口,0,0,1,1,C03,7,6,5,50,3,2,1,5,4,5,13,4,4,5,5,5,2,13,1,22,3,10,5,1,7,9,1,10,1,11,16,1,21,121.594671,25.0789419
114,02,24,09,33,2,11南港區,南港區昆陽街23號,0,0,1,1,B03,7,6,5,30,22,9,1,5,4,5,13,4,4,9,5,5,2,16,1,58,3,10,7,1,7,5,1,8,1,17,80,1,21,121.592629,25.0532315
114,02,24,09,42,2,03中山區,中山區長安東路2段與建國北路1段口,0,0,1,1,B03,7,6,5,50,4,1,1,5,4,5,13,2,1,5,4,5,2,13,1,33,3,10,3,4,7,1,1,8,1,1,116,1,22,121.5363991,25.04839304
114,02,24,09,52,2,03中山區,中山區復興北路514巷與民族東路512巷口,0,0,1,1,F01,7,6,5,50,4,1,1,5,4,5,13,3,1,1,5,5,2,16,2,65,2,9,4,1,7,5,8,20,2,12,72,1,21,121.5420659,25.0659495
114,02,24,10,20,2,04大安區,大安區和平東路1段115號對面,0,0,1,1,B03,8,7,5,50,14,9,1,5,4,5,13,4,4,9,4,4,2,12,1,42,3,10,7,1,7,9,1,8,1,5,108,1,21,121.5268733,25.0266409
114,02,24,10,40,2,03中山區,中山區復興北路與興安街口,0,0,2,1,C03,7,5,5,50,4,1,1,5,4,5,13,1,1,8,5,5,2,13,1,41,2,8,5,1,7,9,1,10,1,11,108,1,21,121.5440303,25.056095
114,02,24,10,59,2,07信義區,信義區福德街84巷與林口街38巷口,0,0,1,1,C03,7,6,5,30,4,1,1,5,4,3,10,4,4,9,5,5,2,15,1,76,2,8,5,1,7,9,1,10,2,12,72,1,21,121.5808994,25.0384511
114,02,24,11,32,2,04大安區,大安區大安路2段66號,0,0,2,1,C03,8,6,8,50,14,9,1,5,4,5,13,4,4,7,3,5,2,12,1,32,3,10,6,1,7,9,1,10,1,11,16,1,21,121.5459952,25.0323603
114,02,24,11,33,2,07信義區,信義區松廉路西向東(微風南山旁),0,0,1,1,C03,7,6,5,50,14,9,1,5,4,5,13,2,1,9,4,5,1,17,1,55,3,10,3,4,7,11,1,10,1,14,10,1,21,121.5656812,25.0339866
114,02,24,11,54,2,04大安區,大安區和平東路3段與基隆路2段口,0,0,2,1,C03,7,6,5,50,4,1,1,5,4,5,13,2,1,1,4,5,2,17,1,46,2,8,6,1,7,7,1,10,2,13,100,1,21,121.5523619,25.0242645
114,02,24,11,55,2,05中正區,中正區汀州路1段與三元街口,0,0,2,1,C03,7,6,5,50,4,1,1,5,4,5,13,2,1,8,4,5,1,15,2,33,2,9,5,1,7,9,1,10,2,12,81,1,21,121.5072131,25.0307306
114,02,24,12,05,2,09北投區,北投區大度路151號,0,0,2,1,C04,7,6,5,50,14,9,1,5,4,5,13,1,1,1,4,1,1,12,2,65,2,7,5,1,7,8,1,8,1,12,100,1,21,121.4736003,25.1225605
114,02,24,12,15,2,03中山區,中山區朱崙街與遼寧街口,0,0,1,1,B03,7,7,5,50,14,9,1,5,4,5,13,4,4,5,5,5,2,14,1,55,3,10,7,1,7,2,1,8,1,7,12,1,22,121.5420162,25.0499955
114,02,24,12,35,2,08士林區,士林區重慶北路4段與葫東街口,0,0,1,1,A02,8,6,5,50,4,2,1,5,4,5,13,1,1,1,4,4,2,9,1,46,3,10,3,4,7,12,1,2,2,17,118,1,21,121.5116178,25.0840856
114,02,24,12,49,2,10文山區,文山區羅斯福路6段198號,0,0,1,1,C03,7,6,5,50,14,9,1,5,4,5,13,4,4,1,4,5,1,13,2,40,3,10,5,1,7,8,1,10,2,13,100,1,21,121.5410096,24.9939551
114,02,24,13,09,2,09北投區,北投區承德路7段與承德路7段393巷口北往南方向,0,0,2,1,C03,8,5,5,60,4,2,1,5,4,5,13,1,1,9,4,5,1,12,2,59,2,8,6,1,7,7,1,10,1,12,100,1,21,121.5011474,25.1196206
114,02,24,13,33,2,07信義區,信義區忠孝東路5段與松仁路口,0,0,1,1,A02,7,6,5,50,4,18,1,5,4,5,13,2,1,1,4,5,2,3,1,42,3,10,3,4,7,6,1,2,1,5,70,1,21,121.5684001,25.0409083
114,02,24,13,53,2,11南港區,南港區南港路2段與向陽路口口,0,0,1,1,B03,7,6,5,50,5,1,1,5,4,5,13,2,1,3,4,5,2,17,1,47,3,10,7,1,7,5,1,8,1,2,118,1,21,121.5945764,25.0544546
114,02,24,13,55,2,12內湖區,內湖區內湖路2段192號,0,0,2,1,H01,7,6,5,50,14,9,1,4,4,5,13,4,4,5,5,5,2,3,2,77,2,1,4,5,8,16,8,20,10,16,121,1,21,121.5836793,25.08160312
114,02,24,14,05,2,02萬華區,萬華區西園路2段與西園路2段320巷口,0,0,1,1,C03,7,6,5,50,4,1,1,5,4,5,13,2,1,1,5,5,2,17,1,31,3,10,6,1,7,5,1,10,1,17,8,1,26,121.4925174,25.02597997
114,02,24,14,10,2,04大安區,大安區忠孝東路4段與無名巷口,0,0,2,1,C03,7,6,5,50,3,1,1,5,4,5,13,4,4,1,4,5,2,17,2,60,2,9,6,1,7,6,1,10,2,12,9,1,21,121.556787,25.0414931
114,02,24,14,15,2,07信義區,信義區嘉興街216巷與基隆路2段口口,0,0,1,1,C03,7,5,8,30,22,22,1,5,4,5,13,1,1,1,4,5,2,17,1,47,2,9,6,1,7,9,1,10,9,14,81,2,21,121.5560153,25.0273841
114,02,24,14,18,2,01大同區,大同區民權西路254號,0,0,1,1,C03,7,7,5,50,14,9,1,5,4,5,13,4,4,1,4,5,2,12,1,26,3,10,6,1,7,7,1,10,1,12,100,1,21,121.5125113,25.0628428
114,02,24,14,45,2,04大安區,大安區辛亥路3段與辛亥路3段21巷口,0,0,1,1,B01,7,6,5,50,3,1,1,5,4,5,13,4,4,10,3,5,2,17,1,61,3,10,7,1,7,7,1,4,1,5,100,1,21,121.5443055,25.0213736
114,02,24,14,57,2,04大安區,大安區和平東路2段108號,0,0,1,1,F01,7,5,5,0,22,20,1,5,4,5,13,4,4,10,5,5,2,9,1,43,3,10,2,4,7,9,8,20,1,11,70,1,21,121.5420713,25.0249534
114,02,24,15,21,2,09北投區,北投區中央北路4段601巷7號對面,0,0,1,1,F02,7,6,5,50,22,9,1,5,4,5,13,4,4,9,5,5,2,18,1,21,2,9,4,1,7,9,8,20,1,14,42,1,25,121.4629319,25.1233837
114,02,24,15,25,2,12內湖區,內湖區石潭路131巷與金莊路91巷口,0,0,1,1,B03,6,5,5,50,3,1,1,4,3,5,13,4,4,5,5,5,1,16,1,28,3,10,7,1,7,6,1,8,1,2,9,1,21,121.5889259,25.0637288
114,02,24,15,45,2,11南港區,南港區南港路3段290巷3號,0,0,2,1,C03,7,6,6,30,14,9,1,5,4,5,13,4,4,10,5,5,2,17,1,27,2,8,3,4,7,9,1,10,1,14,5,1,21,121.58168,25.0521998
114,02,24,16,23,2,10文山區,文山區辛亥路6段(北往南0701464燈桿旁）,0,0,1,1,B03,7,6,5,50,14,9,1,5,4,5,13,4,4,1,4,5,2,38,1,66,3,10,7,1,7,9,1,8,1,5,22,1,21,121.5516656,24.9911025
114,02,24,16,27,2,12內湖區,內湖區成功路2段312巷與成功路2段250巷23弄口,0,0,1,1,C03,7,6,5,30,3,2,1,5,4,4,10,4,4,10,5,5,1,17,1,65,2,7,5,1,7,5,1,10,1,14,72,1,26,121.5891471,25.0669163
114,02,24,16,54,1,12內湖區,內湖區潭美街與安美街175巷口,1,0,1,1,C03,6,6,5,40,3,2,1,4,4,5,13,4,4,9,4,5,2,13,1,55,1,1,6,4,7,9,6,10,9,14,16,1,21,121.6012478,25.0610123
114,02,24,17,39,2,01大同區,大同區大龍街與承德路3段24巷口,0,0,2,1,C03,7,6,5,30,4,1,1,5,4,5,13,4,4,8,4,5,2,15,2,29,2,9,3,4,7,9,1,10,1,11,72,1,21,121.5160322,25.0642595
114,02,24,17,41,2,06松山區,松山區北寧路24號,0,0,1,1,C03,7,7,5,50,14,7,1,5,4,5,13,4,4,5,4,4,2,16,2,30,2,9,5,1,7,1,1,10,1,14,19,1,26,121.5526173,25.0488012
114,02,24,17,55,2,10文山區,文山區新光路2段燈桿0707752號,0,0,2,1,C03,7,5,5,50,14,9,1,5,4,5,13,4,4,5,4,5,2,17,2,23,2,9,3,4,7,9,1,10,2,11,108,1,21,121.5797794,24.99862891
114,02,24,18,03,2,09北投區,北投區三合街1段與三合街1段82巷口,0,0,1,1,B03,7,5,5,40,4,1,1,5,4,5,13,2,1,9,5,5,2,16,1,40,3,10,7,1,7,5,1,8,2,1,71,1,21,121.5052211,25.12723888
114,02,24,18,03,2,09北投區,北投區義理街與石牌路2段75巷口,0,0,1,1,F02,8,5,5,30,4,2,1,5,4,5,13,4,4,9,4,5,1,17,2,38,2,8,6,1,7,5,8,20,2,12,72,1,21,121.5155565,25.1169254
114,02,24,18,14,2,04大安區,大安區辛亥路3段330號,0,0,1,1,C03,7,5,5,50,14,9,1,5,4,5,13,4,4,1,4,5,2,12,1,57,2,9,6,1,7,9,1,10,1,13,44,1,21,121.5535568,25.0134933
114,02,24,18,15,2,05中正區,中正區重慶南路1段與貴陽街1段口,0,0,1,1,C03,8,5,5,50,4,1,1,5,4,5,13,1,1,10,5,5,2,17,1,29,2,7,5,1,7,8,1,10,2,12,100,1,26,121.5128027,25.0389248
114,02,24,18,25,2,07信義區,信義區松壽路11號,0,0,2,1,C03,8,5,8,50,22,22,1,5,4,5,13,4,4,5,4,5,2,17,1,46,2,9,6,1,7,11,3,18,1,14,10,1,21,121.5671767,25.0358588
114,02,24,18,34,2,02萬華區,萬華區西藏路與西藏路125巷口,0,0,3,1,C03,7,5,5,50,14,9,1,5,4,5,13,1,2,10,4,5,2,17,1,47,2,9,5,1,7,5,1,10,1,13,96,1,21,121.5023004,25.0297357
114,02,24,19,00,2,06松山區,松山區民權東路5段與撫遠街口,0,0,1,1,A05,8,5,5,50,4,1,1,5,4,5,13,2,1,1,4,5,2,3,1,36,3,10,7,1,7,5,1,2,2,4,70,1,21,121.5658153,25.0632877
114,02,24,19,04,2,04大安區,大安區和平東路3段228巷與安居街8巷口,0,0,1,1,C03,7,5,5,50,3,1,1,5,4,5,13,4,4,9,5,5,2,13,1,30,2,8,6,1,7,15,1,10,1,11,16,1,21,121.5542417,25.02187387
114,02,24,19,13,2,05中正區,中正區青島西路與公園路口,0,0,2,1,C03,7,5,5,50,3,1,1,5,4,5,13,2,1,5,4,5,2,13,1,34,2,7,6,1,7,6,1,10,2,13,5,1,21,121.5171913,25.0450136
114,02,24,19,18,2,05中正區,中正區中山南路與中山南路口側附近2巷口,0,0,1,1,C03,7,5,5,50,14,9,1,5,4,5,13,4,4,1,4,5,2,16,2,33,2,9,6,1,7,7,1,10,2,14,118,1,22,121.5193065,25.0451085
114,02,24,19,25,2,06松山區,松山區麥帥一橋西往東第六根路燈,0,0,2,1,C03,7,5,5,40,14,11,1,5,4,5,13,4,4,1,4,3,2,13,1,40,2,9,5,1,7,9,1,10,1,12,108,1,21,121.5700792,25.05138271
114,02,24,20,19,2,03中山區,中山區大直街與北安路口,0,0,1,1,B01,7,5,5,50,5,1,1,5,4,5,13,1,1,1,4,5,2,16,1,56,3,10,3,4,7,5,1,4,2,1,83,1,21,121.5468791,25.08019398
114,02,24,20,25,2,09北投區,北投區行義路與行義路158巷口,0,0,1,1,B03,7,5,5,40,4,1,1,5,4,5,13,4,4,8,5,5,1,16,1,54,3,10,7,1,7,5,3,18,9,2,74,2,21,121.5280509,25.131128
114,02,24,21,18,2,04大安區,大安區仁愛路4段與忠孝東路4段26巷口,0,0,1,1,B01,7,5,5,50,3,1,1,5,4,5,13,4,4,1,4,5,2,16,1,67,3,10,7,1,7,6,1,4,1,5,9,1,21,121.5444247,25.0381745
114,02,24,21,25,2,08士林區,士林區重慶北路4段190巷與通河西街1段口,0,0,1,1,B03,7,5,5,30,3,18,2,5,4,5,13,1,1,5,5,5,2,3,1,26,3,10,7,1,7,5,1,8,2,8,70,1,22,121.5124938,25.0848963
114,02,24,21,56,2,04大安區,大安區和平東路3段與安居街口,0,0,2,1,C03,7,5,5,50,3,1,1,5,4,5,13,2,1,1,4,5,2,17,1,21,3,10,6,1,7,15,1,10,2,11,16,1,21,121.5554881,25.021458
114,02,24,21,59,2,07信義區,信義區松山路與松德路口,0,0,1,1,B03,7,5,5,50,4,2,1,5,4,5,13,1,1,1,4,5,2,2,1,27,3,10,7,1,7,6,1,8,1,1,70,1,21,121.5777203,25.039587
114,02,24,22,02,2,02萬華區,萬華區開封街2段45號,0,0,2,1,H01,7,5,5,50,14,9,1,5,4,5,13,4,4,10,4,5,2,9,1,33,2,9,4,5,8,16,8,20,1,16,122,1,21,121.5057257,25.0468864
114,02,24,22,20,2,08士林區,士林區延平北路6段與中正路口,0,0,2,1,C03,7,5,5,50,4,1,1,5,4,5,13,1,1,10,5,5,1,16,2,33,2,8,5,1,7,7,1,10,2,14,100,1,21,121.5093323,25.0868731
114,02,24,22,27,2,09北投區,北投區承德路7段166號,0,0,1,1,C03,8,5,5,60,14,7,1,5,5,5,13,4,4,1,4,4,2,18,2,28,2,9,6,1,7,9,1,10,1,11,13,1,22,121.5087191,25.11309
114,02,24,22,44,2,04大安區,大安區基隆路4段020號燈桿處,0,0,1,1,C03,8,5,5,50,14,7,1,5,4,5,13,4,4,1,3,4,2,17,2,34,2,9,5,1,7,10,1,10,1,14,100,1,21,121.5439659,25.0170494
114,02,25,06,40,2,06松山區,松山區市民大道6段0607203號燈桿旁,0,0,2,1,C03,7,6,5,40,14,9,1,5,4,5,13,4,4,1,5,5,2,13,2,48,2,9,6,1,7,9,1,10,1,11,16,1,21,121.5697695,25.0491949
114,02,25,07,17,2,07信義區,信義區松仁路與忠孝東路5段口,0,0,2,1,C03,7,5,5,50,4,2,1,5,4,5,13,2,1,1,4,5,2,29,2,64,2,8,5,1,7,9,1,10,1,12,44,1,22,121.5684817,25.0412179
114,02,25,07,33,2,05中正區,中正區中華路1段與忠孝西路1段口,0,0,1,1,C03,7,5,5,50,4,2,1,5,4,5,13,1,2,9,4,5,2,17,2,36,2,8,5,1,7,9,1,10,1,14,108,1,21,121.5101267,25.0479545
114,02,25,07,43,2,11南港區,南港區舊莊街1段與舊莊街1段145巷2弄口,0,0,1,1,B03,7,6,5,50,3,1,1,5,4,5,13,4,4,5,5,5,2,13,1,46,3,10,3,4,7,9,6,18,1,1,108,1,22,121.605826,25.0520745
114,02,25,08,23,2,03中山區,中山區天津街與中山北路1段53巷口,0,0,1,1,C03,7,7,5,50,4,2,1,5,4,5,13,4,4,4,5,5,1,9,1,50,3,10,5,1,7,9,1,9,9,13,70,1,21,121.5227353,25.04907155
114,02,25,08,33,2,02萬華區,萬華區西園路2段11巷與西園路2段13巷口,0,0,3,1,F01,7,6,5,30,4,1,1,5,4,5,13,4,4,9,5,5,2,15,1,70,2,9,2,1,7,9,8,20,1,14,72,1,22,121.4981409,25.032225
114,02,25,08,40,2,06松山區,松山區民生東路4段131巷與民生東路4段口,0,0,1,1,B01,7,7,5,40,4,1,1,5,4,5,13,1,1,9,4,5,2,13,1,47,3,10,7,1,7,15,1,8,1,1,108,1,21,121.5542855,25.0581878
114,02,25,08,44,2,06松山區,松山區民生東路4段131巷21號,0,0,1,1,B03,7,6,5,40,14,9,1,5,4,5,13,4,4,9,5,5,2,16,2,41,3,10,7,1,7,6,1,8,1,5,9,1,21,121.5536252,25.05926131
114,02,25,08,51,2,04大安區,大安區安居街與樂業街口,0,0,1,1,C03,8,5,5,50,4,2,1,5,4,5,13,1,1,5,5,5,1,9,2,44,4,11,3,4,7,6,1,10,9,12,108,1,22,121.5535167,25.0196079
114,02,25,09,16,2,10文山區,文山區木新路2段14號對面,0,0,1,1,C03,8,6,5,40,14,8,2,5,4,5,13,4,4,5,4,4,2,17,1,48,3,10,5,4,7,10,1,10,1,13,100,1,21,121.5707232,24.9869712
114,02,25,09,18,2,04大安區,大安區市民大道4段與敦化南路1段口,0,0,2,1,C03,7,6,5,40,4,2,1,5,4,5,13,2,1,1,4,5,2,17,2,23,2,9,3,4,7,9,1,10,1,12,108,1,22,121.548452,25.0448708
114,02,25,09,20,2,03中山區,中山區建國北路2段與民生東路3段口,0,0,1,1,B01,7,7,5,50,4,2,1,5,4,5,13,1,1,1,3,5,1,17,1,64,3,10,7,1,7,14,1,4,1,5,38,1,21,121.5210593,25.05023567
114,02,25,09,53,2,02萬華區,萬華區永福街與貴陽街2段96巷口,0,0,2,1,C03,7,6,5,30,4,1,1,5,4,5,13,4,4,10,5,5,2,17,1,35,2,9,6,1,7,9,1,10,1,14,72,1,21,121.5030461,25.038724
114,02,25,09,53,2,02萬華區,萬華區桂林路與康定路口,0,0,1,1,B03,7,6,5,50,4,1,1,5,4,5,13,2,1,9,4,5,2,16,1,24,3,10,3,4,7,5,1,8,1,1,71,1,22,121.5018588,25.0383785
114,02,25,09,58,2,09北投區,北投區文林北路5巷與軟橋街口,0,0,2,1,C03,8,5,5,50,3,1,1,5,4,5,13,4,4,10,4,5,2,17,2,28,2,9,3,4,7,5,1,10,1,11,74,1,21,121.5170883,25.1000195
114,02,25,10,08,2,09北投區,北投區雙全街19巷與永興路1段32巷15弄口口,0,0,2,1,C03,8,6,5,30,4,1,1,5,4,5,13,4,4,10,5,5,2,15,2,43,2,7,5,1,7,9,1,10,2,11,72,1,21,121.5005795,25.1380691
114,02,25,10,25,2,07信義區,信義區松山路,0,0,1,1,C03,7,5,5,50,11,9,1,5,4,5,13,4,4,5,2,5,2,17,1,18,2,9,6,1,7,9,1,10,1,14,99,1,22,121.5802037,25.0338993
114,02,25,10,53,2,08士林區,士林區德行西路與文林路740巷9弄口,0,0,1,1,B03,8,6,5,50,3,2,1,5,4,5,13,4,4,5,5,5,1,17,1,32,3,10,7,1,7,6,1,8,2,2,9,1,21,121.5204185,25.1037163
114,02,25,11,45,2,08士林區,士林區承德路4段6巷與通河街76巷口,0,0,1,1,B03,7,7,5,30,4,2,1,5,4,5,13,4,4,7,1,5,1,9,1,53,3,10,7,1,7,6,1,8,1,5,108,1,21,121.5200562,25.07977465
114,02,25,12,53,2,10文山區,文山區木柵路1段與試院路口（雙號）,0,0,1,1,C04,8,6,5,50,5,1,1,5,4,5,13,2,1,5,4,5,2,17,1,21,2,9,3,4,7,15,1,10,1,11,116,1,25,121.5498403,24.9874216
114,02,25,13,00,2,03中山區,中山區中山北路3段31號,0,0,1,1,B03,8,7,5,50,14,9,1,5,4,5,13,4,4,1,4,5,2,12,1,28,3,10,7,1,7,1,1,8,1,7,19,1,21,121.5224424,25.0663574
114,02,25,13,10,2,02萬華區,萬華區貴陽街2段與貴陽街2段115巷口,0,0,2,1,C03,8,5,8,30,4,1,1,5,4,5,13,4,4,10,5,5,2,17,1,22,2,9,3,4,7,9,1,10,1,11,72,1,21,121.5031978,25.0399215
114,02,25,13,30,2,08士林區,士林區文林路與大北路口,0,0,2,1,C03,8,5,5,50,3,1,1,5,4,5,13,4,4,5,4,5,2,17,2,39,2,9,6,1,7,9,1,10,1,17,42,1,21,121.5269179,25.0895048
114,02,25,14,58,2,09北投區,北投區承德路7段與承德路7段112巷口,0,0,3,1,C03,8,7,5,60,3,2,1,5,4,5,13,4,4,1,4,4,2,17,1,27,2,9,6,1,7,8,1,10,1,11,100,1,22,121.5098862,25.1121198
114,02,25,15,09,2,12內湖區,內湖區陽光街與陽光街321巷口,0,0,1,1,B03,8,5,5,50,3,1,1,5,4,5,13,4,4,5,4,5,2,16,1,23,3,10,7,1,7,6,1,8,1,5,9,1,21,121.5785072,25.0734572
114,02,25,15,22,2,10文山區,文山區景文街與羅斯福路6段401巷口,0,0,1,1,F02,7,6,5,40,3,1,1,5,4,5,13,4,4,5,5,4,1,17,1,48,3,10,4,1,7,5,8,20,2,17,74,1,21,121.5412841,24.9917671
114,02,25,15,48,2,05中正區,中正區忠孝西路1段與重慶北路1段口,0,0,1,1,B03,8,7,6,50,5,1,1,5,4,5,13,1,1,10,4,5,2,17,1,46,3,10,7,1,7,5,1,8,2,7,8,1,21,121.5132876,25.04725469
114,02,25,15,53,2,12內湖區,內湖區麗山街與麗山街105巷口,0,0,1,1,C03,7,6,5,50,3,1,1,5,4,5,13,4,4,9,4,5,2,12,1,70,2,7,6,1,7,1,1,10,1,12,19,1,21,121.580468,25.0818958
114,02,25,16,02,2,08士林區,士林區士東路42號,0,0,3,1,H01,7,7,5,50,14,9,1,5,4,5,13,4,4,8,3,5,2,6,2,9,2,9,4,5,8,18,8,20,10,16,121,1,14,121.527643,25.1119298
114,02,25,16,10,2,10文山區,文山區羅斯福路6段136號,0,0,1,1,C03,7,6,5,50,14,9,1,2,4,5,13,4,4,1,4,5,2,17,1,44,2,9,6,1,7,9,1,10,1,14,44,1,22,121.5409724,24.99646
114,02,25,16,18,2,08士林區,士林區格致路55巷與樂生巷口,0,0,2,1,C03,7,6,5,30,3,2,1,5,4,5,13,4,4,10,5,5,2,17,1,21,2,8,6,1,7,1,1,10,1,11,19,1,22,121.5446576,25.138559
114,02,25,16,27,2,05中正區,中正區重慶南路1段與沅陵街口,0,0,1,1,C03,7,6,5,30,3,1,1,5,4,5,12,4,4,10,5,5,2,17,1,19,3,10,6,4,7,6,1,10,1,15,72,1,22,121.5131842,25.04263245
114,02,25,16,50,2,09北投區,北投區文林北路與明德路口,0,0,2,1,C03,8,7,5,50,4,1,1,5,4,5,13,2,1,1,4,5,2,12,1,37,2,9,6,1,7,9,1,10,1,12,108,1,22,121.5168165,25.1061024
114,02,25,16,58,2,09北投區,北投區育仁路與大同街口,0,0,1,1,C03,7,5,5,30,4,1,1,5,4,5,13,3,1,5,4,5,2,17,2,74,2,9,3,4,7,6,1,10,1,11,72,1,21,121.4984672,25.1338473
114,02,25,17,20,2,05中正區,中正區仁愛路2段與金山南路1段口,0,0,1,1,C03,8,6,5,50,4,1,1,5,4,5,13,2,1,5,2,5,2,16,2,49,2,6,5,1,7,10,3,18,2,14,100,1,22,121.5283402,25.03813084
114,02,25,17,26,2,08士林區,士林區社子街3號,0,0,1,1,C03,7,6,5,50,14,9,1,5,4,5,13,4,4,5,5,5,2,17,1,26,3,10,6,1,7,15,1,10,2,17,42,1,22,121.5087635,25.0876836