發生年度,發生月,發生日,發生時-Hours,發生分,處理別-編號,區序,肇事地點,死亡人數,2-30日死亡人數,受傷人數,當事人序號,車種,天候,光線,道路類別,速限-速度限制,道路型態,事故位置,路面狀況1,路面狀況2,路面狀況3,道路障礙1,道路障礙2,號誌1,號誌2,車道劃分-分向,車道劃分-分道1,車道劃分-分道2,車道劃分-分道3,事故類型及型態,性別,年齡,受傷程度,主要傷處,保護裝置,行動電話,車輛用途,當事者行動狀態,駕駛資格情形,駕駛執照種類,飲酒情形,車輛撞擊部位1,肇因碼-個別,個人肇逃否,職業,座標-X,座標-Y
114,02,25,17,36,2,10文山區,文山區木柵路1段與辛亥路6段口,0,0,1,1,B03,7,6,5,50,4,2,1,5,4,5,13,2,1,5,4,5,2,13,2,47,3,10,7,1,7,9,1,8,1,2,108,1,21,121.5525424,24.9878746
114,02,25,17,38,2,01大同區,大同區市民大道1段與承德路1段口,0,0,2,1,C03,8,6,5,50,5,1,1,5,4,5,13,2,1,1,4,5,2,17,2,20,2,9,6,1,7,5,1,10,1,14,8,1,21,121.5164531,25.0488353
114,02,25,17,55,2,12內湖區,內湖區安康路22巷與安康路32巷24弄口,0,0,1,1,C03,7,5,5,30,3,1,1,5,4,5,13,4,4,8,3,5,1,12,2,58,2,9,6,1,7,9,1,10,2,11,108,1,21,121.5936914,25.0617598
114,02,25,17,58,2,04大安區,大安區基隆路2段206號,0,0,2,1,C03,7,5,5,50,14,9,1,5,4,5,13,4,4,1,4,5,2,12,2,44,2,8,6,4,7,9,1,10,1,14,44,1,22,121.551669,25.0237104
114,02,25,18,06,2,07信義區,信義區信安街與崇德街口,0,0,2,1,C03,7,5,5,50,4,1,1,5,4,5,13,2,1,5,5,5,2,16,1,70,2,8,3,4,7,5,1,10,1,11,8,1,21,121.5557576,25.0240692
114,02,25,18,17,2,08士林區,士林區延平北路7段106巷洲美快速道路橋下,0,0,1,1,C03,8,5,5,50,14,9,1,5,4,5,13,4,4,4,1,5,1,12,1,20,3,10,5,1,7,4,1,10,2,12,108,1,21,121.497614,25.0966151
114,02,25,18,20,2,06松山區,松山區南京東路5段325號,0,0,1,1,B03,7,5,5,50,14,9,1,5,4,5,13,4,4,1,3,1,2,12,1,30,3,10,7,1,7,6,1,8,1,5,44,1,21,121.5670887,25.0514952
114,02,25,18,47,2,07信義區,信義區吳興街250號,0,0,1,1,C03,7,5,5,50,14,9,1,5,4,5,13,4,4,10,4,5,2,16,1,32,2,9,6,4,7,4,1,10,1,12,1,1,21,121.5612165,25.0261689
114,02,25,18,59,2,03中山區,中山區八德路2段174巷與八德路2段174巷9弄口口,0,0,1,1,B03,8,5,5,30,4,1,1,5,4,5,13,4,4,5,5,5,2,8,1,39,3,10,3,4,7,5,1,8,1,8,108,1,22,121.538225,25.0458221
114,02,25,18,59,2,05中正區,中正區金門街34巷與汀州路2段182巷口,0,0,2,1,C03,7,5,5,30,4,1,1,5,4,5,13,4,4,10,5,5,2,15,2,60,2,9,5,1,7,9,1,10,2,11,72,1,22,121.5218606,25.0218745
114,02,25,19,00,2,03中山區,中山區中山北路1段與長安西路口,0,0,2,1,C03,7,5,5,50,4,2,1,5,4,5,13,1,1,9,4,5,2,13,2,19,2,8,6,1,7,9,1,10,1,11,16,1,21,121.520585,25.05014952
114,02,25,19,05,2,06松山區,松山區八德路4段245巷與南京東路5段口,0,0,1,1,C03,7,5,5,50,4,1,1,5,4,5,13,2,1,10,5,5,2,16,1,28,2,7,5,1,7,5,1,10,1,14,8,1,21,121.5639503,25.051404
114,02,25,20,10,2,09北投區,北投區豐年路2段84號,0,0,1,1,C03,7,5,5,30,14,9,1,5,4,5,13,4,4,7,5,5,2,3,1,45,3,10,5,1,7,9,1,10,1,11,108,1,21,121.4945203,25.1364101
114,02,25,20,14,2,12內湖區,內湖區內湖路1段285巷與環山路1段9巷口,0,0,1,1,B03,7,5,5,30,3,2,1,5,4,5,13,4,4,10,5,5,2,17,1,20,3,10,7,1,7,5,1,8,1,17,72,1,21,121.5669322,25.0830028
114,02,25,20,50,2,09北投區,北投區北投路1段與公館路口,0,0,1,1,B03,7,5,5,50,4,2,1,5,4,5,13,1,1,5,4,5,2,16,1,46,3,10,7,1,7,6,1,8,2,6,44,1,22,121.5026127,25.1212342
114,02,25,21,20,2,03中山區,中山區南京東路1段與南京東路1段口,0,0,1,1,B01,7,5,5,30,3,2,1,5,4,5,13,4,4,5,5,5,2,16,1,49,3,10,7,1,7,6,1,4,9,5,9,1,22,121.5230541,25.0523652
114,02,25,21,23,2,07信義區,信義區虎林街與虎林街82巷口,0,0,1,1,C03,8,5,5,30,4,1,1,5,4,5,13,4,4,9,5,5,2,15,1,33,2,9,6,4,7,9,1,10,1,11,75,1,21,121.5771628,25.0432837
114,02,25,21,24,2,03中山區,中山區長安東路2段與伊通街口,0,0,2,1,,7,5,5,50,4,1,1,5,4,5,13,1,2,5,4,5,2,29,3,0,,,,,,,,,,,67,1,,121.5345265,25.0484508
114,02,25,22,04,2,05中正區,中正區基隆路4段與汀州路3段口,0,0,1,1,B03,8,6,5,30,4,1,1,5,4,5,13,1,1,5,4,5,2,17,1,38,3,10,7,1,7,5,1,8,1,7,44,1,21,121.5362053,25.0110181
114,02,25,22,32,2,05中正區,中正區重慶南路1段與衡陽路口,0,0,2,1,F03,7,5,5,50,4,2,1,5,4,5,13,2,1,5,4,5,2,16,1,73,2,9,5,1,7,8,8,20,2,14,5,1,21,121.5131803,25.0420244
114,02,25,23,42,2,03中山區,中山區中山北路2段與民權西路口,0,0,2,1,C03,7,5,5,50,4,1,1,5,4,5,13,1,1,9,4,5,2,12,2,19,2,8,6,1,7,15,1,10,1,12,17,1,21,121.5227955,25.06251658
114,02,26,00,10,2,03中山區,中山區長安東路1段與林森北路口,0,0,1,1,B01,8,6,5,50,4,1,1,5,4,5,13,1,1,5,4,5,2,17,1,64,3,10,3,4,7,5,1,4,1,4,108,1,22,121.5249339,25.0489984
114,02,26,06,03,2,04大安區,大安區建國南路2段與和平東路2段口,0,0,1,1,B12,6,5,5,40,4,1,1,4,4,5,13,1,1,3,4,5,2,17,2,36,3,10,7,1,7,6,1,8,1,5,9,1,21,121.5374114,25.0257826
114,02,26,06,10,2,05中正區,中正區重慶南路1段與武昌街1段口,0,0,1,1,C03,6,6,5,50,4,4,1,4,4,5,13,2,1,10,4,5,2,13,1,60,3,10,6,1,7,9,1,10,11,11,108,1,21,121.5132168,25.0444241
114,02,26,06,55,2,07信義區,信義區東興路與基隆路1段口,0,0,1,1,C03,6,5,5,50,4,2,1,4,4,5,13,2,1,1,4,5,2,17,2,74,2,9,5,1,7,9,1,10,2,12,81,1,22,121.5673139,25.045731
114,02,26,07,10,2,04大安區,大安區基隆路4段與羅斯福路4段口,0,0,1,1,B03,6,6,5,50,5,1,1,4,4,5,13,1,1,10,4,5,2,12,2,44,3,10,3,4,7,9,1,8,1,2,44,1,21,121.5372354,25.0113865
114,02,26,07,18,2,03中山區,中山區復興北路514巷與復興北路488巷1弄口,0,0,1,1,B03,7,6,5,30,4,1,1,4,4,5,13,4,4,9,5,5,2,15,1,43,3,10,7,1,7,9,1,10,1,8,72,1,22,121.5436831,25.0659513
114,02,26,07,29,2,06松山區,松山區敦化南路1段102之1號,0,0,1,1,C03,6,7,5,50,14,9,1,4,4,5,13,4,4,1,4,5,2,18,1,46,2,9,6,1,7,9,1,10,2,14,116,1,21,121.5486224,25.0453065
114,02,26,07,44,2,08士林區,士林區大東路與小北街口口,0,0,1,1,B03,7,7,5,30,5,1,1,5,4,5,13,4,4,9,5,5,2,17,1,44,4,11,3,4,7,1,7,19,11,17,19,2,22,121.5256029,25.090325
114,02,26,07,45,2,04大安區,大安區辛亥路2段(西向東)台大體育館出入口,0,0,1,1,B03,6,6,5,50,14,9,1,4,4,5,13,4,4,1,4,5,2,16,2,48,3,10,3,4,7,8,1,8,1,2,100,1,22,121.5364261,25.0221769
114,02,26,07,50,2,12內湖區,內湖區瑞光路與江南街117巷8弄口,0,0,1,1,C03,7,6,5,50,4,1,1,5,4,5,13,2,1,5,4,5,2,15,1,28,3,10,5,1,7,9,3,18,1,12,81,1,21,121.5760281,25.0757589
114,02,26,07,56,2,08士林區,士林區承德路4段與承德路4段266巷口,0,0,1,1,C03,6,6,5,40,5,2,1,4,4,5,13,2,1,1,4,4,1,18,2,34,2,9,5,1,7,6,1,10,2,12,42,1,21,121.5199907,25.08943634
114,02,26,08,01,2,12內湖區,內湖區民權東路6段423巷與民權東路6段口,0,0,1,1,B01,7,6,5,40,3,2,1,4,4,5,13,4,4,1,4,4,2,12,2,55,3,10,3,4,7,7,1,4,2,2,100,1,26,121.6040381,25.0710976
114,02,26,08,06,2,05中正區,中正區寧波西街53號,0,0,1,1,C03,7,7,5,50,14,9,1,4,4,5,13,1,1,10,4,5,2,13,2,41,2,9,5,4,7,9,1,10,2,11,44,1,21,121.5177287,25.0308162
114,02,26,08,20,2,02萬華區,萬華區西園路2段270號,0,0,1,1,C03,6,5,5,50,14,18,1,4,4,5,13,1,1,9,4,4,2,9,1,24,2,9,6,4,7,9,1,10,1,17,116,1,22,121.4946305,25.02760891
114,02,26,08,20,2,05中正區,中正區林森南路與徐州路口,0,0,1,1,C03,7,7,5,50,4,2,1,4,4,5,13,1,1,5,4,5,2,13,2,60,2,9,5,1,7,9,1,10,2,11,108,1,21,121.5222459,25.0408853
114,02,26,08,20,2,07信義區,信義區忠孝東路4段與光復南路口,0,0,1,1,,7,5,5,50,5,2,1,5,4,5,13,2,1,1,4,5,2,17,4,0,,,,,,,,,11,,119,2,,121.5580007,25.0412623
114,02,26,08,25,2,03中山區,中山區長安東路2段201巷與長安東路2段口,0,0,1,1,C03,8,7,5,30,4,1,1,5,4,5,13,4,4,5,2,5,2,17,1,56,3,10,5,1,7,5,1,10,1,11,98,1,21,121.5433222,25.04835786
114,02,26,08,25,2,06松山區,松山區塔悠路201號,0,0,1,1,C03,7,6,5,40,14,8,1,4,4,5,13,4,4,1,4,4,2,12,1,19,3,10,6,1,7,4,1,10,1,14,108,1,22,121.5693825,25.0578973
114,02,26,08,26,2,07信義區,信義區信安街67巷81號,0,0,1,1,B03,7,6,5,50,14,9,1,5,4,5,13,4,4,9,5,4,2,16,1,71,3,10,3,4,7,5,1,8,1,8,8,1,22,121.5602397,25.0258898
114,02,26,08,38,2,08士林區,士林區中正路與文昌路口,0,0,1,1,C03,8,6,5,50,4,1,1,4,4,5,13,2,1,1,4,5,1,17,1,43,3,10,3,4,7,5,1,10,11,17,8,2,21,121.5182532,25.08717596
114,02,26,08,39,2,04大安區,大安區溫州街與溫州街74巷口,0,0,1,1,B03,8,7,5,20,4,1,1,5,4,5,13,4,4,10,5,5,2,15,1,63,3,10,7,1,7,9,1,8,1,5,72,1,21,121.5328915,25.0196625
114,02,26,08,45,2,12內湖區,內湖區星雲街與成功路3段口,0,0,1,1,C03,7,7,5,40,4,1,1,5,4,5,13,2,1,5,4,5,2,16,2,70,2,8,5,1,7,5,1,10,2,14,8,1,21,121.5900058,25.0775109
114,02,26,08,47,2,11南港區,南港區南湖大橋下橋處北往南,0,0,1,1,C03,7,7,5,50,14,9,1,5,4,5,13,2,1,1,2,5,2,12,1,25,2,9,6,1,7,8,1,10,1,11,100,1,21,121.6142668,25.0605255
114,02,26,08,53,2,12內湖區,內湖區五分街與東湖路160巷口,0,0,1,1,C03,7,6,5,30,4,2,1,5,4,5,13,3,1,9,5,5,2,16,2,23,3,10,6,1,7,6,1,10,9,12,108,1,21,121.6177144,25.0669665
114,02,26,09,14,2,12內湖區,內湖區舊宗路2段與舊宗路2段213巷口,0,0,1,1,C03,7,7,5,50,3,2,1,4,4,5,13,4,4,10,4,5,2,16,1,41,3,10,6,1,7,10,1,10,1,13,100,1,21,121.5734313,25.0732841
114,02,26,09,37,2,11南港區,南港區忠孝東路6段250巷6號與忠孝東路6段口,0,0,1,1,B01,7,7,5,30,3,1,1,5,4,5,13,4,4,5,5,5,2,17,1,37,3,10,7,1,7,5,1,4,1,17,72,1,21,121.5883031,25.0487202
114,02,26,09,49,2,03中山區,中山區長春路與一江街口,0,0,1,1,B03,7,6,5,50,4,1,1,5,4,5,13,2,1,9,4,5,2,16,1,38,3,10,7,1,7,5,1,8,1,8,71,1,22,121.5314877,25.0548635
114,02,26,10,03,2,02萬華區,萬華區東園街與東園街35巷口,0,0,2,1,F01,7,6,5,0,3,2,1,5,4,5,13,3,1,9,5,5,2,17,1,77,2,9,4,1,7,5,8,20,1,15,72,1,21,121.4957243,25.0275652
114,02,26,10,06,2,07信義區,信義區松仁路與松勤街口,0,0,2,1,C03,7,6,5,50,4,1,1,5,4,5,13,2,1,8,3,5,2,16,1,61,2,8,5,1,7,5,1,10,1,12,96,1,21,121.5683708,25.0319108
114,02,26,10,10,2,02萬華區,萬華區環河南路1段與長沙街2段口,0,0,1,1,B12,7,6,5,50,3,2,1,5,4,5,13,2,1,5,4,5,1,17,1,26,3,10,3,4,7,11,1,8,1,4,10,1,22,121.4996282,25.0415512
114,02,26,10,32,2,12內湖區,內湖區潭美街529號,0,0,1,1,B12,7,6,5,50,14,9,1,5,4,5,13,4,4,5,4,5,2,16,1,44,3,10,7,1,7,5,1,8,2,6,8,1,21,121.5981628,25.06053497
114,02,26,11,20,2,12內湖區,內湖區新明路200號,0,0,1,1,B03,7,6,5,50,14,9,1,5,4,5,13,4,4,8,4,5,2,17,2,28,3,10,7,1,7,11,1,8,1,8,10,1,21,121.5849675,25.0571635
114,02,26,11,51,2,09北投區,北投區聖景路9號燈桿前,0,0,2,1,C03,7,5,5,40,11,9,5,5,4,5,13,4,4,10,5,5,2,10,1,18,2,9,3,4,7,9,1,10,2,11,5,1,21,121.4626723,25.1219254
114,02,26,12,17,2,02萬華區,萬華區堤外便道燈桿雙園44號,0,0,1,1,B03,7,7,5,40,14,9,1,5,4,5,13,4,4,10,5,5,2,17,1,53,3,10,7,1,7,1,1,5,1,4,19,1,22,121.4886757,25.0328351
114,02,26,12,19,2,01大同區,大同區市民大道1段(Y3出口）,0,0,1,1,B01,7,6,5,40,22,9,1,5,4,5,13,4,4,1,4,5,2,17,1,46,3,10,7,1,7,12,1,4,1,6,14,1,21,121.5182593,25.04862231
114,02,26,12,25,2,03中山區,中山區興安街49號,0,0,1,1,C03,7,5,5,50,14,9,1,5,4,5,13,4,4,9,4,4,2,17,2,48,2,9,5,1,7,7,1,10,1,14,100,1,21,121.5410616,25.0561281
114,02,26,13,10,2,11南港區,南港區南港路2段與向陽路口,0,0,1,1,B03,7,7,5,50,4,2,1,5,4,5,13,2,1,1,2,5,2,15,1,64,3,10,3,1,7,9,1,8,1,5,81,1,21,121.5945523,25.0547203
114,02,26,13,16,2,02萬華區,萬華區寶興街與德昌街口,0,0,2,1,C03,7,7,5,50,4,1,1,5,4,5,13,1,1,8,3,5,2,16,2,65,2,7,5,1,7,5,1,10,1,11,2,1,21,121.4953608,25.0238482
114,02,26,13,35,2,08士林區,士林區中正路404號基河停車場前,0,0,1,1,B02,7,7,5,50,14,8,1,5,4,5,13,4,4,8,3,4,2,17,1,48,3,10,3,4,7,6,1,8,1,2,9,1,22,121.5210904,25.0942042
114,02,26,13,40,2,12內湖區,內湖區行愛路與新湖三路口,0,0,1,1,B03,8,7,5,50,4,1,1,5,4,5,13,2,1,5,2,4,2,16,1,58,3,10,7,1,7,5,1,8,2,4,71,1,21,121.5796277,25.0648055
114,02,26,14,30,2,06松山區,松山區復興北路217號,0,0,1,1,C03,7,7,5,50,14,9,1,5,4,5,13,4,4,9,4,5,2,17,1,55,2,8,6,1,7,9,1,10,2,15,16,1,22,121.5442277,25.05654268
114,02,26,15,15,2,10文山區,文山區辛亥路4段與興德路66巷口口,0,0,1,1,C03,8,6,5,50,14,9,1,5,4,5,13,3,1,1,4,5,2,12,1,63,2,7,6,1,7,7,1,10,2,14,100,1,21,121.5566436,25.0041098
114,02,26,15,50,2,08士林區,士林區東山路25巷81弄69號燈桿,0,0,2,1,B02,7,6,5,30,11,9,1,5,4,5,13,4,4,10,5,5,1,17,1,65,3,10,7,1,7,9,1,8,1,8,44,1,22,121.5423906,25.1268472
114,02,26,16,20,2,05中正區,中正區中山南路與愛國東路口,0,0,1,1,B03,8,7,5,50,11,9,1,5,4,5,13,1,1,1,4,5,2,12,1,19,3,10,7,1,7,9,1,8,1,2,118,1,21,121.51673,25.03524125
114,02,26,16,26,2,04大安區,大安區羅斯福路4段21號,0,0,1,1,B01,8,5,5,50,14,9,1,5,4,5,13,4,4,1,4,5,2,13,1,68,3,10,7,1,7,15,1,4,1,3,100,1,21,121.5350503,25.0142536
114,02,26,16,48,2,08士林區,士林區德行東路229巷士檢後門,0,0,1,1,F01,7,5,5,30,14,9,1,5,4,5,10,4,4,10,5,5,2,17,2,62,3,10,4,1,7,1,8,20,1,11,19,1,21,121.5328203,25.1107915
114,02,26,17,20,2,12內湖區,內湖區瑞湖街178巷15號,0,0,1,1,B03,7,6,5,50,14,9,1,5,4,5,13,4,4,9,5,5,2,16,1,46,3,10,7,1,7,1,1,8,2,4,19,1,21,121.5757127,25.0707555
114,02,26,17,25,2,08士林區,士林區天玉街38巷13弄,0,0,1,1,C03,7,6,5,30,14,9,1,5,4,5,13,4,4,5,5,5,2,17,1,56,2,9,6,1,7,9,1,10,2,12,42,1,22,121.5290405,25.1200793
114,02,26,18,05,2,03中山區,中山區復興北路204號前,0,0,1,1,C03,7,5,5,50,14,9,1,5,4,5,13,4,4,1,4,5,2,13,2,30,2,9,3,4,7,9,1,10,1,11,16,1,21,121.5440254,25.0557926
114,02,26,18,13,2,11南港區,南港區向陽路與向陽路196巷口,0,0,1,1,C03,7,5,5,50,3,2,1,5,4,5,13,3,1,1,4,5,2,13,1,45,2,7,6,1,7,9,1,10,1,11,16,1,21,121.5937827,25.0563108
114,02,26,18,20,2,03中山區,中山區復興北路與八德路2段口,0,0,1,1,C03,7,5,5,50,4,1,1,5,4,5,13,1,1,1,4,5,2,16,1,27,3,10,6,1,7,6,1,10,1,13,9,1,21,121.5438126,25.0476311
114,02,26,18,27,2,05中正區,中正區南海路與牯嶺街口,0,0,1,1,B03,8,5,5,30,4,1,1,5,4,5,13,1,1,9,4,5,2,12,1,29,3,10,7,4,7,8,1,8,1,5,44,1,21,121.5148712,25.0320337
114,02,26,18,30,2,06松山區,松山區復興北路與長安東路2段口,0,0,2,1,C03,7,5,7,50,14,9,1,5,4,5,13,1,1,1,4,1,2,13,2,21,2,9,5,1,7,9,1,10,1,11,16,1,25,121.5440401,25.048132
114,02,26,18,36,2,04大安區,大安區和平東路2段89號,0,0,1,1,C03,7,5,5,50,14,9,1,5,4,5,13,4,4,1,4,5,2,13,1,53,3,10,5,1,7,9,1,9,1,11,16,1,22,121.5393703,25.0255065
114,02,26,18,50,2,12內湖區,內湖區安康路25巷北向南，石潭公園旁,0,0,1,1,,7,5,5,50,14,9,1,5,4,5,13,4,4,5,5,5,2,17,4,,4,11,3,4,7,21,7,19,11,15,119,2,22,121.5940832,25.07095014
114,02,26,18,53,2,12內湖區,內湖區金湖路373號附近側附近,0,0,4,1,B03,7,5,5,50,14,9,1,5,4,5,13,2,1,8,3,1,1,13,2,43,3,10,7,1,7,9,1,8,2,1,108,1,21,121.6032347,25.0735155
114,02,26,19,53,2,11南港區,南港區舊莊街2段口南勢街(碧山橋),0,0,2,1,F03,7,5,5,30,3,2,1,5,4,5,13,4,4,10,5,5,1,17,1,25,2,9,6,1,7,9,8,20,3,11,14,1,21,121.6202955,25.0419141
114,02,26,20,04,2,12內湖區,內湖區民權東路6段與民權東路6段423巷口,0,0,1,1,B03,8,5,5,40,3,2,1,5,4,5,13,4,4,1,4,4,1,17,1,40,3,10,7,1,7,6,1,8,1,5,9,1,21,121.6040985,25.0712255
114,02,26,20,44,2,05中正區,中正區中華路1段與長沙街1段口,0,0,1,1,A02,7,5,5,50,4,1,1,5,4,5,13,2,1,1,4,5,2,17,1,46,3,10,7,1,7,10,1,2,9,17,100,1,21,121.5080355,25.0406256
114,02,26,20,51,2,03中山區,中山區林森北路149號,0,0,2,1,B01,7,5,5,50,14,9,1,5,4,5,13,4,4,1,5,5,1,9,1,50,3,10,3,4,7,14,1,4,1,6,38,1,21,121.5252834,25.05154688
114,02,26,20,56,2,10文山區,文山區木柵路1段與辛亥路7段口,0,0,2,1,C03,7,5,5,50,4,2,1,5,4,5,13,1,1,5,4,5,2,17,2,45,2,8,5,1,7,5,1,10,1,13,74,1,21,121.5521702,24.9878421
114,02,26,21,09,2,04大安區,大安區安和路1段與安和路1段102巷口,0,0,1,1,B03,7,5,5,50,4,1,1,5,4,5,13,2,1,1,4,5,2,17,1,73,3,10,7,1,7,11,1,8,1,17,10,1,22,121.5524195,25.0342087
114,02,26,21,40,2,05中正區,中正區愛國西路與延平南路口,0,0,1,1,C03,7,5,5,50,4,1,1,5,4,5,13,1,1,10,4,5,1,12,1,19,2,9,6,1,7,1,1,10,2,14,19,1,25,121.5082001,25.0370138
114,02,26,21,49,2,04大安區,大安區通化街171巷與通化街口,0,0,1,1,B03,8,5,5,50,4,2,1,5,4,5,13,2,1,8,3,5,1,3,1,26,3,10,7,1,7,5,1,8,1,1,70,1,21,121.5536847,25.0280452
114,02,26,22,26,2,09北投區,北投區大業路陸橋,0,0,2,1,C03,7,5,8,30,22,22,1,5,4,5,13,4,4,10,5,5,2,11,2,41,2,8,6,1,7,9,1,10,1,11,5,1,21,121.4752291,25.1321899
114,02,26,22,45,2,11南港區,南港區忠孝東路7段與忠孝東路7段124巷口,0,0,2,1,C03,7,5,5,40,3,2,1,5,4,5,13,1,1,4,3,4,2,13,1,47,2,7,5,1,7,9,1,10,1,11,108,1,21,121.6037958,25.0516709
114,02,26,22,46,2,01大同區,大同區大龍街與哈密街59巷口,0,0,2,1,C03,7,5,5,50,14,9,1,5,4,5,13,4,4,8,3,5,1,12,1,59,2,5,6,1,7,1,1,10,1,14,19,1,21,121.5157891,25.0731788
114,02,27,07,20,2,12內湖區,內湖區安康路434巷與安康路434巷19弄口,0,0,1,1,C03,8,6,5,30,3,2,1,5,4,5,13,4,4,9,5,5,2,17,1,67,3,10,6,1,7,5,1,10,1,11,72,1,21,121.6154986,25.06608002
114,02,27,07,40,2,06松山區,松山區南京東路5段343號,0,0,1,1,C03,7,6,5,40,14,11,1,5,4,5,13,4,4,1,4,5,2,13,1,23,2,9,6,1,7,7,1,10,1,11,108,1,21,121.5677376,25.0514029
114,02,27,07,51,2,02萬華區,萬華區西園路2段與西園路2段11巷口,0,0,1,1,C03,7,7,5,50,4,1,1,5,4,5,13,1,1,9,5,5,2,16,2,27,3,10,5,1,7,6,1,10,1,14,9,1,21,121.4974015,25.0319789
114,02,27,07,54,2,06松山區,松山區復興北路地下道往北涵洞出口處,0,0,2,1,C03,8,5,5,40,7,9,1,5,4,5,13,4,4,1,4,5,2,13,1,22,2,9,6,1,7,9,1,10,1,11,108,1,21,121.5443475,25.07134384
114,02,27,07,57,2,03中山區,中山區遼寧街與龍江路45巷口,0,0,1,1,B03,8,7,5,50,14,9,1,5,4,5,13,4,4,9,4,5,2,1,1,30,3,10,7,1,7,9,1,8,1,2,108,1,21,121.5421105,25.0490628
114,02,27,08,00,2,07信義區,信義區信義路4段與基隆路2段口,0,0,1,1,B01,7,6,5,50,4,2,1,5,4,5,13,4,4,1,3,5,2,16,1,49,3,10,3,4,7,6,1,4,1,5,9,1,22,121.5593221,25.0329434
114,02,27,08,04,2,07信義區,信義區忠孝東路5段1之6號,0,0,1,1,C03,8,6,5,50,14,9,1,5,4,5,13,2,1,8,3,5,2,13,2,28,2,9,5,1,7,7,1,10,1,11,108,1,21,121.5650897,25.0412149
114,02,27,08,28,2,03中山區,中山區吉林路與民生東路2段口,0,0,1,1,B02,7,7,5,50,4,1,1,5,4,5,13,2,1,5,4,5,2,16,1,60,3,10,7,1,7,5,1,8,1,5,71,1,21,121.5301606,25.0580577
114,02,27,08,36,2,04大安區,大安區敦化南路2段81巷與無名巷口,0,0,1,1,C03,7,6,5,50,4,2,1,5,4,5,13,4,4,9,5,5,2,13,1,30,3,10,3,4,7,9,1,10,1,11,44,1,22,121.5505298,25.0297889
114,02,27,08,44,2,12內湖區,內湖區內湖路3段與內湖路3段5巷口,0,0,1,1,B03,7,6,5,30,5,1,1,5,4,5,13,4,4,9,4,5,2,15,1,42,3,10,7,1,7,9,1,8,1,1,72,1,21,121.5927368,25.084569
114,02,27,08,46,2,12內湖區,內湖區金湖路372號,0,0,1,1,C03,8,7,5,50,14,9,1,5,4,5,13,1,1,1,4,5,1,16,1,77,3,10,6,1,7,6,1,10,1,12,9,1,21,121.6045822,25.073541
114,02,27,08,49,2,12內湖區,內湖區新明路305號,0,0,1,1,B01,7,6,5,50,14,7,1,5,4,5,13,4,4,5,4,4,2,16,1,49,3,10,3,4,7,11,1,4,1,5,10,1,26,121.5848896,25.0570739
114,02,27,08,50,2,05中正區,中正區莒光路與莒光路93巷口口附近,0,0,1,1,C03,8,6,5,50,3,2,1,5,4,5,13,4,4,1,4,5,1,13,2,54,2,8,6,1,7,9,1,10,1,12,16,1,21,121.504466,25.0311252
114,02,27,08,59,2,11南港區,南港區玉成街225巷與玉成街231巷口,0,0,1,1,C03,7,7,5,30,4,2,1,5,4,5,13,4,4,10,5,5,2,16,2,42,2,9,6,1,7,6,1,10,1,12,72,1,21,121.5856956,25.043799
114,02,27,09,12,2,09北投區,北投區石牌路2段與振興街口,0,0,1,1,C03,7,5,5,50,3,1,1,5,4,5,13,1,1,5,4,5,2,17,2,31,2,9,3,4,7,4,1,10,1,12,44,1,21,121.5213344,25.119069
114,02,27,09,15,2,02萬華區,萬華區堤外便道DSR399,0,0,1,1,C03,8,7,7,40,14,11,2,5,4,5,13,4,4,9,5,5,2,18,1,19,2,9,5,1,7,9,1,10,1,11,44,1,21,121.5039782,25.0473558
114,02,27,09,19,2,09北投區,北投區公館路423巷與公館路口,0,0,1,1,C03,7,6,5,30,3,1,1,5,4,5,13,4,4,10,5,5,2,16,2,62,2,9,6,1,7,5,1,10,1,12,73,1,26,121.5023989,25.120838
114,02,27,09,48,2,03中山區,中山區民權東路2段92巷與民權東路2段口口,0,0,2,1,C03,8,7,5,50,4,1,1,5,4,5,13,2,1,1,4,5,2,13,1,35,2,9,6,1,7,6,1,10,1,13,9,1,21,121.5314989,25.0624289
114,02,27,09,54,2,11南港區,南港區研究院路1段與市民大道8段口,0,0,2,1,C03,7,7,5,50,4,2,1,5,4,5,13,2,1,1,4,5,2,16,2,19,2,9,6,1,7,6,1,10,9,12,9,1,21,121.6164288,25.0545686
114,02,27,10,34,2,10文山區,文山區羅斯福路6段與景隆街口,0,0,2,1,C03,8,6,5,50,4,4,1,5,4,5,13,2,1,1,4,5,2,13,2,40,2,8,5,1,7,9,1,10,2,11,108,1,21,121.540057,24.9994278
114,02,27,11,15,2,07信義區,信義區中坡北路50巷與中坡北路口對面,0,0,2,1,F01,8,6,5,30,4,1,1,5,4,5,13,1,1,1,4,5,1,15,1,92,2,9,2,1,7,9,8,20,2,12,85,1,22,121.5805602,25.0465085
114,02,27,11,17,2,01大同區,大同區承德路2段與南京西路口,0,0,1,1,C03,8,6,5,50,5,1,1,5,4,5,13,2,1,1,4,4,2,17,1,23,2,8,6,1,7,5,1,10,1,12,108,1,21,121.5179042,25.0532027
114,02,27,11,20,2,10文山區,文山區興隆路3段與興隆路3段112巷口,0,0,1,1,A02,8,6,5,50,14,9,1,5,4,5,13,2,1,1,4,5,2,9,1,53,3,10,7,1,7,9,1,1,2,17,116,1,21,121.5569057,24.9995916
114,02,27,11,43,2,11南港區,南港區松河街與成美橋口下附近,0,0,2,1,F01,7,7,5,40,14,9,1,5,4,5,13,4,4,9,5,5,1,16,1,86,2,9,4,4,7,5,8,20,9,14,8,2,22,121.5827633,25.0527637