發生年度,發生月,發生日,發生時-Hours,發生分,處理別-編號,區序,肇事地點,死亡人數,2-30日死亡人數,受傷人數,當事人序號,車種,天候,光線,道路類別,速限-速度限制,道路型態,事故位置,路面狀況1,路面狀況2,路面狀況3,道路障礙1,道路障礙2,號誌1,號誌2,車道劃分-分向,車道劃分-分道1,車道劃分-分道2,車道劃分-分道3,事故類型及型態,性別,年齡,受傷程度,主要傷處,保護裝置,行動電話,車輛用途,當事者行動狀態,駕駛資格情形,駕駛執照種類,飲酒情形,車輛撞擊部位1,肇因碼-個別,個人肇逃否,職業,座標-X,座標-Y
114,02,27,11,52,2,11南港區,南港區南港路1段62號,0,0,1,1,C03,7,6,5,50,14,9,1,5,4,5,13,4,4,5,4,5,2,13,1,18,3,10,3,4,7,12,1,10,1,11,16,1,22,121.6146972,25.055324
114,02,27,11,55,2,04大安區,大安區潮州街與潮州街52巷口,0,0,1,1,B03,7,6,5,50,4,2,1,5,4,5,13,4,4,9,4,5,2,17,1,36,3,10,7,1,7,4,1,8,1,2,108,1,21,121.5234354,25.0293096
114,02,27,12,20,2,05中正區,中正區忠孝東路2段10號,0,0,1,1,C03,8,7,5,40,14,9,1,5,4,5,13,4,4,1,4,5,2,17,1,41,3,10,5,1,7,6,1,10,1,12,9,1,21,121.5272994,25.0437244
114,02,27,12,42,2,09北投區,北投區湖山路1段與新生街口,0,0,1,1,B02,8,6,5,40,14,9,1,5,4,5,13,4,4,9,4,5,2,16,1,35,3,10,7,1,7,11,1,8,1,5,10,1,21,121.5390359,25.15444345
114,02,27,13,01,2,02萬華區,萬華區西藏路125巷與西藏路口,0,0,1,1,B03,8,6,5,30,3,1,1,5,4,5,13,1,1,10,5,5,1,17,1,34,3,10,7,1,7,5,1,8,1,8,8,1,21,121.5022272,25.0297563
114,02,27,13,05,2,03中山區,中山區明水路與北安路口,0,0,1,1,B03,8,7,5,50,3,2,1,5,4,5,13,1,1,1,4,5,2,16,1,49,3,10,7,1,7,6,1,8,1,5,9,1,21,121.5390254,25.0778015
114,02,27,13,18,2,08士林區,士林區中山北路5段與中山北路5段470巷口,0,0,2,1,C03,7,7,5,50,3,1,1,5,4,5,13,4,4,1,5,5,1,17,1,25,2,9,5,1,7,6,1,10,1,12,9,1,21,121.5278656,25.0921915
114,02,27,13,29,2,08士林區,士林區福林路與福林路100巷口,0,0,1,1,B03,7,5,5,50,3,1,1,5,3,5,13,3,1,5,5,5,1,17,1,66,3,10,7,1,7,6,1,8,1,2,9,1,21,121.5316746,25.09571916
114,02,27,13,33,2,04大安區,大安區忠孝東路4段216巷15號,0,0,1,1,B01,7,6,5,30,14,9,1,5,4,3,10,4,4,5,5,5,2,17,1,54,3,10,7,1,7,14,1,2,1,2,44,1,21,121.5530086,25.0406772
114,02,27,14,01,2,03中山區,中山區建國北路3段71號,0,0,1,1,C03,8,6,5,50,14,9,1,5,4,5,13,2,1,1,4,5,2,13,1,62,3,10,6,1,7,9,1,10,1,12,108,1,21,121.542791,25.0791601
114,02,27,14,01,2,10文山區,文山區木柵路5段43巷電桿12號旁,0,0,1,1,A31,7,6,5,30,11,9,1,3,1,4,13,4,4,5,5,5,2,17,1,38,3,10,7,1,7,15,1,1,1,17,34,1,21,121.5357872,24.98664725
114,02,27,14,09,2,07信義區,信義區仁愛路4段452巷與光復南路421巷口,0,0,1,1,B13,8,6,5,30,14,9,1,5,4,5,13,4,4,9,5,5,2,17,1,57,3,10,2,1,7,10,1,8,2,1,42,1,22,121.5592088,25.0362276
114,02,27,14,10,2,08士林區,士林區福林路士林官邸前,0,0,1,1,B01,7,7,5,50,14,9,1,5,4,5,13,4,4,5,5,5,1,16,1,57,3,10,7,1,7,5,1,4,1,4,44,1,21,121.5311814,25.09538359
114,02,27,14,12,2,11南港區,南港區大坑街與研究院路2段61巷口,0,0,2,1,C03,7,7,5,50,4,2,1,5,4,5,13,2,1,9,5,5,2,16,1,29,2,8,6,1,7,5,1,10,1,14,71,1,21,121.6178896,25.0453763
114,02,27,14,37,2,09北投區,北投區明德路與懷德街口,0,0,1,1,B03,8,6,5,50,4,2,1,5,4,5,13,2,1,4,1,5,2,17,1,65,3,10,7,1,7,5,1,8,1,8,71,1,21,121.5200895,25.1154986
114,02,27,15,28,2,01大同區,大同區延平北路4段與延平北路4段153巷口口,0,0,1,1,B03,8,6,5,50,3,1,1,5,4,5,13,4,4,5,5,5,2,17,1,44,3,10,7,1,7,9,6,18,1,8,108,1,21,121.5111718,25.0726005
114,02,27,15,45,2,11南港區,南港區忠孝東路6段與忠孝東路6段269巷口口旁,0,0,1,1,B12,7,7,5,50,3,2,1,5,4,5,13,4,4,1,4,4,1,12,1,70,3,10,3,4,7,9,6,18,1,5,44,1,22,121.5896988,25.0494748
114,02,27,16,12,2,08士林區,士林區菁山路101巷53號,0,0,2,1,B12,8,6,5,40,14,9,1,5,4,5,13,4,4,9,4,5,1,17,1,60,3,10,7,1,7,11,6,18,2,4,10,1,21,121.5590164,25.14831066
114,02,27,16,42,2,02萬華區,萬華區漢口街2段18號,0,0,2,1,C03,7,7,5,30,14,9,1,5,4,3,13,4,4,10,3,5,2,17,2,33,2,8,5,1,7,15,1,10,1,14,73,1,21,121.5082499,25.0453217
114,02,27,16,44,2,09北投區,北投區天母西路120巷37號,0,0,1,1,B01,8,7,5,30,11,9,1,5,4,5,13,4,4,10,5,5,2,17,1,48,3,10,7,1,7,9,1,8,1,8,5,1,22,121.522699,25.1187139
114,02,27,16,48,1,02萬華區,萬華區青年路與水源路口,1,0,0,1,B12,8,6,5,40,4,2,1,5,4,5,13,2,1,5,4,5,2,10,1,57,3,10,7,1,7,9,1,8,2,1,4,1,21,121.503984,25.0197861
114,02,27,17,13,2,12內湖區,內湖區民權東路6段與成功路2段口,0,0,1,1,B03,8,6,5,50,4,1,1,5,4,5,13,2,1,5,4,5,2,12,1,56,3,10,7,1,7,15,1,8,1,5,16,1,21,121.5909092,25.0687181
114,02,27,17,20,2,01大同區,大同區民權西路與蘭州街口口,0,0,1,1,B03,8,6,5,50,4,18,1,5,4,5,13,2,1,1,5,5,2,3,1,51,3,10,7,1,7,5,1,8,2,1,70,1,21,121.5146146,25.0630952
114,02,27,17,20,2,05中正區,中正區中華路1段與秀山街口,0,0,1,1,B01,8,6,5,50,3,1,1,5,4,5,13,4,4,1,4,5,2,16,1,37,3,10,7,1,7,6,1,4,1,2,9,1,22,121.5087382,25.0429421
114,02,27,17,31,2,10文山區,文山區羅斯福路5段150巷與羅斯福路5段口,0,0,1,1,C03,7,5,5,50,3,1,1,5,4,5,13,4,4,1,4,5,2,12,1,63,3,10,6,1,7,9,1,10,11,15,118,2,21,121.5388074,25.0052434
114,02,27,17,38,2,09北投區,北投區文林北路與文林北路94巷口,0,0,2,1,C03,8,6,5,30,14,9,1,5,4,5,13,1,1,9,4,5,2,16,1,49,2,7,5,1,7,5,1,10,1,12,118,1,21,121.5176852,25.10545922
114,02,27,17,43,2,12內湖區,內湖區文德路與文德路208巷口,0,0,1,1,B03,8,5,5,50,4,1,1,5,4,5,13,2,1,1,4,4,2,12,1,41,3,10,3,4,7,9,1,8,1,2,86,1,21,121.5837285,25.0785053
114,02,27,17,48,2,01大同區,大同區長安西路225號,0,0,1,1,B03,8,5,5,50,14,9,1,5,4,5,13,4,4,5,5,5,2,13,1,41,3,10,7,1,7,1,1,4,2,5,19,1,21,121.5118847,25.0521057
114,02,27,18,14,2,06松山區,松山區復興北路497號,0,0,1,1,B12,7,5,5,50,14,9,1,5,4,5,13,4,4,1,4,5,2,16,1,61,3,10,7,1,7,6,1,8,1,2,9,1,21,121.5444163,25.065312
114,02,27,18,15,2,05中正區,中正區市民大道1段西往東(第1001706號燈桿),0,0,1,1,B03,7,5,5,40,14,9,1,5,4,5,13,4,4,10,4,5,2,16,1,39,3,10,7,1,7,7,1,8,2,4,100,1,27,121.5196108,25.0481904
114,02,27,18,19,2,07信義區,信義區虎林街88巷18弄與虎林街82巷口,0,0,3,1,F01,8,5,5,30,3,1,1,5,4,3,10,4,4,9,4,5,2,15,2,54,2,8,4,1,7,1,8,20,2,14,19,1,22,121.5770465,25.0432979
114,02,27,18,25,2,08士林區,士林區至誠路2段與至誠路2段60巷口,0,0,1,1,C03,7,5,5,40,3,1,1,5,4,5,13,4,4,9,5,5,2,3,2,22,2,9,3,4,7,10,1,10,1,15,102,1,21,121.5284588,25.10170863
114,02,27,18,27,2,08士林區,士林區環河北路3段173號,0,0,2,1,B03,7,5,5,50,14,9,1,5,4,5,13,4,4,3,4,5,2,20,2,31,2,7,7,1,7,9,1,8,2,1,108,1,21,121.5047958,25.08701975
114,02,27,18,31,2,10文山區,文山區景福街與景福街3巷口,0,0,1,1,C03,8,5,5,30,4,1,1,5,4,5,13,4,4,10,5,5,1,17,2,57,2,8,6,1,7,5,1,10,2,14,72,1,21,121.5392559,24.9994628
114,02,27,18,50,2,12內湖區,內湖區環山路3段西向東，近路燈0300994,0,0,2,1,C03,8,5,5,50,14,9,1,5,4,5,13,4,4,5,4,5,2,13,1,30,2,9,5,1,7,8,1,10,1,11,16,1,21,121.5826006,25.0845699
114,02,27,19,18,2,07信義區,信義區東興路與市民大道5段口,0,0,1,1,B03,7,5,5,40,4,1,1,5,4,5,13,2,1,1,4,5,2,17,2,28,3,10,7,1,7,5,1,8,2,5,80,1,21,121.5658409,25.0482178
114,02,27,20,15,2,12內湖區,內湖區內湖路1段67號,0,0,1,1,B03,7,5,5,50,3,2,1,5,4,5,13,2,1,1,4,5,2,17,1,24,3,10,7,1,7,11,1,8,1,17,42,1,21,121.5602208,25.0847966
114,02,27,20,50,2,12內湖區,內湖區大湖山莊街176巷16號,0,0,1,1,F02,7,5,5,0,12,20,4,5,4,5,13,4,4,10,5,5,2,2,1,64,2,8,2,1,7,12,8,20,2,14,42,1,21,121.5994014,25.0876148
114,02,27,21,28,2,10文山區,文山區辛亥路4段與辛亥路4段222巷口,0,0,1,1,B03,8,5,5,50,3,1,1,5,4,5,13,1,1,1,4,5,2,16,1,67,3,10,7,1,7,11,1,8,2,2,44,1,21,121.5554473,25.0021696
114,02,27,21,59,2,07信義區,信義區松信路與松隆路口,0,0,1,1,B03,7,5,5,50,4,1,1,5,4,5,13,2,1,9,4,5,2,17,2,43,3,10,7,1,7,5,1,8,1,5,80,1,21,121.5721059,25.0469387
114,02,27,22,03,2,04大安區,大安區基隆路高架道110燈桿,0,0,2,1,B03,7,5,5,60,14,9,1,5,4,5,13,4,4,1,4,5,2,13,2,40,2,9,7,1,7,10,1,8,11,3,100,1,21,121.5366638,24.99674759
114,02,27,22,37,2,12內湖區,內湖區新明路與成美橋口,0,0,1,1,B03,8,5,5,50,4,1,1,5,4,5,13,2,1,5,4,5,2,17,1,35,3,10,7,1,7,5,1,8,2,5,74,1,21,121.5822709,25.0556964
114,02,27,22,40,2,03中山區,中山區北安路137號,0,0,1,1,C03,8,5,5,50,18,9,1,5,4,5,13,4,4,1,4,5,2,12,2,21,3,10,5,1,7,8,1,10,1,12,100,1,21,121.5331,25.0782075
114,02,27,22,53,2,05中正區,中正區中華路2段307巷10號,0,0,1,1,C03,8,5,5,30,14,9,1,5,4,5,13,4,4,9,4,5,2,13,1,58,2,9,6,1,7,9,1,10,2,11,108,1,21,121.5056164,25.0289482
114,02,27,23,25,2,04大安區,大安區忠孝東路4段216巷與忠孝東路4段216巷8弄口,0,0,1,1,B01,7,5,5,30,4,1,1,5,4,5,13,4,4,5,4,5,1,15,1,57,3,10,3,4,7,9,1,4,1,5,72,1,21,121.5529164,25.0408061
114,02,27,23,38,2,10文山區,文山區新光路2段與文和橋口,0,0,1,1,C04,7,6,5,50,3,1,1,5,4,5,13,3,1,10,5,5,2,17,1,19,3,10,6,1,7,5,1,10,1,17,71,1,21,121.5963171,25.001272
114,02,28,00,03,2,02萬華區,萬華區環河南路1段與忠孝西路2段口,0,0,2,1,C03,7,5,5,50,5,1,1,5,4,5,13,2,1,5,4,5,2,17,2,54,2,9,6,1,7,11,1,10,1,12,10,1,21,121.5061482,25.0489204
114,02,28,02,43,2,04大安區,大安區信義路4段與大安路2段口,0,0,1,1,B03,7,5,5,50,4,2,1,5,4,5,13,2,1,8,3,5,1,13,1,29,3,10,7,1,7,15,1,8,1,1,108,1,21,121.545635,25.0332408
114,02,28,03,00,2,01大同區,大同區長安西路與塔城街口,0,0,1,1,C03,8,5,5,50,4,1,1,5,4,5,13,2,1,9,4,5,2,16,1,47,2,9,5,1,7,5,1,10,2,12,71,1,21,121.510391,25.0520289
114,02,28,05,35,2,12內湖區,內湖區內湖路1段285巷與內湖路1段285巷63弄口口,0,0,1,1,B03,7,5,5,30,3,2,1,5,4,5,13,4,4,10,5,5,2,3,1,65,3,10,7,1,7,9,1,8,1,5,108,1,21,121.5669297,25.0841842
114,02,28,08,00,2,09北投區,北投區行義路與行義路180巷口,0,0,1,1,B03,8,6,5,40,3,1,1,5,4,5,13,4,4,9,5,5,1,17,1,43,3,10,7,1,7,1,1,8,2,8,19,1,21,121.5283573,25.1320532
114,02,28,08,26,2,10文山區,文山區木柵路5段43巷(西往東麗山幹127B7234BE31）,0,0,1,1,B03,8,6,5,30,14,9,1,5,4,5,13,4,4,5,5,5,1,16,1,24,3,10,7,1,7,8,1,8,1,2,100,1,21,121.5800243,25.0119618
114,02,28,08,44,2,04大安區,大安區光復南路432號,0,0,1,1,B03,7,5,5,50,14,9,1,5,4,5,13,4,4,1,3,4,2,12,1,56,3,10,7,1,7,1,1,8,1,4,19,1,21,121.5574878,25.0361086
114,02,28,09,17,2,01大同區,大同區環河北路1段183號,0,0,1,1,B03,8,6,5,50,14,9,1,5,4,5,13,4,4,10,4,5,2,17,1,52,3,10,3,4,7,8,1,8,2,5,100,1,22,121.5079458,25.0555304
114,02,28,10,00,2,09北投區,北投區石牌路2段與天母西路口,0,0,1,1,G06,8,6,5,50,3,1,1,5,4,5,13,4,4,5,5,5,2,17,2,63,2,9,4,1,7,15,8,20,9,16,42,1,22,121.5225179,25.1195856
114,02,28,10,00,2,10文山區,文山區興隆路3段與興隆路3段229巷口,0,0,1,1,B03,8,6,5,50,3,1,1,5,4,5,13,2,1,1,4,5,2,16,1,57,3,10,7,1,7,11,1,8,1,1,10,1,21,121.5591135,24.9935388
114,02,28,10,39,2,03中山區,中山區建國北路3段55號,0,0,1,1,B02,7,6,5,50,14,9,1,5,4,5,13,4,4,10,5,5,2,12,1,59,3,10,7,1,7,1,1,8,2,4,19,1,22,121.5372791,25.0643412
114,02,28,11,16,2,09北投區,北投區建民路129巷與致遠一路1段46巷口,0,0,2,1,C03,8,6,5,30,3,2,1,5,4,5,13,4,4,10,5,5,2,17,1,32,2,7,5,1,7,9,1,10,1,11,72,1,21,121.5176043,25.11016276
114,02,28,11,18,2,06松山區,松山區中坡北路與市民大道6段口,0,0,1,1,B03,8,7,5,50,4,1,1,5,4,5,13,2,1,1,4,5,2,15,1,49,3,10,7,1,7,6,1,8,9,4,9,1,25,121.5799918,25.04951145
114,02,28,11,30,2,05中正區,中正區汀州路3段193號,0,0,1,1,B01,8,7,5,50,14,9,1,5,4,5,13,4,4,5,5,5,2,17,1,60,3,10,2,4,7,13,1,1,1,8,40,1,21,121.5331477,25.0144978
114,02,28,11,38,2,07信義區,信義區忠孝東路5段與虎林街口口,0,0,1,1,B03,8,6,5,50,4,2,1,5,4,5,13,1,1,1,4,5,2,17,2,61,3,10,7,1,7,5,1,8,1,5,74,1,22,121.5769556,25.0407712
114,02,28,11,43,2,12內湖區,內湖區成功路2段與成功交流道口(北上入口）,0,0,1,1,B03,8,5,5,50,4,1,1,5,4,5,13,1,1,1,4,5,2,16,1,21,3,10,7,1,7,6,1,8,2,5,9,1,21,121.5909611,25.0641607
114,02,28,11,46,2,10文山區,文山區萬慶街與萬慶街37巷口,0,0,1,1,C01,8,6,5,50,3,1,1,5,4,5,13,4,4,9,5,5,2,17,1,39,2,7,6,1,7,9,1,9,2,12,44,1,21,121.5389186,24.9931988
114,02,28,11,46,2,07信義區,信義區松智路與松廉路口,0,0,2,1,B01,8,6,5,50,3,1,1,5,4,5,13,2,1,9,4,5,2,17,1,60,3,10,7,1,7,10,1,4,2,2,100,1,22,121.5654958,25.0340498
114,02,28,12,44,2,01大同區,大同區敦煌路40號,0,0,1,1,B03,8,7,5,50,14,9,1,5,4,5,13,4,4,1,4,5,2,17,1,73,3,10,3,4,7,9,1,8,1,1,108,1,21,121.5191129,25.075399
114,02,28,12,56,2,09北投區,北投區中湖戰備道路(大地工程處4370-BT-GMS-0001),0,0,1,1,C03,8,6,5,40,11,9,1,5,4,5,13,4,4,9,4,5,2,18,1,41,2,9,5,1,7,9,1,10,1,14,108,1,21,121.5582528,25.17544938
114,02,28,13,18,2,08士林區,士林區基河路與劍潭路口,0,0,2,1,B03,7,6,5,50,4,2,1,5,4,5,13,1,1,1,4,5,1,16,2,57,3,10,3,4,7,5,1,8,2,5,71,1,21,121.5247525,25.0843
114,02,28,13,24,2,04大安區,大安區信義路3段158號,0,0,1,1,C03,8,6,5,50,14,9,1,5,4,5,13,4,4,1,4,5,2,12,1,45,2,7,5,1,7,8,1,10,1,12,17,1,21,121.5411583,25.0333229
114,02,28,13,30,2,05中正區,中正區中山南路與信義路1段口,0,0,2,1,C03,8,6,5,50,5,2,1,5,4,5,13,1,1,1,4,5,2,16,1,23,2,9,6,1,7,6,1,10,2,11,9,1,22,121.5180592,25.0383989
114,02,28,13,52,2,01大同區,大同區延平北路4段與敦煌路口,0,0,2,1,C03,8,7,5,50,5,2,1,5,4,5,13,2,1,5,4,5,2,17,1,27,2,9,3,4,7,5,1,10,1,14,42,1,21,121.5120261,25.0765274
114,02,28,14,10,2,05中正區,中正區懷寧街與貴陽街1段口,0,0,1,1,B03,8,7,5,50,3,1,1,5,4,5,13,4,4,5,5,5,2,17,1,74,3,10,7,1,7,5,1,8,2,8,72,1,21,121.5137622,25.0387353
114,02,28,14,23,2,02萬華區,萬華區中華路2段416巷與雙和街31巷口,0,0,2,1,C03,8,6,5,30,4,1,1,5,4,5,13,1,1,9,5,5,1,15,2,63,2,8,5,1,7,9,1,10,1,12,81,1,21,121.5021917,25.0266129
114,02,28,14,24,2,08士林區,士林區承德路4段42號,0,0,1,1,B03,8,6,5,50,14,9,1,5,4,5,13,4,4,1,4,5,2,14,1,73,3,10,7,1,7,2,1,8,1,7,12,1,21,121.5224179,25.0810032
114,02,28,14,31,2,07信義區,信義區忠孝東路5段與基隆路1段口,0,0,1,1,C03,8,7,5,50,14,12,1,5,4,5,13,1,1,3,4,5,2,13,1,24,2,9,5,1,7,9,1,10,1,11,16,1,21,121.564485,25.0409302
114,02,28,14,40,2,04大安區,大安區市民大道4段64號迴轉道,0,0,1,1,B03,8,6,5,40,14,9,1,5,4,5,13,4,4,9,4,5,1,16,1,43,3,10,3,4,7,5,1,8,1,4,8,1,21,121.5468534,25.0450052
114,02,28,15,07,2,04大安區,大安區光復南路116巷與廢鐵道口,0,0,1,1,B02,7,5,5,30,14,9,1,5,4,5,13,4,4,1,3,5,2,16,2,29,3,10,7,1,7,5,1,8,1,1,80,1,21,121.5562288,25.0430224
114,02,28,15,30,2,08士林區,士林區延平北路7段與延平北路7段106巷口堤防便道洲美橋下,0,0,1,1,C03,8,5,5,50,14,9,1,5,4,5,13,4,4,10,5,5,2,13,1,23,3,10,5,1,7,9,1,10,1,11,16,1,21,121.497061,25.09662263
114,02,28,15,30,2,12內湖區,內湖區康寧路3段與五分街口,0,0,1,1,B03,8,6,5,50,4,2,1,5,4,5,13,2,1,1,4,5,2,17,1,41,3,10,7,1,7,1,1,8,1,5,19,1,21,121.6126023,25.0676733
114,02,28,15,55,2,10文山區,文山區木柵路4段與木柵路4段149巷口口,0,0,1,1,C03,7,6,5,50,3,1,1,5,4,5,13,2,1,5,4,5,1,16,1,42,3,10,6,1,7,5,1,10,1,14,8,1,21,121.5749968,24.9986064
114,02,28,16,08,2,03中山區,中山區敬業三路與敬業三路161巷口,0,0,1,1,B02,8,7,5,50,4,1,1,5,4,5,13,1,1,3,4,5,2,16,1,48,3,10,7,1,7,5,1,8,1,6,71,1,21,121.5561303,25.07938951
114,02,28,16,40,2,06松山區,松山區麥帥一橋往西第6511389號燈桿,0,0,1,1,B02,8,7,5,60,14,16,1,5,4,5,13,4,4,9,4,5,2,13,1,29,3,10,7,1,7,9,1,8,1,1,108,1,21,121.5715659,25.0520854
114,02,28,16,40,2,07信義區,信義區松隆路161號,0,0,1,1,F01,7,7,5,50,14,9,1,5,4,3,10,4,4,1,4,5,2,18,1,60,2,9,3,4,7,7,8,20,9,17,42,1,22,121.5729967,25.0474162
114,02,28,16,56,2,09北投區,北投區榮華三路與榮華三路41巷口口,0,0,2,1,B03,8,6,5,50,4,1,1,5,4,5,13,4,4,10,5,5,2,17,1,39,3,10,7,1,7,9,1,8,1,1,42,1,21,121.5206733,25.1140945
114,02,28,16,59,2,06松山區,松山區八德路2段447之1號,0,0,1,1,C03,7,6,5,50,14,9,1,5,4,5,13,4,4,5,4,5,2,16,1,52,3,10,6,1,7,9,1,10,1,12,44,1,21,121.547214,25.048264
114,02,28,16,59,2,08士林區,士林區天母西路62巷與天母西路62巷口,0,0,2,1,B03,7,6,5,30,3,2,1,5,4,5,13,4,4,5,5,5,1,17,1,66,3,10,7,1,7,6,1,8,1,5,9,1,21,121.5240313,25.1181301
114,02,28,17,11,2,03中山區,中山區龍江路與建國北路口側附近1段33巷口,0,0,2,1,B03,8,5,5,50,4,1,1,5,4,5,13,4,4,5,4,5,2,17,2,51,3,10,3,4,7,11,1,8,1,1,10,1,21,121.5403495,25.0477814
114,02,28,17,54,2,08士林區,士林區華齡街與前港街口,0,0,1,1,C01,8,6,5,50,4,2,1,5,4,5,13,1,1,5,5,5,2,17,1,43,2,7,6,4,7,6,1,9,2,12,116,1,21,121.5193862,25.0850052
114,02,28,19,42,2,04大安區,大安區仁愛路3段143巷與忠孝東路3段248巷13弄口,0,0,1,1,B03,7,5,5,30,3,1,1,5,4,5,13,4,4,10,5,5,2,17,1,34,3,10,3,4,7,5,1,8,1,17,72,1,22,121.5429941,25.0406461
114,02,28,19,51,2,04大安區,大安區樂業街與樂業街159巷口,0,0,2,1,C03,7,5,5,30,4,1,1,5,4,5,13,4,4,9,5,5,2,15,2,24,2,9,6,4,7,21,1,10,1,11,44,1,21,121.5538458,25.0194032
114,02,28,20,09,2,07信義區,信義區福德街與林口街口,0,0,2,1,B03,7,5,5,50,4,1,2,5,4,5,13,1,1,9,4,5,2,17,1,25,3,10,7,1,7,5,1,8,1,1,71,1,21,121.5791518,25.0362893
114,02,28,21,52,2,02萬華區,萬華區西昌街與貴陽街2段口,0,0,1,1,C03,8,5,5,50,4,1,1,5,4,5,13,2,1,5,5,5,2,17,1,22,3,10,6,1,7,5,1,10,1,17,98,1,21,121.5006827,25.0400913
114,02,28,22,15,2,08士林區,士林區中正路陽明高中對面,0,0,1,1,C03,7,5,5,30,14,9,1,5,5,5,13,4,4,4,4,5,2,18,1,22,2,9,3,4,7,9,1,10,1,12,13,1,21,121.5172679,25.0913941
114,02,28,22,31,2,06松山區,松山區健康路與南京東路4段53巷10弄口,0,0,1,1,C04,7,5,5,50,4,2,1,5,4,5,13,1,1,5,4,5,2,17,2,37,2,9,5,1,7,5,1,11,2,12,8,1,21,121.5525996,25.0531431
114,02,28,22,57,2,04大安區,大安區敦化南路2段63巷與敦化南路2段63巷53弄口,0,0,1,1,B01,7,5,5,30,4,1,1,5,4,5,13,1,1,9,4,5,1,3,1,46,3,10,3,4,7,5,1,4,1,1,70,1,21,121.551584,25.0310019
114,02,28,23,38,2,08士林區,士林區至善路3段與至善路3段150巷口,0,0,1,1,C03,7,5,5,40,14,9,1,5,4,5,13,4,4,5,4,5,2,17,1,18,2,9,6,1,7,9,1,10,2,11,108,1,22,121.5742838,25.1165435
114,03,01,05,10,2,03中山區,中山區錦西街14號,0,0,1,1,B03,7,5,5,50,14,9,1,5,4,5,13,4,4,9,4,5,2,9,2,43,3,10,3,4,7,1,1,8,1,8,44,1,22,121.5214933,25.0603551
114,03,01,06,42,2,05中正區,中正區汀州路3段與羅斯福路3段316巷口,0,0,1,1,C03,8,6,5,50,3,1,1,5,4,5,13,1,1,9,4,5,2,16,1,59,3,10,5,1,7,6,1,10,2,12,9,1,21,121.5321958,25.0151287
114,03,01,07,54,2,04大安區,大安區建國南路2段與辛亥路2段口,0,0,1,1,B03,8,6,5,40,3,1,1,5,4,5,13,2,1,1,4,5,2,17,2,42,3,10,7,1,7,6,1,8,2,2,44,1,21,121.5374743,25.0227967
114,03,01,08,10,2,07信義區,信義區林口街與松山路515巷口,0,0,2,1,F02,8,7,5,40,4,1,1,5,4,5,13,4,4,9,4,4,2,16,2,36,2,9,6,4,7,9,8,20,1,12,108,1,21,121.5792859,25.0386721
114,03,01,08,37,2,08士林區,士林區文林路與德行西路口,0,0,2,1,C03,8,6,5,50,4,1,1,5,4,5,13,1,1,10,5,5,1,15,1,52,2,9,5,1,7,1,1,10,1,11,19,1,21,121.5194501,25.1031969
114,03,01,08,49,2,01大同區,大同區長安西路與長安西路220巷口,0,0,1,1,C03,7,5,5,50,14,9,1,5,4,5,13,2,1,9,4,5,2,13,2,46,2,8,5,1,7,12,1,10,1,11,16,1,22,121.5147092,25.0513985
114,03,01,09,05,2,09北投區,北投區明德路150巷17-1號,0,0,1,1,B03,8,7,5,30,14,9,1,5,4,5,13,4,4,10,5,5,1,16,1,69,3,10,7,1,7,1,1,8,1,8,19,1,22,121.5223966,25.110416
114,03,01,09,23,2,01大同區,大同區民權西路144巷與民權西路102巷4弄口,0,0,3,1,C03,8,7,5,30,4,1,1,5,4,5,13,3,1,10,4,5,2,15,1,19,2,9,3,4,7,9,1,10,1,13,72,1,21,121.5159447,25.0616317
114,03,01,09,30,2,07信義區,信義區吳興街220巷與吳興街220巷11弄口口,0,0,1,1,C03,8,5,8,50,22,22,1,5,4,5,13,4,4,5,5,5,2,17,2,28,2,8,6,1,7,9,1,10,1,12,108,1,22,121.5628394,25.0274349
114,03,01,09,32,2,05中正區,中正區重慶南路3段與詔安街口,0,0,2,1,C03,8,7,5,30,3,1,1,5,4,5,13,4,4,10,5,5,2,17,2,59,2,7,5,1,7,9,1,10,9,11,99,1,22,121.5163737,25.0252419
114,03,01,09,35,2,08士林區,士林區至善路2段與至善路2段口故宮廣場停車場,0,0,1,1,B03,8,6,5,50,4,1,1,5,4,5,13,3,1,1,5,4,1,16,1,47,3,10,7,1,7,5,1,8,1,2,8,1,21,121.5491059,25.0993666
114,03,01,09,40,2,07信義區,信義區信義路5段與松德路口,0,0,2,1,C03,8,7,8,50,4,2,1,5,4,5,13,1,1,1,4,5,2,12,1,46,3,10,3,4,7,6,1,9,1,14,99,1,21,121.5745992,25.0334169
114,03,01,09,57,2,06松山區,松山區觀山河濱公園與觀山河濱公園口路燈觀山125,0,0,1,1,F01,8,7,8,50,22,22,1,5,4,5,13,4,4,9,4,5,2,18,1,42,2,9,4,1,7,9,8,20,9,11,116,1,25,121.5705305,25.0705879
114,03,01,10,00,2,02萬華區,萬華區環河南路2段與環河南路2段250巷口,0,0,1,1,C03,8,5,8,50,22,22,1,5,4,5,13,1,1,10,5,5,2,17,1,29,2,9,3,4,7,5,1,10,1,11,13,1,21,121.4920948,25.0329119
114,03,01,10,20,2,02萬華區,萬華區中華路2段424號旁,0,0,1,1,B01,8,7,5,40,22,7,1,5,4,5,13,4,4,9,4,4,2,17,1,55,3,10,7,1,7,15,1,4,2,3,44,1,21,121.5063111,25.0275374