發生年度,發生月,發生日,發生時-Hours,發生分,處理別-編號,區序,肇事地點,死亡人數,2-30日死亡人數,受傷人數,當事人序號,車種,天候,光線,道路類別,速限-速度限制,道路型態,事故位置,路面狀況1,路面狀況2,路面狀況3,道路障礙1,道路障礙2,號誌1,號誌2,車道劃分-分向,車道劃分-分道1,車道劃分-分道2,車道劃分-分道3,事故類型及型態,性別,年齡,受傷程度,主要傷處,保護裝置,行動電話,車輛用途,當事者行動狀態,駕駛資格情形,駕駛執照種類,飲酒情形,車輛撞擊部位1,肇因碼-個別,個人肇逃否,職業,座標-X,座標-Y
114,03,01,10,49,2,02萬華區,萬華區環河南路2段與桂林路口,0,0,1,1,C03,8,5,5,50,4,1,1,5,4,5,13,1,1,1,4,4,2,17,2,19,2,9,5,4,7,9,1,10,1,14,108,1,21,121.4969085,25.0385551
114,03,01,11,55,2,08士林區,士林區萬溪產業道路5.3k處,0,0,1,1,B03,8,6,5,30,11,9,1,5,4,5,13,4,4,10,5,5,1,13,2,67,3,10,7,1,7,9,1,8,1,1,76,1,21,121.5995913,25.13216486
114,03,01,11,58,2,02萬華區,萬華區西寧南路77號,0,0,1,1,B03,8,7,5,50,14,9,1,5,4,5,13,4,4,9,5,5,2,17,2,29,3,10,7,1,7,5,1,8,1,4,44,1,22,121.5068794,25.0460006
114,03,01,12,09,2,09北投區,北投區大度路與中央北路2段257巷口,0,0,1,1,B03,8,7,5,70,5,1,1,5,4,5,13,2,1,1,3,2,1,16,1,33,3,10,7,1,7,6,1,8,1,6,98,1,22,121.486298,25.1221073
114,03,01,12,18,2,04大安區,大安區建國南路2段11巷26之1號,0,0,2,1,C03,8,6,5,30,14,9,1,5,4,5,13,4,4,10,5,5,2,9,2,29,2,9,5,1,7,9,1,10,1,12,44,1,21,121.5393565,25.0328381
114,03,01,12,20,2,12內湖區,內湖區麥帥一橋機慢車道東往西,0,0,2,1,F01,8,6,5,40,14,9,1,5,4,5,13,4,4,10,4,5,2,17,1,81,2,1,4,1,7,7,8,20,2,15,100,1,21,121.5740714,25.05398462
114,03,01,12,20,2,11南港區,南港區南港路1段東往西089燈桿,0,0,1,1,C03,8,6,5,50,14,9,1,5,4,5,13,4,4,5,2,5,2,13,2,18,2,9,6,1,7,9,1,10,2,11,16,1,21,121.609709,25.054873
114,03,01,12,35,2,09北投區,北投區東華街2段與立農街2段口,0,0,1,1,C03,8,7,5,30,4,2,1,5,4,5,13,1,1,5,4,5,2,1,1,21,3,10,6,1,7,6,1,10,9,15,70,2,26,121.5125266,25.1190855
114,03,01,12,36,2,01大同區,大同區民權西路144巷與民權西路102巷4弄口口,0,0,1,1,B03,8,6,5,30,4,1,1,5,4,5,13,3,1,10,5,5,2,15,1,25,3,10,7,1,7,9,1,8,1,6,72,1,21,121.5159163,25.0616338
114,03,01,12,36,2,04大安區,大安區基隆路3段與臥龍街口,0,0,1,1,C03,8,5,5,50,14,9,1,5,4,5,13,4,4,10,5,5,2,11,1,19,2,9,3,4,7,7,1,10,1,14,100,1,21,121.5482351,25.0203817
114,03,01,12,43,2,02萬華區,萬華區環河南路2段300號,0,0,1,1,F01,8,5,5,0,22,25,4,5,4,2,13,4,4,10,5,5,2,9,1,13,3,10,4,4,7,9,8,20,1,11,42,1,21,121.4905361,25.03145671
114,03,01,12,45,2,02萬華區,萬華區華江橋機車道往板橋方向-編號001050燈桿前,0,0,3,1,C03,8,6,5,40,8,11,1,5,4,5,13,4,4,9,4,3,1,17,1,21,2,7,5,1,7,12,1,10,1,11,108,1,21,121.4895258,25.0356707
114,03,01,13,33,2,10文山區,文山區木新路3段232巷6弄與忠順街1段26巷口,0,0,1,1,C03,8,6,5,30,4,1,1,5,4,5,13,4,4,10,5,5,2,16,1,59,2,8,6,1,7,1,1,10,1,14,19,1,21,121.5598122,24.9821025
114,03,01,13,47,2,08士林區,士林區文林路與文林路144巷口,0,0,1,1,F01,8,6,5,50,4,2,1,5,4,5,13,4,4,5,2,5,1,13,2,17,2,9,4,1,7,9,8,20,1,11,108,1,21,121.5266569,25.08896931
114,03,01,13,59,2,04大安區,大安區仁愛路3段99號,0,0,2,1,B03,8,6,5,50,14,9,1,5,4,5,13,1,1,1,4,5,2,13,1,52,3,10,7,1,7,9,1,8,1,8,108,1,21,121.5410558,25.0384013
114,03,01,14,00,2,09北投區,北投區西安街1段與石牌路1段166巷69弄口,0,0,3,1,C03,8,7,5,50,3,2,1,5,4,5,13,3,1,10,4,5,2,13,1,31,2,9,5,1,7,9,1,10,1,14,16,1,22,121.5158215,25.1137169
114,03,01,14,08,2,04大安區,大安區市民大道4段與敦化南路1段口,0,0,3,1,C03,8,6,5,40,4,4,1,5,4,5,13,2,1,1,4,5,2,17,1,35,2,7,6,1,7,15,1,10,1,11,108,1,21,121.5484471,25.04486809
114,03,01,14,30,2,12內湖區,內湖區內湖路3段115巷與金龍路口,0,0,1,1,B03,8,6,5,50,3,2,1,5,4,5,13,1,1,5,5,5,2,13,1,35,3,10,7,1,7,9,1,8,2,1,108,1,21,121.5898697,25.0858192
114,03,01,15,17,2,09北投區,北投區立賢路107號對面,0,0,2,1,C03,8,6,5,50,14,9,1,5,4,5,13,2,1,1,4,5,2,13,2,22,2,9,6,1,7,9,1,10,2,11,108,1,21,121.5023278,25.1143573
114,03,01,15,20,2,03中山區,中山區民權東路3段59號,0,0,1,1,C03,7,7,5,50,14,9,1,5,4,5,13,4,4,1,4,5,2,29,3,0,,,,,,,,,,,67,1,,121.5435068,25.0624682
114,03,01,15,30,2,06松山區,松山區南京東路5段251巷與南京東路5段291巷20弄口,0,0,2,1,C03,8,7,5,30,4,1,1,5,4,5,13,4,4,10,5,5,2,15,1,31,2,8,5,1,7,9,1,10,1,11,72,1,21,121.5651079,25.05243954
114,03,01,15,40,2,07信義區,信義區松德路與松德路168巷口,0,0,1,1,B03,7,5,5,50,3,1,1,5,4,5,13,1,1,1,4,4,2,16,1,31,3,10,7,1,7,6,1,8,1,5,9,1,21,121.5745381,25.0365258
114,03,01,16,00,2,08士林區,士林區天母西路10號,0,0,3,1,C03,7,6,5,50,14,9,1,5,4,5,13,4,4,5,5,5,2,13,2,43,2,8,6,1,7,9,1,10,1,11,16,1,22,121.5285964,25.1183859
114,03,01,16,10,2,03中山區,中山區民生東路1段與林森北路口,0,0,5,1,A41,8,6,5,50,4,2,1,3,4,5,13,1,1,5,4,5,2,17,1,55,3,10,7,1,7,9,1,1,9,17,34,2,22,121.5257211,25.0581015
114,03,01,16,23,2,10文山區,文山區興隆路4段165巷與木新路3段74巷口,0,0,1,1,C03,8,7,5,30,4,1,1,5,4,5,10,4,4,10,5,5,2,15,2,47,2,8,5,1,7,9,1,10,1,11,72,1,21,121.5628866,24.9841791
114,03,01,16,44,2,04大安區,大安區臥龍街與和平東路2段口,0,0,1,1,B03,8,6,5,30,4,2,1,5,4,5,13,2,1,1,4,5,2,17,2,55,3,10,7,1,7,15,1,8,1,5,108,1,21,121.5467402,25.02447053
114,03,01,16,45,2,03中山區,中山區五常街25號,0,0,1,1,B03,8,7,5,30,14,9,1,5,4,5,13,4,4,9,5,5,2,17,1,28,3,10,7,1,7,1,1,8,1,8,19,1,21,121.5381239,25.06429159
114,03,01,16,46,2,03中山區,中山區民族東路與松江路口,0,0,2,1,C03,8,6,5,50,4,1,1,5,4,5,13,1,1,3,4,4,2,13,1,29,2,8,5,1,7,14,1,10,1,13,42,1,21,121.5334113,25.06814621
114,03,01,17,43,2,07信義區,信義區松壽路11號,0,0,1,1,B03,7,5,5,30,14,9,1,5,4,5,13,4,4,10,5,5,2,13,1,51,3,10,7,1,7,9,1,8,1,1,108,1,21,121.5674808,25.0361235
114,03,01,17,47,2,12內湖區,內湖區民權東路6段與民權東路6段46巷口,0,0,3,1,B03,8,5,5,50,4,2,1,5,4,5,13,2,1,1,4,5,2,17,1,54,2,9,7,1,7,5,1,8,2,5,71,1,21,121.5816568,25.06801214
114,03,01,17,55,2,03中山區,中山區民族東路與建國北路3段113巷口,0,0,1,1,C03,7,5,5,50,4,2,1,5,4,5,13,1,1,1,4,4,2,13,1,19,2,8,6,1,7,15,1,10,1,11,77,1,21,121.53641,25.06818498
114,03,01,18,07,2,01大同區,大同區承德路3段與敦煌路口口,0,0,2,1,B03,8,5,5,50,5,1,1,5,4,5,13,2,1,9,2,5,2,16,1,44,3,10,7,1,7,6,1,8,2,2,9,1,21,121.5200714,25.0753371
114,03,01,18,55,2,08士林區,士林區仰德大道1段110號,0,0,2,1,C03,7,5,5,40,12,9,1,5,4,5,13,4,4,4,5,5,1,21,1,55,2,9,6,1,7,9,1,9,1,11,42,1,21,121.5369614,25.1078886
114,03,01,19,26,2,04大安區,大安區光復南路72巷73號旁（168停車場出入口）,0,0,1,1,B03,8,5,5,30,14,9,1,5,4,5,13,4,4,10,5,5,2,16,1,28,3,10,3,4,7,8,1,8,1,2,100,1,21,121.5553293,25.0435483
114,03,01,20,45,2,11南港區,南港區忠孝東路7段與研究院路1段口,0,0,1,1,B03,8,5,5,50,4,2,1,5,4,5,13,2,1,1,4,5,2,16,1,69,3,10,3,4,7,5,1,8,1,2,44,1,21,121.6168666,25.0531253
114,03,01,21,15,2,05中正區,中正區廈門街與牯嶺街口,0,0,1,1,B03,7,5,5,50,3,1,1,5,4,5,13,1,1,5,5,5,2,17,1,60,3,10,7,1,7,5,1,8,1,17,99,1,22,121.5182927,25.0274859
114,03,01,22,01,2,03中山區,中山區濱江街與濱江街口基七號疏散門無名巷,0,0,1,1,C03,8,5,5,50,4,1,1,5,4,5,13,2,1,9,4,5,2,16,1,61,3,10,6,4,7,1,1,10,1,14,19,1,22,121.5510557,25.07224123
114,03,01,22,20,2,07信義區,信義區信義路5段17號,0,0,1,1,F02,7,5,6,0,14,20,4,5,5,5,13,4,4,10,5,5,2,18,2,49,2,9,2,1,7,9,8,20,11,15,116,1,21,121.5674272,25.0330119
114,03,01,22,50,2,03中山區,中山區民權東路1段與新生北路3段口,0,0,2,1,C03,8,5,5,50,4,1,1,5,4,5,13,2,1,5,4,5,2,13,2,27,2,8,6,4,7,9,1,10,1,14,76,1,21,121.5276071,25.0627091
114,03,01,23,25,2,05中正區,中正區重慶南路3段與汀州路2段口,0,0,1,1,A02,7,5,5,50,4,1,1,5,4,5,13,2,1,1,4,5,1,11,1,52,3,10,7,1,7,9,1,2,2,17,13,1,21,121.516284,25.0257532
114,03,02,00,13,2,01大同區,大同區重慶北路2段與民權西路口,0,0,2,1,C04,8,5,6,50,4,1,1,5,4,5,13,2,1,9,4,5,2,16,1,20,2,9,5,1,7,5,3,18,2,12,98,1,21,121.5135475,25.0630709
114,03,02,01,36,2,11南港區,南港區忠孝東路6段與昆陽街口,0,0,2,1,F01,7,5,5,50,4,2,1,5,4,5,13,1,1,1,4,4,2,15,1,36,2,9,4,4,7,9,8,20,1,11,81,1,21,121.5939069,25.0504625
114,03,02,07,36,2,05中正區,中正區市民大道2段與迴轉道（近長安東路1段52巷),0,0,1,1,C03,7,5,5,40,14,9,1,5,4,5,13,4,4,9,4,5,2,17,1,45,4,11,3,4,7,5,7,19,11,15,73,2,22,121.5189062,25.0482997
114,03,02,09,49,2,10文山區,文山區木柵路4段75號,0,0,1,1,B12,8,6,5,50,14,9,1,5,4,5,13,1,1,5,4,5,2,13,1,32,3,10,7,1,7,9,1,8,1,1,118,1,21,121.5718063,24.9953408
114,03,02,10,53,2,04大安區,大安區和平東路3段與基隆路2段口,0,0,2,1,B03,8,5,5,50,5,2,1,5,4,5,13,2,1,8,3,5,1,16,1,41,3,10,7,1,7,5,1,8,1,8,80,1,21,121.5528522,25.024516
114,03,02,11,00,2,08士林區,士林區至善路3段150巷與至善路3段口,0,0,1,1,B03,8,6,5,50,3,2,1,5,4,5,13,3,1,10,5,5,1,11,1,70,3,10,7,1,7,4,1,8,1,2,108,1,21,121.5829405,25.119205
114,03,02,11,53,2,08士林區,士林區承德路4段與大南路口,0,0,1,1,C03,8,6,5,50,5,2,1,5,4,5,13,2,1,1,4,5,1,9,2,24,3,10,5,1,7,1,1,10,1,12,108,1,21,121.5211815,25.08916003
114,03,02,12,36,2,01大同區,大同區市民大道1段與無名巷口,0,0,1,1,B01,8,6,5,30,5,1,1,5,4,5,13,4,4,10,5,5,2,16,1,68,3,10,7,1,7,6,1,4,2,4,73,1,21,121.5187886,25.0485162
114,03,02,12,42,2,10文山區,文山區木柵路2段76號,0,0,1,1,C03,8,6,5,50,14,9,1,5,4,5,13,4,4,5,4,5,2,12,2,53,2,9,6,1,7,9,1,10,2,14,17,1,21,121.5596115,24.9886906
114,03,02,13,23,2,09北投區,北投區公館路228巷與公館路334巷口,0,0,2,1,C03,8,6,5,30,5,1,1,5,4,5,13,4,4,10,5,5,2,15,2,34,2,9,6,1,7,9,1,10,1,12,72,1,21,121.504666,25.12469606
114,03,02,13,30,2,03中山區,中山區民權東路3段65號,0,0,1,1,A31,8,7,5,50,14,9,1,5,4,5,13,4,4,1,4,5,2,17,1,25,3,10,3,4,7,9,1,1,11,1,108,2,22,121.5440769,25.0624897
114,03,02,13,44,2,06松山區,松山區民生東路5段235號,0,0,1,1,B03,7,6,5,50,14,9,1,5,4,5,13,4,4,1,4,5,2,13,1,57,3,10,7,1,7,13,1,8,1,4,40,1,21,121.5675747,25.0592522
114,03,02,14,05,2,06松山區,松山區松河街192號,0,0,1,1,C02,8,7,5,40,14,9,1,5,4,5,13,4,4,9,4,5,2,12,1,41,3,10,5,1,7,1,6,10,1,11,19,1,25,121.5772457,25.0515042
114,03,02,14,28,2,10文山區,文山區一壽街與一壽街3巷口,0,0,2,1,F01,8,6,5,30,4,1,1,5,4,5,13,4,4,10,5,5,2,10,1,46,2,8,6,1,7,9,8,20,1,14,86,1,21,121.5565787,24.9799288
114,03,02,14,37,2,12內湖區,內湖區康寧路3段165巷與康寧路3段口,0,0,1,1,C03,8,5,5,50,4,1,1,5,4,5,13,1,1,1,4,5,2,16,1,21,2,9,6,1,7,5,1,10,1,11,71,1,21,121.61131,25.0704441
114,03,02,14,40,2,03中山區,中山區林森北路與雙城街19巷口,0,0,1,1,B12,8,7,5,50,4,2,1,5,4,5,13,4,4,9,5,5,2,16,1,30,3,10,7,1,7,5,1,8,1,8,8,1,21,121.5256939,25.06553406
114,03,02,14,40,2,12內湖區,內湖區文德路208巷與陽光街92巷25弄口,0,0,1,1,F01,7,6,5,50,3,1,1,5,4,5,13,3,1,5,4,5,1,17,1,14,3,10,4,2,7,5,8,20,1,17,8,1,15,121.5835804,25.0760885
114,03,02,14,43,2,06松山區,松山區光復北路與八德路3段口,0,0,2,1,C03,8,7,5,50,4,4,1,5,4,5,13,2,1,1,4,5,2,13,1,25,2,8,5,1,7,9,1,10,1,11,16,1,21,121.5577762,25.0484659
114,03,02,14,47,2,11南港區,南港區市民大道7段與玉成街口,0,0,2,1,C03,8,6,5,50,4,1,1,5,4,5,13,2,1,1,4,5,2,16,1,26,2,7,5,1,7,5,1,10,1,14,103,1,22,121.5814233,25.0490584
114,03,02,14,51,2,12內湖區,內湖區瑞湖街與陽光街口,0,0,1,1,C04,8,6,5,50,4,2,1,5,4,5,13,2,1,5,5,5,2,17,1,34,2,7,6,1,7,6,1,11,1,11,9,1,21,121.5760986,25.07247254
114,03,02,15,10,2,07信義區,信義區松高路19號,0,0,3,1,B03,8,7,5,50,14,9,1,5,4,5,13,2,1,9,4,5,2,3,1,55,3,10,2,4,7,9,1,8,2,1,81,1,21,121.567069,25.039168
114,03,02,15,35,2,10文山區,文山區木新路3段172巷2弄與木新路3段172巷口,0,0,2,1,C03,7,5,5,30,4,1,1,5,4,5,13,4,4,10,5,5,2,15,1,18,2,8,5,4,7,9,1,10,1,11,72,1,22,121.5605639,24.9822294
114,03,02,15,43,2,01大同區,大同區保安街與甘州街口,0,0,1,1,B03,7,6,5,50,4,1,1,5,4,5,13,2,1,4,4,5,2,1,1,36,3,10,3,4,7,5,1,8,1,8,70,1,21,121.5128864,25.0591516
114,03,02,15,46,2,08士林區,士林區通河西街1段百齡左岸060桿,0,0,2,1,C03,7,5,8,40,22,22,1,5,4,5,13,4,4,9,5,5,1,17,1,27,2,9,5,1,7,11,1,10,1,14,10,1,21,121.5133827,25.0828733
114,03,02,16,02,2,05中正區,中正區中華路1段與漢口街1段口,0,0,2,1,B03,8,6,5,50,4,1,1,5,4,5,13,2,1,1,4,5,2,17,1,70,3,10,7,1,7,5,1,8,2,5,85,1,21,121.5093452,25.045153
114,03,02,16,06,2,07信義區,信義區信義路6段22號,0,0,2,1,C03,7,7,5,50,14,9,1,5,4,5,13,4,4,9,4,5,2,18,2,37,2,9,5,1,7,9,1,10,1,12,116,1,21,121.5752297,25.0339878
114,03,02,16,15,2,08士林區,士林區承德路5段與中正路口,0,0,1,1,B01,8,6,5,50,4,1,1,5,4,5,13,2,1,3,4,4,2,15,1,45,3,10,3,4,7,9,1,4,1,6,79,1,21,121.5165237,25.090911
114,03,02,16,16,2,04大安區,大安區通化街19巷與文昌街250巷口,0,0,1,1,C03,8,6,5,30,4,1,1,5,4,5,13,4,4,10,5,5,2,17,1,37,2,8,5,1,7,9,1,10,2,12,72,1,21,121.5556903,25.0316794
114,03,02,16,40,2,12內湖區,內湖區安康路與五分街口,0,0,2,1,F01,8,6,5,30,4,1,1,5,4,5,13,4,4,10,5,5,2,15,2,42,2,8,4,1,7,9,8,20,1,12,75,1,21,121.6152832,25.0673469
114,03,02,16,40,2,11南港區,(興華路81號前),0,0,1,1,H01,8,6,5,30,14,9,1,5,4,5,13,2,1,5,2,5,2,6,1,4,2,9,4,5,8,18,8,20,10,16,122,1,21,121.6059521,25.0554228
114,03,02,16,50,2,01大同區,大同區延平北路3段與民權西路口,0,0,1,1,C03,7,6,5,50,14,11,1,5,4,5,13,2,1,1,4,5,2,13,2,22,2,9,3,4,7,9,1,10,1,11,16,1,21,121.5107335,25.06309687
114,03,02,16,52,2,03中山區,中山區北安路與大直橋口下橋處,0,0,1,1,C03,8,5,5,50,4,1,1,5,4,5,13,2,1,1,4,5,2,16,1,43,2,8,6,4,7,5,1,10,1,14,96,1,22,121.5444611,25.07929708
114,03,02,16,54,2,03中山區,中山區長春路與龍江路口,0,0,1,1,C03,8,6,5,50,4,1,1,5,4,5,13,1,1,5,4,5,2,16,2,53,2,9,6,1,7,5,1,10,1,12,8,1,22,121.5405446,25.0546464
114,03,02,16,55,2,10文山區,文山區木柵路4段與木柵路4段9巷口,0,0,1,1,C03,8,5,5,50,3,1,1,5,4,5,13,2,1,5,4,5,2,17,1,34,4,11,6,1,7,11,1,10,9,15,92,2,21,121.5713173,24.9923631
114,03,02,17,48,2,02萬華區,萬華區環河南路2段與環河南路2段130巷口,0,0,2,1,C03,7,5,5,50,3,1,1,5,4,5,13,4,4,3,4,5,2,1,1,19,2,9,5,1,7,15,1,10,1,11,108,1,21,121.4949672,25.036212
114,03,02,17,50,2,10文山區,文山區興隆路4段與興隆路4段109巷口口,0,0,1,1,C03,8,5,5,50,4,1,1,5,4,5,13,1,1,5,5,5,2,13,1,39,2,9,5,1,7,5,1,10,1,13,8,1,21,121.5609157,24.9866286
114,03,02,18,27,2,02萬華區,萬華區桂林路與西園路1段口,0,0,1,1,B03,8,5,5,50,4,1,1,5,4,5,13,1,1,9,4,5,2,17,2,39,3,10,7,4,7,5,1,8,1,8,71,1,21,121.4997579,25.0384933
114,03,02,18,54,2,12內湖區,內湖區潭美街西向東，成美橋下,0,0,3,1,C03,8,5,5,50,14,9,1,5,4,5,13,2,1,5,5,5,2,17,2,58,2,8,5,1,7,11,1,10,1,14,80,1,21,121.5827499,25.05497172
114,03,02,19,00,2,03中山區,中山區錦州街與吉林路口,0,0,1,1,B01,7,5,5,50,4,1,1,5,4,5,13,1,1,4,3,5,1,17,1,42,3,10,7,1,7,5,1,4,1,1,74,1,21,121.5225179,25.05208023
114,03,02,19,00,2,08士林區,士林區承德路5段24號,0,0,2,1,C03,7,5,5,40,14,9,1,5,4,5,13,1,1,10,5,5,1,13,2,32,2,8,6,1,7,9,1,10,1,11,108,1,22,121.5154596,25.0919298
114,03,02,19,19,2,01大同區,大同區延平北路2段272巷與安西街口,0,0,1,1,B03,7,5,5,30,4,1,1,5,4,5,13,4,4,10,5,5,2,15,2,50,3,10,7,1,7,9,1,8,2,2,72,1,21,121.5097686,25.0620819
114,03,02,19,55,2,08士林區,士林區仰德大道1段101號,0,0,2,1,C03,7,5,5,40,14,9,1,5,4,5,13,1,1,5,5,5,1,18,1,24,2,9,6,1,7,9,1,10,2,14,42,1,22,121.5381816,25.1043863
114,03,02,21,37,2,10文山區,文山區興隆路4段165巷與興隆路4段165巷40弄口口,0,0,2,1,C03,8,5,5,30,4,1,1,5,4,5,13,4,4,10,5,5,2,15,2,66,3,10,6,1,7,9,1,10,1,11,42,1,21,121.5636206,24.9842968
114,03,02,22,25,2,07信義區,信義區信義路5段150巷14弄與信義路5段150巷口,0,0,2,1,C03,8,5,5,50,3,1,1,5,4,5,13,4,4,9,5,5,2,17,1,27,2,9,3,4,7,5,1,10,1,14,80,1,21,121.5697378,25.0285052
114,03,03,00,15,2,10文山區,文山區木柵路4段139號,0,0,1,1,C03,8,5,5,50,14,9,2,5,4,5,13,4,4,5,4,5,2,27,1,23,2,9,5,4,7,9,1,10,1,11,44,1,21,121.5742435,24.9978994
114,03,03,03,14,2,02萬華區,萬華區萬大路與西藏路口,0,0,1,1,B02,8,5,5,30,4,1,1,5,4,5,13,2,1,1,4,5,2,12,2,33,3,10,7,3,7,9,1,4,1,1,108,1,21,121.500574,25.0291607
114,03,03,07,33,2,09北投區,北投區崇仁路1段與三合街2段口,0,0,1,1,C03,7,6,5,50,4,1,1,5,4,5,13,2,1,5,4,5,2,13,1,36,2,9,5,1,7,9,3,18,1,11,16,1,21,121.5016173,25.12642325
114,03,03,07,34,2,02萬華區,萬華區中興橋機車道往北市下橋,0,0,2,1,C03,7,7,7,30,14,11,1,5,4,5,13,4,4,10,5,5,2,13,1,21,2,7,5,1,7,9,1,10,1,11,44,1,21,121.5003643,25.0428486
114,03,03,07,42,2,01大同區,大同區承德路3段與民權西路口,0,0,1,1,C03,8,6,5,50,5,1,1,5,4,5,13,2,1,1,2,5,2,13,2,51,2,9,6,1,7,9,1,10,1,11,16,1,21,121.518191,25.0630652
114,03,03,07,53,2,02萬華區,萬華區環河南路2段與艋舺大道口,0,0,1,1,B03,7,5,5,50,3,1,1,5,4,5,13,4,4,1,4,5,2,17,2,36,3,10,7,4,7,6,1,8,1,8,9,1,21,121.4892685,25.0279165
114,03,03,08,10,2,09北投區,北投區西安街1段與西安街1段313巷口,0,0,3,1,C03,8,7,5,50,3,2,1,5,4,5,13,4,4,10,4,5,2,17,1,50,3,10,6,1,7,9,1,10,1,13,44,1,22,121.5161817,25.1132059
114,03,03,08,15,2,08士林區,士林區中山北路5段與中山北路5段470巷口,0,0,1,1,C03,7,6,5,50,3,1,1,5,4,5,13,4,4,4,3,1,1,12,1,29,3,10,6,1,7,8,1,10,1,17,100,1,22,121.5278676,25.0921735
114,03,03,08,23,2,10文山區,文山區羅斯福路6段24號,0,0,1,1,C03,8,6,5,50,14,9,1,5,4,5,13,4,4,1,4,5,2,13,1,18,3,10,6,1,7,9,1,10,1,11,16,1,21,121.5396837,25.0000228
114,03,03,08,26,2,05中正區,中正區重慶南路3段與和平西路1段口,0,0,2,1,C03,8,6,5,50,5,2,1,5,4,5,13,1,1,1,4,5,2,13,1,25,2,9,5,1,7,9,1,10,1,11,16,1,21,121.5157553,25.0277035
114,03,03,08,32,2,03中山區,中山區北安路與明水路口,0,0,1,1,C03,7,6,5,50,14,9,1,5,4,5,13,4,4,8,3,5,1,17,2,34,2,9,5,1,7,9,1,10,1,11,16,1,21,121.5529917,25.0855652
114,03,03,08,33,2,04大安區,大安區信義路3段134巷與建國南路2段11巷口口,0,0,1,1,C03,7,6,5,30,3,1,1,5,4,5,13,4,4,10,5,5,2,17,1,39,3,10,5,1,7,5,1,10,1,14,74,1,22,121.5394425,25.0328102
114,03,03,08,40,2,06松山區,松山區復興北路與復興北路17巷口,0,0,1,1,C04,7,6,8,50,3,1,1,5,4,5,13,4,4,1,3,5,2,16,2,44,3,10,6,1,7,6,1,10,11,13,9,1,21,121.5440638,25.0492795
114,03,03,08,40,2,07信義區,信義區基隆路2段81號,0,0,1,1,C03,8,6,5,50,14,8,1,5,4,5,13,4,4,3,4,5,2,13,2,42,2,9,6,1,7,9,1,10,1,11,16,1,22,121.5579444,25.0301362
114,03,03,08,47,2,01大同區,大同區延平北路2段與民權西路口,0,0,1,1,C03,8,6,5,40,5,1,1,5,4,5,13,2,1,1,4,5,2,13,2,34,2,8,6,1,7,9,1,10,1,11,108,1,21,121.5109694,25.0628352
114,03,03,09,05,2,03中山區,中山區長春路372號,0,0,1,1,B03,7,7,5,40,14,9,1,5,4,5,13,4,4,9,4,5,2,16,1,68,3,10,7,1,7,11,1,8,2,7,10,1,21,121.5428598,25.0545983
114,03,03,09,05,2,03中山區,中山區松江路469巷與松江路口口,0,0,1,1,C03,7,7,5,50,4,1,1,5,4,5,13,1,1,1,4,5,2,17,2,40,3,10,3,4,7,9,1,10,1,14,44,1,21,121.5334233,25.0667287
114,03,03,09,07,2,06松山區,松山區松河街與松河街口堤內便道,0,0,1,1,B03,7,6,8,50,3,1,1,5,4,5,13,4,4,8,5,5,2,17,2,38,3,10,3,4,7,5,1,8,1,17,118,1,21,121.5710109,25.05142619
114,03,03,09,19,2,11南港區,南港區富康街40號,0,0,2,1,B03,8,6,5,30,14,9,1,5,4,5,13,4,4,10,4,5,1,16,1,70,3,10,7,1,7,11,1,8,2,4,10,1,21,121.6172028,25.0534815
114,03,03,09,24,2,02萬華區,萬華區寶興街與寶興街222巷口,0,0,1,1,A11,7,7,5,50,4,1,1,5,4,5,13,1,1,9,5,5,2,12,1,45,3,10,7,1,7,11,1,3,1,4,10,1,22,121.495813,25.0223884
114,03,03,09,35,2,04大安區,大安區基隆路2段188號,0,0,1,1,B03,7,6,5,50,14,9,1,5,4,5,13,4,4,1,4,5,2,17,2,26,3,10,7,1,7,6,1,8,1,2,9,1,21,121.5529367,25.0249263
114,03,03,09,42,2,12內湖區,內湖區瑞湖街與舊宗路2段181巷口口,0,0,1,1,B03,8,5,5,50,3,2,1,5,4,5,13,4,4,9,4,5,2,16,1,29,3,10,7,1,7,6,1,8,1,2,9,1,21,121.576206,25.0720341
114,03,03,09,50,2,06松山區,松山區北寧路56巷與北寧路口,0,0,1,1,B03,8,6,5,50,3,2,1,5,4,5,13,2,1,8,3,5,1,1,1,36,3,10,3,1,7,5,1,14,2,4,70,1,21,121.5526061,25.0497907
114,03,03,10,04,2,05中正區,中正區中華路1段與中華路1段91巷口,0,0,3,1,C03,7,5,5,50,3,2,1,5,4,5,13,4,4,9,5,5,2,17,2,19,2,8,5,1,7,6,1,10,2,12,9,1,21,121.5073169,25.0379848
114,03,03,10,30,2,09北投區,北投區公館路與公館路85巷口,0,0,2,1,C03,8,7,5,50,4,1,1,5,4,5,13,2,1,5,5,5,1,15,1,86,2,9,6,1,7,9,1,10,1,12,81,1,22,121.5046413,25.1311576
114,03,03,11,11,2,02萬華區,萬華區西園路2段與西園路2段254巷口,0,0,1,1,C03,7,6,5,50,3,1,1,5,4,5,13,4,4,8,3,5,2,13,2,40,2,9,5,4,7,9,1,10,1,11,108,1,22,121.4948307,25.0279588
114,03,03,11,20,2,02萬華區,萬華區東園街66巷24弄與東園街66巷口,0,0,2,1,C03,7,7,5,30,4,1,1,5,4,5,13,4,4,10,5,5,2,15,1,83,2,6,5,1,7,9,1,10,1,11,72,1,21,121.4953097,25.0250874