發生年度,發生月,發生日,發生時-Hours,發生分,處理別-編號,區序,肇事地點,死亡人數,2-30日死亡人數,受傷人數,當事人序號,車種,天候,光線,道路類別,速限-速度限制,道路型態,事故位置,路面狀況1,路面狀況2,路面狀況3,道路障礙1,道路障礙2,號誌1,號誌2,車道劃分-分向,車道劃分-分道1,車道劃分-分道2,車道劃分-分道3,事故類型及型態,性別,年齡,受傷程度,主要傷處,保護裝置,行動電話,車輛用途,當事者行動狀態,駕駛資格情形,駕駛執照種類,飲酒情形,車輛撞擊部位1,肇因碼-個別,個人肇逃否,職業,座標-X,座標-Y
114,03,03,11,30,2,09北投區,北投區奇岩路73號,0,0,1,1,B03,8,6,5,30,11,9,1,5,4,5,13,4,4,10,5,5,2,10,1,32,3,10,7,1,7,9,1,8,1,1,17,1,21,121.506801,25.132306
114,03,03,11,49,2,05中正區,中正區重慶南路1段27號,0,0,1,1,B03,8,6,5,50,14,9,1,5,4,5,13,4,4,10,4,5,2,17,1,40,3,10,7,1,7,1,1,8,11,17,19,1,21,121.5132964,25.0455612
114,03,03,11,50,2,10文山區,文山區木柵路3段與木柵路3段48巷口,0,0,2,1,C03,7,6,5,50,4,1,1,5,4,5,13,1,1,5,5,5,2,16,2,62,2,9,5,1,7,5,1,10,2,14,44,1,21,121.5653388,24.9883905
114,03,03,12,44,2,04大安區,大安區青田街7巷與和平東路1段183巷口,0,0,1,1,C03,7,6,5,30,4,1,1,5,3,5,13,4,4,10,5,5,2,17,2,45,2,9,5,1,7,6,1,10,1,11,42,1,21,121.5330705,25.028099
114,03,03,12,55,2,01大同區,大同區承德路2段與民權西路口,0,0,2,1,C03,7,6,5,50,4,1,1,5,4,5,13,2,1,1,4,5,2,12,1,29,2,9,3,4,7,9,1,10,1,11,16,1,21,121.5180039,25.062838
114,03,03,12,59,2,01大同區,大同區台北橋機慢車道往西下橋處,0,0,1,1,C03,8,6,5,40,8,11,1,5,4,5,13,4,4,1,4,5,2,17,1,20,2,7,6,1,7,9,1,10,2,14,20,1,21,121.5107408,25.0629157
114,03,03,13,12,2,02萬華區,萬華區寶興街140巷與寶興街140巷17弄口,0,0,1,1,C03,7,6,5,30,4,1,1,5,4,5,13,4,4,10,5,5,1,15,1,67,2,5,3,4,7,9,1,10,1,11,75,1,22,121.4942666,25.0243481
114,03,03,13,27,2,10文山區,文山區羅斯福路6段與溪口街口,0,0,1,1,C03,8,6,5,30,4,1,1,5,4,5,13,2,1,10,5,5,2,15,2,77,2,9,6,1,7,9,1,10,1,14,81,1,21,121.5410483,24.9942156
114,03,03,13,30,2,05中正區,中正區北平東路20號與北平東路無名巷口,0,0,1,1,B01,7,6,5,40,3,1,1,5,4,5,13,4,4,10,5,4,2,16,1,62,3,10,7,4,7,11,1,1,1,8,10,1,21,121.5249833,25.04635611
114,03,03,14,13,2,10文山區,文山區興隆路4段179巷與木新路3段74巷口,0,0,3,1,C03,7,5,5,30,4,1,1,5,4,5,13,4,4,10,5,5,2,15,1,20,2,9,6,1,7,9,1,10,2,11,75,1,22,121.5630163,24.9837613
114,03,03,14,44,2,07信義區,信義區松仁路240巷與松仁路口,0,0,1,1,B02,7,6,5,30,4,2,1,5,4,5,13,1,1,10,5,5,2,9,1,26,3,10,3,4,7,5,1,8,2,8,70,1,21,121.5694027,25.0248614
114,03,03,14,48,2,08士林區,士林區後港街與後港街28巷口,0,0,3,1,C02,8,5,5,30,4,1,1,5,4,5,13,4,4,10,5,5,2,17,1,35,2,8,3,4,7,9,1,9,1,14,4,1,22,121.5229665,25.0832112
114,03,03,14,51,2,02萬華區,萬華區長沙街2段與昆明街口,0,0,4,1,B13,7,7,5,50,4,2,1,5,4,5,13,2,1,9,4,5,2,13,1,40,3,10,3,4,7,9,1,8,1,1,108,1,22,121.5041256,25.0403717
114,03,03,15,09,2,04大安區,大安區辛亥路3段21巷與辛亥路3段口,0,0,1,1,B03,8,6,5,50,3,1,1,5,4,5,13,4,4,10,4,5,2,17,2,46,3,10,7,1,7,8,1,8,1,1,100,1,21,121.5442834,25.0213739
114,03,03,15,32,2,05中正區,中正區貴陽街1段與中華路1段口,0,0,1,1,B01,8,5,5,50,4,1,1,5,4,5,13,1,1,1,4,1,1,17,1,47,3,10,7,1,7,6,1,4,1,2,9,1,21,121.5076384,25.0391308
114,03,03,16,10,2,01大同區,大同區大稻埕堤外便道,0,0,2,1,C03,8,6,5,30,14,9,1,5,4,5,13,4,4,10,5,5,1,17,2,26,2,9,6,1,7,15,1,10,1,11,80,1,21,121.5079988,25.0565851
114,03,03,16,20,2,10文山區,文山區木柵路1段與景美溪橋口,0,0,1,1,C03,7,6,5,50,3,2,1,5,4,5,13,2,1,5,5,5,2,17,1,68,3,10,6,1,7,5,1,10,1,14,8,1,21,121.5452907,24.9868662
114,03,03,16,21,2,08士林區,士林區承德路4段與中正路口,0,0,1,1,C03,7,6,5,30,4,2,1,5,4,5,13,2,1,1,4,5,1,17,1,67,2,9,6,1,7,7,1,10,2,14,100,1,21,121.5170262,25.09127786
114,03,03,17,04,2,01大同區,大同區承德路2段與南京西路口,0,0,1,1,C03,7,6,5,50,4,4,1,5,4,5,13,4,4,8,3,5,1,13,1,67,2,8,6,1,7,14,1,10,2,11,108,1,21,121.5176803,25.053533
114,03,03,17,05,2,11南港區,南港區南港路1段與經貿二路口側附近口,0,0,2,1,C03,7,6,5,50,4,1,1,5,4,5,13,2,1,3,4,5,1,16,1,18,2,9,6,1,7,7,1,10,1,12,100,1,21,121.6167418,25.0551562
114,03,03,17,15,2,06松山區,松山區民生東路4段與民生東路4段80巷口,0,0,1,1,F01,8,7,5,50,3,1,1,5,4,5,13,2,1,1,4,5,2,16,1,13,2,7,4,1,7,5,8,20,1,13,71,1,15,121.5529354,25.0580332
114,03,03,17,16,2,03中山區,中山區北安路111號,0,0,1,1,B03,6,6,5,50,14,9,1,4,4,5,13,4,4,9,4,5,1,17,1,50,3,10,7,1,7,9,1,8,2,2,108,1,21,121.5316187,25.07819136
114,03,03,17,38,2,12內湖區,內湖區五分街與東湖路160巷10弄口,0,0,1,1,B03,8,6,5,30,4,1,1,5,4,5,13,4,4,10,3,5,1,16,2,29,3,10,7,1,7,5,1,8,1,8,8,1,21,121.6163732,25.0671782
114,03,03,17,40,2,06松山區,松山區八德路3段233號,0,0,1,1,B03,8,6,8,50,22,22,1,5,4,5,13,4,4,9,4,5,2,17,1,28,3,10,7,1,7,11,1,8,1,2,80,1,22,121.5567052,25.04808428
114,03,03,18,00,2,08士林區,士林區社中街279號與無名巷口旁,0,0,1,1,C03,7,6,5,30,4,2,1,5,4,5,13,4,4,10,5,5,2,17,1,39,3,10,5,1,7,6,1,10,2,11,44,1,21,121.5062805,25.0917674
114,03,03,18,15,2,05中正區,中正區重慶南路3段7號,0,0,1,1,B03,8,5,5,50,14,9,1,5,4,5,13,4,4,1,4,5,2,17,1,23,3,10,7,1,7,7,1,8,3,8,100,1,21,121.5155434,25.0291307
114,03,03,18,20,2,03中山區,中山區民權東路2段166號,0,0,21,1,A05,8,5,5,50,14,9,1,5,4,5,13,4,4,1,4,5,2,37,1,44,3,10,7,1,7,9,1,2,2,9,108,1,21,121.535371,25.062304
114,03,03,18,21,2,02萬華區,萬華區萬大路418號,0,0,1,1,B01,8,5,5,30,14,7,1,5,4,5,13,4,4,10,3,5,2,12,1,47,3,10,7,1,7,1,1,4,1,15,19,1,22,121.4982055,25.0212346
114,03,03,18,35,2,05中正區,中正區青島西路10號對面,0,0,2,1,C03,7,5,5,50,14,9,1,5,4,5,13,2,1,9,4,5,2,13,1,69,2,9,5,1,7,9,1,10,2,11,76,1,21,121.5181711,25.0448237
114,03,03,18,37,2,08士林區,士林區忠義街與雨聲街口,0,0,1,1,C03,8,5,5,40,3,3,1,5,4,5,13,2,1,5,5,5,2,16,1,61,2,9,5,1,7,5,1,10,1,14,8,1,21,121.5193108,25.09617998
114,03,03,18,40,2,12內湖區,內湖區潭美街與安康路228巷口,0,0,1,1,A02,7,5,5,40,3,1,1,5,4,5,13,1,1,5,5,5,1,16,1,63,3,10,7,1,7,5,1,1,2,8,74,1,21,121.6034747,25.0611842
114,03,03,18,44,2,08士林區,士林區中山北路6段270號對面,0,0,1,1,C03,8,5,5,50,14,9,1,5,4,5,13,4,4,1,4,5,2,13,1,18,2,7,6,1,7,9,3,18,1,11,108,1,21,121.525383,25.1099754
114,03,03,18,50,2,03中山區,中山區市民大道3段與建國南路1段口,0,0,2,1,B02,8,5,5,40,14,9,1,5,4,5,13,2,1,1,3,5,2,12,1,32,2,5,7,4,7,8,1,8,2,5,100,1,21,121.5368,25.0448122
114,03,03,19,01,2,02萬華區,萬華區長泰街與長泰街139巷口,0,0,1,1,H01,7,5,5,30,4,1,1,5,4,5,13,4,4,5,5,5,2,3,1,11,3,10,4,5,8,18,8,20,10,16,53,1,21,121.4974272,25.0221636
114,03,03,19,20,2,02萬華區,萬華區西藏路與雙園街60巷口,0,0,1,1,B03,7,6,5,50,5,2,1,5,4,5,13,2,1,10,4,5,1,17,1,61,3,10,3,4,7,1,1,8,1,8,108,1,22,121.4923374,25.028606
114,03,03,19,21,2,03中山區,中山區敬業二路與樂群二路口,0,0,1,1,B03,7,5,5,50,4,18,1,5,4,5,13,2,1,1,4,5,2,3,1,48,3,10,7,1,7,5,1,8,2,8,70,1,21,121.5544785,25.0799523
114,03,03,19,53,2,04大安區,大安區安和路1段與安和路1段49巷口,0,0,1,1,C04,7,5,5,50,3,1,1,5,4,5,13,4,4,1,4,5,2,13,2,24,2,9,5,1,7,9,1,10,1,11,16,1,21,121.5510101,25.0384441
114,03,03,20,39,2,03中山區,中山區建國北路3段113巷與民族東路410巷2弄口,0,0,1,1,B03,8,5,5,50,4,18,1,5,4,5,13,3,1,4,1,5,2,3,1,29,3,10,7,4,7,9,1,8,2,7,70,1,21,121.5362302,25.0669088
114,03,03,20,56,2,03中山區,中山區林森北路與長春路口,0,0,1,1,B03,6,5,5,50,4,1,1,4,4,5,13,2,1,4,3,4,2,16,2,27,3,10,7,4,7,6,1,8,1,5,9,1,21,121.5254842,25.0549791
114,03,03,21,13,2,02萬華區,萬華區華中橋往新北市機車專用道7010481燈桿,0,0,4,1,C03,8,5,5,40,8,11,1,5,4,5,13,4,4,1,4,5,2,12,1,35,2,9,6,1,7,9,1,10,1,13,44,1,21,121.4952563,25.00961633
114,03,03,21,41,2,12內湖區,內湖區民權東路6段180巷與民權東路6段口,0,0,1,1,B03,7,6,5,50,4,2,1,5,4,5,13,2,1,1,4,5,2,12,2,61,4,11,3,4,7,8,1,8,11,17,100,2,21,121.5925516,25.0688402
114,03,03,22,03,2,11南港區,南港區東新街58號,0,0,1,1,B03,7,5,5,50,14,9,1,5,4,5,13,4,4,8,3,5,2,16,1,32,3,10,3,4,7,11,1,8,2,4,10,1,21,121.585517,25.0476317
114,03,03,22,19,2,02萬華區,萬華區華中橋機車道(近燈桿7010480),0,0,3,1,C03,7,5,5,40,8,11,1,5,4,5,13,4,4,1,4,3,2,13,1,23,2,9,3,4,7,9,1,10,1,11,108,1,22,121.4953982,25.0130421
114,03,04,00,05,2,04大安區,大安區芳蘭路51號,0,0,1,1,C03,6,5,5,50,14,9,1,4,4,5,13,4,4,8,3,5,2,17,1,25,2,9,3,4,7,9,1,10,1,11,44,1,21,121.5466418,25.0137835
114,03,04,02,13,2,05中正區,中正區重慶南路2段與寧波西街口,0,0,1,1,C03,6,5,6,50,4,1,1,4,4,5,13,2,1,1,4,5,2,12,1,28,2,8,5,1,7,8,6,18,1,12,80,1,21,121.5151625,25.0298465
114,03,04,06,14,2,07信義區,信義區忠孝東路4段與逸仙路口,0,0,1,1,B03,6,5,5,50,14,9,1,4,4,5,13,1,1,5,5,5,2,13,1,40,4,11,3,4,7,8,1,8,11,15,99,2,21,121.5613934,25.0412299
114,03,04,07,19,2,08士林區,士林區士東路與士東路286巷口,0,0,1,1,B03,7,6,5,30,14,9,1,5,4,5,13,4,4,5,5,5,2,17,1,46,3,10,7,1,7,1,1,8,2,8,19,1,21,121.5373522,25.1132042
114,03,04,07,20,2,12內湖區,內湖區五分街72巷與五分街口,0,0,2,1,C03,8,6,5,30,4,1,1,4,4,5,13,4,4,10,5,5,2,16,2,32,2,9,6,1,7,5,1,10,2,11,74,1,21,121.6168195,25.0670599
114,03,04,07,27,2,03中山區,中山區林森北路與錦州街口,0,0,1,1,B01,6,7,5,50,4,1,1,4,4,5,13,2,1,9,2,5,2,16,1,60,3,10,3,4,7,5,6,4,2,1,8,1,21,121.5256105,25.06007251
114,03,04,07,40,2,11南港區,南港區南港路2段與興南街口,0,0,2,1,C03,6,7,5,40,3,1,1,4,4,5,13,1,1,4,3,4,2,17,1,61,2,9,5,1,7,5,1,10,2,12,8,1,21,121.5975848,25.0540672
114,03,04,07,42,2,12內湖區,內湖區成功路4段與金龍路口口,0,0,1,1,B03,7,5,5,50,4,1,1,4,4,5,13,2,1,9,4,5,2,16,1,44,3,10,7,1,7,5,1,8,1,4,44,1,22,121.5949238,25.0843535
114,03,04,07,56,2,02萬華區,萬華區華中橋燈桿7010520,0,0,3,1,C03,7,7,7,30,8,11,1,4,4,5,13,4,4,2,4,3,2,17,2,38,2,9,5,1,7,9,1,10,1,11,108,1,22,121.4958817,25.0154569
114,03,04,08,05,2,04大安區,大安區青田街與青田街12巷口口,0,0,1,1,C03,7,6,5,30,4,1,1,4,4,5,13,4,4,9,5,5,2,15,1,49,3,10,5,1,7,9,1,10,2,14,72,1,22,121.5319725,25.0269845
114,03,04,08,10,2,03中山區,中山區長安東路1段16號,0,0,2,1,C03,7,7,5,50,14,9,1,4,4,5,13,4,4,9,4,5,2,17,1,31,2,8,5,1,7,9,1,10,1,14,44,1,21,121.5231205,25.0494348
114,03,04,08,19,2,08士林區,士林區文林路與大南路口,0,0,1,1,C03,6,6,5,30,4,1,1,4,4,5,13,4,4,10,5,5,2,17,1,37,3,10,6,1,7,5,1,10,1,17,72,1,26,121.5266209,25.0888807
114,03,04,08,22,2,01大同區,大同區萬全街與民生西路171巷口,0,0,1,1,C03,6,7,5,30,4,1,1,4,4,5,13,4,4,10,4,5,2,15,2,34,2,9,3,4,7,9,1,10,1,14,72,1,21,121.5167063,25.0579789
114,03,04,08,25,2,07信義區,信義區光復南路與光復南路290巷口,0,0,1,1,B01,6,5,5,50,4,1,1,4,4,5,13,2,1,1,4,5,2,17,1,56,3,10,3,4,7,8,1,4,1,7,100,1,21,121.5576441,25.0393082
114,03,04,08,30,2,05中正區,中正區師大路與汀州路3段口,0,0,1,1,B03,6,6,5,50,4,1,1,4,4,5,13,1,1,1,4,5,2,13,2,43,2,8,7,1,7,9,1,8,1,5,108,1,21,121.5258931,25.0201774
114,03,04,08,31,2,03中山區,中山區松江路75號,0,0,2,1,C03,7,6,5,50,14,9,1,4,4,5,13,4,4,1,5,5,1,17,1,46,2,7,3,4,7,9,1,10,1,14,42,1,21,121.5330648,25.0491994
114,03,04,08,34,2,04大安區,大安區愛國東路與金山南路2段口,0,0,1,1,C03,6,6,5,50,4,1,1,4,4,5,13,2,1,2,1,4,2,12,1,52,3,10,5,1,7,6,1,10,1,14,99,1,22,121.5268013,25.0316034
114,03,04,08,35,2,07信義區,信義區松山路與松隆路口,0,0,1,1,F01,7,7,5,30,4,1,1,5,4,5,13,2,1,1,4,5,2,15,2,24,2,9,4,1,7,9,8,20,9,12,44,1,21,121.5776502,25.0481639
114,03,04,08,40,2,03中山區,中山區中山北路1段與市民大道2段口,0,0,1,1,C03,7,7,5,50,4,1,1,4,4,5,13,2,1,5,4,5,2,13,1,19,2,8,6,4,7,9,1,10,1,12,108,1,21,121.5183568,25.04847309
114,03,04,08,45,2,10文山區,文山區興隆路4段與下崙路口,0,0,1,1,B03,7,5,5,30,4,1,1,5,4,5,13,2,1,10,5,5,2,16,1,69,3,10,7,1,7,6,1,8,1,2,42,1,22,121.5608587,24.9866131
114,03,04,09,00,2,12內湖區,內湖區東湖路160巷與汐湖二橋口,0,0,2,1,C03,7,6,5,50,3,2,1,4,4,5,13,4,4,5,5,5,2,13,2,47,2,5,6,1,7,7,1,10,1,13,100,1,21,121.6164191,25.0665166
114,03,04,09,06,2,03中山區,中山區中山北路2段18號,0,0,1,1,C03,7,6,5,50,14,8,1,4,4,5,13,4,4,1,3,1,1,12,1,29,2,8,3,4,7,7,1,10,1,12,108,1,21,121.52251,25.05346384
114,03,04,09,20,2,04大安區,大安區永康街13巷與信義路2段198巷口,0,0,1,1,B01,8,6,5,30,4,1,1,5,4,5,13,4,4,10,5,5,2,17,1,59,3,10,7,1,7,9,1,4,1,5,72,1,21,121.5305485,25.0327642
114,03,04,09,24,2,10文山區,文山區興隆路3段與興德路口,0,0,2,1,C03,7,6,5,50,3,1,1,5,4,5,13,2,1,1,4,5,2,16,1,66,2,9,6,1,7,5,1,10,2,12,71,1,21,121.5551964,25.0006892
114,03,04,09,29,2,10文山區,文山區興隆路3段與興隆路3段115巷口,0,0,1,1,B03,7,6,5,50,3,1,1,5,4,5,12,2,1,1,4,5,2,16,2,32,3,10,7,1,7,5,1,8,2,5,71,1,21,121.5580153,24.9990255
114,03,04,09,40,2,01大同區,大同區承德路1段與市民大道1段口,0,0,1,1,C03,7,6,5,40,4,1,1,4,4,5,13,2,1,1,4,5,2,13,2,45,2,9,3,4,7,9,1,10,1,11,16,1,21,121.5167558,25.0488114
114,03,04,10,02,2,08士林區,士林區承德路4段與承德路4段77巷口,0,0,1,1,A12,6,6,5,50,5,1,1,4,4,5,13,2,1,1,4,4,2,16,1,46,3,10,7,1,7,5,1,7,1,2,71,1,26,121.5232077,25.0821532
114,03,04,10,05,2,05中正區,中正區中華路1段與中華路1段9巷口,0,0,1,1,B03,6,6,5,50,14,9,1,4,4,5,13,4,4,1,4,5,2,16,1,58,3,10,7,1,7,7,1,8,2,4,100,1,21,121.5097785,25.0466943
114,03,04,10,20,2,03中山區,中山區中山橋往北,0,0,1,1,C03,6,6,5,40,8,9,1,4,4,5,13,1,1,1,5,5,1,13,1,29,2,9,3,4,7,9,1,10,1,11,108,1,21,121.5257503,25.07439978
114,03,04,10,50,2,07信義區,信義區基隆路1段147巷34號,0,0,1,1,B03,8,7,5,30,14,24,1,4,4,3,13,4,4,10,5,5,1,12,1,62,3,10,3,4,7,13,1,8,1,4,40,1,22,121.5671059,25.0423623
114,03,04,11,00,2,12內湖區,內湖區內湖路1段101號,0,0,1,1,B01,6,5,5,50,14,9,1,4,4,5,13,4,4,1,5,5,2,9,2,65,3,10,7,1,7,14,1,8,1,2,40,1,21,121.5615134,25.0844
114,03,04,11,10,2,05中正區,中正區和平西路1段62號,0,0,1,1,C03,6,7,5,50,14,7,1,4,4,5,13,4,4,1,4,4,2,17,1,32,2,5,5,1,7,7,1,10,1,12,100,1,22,121.5190272,25.0264072
114,03,04,11,14,2,08士林區,士林區中正路499號,0,0,2,1,B12,6,6,5,50,14,9,1,4,4,5,13,4,4,4,4,5,1,12,1,43,3,10,7,1,7,14,1,8,1,4,40,1,21,121.5180915,25.0918594
114,03,04,11,16,2,04大安區,大安區辛亥路3段310號,0,0,1,1,B12,6,5,6,50,14,9,1,4,4,5,13,2,1,8,3,5,1,12,1,56,4,11,7,1,7,15,1,8,9,15,108,2,21,121.5524296,25.0145118
114,03,04,11,18,2,10文山區,文山區木柵路1段與木柵路1段70巷口,0,0,1,1,C03,6,6,8,50,22,22,1,4,4,5,13,1,1,5,4,5,2,13,2,68,2,9,3,4,7,9,1,10,1,11,108,1,22,121.548751,24.98722643
114,03,04,11,23,2,10文山區,文山區木柵路5段與萬福橋口,0,0,1,1,A02,6,6,5,50,3,1,1,4,4,5,13,1,1,5,4,5,2,16,1,40,3,10,7,1,7,5,1,2,2,2,118,1,21,121.583965,25.0028785
114,03,04,11,27,2,07信義區,信義區忠孝東路4段550號,0,0,1,1,C03,6,6,5,50,14,9,1,4,4,5,13,4,4,9,3,5,2,18,2,34,2,8,5,1,7,9,1,10,1,11,42,1,21,121.5632185,25.0411105
114,03,04,11,33,2,03中山區,中山區松江路與長春路口,0,0,2,1,C03,7,6,5,50,4,1,1,5,4,5,13,1,1,1,4,5,2,15,1,37,2,9,6,1,7,9,1,10,1,11,81,1,22,121.5331416,25.0547681
114,03,04,11,55,2,12內湖區,內湖區成功交流道西南角,0,0,1,1,B03,8,7,5,50,14,9,1,5,4,5,13,4,4,1,4,5,2,12,1,46,3,10,3,4,7,9,1,8,1,4,118,1,21,121.5903535,25.0644054
114,03,04,11,56,2,09北投區,北投區自強街31巷與自強街61巷口,0,0,2,1,F01,7,5,5,30,4,1,1,4,4,5,13,4,4,10,5,5,2,15,1,33,2,9,4,1,7,9,8,20,1,14,72,1,21,121.5126853,25.11104672
114,03,04,12,10,2,04大安區,大安區辛亥路1段106號,0,0,1,1,B03,8,5,5,50,14,9,1,4,4,5,13,2,1,1,4,4,2,16,2,25,2,6,7,1,7,7,1,8,1,8,100,1,21,121.5320242,25.0217944
114,03,04,12,35,2,08士林區,士林區士東路與士東路200巷口口,0,0,1,1,C03,8,6,5,50,3,2,1,5,4,5,13,1,1,1,1,5,1,13,1,18,2,8,6,1,7,9,1,10,1,11,108,1,21,121.5335438,25.11267093
114,03,04,12,41,2,05中正區,中正區重慶南路3段與重慶南路3段65巷口,0,0,1,1,C03,8,7,5,30,3,2,1,5,4,5,13,4,4,1,4,5,2,17,1,24,2,9,5,1,7,6,1,10,1,14,72,1,22,121.5163143,25.0263175
114,03,04,12,45,2,12內湖區,內湖區南湖大橋與康寧路3段口,0,0,1,1,C03,7,7,5,50,4,1,1,5,4,5,13,2,1,1,2,5,1,16,2,30,2,9,5,1,7,9,1,10,1,14,99,1,21,121.6110557,25.0648986
114,03,04,12,55,2,08士林區,士林區福林路與中正路口,0,0,2,1,B03,8,6,5,50,5,2,1,5,4,3,10,2,1,1,4,5,1,17,1,47,3,10,7,1,7,14,1,8,11,17,38,2,21,121.5317305,25.0965595
114,03,04,12,55,2,10文山區,文山區辛亥路4段與興德路66巷口,0,0,3,1,C04,8,6,5,50,3,1,1,5,4,5,12,2,1,1,4,5,2,16,2,53,2,8,5,1,7,5,1,11,2,12,71,1,21,121.556801,25.0043071
114,03,04,12,58,2,05中正區,中正區牯嶺街12號,0,0,1,1,C03,8,7,5,50,14,9,1,5,4,5,13,4,4,5,5,5,2,13,2,57,2,8,5,1,7,9,1,10,1,11,76,1,22,121.5155837,25.0311568
114,03,04,13,38,2,01大同區,大同區大龍街與酒泉街口,0,0,1,1,B03,8,6,5,50,4,2,1,5,4,5,13,2,1,9,4,5,2,9,1,48,3,10,7,4,7,5,1,8,9,1,70,2,21,121.5158601,25.0719126
114,03,04,14,30,2,06松山區,松山區敦化北路與民生東路4段口,0,0,1,1,A12,7,7,5,50,4,2,1,5,4,5,13,2,1,1,4,4,2,13,1,41,3,10,7,1,7,6,1,7,1,7,9,1,21,121.5492733,25.0576157
114,03,04,15,07,2,08士林區,士林區中山北路6段與忠誠路1段口,0,0,1,1,B02,7,5,5,50,3,2,1,5,4,5,13,2,1,3,4,5,2,13,1,51,3,10,7,1,7,9,1,8,1,5,44,1,21,121.5252538,25.10408513
114,03,04,15,15,2,07信義區,信義區仁愛路4段452巷與光復南路419巷口,0,0,1,1,B03,7,7,5,30,4,1,1,5,4,5,13,4,4,8,5,5,2,15,1,56,3,10,3,4,7,9,1,8,1,2,89,1,21,121.5592327,25.0365034
114,03,04,15,50,2,04大安區,大安區敦化南路2段與四維路170巷口口,0,0,1,1,B01,7,6,5,50,4,1,1,5,4,5,13,2,1,1,4,5,2,3,1,53,3,10,7,1,7,6,1,3,1,5,70,1,21,121.5484103,25.028188
114,03,04,15,58,2,12內湖區,內湖區南京東路6段與堤頂大道1段口,0,0,1,1,B03,7,7,5,50,5,1,1,5,4,5,13,2,1,8,3,5,2,15,1,36,3,10,7,1,7,9,1,8,2,5,81,1,21,121.576207,25.0547761
114,03,04,16,48,2,07信義區,信義區崇德街90號,0,0,1,1,B03,7,7,5,50,14,9,1,5,4,5,13,1,1,9,5,5,2,12,1,29,3,10,3,4,7,9,1,8,1,17,17,1,21,121.5551901,25.0242035
114,03,04,16,54,2,07信義區,信義區莊敬路423巷與莊敬路口口,0,0,1,1,B03,7,6,8,50,22,22,1,5,4,5,13,1,1,9,4,4,2,17,2,43,3,10,7,1,7,6,1,8,1,1,9,1,21,121.5665995,25.0271654
114,03,04,17,01,2,06松山區,松山區新東街與新東街16巷口,0,0,1,1,C03,7,6,5,50,4,1,1,5,4,5,13,4,4,9,5,5,2,3,1,60,3,10,6,1,7,9,1,10,2,11,108,1,21,121.5660155,25.058065
114,03,04,17,03,2,10文山區,文山區恆光街與木新路2段211巷6弄口口旁,0,0,1,1,C03,6,5,5,30,4,2,1,4,4,5,13,2,1,5,4,5,2,16,2,58,2,9,5,1,7,5,1,10,1,12,72,1,21,121.5669532,24.9826672
114,03,04,17,12,2,11南港區,南港區成美橋下橋處,0,0,1,1,B03,6,5,5,50,14,9,1,4,4,5,13,4,4,5,3,5,2,12,1,28,3,10,7,1,7,6,1,8,1,2,9,1,21,121.5827626,25.0519795
114,03,04,17,15,2,12內湖區,內湖區新明路498巷與潭美街口,0,0,1,1,C03,6,7,5,40,3,18,1,4,4,5,13,4,4,5,5,5,2,3,1,36,3,10,5,1,7,9,1,10,2,11,70,1,21,121.5778563,25.0533344
114,03,04,17,21,2,04大安區,大安區潮州街141號,0,0,2,1,C03,6,5,5,30,14,18,1,4,4,5,13,4,4,10,5,5,2,9,2,38,2,9,6,1,7,9,1,10,1,11,108,1,21,121.5298164,25.0283565
114,03,04,17,27,1,01大同區,大同區重慶北路3段與昌吉街口,1,0,0,1,H01,6,5,5,50,4,2,1,4,4,5,13,2,1,1,4,5,2,3,1,86,1,9,4,5,8,16,8,20,10,16,122,1,21,121.5137629,25.0658391
114,03,04,17,33,2,09北投區,北投區中和街498號,0,0,2,1,C03,6,5,5,50,14,9,1,4,4,5,13,4,4,5,5,5,2,3,2,60,2,9,3,4,7,9,1,10,2,11,106,1,22,121.4943712,25.1453443
114,03,04,17,45,2,08士林區,士林區社正路與社中街33巷口,0,0,1,1,C03,6,5,5,30,5,1,1,4,4,5,13,4,4,5,5,5,2,17,1,66,2,8,3,4,7,11,1,10,1,12,72,1,22,121.5097244,25.08883992
114,03,04,17,45,2,07信義區,信義區富陽街11號,0,0,1,1,C03,6,5,5,50,14,9,1,4,4,5,13,4,4,9,5,5,2,2,1,73,3,10,5,1,7,2,1,10,2,12,108,1,21,121.556267,25.0234821
114,03,04,17,48,2,11南港區,南港區玉成街166巷4號,0,0,1,1,H01,6,5,5,30,14,9,1,4,4,5,13,4,4,5,5,5,2,3,1,37,2,9,4,5,8,18,8,20,10,16,53,1,21,121.5844784,25.0446701
114,03,04,18,10,2,09北投區,北投區吉利街與尊賢街口,0,0,1,1,C03,6,5,5,50,4,1,1,4,4,5,13,2,1,5,4,5,2,16,1,30,2,9,5,1,7,5,1,10,1,12,74,1,21,121.5123012,25.11007972
114,03,04,18,13,2,08士林區,士林區至善路1段與福林路254巷口,0,0,1,1,B03,6,5,5,50,3,1,1,4,4,5,13,2,1,3,4,4,1,17,1,50,4,11,7,1,7,11,1,8,11,15,10,1,21,121.5376694,25.0983031
114,03,04,18,13,2,07信義區,信義區信義路5段150巷2號,0,0,2,1,C03,6,5,5,30,14,9,1,4,4,5,13,4,4,10,5,5,2,2,1,23,2,8,6,4,7,9,1,10,1,11,108,1,21,121.5705789,25.0282716