發生年度,發生月,發生日,發生時-Hours,發生分,處理別-編號,區序,肇事地點,死亡人數,2-30日死亡人數,受傷人數,當事人序號,車種,天候,光線,道路類別,速限-速度限制,道路型態,事故位置,路面狀況1,路面狀況2,路面狀況3,道路障礙1,道路障礙2,號誌1,號誌2,車道劃分-分向,車道劃分-分道1,車道劃分-分道2,車道劃分-分道3,事故類型及型態,性別,年齡,受傷程度,主要傷處,保護裝置,行動電話,車輛用途,當事者行動狀態,駕駛資格情形,駕駛執照種類,飲酒情形,車輛撞擊部位1,肇因碼-個別,個人肇逃否,職業,座標-X,座標-Y
114,03,04,18,20,2,04大安區,大安區和平東路1段141巷與青田街12巷口,0,0,1,1,C03,6,5,5,30,3,2,1,4,4,5,13,4,4,9,4,5,2,9,2,46,2,9,3,4,7,9,1,10,1,11,108,1,21,121.5304559,25.027118
114,03,04,18,24,2,09北投區,北投區石牌路2段台北護理大學爾雅樓停車場出口,0,0,1,1,B03,6,6,5,0,22,20,4,4,4,5,13,4,4,10,5,5,2,17,1,39,3,10,7,1,7,15,1,8,9,17,118,1,21,121.5177689,25.118131
114,03,04,18,30,2,01大同區,大同區大龍街與承德路3段24巷口,0,0,2,1,C03,6,5,5,30,4,1,1,4,4,5,13,4,4,4,4,5,2,16,1,75,2,8,6,1,7,11,1,10,9,12,10,1,21,121.5160254,25.0642711
114,03,04,18,40,2,12內湖區,內湖區民權東路6段與民權東路6段21巷口,0,0,2,1,C03,6,5,5,40,3,1,1,4,4,5,13,4,4,1,4,4,2,3,1,45,2,8,6,1,7,6,1,11,2,11,70,1,21,121.5942044,25.07111702
114,03,04,18,55,2,10文山區,文山區景美舊橋與景美街口,0,0,1,1,C03,6,5,5,50,5,1,1,4,4,5,13,2,1,5,5,5,2,17,1,70,3,10,6,1,7,5,1,10,1,17,83,2,21,121.5408425,24.9882183
114,03,04,19,08,2,03中山區,中山區松江路82號,0,0,2,1,C03,6,5,5,50,14,9,1,4,4,5,13,2,1,8,3,5,2,17,1,25,2,9,6,4,7,9,1,10,2,11,108,1,21,121.5329358,25.0500216
114,03,04,19,10,2,07信義區,信義區信義路5段與莊敬路口,0,0,1,1,C03,6,5,5,50,4,2,1,4,4,5,13,1,1,1,3,4,2,18,1,30,2,9,3,4,7,9,1,10,9,14,44,2,22,121.5611441,25.0331008
114,03,04,19,22,2,12內湖區,內湖區瑞湖街與民權東路6段15巷口,0,0,1,1,B02,6,5,5,50,4,1,1,4,4,5,13,1,1,9,2,5,2,16,1,31,3,10,7,1,7,5,1,8,1,8,103,1,21,121.5764998,25.0690042
114,03,04,19,25,2,06松山區,松山區三民路與三民路136巷口,0,0,2,1,C03,6,5,5,50,4,18,1,4,4,5,13,4,4,1,4,5,2,3,1,28,2,8,6,4,7,9,1,10,2,11,70,1,21,121.5633298,25.0605821
114,03,04,19,33,2,05中正區,中正區中山南路2巷,0,0,1,1,C03,6,5,5,30,14,9,2,4,5,5,13,4,4,10,5,5,1,13,1,20,3,10,6,1,7,9,1,10,1,11,16,1,22,121.5186215,25.0451236
114,03,04,19,52,2,05中正區,中正區羅斯福路3段150號,0,0,1,1,C03,6,5,5,50,14,9,1,4,4,5,13,4,4,1,4,5,2,12,1,46,2,7,5,4,7,8,1,10,1,12,100,1,21,121.528619,25.0201509
114,03,04,20,02,2,09北投區,北投區大業路與永興路1段口,0,0,1,1,B03,6,5,5,50,3,1,1,4,4,5,13,4,4,5,3,5,2,16,2,49,3,10,7,1,7,6,1,8,1,4,72,1,21,121.4982963,25.1369534
114,03,04,21,05,2,06松山區,松山區長安東路2段225號,0,0,1,1,B03,6,5,5,50,14,9,1,4,4,5,13,4,4,4,3,5,2,11,2,29,3,10,7,1,7,6,1,8,1,5,9,1,22,121.5450655,25.04826728
114,03,04,21,58,2,09北投區,北投區北投路2段19號對面,0,0,1,1,C03,6,5,5,50,14,7,1,4,4,5,13,4,4,4,4,4,2,16,1,37,3,10,6,1,7,11,1,10,9,17,10,2,21,121.4986939,25.1312923
114,03,04,22,02,2,01大同區,大同區塔城街與鄭州路口,0,0,2,1,C03,6,6,5,40,14,9,1,4,4,5,13,2,1,9,4,5,2,12,1,29,2,7,6,4,7,9,1,10,1,11,44,1,21,121.5107727,25.0502109
114,03,04,22,16,2,04大安區,大安區仁愛路4段與敦化南路1段口口,0,0,1,1,B01,6,5,5,50,4,1,1,4,4,5,13,2,1,1,4,5,2,3,1,48,3,10,3,4,7,9,1,4,2,8,70,1,22,121.5502265,25.037489
114,03,04,23,05,2,08士林區,士林區仰德大道3段與仰德大道3段250巷口,0,0,2,1,C03,6,5,5,40,3,1,1,4,4,5,13,1,1,4,5,5,1,13,1,24,2,9,6,1,7,9,1,10,1,11,16,1,21,121.5497878,25.1255772
114,03,05,00,41,2,05中正區,中正區汀州路3段與汀州路3段60巷口口,0,0,1,1,C03,6,5,5,50,4,1,1,4,4,5,13,1,1,5,5,4,2,16,2,31,2,8,5,1,7,4,1,10,1,12,108,1,26,121.5313197,25.0157282
114,03,05,01,10,2,02萬華區,萬華區康定路與廣州街口,0,0,1,1,B12,6,7,5,50,4,1,1,4,4,5,13,2,3,9,4,5,2,15,1,59,3,10,3,4,7,9,1,8,1,1,108,1,22,121.5014514,25.0366017
114,03,05,05,47,2,04大安區,大安區信義路4段265巷與延吉街口,0,0,1,1,B01,7,5,5,50,4,1,1,4,4,5,13,1,1,1,5,5,2,16,1,55,3,10,7,1,7,5,1,4,1,1,74,1,21,121.5559635,25.0351438
114,03,05,06,11,2,12內湖區,內湖區成功路2段（北向南往成功橋前）,0,0,3,1,B03,6,5,5,50,14,9,1,4,4,5,13,4,4,1,4,5,2,10,1,50,2,9,7,1,7,9,6,8,2,1,4,1,21,121.5908078,25.0622504
114,03,05,07,55,2,03中山區,中山區長安東路2段與長安東路2段36巷口,0,0,1,1,B01,6,7,5,50,4,1,1,4,4,5,13,2,1,5,4,5,2,16,1,44,3,10,3,4,7,6,1,4,1,17,9,1,22,121.5313585,25.04845214
114,03,05,08,00,2,12內湖區,內湖區南京東路6段316號,0,0,1,1,B03,6,6,5,30,14,9,1,4,4,5,13,4,4,10,5,5,2,3,1,51,3,10,7,1,7,9,1,8,2,1,70,1,21,121.5838825,25.0580232
114,03,05,08,05,2,04大安區,大安區信義路4段與敦化南路1段口,0,0,1,1,B03,6,6,5,50,5,2,1,4,4,5,13,2,1,1,4,5,2,17,1,50,4,11,3,4,7,15,1,8,11,17,100,2,21,121.5490164,25.0335133
114,03,05,08,10,2,04大安區,大安區安和路2段與安和路口側附近2段59巷口,0,0,1,1,C03,6,6,5,30,4,1,1,4,4,5,13,2,1,1,4,5,2,15,1,41,3,10,5,1,7,15,1,10,1,14,83,1,22,121.5524943,25.03092
114,03,05,08,15,2,08士林區,士林區延平北路7段106巷211號與無名巷口,0,0,1,1,B12,6,6,5,30,3,2,1,4,4,5,13,4,4,10,5,5,1,17,1,32,3,10,7,1,7,5,1,8,2,8,8,1,22,121.4960344,25.1024742
114,03,05,08,44,2,03中山區,中山區市民大道2段往西〈林森北路與天津街間〉,0,0,1,1,C03,6,7,5,40,14,9,1,4,4,5,13,4,4,1,4,5,2,13,1,48,2,9,5,1,7,9,1,10,1,11,16,1,22,121.522189,25.04797505
114,03,05,08,45,2,12內湖區,內湖區金湖路342號,0,0,1,1,C03,6,6,5,50,14,9,1,4,4,5,13,1,1,1,4,5,2,16,1,30,2,9,5,1,7,4,1,10,1,12,42,1,21,121.6033058,25.0735363
114,03,05,08,51,2,05中正區,中正區廣州街2號,0,0,1,1,B03,6,6,5,30,14,9,1,4,4,5,13,4,4,5,4,5,2,17,1,37,3,10,7,1,7,10,1,8,2,17,100,1,21,121.5106266,25.034893
114,03,05,08,52,2,04大安區,大安區復興南路1段255號,0,0,1,1,C03,6,6,5,50,14,9,1,4,4,5,13,4,4,10,4,5,2,17,1,21,3,10,6,1,7,9,1,10,1,11,16,1,21,121.5437627,25.0366198
114,03,05,08,52,2,12內湖區,內湖區陽光街92巷與陽光街口側附近92巷7弄口,0,0,1,1,B03,7,7,5,30,4,1,1,4,4,5,13,4,4,4,3,5,2,15,2,55,3,10,7,1,7,9,1,8,1,1,72,1,21,121.5852147,25.07548292
114,03,05,09,01,2,11南港區,南港區舊莊街1段與舊莊街1段145巷口,0,0,1,1,C03,6,6,5,50,3,1,1,4,4,5,13,3,1,5,2,5,2,3,1,22,3,10,5,1,7,9,1,10,2,11,70,1,21,121.6203857,25.0398025
114,03,05,09,33,2,08士林區,士林區社中街與永平街口,0,0,1,1,C02,6,6,5,50,3,1,1,4,4,5,13,3,1,5,5,5,1,16,1,47,3,10,6,1,7,5,1,9,1,17,72,1,21,121.5051041,25.0922292
114,03,05,09,42,2,09北投區,北投區北投路2段120092號燈桿,0,0,1,1,C03,6,6,5,50,14,7,1,4,4,5,13,4,4,1,5,4,2,13,2,48,2,9,6,1,7,9,1,10,2,11,118,1,21,121.4966284,25.1340029
114,03,05,09,55,2,08士林區,士林區延平北路7段106巷與堤外便道口,0,0,1,1,B12,6,6,5,30,3,1,1,4,4,5,13,4,4,10,5,5,1,14,1,60,3,10,7,1,7,2,1,8,1,3,12,1,22,121.496126,25.1016476
114,03,05,10,05,2,08士林區,士林區格致路與格致路55巷口,0,0,1,1,B03,6,6,5,40,5,2,1,4,4,5,13,4,4,8,5,5,1,17,1,57,3,10,7,1,7,1,1,1,1,8,19,1,21,121.5464209,25.13734286
114,03,05,10,12,2,01大同區,大同區環河北路2段與環河北路2段185巷口口,0,0,1,1,B03,6,6,5,50,3,2,1,4,4,5,13,4,4,1,4,5,2,17,1,63,3,10,7,1,7,8,1,6,2,17,100,1,21,121.5091577,25.0683716
114,03,05,10,20,2,03中山區,中山區市民大道3段與復興南路1段口,0,0,1,1,C03,6,7,5,40,4,1,1,4,4,5,13,1,1,1,4,5,2,12,1,23,2,9,5,1,7,5,1,10,2,13,8,1,21,121.5437538,25.04488273
114,03,05,10,35,2,08士林區,士林區中正路與文昌路口,0,0,1,1,B12,7,6,5,50,4,2,1,4,4,5,13,2,1,3,4,5,2,17,1,37,3,10,7,1,7,9,1,2,1,5,16,1,21,121.5218209,25.094454
114,03,05,10,50,2,03中山區,中山區長安東路2段162號,0,0,1,1,B03,8,7,5,50,14,9,1,5,4,5,13,4,4,5,2,5,2,17,2,39,3,10,7,1,7,1,1,8,1,1,99,1,21,121.5396068,25.04844758
114,03,05,11,20,2,03中山區,中山區南京東路2段與松江路口,0,0,1,1,A02,6,7,8,50,4,2,1,4,4,5,13,1,1,1,4,5,2,9,1,50,3,10,7,1,7,1,1,2,1,17,118,1,22,121.5330015,25.0518411
114,03,05,11,34,2,08士林區,士林區士東路與士東路200巷口,0,0,1,1,B11,6,6,5,50,3,2,1,4,4,5,13,2,1,1,4,5,1,17,1,38,3,10,7,1,7,11,1,1,2,4,10,1,21,121.5334215,25.1127313
114,03,05,11,40,2,11南港區,南港區舊莊街1段63號,0,0,1,1,C03,6,6,5,50,14,9,1,4,4,5,13,4,4,9,4,5,2,12,1,57,2,8,5,1,7,1,1,10,1,14,19,1,21,121.6186765,25.0411094
114,03,05,11,41,2,01大同區,大同區市民大道1段209號,0,0,1,1,C03,7,5,5,40,14,9,1,4,4,5,13,4,4,5,4,5,2,16,1,18,3,10,5,1,7,6,1,10,1,13,9,1,21,121.5180731,25.0486461
114,03,05,11,59,2,09北投區,北投區中央北路3段與中央北路3段252巷口,0,0,1,1,C03,7,6,5,50,3,2,1,5,4,5,13,1,1,9,4,5,2,13,1,70,2,9,6,1,7,9,1,10,1,11,108,1,21,121.4800486,25.135868
114,03,05,12,58,2,10文山區,文山區辛亥路5段與辛亥路5段25巷口,0,0,1,1,C03,7,6,5,50,4,1,1,4,4,5,13,2,1,1,4,5,2,17,1,52,2,9,6,1,7,9,1,10,2,14,116,1,21,121.5541323,24.9999324
114,03,05,13,05,2,05中正區,中正區忠孝東路2段與金山南路1段口,0,0,1,1,F01,7,6,5,50,5,2,1,5,4,5,13,2,1,1,4,5,2,17,1,23,2,9,4,1,7,9,8,20,2,11,99,1,25,121.5297297,25.0430176
114,03,05,13,38,2,03中山區,中山區民族東路與復興北路地下道口,0,0,1,1,C03,7,7,8,40,14,9,1,5,4,5,13,4,4,1,4,5,2,13,1,49,2,9,5,1,7,6,6,18,1,11,82,1,22,121.5440965,25.0667093
114,03,05,14,00,2,03中山區,中山區民生東路3段與遼寧街口,0,0,1,1,B03,7,7,5,50,4,2,1,5,4,5,13,1,1,1,4,5,2,13,1,19,3,10,7,1,7,9,1,8,1,1,76,1,21,121.5418307,25.0577701
114,03,05,14,36,2,02萬華區,萬華區華西街與桂林路口,0,0,1,1,B13,7,6,5,50,4,1,1,5,4,5,13,2,1,5,4,4,1,17,1,30,3,10,3,4,7,11,1,8,1,8,10,1,22,121.498437,25.0384832
114,03,05,14,50,2,05中正區,中正區寶慶路32號,0,0,1,1,C03,7,7,5,50,14,9,1,5,4,5,13,4,4,10,4,5,2,17,1,43,3,10,5,1,7,12,1,10,2,17,44,1,21,121.5089781,25.0419063
114,03,05,15,00,2,12內湖區,內湖區民權東路6段91號,0,0,1,1,C03,7,6,5,50,14,8,1,5,4,5,13,4,4,1,4,4,2,17,1,22,3,10,6,1,7,9,1,10,1,11,42,1,21,121.5889776,25.069117
114,03,05,15,10,2,08士林區,士林區通河西街2段與社中街458巷口,0,0,1,1,B12,7,6,5,50,3,1,1,5,4,5,13,4,4,7,5,5,2,14,1,37,3,10,3,4,7,2,1,8,1,3,12,1,21,121.5022349,25.0936313
114,03,05,15,11,2,02萬華區,萬華區環河南路1段348巷與桂林路口,0,0,2,1,C03,7,5,5,50,5,1,1,5,4,5,13,1,1,1,4,5,2,17,1,53,2,6,5,4,7,5,1,10,2,12,8,1,21,121.4958797,25.0388922
114,03,05,15,11,2,03中山區,中山區民族東路與建國北路3段口,0,0,3,1,C03,7,7,5,50,4,1,1,5,4,5,13,1,1,1,5,5,1,13,1,50,2,8,6,1,7,9,1,10,1,11,76,1,21,121.5211796,25.05003979
114,03,05,15,13,2,01大同區,大同區延平北路3段與民權西路口,0,0,1,1,C03,7,6,5,50,4,2,1,5,4,5,13,2,1,1,4,5,2,13,2,57,2,7,5,4,7,9,1,10,1,11,16,1,21,121.5122443,25.0628741
114,03,05,15,14,2,05中正區,中正區重慶南路2段與南海路口口,0,0,1,1,B03,8,6,5,50,4,1,1,5,4,5,13,1,1,1,4,5,1,17,2,71,3,10,7,1,7,6,1,8,2,2,9,1,21,121.5143673,25.0315833
114,03,05,15,44,2,03中山區,中山區中山北路2段50巷與中山北路2段50巷南口無名巷,0,0,1,1,B03,7,6,5,30,3,1,2,4,4,5,13,4,4,10,5,5,2,16,1,65,3,10,3,4,7,9,1,8,2,1,72,1,21,121.5217718,25.05576428
114,03,05,16,32,2,03中山區,中山區長安東路2段與龍江路口,0,0,1,1,B01,6,7,5,50,4,1,1,4,4,5,13,1,1,4,3,5,1,17,1,57,3,10,7,1,7,5,1,4,1,1,8,1,21,121.540518,25.04846168
114,03,05,16,43,2,10文山區,文山區一壽街與一壽街20巷口口,0,0,1,1,C03,6,6,5,30,4,1,1,4,4,5,13,4,4,10,5,5,2,15,2,60,2,9,5,1,7,9,1,10,1,12,72,1,21,121.5565734,24.9799236
114,03,05,16,44,2,09北投區,北投區承德路7段與承德路7段164巷口,0,0,1,1,F01,7,7,6,60,3,2,1,5,4,5,13,4,4,1,5,4,2,12,2,72,2,9,4,4,7,8,8,20,1,14,100,1,22,121.5044773,25.116977
114,03,05,16,57,2,01大同區,大同區民權西路與延平北路3段口,0,0,1,1,C04,7,6,5,50,4,1,1,4,4,5,13,2,1,1,4,5,2,17,1,51,3,10,5,4,7,5,5,10,1,17,8,1,21,121.5121478,25.0629447
114,03,05,17,00,2,05中正區,中正區愛國東路58號,0,0,1,1,B03,7,6,5,40,14,7,1,4,4,5,13,4,4,1,4,5,1,17,2,70,3,10,7,1,7,1,1,8,11,17,19,1,21,121.5192615,25.0336638
114,03,05,17,13,2,03中山區,中山區中山北路4段機車專用道,0,0,2,1,C03,7,7,5,50,14,11,1,5,4,5,13,4,4,2,4,4,2,12,1,31,2,9,5,1,7,9,1,10,1,12,44,1,21,121.5252354,25.0766008
114,03,05,17,40,2,07信義區,信義區莊敬路307號,0,0,1,1,A01,8,7,5,40,14,8,1,5,4,5,13,4,4,5,5,4,2,9,1,57,3,10,3,4,7,1,1,2,9,17,44,1,21,121.5632852,25.0283814
114,03,05,17,43,2,06松山區,松山區濱江街368號前,0,0,1,1,B12,6,6,5,50,14,7,1,4,4,4,13,4,4,8,3,4,2,17,1,21,3,10,7,1,7,9,1,8,1,17,30,1,21,121.5564998,25.0721381
114,03,05,18,01,2,12內湖區,內湖區瑞光路與民權東路6段口,0,0,1,1,B03,7,5,5,50,4,1,1,4,4,5,13,2,1,5,4,5,2,12,2,45,3,10,3,4,7,9,1,8,9,5,108,1,22,121.5841295,25.068872
114,03,05,18,05,2,07信義區,信義區莊敬路325巷11號,0,0,1,1,C04,6,5,5,30,14,8,1,4,4,5,13,4,4,5,5,5,2,11,2,47,3,10,5,1,7,9,1,21,1,11,108,1,21,121.5640081,25.0284425
114,03,05,18,06,2,10文山區,文山區木新路1段與無名巷口,0,0,1,1,B03,7,5,5,50,14,9,2,4,4,5,13,2,1,5,4,5,2,17,1,27,3,10,3,4,7,6,1,2,1,5,9,1,21,121.5707012,24.9887651
114,03,05,18,30,2,05中正區,中正區重慶南路1段與凱達格蘭大道口,0,0,1,1,C03,7,5,5,50,3,1,1,5,4,5,13,1,1,5,4,5,2,13,1,74,4,11,5,1,7,9,1,10,2,11,108,1,21,121.5129135,25.0404314
114,03,05,18,53,2,03中山區,中山區樂群二路與敬業一路口,0,0,2,1,C03,7,5,5,50,14,9,1,5,4,5,13,4,4,9,4,5,2,13,2,25,2,8,5,1,7,9,1,10,1,11,16,1,21,121.5533001,25.0799956
114,03,05,18,54,2,01大同區,大同區民生西路與民生西路423巷口,0,0,1,1,C03,8,5,5,50,4,1,1,5,4,5,13,2,1,5,4,5,2,16,1,40,2,8,5,1,7,5,1,10,1,13,8,1,21,121.5097283,25.056751
114,03,05,19,02,2,04大安區,大安區仁愛路3段與信義路3段147巷口,0,0,1,1,B01,7,5,5,50,3,2,1,5,4,5,13,4,4,1,4,5,2,13,1,60,3,10,7,1,7,9,1,4,2,1,108,1,21,121.5418534,25.0378223
114,03,05,19,02,2,08士林區,士林區士東路與忠誠路2段口,0,0,2,1,B03,8,5,5,50,5,1,1,5,4,5,13,1,1,1,4,5,2,12,1,37,3,10,3,4,7,11,1,8,1,7,44,1,21,121.5314228,25.11253935
114,03,05,19,40,2,10文山區,文山區興隆路3段112巷與興隆路3段112巷4弄口口,0,0,1,1,C03,6,5,5,30,4,1,1,4,4,5,13,4,4,10,5,5,2,16,1,29,2,9,6,1,7,5,1,10,1,12,72,1,21,121.5571209,24.9986481
114,03,05,20,39,2,02萬華區,萬華區東園街139號,0,0,3,1,C03,8,5,5,50,14,9,1,5,4,5,13,4,4,9,5,5,2,3,1,48,2,9,6,1,7,9,1,9,1,11,108,1,21,121.4969944,25.0247552
114,03,05,21,20,2,12內湖區,內湖區安康路228巷與永保街口,0,0,1,1,B03,7,5,5,30,3,1,1,4,4,5,13,4,4,5,5,5,2,17,1,45,3,10,7,1,7,5,1,8,1,1,72,1,21,121.6031464,25.0640435
114,03,05,21,27,2,11南港區,南港區中坡北路與松隆路口口,0,0,1,1,B01,6,5,5,50,3,1,1,4,4,5,13,2,1,3,4,5,2,16,1,59,3,10,7,1,7,5,1,4,2,5,44,1,21,121.5801904,25.0482063
114,03,05,21,38,2,02萬華區,萬華區光復橋往新北市003025燈桿,0,0,2,1,C03,7,5,5,50,8,9,1,5,4,5,13,4,4,1,4,5,2,12,1,20,2,9,6,1,7,9,1,10,1,11,108,1,21,121.491799,25.02528707
114,03,05,21,40,2,04大安區,大安區市民大道4段118號,0,0,1,1,C03,7,5,5,40,14,9,1,5,4,5,13,4,4,1,4,5,2,13,1,37,3,10,5,1,7,9,1,10,1,11,16,1,21,121.5510469,25.0443455
114,03,05,21,43,2,01大同區,大同區重慶北路2段117號,0,0,1,1,C03,8,6,5,50,14,9,1,5,4,5,13,4,4,9,4,5,2,12,1,22,2,7,6,4,7,7,1,10,1,12,100,1,21,121.5138397,25.0573518
114,03,05,22,30,2,12內湖區,內湖區安康路西往東,0,0,1,1,C03,6,5,5,40,14,9,1,4,4,5,13,2,1,10,4,5,2,17,2,64,2,8,6,1,7,9,1,10,2,15,44,1,21,121.6106358,25.0647644
114,03,05,22,42,2,03中山區,中山區民權東路2段135巷與農安街口,0,0,1,1,C03,7,5,5,50,4,2,5,4,4,5,13,1,1,10,5,5,2,16,2,19,2,8,5,1,7,5,1,10,1,11,8,1,21,121.5349811,25.06467383
114,03,05,22,48,2,11南港區,南港區忠孝東路6段與忠孝東路6段70巷口,0,0,1,1,B03,7,5,5,50,14,9,1,4,4,5,13,4,4,5,4,5,2,12,1,23,3,10,7,1,7,7,1,8,1,4,100,1,21,121.5835441,25.0463769
114,03,05,23,42,2,01大同區,大同區民權西路146號,0,0,2,1,C03,7,5,5,50,14,9,1,5,4,5,13,4,4,1,4,5,2,17,1,32,2,9,5,1,7,9,1,10,2,11,16,1,21,121.5157496,25.06289957
114,03,06,00,25,2,06松山區,松山區八德路4段與塔悠路口口,0,0,1,1,C02,6,5,5,50,4,1,1,4,4,5,13,2,1,1,4,5,2,17,4,0,,,,,,,,,,,119,2,,121.5721445,25.0499997
114,03,06,00,30,2,03中山區,中山區長安東路2段與吉林路口,0,0,2,1,C03,7,5,5,50,4,1,1,4,4,5,13,2,1,9,4,5,2,16,1,21,2,7,5,1,7,5,1,10,1,11,71,1,21,121.5299916,25.04846744
114,03,06,01,50,1,05中正區,中正區國興路與中華路2段口,1,0,0,1,F01,7,5,5,30,5,1,1,5,4,5,13,1,1,5,4,4,2,15,1,76,1,9,4,1,7,9,8,20,9,13,81,1,22,121.5092153,25.0249331
114,03,06,04,34,2,03中山區,中山區民權東路2段與松江路口,0,0,1,1,B12,6,5,5,50,4,1,1,4,4,5,13,1,1,3,4,5,2,2,1,24,3,10,7,1,7,5,1,8,2,1,98,1,21,121.5333073,25.06270118
114,03,06,05,21,2,11南港區,南港區八德路4段899號,0,0,1,1,C03,6,5,5,50,14,8,1,4,4,5,13,4,4,9,4,5,2,18,1,62,2,7,3,4,7,9,1,9,1,12,108,1,22,121.5809827,25.0509566
114,03,06,05,43,2,03中山區,中山區民族東路410巷2弄14號,0,0,1,1,H01,6,5,5,50,14,9,1,4,4,5,13,4,4,9,5,5,2,3,2,63,3,10,4,5,8,16,8,20,10,17,53,1,21,121.5378466,25.0668239
114,03,06,06,08,2,05中正區,中正區師大路與汀州路3段口,0,0,1,1,A05,6,5,5,50,4,2,1,4,4,5,13,1,1,1,4,5,2,13,1,56,3,10,7,1,7,9,1,2,6,1,21,1,22,121.5244832,25.0207594
114,03,06,06,46,2,07信義區,信義區松仁路與松勤街口,0,0,2,1,C03,6,7,5,50,4,1,1,4,4,5,13,1,1,9,4,5,2,15,2,51,2,9,5,1,7,11,1,10,2,12,71,1,21,121.5682306,25.0319231
114,03,06,07,28,2,11南港區,南港區忠孝東路6段與玉成街口,0,0,1,1,B03,6,6,5,50,3,1,1,4,4,5,13,2,1,3,4,5,2,16,2,28,3,10,7,1,7,6,1,8,1,5,9,1,21,121.5831918,25.0461284
114,03,06,07,30,2,05中正區,中正區汀州路2段與廈門街81巷口,0,0,1,1,B03,6,7,5,30,3,1,1,4,4,5,12,4,4,10,4,5,2,17,1,51,3,10,7,1,7,5,1,8,1,4,74,1,21,121.5213187,25.0243219
114,03,06,07,43,2,04大安區,大安區基隆路3段往北(近長興街),0,0,1,1,C03,6,6,5,50,14,9,1,4,4,5,13,4,4,1,4,5,2,17,1,50,3,10,5,1,7,9,1,10,1,17,118,1,22,121.5439375,25.0167026
114,03,06,07,45,2,04大安區,大安區基隆路2段207號附近側附近,0,0,1,1,C03,6,6,5,50,14,9,1,4,4,5,13,4,4,1,4,4,2,16,1,45,3,10,5,1,7,8,1,10,1,11,118,1,21,121.5519346,25.0237124
114,03,06,07,55,2,01大同區,大同區天水路51巷20號,0,0,1,1,B03,6,6,5,30,14,9,1,4,4,5,13,4,4,10,5,5,2,17,1,61,3,10,7,1,7,1,1,8,2,1,19,1,21,121.5127291,25.0532294
114,03,06,08,00,2,10文山區,(舊木柵路5段),0,0,1,1,B03,6,7,5,50,3,1,1,4,4,5,13,1,1,1,4,5,2,21,1,75,2,9,7,1,7,9,1,8,2,1,108,1,21,121.5943598,24.9990702
114,03,06,08,00,2,10文山區,文山區辛亥路4段與萬美街2段口,0,0,1,1,B02,6,6,5,50,3,2,1,4,4,5,13,1,1,4,2,5,2,17,1,60,3,10,7,1,7,14,1,8,1,17,37,1,22,121.5583565,25.0060126
114,03,06,08,00,2,07信義區,信義區市民大道6段(近虎林街口),0,0,1,1,C03,6,6,5,50,14,9,1,4,4,5,13,4,4,1,4,5,2,18,1,30,2,8,3,4,7,9,1,10,1,17,116,1,21,121.5758321,25.0491502
114,03,06,08,02,2,09北投區,北投區東華街2段與致遠三路55巷口口,0,0,2,1,C03,6,6,5,50,4,4,1,4,4,5,13,1,1,7,4,5,2,13,1,18,2,8,5,1,7,12,1,10,1,11,108,1,21,121.5091435,25.1205063
114,03,06,08,12,2,03中山區,中山區復興北路與遼寧街185巷口,0,0,2,1,C03,6,7,5,50,4,2,1,4,4,5,13,2,1,1,4,5,2,17,1,28,2,9,6,4,7,7,1,10,1,17,116,1,21,121.5439919,25.05335262
114,03,06,08,17,2,04大安區,大安區辛亥路3段(西往東),0,0,1,1,B02,6,6,5,50,14,9,1,4,4,5,13,4,4,1,4,5,2,17,1,44,3,10,7,1,7,9,1,8,1,5,77,1,21,121.5516183,25.0150193
114,03,06,08,20,2,06松山區,松山區復興北路地下道北往南,0,0,1,1,,6,5,5,40,7,8,1,4,4,5,13,4,4,1,4,4,2,17,4,0,,,,,,,,,,,119,2,,121.5442483,25.06762785
114,03,06,08,27,2,07信義區,信義區市民大道5段99號對面,0,0,1,1,B03,6,6,5,40,14,9,1,4,4,5,13,4,4,1,4,5,2,12,1,65,3,10,3,4,7,8,1,8,2,17,100,1,22,121.5631347,25.0470366
114,03,06,08,33,2,07信義區,信義區永吉路225巷52弄與永吉路225巷口,0,0,1,1,C03,6,7,5,30,3,1,1,4,4,5,8,4,4,10,5,5,2,15,2,24,3,10,5,4,7,9,1,10,2,11,72,1,21,121.5741938,25.0473683
114,03,06,08,34,2,03中山區,中山區民生東路1段72號,0,0,2,1,C03,6,6,5,50,14,9,1,4,4,5,13,4,4,5,4,5,2,13,2,34,2,9,6,1,7,9,1,10,1,11,16,1,21,121.5265571,25.0579937
114,03,06,08,39,2,01大同區,大同區承德路3段與承德路3段283巷口,0,0,1,1,C03,6,7,5,50,3,2,1,4,4,5,13,2,1,1,4,5,2,17,1,19,2,9,3,4,7,9,1,10,1,11,108,1,21,121.5192316,25.0729749
114,03,06,08,56,2,05中正區,中正區重慶南路2段與重慶南路2段6巷口口,0,0,1,1,C03,6,6,5,50,3,2,1,4,4,5,13,3,1,1,4,5,1,17,2,29,2,7,6,1,7,9,1,10,2,11,16,1,21,121.513185,25.0339809
114,03,06,08,58,2,11南港區,南港區經貿二路131號,0,0,1,1,B12,6,7,5,50,14,9,1,4,4,5,13,4,4,1,4,5,2,12,1,41,3,10,3,4,7,1,1,8,1,2,36,1,21,121.6185093,25.0601602