發生年度,發生月,發生日,發生時-Hours,發生分,處理別-編號,區序,肇事地點,死亡人數,2-30日死亡人數,受傷人數,當事人序號,車種,天候,光線,道路類別,速限-速度限制,道路型態,事故位置,路面狀況1,路面狀況2,路面狀況3,道路障礙1,道路障礙2,號誌1,號誌2,車道劃分-分向,車道劃分-分道1,車道劃分-分道2,車道劃分-分道3,事故類型及型態,性別,年齡,受傷程度,主要傷處,保護裝置,行動電話,車輛用途,當事者行動狀態,駕駛資格情形,駕駛執照種類,飲酒情形,車輛撞擊部位1,肇因碼-個別,個人肇逃否,職業,座標-X,座標-Y
114,03,08,01,39,2,12內湖區,內湖區新明路298巷與南京東路6段口,0,0,2,1,C03,6,5,5,50,4,1,1,4,4,5,13,2,1,5,4,5,2,17,1,26,2,9,6,1,7,9,1,10,1,11,81,1,21,121.5817525,25.0569239
114,03,08,02,05,2,04大安區,大安區忠孝東路4段與敦化南路1段口,0,0,1,1,B03,8,5,5,50,14,9,2,5,4,5,13,4,4,1,4,5,2,13,1,30,3,10,7,1,7,9,6,8,1,1,44,1,21,121.5493315,25.0416071
114,03,08,05,54,2,03中山區,中山區中山北路2段與民生西路口,0,0,1,1,B03,7,5,5,50,4,1,1,5,4,5,13,1,1,5,4,5,2,17,1,31,3,10,7,1,7,6,1,8,1,2,9,1,21,121.522858,25.05788258
114,03,08,06,55,2,07信義區,信義區仁愛路4段與光復南路口,0,0,1,1,C03,6,7,5,50,4,1,1,4,4,5,13,1,1,3,4,5,2,23,1,59,2,9,5,1,7,9,1,10,1,11,116,1,21,121.5575879,25.0379349
114,03,08,08,32,2,05中正區,中正區基隆高架道路與水源快速道路口引道,0,0,1,1,B03,6,6,5,50,3,1,1,4,4,5,13,4,4,1,4,5,1,17,2,67,3,10,7,1,7,9,1,8,11,5,72,2,21,121.515341,25.0237468
114,03,08,08,48,2,07信義區,信義區光復南路200號對面,0,0,1,1,C03,7,6,5,50,14,9,1,4,4,5,13,4,4,1,4,5,2,12,1,56,3,10,6,1,7,9,1,10,2,13,16,1,22,121.5584079,25.0420764
114,03,08,09,00,2,11南港區,南港區南港路2段與南港路2段60巷口,0,0,3,1,C03,7,6,5,40,3,2,1,4,4,5,13,1,1,5,4,4,2,12,1,55,3,10,6,1,7,8,1,10,2,13,100,1,23,121.60423,25.0538936
114,03,08,09,27,2,02萬華區,萬華區康定路與西園路1段282巷口,0,0,1,1,B01,7,6,5,50,3,1,1,5,4,5,13,4,4,5,4,5,2,16,1,48,3,10,7,1,7,6,1,4,1,1,73,1,21,121.5007786,25.0336938
114,03,08,09,59,2,01大同區,大同區塔城街與忠孝西路1段口,0,0,1,1,B01,7,6,5,50,5,2,1,5,4,5,13,4,4,5,5,5,2,12,1,56,3,10,7,1,7,9,1,4,2,2,108,1,21,121.5101658,25.0485228
114,03,08,10,07,2,08士林區,士林區承德路5段與士商路口,0,0,1,1,C03,7,6,5,60,4,2,1,5,4,5,13,1,1,10,4,4,1,17,2,28,3,10,6,1,7,9,1,10,1,11,108,1,21,121.5141381,25.0960771
114,03,08,10,17,2,02萬華區,萬華區忠孝橋下橋處（7010680燈桿）,0,0,3,1,C03,7,7,5,50,8,11,1,5,4,5,13,4,4,1,2,5,2,13,1,18,2,8,5,1,7,9,1,10,1,11,16,1,21,121.5070489,25.0486492
114,03,08,10,43,2,03中山區,中山區新生北路2段與新生北路2段15巷口,0,0,1,1,C03,8,7,5,30,3,1,1,5,4,5,13,4,4,9,4,5,2,17,1,32,2,9,5,1,7,6,1,10,1,12,16,1,21,121.5279272,25.05301246
114,03,08,10,57,2,08士林區,士林區德行西路與福華路口,0,0,1,1,C04,7,5,5,50,4,2,1,5,4,5,13,1,1,5,5,5,2,17,2,75,2,9,5,1,7,15,1,11,1,13,42,1,22,121.5220618,25.1046665
114,03,08,11,45,2,04大安區,大安區基隆路2段206號,0,0,1,1,B03,7,6,5,50,14,9,1,5,4,5,13,4,4,3,4,5,1,12,1,70,3,10,3,4,7,1,1,8,2,4,19,1,21,121.5517585,25.0237413
114,03,08,11,54,2,09北投區,北投區稻香路與樹林路口口,0,0,1,1,B01,8,6,5,40,3,2,1,5,4,5,13,1,1,10,5,5,2,14,1,65,3,10,7,1,7,2,1,4,1,6,12,1,21,121.4900458,25.1424954
114,03,08,12,07,2,10文山區,文山區景文街與景興路282巷口口,0,0,2,1,B12,7,6,5,50,5,1,1,5,4,5,13,2,1,5,5,4,2,16,1,58,3,10,7,1,7,11,1,8,2,4,92,1,21,121.5409368,24.9898225
114,03,08,12,08,2,04大安區,大安區仁愛路3段與仁愛路3段24巷口,0,0,1,1,B03,7,6,5,30,3,1,1,5,4,5,13,4,4,1,4,5,1,16,1,34,3,10,3,4,7,5,1,8,1,2,72,1,21,121.535607,25.0377815
114,03,08,12,19,2,05中正區,中正區忠孝東路2段與杭州北路口,0,0,2,1,C03,7,6,5,50,4,2,1,5,4,5,13,1,1,3,4,5,2,13,1,21,2,7,5,1,7,9,1,10,1,11,44,1,22,121.5271122,25.0439704
114,03,08,12,30,2,08士林區,士林區福國路47巷與中山北路5段829巷口,0,0,1,1,B03,7,6,5,30,4,1,1,5,4,5,13,4,4,10,5,5,2,15,1,30,3,10,7,1,7,9,1,8,2,8,72,1,22,121.5238762,25.1013507
114,03,08,12,32,2,12內湖區,內湖區東湖路113巷95弄與東湖路113巷口,0,0,1,1,C03,7,7,5,30,4,1,1,5,4,5,13,2,1,10,5,5,2,16,1,25,3,10,5,1,7,4,1,10,9,12,5,1,21,121.615641,25.0720402
114,03,08,12,50,2,07信義區,信義區松智路與松平路口,0,0,1,1,C03,7,6,5,30,4,1,1,5,4,5,13,2,1,8,4,5,2,17,1,41,2,8,3,4,7,15,1,10,1,12,71,1,21,121.5653977,25.0304769
114,03,08,13,30,2,08士林區,士林區士東路與芝玉路2段口,0,0,1,1,B03,7,6,5,50,3,1,1,5,4,5,13,1,1,1,4,5,2,17,2,37,3,10,7,1,7,11,1,8,1,6,10,1,22,121.5353324,25.113021
114,03,08,13,40,2,08士林區,士林區中正路與雨農路口,0,0,1,1,B03,7,5,5,50,5,1,1,5,4,5,13,2,1,1,4,5,2,11,1,42,3,10,7,1,7,9,6,18,1,5,85,1,21,121.5321602,25.0967116
114,03,08,14,54,2,06松山區,松山區民權東路3段與民族東路口,0,0,2,1,B12,7,6,5,50,3,1,1,5,4,5,13,4,4,1,4,5,2,16,1,68,3,10,7,4,7,6,1,8,1,2,9,1,21,121.5499756,25.0617781
114,03,08,15,17,2,12內湖區,內湖區行善路70號,0,0,1,1,B03,7,6,5,50,14,9,1,5,4,5,13,4,4,10,3,5,1,16,1,40,3,10,7,1,7,11,1,8,2,1,10,1,21,121.5766505,25.0581114
114,03,08,17,21,2,04大安區,大安區市民大道3段與新生北路1段口,0,0,3,1,B03,7,5,5,50,14,9,1,5,4,5,13,2,1,10,5,5,2,13,1,20,3,10,3,4,7,9,1,8,1,1,16,1,21,121.5328683,25.0454326
114,03,08,18,16,2,05中正區,中正區新生南路1段與八德路1段口,0,0,2,1,B03,7,5,5,50,4,1,1,5,4,5,13,1,1,3,4,5,1,13,1,38,3,10,7,1,7,6,1,8,2,3,9,1,22,121.5327716,25.0444022
114,03,08,18,19,2,03中山區,中山區內湖路1段與堤頂大道2段口,0,0,1,1,B03,8,5,5,50,14,9,1,5,4,5,13,2,1,1,4,5,2,12,1,18,3,10,7,1,7,8,1,8,1,5,100,1,21,121.5601058,25.0847097
114,03,08,18,25,2,07信義區,信義區永吉路180巷66弄與永吉路120巷口,0,0,1,1,B02,7,5,5,30,4,1,1,5,4,5,13,1,1,9,5,5,2,17,1,36,3,10,7,4,7,5,1,8,9,2,71,2,21,121.5702623,25.0435497
114,03,08,18,46,2,06松山區,松山區健康路與南京東路4段75巷口,0,0,1,1,B03,7,5,5,30,4,1,1,5,4,5,13,2,1,9,4,5,2,3,1,53,3,10,7,1,7,5,1,8,1,8,70,1,22,121.5537788,25.0533879
114,03,08,19,17,2,01大同區,大同區忠孝西路2段0802436燈桿,0,0,2,1,C03,8,5,5,50,14,9,1,5,4,5,13,4,4,9,4,5,2,13,2,60,2,9,5,1,7,8,1,10,2,11,16,1,22,121.5092964,25.0483552
114,03,08,19,18,2,07信義區,信義區基隆路2段與嘉興街175巷口口,0,0,1,1,B02,8,5,5,50,3,1,1,5,4,5,13,4,4,1,4,5,2,17,1,30,3,10,3,4,7,6,1,8,2,6,9,1,22,121.5566176,25.02795
114,03,08,19,30,2,12內湖區,內湖區行善路281巷與新豐街口,0,0,1,1,C03,7,5,5,30,4,1,1,5,4,5,13,4,4,5,5,5,2,15,1,34,2,9,5,1,7,9,1,10,2,12,75,1,21,121.583164,25.0598309
114,03,08,20,27,2,07信義區,信義區松智路17號,0,0,2,1,B01,8,5,5,50,14,9,1,5,4,5,13,4,4,9,4,5,2,12,1,40,3,10,7,1,7,1,1,4,1,4,19,1,21,121.5654966,25.0349425
114,03,08,20,36,2,01大同區,大同區延平北路4段205號,0,0,1,1,B03,7,5,5,30,14,9,1,5,4,5,13,2,1,10,4,5,2,16,1,38,3,10,3,4,7,6,1,8,1,5,9,1,21,121.5116091,25.0743213
114,03,08,20,52,2,02萬華區,萬華區西園路2段與西園路2段225巷口,0,0,2,1,F01,8,5,5,50,3,1,1,5,4,5,13,1,1,1,4,5,2,17,1,44,2,9,4,4,7,5,8,20,1,13,8,1,21,121.4945022,25.0275176
114,03,08,20,52,2,10文山區,文山區指南路3段40巷樟湖幹192,0,0,1,1,B03,7,5,5,30,11,9,1,4,4,5,13,4,4,10,5,5,2,11,1,27,3,10,7,1,7,9,1,8,1,8,17,1,21,121.5987822,24.96834415
114,03,08,21,05,2,03中山區,中山區建國北路3段與農安街口,0,0,1,1,B03,7,5,5,50,3,18,1,5,4,5,13,1,1,5,5,5,2,1,2,21,3,10,7,1,7,5,1,8,1,8,70,1,21,121.5367717,25.06515216
114,03,08,21,29,2,07信義區,信義區仁愛路4段與光復南路口口,0,0,3,1,B03,8,5,5,50,4,1,1,5,4,5,13,2,1,1,4,5,2,17,1,34,2,7,3,4,7,6,1,8,2,5,98,1,22,121.5576309,25.0378126
114,03,08,22,29,2,08士林區,士林區中正路與承德路4段口,0,0,3,1,C03,8,5,5,50,3,1,1,5,4,5,13,4,4,1,5,5,2,13,1,20,2,7,6,1,7,9,1,9,1,11,108,1,21,121.5160863,25.0906135
114,03,08,22,45,2,11南港區,南港區三重路41巷35號,0,0,1,1,B03,8,5,5,30,14,9,1,5,4,5,13,4,4,10,5,5,2,12,2,46,3,10,3,4,7,5,1,8,9,4,8,1,22,121.6131694,25.0599493
114,03,08,23,10,2,05中正區,中正區水源快速道路與詔安街口上方,0,0,1,1,B03,8,5,5,60,14,9,1,5,4,5,13,4,4,2,4,5,1,17,1,29,3,10,7,1,7,9,1,8,1,1,44,1,21,121.5143936,25.0239463
114,03,09,06,40,2,02萬華區,萬華區青年路8號,0,0,1,1,A02,7,6,5,30,14,9,1,5,4,5,13,4,4,5,4,5,2,9,2,50,3,10,7,1,7,14,1,2,1,17,42,1,21,121.5062167,25.026107
114,03,09,06,49,2,03中山區,中山區濱江街與復興北路地下道口,0,0,1,1,B03,7,6,5,40,4,1,1,5,4,5,13,1,1,1,4,5,2,16,1,49,3,10,3,4,7,6,1,8,9,2,9,1,22,121.5444956,25.0719596
114,03,09,08,11,2,09北投區,北投區中央北路2段與中央北路2段131巷口,0,0,1,1,B12,8,7,5,30,3,1,1,5,4,5,13,4,4,4,4,5,2,16,1,64,3,10,7,1,7,5,1,8,2,7,42,1,22,121.49441,25.13739109
114,03,09,09,31,2,04大安區,大安區金華街與新生南路2段口,0,0,2,1,C03,8,6,5,40,3,1,1,5,4,5,13,1,1,1,1,5,2,9,2,24,2,9,5,1,7,9,1,10,1,14,70,1,21,121.533871,25.0305891
114,03,09,09,53,2,01大同區,大同區環河北路1段與忠孝西路1段口,0,0,1,1,B12,8,6,5,50,3,2,1,5,4,5,13,1,1,8,3,5,1,16,1,49,3,10,3,4,7,11,1,8,1,2,10,1,21,121.5062685,25.0490828
114,03,09,10,05,2,02萬華區,萬華區和平西路3段與西園路1段口,0,0,1,1,A02,8,6,5,50,4,2,1,5,4,5,13,2,1,1,4,4,2,9,1,58,3,10,7,1,7,1,1,2,1,17,44,1,21,121.4988412,25.0351633
114,03,09,10,43,2,07信義區,信義區忠孝東路5段與大道路口,0,0,1,1,C03,7,6,5,50,5,1,1,5,4,5,13,2,1,8,3,5,2,17,1,73,3,10,3,4,7,7,1,10,1,17,100,1,21,121.5812971,25.0434439
114,03,09,10,45,2,05中正區,中正區徐州路2號,0,0,1,1,B03,8,6,5,50,14,9,1,5,4,5,13,4,4,9,5,4,1,12,1,70,3,10,7,1,7,11,1,8,2,4,10,1,22,121.5210746,25.0413105
114,03,09,11,12,2,02萬華區,萬華區萬大路420號,0,0,2,1,C03,7,7,5,50,14,9,1,5,4,5,13,4,4,1,4,5,2,16,1,18,2,9,3,4,7,8,1,10,1,14,100,1,22,121.4982599,25.0210583
114,03,09,11,41,2,10文山區,文山區政大一街與萬壽路口,0,0,1,1,C03,8,7,5,30,3,2,1,5,4,5,13,4,4,5,5,5,2,17,1,70,2,8,6,1,7,5,1,10,1,11,118,1,21,121.5876596,24.9879322
114,03,09,11,42,2,05中正區,中正區林森北路與北平東路口,0,0,1,1,B01,7,5,5,50,4,1,1,5,4,5,13,1,1,9,4,5,2,17,1,57,3,10,7,1,7,5,1,4,2,2,71,1,21,121.5238142,25.0463986
114,03,09,11,53,2,10文山區,文山區木柵路4段與秀明路1段口,0,0,1,1,B03,8,6,5,50,4,1,1,5,4,5,13,2,1,10,5,5,2,17,1,47,3,10,7,4,7,6,1,6,2,2,9,1,21,121.5710751,24.9917527
114,03,09,11,55,2,03中山區,中山區建國北路1段與南京東路3段口,0,0,2,1,B03,8,7,5,50,5,1,1,5,4,5,13,2,1,1,4,5,2,16,1,27,3,10,7,1,7,6,1,8,1,6,9,1,21,121.5370401,25.0518622
114,03,09,12,00,2,08士林區,士林區德行東路331巷50弄與德行東路331巷36弄口,0,0,1,1,B03,7,6,5,30,4,2,1,5,4,5,13,4,4,10,5,5,1,36,2,53,2,9,7,1,7,9,1,8,1,8,22,1,21,121.5231865,25.11569421
114,03,09,12,16,2,04大安區,大安區新生南路3段與新生南路3段56巷口南往北,0,0,1,1,C03,8,7,5,50,14,7,1,5,4,5,13,2,1,1,4,4,2,13,2,62,2,9,3,4,7,9,1,10,1,11,108,1,21,121.5341227,25.0203539
114,03,09,12,38,2,09北投區,北投區竹子湖路與中興路口口,0,0,1,1,B03,8,6,5,40,3,1,1,5,4,5,13,4,4,5,5,5,2,16,1,52,3,10,7,1,7,5,1,8,9,17,74,2,21,121.5447136,25.1631733
114,03,09,12,39,2,04大安區,大安區和平東路1段與和平東路1段141巷口,0,0,1,1,B02,8,6,5,50,4,1,1,5,4,5,13,2,1,3,4,3,1,16,1,31,3,10,3,4,7,5,1,8,1,5,71,1,21,121.5304047,25.0265445
114,03,09,13,00,2,12內湖區,內湖區舊宗路1段與新湖一路口,0,0,2,1,C03,8,7,5,50,14,9,1,5,4,5,13,1,1,1,4,5,1,13,2,61,2,7,5,1,7,9,1,10,1,11,76,1,21,121.5793926,25.060177
114,03,09,13,05,2,05中正區,中正區忠孝西路1段與重慶北路1段口,0,0,1,1,A02,8,6,5,50,5,1,1,5,4,5,13,1,1,3,4,5,1,9,1,49,3,10,7,1,7,7,1,2,2,9,118,1,21,121.5132937,25.0473767
114,03,09,13,05,2,07信義區,信義區信義路6段37號,0,0,2,1,C03,8,5,8,50,22,22,1,5,4,5,13,4,4,9,4,5,2,17,2,18,2,9,6,1,7,6,1,10,2,12,9,1,22,121.576093,25.0347843
114,03,09,13,51,2,10文山區,文山區木柵路3段112號,0,0,1,1,C03,7,5,5,50,14,9,1,5,4,5,13,4,4,9,5,5,2,13,1,56,2,8,3,4,7,9,1,10,2,11,16,1,22,121.5675482,24.9887137
114,03,09,13,57,2,10文山區,文山區老泉街45巷第060號燈桿,0,0,1,1,F01,8,6,5,30,11,9,1,5,4,5,13,4,4,10,5,5,1,17,2,23,2,8,4,1,7,9,8,20,1,11,5,1,21,121.5686739,24.9730347
114,03,09,14,08,2,09北投區,北投區大業路與中央北路1段口,0,0,1,1,B03,8,6,5,50,4,1,1,5,4,5,13,1,1,1,4,1,2,16,1,66,3,10,7,1,7,5,1,8,1,1,8,1,21,121.4972034,25.1360124
114,03,09,14,30,2,12內湖區,內湖區堤外便道(基十三號疏散門）,0,0,2,1,F01,7,5,5,30,14,23,1,5,4,5,13,4,4,9,5,5,1,3,2,41,2,9,2,1,7,9,8,20,1,12,108,1,21,121.613409,25.0676209
114,03,09,14,38,2,06松山區,松山區南京東路4段與光復北路口,0,0,1,1,B01,8,6,5,50,14,9,1,5,4,5,13,2,1,9,4,5,2,12,1,51,3,10,7,1,7,9,1,4,1,2,108,1,21,121.5571255,25.05147695
114,03,09,15,09,2,04大安區,大安區信義路4段與大安路1段口,0,0,2,1,F01,8,5,5,0,4,2,1,5,4,5,13,2,1,9,5,5,2,16,1,15,2,9,2,1,7,11,8,20,1,12,11,1,21,121.5461299,25.0333901
114,03,09,15,46,2,09北投區,北投區大度路西往東,0,0,1,1,C01,8,6,5,60,14,7,1,5,4,5,13,1,1,1,4,1,2,13,1,26,2,7,6,1,7,9,1,9,1,11,16,1,21,121.4930889,25.1213971
114,03,09,15,55,2,02萬華區,萬華區堤外便道自行車道（燈桿：華中439）,0,0,2,1,F02,8,7,7,30,22,23,1,5,4,5,13,4,4,10,5,5,2,17,2,13,2,8,4,1,7,5,8,20,1,14,44,1,21,121.4886211,25.0272268
114,03,09,16,35,2,03中山區,中山區大佳河濱公園與大佳河濱公園口自行車道,0,0,2,1,F01,8,7,7,40,3,1,5,5,4,5,13,4,4,10,5,5,2,15,2,12,2,8,4,1,7,11,8,20,1,14,11,1,22,121.5304192,25.07426771
114,03,09,16,51,2,01大同區,大同區南京西路與南京西路25巷口,0,0,2,1,C03,7,6,5,50,4,2,1,5,4,5,13,1,1,1,5,5,2,17,2,46,2,9,5,1,7,5,1,10,1,12,8,1,21,121.5202885,25.05271268
114,03,09,17,20,2,05中正區,中正區市民大道1段與市民大道1段口地下街Y6出口,0,0,1,1,A03,8,5,5,40,14,9,1,5,4,5,13,4,4,1,4,5,1,17,1,48,3,10,7,4,7,7,1,2,9,2,100,2,21,121.5176134,25.0484444
114,03,09,17,40,2,10文山區,文山區興隆路3段112巷2弄13號,0,0,1,1,C03,8,5,5,30,14,9,1,5,4,5,13,4,4,10,5,5,1,13,1,51,2,8,6,1,7,9,1,10,1,11,16,1,21,121.5567306,24.9993149
114,03,09,17,50,2,08士林區,士林區承德路4段與承德路4段195巷口,0,0,2,1,C03,8,5,5,50,3,1,1,5,4,5,13,4,4,1,4,5,1,17,2,68,2,9,5,1,7,6,1,10,1,12,9,1,21,121.5218769,25.0880854
114,03,09,18,00,2,02萬華區,萬華區昆明街15-1號,0,0,2,1,C03,7,5,5,50,14,9,1,5,4,5,13,4,4,10,5,5,2,17,1,65,2,8,5,1,7,8,1,10,1,13,100,1,21,121.5058301,25.0465675
114,03,09,18,25,2,08士林區,士林區文林路與雙溪街口,0,0,2,1,C03,8,6,5,50,5,2,1,5,4,5,13,2,1,9,4,4,1,17,1,41,3,10,5,1,7,5,1,10,2,14,71,1,21,121.5233675,25.0997364
114,03,09,18,55,2,07信義區,(松山路590號前),0,0,1,1,B03,7,5,5,50,22,9,1,5,4,5,13,4,4,9,4,5,1,17,1,56,3,10,3,4,7,5,1,8,1,4,8,1,21,121.5783665,25.0367
114,03,09,18,59,2,09北投區,北投區中央北路4段北往南方向關渡公車站牌旁,0,0,2,1,B03,8,5,5,50,22,9,1,5,4,5,13,4,4,4,4,5,2,12,1,43,3,10,7,1,7,10,1,8,1,2,100,1,21,121.4653638,25.1250683
114,03,09,19,37,2,04大安區,大安區辛亥路2段臨138號,0,0,2,1,C03,8,7,5,50,14,9,1,5,4,5,13,4,4,1,4,5,2,17,1,26,2,9,3,4,7,5,1,10,1,14,103,1,21,121.5352753,25.0223045
114,03,09,21,06,2,04大安區,大安區通化街60號,0,0,1,1,C03,8,5,5,50,14,9,1,5,4,5,13,4,4,9,4,5,2,11,2,53,2,9,3,4,7,11,1,10,1,12,44,1,21,121.5542178,25.0305645
114,03,09,21,41,2,04大安區,大安區敦化南路2段62號與無名巷口,0,0,1,1,B01,8,5,5,50,3,2,1,5,4,5,13,2,1,5,4,5,2,9,1,69,3,10,3,1,7,9,1,4,9,2,70,2,21,121.5485148,25.030056
114,03,09,22,26,2,05中正區,中正區重慶南路3段與和平西路1段口,0,0,1,1,C03,8,5,5,50,5,1,1,5,4,5,13,1,1,1,4,5,2,13,1,19,2,9,6,1,7,9,1,10,2,11,108,1,21,121.5157568,25.0278379
114,03,09,23,28,2,05中正區,中正區和平西路2段與莒光路口,0,0,1,1,B03,8,5,5,50,3,1,1,5,4,5,13,1,1,3,4,5,2,17,1,58,3,10,7,1,7,5,1,8,2,8,83,1,21,121.5076506,25.0312818
114,03,10,05,04,2,12內湖區,內湖區成功路3段與成功路3段174巷口,0,0,1,1,B03,8,5,5,50,4,1,1,5,4,5,13,2,1,1,4,5,2,17,1,61,3,10,7,1,7,5,1,4,2,17,85,1,21,121.5908393,25.0807581
114,03,10,06,15,2,05中正區,中正區北平西路靠近機場捷運A1,0,0,1,1,C03,8,7,5,30,22,9,1,5,4,5,13,4,4,7,4,5,2,13,2,21,2,8,6,1,7,1,1,10,9,13,19,1,21,121.5154751,25.0485837
114,03,10,06,16,2,08士林區,士林區雨農路與雨農路32巷口口,0,0,1,1,B03,8,6,5,50,3,2,1,5,4,5,13,1,1,8,4,5,1,15,1,56,3,10,7,1,7,11,1,8,1,8,10,1,21,121.5325291,25.0992354
114,03,10,06,45,2,02萬華區,萬華區桂林路64號,0,0,1,1,C03,7,6,5,50,11,9,1,5,4,5,13,1,1,8,3,4,2,12,2,36,2,9,5,4,7,7,3,18,1,14,17,1,22,121.5028894,25.0381664
114,03,10,07,13,2,09北投區,北投區大度路3段與中央北路4段601巷巷口,0,0,1,1,B03,8,7,5,50,4,2,1,5,4,5,13,1,1,1,4,5,1,16,4,0,,,,,,,,,,,119,2,,121.4641612,25.1237939
114,03,10,07,38,2,02萬華區,萬華區忠孝橋下橋處,0,0,1,1,C03,8,5,5,50,8,9,1,5,4,5,13,4,4,1,4,5,2,17,1,50,3,10,5,1,7,7,1,10,1,13,100,1,21,121.5064164,25.0488184
114,03,10,07,40,2,02萬華區,萬華區內江街與雅江街口,0,0,1,1,C03,7,7,5,30,4,1,1,5,4,5,13,4,4,9,5,5,2,17,1,28,3,10,6,1,7,6,1,10,1,14,5,1,21,121.5015767,25.0416211
114,03,10,07,57,2,05中正區,中正區中山南路與信義路1段口,0,0,4,1,C03,8,5,5,40,14,9,1,5,4,5,13,2,1,1,4,5,2,13,1,37,2,8,5,1,7,9,1,9,1,11,108,1,21,121.5180067,25.0384428
114,03,10,08,06,2,03中山區,中山區基湖路與基湖路口側附近157巷口,0,0,1,1,B03,8,5,5,50,4,1,1,5,4,5,13,4,4,1,4,5,2,17,1,40,3,10,3,4,7,5,1,8,1,2,71,1,21,121.563244,25.0769893
114,03,10,08,10,2,11南港區,南港區研究院路2段12巷與研究院路2段12巷14弄口,0,0,1,1,C03,8,6,5,30,4,2,1,5,4,5,13,4,4,5,5,5,2,17,2,53,2,9,5,1,7,6,1,10,1,13,72,1,21,121.6151113,25.0476336
114,03,10,08,19,2,05中正區,中正區金華街45號,0,0,1,1,B03,8,7,5,50,14,9,1,5,4,5,13,4,4,9,5,5,2,12,1,48,3,10,7,1,7,11,1,7,1,8,10,1,22,121.5201568,25.0318877
114,03,10,08,29,2,11南港區,南港區研究院路2段與研究院路2段180巷口口,0,0,1,1,H01,8,6,5,50,3,1,1,5,4,5,13,2,1,5,5,5,2,3,2,44,2,7,4,5,8,18,8,20,1,16,122,1,21,121.6170199,25.0376668
114,03,10,08,45,2,08士林區,士林區至善路1段與福林路254巷口對面,0,0,2,1,C03,7,5,5,50,3,2,1,5,4,5,13,1,1,1,4,4,1,13,1,22,2,9,5,1,7,9,1,10,1,11,76,1,21,121.5378885,25.0981342
114,03,10,08,46,2,11南港區,南港區南港路3段47巷(南向北),0,0,1,1,,8,6,5,50,14,9,1,5,4,5,13,4,4,9,5,5,2,29,3,0,,,,,,,,,,,61,1,,121.5908155,25.0515242
114,03,10,08,50,2,02萬華區,萬華區和平西路3段19號,0,0,3,1,C03,8,7,5,40,14,8,1,5,4,5,13,4,4,1,4,4,2,13,2,61,2,6,5,1,7,9,1,10,1,11,16,1,21,121.5040844,25.0345679
114,03,10,08,50,2,04大安區,大安區信義路2段34號,0,0,2,1,B03,8,6,5,50,14,9,1,5,4,5,13,4,4,10,3,5,2,17,1,36,4,11,3,4,7,8,7,19,11,15,100,2,22,121.525661,25.0347114
114,03,10,08,54,2,01大同區,大同區環河北路1段玉泉公園前,0,0,1,1,C03,8,5,5,50,14,9,1,5,4,5,13,4,4,5,4,5,2,16,1,27,3,10,5,1,7,8,1,10,1,13,100,1,21,121.5065944,25.04987234
114,03,10,09,03,2,05中正區,中正區羅斯福路1段與南海路口,0,0,1,1,C03,8,7,5,30,4,1,1,5,4,5,13,1,1,1,4,5,2,17,2,22,2,9,5,1,7,8,1,10,2,14,100,1,22,121.5179954,25.0329649
114,03,10,09,04,2,05中正區,中正區中華路1段與中華路1段9巷口,0,0,1,1,A02,8,6,5,50,4,2,1,5,4,5,13,2,1,1,4,5,2,12,1,45,3,10,7,1,7,9,1,2,2,2,108,1,21,121.5098139,25.0467055
114,03,10,09,06,2,03中山區,中山區民權東路1段78號,0,0,1,1,C03,8,7,5,50,14,9,1,5,4,5,13,1,1,3,4,5,2,13,2,32,2,8,6,1,7,9,1,10,1,11,16,1,21,121.5256222,25.06217987
114,03,10,09,13,2,10文山區,文山區辛亥路5段與辛亥路5段25巷口,0,0,1,1,C03,8,6,5,30,4,4,1,5,4,5,13,2,1,5,5,5,2,12,1,72,3,10,6,1,7,9,1,10,1,14,108,1,21,121.5543011,25.00022985
114,03,10,09,32,2,11南港區,南港區研究院路2段與研究院路2段5巷口,0,0,1,1,B03,8,6,5,50,3,2,1,5,4,5,13,4,4,1,4,5,2,17,1,46,3,10,3,4,7,15,1,8,2,4,40,1,21,121.6156457,25.0473529
114,03,10,09,45,2,07信義區,信義區林口街與大道路口,0,0,1,1,F03,7,5,5,30,4,1,1,5,4,5,13,1,1,10,5,5,2,16,1,76,3,10,6,1,7,5,8,20,1,13,8,1,21,121.5814047,25.0426307
114,03,10,09,48,2,03中山區,中山區中山北路3段25號,0,0,1,1,C03,8,6,5,50,14,8,1,5,4,5,13,4,4,3,4,3,2,12,1,45,3,10,6,1,7,9,1,10,11,12,44,2,22,121.5222933,25.0652051
114,03,10,10,00,2,03中山區,中山區龍江路與合江街73巷口,0,0,1,1,C03,8,6,5,30,4,1,1,5,4,5,13,4,4,7,4,5,2,16,1,71,2,8,5,1,7,5,1,10,1,12,72,1,21,121.5407356,25.0588605
114,03,10,10,00,2,12內湖區,內湖區舊宗路2段與舊宗路2段121巷口,0,0,1,1,B02,7,5,5,50,4,1,1,5,4,5,13,1,1,1,5,5,2,17,1,47,3,10,7,1,7,6,1,8,1,5,9,1,21,121.574883,25.069387
114,03,10,10,03,2,05中正區,中正區中山南路與忠孝東路1段口,0,0,2,1,C03,8,6,5,50,4,1,1,5,4,5,13,2,1,1,4,1,2,13,2,43,2,8,5,1,7,9,1,10,2,11,44,1,21,121.5196668,25.0454038