發生年度,發生月,發生日,發生時-Hours,發生分,處理別-編號,區序,肇事地點,死亡人數,2-30日死亡人數,受傷人數,當事人序號,車種,天候,光線,道路類別,速限-速度限制,道路型態,事故位置,路面狀況1,路面狀況2,路面狀況3,道路障礙1,道路障礙2,號誌1,號誌2,車道劃分-分向,車道劃分-分道1,車道劃分-分道2,車道劃分-分道3,事故類型及型態,性別,年齡,受傷程度,主要傷處,保護裝置,行動電話,車輛用途,當事者行動狀態,駕駛資格情形,駕駛執照種類,飲酒情形,車輛撞擊部位1,肇因碼-個別,個人肇逃否,職業,座標-X,座標-Y
114,03,10,10,05,2,07信義區,信義區永吉路326巷與虎林街70巷口,0,0,2,1,C03,8,6,5,30,3,2,1,5,4,5,13,4,4,10,5,5,2,16,1,69,4,11,3,1,7,5,1,10,11,14,8,1,21,121.5754361,25.0444508
114,03,10,10,34,2,08士林區,士林區福林路與福林路100巷口,0,0,1,1,B03,8,6,5,50,3,2,1,5,4,5,13,3,1,5,5,5,2,17,1,60,3,10,7,1,7,6,1,8,1,6,9,1,21,121.5312091,25.0957726
114,03,10,10,45,2,01大同區,大同區環河北路1段與民生西路口,0,0,1,1,C03,8,6,5,50,4,2,1,5,4,5,13,2,1,8,3,5,2,12,1,75,2,1,6,1,7,7,1,10,1,13,100,1,21,121.5082892,25.0566216
114,03,10,11,05,2,03中山區,中山區市民大道3段與安東街16巷18弄口,0,0,1,1,C03,8,6,5,40,3,1,1,5,4,5,13,4,4,1,4,5,2,13,1,43,2,9,6,1,7,9,1,10,1,12,108,1,21,121.5408199,25.0447161
114,03,10,11,38,2,08士林區,士林區文林路與美崙街口,0,0,1,1,C03,8,6,5,50,5,1,1,5,4,5,13,2,1,5,5,5,2,12,4,0,,,,,,,,,11,,119,2,,121.5239682,25.0973004
114,03,10,11,45,2,02萬華區,萬華區西藏路424號,0,0,2,1,B12,8,6,5,50,14,9,1,5,4,5,13,4,4,1,4,5,2,12,1,45,3,10,7,1,7,9,1,8,1,2,108,1,21,121.5072252,25.03520447
114,03,10,12,10,2,05中正區,中正區鎮江街與青島東路口,0,0,1,1,B03,8,6,5,50,4,1,1,5,4,5,13,2,1,5,2,4,2,17,1,23,3,10,7,1,7,5,1,8,1,2,74,1,21,121.5213537,25.0439977
114,03,10,12,24,2,07信義區,信義區信安街67巷,0,0,1,1,B03,7,6,5,30,14,7,1,5,4,5,12,4,4,9,4,4,2,17,1,38,3,10,7,1,7,1,1,8,1,6,19,1,22,121.5593498,25.0259676
114,03,10,13,20,2,01大同區,大同區民族西路與民族西路187巷口,0,0,1,1,B03,7,6,5,50,4,1,1,5,4,5,13,2,1,8,3,5,2,15,2,33,3,10,7,1,7,9,1,8,2,1,81,1,21,121.5149021,25.0686187
114,03,10,14,07,2,01大同區,大同區重慶北路1段與長安西路口,0,0,1,1,B12,8,6,5,50,4,2,1,5,4,5,13,2,1,8,3,5,1,16,1,45,3,10,3,4,7,5,1,8,1,2,8,1,21,121.5138648,25.0516387
114,03,10,14,32,2,09北投區,北投區大度路3段185號,0,0,2,1,B12,8,6,5,50,14,9,1,5,4,5,13,4,4,1,4,5,2,17,1,62,3,10,7,1,7,1,1,8,2,7,19,1,21,121.4706891,25.1227791
114,03,10,14,44,2,10文山區,文山區景美河濱公園南往北景美018燈桿,0,0,1,1,F01,8,6,8,0,22,22,1,5,4,5,13,4,4,9,5,5,1,17,1,80,3,10,2,1,7,5,8,20,1,17,44,1,21,121.5353851,24.98612976
114,03,10,14,45,2,03中山區,中山區中山北路4段與新生高架道口側附近口,0,0,1,1,B03,8,7,5,50,4,1,1,5,4,5,13,1,1,1,4,4,2,17,2,71,3,10,3,4,7,9,1,8,1,2,85,1,21,121.5252054,25.076861
114,03,10,15,15,2,02萬華區,萬華區西園路2段與東園街口,0,0,2,1,C03,8,6,5,50,3,1,1,5,4,5,13,2,1,1,5,5,2,16,2,24,3,10,6,1,7,6,1,10,1,13,9,1,26,121.4952515,25.0281281
114,03,10,15,43,2,07信義區,信義區永吉路523號,0,0,1,1,F03,7,5,5,0,22,25,2,5,4,5,13,4,4,10,5,5,2,9,1,25,3,10,2,1,7,9,8,20,2,11,42,1,22,121.586563,25.04654559
114,03,10,15,48,2,06松山區,松山區市民大道4段東往西第0205067號燈桿,0,0,1,1,B03,8,6,5,40,14,9,1,5,4,5,13,4,4,1,4,1,2,16,1,51,3,10,7,4,7,6,1,8,1,2,9,1,21,121.545359,25.04516862
114,03,10,16,00,2,11南港區,南港區忠孝東路6段與東新街口,0,0,2,1,B03,8,6,5,50,4,1,1,5,4,5,13,2,1,1,4,5,2,16,1,65,2,1,2,4,7,6,1,8,2,5,9,1,21,121.5850651,25.0480728
114,03,10,16,30,2,03中山區,中山區合江街131號前,0,0,2,1,C03,7,7,5,50,14,9,1,5,4,5,13,4,4,9,4,5,2,17,1,38,2,7,3,4,7,11,1,10,1,14,10,1,21,121.5392558,25.0608882
114,03,10,16,35,2,07信義區,信義區市民高架道往西,0,0,1,1,B03,8,6,5,80,14,9,1,5,4,5,13,4,4,1,4,5,1,13,2,47,3,10,3,4,7,9,1,8,2,1,16,1,22,121.5640685,25.0448319
114,03,10,16,38,2,04大安區,大安區瑞安街135巷與和平東路2段107巷口,0,0,2,1,C03,8,7,5,30,4,1,1,5,4,5,10,4,4,10,5,5,2,15,1,25,2,9,6,1,7,9,3,18,1,11,75,1,21,121.5405782,25.0267184
114,03,10,17,00,2,11南港區,南港區園區街36號,0,0,1,1,B03,7,6,5,30,14,9,1,5,4,5,13,4,4,5,4,5,2,12,2,20,3,10,7,1,7,11,1,8,1,4,10,1,21,121.6123416,25.0590664
114,03,10,17,06,2,07信義區,信義區松智路18號,0,0,1,1,B03,7,7,6,50,14,9,1,5,4,5,13,4,4,9,5,5,2,16,2,40,3,10,7,1,7,1,1,8,2,1,19,1,21,121.565351,25.0313689
114,03,10,17,13,2,05中正區,中正區羅斯福路2段與和平西路1段口,0,0,2,1,C03,8,7,6,40,4,1,1,5,4,1,13,2,1,1,4,4,2,12,1,55,2,8,5,1,7,9,1,10,1,11,17,1,21,121.5225696,25.0270438
114,03,10,17,36,2,05中正區,中正區福和橋機車道往永和,0,0,2,1,C03,8,7,5,40,8,11,1,5,4,5,13,4,4,1,4,5,2,13,1,36,2,9,5,1,7,9,1,10,2,11,102,1,22,121.5334896,25.0095986
114,03,10,18,10,2,11南港區,南港區中坡南路與中南街49巷口口,0,0,1,1,B03,8,6,5,50,4,1,1,5,4,5,13,2,1,5,4,4,2,16,1,64,3,10,7,1,7,6,1,8,1,2,9,1,21,121.583722,25.042748
114,03,10,18,12,2,07信義區,信義區松仁路與松高路口,0,0,2,1,B03,7,5,5,50,4,1,1,5,4,5,13,2,1,1,4,5,2,12,1,36,3,10,7,1,7,8,1,8,1,4,100,1,21,121.5684111,25.0387675
114,03,10,18,17,2,12內湖區,內湖區洲子街100號,0,0,1,1,C03,8,5,5,50,14,9,1,5,4,5,13,4,4,9,4,5,2,16,1,26,2,9,6,1,7,1,1,10,2,12,19,1,21,121.5710213,25.0800497
114,03,10,18,30,2,03中山區,中山區樂群三路51號,0,0,1,1,B03,8,5,5,50,14,9,1,5,4,5,13,4,4,5,5,5,2,17,2,43,3,10,7,1,7,13,1,8,1,4,40,1,22,121.552656,25.0827191
114,03,10,18,42,2,06松山區,松山區八德路4段725號,0,0,1,1,A02,8,5,5,40,14,8,1,5,4,5,13,4,4,1,3,4,2,2,1,50,3,10,7,1,7,9,1,2,2,1,44,1,21,121.5766936,25.0501573
114,03,10,19,10,2,03中山區,中山區八德路2段與渭水路口,0,0,1,1,B12,8,5,5,50,4,1,1,5,4,5,13,2,1,1,4,5,2,12,1,38,3,10,3,4,7,7,1,8,1,2,100,1,21,121.5353897,25.0455765
114,03,10,19,21,2,08士林區,士林區文林路與中山北路5段口口,0,0,2,1,C03,8,5,5,50,11,9,1,5,4,5,13,1,1,1,4,5,2,13,2,20,2,9,6,1,7,9,1,10,1,11,16,1,21,121.5257969,25.08536742
114,03,10,19,51,2,04大安區,大安區辛亥路2段與建國南路2段口,0,0,1,1,B12,7,5,5,50,14,9,1,5,4,5,13,2,1,10,5,5,2,17,1,34,3,10,7,1,7,5,1,8,1,2,44,1,21,121.5378423,25.0226265
114,03,10,19,53,2,03中山區,中山區民生東路2段與吉林路口,0,0,1,1,C03,8,5,5,50,4,1,1,5,4,5,13,1,1,5,4,5,2,13,1,43,2,9,5,1,7,9,1,9,1,11,16,1,22,121.5304918,25.0580192
114,03,10,20,00,2,01大同區,大同區鄭州路與西寧北路口,0,0,2,1,B03,7,5,5,40,4,2,1,5,4,5,13,2,1,1,4,5,2,17,1,22,3,10,3,4,7,9,1,8,1,5,42,1,21,121.5081083,25.0505891
114,03,10,20,25,2,04大安區,大安區潮州街與杭州南路2段口,0,0,1,1,C04,8,5,5,50,4,1,1,5,4,5,13,2,1,5,4,5,2,17,1,43,3,10,6,1,7,5,1,10,1,17,71,1,21,121.5219833,25.0295528
114,03,10,20,25,2,09北投區,北投區立農街2段與義理街口,0,0,1,1,G06,8,5,5,50,3,2,1,5,4,5,13,4,4,7,5,5,1,16,2,38,2,7,6,1,7,5,8,20,1,15,8,1,21,121.5163634,25.1186042
114,03,10,20,36,2,06松山區,松山區民權東路3段與敦化北路口,0,0,1,1,B03,8,5,5,50,4,1,1,5,4,5,13,2,1,3,4,4,2,17,1,61,3,10,3,4,7,6,1,8,11,8,108,1,22,121.5504303,25.0612639
114,03,10,20,45,2,03中山區,中山區錦西街與錦西街5巷口,0,0,1,1,C03,8,5,5,50,4,1,1,5,4,5,13,4,4,5,4,5,2,17,2,29,2,9,6,4,7,9,1,10,2,11,16,1,21,121.5218723,25.06035434
114,03,10,21,41,2,08士林區,士林區重陽橋機車專用道(西往東),0,0,1,1,C03,8,5,5,25,10,11,1,5,4,5,13,4,4,10,2,5,1,1,2,31,2,8,3,4,7,5,1,10,1,14,13,1,22,121.505867,25.0842216
114,03,10,21,45,2,01大同區,大同區鄭州路145號,0,0,1,1,C03,7,5,5,0,22,6,1,5,4,5,13,4,4,1,4,5,2,17,1,25,4,11,3,4,7,5,1,10,11,15,8,2,22,121.508875,25.0504829
114,03,10,22,11,2,04大安區,大安區敦化南路1段297號,0,0,2,1,A02,8,5,5,50,14,9,1,5,4,5,13,2,1,1,3,5,2,13,1,57,3,10,7,1,7,13,1,2,1,1,113,1,21,121.5490636,25.0353863
114,03,11,05,20,2,07信義區,信義區逸仙路46號,0,0,1,1,F01,7,5,6,50,14,9,1,5,4,5,13,4,4,9,4,5,1,18,2,30,2,1,4,4,7,9,8,20,8,14,21,1,21,121.5615893,25.0404869
114,03,11,05,24,1,03中山區,中山區民族東路與新生北路3段口,1,0,0,1,C03,8,5,5,50,4,1,1,5,4,5,13,2,1,1,4,5,2,23,1,19,1,9,5,4,7,9,3,18,11,11,108,1,21,121.5281636,25.0683261
114,03,11,06,17,2,07信義區,信義區忠孝東路5段236巷與忠孝東路5段236巷3弄口,0,0,1,1,B01,7,6,5,50,4,2,1,5,4,5,13,4,4,8,3,5,2,15,1,36,3,10,3,4,7,9,1,4,1,8,44,1,21,121.5718998,25.0404317
114,03,11,06,40,2,03中山區,中山區民族東路與建國北路口側附近3段113巷口,0,0,1,1,B12,7,5,5,50,4,1,1,5,4,5,13,1,1,1,4,5,2,17,1,46,3,10,3,4,7,5,1,8,1,8,74,1,21,121.5362928,25.0681212
114,03,11,06,50,2,07信義區,信義區忠孝東路5段與大道路口,0,0,2,1,C03,7,7,5,50,14,9,1,5,4,5,13,1,1,3,4,5,2,16,1,19,2,9,6,4,7,6,1,10,1,12,118,1,21,121.5812193,25.0430848
114,03,11,07,44,2,01大同區,大同區長安西路與塔城街口,0,0,2,1,C03,7,6,5,50,4,2,1,5,4,5,13,2,1,8,3,5,1,11,1,41,3,10,6,4,7,15,1,10,1,14,101,1,21,121.5105717,25.0520311
114,03,11,07,49,2,07信義區,信義區福德街與福德街89巷口口,0,0,2,1,C03,8,6,8,30,22,22,1,5,4,5,13,1,1,10,5,5,2,17,1,50,2,9,5,1,7,9,1,10,1,11,81,1,21,121.5815526,25.0370642
114,03,11,07,59,2,04大安區,大安區復興南路1段295巷與信義路4段53巷口,0,0,1,1,C03,8,5,5,30,4,1,1,5,4,5,13,4,4,9,4,5,2,15,1,47,2,9,6,1,7,9,1,10,1,12,75,1,21,121.5451293,25.0351236
114,03,11,08,10,2,04大安區,大安區愛國東路216號,0,0,1,1,B03,7,5,5,40,14,9,1,5,4,5,13,4,4,8,3,5,1,16,2,25,3,10,7,1,7,1,1,8,1,8,19,1,21,121.5249582,25.0318853
114,03,11,08,13,2,03中山區,中山區天祥路48巷與天祥路口,0,0,1,1,C04,8,6,5,30,4,1,1,5,4,5,13,4,4,5,5,5,2,15,2,28,2,8,6,4,7,9,1,10,1,11,72,1,22,121.52107,25.0618059
114,03,11,08,20,2,01大同區,大同區長安西路230號,0,0,1,1,C03,7,6,5,50,14,9,1,5,4,5,13,4,4,5,5,5,2,13,1,35,2,9,6,1,7,9,1,10,1,11,16,1,22,121.5144663,25.0514525
114,03,11,08,38,2,12內湖區,內湖區成功交流道（往民權東路六段方向）,0,0,2,1,C03,7,5,5,50,11,9,1,5,4,5,13,4,4,1,4,5,2,12,1,55,2,9,6,1,7,9,1,10,1,11,16,1,21,121.5908881,25.0652446
114,03,11,08,44,2,12內湖區,內湖區民權東路6段206巷143弄與民權東路6段232巷26弄口,0,0,2,1,C03,8,6,5,30,4,1,1,5,4,5,13,4,4,5,5,5,2,15,2,30,2,8,5,1,7,9,1,10,1,14,72,1,21,121.597647,25.06598391
114,03,11,09,00,2,12內湖區,內湖區民權東路6段135巷11弄與民權東路6段135巷口,0,0,1,1,B01,8,6,5,30,4,1,1,5,4,5,13,4,4,9,5,5,2,17,2,50,3,10,7,1,7,9,1,4,1,8,72,1,21,121.5941297,25.0696674
114,03,11,09,13,2,09北投區,北投區大同街與育仁路口,0,0,1,1,C03,7,7,5,30,5,1,1,5,4,5,13,3,1,10,5,5,2,16,2,53,2,9,5,1,7,6,1,10,2,14,72,1,21,121.4983504,25.1337851
114,03,11,09,15,2,07信義區,信義區信義路5段與莊敬路口,0,0,1,1,B03,8,6,5,50,4,2,1,5,4,5,13,2,1,4,3,5,2,17,1,75,3,10,3,4,7,6,1,8,1,6,17,1,21,121.561291,25.0328459
114,03,11,09,40,2,12內湖區,內湖區潭美街763號,0,0,1,1,B12,7,6,8,40,14,9,1,5,4,5,13,4,4,5,5,5,2,16,1,56,3,10,7,1,7,5,1,8,1,6,8,1,21,121.6084711,25.0630407
114,03,11,09,41,2,05中正區,中正區重慶南路1段與寶慶路口,0,0,1,1,B12,8,6,5,50,4,1,1,5,4,5,13,2,1,5,4,5,2,16,1,39,3,10,7,1,7,6,1,8,2,2,9,1,21,121.5131296,25.0409962
114,03,11,09,41,2,11南港區,南港區南港路1段與經貿二路口,0,0,2,1,C03,8,6,5,50,4,4,1,5,4,5,13,1,1,3,4,5,2,16,2,44,2,8,5,1,7,8,1,10,1,13,100,1,21,121.616945,25.0551406
114,03,11,09,50,2,07信義區,信義區基隆路1段與松隆路口,0,0,1,1,B01,7,7,5,50,14,9,1,5,4,5,13,1,1,3,4,3,2,16,1,62,3,10,3,4,7,6,1,4,1,7,9,1,21,121.5659176,25.0433371
114,03,11,09,52,2,07信義區,信義區信義路4段468號,0,0,1,1,C03,8,6,5,50,14,9,1,5,4,5,13,1,1,6,2,5,2,16,1,42,3,10,6,1,7,7,1,10,1,14,44,1,21,121.5592257,25.0329838
114,03,11,09,54,2,07信義區,信義區信安街67巷81號,0,0,1,1,B03,8,6,5,50,14,8,1,5,4,5,13,4,4,10,3,4,2,16,1,40,3,10,3,4,7,5,1,8,1,8,8,1,21,121.5602367,25.0258909
114,03,11,09,55,2,08士林區,士林區文林路與前街口,0,0,1,1,B03,8,6,5,50,4,1,1,5,4,5,13,2,1,5,5,5,2,17,1,51,3,10,3,4,7,6,1,8,1,2,9,1,21,121.5240593,25.097313
114,03,11,09,57,2,07信義區,信義區松智路1號,0,0,1,1,C03,7,7,5,30,14,9,1,5,4,5,13,4,4,9,5,5,2,13,1,42,2,8,6,4,7,9,1,10,1,11,118,1,21,121.5661706,25.0378774
114,03,11,10,00,2,03中山區,中山區北安路與敬業二路口,0,0,1,1,C03,8,7,5,50,3,2,1,5,4,5,13,4,4,1,4,5,2,13,1,29,2,9,6,1,7,9,1,10,1,11,16,1,21,121.5542568,25.0851474
114,03,11,11,02,2,01大同區,大同區台北橋機慢車道(東往西）,0,0,3,1,C03,8,6,7,50,14,11,1,5,4,5,13,4,4,1,4,5,2,17,1,77,3,10,6,1,7,9,1,10,2,17,44,1,21,121.5087147,25.0635152
114,03,11,11,06,2,05中正區,中正區杭州南路1段與濟南路1段口,0,0,1,1,B02,8,6,5,50,4,2,1,5,4,5,13,2,1,5,2,4,2,16,1,36,3,10,7,1,7,11,1,8,1,2,10,1,21,121.5260528,25.0416342
114,03,11,11,20,2,11南港區,南港區八德路4段901號,0,0,1,1,C03,7,7,5,50,14,9,1,5,4,5,13,4,4,5,4,5,2,12,1,30,2,9,5,1,7,9,1,10,1,11,16,1,21,121.5810391,25.0509815
114,03,11,11,42,2,05中正區,中正區市民大道3段與金山北路口迴轉道,0,0,1,1,B03,8,7,5,50,4,2,1,5,4,5,13,4,4,10,3,4,2,17,1,58,4,11,3,4,7,7,7,19,11,15,100,1,22,121.5307355,25.0455075
114,03,11,11,50,2,03中山區,中山區民族東路410巷2弄6號,0,0,1,1,B03,7,5,5,50,14,9,1,5,4,5,13,4,4,9,5,5,2,9,1,43,3,10,3,4,7,3,1,8,1,8,108,1,22,121.5375894,25.0668007
114,03,11,12,00,2,03中山區,中山區民族東路410巷與龍江路342巷口,0,0,1,1,B03,8,7,5,50,4,2,1,5,4,5,13,4,4,9,5,5,2,2,1,25,3,10,7,1,7,9,1,8,1,5,108,1,21,121.5383372,25.06557872
114,03,11,12,09,2,08士林區,士林區雨聲街105號,0,0,1,1,B03,7,6,5,50,14,9,1,5,4,5,13,4,4,9,4,5,1,16,1,72,3,10,3,4,7,5,1,8,1,8,8,1,21,121.5312338,25.1050232
114,03,11,12,55,2,01大同區,大同區民權西路與民權西路225巷口迴轉道,0,0,3,1,C03,8,6,5,50,3,1,1,5,4,5,13,1,1,1,4,5,2,16,2,25,2,7,6,1,7,5,1,10,2,14,8,1,21,121.5122267,25.0628764
114,03,11,13,08,2,01大同區,大同區重慶北路3段278之9號,0,0,2,1,A12,8,6,5,50,14,9,1,5,4,5,13,4,4,1,4,5,2,17,1,54,3,10,7,1,7,8,1,8,2,6,100,1,21,121.5137397,25.0725373
114,03,11,13,13,2,08士林區,士林區中山北路5段740巷與中山北路5段740巷10弄口,0,0,2,1,C03,8,6,5,30,4,1,1,5,4,5,13,4,4,10,5,5,1,15,1,40,2,9,5,1,7,9,1,10,1,14,72,1,21,121.5278725,25.0991731
114,03,11,13,25,2,06松山區,松山區民權東路3段103巷5弄171號,0,0,1,1,B12,8,6,5,30,14,9,1,5,4,5,13,4,4,10,5,5,2,16,1,64,3,10,7,4,7,15,1,8,1,5,5,1,21,121.5473559,25.0628009
114,03,11,13,34,2,04大安區,大安區和平東路3段與基隆路2段口,0,0,1,1,A02,8,5,5,50,4,2,1,5,4,5,13,2,1,1,4,1,2,17,1,47,3,10,3,4,7,9,1,2,1,1,16,1,21,121.5523108,25.0244344
114,03,11,13,35,2,08士林區,士林區承德路4段與大南路口,0,0,1,1,C03,8,6,5,0,4,1,1,5,4,5,13,2,1,1,4,5,1,38,2,33,2,9,6,1,7,15,3,18,1,11,108,1,21,121.5213898,25.0891431
114,03,11,13,59,2,07信義區,信義區信義路6段128號,0,0,1,1,C03,7,5,5,50,14,9,1,5,4,5,13,1,1,5,5,5,2,13,2,56,2,9,5,1,7,9,1,10,1,14,108,1,21,121.5783078,25.0361664
114,03,11,14,00,2,11南港區,南港區興東街7巷與南港路1段136巷6弄口,0,0,2,1,C03,7,6,5,30,4,2,1,5,4,5,13,4,4,5,5,5,2,11,1,32,2,7,5,1,7,9,1,10,1,11,108,1,21,121.6128633,25.055831
114,03,11,14,00,2,07信義區,信義區市民大道5段82號,0,0,1,1,B03,8,6,5,40,22,9,1,5,4,5,13,4,4,9,3,5,2,17,1,31,3,10,3,4,7,6,1,8,1,3,9,1,21,121.5668342,25.0484544
114,03,11,14,14,2,06松山區,松山區民權東路4段與敦化北路口口,0,0,1,1,D03,8,6,5,50,4,1,1,5,4,5,13,1,1,8,3,5,2,13,1,26,3,10,7,1,7,9,1,14,2,5,81,1,29,121.5511515,25.0616057
114,03,11,14,26,2,03中山區,中山區大直橋往南下坡處,0,0,1,1,C03,8,7,5,50,14,9,1,5,4,5,13,4,4,1,2,5,2,12,2,66,2,9,6,4,7,8,1,10,9,12,95,1,21,121.5442216,25.07259364
114,03,11,14,38,2,09北投區,北投區大業路527巷與大業路527巷口燈桿編號:1203999,0,0,3,1,C03,8,7,5,40,3,1,1,5,4,5,13,4,4,5,5,5,2,15,2,40,2,9,5,1,7,9,1,10,2,11,72,1,21,121.4865095,25.1356632
114,03,11,16,20,2,08士林區,士林區百齡橋東向西,0,0,1,1,C03,8,6,5,50,14,11,1,5,4,5,13,4,4,1,4,5,2,12,1,30,4,11,3,4,7,7,1,10,11,15,100,2,22,121.5139949,25.0895871
114,03,11,16,22,2,01大同區,大同區錦西街90號,0,0,1,1,C03,8,6,5,50,14,9,1,5,4,5,13,4,4,9,4,5,2,12,1,37,2,9,6,4,7,7,1,10,2,14,44,1,21,121.5185277,25.0602387
114,03,11,16,42,2,02萬華區,萬華區東園街120號,0,0,1,1,B01,7,7,5,40,14,9,1,5,4,5,13,4,4,9,5,5,2,17,1,45,3,10,7,1,7,11,1,4,1,7,10,1,21,121.4977035,25.023339
114,03,11,16,46,2,08士林區,士林區中正路與重慶北路4段口,,,2,1,C03,7,,,50,,,,,,,,,,,,,,,2,71,,,,,,,,,1,,,,,121.5097472,25.086686
114,03,11,16,46,2,08士林區,士林區中正路與重慶北路4段口,0,0,2,1,C03,8,5,5,50,4,1,1,5,4,5,13,4,4,1,5,5,1,17,2,71,2,9,5,1,7,15,1,10,1,12,72,1,21,121.5097629,25.0866932
114,03,11,16,51,2,01大同區,大同區寧夏路與涼州街口,0,0,1,1,B12,8,5,5,50,4,1,1,5,4,5,13,2,1,5,5,5,2,16,1,49,3,10,7,1,7,5,1,8,2,8,74,1,21,121.5151802,25.0609201
114,03,11,16,51,2,02萬華區,萬華區西藏路125巷31號,0,0,2,1,C03,8,7,5,30,14,9,1,5,4,5,13,4,4,10,5,5,2,12,1,76,2,9,5,4,7,9,1,10,1,12,108,1,22,121.5028781,25.0274644
114,03,11,17,00,2,09北投區,北投區明德路與明德路215巷口,0,0,1,1,C03,7,5,5,50,3,2,1,4,4,5,13,4,4,10,5,5,2,17,1,57,2,9,3,4,7,9,1,10,1,14,16,1,21,121.5216513,25.1122741
114,03,11,17,05,2,12內湖區,內湖區內湖路2段103巷126號對面,0,0,1,1,C03,7,5,5,30,14,9,1,5,4,5,13,1,1,9,5,5,2,12,2,65,2,9,6,1,7,12,1,10,1,11,108,1,21,121.5809463,25.0843227
114,03,11,17,06,2,04大安區,大安區忠孝東路3段251巷與忠孝東路3段251巷1弄口,0,0,1,1,C03,8,6,5,30,4,1,1,5,4,5,13,4,4,10,5,5,2,15,1,23,2,8,6,1,7,9,1,10,1,11,72,1,21,121.5416454,25.0420425
114,03,11,17,15,2,08士林區,士林區仰德大道1段與復興橋口,0,0,1,1,C03,7,6,5,50,5,2,1,5,4,5,13,1,1,5,2,5,2,17,2,19,2,9,6,1,7,9,1,10,9,14,16,1,22,121.5377224,25.1008533
114,03,11,17,18,2,02萬華區,萬華區和平西路3段與環河南路2段口,0,0,2,1,C03,8,5,8,50,22,22,1,5,4,5,13,4,4,10,5,5,2,17,2,74,2,9,3,4,7,11,3,18,1,14,103,1,21,121.4950276,25.035474
114,03,11,17,25,2,10文山區,文山區萬利街2巷與萬樂街口口,0,0,1,1,B03,8,6,5,30,3,1,1,5,4,5,13,4,4,10,5,5,2,16,1,69,3,10,7,1,7,5,1,8,2,1,72,1,21,121.5683225,24.9994794
114,03,11,17,33,2,04大安區,大安區建國南路1段275號,0,0,1,1,B03,8,6,5,50,14,9,1,5,4,5,13,2,1,9,4,5,1,12,1,35,3,10,3,4,7,8,1,8,1,2,100,1,21,121.5382345,25.0368021
114,03,11,17,50,2,10文山區,文山區木柵路5段0706950燈桿,0,0,1,1,B12,8,5,5,50,14,9,1,5,4,5,13,4,4,5,4,5,2,17,1,64,3,10,7,1,7,11,1,7,2,8,44,1,21,121.5898812,25.0004777
114,03,11,18,26,2,04大安區,大安區忠孝東路3段與建國南路1段口,0,0,1,1,C03,8,5,5,40,14,9,1,5,4,5,13,2,1,10,5,5,2,17,2,31,2,7,6,1,7,12,1,10,1,13,44,1,21,121.5367411,25.042074
114,03,11,18,37,2,01大同區,大同區昌吉街97號,0,0,1,1,C03,8,5,5,50,14,9,1,5,4,5,13,4,4,5,5,5,2,17,2,30,3,10,6,1,7,11,1,10,1,13,10,1,21,121.5124179,25.0659482
114,03,11,18,53,2,07信義區,信義區忠孝東路5段63號,0,0,1,1,B01,8,5,5,50,14,9,1,5,4,5,13,4,4,9,4,5,2,16,1,60,3,10,3,4,7,8,1,8,2,6,100,1,21,121.5666325,25.0411999
114,03,11,18,58,2,06松山區,松山區南京東路4段與敦化北路口,0,0,1,1,C03,8,5,5,50,4,1,1,5,4,5,13,1,1,1,4,5,2,13,1,73,2,7,5,1,7,9,1,10,1,14,16,1,21,121.5492837,25.0518131
114,03,11,20,50,2,03中山區,中山區民權東路3段75巷與復興北路430巷口,0,0,1,1,F03,7,5,5,30,4,1,1,5,4,5,13,3,1,9,5,5,2,16,1,25,3,10,5,4,7,9,8,20,2,17,72,1,22,121.5436866,25.063355
114,03,11,20,58,2,03中山區,中山區中原街與新生北路2段133巷口,0,0,1,1,B03,8,5,5,30,4,1,1,5,4,5,13,4,4,9,4,5,2,16,1,20,3,10,3,4,7,5,1,8,9,5,72,1,21,121.5289483,25.0608149
114,03,11,21,25,2,12內湖區,內湖區新明路355號,0,0,1,1,B03,8,5,5,50,14,9,1,5,4,5,13,4,4,9,4,5,2,16,1,45,3,10,7,1,7,1,1,8,2,5,19,1,21,121.5825463,25.0559995
114,03,11,21,58,2,03中山區,中山區長春路176號對面,0,0,1,1,B03,8,5,5,50,14,9,1,5,4,5,13,4,4,9,4,5,2,12,1,29,3,10,3,4,7,8,1,8,1,1,100,1,22,121.5341064,25.05489524
114,03,11,22,20,2,05中正區,中正區中華路1段與漢口街1段口,0,0,1,1,C03,8,5,5,50,4,1,1,5,4,5,13,2,1,1,4,5,2,16,2,28,2,9,5,1,7,9,1,10,2,11,81,1,22,121.5093277,25.04520581
114,03,11,22,45,2,05中正區,中正區衡陽路與桃源街口,0,0,2,1,C03,8,5,5,50,4,2,1,5,4,5,13,4,4,10,4,5,2,16,2,19,2,9,5,1,7,5,1,10,2,12,72,1,21,121.5099474,25.0422036
114,03,11,22,50,2,01大同區,大同區大稻埕堤外便道腳踏車道,0,0,2,1,H01,7,5,7,0,14,23,1,5,4,5,13,4,4,5,2,5,2,9,1,22,2,9,4,5,8,18,8,20,1,16,123,1,21,121.5051609,25.050159
114,03,11,22,59,2,09北投區,北投區吉利街與吉利街127巷口,0,0,2,1,C03,8,5,5,30,3,1,1,5,4,5,13,4,4,9,5,5,2,3,2,51,2,9,6,1,7,9,1,10,1,11,108,1,22,121.5070928,25.1185692