發生年度,發生月,發生日,發生時-Hours,發生分,處理別-編號,區序,肇事地點,死亡人數,2-30日死亡人數,受傷人數,當事人序號,車種,天候,光線,道路類別,速限-速度限制,道路型態,事故位置,路面狀況1,路面狀況2,路面狀況3,道路障礙1,道路障礙2,號誌1,號誌2,車道劃分-分向,車道劃分-分道1,車道劃分-分道2,車道劃分-分道3,事故類型及型態,性別,年齡,受傷程度,主要傷處,保護裝置,行動電話,車輛用途,當事者行動狀態,駕駛資格情形,駕駛執照種類,飲酒情形,車輛撞擊部位1,肇因碼-個別,個人肇逃否,職業,座標-X,座標-Y
114,03,19,12,40,2,02萬華區,萬華區環河南路1段與西園路1段34巷口,0,0,1,1,C03,8,6,5,50,3,1,1,5,4,5,13,4,4,9,4,5,1,17,1,58,3,10,5,1,7,5,1,10,1,14,8,1,22,121.4986473,25.0407971
114,03,19,13,02,2,08士林區,士林區東山路25巷81弄南往北1108292號燈桿,0,0,2,1,B01,8,5,8,30,12,9,1,5,4,5,13,4,4,10,5,5,2,10,1,68,3,10,3,4,7,9,1,4,1,1,81,1,22,121.5410004,25.12362294
114,03,19,13,22,2,01大同區,大同區太原路與太原路48巷口口,0,0,1,1,B01,8,6,5,50,3,1,1,5,4,5,13,4,4,9,5,5,2,14,1,48,3,10,7,1,7,2,1,4,1,3,12,1,21,121.5152436,25.0507613
114,03,19,13,24,2,03中山區,中山區樂群一路往西（上塔悠公園）,0,0,3,1,C03,8,6,5,50,14,9,1,5,4,5,13,4,4,1,3,5,2,13,2,18,2,9,6,4,7,12,1,10,2,13,42,1,21,121.5540274,25.0772417
114,03,19,13,59,2,09北投區,北投區光明路與光明路131巷口,0,0,2,1,C03,8,7,5,50,4,2,1,5,4,5,13,4,4,9,4,5,1,12,2,34,2,8,6,1,7,9,1,10,2,12,16,1,21,121.5022766,25.1341312
114,03,19,14,00,2,10文山區,文山區木柵路2段與木柵路2段54巷口,0,0,1,1,C03,7,6,5,50,3,1,1,5,4,5,13,1,1,5,3,5,2,12,2,20,2,9,6,1,7,7,1,10,1,12,100,1,21,121.5591122,24.9887704
114,03,19,14,08,2,03中山區,中山區民生西路66巷13號,0,0,1,1,B02,8,6,5,30,14,9,1,5,4,5,13,4,4,10,5,5,2,17,1,63,3,10,7,1,7,14,1,8,9,2,40,1,21,121.5208207,25.0573652
114,03,19,14,11,2,09北投區,北投區大業路與北投路2段口,0,0,2,1,B03,8,7,5,50,4,1,1,5,4,5,13,2,1,5,5,5,2,16,2,43,3,10,7,1,7,6,1,8,1,2,9,1,22,121.4975053,25.1326447
114,03,19,14,33,2,05中正區,中正區銅山街與泰安街口,0,0,1,1,B02,7,6,5,30,4,1,1,5,4,5,13,4,4,10,5,5,2,15,2,26,3,10,7,1,7,9,1,8,2,1,72,1,21,121.52793,25.0396737
114,03,19,14,52,2,04大安區,大安區羅斯福路2段41號,0,0,1,1,B01,7,5,5,50,14,9,1,5,4,5,13,4,4,1,4,5,1,17,1,30,3,10,7,1,7,14,1,4,1,2,40,1,21,121.5222077,25.0275577
114,03,19,14,53,2,12內湖區,內湖區新明路與新明路380巷口,0,0,1,1,C03,8,6,5,30,4,2,1,5,4,5,13,4,4,10,5,5,2,17,2,34,2,9,6,1,7,9,1,10,2,14,72,1,21,121.5804393,25.05473511
114,03,19,15,31,2,01大同區,大同區忠孝西路2段與環河北路1段口,0,0,2,1,C03,8,6,5,50,3,1,1,5,4,5,13,1,1,5,4,5,2,17,1,69,2,3,6,1,7,9,1,10,2,12,17,1,21,121.5062795,25.0490821
114,03,19,15,46,2,03中山區,中山區市民大道2段往西第194號燈桿前,0,0,2,1,C03,8,6,5,40,14,9,1,5,4,5,13,4,4,1,4,5,2,13,1,72,2,9,6,1,7,9,1,10,1,11,14,1,22,121.5228613,25.0480143
114,03,19,16,20,2,04大安區,大安區和平東路1段與金山南路2段口,0,0,1,1,C01,7,7,5,50,3,2,1,5,4,5,13,2,1,1,4,4,1,17,1,59,2,9,6,1,7,6,3,18,1,14,44,1,21,121.5259878,25.0270433
114,03,19,16,25,2,05中正區,中正區金山北路迴轉道,0,0,1,1,B03,8,7,5,50,14,9,1,5,4,5,13,4,4,10,5,5,2,17,2,63,3,10,7,1,7,5,1,8,1,4,8,1,21,121.530285,25.0450633
114,03,19,16,25,2,08士林區,士林區萬溪產業道路1111751燈桿,0,0,2,1,C03,7,5,8,30,22,22,1,5,4,5,13,4,4,10,5,5,1,10,1,21,2,9,5,1,7,9,1,10,2,11,42,1,21,121.5924605,25.1258879
114,03,19,16,26,2,01大同區,大同區南京西路325之2號與大稻埕堤外便道口,0,0,1,1,C03,8,5,5,40,14,9,1,5,4,5,13,2,1,10,5,5,2,13,1,19,3,10,5,1,7,12,1,10,1,13,44,1,22,121.5072771,25.0538357
114,03,19,16,35,2,03中山區,中山區南京東路3段與建國北路2段口,0,0,1,1,B03,8,6,5,50,4,1,1,5,4,5,13,1,1,10,4,5,2,17,1,57,4,11,7,1,7,15,7,19,11,15,118,2,21,121.537014,25.05211144
114,03,19,16,41,2,04大安區,大安區仁愛路3段與復興南路1段口,0,0,1,1,B01,8,6,5,50,14,9,1,5,4,5,13,2,1,1,4,5,2,13,1,37,3,10,7,1,7,9,1,4,1,1,108,1,21,121.5436001,25.0384121
114,03,19,16,46,2,08士林區,士林區延平北路5段與中正路口,0,0,1,1,C03,8,6,5,50,4,1,1,5,4,5,13,2,1,1,4,5,1,16,1,56,3,10,5,1,7,5,1,10,1,12,71,1,21,121.5093637,25.0866105
114,03,19,16,56,2,02萬華區,萬華區西寧南路與洛陽街口,0,0,2,1,C03,8,7,5,50,4,1,1,5,4,5,13,1,1,5,4,5,2,13,2,48,2,8,5,1,7,9,1,10,1,11,16,1,21,121.5073384,25.0475954
114,03,19,17,42,2,07信義區,信義區基隆路1段176號,0,0,1,1,B03,8,7,5,50,14,9,1,5,4,5,13,4,4,9,4,5,2,13,1,41,3,10,3,4,7,9,1,8,2,1,108,1,21,121.5649868,25.042285
114,03,19,17,52,2,10文山區,文山區試院路與試院路1巷口,0,0,2,1,B03,7,6,5,30,3,1,1,5,4,5,12,4,4,10,5,5,2,17,2,64,2,8,7,1,7,1,1,14,1,1,19,1,21,121.5488118,24.9878681
114,03,19,17,55,2,11南港區,南港區忠孝東路6段與永吉路口口,0,0,1,1,C03,8,5,5,50,5,2,1,5,4,5,13,2,1,1,4,5,2,12,2,48,2,9,3,4,7,4,1,10,1,11,108,1,22,121.5827111,25.0454747
114,03,19,17,56,2,04大安區,大安區通化街與通化街39巷口,0,0,1,1,B03,7,5,5,50,4,1,1,5,4,5,13,4,4,5,5,5,2,13,2,35,3,10,7,1,7,14,1,8,1,4,44,1,21,121.554269,25.0309014
114,03,19,18,03,2,02萬華區,萬華區昆明街與康定路25巷口,0,0,1,1,B01,7,5,5,50,3,1,1,5,4,5,13,4,4,10,4,5,2,17,1,60,3,10,7,1,7,14,1,4,1,4,38,1,21,121.504923,25.043464
114,03,19,18,17,2,04大安區,大安區和平東路1段8號,0,0,2,1,C03,7,5,5,40,14,8,1,5,4,3,10,4,4,1,4,4,2,17,1,46,2,8,3,4,7,9,1,10,1,11,108,1,22,121.5235041,25.0269148
114,03,19,18,32,2,11南港區,南港區重陽路120號與重陽路口車道口,0,0,1,1,B03,7,5,5,40,3,2,1,5,4,5,13,4,4,4,4,4,2,17,2,60,3,10,3,4,7,1,1,8,1,1,19,1,21,121.5995756,25.0567887
114,03,19,18,58,2,09北投區,北投區榮華三路14巷與富貴一路1巷口,0,0,2,1,C03,7,7,5,30,4,1,1,5,4,5,13,4,4,10,5,5,2,15,1,62,2,9,5,1,7,9,1,10,1,14,72,1,21,121.5231205,25.11424391
114,03,19,19,01,2,02萬華區,萬華區西園路2段與西藏路口,0,0,1,1,C03,7,5,5,50,4,1,1,5,4,5,13,2,1,1,4,5,2,16,1,65,3,10,3,4,7,8,1,10,1,12,100,1,22,121.4958545,25.0287644
114,03,19,19,07,2,10文山區,文山區興隆路4段與興隆路4段58巷口,0,0,3,1,C03,7,5,5,50,3,1,1,5,4,5,13,2,1,10,5,5,2,16,1,72,2,9,3,4,7,5,1,10,2,12,71,1,22,121.5612822,24.985551
114,03,19,19,20,2,12內湖區,內湖區民權大橋往松山,0,0,2,1,C03,8,5,5,30,8,11,1,5,4,5,13,4,4,1,4,5,2,17,1,28,2,9,6,1,7,9,1,10,2,14,108,1,21,121.5689994,25.0640199
114,03,19,19,25,2,12內湖區,內湖區民權大橋東向西機慢車專用道,0,0,1,1,C03,8,5,5,30,8,11,1,5,4,5,13,4,4,1,2,5,2,13,1,24,2,9,6,1,7,9,1,10,2,11,108,1,21,121.5700599,25.0638032
114,03,19,19,48,2,07信義區,信義區松山路540巷與虎林街口口,0,0,1,1,C03,7,5,5,30,4,1,1,5,4,5,13,4,4,10,5,5,2,17,1,42,2,9,3,4,7,14,1,10,1,13,38,1,22,121.5772467,25.0373484
114,03,19,19,49,2,07信義區,信義區松仁路與吳興街口,0,0,1,1,B03,8,5,5,50,5,19,1,5,4,5,13,1,1,8,5,5,2,3,1,35,3,10,3,4,7,9,1,8,1,8,108,1,22,121.5699355,25.0239122
114,03,19,20,00,2,05中正區,中正區林森南路與徐州路口,0,0,2,1,C03,8,5,6,50,4,1,1,5,4,5,13,1,1,5,4,5,2,12,1,30,2,8,5,1,7,9,1,10,1,14,77,1,21,121.5222743,25.0412103
114,03,19,21,13,2,05中正區,中正區汀州路3段101號前,0,0,2,1,C03,7,5,5,50,14,9,1,5,4,5,13,2,1,4,5,5,1,16,1,24,2,9,5,1,7,11,1,10,1,14,10,1,21,121.5295187,25.0169886
114,03,19,21,15,2,11南港區,南港區向陽路258巷與松河街口重陽路125巷,0,0,1,1,,8,5,5,40,5,2,1,5,4,5,13,1,1,5,4,5,2,27,3,62,,,,,,,,,10,,66,1,,121.5974133,25.0584854
114,03,19,21,36,2,02萬華區,萬華區和平西路3段與昆明街口,0,0,2,1,C03,8,5,5,50,5,1,1,5,4,5,13,1,1,1,3,1,2,17,1,44,2,8,5,1,7,5,1,10,1,14,96,1,22,121.5032446,25.0352897
114,03,19,22,02,2,03中山區,中山區松江路與南京東路2段口,0,0,1,1,C03,8,5,5,50,14,9,1,5,4,5,13,1,1,1,4,5,2,18,2,48,2,9,5,1,7,9,1,10,1,14,42,1,21,121.5330883,25.0516503
114,03,20,01,26,2,02萬華區,萬華區桂林路127巷與桂林路口,0,0,2,1,C03,8,5,5,30,3,1,1,5,4,5,13,4,4,5,5,4,2,17,1,63,2,8,5,1,7,5,1,10,1,14,73,1,21,121.5002108,25.038469
114,03,20,06,36,2,10文山區,文山區木柵路4段與木柵路4段149巷口,0,0,1,1,B03,8,6,5,50,3,1,1,5,4,5,13,4,4,5,4,5,2,17,2,37,3,10,3,4,7,5,1,8,1,5,108,1,22,121.5754013,24.9992772
114,03,20,07,06,2,12內湖區,內湖區康寧路1段176巷與康寧路1段164巷1弄口,0,0,3,1,C03,8,7,5,30,3,1,1,5,4,5,10,4,4,10,5,5,2,16,1,58,2,8,5,1,7,1,1,10,2,12,19,1,21,121.5947059,25.0786289
114,03,20,07,27,2,03中山區,中山區北安路85號對面,0,0,1,1,C03,8,7,5,50,14,9,5,5,4,5,13,4,4,10,5,5,2,13,2,19,2,9,5,1,7,9,1,10,1,11,16,1,21,121.5293309,25.07779815
114,03,20,07,37,2,01大同區,大同區昌吉街與伊寧街75巷口口,0,0,2,1,C03,8,5,5,50,3,2,1,5,4,5,13,4,4,9,4,5,2,13,1,25,2,8,5,1,7,6,1,10,2,13,9,1,22,121.5103397,25.0658714
114,03,20,07,51,2,10文山區,文山區萬芳路18號,0,0,1,1,A11,8,5,5,50,14,9,1,5,4,5,13,4,4,5,4,5,2,17,1,43,3,10,7,1,6,9,1,2,2,1,108,1,21,121.5706531,24.9958949
114,03,20,08,00,2,10文山區,文山區秀明路1段與秀明路1段119巷口,0,0,2,1,C03,7,6,6,50,3,4,1,5,4,5,13,1,1,1,4,4,2,13,2,54,2,9,6,1,7,8,1,10,1,11,108,1,21,121.5696426,24.991645
114,03,20,08,24,2,03中山區,中山區中山北路1段與長安西路口,0,0,2,1,C03,8,7,5,50,4,1,1,5,4,5,13,2,1,5,4,5,2,12,2,60,2,7,6,4,7,15,1,10,9,12,108,1,21,121.5183568,25.04847309
114,03,20,08,24,2,06松山區,松山區撫遠街與富錦街口,0,0,1,1,H01,8,6,5,0,4,18,1,5,4,5,13,2,1,1,3,5,2,3,1,84,2,9,4,5,8,18,8,20,10,16,121,1,22,121.5664556,25.0616898
114,03,20,08,24,2,08士林區,士林區承德路5段78號對面,0,0,2,1,C03,8,6,5,40,14,8,1,5,4,5,13,4,4,1,4,4,2,17,2,58,2,9,6,4,7,9,1,10,1,15,108,1,21,121.515321,25.0933578
114,03,20,08,53,2,07信義區,信義區信義路6段與信義路6段26巷口,0,0,1,1,F01,8,7,5,50,4,1,1,5,4,5,13,1,1,5,4,5,2,12,4,0,,,,,,,,,,,119,2,,121.5752842,25.0340771
114,03,20,08,57,2,01大同區,大同區承德路2段與民生西路口,0,0,3,1,C03,8,6,5,50,4,1,1,5,4,5,13,2,1,5,4,5,2,17,1,27,2,9,6,4,7,9,1,10,2,11,81,1,22,121.5181766,25.0573434
114,03,20,09,00,2,11南港區,南港區南港路2段292號,0,0,1,1,C03,8,7,5,50,14,9,1,5,4,5,13,4,4,5,5,5,2,13,1,40,2,8,5,1,7,9,1,10,2,11,108,1,21,121.5960043,25.0544054
114,03,20,09,10,2,05中正區,中正區市民大道1段西往東M1出口,0,0,2,1,C03,8,6,5,40,14,9,1,5,4,5,13,4,4,1,4,5,2,16,2,28,3,10,6,1,7,15,1,10,2,13,100,1,21,121.5188447,25.0482774
114,03,20,09,15,2,12內湖區,內湖區內湖路2段179巷與金龍隧道口,0,0,1,1,F03,8,6,5,50,3,2,1,5,4,5,13,2,1,5,4,5,2,17,2,74,2,9,5,1,7,5,8,20,2,14,17,1,21,121.5853525,25.08445754
114,03,20,09,15,2,07信義區,信義區信義路5段詮營停車場出入口,0,0,1,1,B03,7,6,5,50,14,9,1,5,4,5,13,4,4,3,4,5,2,16,1,36,3,10,7,1,7,6,1,8,1,2,9,1,21,121.5649745,25.0328151
114,03,20,09,25,2,04大安區,大安區安和路2段與文昌街口,0,0,1,1,B03,8,7,5,50,4,2,1,5,4,5,13,1,1,5,4,5,2,16,1,66,3,10,7,1,7,6,1,8,1,2,9,1,21,121.5523757,25.0326824
114,03,20,09,33,2,04大安區,大安區忠孝東路4段與敦化南路1段口,0,0,1,1,B03,7,5,5,50,4,1,1,5,4,5,13,4,4,1,4,1,1,17,1,68,3,10,7,1,7,6,1,8,1,3,9,1,21,121.5489279,25.0416501
114,03,20,09,46,2,06松山區,松山區民生東路5段與民生東路5段177巷口,0,0,1,1,C03,8,6,5,30,4,1,1,5,4,5,13,2,1,1,3,5,2,15,1,30,2,9,6,1,7,9,1,10,1,11,81,1,22,121.5649193,25.0589729
114,03,20,09,57,2,04大安區,大安區和平東路3段51號,0,0,1,1,B03,8,6,5,50,14,9,1,5,4,5,13,4,4,1,4,5,2,17,1,40,3,10,7,1,7,6,1,8,1,2,9,1,21,121.5478708,25.0247069
114,03,20,10,00,2,12內湖區,內湖區瑞湖街與陽光街321巷口,0,0,1,1,B12,8,7,5,50,4,1,1,5,4,5,13,2,1,5,5,5,2,17,1,52,3,10,7,1,7,5,1,4,1,17,8,1,21,121.5764347,25.0713645
114,03,20,10,06,2,04大安區,大安區敦化南路1段與敦化南路1段190巷口,0,0,1,1,C03,8,6,5,50,4,2,1,5,4,5,13,1,1,1,4,5,2,16,1,63,2,9,5,1,7,9,1,10,1,12,108,1,21,121.548637,25.0423755
114,03,20,10,08,2,12內湖區,內湖區康寧路3段捷運葫洲站二號出口,0,0,1,1,A02,7,6,5,40,14,8,1,5,4,5,13,4,4,1,4,4,2,9,2,63,3,10,7,1,7,14,1,2,9,15,40,1,21,121.6072598,25.0725934
114,03,20,10,10,2,09北投區,北投區崇仁路1段61號,0,0,2,1,C03,7,7,5,50,14,9,1,5,4,5,13,4,4,9,2,5,1,16,1,76,2,9,5,1,7,4,1,10,1,11,94,1,21,121.5016321,25.1258591
114,03,20,10,30,2,08士林區,士林區百齡橋東往西,0,0,1,1,B03,8,5,5,50,8,9,1,5,4,5,13,4,4,1,4,5,2,13,1,53,3,10,3,4,7,9,1,8,1,1,16,1,22,121.5116225,25.08434091
114,03,20,10,45,2,03中山區,中山區建國北路2段與民生東路3段口,0,0,1,1,A31,8,7,5,50,4,1,1,5,4,5,13,2,1,1,4,5,2,17,1,34,3,10,7,1,1,9,1,1,9,17,44,1,21,121.5371632,25.0580018
114,03,20,11,00,2,07信義區,信義區信義路5段18號,0,0,1,1,F01,8,7,5,0,22,20,4,5,4,5,13,4,4,10,5,5,2,18,2,73,2,9,4,4,7,9,8,20,9,14,42,1,22,121.5638302,25.0328205
114,03,20,11,30,2,04大安區,大安區復興南路1段165號,0,0,1,1,B03,7,6,5,50,14,9,1,5,4,5,13,4,4,1,4,5,2,17,2,32,3,10,3,4,7,8,1,8,1,7,100,1,22,121.5437094,25.0414766
114,03,20,11,30,2,12內湖區,內湖區內湖路2段與內湖路2段434巷口口,0,0,2,1,C03,8,6,5,50,4,1,1,5,4,5,13,2,1,5,5,5,2,16,1,27,2,9,5,1,7,9,1,10,1,12,108,1,21,121.59222,25.0835335
114,03,20,12,05,2,05中正區,中正區鄭州路與鄭州路附近側附近口地下街Y12出口前,0,0,1,1,C03,8,5,5,40,14,9,1,5,4,5,13,4,4,1,4,5,1,17,1,23,2,8,5,1,7,12,1,10,1,11,16,1,21,121.5155261,25.048804
114,03,20,12,14,2,07信義區,信義區松壽路2號,0,0,1,1,B03,8,6,5,50,14,9,1,5,4,5,13,4,4,9,4,5,2,17,1,53,3,10,7,1,7,8,1,8,1,17,100,1,21,121.562371,25.0358615
114,03,20,12,32,2,02萬華區,萬華區中華路1段與長沙街2段口,0,0,1,1,C03,8,7,5,50,4,1,1,5,4,5,13,1,1,1,3,1,2,13,2,19,3,10,6,1,7,9,1,10,1,11,16,1,21,121.5076776,25.04075
114,03,20,12,34,2,06松山區,松山區八德路2段366巷40弄與八德路2段366巷口,0,0,1,1,B03,8,7,5,30,4,1,1,5,4,5,13,4,4,10,5,5,2,15,1,33,3,10,7,1,7,9,1,8,1,5,75,1,22,121.5460084,25.0463884
114,03,20,12,40,2,02萬華區,萬華區艋舺大道與艋舺大道326巷口,0,0,1,1,C03,8,7,5,50,3,2,1,5,4,5,13,4,4,1,4,4,2,13,1,72,3,10,5,1,7,6,1,10,1,13,16,1,21,121.496258,25.0327381
114,03,20,12,47,2,03中山區,中山區新生北路2段林森公園旁,0,0,2,1,C03,8,7,5,50,14,9,1,5,4,5,13,4,4,1,4,5,2,12,2,60,2,9,6,1,7,8,1,10,1,12,100,1,21,121.5273734,25.0530826
114,03,20,12,47,2,03中山區,中山區長安東路1段27號對面,0,0,1,1,C03,7,5,5,50,14,9,1,5,4,5,13,1,1,9,4,5,2,17,1,43,3,10,3,4,7,12,1,10,9,17,14,1,22,121.5211803,25.0500253
114,03,20,12,53,2,06松山區,松山區塔悠路與撫遠街211巷口,0,0,1,1,B02,7,6,5,50,3,1,1,5,4,5,13,4,4,1,4,5,2,16,1,38,3,10,7,1,7,6,1,8,1,6,9,1,21,121.5686709,25.06069182
114,03,20,13,00,2,11南港區,南港區忠孝東路6段與忠孝東路6段159巷口,0,0,1,1,C03,8,7,5,40,14,8,1,5,4,5,13,4,4,5,5,4,2,13,2,24,2,8,5,1,7,9,1,10,1,11,108,1,21,121.5865687,25.0487597
114,03,20,13,20,2,10文山區,文山區興隆路4段103號對面,0,0,1,1,C03,8,6,5,50,14,9,1,5,4,5,13,4,4,1,4,5,2,13,1,22,2,9,3,4,7,9,1,10,2,11,16,1,22,121.5604112,24.9879951
114,03,20,13,21,2,06松山區,松山區光復南路66巷與光復南路32巷16弄口,0,0,1,1,C03,8,6,5,30,4,1,1,5,4,5,13,4,4,10,4,5,2,15,2,66,2,8,6,4,7,9,1,10,1,11,72,1,22,121.5566296,25.04524731
114,03,20,13,24,2,05中正區,中正區新生南路1段52巷與新生南路1段口,0,0,1,1,C03,8,7,5,50,3,1,1,5,4,5,13,4,4,1,5,5,2,17,1,51,3,10,5,1,7,6,1,10,9,17,44,1,21,121.5325328,25.0361288
114,03,20,13,45,2,09北投區,北投區中央北路1段73號,0,0,1,1,B03,8,7,5,50,14,9,1,5,4,5,13,3,1,5,4,5,2,17,2,64,3,10,7,1,7,11,1,8,1,7,10,1,22,121.5002174,25.1343393
114,03,20,13,45,2,07信義區,信義區光復南路與光復南路346巷口,0,0,1,1,B03,8,7,5,50,3,1,1,5,4,5,13,4,4,9,4,5,2,13,2,54,3,10,7,1,7,5,1,8,1,1,108,1,21,121.5576061,25.0383604
114,03,20,14,04,2,10文山區,文山區和平東路4段與萬美街1段口,0,0,1,1,C03,8,5,5,40,3,1,1,5,4,5,13,2,1,10,5,5,1,13,2,25,2,8,6,1,7,9,1,10,2,11,108,1,21,121.5719194,25.002298
114,03,20,14,10,2,08士林區,士林區東山路25巷81弄72號燈桿,0,0,2,1,C03,8,7,5,30,11,9,1,5,4,5,13,4,4,10,5,5,1,17,1,22,3,10,3,4,7,9,1,10,1,17,5,1,22,121.5406716,25.1257704
114,03,20,14,13,2,02萬華區,萬華區環河南路3段141號,0,0,2,1,B12,8,7,5,50,14,9,1,5,4,5,13,4,4,10,3,5,2,16,1,44,3,10,7,1,7,1,1,8,1,8,19,1,21,121.4913741,25.02339598
114,03,20,14,14,2,12內湖區,內湖區安康路與安康路22巷口,0,0,3,1,C03,8,6,5,50,4,2,1,5,4,5,13,2,1,5,4,5,2,17,1,56,2,7,6,1,7,9,1,10,2,13,118,1,21,121.5936908,25.0625261
114,03,20,14,15,2,05中正區,中正區忠孝西路1段100號,0,0,1,1,B13,8,7,5,50,14,9,1,5,4,5,13,4,4,1,4,5,2,17,1,27,3,10,7,1,7,14,1,8,1,4,40,1,21,121.5127135,25.0472701
114,03,20,14,45,2,03中山區,中山區中山北路2段145號,0,0,2,1,C03,8,7,5,50,14,9,1,5,4,5,13,4,4,9,4,5,2,13,1,30,2,8,6,1,7,9,1,10,1,11,76,1,21,121.5229382,25.06200173
114,03,20,15,21,2,06松山區,松山區南京東路4段與北寧路口,0,0,1,1,B03,8,7,5,40,4,1,1,5,4,5,13,2,1,9,4,4,2,17,2,37,3,10,7,1,7,6,1,8,2,17,9,1,22,121.5526238,25.0515524
114,03,20,15,35,2,08士林區,士林區光華路61巷4弄1108382燈桿,0,0,2,1,C03,8,6,5,30,11,9,1,5,4,5,13,4,4,10,5,5,2,11,1,18,2,9,3,4,7,15,1,10,1,11,118,1,21,121.5381525,25.13359875
114,03,20,15,43,2,03中山區,中山區農安街273號,0,0,1,1,C03,7,5,5,50,14,9,1,5,4,5,13,4,4,5,4,5,2,12,1,66,3,10,3,4,7,8,1,10,1,14,100,1,21,121.5361493,25.0647817
114,03,20,15,49,2,02萬華區,萬華區中華路2段與中華路2段130巷口,0,0,2,1,G06,7,6,5,30,4,1,1,5,4,5,13,4,4,5,4,5,2,17,1,70,2,9,6,1,7,15,8,20,1,16,42,1,21,121.504115,25.0307789
114,03,20,15,52,2,05中正區,中正區金門街與金門街24巷口口,0,0,1,1,B12,8,6,5,30,4,1,1,5,4,5,13,4,4,10,5,5,1,15,1,63,3,10,7,1,7,9,1,8,2,1,72,1,21,121.5233541,25.0212523
114,03,20,15,54,2,07信義區,信義區松仁路與莊敬路423巷8弄口,0,0,1,1,C03,8,5,5,50,4,1,1,5,4,5,13,2,1,9,4,5,2,13,2,21,2,9,6,1,7,9,1,10,1,11,16,1,22,121.5683963,25.0283727
114,03,20,16,04,2,07信義區,信義區吳興街與吳興街320巷口,0,0,1,1,C04,8,7,5,30,3,2,1,5,4,5,13,4,4,10,5,5,2,17,2,47,3,10,6,1,7,6,1,10,1,17,9,1,21,121.5654171,25.0260989
114,03,20,16,24,2,07信義區,信義區莊敬路與吳興街269巷口,0,0,1,1,B01,8,6,5,30,3,2,1,5,4,5,13,4,4,9,5,5,2,17,1,64,3,10,7,1,7,5,1,4,1,1,72,1,22,121.5650692,25.0276029
114,03,20,16,33,2,12內湖區,內湖區潭美街785號,0,0,1,1,B03,8,7,5,40,3,1,1,5,4,5,13,3,1,5,5,5,2,16,1,52,3,10,7,1,7,5,1,8,1,8,86,1,21,121.6093952,25.0633513
114,03,20,16,51,2,04大安區,大安區敦化南路2段77號,0,0,2,1,B01,7,6,5,50,14,9,1,5,4,5,13,4,4,1,4,5,2,16,1,59,3,10,3,4,7,7,1,4,1,6,100,1,21,121.5490305,25.0302412
114,03,20,16,57,2,07信義區,信義區基隆路1段364巷與光復南路421巷6弄口,0,0,1,1,C03,7,6,5,30,3,1,1,5,4,5,13,4,4,10,5,5,2,3,1,41,3,10,6,1,7,9,1,10,2,11,70,1,21,121.5583907,25.0351939
114,03,20,17,00,2,08士林區,士林區仰德大道2段與仰德大道2段11巷口,0,0,1,1,B03,7,5,8,40,22,22,1,5,4,3,12,4,4,4,5,5,1,17,1,30,3,10,7,1,7,5,1,8,1,1,42,1,21,121.5193614,25.09615093
114,03,20,17,15,2,07信義區,信義區市民大道6段與虎林街口,0,0,1,1,C03,8,7,5,40,4,1,1,5,4,5,13,2,1,1,4,4,2,15,1,63,3,10,6,1,7,9,1,10,2,17,81,1,22,121.5759493,25.0491411
114,03,20,17,16,2,03中山區,中山區民權東路2段145號,0,0,2,1,C03,8,6,5,50,14,9,1,5,4,5,13,4,4,1,3,5,1,12,2,35,2,7,3,4,7,8,1,10,1,14,108,1,21,121.5358183,25.0625309
114,03,20,17,18,2,04大安區,大安區基隆路2段與通化街171巷口,0,0,2,1,B03,7,5,5,50,4,1,1,5,4,5,13,1,1,1,3,5,1,17,2,30,3,10,7,1,7,6,1,8,9,17,9,1,21,121.5560205,25.0275466
114,03,20,17,23,2,12內湖區,內湖區康寧路3段245巷56號,0,0,1,1,C03,7,5,5,50,14,9,1,5,4,5,13,4,4,5,5,5,1,12,2,44,3,10,5,1,7,9,1,10,1,14,4,1,21,121.6130687,25.066497
114,03,20,17,37,2,04大安區,大安區信義路4段53巷與復興南路1段295巷口,0,0,1,1,C03,8,6,5,30,4,1,1,5,4,5,13,4,4,9,5,5,1,15,1,41,3,10,3,4,7,9,1,10,1,12,75,1,21,121.5451354,25.0351368
114,03,20,17,38,2,04大安區,大安區和平東路1段177號,0,0,1,1,B01,8,7,5,50,14,7,1,5,4,5,13,4,4,1,4,4,2,13,1,64,3,10,7,1,7,9,1,4,1,1,16,1,21,121.5325686,25.0263567
114,03,20,17,52,2,02萬華區,萬華區中華路1段66號,0,0,2,1,C03,8,7,5,50,14,9,1,5,4,5,13,4,4,1,4,5,2,13,2,50,2,8,5,1,7,9,1,10,1,11,16,1,21,121.5094293,25.0468048
114,03,20,17,54,2,09北投區,北投區大度路與中央北路2段257巷口,0,0,2,1,B03,8,6,5,70,4,2,1,5,4,5,13,1,1,1,2,1,1,16,1,72,3,10,7,1,7,6,1,8,1,6,9,1,21,121.4862832,25.1221181
114,03,20,17,56,2,06松山區,松山區八德路3段12巷與八德路3段12巷52弄口,0,0,3,1,F03,8,6,5,30,4,2,1,5,4,5,13,4,4,8,3,5,1,3,1,79,2,8,3,1,7,9,8,20,11,11,70,1,21,121.5506103,25.046152
114,03,20,18,18,2,08士林區,士林區仰德大道3段119號,0,0,1,1,B03,7,5,5,40,14,9,1,5,4,5,13,4,4,4,5,5,1,17,2,54,3,10,7,1,7,8,1,8,1,2,100,1,21,121.5521833,25.1220221