發生年度,發生月,發生日,發生時-Hours,發生分,處理別-編號,區序,肇事地點,死亡人數,2-30日死亡人數,受傷人數,當事人序號,車種,天候,光線,道路類別,速限-速度限制,道路型態,事故位置,路面狀況1,路面狀況2,路面狀況3,道路障礙1,道路障礙2,號誌1,號誌2,車道劃分-分向,車道劃分-分道1,車道劃分-分道2,車道劃分-分道3,事故類型及型態,性別,年齡,受傷程度,主要傷處,保護裝置,行動電話,車輛用途,當事者行動狀態,駕駛資格情形,駕駛執照種類,飲酒情形,車輛撞擊部位1,肇因碼-個別,個人肇逃否,職業,座標-X,座標-Y
114,03,20,18,40,2,05中正區,中正區重慶南路3段166號前,0,0,2,1,C03,8,5,5,50,4,2,1,5,4,5,13,1,1,2,4,5,2,17,2,24,2,9,6,1,7,9,1,10,1,11,81,1,22,121.5167691,25.0233625
114,03,20,18,41,2,10文山區,文山區萬美街2段與興德路口,0,0,2,1,B03,8,5,5,40,3,2,1,5,4,5,13,3,1,4,5,4,2,16,1,61,3,10,7,1,7,8,1,8,1,5,100,1,21,121.5588901,25.0056984
114,03,20,19,00,2,01大同區,大同區承德路3段與酒泉街口,0,0,1,1,B12,8,5,5,50,4,1,1,5,4,5,13,1,1,1,4,5,2,12,1,41,3,10,7,1,7,9,1,8,1,2,17,1,21,121.5185079,25.0703831
114,03,20,19,05,2,06松山區,松山區八德路4段245巷與八德路4段口,0,0,2,1,B02,8,5,5,50,3,1,1,5,4,5,13,1,1,8,3,5,1,16,1,59,3,10,3,1,7,5,1,8,1,2,71,1,21,121.5648995,25.0489624
114,03,20,19,31,2,02萬華區,萬華區西園路1段與長沙街2段口,0,0,1,1,B01,8,5,5,50,4,18,1,5,4,5,13,1,1,9,4,5,2,3,1,68,3,10,7,4,7,5,1,4,2,8,70,1,21,121.5000274,25.0411638
114,03,20,19,33,2,05中正區,中正區貴陽街1段與公園路口,0,0,2,1,C03,8,5,5,50,4,1,1,5,4,5,13,2,1,9,4,5,2,16,1,57,2,8,5,1,7,5,1,10,1,12,71,1,21,121.515213,25.0386098
114,03,20,20,57,2,02萬華區,萬華區西園路2段與東園街口,0,0,1,1,B03,8,5,5,50,3,2,1,5,4,5,13,1,1,9,4,5,2,17,1,24,3,10,7,4,7,7,1,8,1,8,44,1,21,121.4955039,25.0285036
114,03,20,21,00,2,01大同區,大同區民生西路與民樂街口,0,0,2,1,C03,8,5,5,50,4,1,1,5,4,5,13,1,1,5,4,5,2,16,2,45,2,9,5,1,7,10,1,8,1,14,100,1,21,121.5105343,25.0569496
114,03,20,21,07,2,03中山區,中山區中山北路2段與錦州街口,0,0,2,1,B01,8,5,5,50,4,1,1,5,4,5,13,2,1,1,4,5,2,17,1,41,3,10,3,4,7,8,1,4,1,6,100,1,21,121.5230803,25.06036245
114,03,20,21,07,2,06松山區,松山區民權東路5段40號,0,0,1,1,C03,7,5,5,50,14,9,1,5,4,5,13,1,1,1,3,5,2,16,2,71,2,9,5,1,7,5,1,10,2,13,96,1,26,121.5647228,25.0630372
114,03,20,21,30,2,09北投區,北投區文林北路152號,0,0,1,1,C03,7,5,5,50,14,7,1,5,4,5,13,4,4,1,4,1,2,13,2,22,2,9,6,1,7,9,1,10,1,11,108,1,21,121.5163177,25.1064825
114,03,20,21,40,2,06松山區,松山區光復北路與光復北路11巷口,0,0,1,1,B12,7,5,5,50,4,1,1,5,4,5,13,2,1,1,4,5,2,15,1,56,3,10,7,1,7,15,1,8,1,6,71,1,26,121.5579042,25.0491511
114,03,20,22,39,2,07信義區,信義區信安街202號,0,0,1,1,B03,8,5,5,50,14,9,1,5,4,5,13,4,4,9,4,5,2,17,1,46,3,10,7,1,7,1,1,8,7,4,21,1,22,121.5549006,25.022646
114,03,20,22,57,2,04大安區,大安區基隆路3段與長興街口,0,0,1,1,B03,7,5,5,50,4,2,1,5,4,5,13,1,1,1,4,5,2,16,2,67,3,10,3,4,7,7,1,8,1,6,100,1,21,121.5445847,25.0172935
114,03,21,00,36,2,07信義區,信義區吳興街467巷2弄10號,0,0,1,1,C04,8,5,5,30,14,9,1,5,4,5,13,4,4,10,5,5,2,27,2,55,2,9,6,1,7,9,1,11,1,11,44,1,22,121.5697195,25.02420764
114,03,21,00,58,2,01大同區,大同區延平北路4段與酒泉街口,0,0,2,1,C03,8,5,5,50,4,1,1,5,4,5,13,1,1,9,4,5,1,16,1,23,2,9,3,4,7,9,1,10,1,11,108,1,21,121.5110731,25.0722799
114,03,21,01,50,2,10文山區,文山區木柵路1段17巷1號,0,0,1,1,C03,8,5,5,50,11,9,1,5,4,5,13,3,1,5,5,5,1,17,1,24,3,10,5,1,7,9,1,10,2,14,13,1,21,121.5440358,24.9885252
114,03,21,05,00,2,08士林區,士林區中山北路5段與中山北路5段505巷口,0,0,1,1,C03,7,5,5,40,5,2,1,5,4,5,13,2,1,4,3,5,1,16,1,36,2,8,6,1,7,11,1,10,1,14,44,1,21,121.5278499,25.0936617
114,03,21,05,42,2,09北投區,北投區中和街與中和街455巷口,0,0,1,1,B03,8,7,5,30,4,1,1,5,4,5,13,4,4,10,5,5,2,15,1,45,3,10,7,1,7,9,1,8,9,1,72,1,21,121.4967344,25.1446863
114,03,21,06,36,2,09北投區,北投區士科路與福國路口,0,0,1,1,C03,8,6,5,50,4,1,1,5,4,5,13,1,1,5,5,5,2,16,1,66,3,10,6,1,7,6,1,10,11,12,9,2,22,121.5147928,25.1013862
114,03,21,06,47,2,04大安區,大安區市民大道4段56號前,0,0,2,1,B12,8,7,5,40,14,9,1,5,4,3,13,4,4,8,3,5,1,12,1,49,3,10,3,1,7,14,1,8,1,7,99,1,26,121.5465165,25.0449796
114,03,21,07,38,2,05中正區,中正區水源路與思源街附近口河濱公園出入,0,0,1,1,B03,8,6,5,50,4,2,1,5,4,5,13,3,1,5,5,5,1,17,1,63,3,10,7,1,7,1,1,8,2,17,19,1,21,121.5285039,25.01174397
114,03,21,07,50,2,07信義區,信義區忠孝東路5段與松信路口,0,0,1,1,C03,8,6,5,50,4,2,1,5,4,5,13,2,1,1,4,5,2,18,1,20,2,9,5,1,7,9,1,10,1,14,44,1,21,121.5720388,25.0410732
114,03,21,08,07,2,10文山區,文山區指南路2段128號,0,0,1,1,B12,8,6,8,30,22,22,1,5,4,5,8,4,4,10,5,5,2,17,1,21,3,10,3,4,7,1,1,8,1,5,19,1,22,121.5798498,24.9855797
114,03,21,08,11,2,04大安區,大安區和平東路2段與復興南路2段口,0,0,1,1,B11,7,5,5,50,4,2,1,5,4,5,13,1,1,1,3,5,1,17,1,22,3,10,7,1,7,9,1,6,1,2,16,1,21,121.5437569,25.0249301
114,03,21,08,17,2,02萬華區,萬華區康定路與貴陽街2段口,0,0,1,1,B02,8,5,8,50,4,1,1,5,4,5,13,1,1,10,5,5,2,17,1,44,3,10,3,4,7,5,1,2,1,7,8,1,21,121.5020232,25.040101
114,03,21,08,18,2,02萬華區,萬華區西園路2段與莒光路口,0,0,1,1,C03,8,6,5,50,3,2,1,5,4,5,13,2,1,1,5,5,2,16,2,61,3,10,6,1,7,6,1,10,1,13,9,1,26,121.4968075,25.03088068
114,03,21,08,20,2,06松山區,松山區民權東路3段182號,0,0,1,1,C03,8,7,5,50,14,9,1,5,4,5,13,4,4,1,4,5,2,11,2,56,2,9,5,4,7,7,1,10,1,11,100,1,21,121.5498319,25.061591
114,03,21,08,20,2,12內湖區,內湖區舊宗路2段185號,0,0,3,1,C03,8,7,5,50,14,9,1,5,4,5,13,4,4,1,4,5,2,17,1,37,2,9,5,1,7,15,1,10,1,13,100,1,21,121.5744097,25.0717977
114,03,21,08,36,2,01大同區,大同區重慶北路3段與重慶北路3段120巷口,0,0,4,1,C03,8,6,5,50,5,2,1,5,4,5,13,4,4,1,4,5,2,17,1,20,2,7,6,1,7,7,1,10,1,11,16,1,21,121.5135834,25.06698041
114,03,21,08,37,2,12內湖區,內湖區行愛路與新湖二路口,0,0,1,1,B03,8,7,5,50,4,1,1,5,4,5,13,1,1,4,3,4,1,17,1,63,3,10,7,1,7,6,1,8,1,5,9,1,21,121.580596,25.0633757
114,03,21,08,39,2,03中山區,中山區敬業三路161巷與樂群二路116巷口,0,0,2,1,B03,8,7,5,30,4,2,1,5,4,5,13,4,4,9,5,5,2,1,2,51,2,8,7,1,7,5,1,8,1,8,70,1,21,121.5554268,25.07923105
114,03,21,08,39,2,12內湖區,內湖區行善路281巷19弄6號停車場出口,0,0,1,1,B03,8,5,5,30,14,9,1,5,4,5,13,4,4,9,4,5,2,12,2,51,3,10,7,1,7,1,1,8,2,1,19,1,21,121.5849626,25.0614111
114,03,21,08,52,2,06松山區,松山區民權東路4段與光復北路口,0,0,1,1,B03,8,5,5,50,14,9,1,5,4,5,13,2,1,1,3,4,1,12,2,61,3,10,3,4,7,6,1,8,2,5,9,1,22,121.5543178,25.0617735
114,03,21,09,16,2,07信義區,信義區逸仙路(忠孝東路4段500之2號前),0,0,1,1,C03,8,6,5,50,14,9,1,5,4,5,13,2,1,5,4,5,2,17,1,48,2,9,6,1,7,6,1,10,1,12,17,1,22,121.5615619,25.0409536
114,03,21,09,20,2,12內湖區,內湖區內湖路2段158號,0,0,1,1,B03,7,6,6,50,14,9,1,5,4,3,13,4,4,9,4,5,2,17,1,46,3,10,7,1,7,5,6,18,1,4,8,1,26,121.5834194,25.0800423
114,03,21,09,24,2,11南港區,南港區研究院路2段184之8號,0,0,1,1,C03,8,6,5,50,14,9,1,5,4,5,13,4,4,5,5,5,2,16,1,55,2,8,6,1,7,11,6,18,2,12,10,1,21,121.6170392,25.03724
114,03,21,09,51,2,04大安區,大安區羅斯福路5段155號,0,0,1,1,C03,8,6,5,50,14,9,1,5,4,5,13,4,4,1,4,5,2,13,1,49,2,9,6,1,7,7,1,10,1,11,100,1,21,121.5375049,25.0098977
114,03,21,10,08,2,06松山區,松山區民權東路3段128號,0,0,2,1,C03,8,7,5,50,14,9,1,5,4,5,13,4,4,1,4,5,2,11,1,48,2,9,5,4,7,8,1,10,1,12,100,1,21,121.5461517,25.0619856
114,03,21,10,12,2,12內湖區,內湖區民權大橋,0,0,1,1,,8,7,5,30,8,12,1,5,4,5,13,4,4,1,2,5,2,13,4,0,,,,,,,,,11,,119,2,,121.569527,25.0640185
114,03,21,10,15,2,03中山區,中山區南京東路1段與林森北路口側附近口,0,0,1,1,B03,8,5,5,50,4,2,1,5,4,5,13,1,1,1,4,4,2,17,1,21,3,10,3,4,7,15,1,8,1,2,44,1,21,121.5264902,25.0519137
114,03,21,10,24,2,05中正區,中正區辛亥路1段與汀州路3段口口,0,0,1,1,C03,8,6,5,50,4,1,1,5,4,5,13,1,1,1,4,5,1,17,1,43,4,11,3,4,7,6,7,19,11,15,9,2,21,121.5280094,25.0178816
114,03,21,10,42,2,11南港區,南港區富康街與富康街3巷口,0,0,1,1,C03,8,6,5,30,3,2,1,5,4,5,13,4,4,5,2,5,2,16,2,75,2,9,6,1,7,5,1,10,1,12,72,1,21,121.6172997,25.0543516
114,03,21,11,01,2,01大同區,大同區延平北路2段與民權西路口,0,0,1,1,C03,8,6,5,40,4,1,1,5,4,5,13,1,1,1,4,5,2,17,2,41,2,9,6,1,7,6,1,10,2,12,85,1,21,121.5110668,25.0627988
114,03,21,11,04,2,02萬華區,萬華區環河南路2段125巷與環河南路2段125巷15弄口,0,0,2,1,C03,8,5,5,30,4,1,1,5,4,5,13,4,4,10,5,5,2,15,2,25,2,8,5,4,7,9,1,10,1,11,72,1,21,121.4939837,25.0339992
114,03,21,11,06,2,08士林區,士林區至善路2段與力行街口,0,0,2,1,F01,8,7,5,40,3,1,1,5,4,5,13,2,1,1,4,4,1,17,1,26,2,5,4,1,7,9,8,20,2,12,44,1,21,121.547521,25.0987555
114,03,21,11,07,2,07信義區,信義區信義路5段西向東(燈桿編號：信義0510),0,0,2,1,B03,8,7,5,50,14,9,1,5,4,5,13,4,4,10,4,5,2,17,1,59,2,9,3,4,7,14,1,8,1,17,42,1,21,121.562937,25.0329176
114,03,21,11,25,2,01大同區,大同區民權西路與蘭州街口,0,0,1,1,C03,7,5,5,50,4,1,1,5,4,5,13,2,1,1,4,5,2,17,1,35,3,10,3,4,7,5,1,10,1,17,8,1,21,121.5146742,25.0629163
114,03,21,11,39,2,07信義區,信義區基隆路2段39巷與吳興街50巷口,0,0,1,1,C03,8,6,5,30,5,1,1,5,4,5,13,4,4,9,4,5,2,15,1,24,2,7,5,1,7,9,3,18,1,11,72,1,21,121.5595452,25.0305974
114,03,21,11,40,2,10文山區,文山區木柵路4段26號,0,0,1,1,B03,8,6,5,50,14,9,1,5,4,5,13,4,4,5,4,5,1,16,1,64,3,10,7,1,7,6,1,8,1,2,9,1,21,121.573381,24.9970393
114,03,21,11,49,2,05中正區,中正區中華路1段與貴陽街1段口,0,0,1,1,C03,7,7,5,50,4,2,1,5,4,5,13,4,4,1,4,1,2,13,1,53,3,10,5,1,7,8,1,10,1,13,100,1,21,121.5077142,25.03958106
114,03,21,12,34,2,05中正區,中正區中山南路與濟南路1段口,0,0,2,1,C03,8,5,5,50,3,2,1,5,4,5,13,1,1,4,4,1,1,17,1,21,2,9,5,1,7,9,1,10,1,11,16,1,21,121.5187523,25.0431451
114,03,21,12,44,2,09北投區,北投區立德路15號,0,0,2,1,B03,8,5,5,50,14,9,1,5,4,5,13,4,4,9,4,5,2,16,1,45,3,10,7,1,7,5,1,8,1,2,8,1,21,121.4715214,25.1244271
114,03,21,12,50,2,12內湖區,內湖區成功路2段與成功路2段486巷口,0,0,2,1,C03,8,6,5,50,3,1,1,5,4,5,13,1,1,1,4,5,2,11,1,20,3,10,5,1,7,11,3,18,1,12,85,1,21,121.5897798,25.0728989
114,03,21,13,14,2,05中正區,中正區南海路與南昌路1段口,0,0,1,1,C03,8,7,5,30,4,1,4,5,4,5,13,1,1,10,2,5,2,17,1,41,3,10,5,1,7,6,1,9,1,12,9,1,22,121.5162787,25.0323746
114,03,21,13,48,2,01大同區,大同區鄭州路迴轉道 中興醫院前,0,0,1,1,B03,8,6,5,40,14,9,1,5,4,5,13,4,4,1,4,5,2,17,2,58,3,10,7,1,7,5,1,8,2,8,8,1,21,121.5089177,25.0504788
114,03,21,14,05,2,12內湖區,內湖區成功路2段426巷8號,0,0,2,1,C03,7,6,6,30,14,9,1,5,4,5,13,4,4,10,5,5,1,17,1,18,2,7,5,1,7,9,1,10,1,14,5,1,22,121.5895331,25.0713547
114,03,21,14,30,2,10文山區,文山區木柵路3段35號,0,0,1,1,C03,8,6,5,50,14,9,1,5,4,5,13,4,4,5,5,5,1,16,1,60,3,10,5,1,7,6,1,10,1,12,9,1,21,121.5660356,24.9884589
114,03,21,14,31,2,03中山區,中山區民權東路2段與建國北路2段口,0,0,1,1,C03,7,5,5,50,14,9,1,5,4,5,13,4,4,1,4,5,2,12,1,28,2,8,3,4,7,9,1,10,1,14,108,1,21,121.5363963,25.0623345
114,03,21,14,45,2,12內湖區,內湖區堤頂大道1段與港墘路附近口,0,0,3,1,B03,8,7,5,70,14,9,1,5,4,5,13,4,4,9,4,5,2,13,2,69,3,10,7,1,7,9,1,8,2,1,108,1,21,121.5730108,25.0735512
114,03,21,14,47,2,10文山區,文山區羅斯福路5段155號,0,0,1,1,C03,8,6,5,50,14,9,1,5,4,1,13,2,1,1,4,5,2,12,1,20,2,8,6,1,7,8,1,10,1,14,100,1,21,121.5386813,25.0036226
114,03,21,14,47,2,10文山區,文山區羅斯福路5段155號,0,,1,1,C03,7,,,50,,,,,,,,,,,,,,,1,20,,,,,,,,,1,,,,,121.5470428,24.99983215
114,03,21,15,02,2,09北投區,北投區振興街與天母西路120巷口,0,0,1,1,C03,8,6,5,50,3,1,1,5,4,5,13,4,4,4,1,5,2,17,1,74,2,9,6,1,7,1,1,10,1,11,19,1,21,121.5221759,25.1180152
114,03,21,15,05,2,03中山區,中山區中山北路2段與中山北路2段46巷口,0,0,1,1,B01,8,7,5,50,3,2,1,5,4,5,13,4,4,9,4,5,2,17,1,56,3,10,7,1,7,6,1,4,1,5,9,1,21,121.5225721,25.0554525
114,03,21,15,15,2,08士林區,士林區士東路與士東路200巷口,0,0,1,1,B03,8,6,5,50,3,1,1,5,4,5,13,1,1,1,2,5,2,3,1,40,3,10,3,4,7,6,1,8,2,1,70,1,21,121.5336792,25.11203859
114,03,21,15,30,2,07信義區,信義區林口街80巷與福德街84巷口,0,0,2,1,B02,8,6,5,30,4,1,1,5,4,5,13,4,4,9,4,5,2,17,1,56,3,10,7,1,7,5,1,8,2,1,72,1,22,121.5804072,25.0395904
114,03,21,15,39,2,02萬華區,萬華區康定路與康定路7巷口,0,0,1,1,C03,8,7,5,50,3,1,1,5,4,5,13,2,1,5,4,4,2,16,2,65,2,9,5,1,7,5,3,18,1,12,72,1,22,121.5032396,25.0458943
114,03,21,15,50,2,03中山區,中山區新生北路3段與中原街口,0,0,1,1,C03,8,6,5,30,4,2,1,5,4,5,13,4,4,10,4,5,2,12,1,42,3,10,5,1,7,9,1,10,1,12,16,1,21,121.5289661,25.0632244
114,03,21,15,50,2,03中山區,中山區中山北路3段與農安街口側附近口,0,0,1,1,C03,8,5,5,50,4,2,1,5,4,5,13,1,1,5,4,5,2,17,2,27,2,9,3,4,7,9,1,10,1,14,108,1,21,121.522344,25.0652886
114,03,21,15,56,2,12內湖區,內湖區文德路66巷與文德路66巷13弄口,0,0,1,1,B03,8,7,5,30,14,9,1,5,4,5,13,4,4,4,5,5,1,17,1,79,3,10,7,1,7,14,1,8,1,4,40,1,21,121.5815696,25.0776002
114,03,21,15,58,2,04大安區,大安區通化街171巷6號對面,0,0,1,1,C03,7,5,5,50,14,9,1,5,4,5,13,4,4,4,2,5,1,17,1,62,3,10,5,1,7,15,1,10,1,12,100,1,21,121.5538773,25.028049
114,03,21,16,14,2,06松山區,松山區八德路3段158巷7弄5號,0,0,1,1,B03,8,7,5,30,14,9,1,5,4,5,13,4,4,10,5,5,2,3,2,46,3,10,7,1,7,9,1,8,2,5,108,1,22,121.5553653,25.04734623
114,03,21,16,27,2,06松山區,松山區三民路與三民路180巷口,0,0,1,1,B01,7,6,5,30,3,1,1,5,4,5,13,4,4,1,4,5,2,17,1,66,3,10,7,1,7,6,1,4,2,1,72,1,21,121.563161,25.0623035
114,03,21,16,30,2,06松山區,松山區南京東路4段與北寧路口,0,0,2,1,C03,7,6,5,50,4,1,1,4,4,5,13,2,1,5,5,5,2,16,2,46,2,9,6,4,7,5,1,10,1,12,8,1,22,121.5526375,25.0516331
114,03,21,16,38,2,07信義區,信義區松智路與松勤街口,0,0,1,1,B03,8,6,5,50,4,1,1,5,4,5,13,1,1,4,5,5,2,16,1,35,3,10,7,1,7,6,1,8,1,5,9,1,21,121.5653469,25.0319699
114,03,21,16,39,2,12內湖區,內湖區舊宗路2段111號,0,0,2,1,C03,7,7,5,50,14,9,1,5,4,5,13,1,1,1,1,5,2,13,1,50,2,8,6,1,7,9,1,10,1,11,108,1,21,121.5748054,25.0690446
114,03,21,17,09,2,03中山區,中山區朱崙街與長安東路2段153巷口,0,0,1,1,B03,8,5,5,50,3,1,1,5,4,5,13,4,4,9,5,5,2,17,2,58,3,10,7,1,7,5,1,8,1,8,8,1,21,121.5391351,25.0499843
114,03,21,17,18,2,07信義區,信義區信義路5段122號對面,0,0,2,1,C03,8,6,5,50,14,9,1,5,4,5,13,4,4,1,4,5,2,12,2,47,2,9,6,1,7,8,1,10,1,11,100,1,21,121.5692187,25.032946
114,03,21,17,43,2,01大同區,大同區台北橋機慢車道往環河北路,0,0,2,1,C03,8,7,5,50,8,11,1,5,3,5,13,4,4,10,5,5,1,13,2,38,3,10,3,4,7,12,1,10,1,17,14,1,21,121.5081122,25.0635718
114,03,21,18,16,2,11南港區,南港區大坑街與弘道橋口,0,0,1,1,B03,7,5,5,50,3,1,1,5,4,5,13,4,4,5,5,5,2,16,1,36,3,10,3,4,7,9,1,8,1,1,44,1,22,121.6163781,25.0488155
114,03,21,18,45,2,01大同區,大同區承德路3段與民權西路口,0,0,2,1,C03,7,5,5,50,4,1,1,5,4,5,13,1,1,1,4,5,2,17,1,29,2,8,5,1,7,15,1,10,1,12,100,1,21,121.5182195,25.06292628
114,03,21,19,05,2,06松山區,松山區民權東路4段與敦化北路口,0,0,2,1,B03,7,5,5,50,4,1,1,5,4,5,13,1,1,1,4,5,2,16,2,56,3,10,7,1,7,6,1,8,1,6,9,1,26,121.5509878,25.0616573
114,03,21,19,15,2,08士林區,士林區環河北路3段與中正路口,0,0,1,1,C03,7,5,5,60,3,1,1,5,4,5,13,1,1,1,4,5,2,17,2,25,2,9,6,1,7,11,1,10,2,11,11,1,22,121.505868,25.0855468
114,03,21,19,47,2,05中正區,中正區臨沂街與濟南路2段口,0,0,1,1,C03,8,5,5,30,4,2,1,5,4,5,13,4,4,9,5,5,2,9,2,54,3,10,6,1,7,6,1,10,1,12,70,1,21,121.5300998,25.0406295
114,03,21,19,55,2,07信義區,信義區松高路與忠孝東路5段22巷口口,0,0,1,1,A02,7,5,8,50,3,1,1,5,4,5,13,1,1,5,4,5,2,17,1,48,3,10,7,1,7,5,1,2,2,5,8,1,21,121.5661658,25.0392622
114,03,21,19,56,2,02萬華區,萬華區環河南路2段245號,0,0,1,1,B03,8,7,5,50,22,7,1,5,4,5,13,1,1,1,4,5,2,16,1,60,3,10,7,1,7,11,1,8,1,1,10,1,21,121.4890982,25.0280686
114,03,21,20,04,2,04大安區,大安區光復南路180巷與光復南路口,0,0,1,1,B01,7,5,5,50,3,2,1,5,4,5,12,4,4,2,3,5,2,16,1,44,3,10,7,1,7,1,1,4,1,8,19,1,21,121.5575928,25.0423384
114,03,21,20,05,2,09北投區,北投區西安街1段與西安街1段313巷口,0,0,1,1,C03,8,5,5,50,3,1,1,5,4,5,13,4,4,9,5,5,2,3,1,24,3,10,3,4,7,9,1,10,1,11,70,1,26,121.5163022,25.1130546
114,03,21,20,13,2,12內湖區,內湖區新明路與南京東路6段368巷口,0,0,1,1,C03,7,6,5,50,3,1,1,5,4,5,13,2,1,9,4,5,2,17,2,51,3,10,5,1,7,5,1,10,2,17,8,1,21,121.5875956,25.0579923
114,03,21,20,20,2,06松山區,松山區南京東路4段19號,0,0,1,1,C03,7,5,5,40,14,8,1,5,4,5,13,2,1,1,4,4,2,12,1,25,3,10,6,1,7,9,1,10,9,12,108,2,22,121.5502463,25.0518203
114,03,21,20,22,2,01大同區,大同區延平北路3段與昌吉街口,0,0,1,1,B03,7,5,5,50,4,1,1,5,4,5,13,1,1,5,2,5,2,17,1,65,3,10,7,1,7,9,1,8,1,5,108,1,21,121.5110189,25.0658212
114,03,21,20,30,2,10文山區,文山區辛亥路7段與辛亥路7段5巷口,0,0,1,1,C04,8,5,5,40,3,2,1,5,4,5,13,4,4,5,4,4,1,17,2,20,2,9,5,1,7,9,1,10,1,11,108,1,21,121.5525797,24.9870296
114,03,21,20,50,2,05中正區,中正區林森南路與徐州路口,0,0,1,1,F01,7,5,5,50,14,9,4,5,4,5,13,1,1,5,4,4,2,2,1,21,3,10,4,1,7,5,8,20,9,17,118,2,25,121.522096,25.0409587
114,03,21,21,10,2,01大同區,大同區承德橋與敦煌路口口往南,0,0,1,1,B03,7,5,5,50,8,9,1,5,4,5,13,2,1,8,3,5,2,16,1,70,3,10,7,1,7,6,1,8,1,17,82,1,21,121.5200602,25.0753221
114,03,21,21,40,2,03中山區,中山區明水路555號,0,0,1,1,B02,7,5,5,50,14,9,1,5,4,5,13,4,4,9,4,5,2,17,2,51,3,10,7,1,7,8,1,8,3,17,100,1,21,121.5445735,25.07991068
114,03,21,22,00,2,06松山區,松山區南京東路3段與敦化北路口,0,0,1,1,F02,8,5,5,40,4,1,1,5,4,5,13,2,1,1,4,4,2,17,1,44,3,10,4,1,7,9,8,20,9,17,118,2,22,121.5486065,25.0519272
114,03,21,22,00,2,08士林區,士林區通河西街1段與堤外便道口,0,0,2,1,C03,7,5,5,40,3,1,1,5,4,5,13,4,4,10,5,5,1,17,1,31,3,10,6,1,7,6,1,10,1,12,9,1,22,121.5126417,25.0859434
114,03,21,22,15,2,05中正區,中正區衡陽路與桃源街口,0,0,1,1,C03,7,5,5,50,3,1,1,5,4,5,13,4,4,10,4,5,2,3,1,40,3,10,6,4,7,9,1,10,2,11,70,1,22,121.5106644,25.04226016
114,03,21,22,49,2,03中山區,中山區長安東路2段與吉林路口,0,0,2,1,B01,7,5,5,50,5,1,1,5,4,5,13,1,1,9,5,5,2,16,1,61,3,10,3,4,7,5,1,3,2,1,8,1,22,121.5299641,25.0485504
114,03,22,06,30,2,09北投區,北投區大業路與大同街口,0,0,1,1,C03,8,6,5,30,4,1,1,5,4,5,13,1,1,10,5,5,2,17,1,59,3,10,6,1,7,9,6,18,2,11,13,1,26,121.4990984,25.1371171
114,03,22,06,32,2,09北投區,北投區大度路1208554號燈桿(西往東),0,0,1,1,C03,8,7,8,50,14,12,1,5,4,5,13,4,4,9,4,5,1,12,2,69,2,9,6,1,7,9,1,10,1,14,76,1,21,121.4866716,25.1217764
114,03,22,06,42,2,10文山區,文山區萬芳路與木柵路4段33巷口,0,0,1,1,C03,8,7,5,30,3,2,1,5,4,5,13,4,4,10,5,5,2,16,1,54,2,9,5,1,7,5,1,10,1,12,72,1,21,121.5710021,24.9953244
114,03,22,06,50,2,11南港區,南港區三重路與經貿二路106巷口口,0,0,2,1,C03,8,7,5,50,4,1,1,5,4,5,13,1,1,4,3,5,2,12,1,72,2,9,5,1,7,6,1,10,2,11,9,1,21,121.6141458,25.05823569
114,03,22,07,35,2,05中正區,中正區市民大道2段與金山北路口,0,0,2,1,C03,8,6,5,40,4,2,1,5,4,5,13,1,1,8,4,1,1,17,1,25,2,9,6,1,7,9,1,10,2,14,116,1,22,121.5304659,25.0459776
114,03,22,07,44,2,01大同區,大同區環河北路2段177號,0,0,1,1,C03,8,7,5,50,14,9,1,5,4,5,13,4,4,1,4,5,2,17,1,39,2,9,3,4,7,9,1,10,1,11,16,1,21,121.5091101,25.067991
114,03,22,07,55,2,12內湖區,內湖區堤頂大道1段與麥帥一橋口西往東機車道,0,0,1,1,C03,8,6,5,40,5,2,1,5,4,5,13,4,4,1,4,3,2,17,1,40,3,10,6,1,7,12,1,10,1,17,95,1,21,121.57667,25.054253
114,03,22,08,00,2,08士林區,士林區新安路新安幹46B6960AC79電線杆,0,0,3,1,B03,8,7,5,30,12,9,1,5,4,5,13,4,4,10,4,5,1,38,1,57,2,1,7,1,7,9,1,8,2,8,44,1,21,121.5553229,25.12910549
114,03,22,08,50,2,08士林區,士林區天母北路72巷與天母北路口,0,0,1,1,B03,8,7,5,30,4,1,1,5,4,5,13,4,4,9,5,5,1,17,1,85,3,10,7,1,7,5,3,18,1,5,72,1,21,121.5266078,25.12288325
114,03,22,08,50,2,07信義區,信義區忠孝東路5段236巷6號,0,0,1,1,B03,8,6,5,50,22,18,1,5,4,5,13,4,4,9,4,5,2,3,1,31,3,10,3,4,7,9,1,8,2,8,70,1,22,121.5718858,25.0403714
114,03,22,09,00,2,04大安區,大安區永康街與麗水街13巷口,0,0,1,1,B01,7,6,5,30,4,1,1,5,4,5,13,4,4,1,5,5,2,15,2,45,3,10,7,1,7,9,1,4,1,4,72,1,21,121.5295452,25.0301481
114,03,22,09,08,2,12內湖區,內湖區成功路2段426巷與成功路2段口,0,0,1,1,B03,8,7,8,50,4,1,1,5,4,5,13,2,1,1,4,5,2,16,1,58,3,10,7,1,7,6,1,8,1,5,9,1,21,121.589858,25.0716817