發生年度,發生月,發生日,發生時-Hours,發生分,處理別-編號,區序,肇事地點,死亡人數,2-30日死亡人數,受傷人數,當事人序號,車種,天候,光線,道路類別,速限-速度限制,道路型態,事故位置,路面狀況1,路面狀況2,路面狀況3,道路障礙1,道路障礙2,號誌1,號誌2,車道劃分-分向,車道劃分-分道1,車道劃分-分道2,車道劃分-分道3,事故類型及型態,性別,年齡,受傷程度,主要傷處,保護裝置,行動電話,車輛用途,當事者行動狀態,駕駛資格情形,駕駛執照種類,飲酒情形,車輛撞擊部位1,肇因碼-個別,個人肇逃否,職業,座標-X,座標-Y
114,03,22,09,09,2,02萬華區,萬華區光復橋往台北市,0,0,1,1,C03,8,7,5,50,8,9,1,5,4,5,13,4,4,9,5,5,2,20,2,66,2,9,5,1,7,15,1,10,1,11,118,1,21,121.4907759,25.0243205
114,03,22,09,18,2,04大安區,大安區辛亥路3段157巷與辛亥路3段口,0,0,1,1,B03,7,5,5,50,14,9,1,5,4,5,13,4,4,1,4,5,1,17,1,63,3,10,7,1,7,8,1,8,1,2,100,1,21,121.5489057,25.0173467
114,03,22,09,20,2,02萬華區,萬華區西藏路與西園路2段口,0,0,1,1,C02,8,6,5,50,4,2,1,5,4,5,13,2,1,1,5,5,2,13,2,46,3,10,6,1,7,9,1,9,1,11,108,1,26,121.4958834,25.02875246
114,03,22,09,30,2,04大安區,大安區忠孝東路4段與忠孝東路4段77巷口,0,0,2,1,C03,8,6,5,50,14,9,1,5,4,5,13,2,1,1,4,5,2,13,1,25,2,7,6,1,7,9,1,10,1,11,108,1,21,121.547347,25.0416437
114,03,22,09,38,2,08士林區,士林區華岡路與華岡路47巷口,0,0,2,1,C02,8,5,5,30,5,1,1,5,4,5,13,4,4,10,5,5,2,16,1,21,2,9,6,1,7,6,1,9,2,11,99,1,21,121.5418454,25.1378406
114,03,22,09,44,2,02萬華區,萬華區環河南路3段與萬大路424巷口,0,0,2,1,G06,8,7,5,50,3,2,1,5,4,5,10,4,4,1,4,5,2,17,1,52,2,7,4,1,7,9,8,20,9,16,4,1,21,121.4927352,25.0203858
114,03,22,09,53,2,04大安區,大安區和平東路1段104巷與和平東路1段口,0,0,2,1,C03,8,7,5,50,14,9,1,5,4,5,13,4,4,8,3,5,1,12,2,43,2,1,5,1,7,12,1,10,1,11,16,1,26,121.5250551,25.0267606
114,03,22,10,04,2,02萬華區,萬華區西園路2段與西藏路口,0,0,1,1,A02,8,7,5,50,4,1,1,5,4,5,13,1,1,9,5,5,2,12,1,58,3,10,7,1,7,9,1,1,1,5,44,1,21,121.4955097,25.0287023
114,03,22,10,07,2,08士林區,士林區延平北路5段與延平北路5段285巷口口,0,0,1,1,B01,7,7,5,50,3,1,1,5,4,5,13,2,1,8,3,4,2,16,1,68,3,10,3,4,7,5,1,4,1,7,80,1,26,121.5096175,25.0856288
114,03,22,10,10,2,10文山區,文山區木柵路4段與和平東路4段口,0,0,1,1,C03,8,6,5,50,3,1,1,5,4,5,13,1,1,5,4,5,1,12,1,32,2,9,5,1,7,7,1,10,1,12,100,1,21,121.574636,24.9981705
114,03,22,10,11,2,04大安區,大安區仁愛路3段與建國南路口側附近1段口,0,0,1,1,B03,8,7,5,50,22,23,2,5,4,5,13,4,4,10,5,5,2,17,1,28,3,10,3,4,7,13,1,8,9,15,38,1,22,121.537789,25.0382754
114,03,22,10,17,2,06松山區,松山區八德路4段與八德路4段91巷口,0,0,2,1,C03,8,7,5,50,4,2,1,5,4,5,13,1,1,9,4,5,2,13,2,29,2,5,5,1,7,9,1,10,1,13,16,1,21,121.5609856,25.0485671
114,03,22,10,18,2,08士林區,士林區東山路與東山路25巷口,0,0,1,1,B02,8,6,5,50,4,1,1,5,4,5,13,1,1,1,4,5,1,16,1,25,3,10,3,4,7,5,1,3,1,4,8,1,21,121.5390282,25.1165173
114,03,22,10,43,2,02萬華區,萬華區忠孝西路2段與忠孝西路2段16巷口,0,0,1,1,B03,8,7,5,50,3,2,1,5,4,5,13,4,4,1,4,5,2,17,2,61,3,10,7,1,7,6,1,8,1,2,9,1,21,121.5085591,25.048246
114,03,22,11,10,2,08士林區,士林區百齡橋西往東017燈桿,0,0,2,1,C03,8,5,5,50,8,11,1,5,4,5,13,4,4,1,2,4,2,12,1,35,3,10,6,1,7,8,1,10,2,13,100,1,21,121.5129565,25.0884738
114,03,22,11,13,2,05中正區,中正區泉州街與泉州街87巷口,0,0,2,1,C03,8,6,5,50,3,2,1,5,4,5,13,4,4,5,4,5,2,16,1,82,2,8,5,1,7,7,1,10,1,14,100,1,21,121.5143566,25.02715025
114,03,22,11,24,2,05中正區,中正區寧波西街16號,0,0,3,1,B03,8,7,5,50,14,9,1,5,4,5,13,4,4,10,4,5,2,17,1,47,3,10,7,1,7,7,1,8,9,17,100,1,22,121.518487,25.0312547
114,03,22,11,24,2,07信義區,信義區和平東路3段第131號燈桿對面,0,0,1,1,C03,8,6,5,40,11,9,1,5,4,5,13,4,4,9,5,5,1,18,1,24,2,9,3,4,7,9,1,10,1,12,118,1,22,121.5653235,25.0098321
114,03,22,11,33,2,08士林區,士林區士東路與忠誠路2段口,0,0,1,1,B03,8,7,8,50,4,1,1,5,4,5,13,1,1,1,5,5,2,17,1,69,3,10,7,1,7,11,1,8,11,4,80,1,21,121.5314386,25.1124556
114,03,22,11,39,2,09北投區,北投區泉源路與中和街口,0,0,1,1,C03,8,7,8,50,4,2,1,5,4,5,13,1,1,9,4,5,1,12,2,60,2,8,5,1,7,5,1,10,2,13,8,1,21,121.5037586,25.1372754
114,03,22,11,46,2,07信義區,信義區吳興街156巷6號附近側附近,0,0,1,1,C03,8,7,5,30,14,9,1,5,4,5,13,4,4,5,5,5,2,16,1,54,2,9,5,4,7,6,1,10,2,12,72,1,21,121.5613546,25.0289686
114,03,22,11,58,2,05中正區,中正區中華路1段與中華路1段83巷口,0,0,2,1,C03,8,6,5,50,3,2,1,5,4,5,13,4,4,5,4,5,2,12,1,53,2,9,5,1,7,8,1,10,2,12,100,1,22,121.5075269,25.03893344
114,03,22,12,13,2,04大安區,大安區敦化南路1段166號,0,0,1,1,B03,8,6,5,50,14,9,1,5,4,5,13,4,4,8,3,5,2,17,1,57,3,10,3,4,7,15,1,8,1,4,40,1,21,121.548614,25.0432607
114,03,22,12,15,2,12內湖區,內湖區康寧路3段99巷與康寧路3段口,0,0,3,1,C03,8,6,5,50,3,2,1,5,4,5,13,4,4,1,4,4,2,17,2,63,2,9,6,1,7,9,1,8,1,11,44,1,21,121.6096727,25.0716215
114,03,22,12,28,2,12內湖區,內湖區東湖路與安康路口,0,0,1,1,B03,8,6,5,50,4,2,1,5,4,5,13,1,1,5,4,5,2,12,1,46,3,10,7,1,7,10,1,8,1,2,100,1,21,121.615922,25.0682869
114,03,22,12,35,2,04大安區,大安區敦化南路2段70號,0,0,1,1,C03,7,6,5,0,14,9,4,5,4,5,13,4,4,10,5,5,2,16,1,35,3,10,5,1,7,1,1,10,1,11,19,1,21,121.5484531,25.0296892
114,03,22,12,37,2,10文山區,文山區興隆路2段與興隆路2段275巷口,0,0,1,1,B03,8,6,5,50,4,1,1,5,4,3,10,2,1,1,4,5,2,17,1,43,3,10,7,1,7,9,1,8,2,5,108,1,21,121.5527122,25.0015762
114,03,22,12,50,2,04大安區,大安區敦化南路2段289號,0,0,1,1,B01,8,7,5,50,14,9,1,5,4,5,13,4,4,1,4,1,2,13,1,65,3,10,7,1,7,8,1,4,1,5,100,1,21,121.5488196,25.02396321
114,03,22,12,53,2,03中山區,中山區長安東路2段與建國北路1段口,0,0,1,1,C03,8,6,5,50,4,1,1,5,4,5,13,1,1,5,4,5,2,16,1,59,2,9,5,1,7,9,1,10,1,14,99,1,22,121.5364668,25.0483447
114,03,22,13,31,2,02萬華區,萬華區西園路1段212巷與西園路1段口,0,0,1,1,C03,8,6,5,30,3,1,1,5,4,5,13,4,4,8,3,5,1,17,1,79,2,8,5,1,7,6,1,10,1,14,72,1,21,121.4992877,25.035646
114,03,22,13,32,2,05中正區,中正區重慶南路3段63號,0,0,1,1,C03,8,6,5,50,14,9,1,5,4,5,13,4,4,3,4,5,2,17,1,46,3,10,5,1,7,7,1,10,1,17,100,1,21,121.516296,25.0263714
114,03,22,13,45,2,05中正區,中正區汀州路3段261號,0,0,1,1,B03,8,7,5,50,14,9,1,5,4,5,13,4,4,5,5,5,2,17,2,54,3,10,7,1,7,14,1,8,2,1,113,1,22,121.5351072,25.0128857
114,03,22,13,48,2,12內湖區,內湖區康樂街與康樂街162巷口,0,0,1,1,B03,8,7,5,50,3,1,1,5,4,5,13,4,4,4,5,5,1,17,1,41,3,10,7,1,7,5,1,8,1,5,8,1,21,121.6193945,25.0729427
114,03,22,14,19,2,05中正區,中正區衡陽路與桃源街口口,0,0,2,1,C04,8,7,5,50,3,18,1,5,4,5,13,4,4,7,4,5,2,3,1,37,2,8,6,1,7,9,1,11,2,11,70,1,21,121.5104445,25.0422143
114,03,22,14,54,2,04大安區,大安區敦化南路1段232巷與仁愛路4段71巷口,0,0,1,1,C03,8,7,5,30,4,1,1,5,4,5,13,4,4,10,5,5,2,17,2,58,2,9,3,4,7,5,6,18,1,12,86,1,21,121.5471684,25.0409136
114,03,22,15,13,2,04大安區,大安區信義路4段138號前,0,0,1,1,C03,8,7,5,50,14,9,1,5,4,3,10,4,4,8,3,5,1,12,2,36,2,8,5,1,7,12,1,10,1,11,77,1,25,121.5499518,25.0331441
114,03,22,16,05,2,09北投區,北投區中央北路2段333號,0,0,1,1,C03,8,7,5,50,14,9,1,5,4,5,13,1,1,4,4,5,2,17,1,69,2,9,5,1,7,1,1,10,1,14,19,1,22,121.4889805,25.1384764
114,03,22,16,45,2,01大同區,大同區鄭州路與西寧北路口,0,0,1,1,B03,8,7,5,40,4,2,1,5,4,5,13,1,1,1,4,5,2,15,1,29,3,10,7,1,7,9,1,8,9,1,85,1,21,121.5080144,25.0506421
114,03,22,16,49,2,04大安區,大安區文昌街與光復南路口,0,0,1,1,C03,8,7,5,30,4,1,1,5,4,5,13,2,1,5,4,5,2,13,2,65,2,8,3,4,7,9,1,10,1,17,108,1,21,121.5574361,25.0321323
114,03,22,16,52,2,12內湖區,內湖區內湖路1段與基湖路口,0,0,1,1,C03,8,7,5,50,4,2,1,5,4,1,11,2,1,5,4,5,2,12,2,71,2,9,5,1,7,8,1,10,1,14,100,1,21,121.5653971,25.0820868
114,03,22,17,12,2,05中正區,中正區延平南路與開封街1段口,0,0,2,1,B03,8,6,5,50,4,4,1,5,4,5,13,1,1,10,4,5,1,13,1,50,3,10,7,1,7,9,6,8,2,1,108,1,22,121.5108564,25.0459712
114,03,22,17,25,2,03中山區,中山區民族東路與建國北路3段113巷口,0,0,1,1,B03,8,6,5,40,4,1,1,5,4,5,13,2,1,1,5,5,1,16,1,30,3,10,3,4,7,6,1,8,1,5,9,1,21,121.5362406,25.06809153
114,03,22,17,26,2,10文山區,文山區木柵路2段55號,0,0,2,1,C03,8,6,5,50,14,9,1,5,4,5,13,1,1,5,4,5,2,13,2,38,2,9,6,1,7,9,1,10,1,11,108,1,21,121.5603356,24.9887754
114,03,22,17,29,2,05中正區,中正區重慶南路3段164號,0,0,1,1,C03,8,6,5,50,14,9,1,5,4,5,13,4,4,3,4,5,2,12,1,44,2,9,5,1,7,7,1,10,1,14,100,1,21,121.5168374,25.0234362
114,03,22,17,54,2,01大同區,大同區承德路1段與鄭州路口,0,0,1,1,B03,8,6,5,50,4,1,1,5,4,5,13,1,1,1,4,5,2,13,1,42,3,10,7,1,7,6,1,8,2,5,9,1,21,121.5162616,25.0488834
114,03,22,18,05,2,09北投區,北投區承德路7段與承德路7段280巷口,0,0,2,1,C03,8,7,5,30,3,2,1,5,4,5,13,4,4,1,5,5,2,16,2,52,2,8,5,1,7,9,1,10,1,11,118,1,22,121.5055807,25.1161477
114,03,22,18,36,2,05中正區,中正區金山南路1段與齊東街口口,0,0,2,1,C03,7,5,5,50,4,1,1,5,4,5,13,4,4,10,5,5,2,12,1,47,2,9,6,1,7,9,1,10,2,11,16,1,21,121.5296153,25.0426814
114,03,22,18,50,2,06松山區,松山區民生東路3段113巷25弄與敦化北路222巷18弄口,0,0,1,1,B03,8,5,5,30,5,1,1,5,4,5,13,4,4,10,5,5,2,3,1,55,3,10,7,4,7,5,1,8,1,4,70,1,22,121.5475587,25.0590505
114,03,22,19,00,2,01大同區,大同區台北橋與台北橋口汽車道往東下重慶北路匝道,0,0,1,1,B11,8,5,5,40,8,9,1,5,4,5,13,2,1,8,4,5,2,13,1,46,3,10,7,1,7,9,6,4,9,1,76,1,21,121.5129817,25.0630072
114,03,22,19,33,2,02萬華區,萬華區環河南路1段與康定路口,0,0,1,1,B01,8,6,5,50,3,2,1,5,4,5,13,2,1,9,4,5,2,13,1,70,3,10,3,4,7,9,3,18,1,1,108,1,21,121.503028,25.045996
114,03,22,19,33,2,11南港區,南港區南港路1段與惠民街口,0,0,1,1,B03,8,5,5,30,3,1,1,5,4,5,13,2,1,4,3,5,2,2,1,20,3,10,3,4,7,5,1,8,2,5,70,1,21,121.6104122,25.0549891
114,03,22,19,36,2,06松山區,松山區富錦街與富錦街359巷口,0,0,1,1,B03,8,5,5,30,4,1,1,5,4,5,13,2,1,10,5,5,2,2,1,29,3,10,7,1,7,5,1,8,1,1,70,1,22,121.5581939,25.0605259
114,03,22,19,52,2,10文山區,文山區木新路2段與指南路1段口路口,0,0,2,1,C03,8,5,5,50,4,1,1,5,4,5,13,2,1,10,5,5,2,18,2,20,2,9,5,1,7,6,1,10,1,14,108,1,21,121.5707728,24.987746
114,03,22,20,31,2,01大同區,大同區興城街與歸綏街口,0,0,1,1,B01,8,5,5,30,4,2,1,5,4,5,13,4,4,10,5,5,2,15,1,59,3,10,7,4,7,9,1,4,1,5,72,1,21,121.5174729,25.0592617
114,03,22,21,00,2,03中山區,中山區民權西路15號,0,0,1,1,B01,7,5,5,50,14,9,1,5,4,5,13,4,4,9,4,5,2,17,1,65,3,10,7,1,7,7,1,4,1,2,100,1,21,121.5216261,25.06284377
114,03,22,22,26,2,10文山區,文山區興隆路2段與興隆路2段203巷口,0,0,2,1,C03,7,5,5,50,4,1,1,5,4,5,13,2,1,1,4,5,2,16,1,30,2,9,6,1,7,5,1,10,2,12,71,1,21,121.5497858,25.0008376
114,03,22,22,40,2,06松山區,松山區光復北路與光復北路26巷口,0,0,1,1,B03,8,5,5,50,4,1,1,5,4,5,13,1,1,1,3,5,2,3,2,48,3,10,3,4,7,5,7,19,11,8,70,2,21,121.5578022,25.0490351
114,03,23,02,57,2,08士林區,士林區延平北路5段116號,0,0,1,1,C03,7,5,5,50,14,9,1,5,4,5,13,4,4,1,4,5,2,17,1,72,4,11,3,4,7,9,1,10,11,11,108,2,22,121.510505,25.0815733
114,03,23,04,47,2,08士林區,士林區延平北路8段157巷與延平北路8段口環堤道路,0,0,1,1,B03,7,5,5,30,3,2,1,5,4,5,13,4,4,10,5,5,2,17,1,33,3,10,7,1,7,5,1,8,1,2,74,1,21,121.4819675,25.1034483
114,03,23,06,22,2,12內湖區,內湖區安康路與安康路22巷口,0,0,1,1,C03,8,6,5,50,4,2,1,5,4,5,13,2,1,5,5,5,2,17,2,56,3,10,3,4,7,9,1,10,9,12,44,1,22,121.6131937,25.0674272
114,03,23,06,32,2,08士林區,士林區中山北路5段往南,0,0,2,1,C03,7,6,5,50,14,9,1,5,4,5,13,4,4,3,4,5,2,13,1,35,2,9,6,1,7,9,1,10,2,11,108,1,22,121.5253448,25.0835392
114,03,23,07,43,2,11南港區,南港區忠孝東路7段與忠孝東路7段265巷口,0,0,2,1,C03,8,6,5,30,3,2,1,5,4,5,13,2,1,5,5,5,2,13,2,25,2,9,6,1,7,9,1,10,1,14,44,1,21,121.6037104,25.0517846
114,03,23,08,04,2,08士林區,士林區中正路495號,0,0,4,1,A02,8,7,5,50,14,9,1,5,4,5,13,4,4,2,4,5,1,17,1,61,3,10,7,1,7,14,1,2,2,1,108,1,21,121.5182243,25.09204601
114,03,23,08,25,2,04大安區,大安區辛亥路3段臥龍公園旁,0,0,1,1,B03,8,6,5,50,14,9,1,5,4,5,13,2,1,1,4,5,2,17,1,30,2,3,3,4,7,9,1,8,1,1,108,1,22,121.5497008,25.0166284
114,03,23,09,35,2,03中山區,中山區民生東路3段與建國北路2段口,0,0,1,1,C03,8,7,5,50,14,9,1,5,4,5,13,1,1,1,4,5,2,13,1,65,2,9,5,1,7,9,1,10,1,11,16,1,21,121.5374662,25.0579578
114,03,23,10,10,2,08士林區,士林區福林橋與福國路口,0,0,3,1,C03,8,6,5,50,3,2,1,5,4,5,13,1,1,1,4,5,2,13,1,74,2,9,3,4,7,9,1,10,1,11,16,1,21,121.5257633,25.10213966
114,03,23,10,22,2,03中山區,中山區長安東路2段與建國北路1段口,0,0,1,1,C03,8,6,5,50,4,1,1,5,4,5,13,1,1,1,4,5,2,16,1,30,2,8,6,1,7,6,1,10,1,11,99,1,21,121.5365841,25.0482803
114,03,23,10,47,2,10文山區,文山區辛亥路7段82-1號,0,0,1,1,A02,8,7,5,50,14,8,1,5,4,5,13,4,4,5,5,4,2,17,1,59,3,10,7,1,7,8,1,2,9,17,100,1,21,121.5537259,24.981979
114,03,23,10,48,2,09北投區,北投區中和街525巷與中和街525巷6弄口,0,0,2,1,B03,8,7,5,30,4,1,1,5,4,5,13,4,4,10,5,5,1,15,1,23,3,10,7,1,7,9,1,8,1,1,75,1,22,121.4935759,25.1449088
114,03,23,11,07,2,08士林區,士林區雨農路與忠勇街口,0,0,1,1,C03,8,6,5,50,4,1,1,5,4,5,13,2,1,5,4,5,1,11,2,20,3,10,5,1,7,9,1,10,11,14,108,2,21,121.5323924,25.0984834
114,03,23,11,34,2,01大同區,大同區承德路1段與華陰街口,0,0,1,1,B03,8,6,5,50,4,2,1,5,4,5,13,4,4,8,3,5,1,16,1,27,3,10,3,4,7,6,1,8,1,5,9,1,21,121.516679,25.0500659
114,03,23,11,42,2,03中山區,中山區林森北路與新生北路2段76巷口,0,0,1,1,B03,8,6,5,30,4,1,1,5,4,5,13,4,4,5,5,5,2,15,1,63,3,10,3,4,7,9,1,8,1,5,75,1,22,121.5255501,25.0574726
114,03,23,11,50,2,05中正區,中正區桃源街與衡陽路口,0,0,1,1,B03,8,6,5,50,3,1,1,5,4,5,13,4,4,9,4,5,1,16,1,29,3,10,7,1,7,5,1,8,2,2,72,1,22,121.5105177,25.0422243
114,03,23,12,00,2,09北投區,北投區北投路1段與無名巷口,0,0,1,1,B01,8,7,5,50,3,18,1,5,4,5,13,2,1,9,4,5,1,3,1,62,3,10,7,1,7,5,1,4,2,1,70,1,21,121.5009522,25.1253473
114,03,23,12,05,2,12內湖區,內湖區康寧路3段22號,0,0,1,1,C03,8,6,5,50,14,9,1,5,4,5,13,1,1,1,5,5,2,13,1,27,3,10,6,1,7,8,1,10,2,13,44,1,21,121.6078319,25.0723511
114,03,23,12,06,2,04大安區,大安區新生南路1段97巷與新生南路1段103巷33弄口,0,0,1,1,C03,8,7,5,30,4,1,1,5,4,5,13,4,4,10,5,5,1,16,2,39,2,7,5,1,7,5,1,10,1,12,72,1,21,121.5356692,25.0411765
114,03,23,13,02,2,03中山區,中山區民權西路70號,0,0,1,1,C03,8,6,5,40,14,8,1,5,4,5,13,4,4,1,4,4,2,12,1,38,3,10,6,1,7,8,1,10,1,13,100,1,22,121.519935,25.0627298
114,03,23,13,20,2,09北投區,北投區湖底路1206411號燈桿,0,0,3,1,B03,8,7,5,30,11,9,1,5,4,5,13,4,4,10,5,5,2,20,2,25,3,10,7,1,7,9,1,8,2,5,42,1,22,121.5395355,25.15180969
114,03,23,14,28,2,05中正區,中正區中華路2段75巷與延平南路口,0,0,1,1,C03,8,7,5,30,4,1,1,5,4,5,13,2,1,9,5,5,2,16,1,68,2,7,5,4,7,5,6,10,1,11,44,1,21,121.5074377,25.0335683
114,03,23,14,42,2,04大安區,大安區敦化南路2段與安和路2段口,0,0,1,1,B03,7,5,5,50,4,1,1,5,4,5,13,2,1,1,1,1,1,17,1,30,3,10,3,4,7,5,1,8,1,15,71,1,21,121.5491173,25.0282625
114,03,23,14,49,2,10文山區,文山區辛亥路4段與萬美街2段口,0,0,2,1,C03,8,6,5,50,3,2,1,5,4,5,13,2,1,5,2,5,2,12,1,19,3,10,6,1,7,8,1,10,2,11,100,1,21,121.5582639,25.0062959
114,03,23,15,00,2,03中山區,中山區樂群一路與基湖路口,0,0,1,1,B03,8,7,5,30,3,1,1,5,4,5,13,4,4,9,4,5,2,17,2,46,3,10,7,1,7,7,1,8,1,4,72,1,21,121.5633014,25.07598166
114,03,23,15,00,2,09北投區,北投區天母西路與天母西路101巷口,0,0,2,1,C03,8,7,5,50,4,1,1,5,4,5,13,4,4,10,5,5,2,16,1,32,2,9,5,1,7,5,1,10,1,11,80,1,22,121.5237877,25.1186995
114,03,23,15,26,2,03中山區,中山區中山北路2段42巷20號,0,0,1,1,B03,8,6,5,30,14,9,1,5,4,5,13,4,4,9,5,5,2,9,1,27,3,10,7,1,7,5,1,8,1,17,108,1,21,121.5216432,25.05474226
114,03,23,15,42,2,05中正區,中正區中華路2段與愛國西路口,0,0,2,1,C03,8,6,5,50,5,1,1,5,4,5,13,1,1,1,4,5,2,12,2,33,3,10,5,1,7,9,1,10,11,12,17,2,21,121.5068849,25.0369798
114,03,23,16,25,2,07信義區,信義區仁愛路4段與逸仙路口,0,0,1,1,B03,8,5,5,50,4,2,1,5,4,5,13,2,1,5,4,5,2,17,1,43,3,10,7,1,7,6,1,8,1,2,9,1,22,121.5615344,25.0376903
114,03,23,16,48,2,09北投區,北投區大度路1208564號燈桿,0,0,1,1,C03,8,6,5,50,14,8,1,5,4,5,13,4,4,1,4,1,1,13,2,18,2,9,6,1,7,9,1,10,2,11,16,1,21,121.4839857,25.1219357
114,03,23,17,01,2,04大安區,大安區和平東路2段175巷與瑞安街81巷口,0,0,4,1,C03,7,6,5,30,4,1,1,5,4,5,13,4,4,10,5,5,2,15,2,20,2,8,6,4,7,9,1,10,1,11,75,1,22,121.541726,25.027852
114,03,23,17,01,2,05中正區,中正區汀州路2段與同安街口,0,0,1,1,C03,8,7,5,50,4,1,1,5,4,5,13,1,1,9,5,5,2,17,1,65,4,11,3,4,7,9,1,10,11,11,81,2,22,121.5217486,25.024062
114,03,23,17,45,2,01大同區,大同區忠孝西路2段往西第一燈桿,0,0,1,1,B01,8,5,5,50,14,9,1,5,4,5,13,2,1,8,3,5,2,13,1,65,3,10,7,1,7,9,1,4,1,5,108,1,21,121.5095607,25.048313
114,03,23,18,00,2,07信義區,信義區松壽路2號,0,0,2,1,B01,8,6,5,50,14,9,1,5,4,5,13,4,4,8,3,5,2,16,1,66,3,10,3,4,7,5,1,4,2,1,44,1,21,121.5623439,25.0358591
114,03,23,18,06,2,02萬華區,萬華區東園街與東園街35巷口,0,0,2,1,C03,7,7,5,30,3,1,1,5,4,5,13,4,4,5,5,5,2,16,2,73,2,8,3,1,7,5,1,10,1,12,74,1,22,121.495847,25.0273214
114,03,23,18,53,2,02萬華區,萬華區艋舺大道210號,0,0,3,1,C03,8,5,5,50,14,9,1,5,4,5,13,4,4,5,5,5,2,12,2,21,2,8,6,1,7,11,1,10,1,13,10,1,21,121.507239,25.03517557
114,03,23,18,53,2,06松山區,松山區民生東路5段與新中街口口,0,0,2,1,B03,7,5,5,50,4,1,1,5,4,5,13,1,1,1,4,5,2,16,2,60,3,10,7,1,7,9,1,8,1,8,44,1,21,121.5605424,25.0585396
114,03,23,19,14,2,10文山區,文山區景華街與景興路口,0,0,1,1,B03,8,6,5,50,4,18,1,5,4,5,13,2,1,9,5,5,2,1,1,19,3,10,7,1,7,5,1,8,2,1,70,1,21,121.5447131,24.995214
114,03,23,19,15,2,03中山區,中山區民族東路17號,0,0,1,1,F01,7,5,5,50,8,9,1,5,4,5,13,4,4,5,4,5,2,35,1,40,2,1,4,1,7,9,8,20,1,11,108,1,26,121.5263844,25.0684369
114,03,23,19,20,2,03中山區,中山區市民大道2段與長安東路1段30巷口,0,0,1,1,C03,7,5,5,40,14,9,1,5,4,5,13,4,4,10,4,5,2,12,2,27,3,10,3,4,7,8,1,10,1,11,42,1,22,121.5258935,25.04769015
114,03,23,19,52,2,03中山區,中山區中山北路3段往南水晶橋前,0,0,2,1,C03,8,5,5,50,14,9,1,5,4,5,13,4,4,1,4,5,2,13,1,23,2,8,5,1,7,9,1,10,1,11,16,1,21,121.5235105,25.0713655
114,03,23,20,24,2,03中山區,中山區林森北路與長安東路1段口,0,0,1,1,B03,7,5,5,50,4,2,1,5,4,5,13,1,1,1,2,1,1,16,1,45,3,10,3,4,7,11,1,8,1,4,10,1,22,121.524631,25.04942159
114,03,23,20,27,2,11南港區,南港區研究院路1段與中南街123巷口口,0,0,1,1,B03,7,5,5,50,4,1,1,5,4,5,13,2,1,5,5,5,2,2,1,37,3,10,7,1,7,5,1,8,9,4,70,1,21,121.6159807,25.0518943
114,03,23,21,03,2,12內湖區,內湖區康寧路3段與南湖大橋口下橋處,0,0,1,1,B03,8,5,5,50,4,1,1,5,4,5,13,2,1,1,4,5,2,17,1,65,3,10,7,1,7,6,1,8,1,2,9,1,21,121.611039,25.0649107
114,03,23,21,30,2,07信義區,信義區松信路與永吉路180巷67弄口口,0,0,2,1,C03,7,5,8,50,4,1,1,5,4,5,13,1,1,5,4,5,2,17,1,28,2,9,6,1,7,5,1,10,1,12,71,1,21,121.5720355,25.0434312
114,03,23,22,40,1,03中山區,中山區民族東路與建國北路3段113巷口,1,0,0,1,B02,8,5,5,50,3,1,1,5,4,5,13,2,1,1,3,4,2,16,1,55,3,10,7,4,7,11,1,8,2,2,103,1,21,121.5362514,25.0681479
114,03,23,22,48,2,09北投區,北投區光明路146-2號,0,0,2,1,H01,8,5,5,50,14,9,1,5,4,5,13,1,1,5,5,5,2,3,1,51,2,9,4,5,8,16,8,20,1,16,122,1,21,121.5024455,25.1345936
114,03,24,06,36,2,01大同區,大同區民權西路與蘭州街口口,0,0,1,1,C03,8,6,5,50,4,2,1,5,4,5,13,2,1,1,5,5,2,16,1,37,4,11,3,4,7,8,1,10,9,12,100,2,21,121.5148493,25.0628606
114,03,24,06,43,2,04大安區,大安區基隆路3段與長興街口,0,0,1,1,C02,7,6,5,50,4,1,1,5,4,5,13,2,1,10,5,5,2,17,1,37,2,8,6,4,7,8,1,9,1,11,16,1,22,121.5442984,25.0171447
114,03,24,07,25,2,05中正區,中正區中華路1段與寶慶路口,0,0,1,1,C03,8,5,5,50,4,2,1,5,4,5,13,1,1,9,4,5,2,17,1,63,2,9,5,1,7,9,1,10,2,14,42,1,21,121.5086409,25.0420482
114,03,24,07,26,2,12內湖區,內湖區康寧路3段16巷與康寧路3段口,0,0,1,1,B03,7,6,5,50,4,2,1,5,4,5,13,2,1,1,4,5,2,9,1,47,3,10,3,4,7,3,1,8,2,2,18,1,22,121.609873,25.0713191
114,03,24,07,53,2,10文山區,文山區新光路1段與新光路1段31巷口,0,0,1,1,B03,8,6,5,50,3,2,1,5,4,5,13,2,1,9,5,5,2,17,2,52,3,10,7,1,7,1,1,8,1,15,19,1,21,121.5737349,24.989491
114,03,24,07,55,2,11南港區,南港區大坑街與國興橋口,0,0,1,1,B03,8,6,5,50,4,1,1,5,4,5,13,1,1,5,2,5,2,16,1,47,3,10,7,1,7,5,1,8,1,8,71,1,21,121.6191671,25.0432103
114,03,24,08,05,2,09北投區,北投區秀山路與中和街525巷8弄口,0,0,2,1,C03,8,7,5,30,5,1,1,5,4,5,13,4,4,5,5,5,1,16,2,62,2,9,6,1,7,5,1,10,1,11,71,1,22,121.4925281,25.1450289