發生年度,發生月,發生日,發生時-Hours,發生分,處理別-編號,區序,肇事地點,死亡人數,2-30日死亡人數,受傷人數,當事人序號,車種,天候,光線,道路類別,速限-速度限制,道路型態,事故位置,路面狀況1,路面狀況2,路面狀況3,道路障礙1,道路障礙2,號誌1,號誌2,車道劃分-分向,車道劃分-分道1,車道劃分-分道2,車道劃分-分道3,事故類型及型態,性別,年齡,受傷程度,主要傷處,保護裝置,行動電話,車輛用途,當事者行動狀態,駕駛資格情形,駕駛執照種類,飲酒情形,車輛撞擊部位1,肇因碼-個別,個人肇逃否,職業,座標-X,座標-Y
114,03,24,08,14,2,12內湖區,內湖區江南街與江南街65巷口,0,0,1,1,C03,8,6,5,30,3,1,1,5,4,5,13,4,4,9,4,5,2,16,2,50,3,10,5,1,7,5,1,10,2,14,72,1,21,121.5781024,25.0772279
114,03,24,08,18,2,06松山區,松山區三民路136巷與三民路口,0,0,1,1,B03,8,6,5,50,22,18,1,5,4,5,13,4,4,1,3,5,2,3,2,42,3,10,7,1,7,9,1,8,9,1,70,1,21,121.5633142,25.0603822
114,03,24,08,26,2,04大安區,大安區信義路4段265巷59號停車場出入口,0,0,1,1,B03,8,6,5,30,14,9,1,5,4,5,13,4,4,9,5,5,2,16,1,27,3,10,3,4,7,1,1,8,1,1,19,1,22,121.5555792,25.03490916
114,03,24,08,41,2,05中正區,中正區公園路29號,0,0,2,1,C03,8,6,5,50,14,9,1,5,4,5,13,1,1,9,4,4,1,13,1,46,2,8,6,1,7,9,1,9,1,11,108,1,22,121.5150411,25.0359296
114,03,24,08,50,2,11南港區,南港區松河街與南港路3段256巷口,0,0,1,1,B03,8,6,5,30,3,1,1,5,4,5,13,4,4,5,5,5,2,16,1,40,3,10,3,4,7,5,1,8,2,5,72,1,21,121.5845308,25.0532896
114,03,24,08,52,2,01大同區,大同區鄭州路與塔城街口,0,0,1,1,C03,8,7,5,40,4,2,1,5,4,5,13,2,1,1,4,5,2,17,1,24,3,10,3,4,7,15,1,10,1,13,81,1,21,121.5104835,25.0500395
114,03,24,08,53,2,02萬華區,萬華區西園路2段與東園街口,0,0,2,1,C03,8,5,5,50,3,4,1,5,4,5,13,1,1,1,4,5,2,13,1,29,2,9,5,4,7,9,1,10,1,11,16,1,21,121.4951672,25.0280631
114,03,24,08,53,2,07信義區,信義區基隆路2段161號,0,0,1,1,C03,8,6,5,50,14,9,1,5,4,5,13,4,4,1,4,5,2,13,2,51,3,10,3,4,7,9,1,10,1,11,16,1,21,121.5540445,25.0256288
114,03,24,08,55,2,01大同區,大同區長安西路與華亭街口,0,0,1,1,C03,8,6,5,50,5,2,1,5,4,5,13,4,4,5,5,5,2,12,1,51,2,9,6,1,7,7,1,10,2,14,100,1,21,121.5130315,25.0517894
114,03,24,09,00,2,12內湖區,內湖區民權東路6段11巷與舊宗路2段口,0,0,2,1,C02,8,6,5,50,3,2,1,5,4,5,12,1,1,5,4,5,2,13,1,27,2,7,6,1,7,9,1,9,1,11,108,1,22,121.5749904,25.0674727
114,03,24,09,10,2,01大同區,大同區民生西路與萬全街口,0,0,1,1,B03,8,7,5,50,14,9,1,5,4,5,13,2,1,5,4,5,2,17,2,43,3,10,3,4,7,9,1,8,1,1,108,1,21,121.5205297,25.0576797
114,03,24,09,10,2,03中山區,中山區北安路305號,0,0,3,1,C03,8,7,5,50,14,9,1,5,4,5,13,1,1,1,4,5,2,13,2,41,2,8,6,4,7,9,1,10,1,12,108,1,21,121.5374562,25.07775728
114,03,24,10,31,2,01大同區,大同區大龍街266號,0,0,1,1,B03,8,6,5,50,14,9,1,5,4,5,13,4,4,5,5,5,2,13,1,73,3,10,7,1,7,9,1,8,2,5,108,1,21,121.5158721,25.0707114
114,03,24,11,00,2,08士林區,士林區至善路3段110號,0,0,1,1,B12,8,6,5,50,14,9,1,5,4,5,13,4,4,4,4,5,1,15,1,40,3,10,7,1,7,1,1,8,1,7,19,1,21,121.5696307,25.11451958
114,03,24,11,24,2,03中山區,中山區中山北路3段與農安街口,0,0,4,1,B01,8,6,5,50,14,9,1,5,4,5,13,2,1,8,3,5,1,17,1,61,3,10,7,1,7,8,1,4,2,17,100,1,21,121.5221178,25.06489146
114,03,24,11,30,2,09北投區,北投區泉源路220號,0,0,1,1,B03,8,7,5,50,14,9,1,5,4,5,13,4,4,5,5,5,1,9,1,27,3,10,7,1,7,13,1,8,1,6,42,1,22,121.5272842,25.1419789
114,03,24,11,38,2,12內湖區,內湖區成功路2段與石潭路口,0,0,1,1,B03,8,6,5,50,3,1,1,5,4,5,13,2,1,5,4,5,2,17,1,61,3,10,7,1,7,6,1,8,1,5,44,1,21,121.590336,25.063554
114,03,24,11,49,2,01大同區,大同區民生西路171巷巷與萬全街口,0,0,1,1,C03,8,6,5,30,4,1,1,5,4,5,13,4,4,10,5,5,2,15,1,31,2,7,6,1,7,9,1,10,1,11,72,1,21,121.5167061,25.0579773
114,03,24,11,51,2,12內湖區,內湖區新湖三路219巷與新湖三路口口,0,0,1,1,C03,8,5,5,50,4,1,1,5,4,5,13,4,4,5,5,5,2,15,1,51,2,9,6,1,7,9,1,10,1,11,72,1,21,121.5807909,25.0655002
114,03,24,12,10,2,08士林區,士林區劍潭路與基河路口,0,0,1,1,B03,8,5,5,50,4,1,1,5,4,5,13,2,1,1,4,5,2,16,2,21,3,10,7,1,7,5,1,8,1,1,71,1,29,121.5247262,25.0841076
114,03,24,12,34,2,12內湖區,內湖區民權東路6段21巷33號(熊寶貝自助洗車),0,0,1,1,B03,8,6,5,50,14,9,1,5,4,5,13,4,4,9,4,5,2,16,1,47,3,10,7,1,7,1,1,8,2,1,19,1,21,121.5804668,25.0692424
114,03,24,12,36,2,04大安區,大安區和平東路3段111巷與樂利路42巷口,0,0,2,1,C03,7,5,5,30,5,1,1,5,4,5,13,4,4,10,5,5,2,15,2,47,2,8,3,4,7,9,3,18,1,12,72,1,21,121.551154,25.0264797
114,03,24,13,02,2,06松山區,松山區新東街與民生東路5段口,0,0,1,1,B01,7,6,5,50,4,1,1,4,4,5,13,2,1,1,5,5,2,13,1,61,3,10,3,4,7,5,1,4,1,1,108,1,21,121.5658688,25.0591175
114,03,24,13,23,2,06松山區,松山區民權東路3段103巷與五常街口,0,0,2,1,C03,7,6,5,30,3,1,1,5,4,5,13,4,4,10,5,5,2,16,1,37,2,9,5,1,7,5,1,10,1,14,74,1,21,121.5450078,25.0643072
114,03,24,13,31,2,02萬華區,萬華區中華路1段與武昌街2段口,0,0,1,1,C03,8,6,5,50,4,2,4,5,4,5,13,2,1,1,4,5,2,3,2,23,4,11,3,4,7,15,7,19,11,17,114,2,22,121.5085468,25.0444384
114,03,24,14,06,2,02萬華區,萬華區桂林路與環河南路1段348巷口,0,0,1,1,C03,7,7,5,50,5,1,1,5,4,5,13,2,1,10,5,5,2,16,1,40,3,10,3,1,7,6,1,10,1,15,9,1,22,121.4959555,25.0389229
114,03,24,14,16,2,11南港區,南港區市民大道7段與玉成街口,0,0,1,1,C03,8,6,5,50,4,2,1,5,4,5,13,2,1,1,4,5,2,17,1,35,2,8,6,1,7,9,1,10,1,15,42,1,21,121.5815494,25.0491432
114,03,24,14,30,2,01大同區,大同區酒泉街與大龍街口口,0,0,1,1,B03,8,6,5,50,4,1,1,5,4,5,13,2,1,5,5,5,2,16,1,63,3,10,7,1,7,5,1,8,1,2,74,1,21,121.5158729,25.0719654
114,03,24,14,33,2,09北投區,北投區大度路與中央北路2段257巷口,0,0,2,1,C03,8,6,5,50,4,2,1,5,4,5,13,1,1,1,4,1,1,13,1,64,2,9,5,1,7,9,1,10,1,14,16,1,21,121.4863164,25.1217856
114,03,24,14,37,2,07信義區,信義區信安街67巷與嘉興街181巷口,0,0,1,1,C03,8,7,5,50,4,1,1,5,4,5,13,1,1,8,3,4,2,16,1,50,3,10,5,4,7,5,1,10,1,11,71,1,22,121.5575239,25.0260564
114,03,24,15,02,1,09北投區,北投區承德路7段第1203683號燈桿前,1,0,0,1,A12,8,6,5,60,14,9,1,5,4,5,13,4,4,1,4,5,2,12,1,27,3,10,7,1,7,9,1,7,2,6,17,1,21,121.5010223,25.1197582
114,03,24,15,08,2,03中山區,中山區南京東路2段101號,0,0,1,1,C03,8,6,5,50,14,9,1,5,4,5,13,4,4,1,5,5,1,13,2,32,2,8,3,4,7,9,1,10,1,11,108,1,21,121.532603,25.0521159
114,03,24,15,30,2,07信義區,信義區吳興街260巷19弄3號,0,0,1,1,C03,8,5,5,30,14,9,1,5,4,5,13,4,4,10,5,5,2,17,1,23,3,10,6,1,7,9,1,10,1,11,118,1,22,121.5635285,25.0261417
114,03,24,15,34,2,09北投區,北投區文林北路與自強街口,0,0,1,1,B03,8,7,5,50,3,1,1,5,4,5,13,2,2,1,4,5,2,15,1,41,3,10,7,1,7,9,1,8,1,1,108,1,22,121.5122171,25.1098955
114,03,24,15,37,2,08士林區,士林區中山北路5段南向北,0,0,1,1,C02,8,6,5,50,14,7,1,5,4,5,13,4,4,8,3,5,1,13,1,33,2,7,5,1,7,7,1,9,1,12,108,1,21,121.5246799,25.0814131
114,03,24,15,40,2,07信義區,信義區基隆路1段35巷7弄與松信路口,0,0,1,1,B03,8,6,5,50,3,2,1,5,4,5,13,2,1,9,3,1,2,16,2,52,3,10,3,4,7,11,1,8,1,6,10,1,21,121.5721734,25.0478961
114,03,24,15,53,2,08士林區,士林區德行東路與德行東路240巷口,0,0,1,1,C03,8,5,5,30,3,1,1,5,4,5,13,4,4,5,5,5,2,17,1,25,2,8,3,4,7,6,1,10,1,14,72,1,22,121.5311214,25.10520616
114,03,24,16,01,2,10文山區,文山區道南橋(西往東車道),0,0,1,1,B03,8,6,5,50,14,9,2,5,4,5,13,2,1,5,5,5,2,17,2,45,3,10,3,4,7,1,1,8,1,2,19,1,21,121.5736377,24.9880626
114,03,24,16,20,2,03中山區,中山區中山北路2段與民生西路口,0,0,1,1,B02,8,7,5,50,4,2,1,5,4,5,13,2,1,1,4,5,2,12,2,31,3,10,3,4,7,9,1,8,1,2,44,1,21,121.5227261,25.05775844
114,03,24,16,20,2,09北投區,北投區新市街30號,0,0,1,1,C03,8,7,5,50,14,9,1,5,4,5,13,4,4,5,5,5,2,20,1,34,2,8,5,1,7,9,3,18,8,12,21,1,21,121.5029077,25.13274
114,03,24,16,30,2,01大同區,大同區民生西路337號,0,0,1,1,C03,8,5,5,50,14,9,1,5,4,5,13,1,1,9,4,5,1,13,1,41,2,8,3,4,7,7,1,10,1,15,100,1,21,121.5111415,25.0569733
114,03,24,16,36,2,05中正區,中正區中山南路與徐州路口,0,0,1,1,C03,8,6,5,50,3,1,1,5,4,5,13,1,1,5,4,5,2,13,2,32,2,9,6,4,7,7,1,10,1,11,108,1,22,121.5187724,25.04255615
114,03,24,16,38,2,08士林區,士林區福國路103號,0,0,1,1,F01,8,6,5,50,14,9,1,5,4,5,13,4,4,4,5,5,1,16,1,70,2,9,4,1,7,1,8,20,1,14,42,1,21,121.5178474,25.1012861
114,03,24,16,43,2,05中正區,中正區古亭河濱公園近永福橋自行車道,0,0,2,1,F01,8,7,8,0,22,23,1,5,4,5,13,4,4,5,5,5,2,17,1,12,2,9,5,1,7,5,8,20,2,12,80,1,22,121.5306058,25.010327
114,03,24,16,50,2,06松山區,松山區南京東路5段66巷7號,0,0,1,1,B03,7,7,5,30,14,9,1,5,4,5,13,4,4,10,5,5,2,17,2,65,3,10,7,1,7,13,1,8,9,4,40,1,26,121.5608412,25.0507185
114,03,24,16,59,2,09北投區,北投區承德路7段與立賢路口,0,0,1,1,B03,8,6,5,50,5,1,1,5,4,5,13,1,1,1,4,5,2,13,1,73,3,10,7,1,7,5,1,8,1,1,118,1,21,121.5050927,25.1164
114,03,24,17,03,2,04大安區,大安區仁愛路4段與光復南路口,0,0,2,1,B03,7,6,5,50,4,1,1,5,4,5,13,2,1,10,5,5,2,12,1,82,3,10,3,4,7,9,1,8,1,2,44,1,22,121.5575011,25.0378655
114,03,24,17,10,2,07信義區,信義區忠孝東路5段293號,0,0,1,1,C03,8,5,5,50,14,9,1,5,4,5,13,4,4,1,4,5,2,17,1,63,3,10,5,1,7,7,1,10,1,13,100,1,22,121.572479,25.0410128
114,03,24,17,24,2,03中山區,中山區林森北路與市民大道2段口,0,0,1,1,C03,8,7,5,50,14,9,1,5,4,5,13,1,1,9,4,5,2,17,2,32,2,8,5,1,7,9,1,10,1,14,108,1,21,121.5242586,25.0481745
114,03,24,17,29,2,10文山區,文山區和平東路4段與和平東路4段381巷口,0,0,3,1,C03,8,6,5,50,14,9,2,5,4,5,13,4,4,10,5,5,2,17,1,38,2,8,5,1,7,1,1,10,1,11,19,1,21,121.5740437,24.9993518
114,03,24,17,51,2,02萬華區,萬華區環河南路1段與內江街口,0,0,2,1,C03,8,5,5,50,4,1,1,5,4,5,13,1,1,4,1,5,2,12,1,36,2,2,5,1,7,5,1,10,1,14,8,1,22,121.5000827,25.0418762
114,03,24,17,51,2,10文山區,文山區辛亥路7段與忠順街1段口,0,0,2,1,C03,7,6,5,40,3,1,1,5,4,5,13,1,1,5,5,4,2,16,1,19,2,9,6,1,7,9,1,10,1,11,13,1,21,121.5539816,24.9832271
114,03,24,18,24,2,07信義區,信義區松山路441號,0,0,1,1,A02,8,5,5,50,14,13,1,5,4,5,13,4,4,1,3,5,2,9,1,31,3,10,3,4,7,1,1,2,1,17,44,1,21,121.5779336,25.0403957
114,03,24,18,35,2,11南港區,南港區研究院路1段102號,0,0,2,1,C03,8,5,5,50,14,9,1,5,4,5,13,1,1,1,4,5,2,12,2,48,2,9,3,4,7,10,1,10,1,12,100,1,21,121.6160634,25.052247
114,03,24,18,42,2,07信義區,信義區松德路與松德路168巷口,0,0,2,1,F01,8,5,5,0,3,1,1,5,4,5,13,2,1,1,4,5,2,15,1,77,2,9,4,4,7,9,8,20,2,12,81,1,21,121.5745181,25.0364435
114,03,24,18,44,2,07信義區,信義區永吉路326巷46號,0,0,2,1,H01,7,5,6,30,14,9,1,5,4,5,13,4,4,5,5,5,2,3,2,36,2,9,4,5,8,16,8,20,10,16,121,1,21,121.5754274,25.043956
114,03,24,18,46,2,07信義區,信義區忠孝東路5段與基隆路1段口,0,0,1,1,B03,8,5,5,50,4,1,1,5,4,5,13,2,1,8,3,4,2,12,1,59,3,10,7,4,7,9,1,8,9,8,44,1,22,121.5647694,25.0412013
114,03,24,18,51,2,05中正區,中正區南昌路1段與寧波西街口,0,0,1,1,C03,7,5,5,0,22,20,4,5,4,5,13,4,4,10,5,5,2,9,1,51,4,11,3,4,7,2,7,19,11,15,12,2,22,121.5174615,25.03075948
114,03,24,18,54,2,11南港區,南港區忠孝東路5段與永吉路口,0,0,1,1,B02,7,5,5,50,14,9,2,5,4,5,13,4,4,5,4,5,2,12,1,21,3,10,7,1,7,9,1,8,1,2,44,1,21,121.5823647,25.0447199
114,03,24,19,08,2,03中山區,中山區南京西路7號,0,0,1,1,C03,7,5,5,50,14,9,5,5,4,5,13,4,4,10,5,5,2,13,2,27,2,8,5,1,7,9,1,10,1,12,108,1,21,121.5208634,25.05262076
114,03,24,19,11,2,03中山區,中山區市民大道3段與新生北路1段62巷口,0,0,1,1,C03,8,5,5,40,4,2,1,5,4,5,13,2,1,1,4,5,2,13,1,41,2,7,6,1,7,9,1,10,1,11,16,1,21,121.5308846,25.0461299
114,03,24,19,15,2,05中正區,中正區市民大道1段與承德路1段口,0,0,2,1,F01,8,5,5,50,4,1,1,5,4,5,13,1,1,10,5,5,2,17,1,28,2,9,4,1,7,9,8,20,1,14,81,1,21,121.5163518,25.0485793
114,03,24,19,20,2,03中山區,中山區遼寧街128巷23號,0,0,1,1,B03,7,5,5,30,14,9,1,5,4,5,13,4,4,10,5,5,2,16,1,44,3,10,3,4,7,7,1,8,1,2,100,1,21,121.5413535,25.0533559
114,03,24,19,30,2,05中正區,中正區新生南路1段60號,0,0,1,1,C03,7,5,5,50,14,9,1,5,4,5,13,4,4,3,4,5,2,2,1,68,3,10,6,1,7,9,1,10,1,11,108,1,22,121.5326126,25.0406336
114,03,24,19,30,2,08士林區,士林區天母西路5巷,0,0,1,1,B03,7,5,5,30,14,9,1,5,4,5,13,4,4,10,1,5,1,17,2,64,3,10,7,1,7,1,1,8,9,8,44,1,21,121.5178075,25.08706316
114,03,24,20,00,2,12內湖區,內湖區港華街26號,0,0,1,1,C03,8,5,5,30,14,9,1,5,4,5,13,4,4,5,5,5,2,17,1,21,2,9,5,1,7,12,1,10,1,12,44,1,21,121.5771212,25.082406
114,03,24,20,17,2,07信義區,信義區基隆路汽機車混合地下道與基隆路1段350巷口,0,0,1,1,C03,8,5,5,50,4,1,1,5,4,5,13,2,1,1,4,5,2,17,1,21,3,10,6,4,7,6,1,10,1,17,9,1,21,121.5611618,25.0358872
114,03,24,20,30,2,02萬華區,萬華區東園街139號,0,0,2,1,C03,7,5,8,50,22,22,1,5,4,5,13,4,4,10,5,5,2,17,1,69,2,9,3,4,7,1,1,10,1,14,19,1,21,121.4970235,25.0247431
114,03,24,20,30,2,07信義區,信義區松仁路與松勤街口,0,0,1,1,B03,7,5,5,50,4,1,1,5,4,5,13,1,1,5,3,5,2,15,1,22,3,10,7,1,7,9,1,8,1,4,81,1,21,121.5683272,25.0318886
114,03,24,21,20,2,04大安區,大安區新生南路3段與辛亥路2段口,0,0,1,1,B03,8,5,5,50,4,1,1,5,4,5,13,2,1,1,4,4,1,17,1,27,3,10,7,1,7,6,1,8,1,1,9,1,21,121.5346322,25.0222899
114,03,24,21,55,2,05中正區,中正區和平西路1段與牯嶺街口,0,0,1,1,B03,8,7,5,50,4,1,1,5,4,5,13,1,1,1,4,5,2,17,1,81,3,10,7,1,7,8,1,8,1,5,100,1,21,121.5189935,25.0265029
114,03,24,23,00,2,01大同區,大同區寧夏路25號,0,0,1,1,B03,8,6,5,50,14,9,1,5,4,5,13,4,4,9,4,5,2,2,1,68,3,10,7,4,7,9,1,8,2,5,108,1,21,121.5151183,25.0553702
114,03,24,23,32,2,06松山區,松山區市民大道4段與光復南路32巷16弄口,0,0,3,1,C03,7,5,5,40,3,1,1,5,4,5,13,4,4,1,4,5,2,17,1,72,2,9,5,1,7,6,1,10,1,11,9,1,25,121.5567017,25.0450351
114,03,25,02,40,2,04大安區,大安區光復南路與光復南路456巷口,0,0,1,1,C03,8,5,5,50,4,1,1,5,4,5,13,3,1,1,4,5,2,15,1,44,2,9,6,1,7,9,1,10,2,11,72,1,21,121.5574914,25.0354416
114,03,25,06,10,2,05中正區,中正區襄陽路與館前路口口,0,0,3,1,C03,8,7,5,50,3,1,1,5,4,5,13,2,1,5,4,5,2,16,2,24,2,9,6,1,7,5,1,10,2,12,87,1,21,121.5149125,25.0434646
114,03,25,07,38,2,10文山區,文山區景文街與羅斯福路6段401巷口,0,0,2,1,C03,8,6,5,50,3,2,1,5,4,5,13,4,4,5,5,4,2,13,1,44,2,9,5,1,7,9,1,10,2,11,108,1,21,121.5413155,24.9918943
114,03,25,07,58,2,03中山區,中山區中山北路2段與中山北路2段11巷口,0,0,1,1,B03,8,7,5,50,3,1,1,5,4,5,13,4,4,1,4,5,2,16,2,52,3,10,7,1,7,6,1,8,1,2,9,1,22,121.5227319,25.0527808
114,03,25,08,00,2,10文山區,文山區興隆路3段32號,0,0,1,1,B03,8,6,5,50,14,9,1,5,4,5,13,4,4,1,4,5,2,17,1,56,3,10,7,1,7,7,1,8,2,3,100,1,21,121.5553762,25.0004621
114,03,25,08,06,2,05中正區,中正區中華路1段與酉陽街口,0,0,2,1,F02,8,5,5,50,3,2,1,5,4,5,13,4,4,10,4,5,2,16,2,52,2,8,5,1,7,6,8,20,1,12,9,1,21,121.5089242,25.04382337
114,03,25,08,16,2,08士林區,士林區福志路14巷與雨農路口,0,0,1,1,C03,8,6,5,30,3,1,1,5,4,5,13,4,4,10,5,5,1,16,1,46,3,10,3,4,7,6,1,10,1,12,9,1,22,121.5325411,25.1000951
114,03,25,08,20,2,01大同區,大同區台北橋機慢車道西向東,0,0,1,1,C03,8,6,5,40,14,11,1,5,4,5,13,4,4,1,4,5,2,17,2,41,4,11,3,4,7,9,1,10,11,11,16,2,21,121.5105761,25.0629279
114,03,25,08,21,2,07信義區,信義區松仁路2號,0,0,1,1,C03,8,7,5,50,14,9,1,5,4,5,13,4,4,9,4,5,2,13,2,43,2,9,5,1,7,9,1,10,1,11,76,1,21,121.5684045,25.0405232
114,03,25,08,24,2,01大同區,大同區南京西路與華亭街口,0,0,1,1,C03,8,6,5,50,5,2,1,5,4,5,13,4,4,5,5,5,2,13,2,37,3,10,6,1,7,9,1,10,1,14,108,1,21,121.5129981,25.0539785
114,03,25,08,27,2,05中正區,中正區汀州路2段與金門街12巷23弄口口,0,0,2,1,B03,8,6,5,30,4,2,1,5,4,5,13,4,4,5,5,5,1,17,2,31,3,10,7,1,7,9,1,8,1,5,16,1,21,121.5231373,25.0228534
114,03,25,08,38,2,05中正區,中正區汀州路3段與羅斯福路4段24巷口,0,0,1,1,C03,8,7,5,50,4,1,1,5,4,5,13,1,1,9,5,5,2,13,2,61,2,7,5,4,7,9,1,10,9,11,16,2,21,121.5325533,25.0149063
114,03,25,08,39,2,12內湖區,內湖區環山路2段與環山路2段50巷口,0,0,2,1,C03,8,6,5,50,4,1,1,5,4,5,13,1,1,5,4,5,2,11,1,55,2,9,5,1,7,9,1,10,1,14,81,1,21,121.573761,25.0853915
114,03,25,08,40,2,08士林區,士林區通河西街1段與中正路口,0,0,1,1,B03,8,7,5,50,14,9,1,5,4,5,13,4,4,5,5,5,1,12,1,23,3,10,7,1,7,9,1,8,1,2,17,1,21,121.5119128,25.08754568
114,03,25,08,41,2,01大同區,大同區鄭州路與西寧北路口,0,0,2,1,C03,8,6,5,40,4,1,1,5,4,5,13,1,1,1,2,5,2,17,1,22,2,9,6,1,7,5,1,10,2,14,44,1,21,121.5081931,25.0505856
114,03,25,09,02,2,12內湖區,內湖區行善路70號對面停車場出入口,0,0,1,1,B03,8,7,5,50,14,9,1,5,4,5,13,4,4,9,4,5,2,13,1,45,3,10,7,1,7,12,1,8,2,3,14,1,21,121.575867,25.0594649
114,03,25,09,10,2,07信義區,信義區吳興街127號,0,0,2,1,C03,8,7,5,30,14,9,1,5,4,5,13,4,4,9,4,5,2,17,1,41,2,9,6,1,7,1,1,10,1,11,19,1,22,121.5614839,25.02971876
114,03,25,09,16,2,09北投區,北投區承德路7段與大度路口,0,0,1,1,B03,7,5,5,60,5,1,1,5,4,5,13,2,1,1,4,5,2,13,1,45,3,10,3,4,7,9,3,18,9,1,108,1,21,121.5000247,25.12066234
114,03,25,09,20,2,01大同區,大同區敦煌路與哈密街59巷口口,0,0,1,1,B03,8,6,5,30,4,1,1,5,4,5,13,3,1,5,5,5,2,15,1,35,3,10,7,1,7,9,1,8,2,6,72,1,21,121.5157731,25.0762717
114,03,25,09,26,2,09北投區,北投區石牌路2段與天母西路口,0,0,1,1,B12,7,5,5,50,4,1,1,5,4,5,13,2,1,5,4,5,2,13,1,57,3,10,2,1,7,9,1,8,1,1,108,1,21,121.5223453,25.11922511
114,03,25,09,35,2,06松山區,松山區富錦街與民生東路4段131巷口,0,0,2,1,C03,8,7,5,30,3,1,1,5,4,5,13,4,4,9,4,5,2,17,1,26,2,8,6,4,7,5,1,10,1,11,44,1,21,121.5531127,25.0599384
114,03,25,09,41,2,06松山區,松山區南京東路4段與南京東路4段53巷口,0,0,1,1,C03,8,5,5,30,3,1,1,5,4,5,13,4,4,10,5,5,2,17,1,51,3,10,6,1,7,6,1,10,1,11,108,1,21,121.5511165,25.0518355
114,03,25,09,42,2,01大同區,大同區安西街與延平北路2段272巷口,0,0,3,1,C03,8,6,5,30,5,1,1,5,4,5,13,4,4,10,5,5,2,15,2,70,2,7,6,1,7,9,1,10,2,11,72,1,21,121.5097539,25.0620822
114,03,25,09,45,2,12內湖區,內湖區環東大道第649號燈稈,0,0,2,1,B12,8,5,8,80,10,9,1,5,4,5,13,4,4,1,4,5,2,13,1,61,3,10,3,4,7,9,1,7,1,1,16,1,21,121.574056,25.0532753
114,03,25,10,23,2,05中正區,中正區衡陽路與桃源街口,0,0,1,1,B01,8,5,5,50,3,1,1,5,4,5,13,1,1,9,4,5,2,17,1,58,3,10,7,1,7,5,1,4,2,4,103,1,21,121.51054,25.0422212
114,03,25,10,23,2,06松山區,松山區光復北路35號,0,0,1,1,B03,8,6,8,50,22,22,1,5,4,5,13,4,4,1,3,5,2,17,1,24,3,10,7,1,7,1,1,8,1,4,19,1,21,121.5579508,25.05042994
114,03,25,10,30,2,03中山區,中山區樂群二路126號,0,0,1,1,C03,8,7,5,50,14,9,1,5,4,5,13,4,4,1,4,5,2,13,1,28,2,7,5,1,7,9,1,10,1,11,108,1,21,121.5556025,25.0798963
114,03,25,10,32,2,09北投區,北投區尊賢街302巷與石牌路1段39巷口,0,0,1,1,B02,7,6,5,30,4,1,1,5,4,5,13,4,4,10,5,5,2,15,1,46,3,10,7,1,7,9,1,8,1,5,72,1,21,121.5091635,25.11780548
114,03,25,10,39,2,04大安區,大安區和平東路3段與敦化南路2段口,0,0,2,1,B03,8,6,5,50,4,1,1,5,4,5,13,2,1,1,4,1,2,13,1,30,3,10,7,1,7,9,1,8,1,1,16,1,21,121.5488604,25.0245695
114,03,25,10,43,2,06松山區,松山區敦化北路100號,0,0,1,1,B03,8,6,5,30,14,8,1,5,4,5,13,4,4,8,3,4,2,9,1,56,3,10,3,4,7,6,1,8,1,1,70,1,21,121.5486388,25.0531146
114,03,25,10,50,2,03中山區,中山區長春路258巷2弄與長春路258巷口,0,0,1,1,B03,8,6,5,50,4,1,1,5,4,5,13,4,4,9,5,5,2,17,1,61,3,10,3,4,7,2,1,8,1,17,12,1,22,121.5390655,25.0542488
114,03,25,10,50,2,12內湖區,內湖區新明路92號,0,0,2,1,C03,8,6,5,50,14,9,1,5,4,5,13,1,1,5,5,5,2,16,1,27,2,9,6,1,7,6,1,9,2,12,9,1,21,121.5877174,25.058594
114,03,25,10,55,2,07信義區,信義區松壽路君悅飯店車道出口,0,0,1,1,B01,7,6,5,50,14,9,1,5,4,5,13,4,4,5,4,5,2,16,1,63,3,10,7,1,7,1,1,4,1,1,19,1,21,121.5628747,25.0358804
114,03,25,11,15,2,07信義區,信義區基隆路2段7號,0,0,1,1,C04,8,6,5,50,14,9,1,5,4,5,13,2,1,1,4,5,2,18,2,20,2,8,5,1,7,9,1,10,1,14,118,1,21,121.5594544,25.0326737
114,03,25,11,23,2,06松山區,松山區八德路3段與敦化北路口,0,0,1,1,B03,8,7,5,50,4,1,1,5,4,5,13,1,1,1,4,5,2,13,1,42,3,10,7,1,7,9,1,8,1,1,16,1,21,121.5484046,25.0482485
114,03,25,11,24,2,02萬華區,萬華區和平西路3段328號,0,0,1,1,C03,8,7,5,50,14,9,1,5,4,5,13,4,4,1,5,5,2,13,1,20,2,9,5,1,7,9,3,18,1,11,108,1,21,121.4925037,25.0353549
114,03,25,11,35,2,04大安區,大安區建國南路1段億光停車場出入口,0,0,1,1,B03,8,7,5,50,14,9,1,5,4,5,13,4,4,1,4,5,1,17,2,54,3,10,7,1,7,6,1,8,1,2,9,1,21,121.5370432,25.0429364
114,03,25,12,00,2,12內湖區,內湖區洲子街100號,0,0,2,1,H01,8,6,5,50,14,9,1,5,4,5,13,4,4,10,3,5,1,6,1,57,2,9,4,5,8,18,8,20,1,16,121,1,21,121.5707517,25.08016306
114,03,25,12,07,2,05中正區,中正區泉州街20巷與三元街212巷口,0,0,2,1,C03,8,6,5,30,4,1,1,5,4,5,13,4,4,10,5,5,2,15,2,35,2,9,5,1,7,9,1,10,1,12,75,1,21,121.51225,25.026815