發生年度,發生月,發生日,發生時-Hours,發生分,處理別-編號,區序,肇事地點,死亡人數,2-30日死亡人數,受傷人數,當事人序號,車種,天候,光線,道路類別,速限-速度限制,道路型態,事故位置,路面狀況1,路面狀況2,路面狀況3,道路障礙1,道路障礙2,號誌1,號誌2,車道劃分-分向,車道劃分-分道1,車道劃分-分道2,車道劃分-分道3,事故類型及型態,性別,年齡,受傷程度,主要傷處,保護裝置,行動電話,車輛用途,當事者行動狀態,駕駛資格情形,駕駛執照種類,飲酒情形,車輛撞擊部位1,肇因碼-個別,個人肇逃否,職業,座標-X,座標-Y
114,03,25,12,39,2,05中正區,中正區汀州路3段與基隆路4段口,0,0,1,1,B01,8,6,5,50,4,1,1,5,4,5,13,1,1,1,4,5,2,15,1,57,3,10,7,1,7,9,1,2,2,1,44,1,21,121.5363202,25.0110473
114,03,25,12,45,2,02萬華區,萬華區西園路2段與西藏路口,0,0,1,1,C03,8,6,5,50,4,1,1,5,4,5,13,2,1,1,4,5,2,17,1,64,2,7,6,1,7,9,1,10,1,12,108,1,21,121.4955558,25.0287016
114,03,25,12,47,2,10文山區,文山區新光路2段捷運動物園站旁,0,0,1,1,B03,8,6,5,30,22,9,1,5,4,5,13,4,4,10,5,5,2,17,1,42,3,10,7,1,7,1,1,8,1,7,19,1,21,121.5810081,25.00004553
114,03,25,12,48,2,01大同區,大同區承德路2段與民權西路102巷33弄口,0,0,1,1,C03,8,6,5,50,5,2,1,5,4,5,13,1,1,1,5,5,2,13,2,31,2,7,6,1,7,9,1,10,1,11,44,1,21,121.5181703,25.0616793
114,03,25,12,48,2,05中正區,中正區南昌路2段98號,0,0,1,1,B03,8,6,5,50,14,9,1,5,4,5,13,4,4,9,5,5,1,17,1,42,3,10,7,1,7,6,1,8,2,2,9,1,21,121.5221133,25.0258138
114,03,25,12,55,2,05中正區,中正區中山南路與仁愛路1段口,0,0,2,1,C03,8,5,5,50,4,2,1,5,4,5,13,1,1,1,5,5,2,17,2,49,3,10,6,1,7,9,1,10,1,13,17,1,21,121.5179347,25.03932824
114,03,25,13,10,2,12內湖區,內湖區瑞光路235巷與瑞光路口,0,0,1,1,C04,8,6,5,50,4,1,1,5,4,5,13,1,1,10,5,5,2,16,2,70,3,10,5,1,7,6,1,10,2,12,9,1,21,121.5781415,25.0741831
114,03,25,13,20,2,05中正區,中正區市民大道1段168號,0,0,1,1,B03,8,6,5,40,14,9,1,5,4,5,13,4,4,1,4,5,1,12,1,60,4,11,3,4,7,15,1,8,9,17,100,1,22,121.5185661,25.0483332
114,03,25,13,23,2,12內湖區,內湖區瑞光路399號前,0,0,1,1,A02,8,5,5,50,14,9,1,5,4,5,13,4,4,5,4,5,2,9,1,51,3,10,7,1,7,12,1,2,1,17,44,1,21,121.572691,25.0774628
114,03,25,13,59,2,08士林區,士林區中山北路6段290巷11弄10號,0,0,1,1,B12,8,5,5,30,14,9,1,5,4,5,13,4,4,10,5,5,2,11,1,56,3,10,7,1,7,9,1,8,1,8,5,1,21,121.5269565,25.109881
114,03,25,14,00,2,02萬華區,萬華區萬大路與萬大路137巷口,0,0,1,1,B03,8,6,5,30,3,2,1,5,4,5,13,4,4,1,4,5,2,12,1,28,3,10,7,1,7,8,1,8,2,6,44,1,21,121.500622,25.02894853
114,03,25,14,10,2,12內湖區,內湖區瑞光路406號,0,0,1,1,B01,8,6,5,50,14,9,1,5,4,5,13,4,4,10,3,5,1,17,1,60,3,10,7,1,7,5,1,8,2,4,8,1,21,121.5710641,25.0779862
114,03,25,15,00,2,12內湖區,內湖區潭美街與安康路56巷33弄口,0,0,1,1,B12,8,7,5,40,3,2,1,5,4,5,13,4,4,9,4,5,2,17,1,59,3,10,7,1,7,6,1,8,2,15,9,1,21,121.6012941,25.0610374
114,03,25,15,20,2,06松山區,松山區新中街與延壽街口,0,0,1,1,B03,8,7,5,50,3,18,1,5,4,5,13,1,1,5,5,5,2,3,1,53,3,10,7,1,7,5,1,8,1,8,70,1,26,121.5607718,25.0566427
114,03,25,16,12,1,11南港區,南港區南港路1段55號,1,0,0,1,C03,8,6,5,50,14,9,1,5,4,5,13,4,4,5,4,5,2,12,1,59,1,9,3,4,7,7,1,10,1,13,108,1,21,121.6160756,25.0551949
114,03,25,16,18,2,07信義區,信義區永吉路180巷16弄與永吉路150巷口,0,0,1,1,C03,8,7,5,30,4,1,1,5,4,5,13,4,4,10,5,5,2,15,2,54,2,9,5,4,7,9,1,10,1,11,75,1,22,121.5709703,25.0450288
114,03,25,16,24,2,05中正區,中正區貴陽街1段與懷寧街口,0,0,1,1,B03,8,6,5,50,3,1,1,5,4,5,13,4,4,9,4,5,1,13,1,41,4,11,3,4,7,5,1,8,11,17,71,1,22,121.5138493,25.0387193
114,03,25,16,31,2,08士林區,士林區中山北路6段258號對面,0,0,1,1,C03,8,6,5,50,14,9,1,5,4,5,13,4,4,10,5,5,1,12,1,75,2,8,5,1,7,4,1,10,1,14,108,1,21,121.525316,25.1096226
114,03,25,16,42,2,07信義區,信義區松仁路153號,0,0,1,1,B03,8,6,5,50,14,9,1,5,4,5,13,4,4,5,4,5,2,12,2,62,3,10,3,4,7,9,1,8,1,15,17,1,22,121.5683853,25.0288602
114,03,25,16,55,2,04大安區,大安區仁愛路3段78號,0,0,1,1,C03,8,6,5,50,14,9,1,5,4,5,13,4,4,1,4,5,2,17,1,65,2,9,3,4,7,1,3,18,1,12,19,1,22,121.5392735,25.0376141
114,03,25,17,06,2,03中山區,中山區北安路139號,0,0,1,1,C03,8,7,5,50,18,9,1,5,4,5,13,4,4,1,4,5,2,12,1,65,2,9,6,1,7,9,1,10,1,12,108,1,21,121.5330628,25.0782063
114,03,25,17,30,2,01大同區,大同區長安西路與長安西路52巷口,0,0,3,1,C03,8,6,5,50,4,1,1,5,4,5,13,1,1,5,4,5,2,17,1,60,2,9,6,1,7,5,1,10,2,14,8,1,21,121.520018,25.0502272
114,03,25,18,00,2,03中山區,中山區八德路2段312巷,0,0,1,1,B01,8,7,5,30,14,9,1,5,4,5,13,4,4,10,5,5,2,12,1,58,3,10,7,1,7,14,1,4,1,4,40,1,21,121.5436135,25.0455616
114,03,25,18,05,2,02萬華區,萬華區雙園街與雙園街152巷口,0,0,3,1,C03,8,6,5,30,4,1,1,5,4,5,13,4,4,9,5,5,2,15,1,59,3,10,6,1,7,9,1,9,2,11,118,1,23,121.4918738,25.0317154
114,03,25,18,06,2,02萬華區,萬華區西藏路與西藏路286巷口,0,0,3,1,C03,8,6,5,50,3,2,1,5,4,5,13,4,4,1,4,5,2,12,1,52,2,9,6,1,7,8,1,10,1,15,100,1,21,121.5009537,25.0295678
114,03,25,18,16,2,02萬華區,萬華區國興路與國興路1巷口,0,0,1,1,B03,8,7,5,30,3,1,1,5,4,5,13,4,4,8,3,5,2,16,2,52,3,10,7,1,7,1,1,8,1,4,19,1,21,121.5085021,25.02338571
114,03,25,18,18,2,12內湖區,內湖區瑞湖街與民權東路6段15巷口,0,0,1,1,B03,8,5,5,50,4,1,1,5,4,5,13,2,1,5,5,5,2,17,2,37,3,10,7,1,7,5,1,8,1,4,8,1,21,121.5769151,25.06895379
114,03,25,18,30,2,12內湖區,內湖區行善路417巷內,0,0,1,1,B02,8,5,5,50,14,9,1,5,4,5,13,4,4,9,5,5,2,17,1,37,3,10,7,1,7,1,1,8,2,8,19,1,21,121.5869773,25.0645802
114,03,25,18,42,2,11南港區,南港區南港路1段277巷與南港路1段287巷2弄口,0,0,1,1,B03,7,7,5,30,3,2,1,5,4,5,13,4,4,9,5,5,2,16,1,57,3,10,3,1,7,11,1,8,1,8,10,1,21,121.6087191,25.0541737
114,03,25,19,06,2,02萬華區,萬華區環河南路2段與環河南路2段280巷口,0,0,1,1,C03,8,5,5,30,5,1,1,5,4,5,13,1,1,9,5,5,2,17,1,63,3,10,5,1,7,5,1,10,1,11,44,1,21,121.491236,25.0321627
114,03,25,20,25,2,05中正區,中正區中華路1段與秀山街口,0,0,1,1,C03,8,5,5,50,3,1,1,5,4,5,13,4,4,1,4,5,2,17,1,22,2,9,5,1,7,9,1,10,2,11,16,1,21,121.5086722,25.042897
114,03,25,20,48,2,10文山區,文山區秀明路2段與秀明路2段112巷口,0,0,1,1,B03,7,5,6,50,4,1,1,5,4,5,13,1,1,10,5,5,2,16,1,49,3,10,7,1,7,5,1,8,2,6,8,1,21,121.5768866,24.9906898
114,03,25,20,51,2,02萬華區,萬華區中華路2段與中華路2段467巷口,0,0,1,1,B03,8,5,5,50,3,18,1,5,4,5,13,3,1,9,4,4,2,9,1,64,3,10,7,1,7,9,1,8,1,4,44,1,21,121.5112063,25.0243572
114,03,25,20,57,2,03中山區,中山區吉林路與錦州街口,0,0,2,1,B01,7,5,5,50,4,1,5,5,4,5,13,1,1,10,5,5,2,16,1,62,3,10,7,1,7,6,1,4,1,5,9,1,21,121.5220336,25.05794375
114,03,25,20,59,2,05中正區,中正區南海路60號對面,0,0,1,1,C03,8,5,5,50,14,9,1,5,4,5,13,4,4,5,4,5,2,17,2,69,2,7,5,1,7,5,1,10,2,12,8,1,22,121.5091093,25.0304344
114,03,25,21,01,2,05中正區,中正區牯嶺街73號,0,0,1,1,C03,8,5,5,50,14,9,1,5,4,5,13,4,4,9,5,5,2,16,1,27,3,10,5,4,7,1,1,10,1,13,19,1,21,121.5174997,25.0286494
114,03,25,22,08,2,02萬華區,萬華區開封街2段與漢中街口,0,0,1,1,C03,8,5,5,30,3,1,1,5,4,5,13,4,4,10,4,5,2,17,2,38,2,8,5,4,7,7,1,10,1,13,44,1,21,121.5079918,25.0463298
114,03,25,22,12,2,10文山區,文山區木新路2段293號,0,0,2,1,C03,7,5,8,50,22,22,1,5,4,5,13,1,1,5,4,5,2,17,2,57,2,9,3,4,7,1,3,18,2,14,19,1,22,121.5655039,24.9828214
114,03,25,22,13,2,03中山區,中山區市民大道2段71號,0,0,1,1,C03,7,5,5,40,14,9,5,5,4,5,13,4,4,10,5,5,2,13,2,18,3,10,5,1,7,9,1,10,1,11,16,1,21,121.5292907,25.0464904
114,03,25,22,19,2,03中山區,中山區市民大道2段與市民大道2段67巷口,0,0,1,1,C03,7,5,5,40,14,9,1,5,4,5,13,4,4,1,4,5,2,13,1,18,2,8,3,4,7,9,1,10,1,11,16,1,21,121.5296976,25.0463205
114,03,25,22,44,2,12內湖區,內湖區新明路與新明路298巷口,0,0,1,1,B01,8,5,5,50,4,1,1,5,4,5,13,1,1,5,4,5,2,17,1,63,3,10,7,1,7,5,1,4,2,8,71,1,21,121.5821978,25.0556328
114,03,25,22,45,2,09北投區,北投區三合街1段63號,0,0,1,1,C03,7,5,5,40,14,9,1,5,4,5,13,4,4,9,5,5,2,18,1,46,2,8,5,1,7,9,1,9,8,14,21,1,21,121.5055433,25.1270186
114,03,25,22,46,2,08士林區,士林區承德路4段與承德路4段195巷口,0,0,1,1,C03,8,5,5,50,3,2,1,5,4,5,13,3,1,10,4,5,1,17,2,24,2,9,6,1,7,6,1,10,1,13,72,1,21,121.5219579,25.0884056
114,03,25,23,09,2,12內湖區,內湖區康湖路與康寧路3段75巷207弄口,0,0,1,1,B03,8,5,5,50,3,1,1,5,4,5,13,2,1,5,4,5,2,17,1,59,3,10,7,1,7,6,1,8,2,2,9,1,21,121.6135665,25.0779319
114,03,25,23,22,2,02萬華區,萬華區國興路46號,0,0,1,1,B03,7,5,5,30,14,9,1,5,4,5,13,4,4,9,5,5,2,12,1,42,3,10,3,4,7,4,1,8,2,2,94,1,22,121.5074155,25.0250642
114,03,25,23,25,2,12內湖區,內湖區港華街與港華街85巷口,0,0,2,1,C03,7,5,5,30,3,1,1,5,4,5,13,4,4,9,5,5,1,16,1,49,2,9,6,1,7,5,1,10,1,11,72,1,21,121.5743173,25.0832685
114,03,26,00,53,2,07信義區,信義區永吉路與松隆路口,0,0,1,1,B01,7,5,5,30,5,1,1,5,4,5,13,2,1,10,5,5,2,13,1,63,3,10,7,1,7,9,1,4,9,5,108,1,21,121.5703426,25.0456298
114,03,26,03,29,2,04大安區,大安區忠孝東路4段205巷與忠孝東路4段181巷7弄口,0,0,1,1,C03,8,5,5,30,4,1,1,5,4,5,13,4,4,10,5,5,2,15,1,24,2,9,6,1,7,9,3,18,1,11,72,1,21,121.5519094,25.0420891
114,03,26,06,50,2,05中正區,中正區重慶南路3段與福州街口,0,0,1,1,B03,8,7,5,50,5,1,1,5,4,5,13,2,1,3,4,5,2,17,2,31,3,10,7,1,7,6,1,8,1,6,42,1,21,121.5164996,25.0277044
114,03,26,07,05,2,06松山區,松山區南京東路3段300號,0,0,1,1,B03,8,5,5,40,14,9,1,5,4,5,13,1,1,9,4,4,2,17,1,50,3,10,7,1,7,9,1,8,1,5,80,1,21,121.5466052,25.0516823
114,03,26,07,15,2,08士林區,士林區至誠路1段297號,0,0,1,1,C03,8,6,5,30,14,9,1,5,4,5,13,4,4,5,5,5,2,17,1,43,3,10,6,1,7,4,1,10,9,17,1,2,21,121.5312901,25.1018144
114,03,26,07,32,2,08士林區,士林區忠誠路2段與忠誠路2段50巷口,0,0,1,1,B03,8,6,5,50,3,1,1,5,4,5,13,2,1,1,4,4,2,16,1,67,3,10,7,1,7,5,1,8,1,6,8,1,21,121.5305107,25.1107281
114,03,26,07,39,2,10文山區,文山區木新路3段與木新路3段172巷口口,0,0,1,1,C03,8,7,5,30,3,1,1,5,4,5,13,4,4,10,4,4,2,16,1,48,3,10,5,1,7,5,1,10,2,12,74,1,21,121.5607921,24.9816733
114,03,26,07,40,2,04大安區,大安區仁愛路4段與敦化南路1段口口,0,0,2,1,B03,8,6,5,50,4,1,1,5,4,5,13,2,1,1,4,5,2,16,2,42,3,10,3,4,7,1,1,8,1,8,19,1,22,121.5485867,25.0386174
114,03,26,07,43,2,03中山區,中山區北安路與明水路口,0,0,1,1,B03,8,7,5,50,11,9,1,5,4,5,13,4,4,1,4,5,2,12,1,53,3,10,3,4,7,9,1,8,1,2,17,1,21,121.5518384,25.08583358
114,03,26,08,05,2,10文山區,文山區木柵路1段與景美溪橋口,0,0,1,1,C03,8,5,5,50,3,2,1,5,4,5,13,2,1,5,4,5,1,13,2,33,2,9,5,1,7,9,1,10,1,11,16,1,21,121.5452729,24.9867777
114,03,26,08,17,2,01大同區,大同區重慶北路3段120巷與重慶北路3段136巷口,0,0,1,1,C03,8,6,5,30,5,2,1,5,4,5,13,4,4,5,5,5,2,13,1,50,3,10,6,1,7,9,1,10,1,11,14,1,21,121.5122483,25.067259
114,03,26,08,17,2,10文山區,文山區景明街與興隆路1段70巷11弄口,0,0,3,1,C03,8,6,5,30,4,1,1,5,4,5,13,4,4,10,5,5,2,15,1,63,2,7,6,1,7,9,1,10,1,11,72,1,21,121.5409329,25.0015397
114,03,26,08,20,2,12內湖區,內湖區民權東路6段120巷底,0,0,1,1,B02,8,6,5,30,3,1,1,5,4,5,13,4,4,10,5,5,2,15,1,44,3,10,7,1,7,1,1,8,1,8,19,1,21,121.5872204,25.066549
114,03,26,08,25,2,08士林區,士林區延平北路5段與重慶北路4段49巷口,0,0,1,1,B03,8,6,5,30,4,1,1,5,4,5,13,2,1,10,5,5,2,16,1,68,4,11,3,4,7,21,7,19,11,15,118,2,22,121.510676,25.0809982
114,03,26,08,30,2,05中正區,中正區重慶南路3段117號,0,0,2,1,C03,8,6,6,50,14,9,1,5,4,5,13,1,1,3,4,5,2,17,2,39,2,9,5,1,7,7,1,10,1,14,100,1,21,121.5168652,25.0241004
114,03,26,08,38,2,05中正區,中正區中華路1段與酉陽街口,0,0,1,1,B13,8,5,5,50,3,1,1,5,4,5,13,4,4,10,4,5,2,16,1,53,3,10,7,1,7,6,1,8,1,2,9,1,21,121.5089739,25.04382285
114,03,26,08,49,2,06松山區,松山區松河街與饒河街221巷口,0,0,1,1,C03,8,7,5,40,3,1,1,5,4,5,13,1,1,9,5,5,2,16,2,30,2,8,5,1,7,5,1,10,1,12,71,1,22,121.5766147,25.0513659
114,03,26,08,57,2,04大安區,大安區四維路170巷與大安路2段口,0,0,1,1,B03,8,6,5,40,3,1,1,5,4,5,13,2,1,10,5,5,2,16,1,34,3,10,3,4,7,11,1,8,1,5,10,1,22,121.5461211,25.0282845
114,03,26,09,07,2,03中山區,中山區長春路258巷與長春路258巷2弄口,0,0,1,1,C03,7,7,5,30,4,1,1,5,4,5,13,4,4,10,5,5,1,17,2,60,2,7,5,1,7,9,1,10,1,12,72,1,21,121.538486,25.05436408
114,03,26,09,17,2,07信義區,信義區忠孝東路5段與松山路口,0,0,1,1,B03,8,7,5,50,4,1,1,5,4,5,13,1,1,9,4,5,2,12,1,55,3,10,3,4,7,8,1,8,2,6,100,1,21,121.5777372,25.0405749
114,03,26,09,28,2,06松山區,松山區敦化南路1段57號,0,0,1,1,A02,8,7,5,30,14,9,1,5,4,5,13,1,1,1,4,4,2,16,1,62,3,10,7,4,7,1,1,2,1,1,19,1,21,121.5491459,25.0460632
114,03,26,09,52,2,07信義區,(崇德街40號前),0,0,2,1,C03,8,6,5,50,4,1,1,5,4,5,13,4,4,5,5,5,2,13,2,24,2,7,6,1,7,9,1,10,1,11,16,1,22,121.5538804,25.0242826
114,03,26,10,00,2,08士林區,士林區福林路士林官邸,0,0,1,1,F02,8,7,5,50,14,9,1,5,4,5,13,3,1,5,5,5,2,17,2,25,2,7,4,1,7,1,8,20,1,12,72,1,21,121.5302503,25.09519031
114,03,26,10,20,2,04大安區,大安區羅斯福路3段301號旁,0,0,1,1,C03,8,6,5,50,14,9,1,5,4,5,13,1,1,10,3,5,1,13,1,21,3,10,3,4,7,15,1,10,2,11,16,1,21,121.5324542,25.01725
114,03,26,10,28,2,08士林區,士林區天母西路62巷,0,0,1,1,C03,8,6,5,30,14,9,1,5,4,5,13,4,4,10,5,5,1,16,1,26,2,9,6,1,7,9,1,10,1,14,108,1,21,121.5240421,25.11808426
114,03,26,10,48,2,09北投區,北投區中央北路4段584號,0,0,2,1,C03,7,5,6,50,14,9,1,5,4,5,13,4,4,5,4,5,2,13,1,17,2,9,5,1,7,9,2,18,1,11,16,1,21,121.5120778,25.10986893
114,03,26,10,53,2,10文山區,文山區萬慶街與景福街230巷口,0,0,3,1,C03,8,6,5,30,4,1,1,5,4,5,13,4,4,10,5,5,1,16,1,43,2,9,5,1,7,6,6,18,2,14,72,1,21,121.5389029,24.9931453
114,03,26,11,18,2,01大同區,大同區延平北路1段與南京西路口,0,0,2,1,A04,8,6,5,50,4,18,1,5,4,5,13,1,1,5,4,5,2,2,1,59,3,10,7,1,7,6,1,2,2,15,70,1,21,121.5118554,25.053864
114,03,26,12,00,2,02萬華區,萬華區西園路2段與西藏路口,0,0,1,1,C03,8,6,5,50,22,9,1,5,4,5,13,1,1,10,4,5,2,13,1,24,2,8,6,1,7,9,1,10,1,11,108,1,21,121.4955199,25.0283895
114,03,26,12,01,2,07信義區,信義區光復南路439號,0,0,1,1,B03,7,6,5,50,14,9,1,5,4,5,13,4,4,3,4,5,2,13,1,51,3,10,7,1,7,12,1,8,2,3,100,1,21,121.5575884,25.03566
114,03,26,12,05,2,10文山區,文山區木柵路4段77號,0,0,1,1,B03,8,7,5,50,3,1,1,5,4,5,13,3,1,5,4,5,2,16,1,65,3,10,7,1,7,1,1,8,1,8,19,1,21,121.5719871,24.9958469
114,03,26,12,13,2,03中山區,中山區建國北路1段75號,0,0,1,1,B01,8,7,5,50,14,9,1,5,4,5,13,4,4,1,4,5,2,16,1,60,3,10,7,1,7,8,1,1,1,5,100,1,22,121.5369397,25.05146248
114,03,26,12,34,2,12內湖區,內湖區環山路1段與環山路1段28巷口口,0,0,1,1,C03,8,5,5,50,3,1,1,5,4,5,13,1,1,5,4,5,2,16,1,19,2,9,6,1,7,5,1,10,1,11,71,1,25,121.5655139,25.0854003
114,03,26,12,39,2,04大安區,大安區羅斯福路4段與基隆路4段口,0,0,1,1,B03,8,7,5,50,4,2,1,5,4,5,13,2,1,1,4,5,2,17,2,50,4,11,3,4,7,7,1,8,11,17,100,2,22,121.5369552,25.0117133
114,03,26,13,34,2,11南港區,南港區南港路3段149巷37號,0,0,1,1,B03,8,6,5,50,14,9,1,5,4,5,13,4,4,9,2,5,2,12,1,44,3,10,7,1,7,1,1,8,1,5,19,1,21,121.5854922,25.0516097
114,03,26,13,37,2,08士林區,士林區中正路與中正路247巷口,0,0,1,1,B03,8,6,5,50,3,1,1,5,4,5,13,1,1,1,4,5,2,12,1,47,3,10,3,4,7,8,1,8,2,5,100,1,21,121.5254007,25.0952838
114,03,26,13,55,2,11南港區,南港區經貿一路與經貿二路105巷口,0,0,1,1,B03,8,6,5,50,3,1,1,5,4,5,12,2,1,5,4,5,2,3,1,56,3,10,3,4,7,5,1,8,2,1,108,1,21,121.6194451,25.0592124
114,03,26,14,00,2,03中山區,中山區伊通街63號,0,0,1,1,B03,8,6,5,50,14,9,1,5,4,5,13,4,4,9,5,5,2,12,1,66,3,10,3,4,7,13,1,8,1,4,40,1,21,121.5348189,25.0514422
114,03,26,14,00,2,09北投區,北投區大度路(燈桿1205121)往台北汽車道,0,0,1,1,B03,8,6,5,70,14,7,1,5,4,5,13,4,4,9,4,3,1,23,1,27,3,10,7,1,7,9,1,8,1,5,108,1,21,121.4741719,25.12257032
114,03,26,14,18,2,03中山區,中山區中山北路4段往北機車道,0,0,1,1,C03,8,7,5,40,14,9,1,5,4,5,13,4,4,1,4,5,2,13,2,48,3,10,5,1,7,9,1,10,1,11,108,1,22,121.5256692,25.0743366
114,03,26,14,23,2,07信義區,大安區和平東路3段與和平東路3段631巷口口,0,0,1,1,B03,8,6,5,30,5,1,1,5,4,5,13,3,1,5,4,5,2,13,1,74,3,10,7,1,7,9,1,8,1,1,118,1,22,121.5632694,25.013317
114,03,26,14,31,2,06松山區,松山區民權東路3段與復興北路口近復興北路,0,0,2,1,C03,8,6,5,50,3,2,1,5,4,5,13,1,1,8,3,4,1,13,1,48,2,9,3,1,7,9,1,10,1,12,108,1,21,121.5447318,25.0622304
114,03,26,14,37,2,06松山區,松山區麥帥一橋往內湖6511066燈桿前,0,0,2,1,B03,8,7,5,80,14,9,1,5,4,5,13,4,4,1,4,5,2,13,2,21,2,8,7,1,7,9,1,8,2,1,16,1,21,121.5722569,25.05237534
114,03,26,14,39,2,03中山區,中山區民族東路516號,0,0,1,1,B03,8,7,5,50,14,9,1,5,4,5,13,4,4,9,4,5,2,17,1,69,3,10,7,1,7,9,1,8,1,2,108,1,21,121.542232,25.06785364
114,03,26,15,16,2,04大安區,大安區敦化南路1段236巷1號,0,0,1,1,B03,8,6,5,30,14,9,1,5,4,5,13,4,4,10,5,5,1,17,1,73,3,10,3,4,7,1,1,8,1,8,19,1,21,121.547913,25.0405487
114,03,26,15,46,2,04大安區,大安區市民大道4段與敦化南路1段口,0,0,2,1,C03,8,6,5,40,4,2,1,5,4,5,13,1,1,1,4,5,2,13,2,36,2,9,5,1,7,9,1,10,1,13,44,1,21,121.5484229,25.0448273
114,03,26,15,51,2,12內湖區,內湖區瑞光路290號,0,0,1,1,F01,8,7,8,0,22,20,4,5,4,4,13,4,4,10,5,5,2,24,2,67,2,9,4,1,7,9,8,20,2,14,108,1,21,121.5754274,25.0759632
114,03,26,16,04,2,11南港區,南港區市民大道7段0402142燈桿前,0,0,1,1,C03,8,6,5,50,14,9,1,5,4,5,13,4,4,1,4,5,2,17,1,65,2,9,6,1,7,9,1,10,1,14,16,1,21,121.5851526,25.049917
114,03,26,16,06,2,08士林區,士林區仰德大道2段與仰德大道2段47巷口,0,0,2,1,C03,7,6,5,40,3,1,1,5,4,5,13,4,4,4,5,5,1,16,2,33,2,9,6,1,7,5,1,10,1,12,74,1,22,121.5439278,25.1051517
114,03,26,16,55,2,08士林區,士林區雙溪街32號,0,0,1,1,C03,8,6,5,30,11,9,1,5,4,5,13,4,4,5,5,5,2,18,1,74,2,1,5,1,7,9,1,8,1,14,42,1,26,121.5307567,25.1006725
114,03,26,17,40,2,05中正區,中正區青島東路與林森南路口,0,0,1,1,C03,8,5,5,50,4,1,1,5,4,5,13,1,1,5,4,4,2,16,1,48,3,10,6,1,7,6,1,10,1,12,9,1,22,121.5229849,25.0436
114,03,26,17,42,2,04大安區,大安區信義路3段158號,0,0,2,1,C03,8,6,5,50,14,9,1,5,4,5,13,4,4,1,4,4,2,12,1,39,2,9,6,1,7,7,1,10,1,12,100,1,21,121.5412463,25.0333304
114,03,26,17,49,2,02萬華區,萬華區中華路2段與中華路2段416巷口,0,0,1,1,B03,8,7,5,50,4,1,1,5,4,5,13,1,1,9,4,4,2,16,2,74,3,10,7,1,7,5,1,8,1,2,71,1,21,121.5058807,25.0279895
114,03,26,17,56,2,12內湖區,內湖區金莊路與行善路383巷口,0,0,1,1,B01,8,5,5,50,4,1,1,5,4,5,13,2,1,5,5,5,2,17,1,56,3,10,7,1,7,11,1,4,1,1,10,1,21,121.5875998,25.0636281
114,03,26,18,16,2,03中山區,中山區建國北路2段與興安街口往南,0,0,2,1,C03,7,5,5,50,3,2,5,5,4,5,13,1,1,10,5,5,2,12,2,49,2,9,5,1,7,9,1,10,1,12,17,1,21,121.5447703,25.0372991
114,03,26,18,32,2,07信義區,信義區松山路與松山路292巷口,0,0,1,1,B03,7,5,5,50,3,2,1,5,4,5,13,1,1,1,4,5,2,13,1,28,3,10,3,4,7,9,1,8,2,8,108,1,22,121.5778405,25.0430447
114,03,26,18,37,2,04大安區,大安區辛亥路2段與復興南路2段口,0,0,1,1,C03,8,5,5,50,4,1,1,5,4,5,13,1,1,10,5,5,2,17,2,42,3,10,5,1,7,12,1,10,1,12,44,1,21,121.5433626,25.021483
114,03,26,18,45,2,04大安區,大安區仁愛路4段48巷30號,0,0,1,1,B01,8,5,5,30,14,9,1,5,4,5,13,4,4,10,5,5,2,9,1,68,3,10,7,1,7,9,1,4,1,2,70,1,21,121.5470595,25.0363506
114,03,26,18,55,2,03中山區,中山區林森北路281號,0,0,1,1,B01,8,5,5,50,14,9,1,5,4,5,13,4,4,9,5,5,2,17,2,44,3,10,7,1,7,9,1,4,1,1,44,1,21,121.5254708,25.0555067
114,03,26,19,03,2,05中正區,中正區貴陽街1段與懷寧街口口,0,0,1,1,B01,8,5,5,50,3,1,1,5,4,5,13,4,4,10,5,5,2,16,1,42,3,10,7,1,7,5,1,2,2,8,74,1,21,121.5137555,25.0387619
114,03,26,19,07,2,09北投區,北投區三合街1段與三合街1段118巷口,0,0,2,1,C03,8,5,5,40,4,1,1,5,4,5,13,3,1,5,5,5,2,16,1,49,2,8,5,1,7,5,1,10,2,12,71,1,21,121.5042255,25.1267766
114,03,26,19,21,2,08士林區,士林區德行東路與忠誠路2段口,0,0,2,1,C03,7,5,5,50,4,2,1,5,4,5,13,2,1,1,4,4,2,6,1,42,2,8,6,4,7,9,1,10,11,11,70,2,21,121.5305757,25.1084592
114,03,26,19,22,2,01大同區,大同區南京西路與太原路口,0,0,1,1,C03,7,5,5,50,4,1,1,5,4,5,13,2,1,1,4,5,2,16,1,64,2,9,3,4,7,5,1,10,1,14,118,1,21,121.5160705,25.05358
114,03,26,20,07,2,04大安區,大安區敦化南路1段與敦化南路1段190巷口口,0,0,1,1,B03,8,5,5,50,4,1,1,5,4,5,13,2,1,5,5,5,2,17,1,37,3,10,7,1,7,5,1,8,1,17,71,1,22,121.5488468,25.0426217
114,03,26,20,07,2,05中正區,中正區中華路2段與南海路口,0,0,1,1,B01,7,5,5,50,4,1,1,5,4,5,13,1,1,5,4,5,2,17,1,51,3,10,7,1,7,5,1,4,2,1,71,1,22,121.5071342,25.0267922