發生年度,發生月,發生日,發生時-Hours,發生分,處理別-編號,區序,肇事地點,死亡人數,2-30日死亡人數,受傷人數,當事人序號,車種,天候,光線,道路類別,速限-速度限制,道路型態,事故位置,路面狀況1,路面狀況2,路面狀況3,道路障礙1,道路障礙2,號誌1,號誌2,車道劃分-分向,車道劃分-分道1,車道劃分-分道2,車道劃分-分道3,事故類型及型態,性別,年齡,受傷程度,主要傷處,保護裝置,行動電話,車輛用途,當事者行動狀態,駕駛資格情形,駕駛執照種類,飲酒情形,車輛撞擊部位1,肇因碼-個別,個人肇逃否,職業,座標-X,座標-Y
114,03,26,21,04,2,07信義區,信義區松仁路與松平路口,0,0,1,1,B03,7,5,5,50,4,1,1,5,4,5,13,1,1,9,4,5,2,17,1,60,3,10,3,4,7,11,1,8,2,2,103,1,22,121.5682459,25.030319
114,03,26,21,08,2,11南港區,南港區南港路2段與南港路2段41巷口口,0,0,1,1,B03,7,5,5,50,3,1,1,5,4,5,13,2,1,5,4,4,2,15,1,71,3,10,3,4,7,11,1,8,1,6,71,1,22,121.6026513,25.0536158
114,03,26,21,17,2,12內湖區,內湖區瑞光路583巷與基湖路3巷口,0,0,1,1,C03,7,5,5,50,4,1,1,5,4,5,13,3,1,8,3,5,1,15,1,22,2,9,6,1,7,9,1,10,2,12,72,1,21,121.5678786,25.0803324
114,03,26,21,34,2,02萬華區,萬華區堤外便道DSR283,0,0,2,1,C03,8,5,7,40,14,11,1,5,4,5,13,4,4,9,5,5,2,12,2,19,2,9,5,1,7,4,1,10,1,14,108,1,21,121.4962053,25.03912948
114,03,26,22,25,2,09北投區,北投區承德路7段與實踐街口,0,0,1,1,F01,8,5,6,60,14,8,1,5,4,5,13,4,4,5,4,3,2,12,1,33,2,1,3,4,7,8,8,20,2,13,100,1,21,121.5067448,25.1146111
114,03,26,22,41,2,08士林區,士林區延平北路6段與社子街口,0,0,1,1,B03,7,5,5,30,3,2,1,5,4,5,13,2,1,10,5,5,1,3,2,63,3,10,7,1,7,5,1,8,2,8,70,1,21,121.505394,25.08956336
114,03,26,23,10,2,04大安區,大安區復興南路2段171巷與和平東路2段265巷口,0,0,1,1,C03,8,5,5,30,4,1,1,5,4,5,13,4,4,10,5,5,2,15,1,20,2,9,5,1,7,9,1,9,1,14,72,1,22,121.5440683,25.0277384
114,03,26,23,36,2,11南港區,南港區興南街150號,0,0,1,1,B03,7,5,5,30,14,9,1,5,4,5,13,4,4,8,3,5,2,12,1,26,3,10,3,4,7,5,1,8,2,8,8,1,21,121.5988791,25.0550748
114,03,27,02,08,2,03中山區,中山區民族東路與濱江街180巷口,0,0,1,1,C03,7,5,5,50,4,1,1,5,4,5,13,1,1,3,4,5,2,17,1,27,3,10,6,1,7,9,1,10,1,17,81,1,21,121.538122,25.06809994
114,03,27,02,29,2,02萬華區,萬華區昆明街與武昌街2段口,0,0,1,1,C03,8,5,5,50,4,1,1,5,4,5,13,2,1,8,3,5,1,3,1,63,3,10,5,1,7,9,1,10,1,11,108,1,21,121.5054188,25.0449877
114,03,27,05,52,2,01大同區,大同區延平北路2段與南京西路口,0,0,1,1,C03,7,5,5,50,4,2,1,5,4,5,13,2,1,4,4,5,2,16,1,20,3,10,3,4,7,6,1,10,1,12,9,1,21,121.5117424,25.05391004
114,03,27,07,08,2,02萬華區,萬華區貴陽街2段與柳州街口,0,0,3,1,B03,7,6,8,50,4,1,1,5,4,5,13,2,1,5,4,5,2,17,1,48,3,10,7,1,7,7,1,8,1,4,80,1,21,121.5055864,25.0395437
114,03,27,07,39,2,04大安區,大安區和平東路2段與復興南路2段口,0,0,2,1,A02,8,6,5,50,4,1,1,5,4,5,13,1,1,8,3,5,2,13,1,44,3,10,3,4,7,9,1,6,1,5,108,1,21,121.5430999,25.0248296
114,03,27,07,40,2,05中正區,中正區和平西路1段與廈門街口口,0,0,3,1,C03,8,6,5,50,4,1,1,5,4,5,13,1,1,1,4,5,1,16,1,56,2,8,6,1,7,5,6,10,2,12,71,1,21,121.5183356,25.0264979
114,03,27,07,45,2,07信義區,信義區信義路6段102號,0,0,2,1,C03,8,6,5,50,14,9,1,5,4,5,13,4,4,9,4,5,1,17,2,34,2,9,6,1,7,9,1,10,1,14,44,1,22,121.5777847,25.03589403
114,03,27,07,57,2,11南港區,南港區忠孝東路7段與忠孝東路7段124巷17弄口,0,0,1,1,C03,8,6,5,50,4,1,1,5,4,5,13,2,1,1,3,4,2,13,1,18,3,10,3,4,7,9,1,10,1,11,16,1,21,121.6038071,25.0516924
114,03,27,07,59,2,09北投區,北投區大度路3段301巷19號,0,0,2,1,C03,8,6,5,30,3,2,1,5,4,5,13,4,4,10,5,5,2,11,2,43,2,8,6,1,7,15,1,10,1,11,5,1,21,121.4663043,25.1225881
114,03,27,08,09,2,09北投區,北投區大度路與承德路7段口,0,0,1,1,A41,7,7,5,50,5,2,1,5,4,5,13,1,1,1,4,5,2,12,1,42,3,10,7,1,1,1,1,3,2,8,108,1,21,121.4992195,25.12098
114,03,27,08,17,2,10文山區,文山區新光路2段與文和橋口口,0,0,2,1,C03,8,5,5,50,3,1,1,5,4,5,13,2,1,10,5,5,1,16,2,43,2,7,6,1,7,5,1,10,1,14,71,1,22,121.5963076,25.0012143
114,03,27,08,30,2,02萬華區,萬華區萬大路292號,0,0,1,1,B03,7,6,5,30,14,9,2,5,4,5,13,4,4,3,3,5,2,12,1,77,2,9,3,4,7,1,1,8,1,8,19,1,22,121.5003317,25.0252071
114,03,27,08,43,2,03中山區,中山區中山北路3段與民族西路口,0,0,1,1,C03,8,6,5,50,4,1,1,5,4,5,13,2,1,8,5,5,2,13,1,57,3,10,6,4,7,9,1,10,2,14,108,1,21,121.5226562,25.0683655
114,03,27,08,46,2,11南港區,南港區東新街與東新街170巷口,0,0,1,1,A02,8,6,5,50,3,2,1,5,4,5,13,1,1,5,4,5,2,16,1,58,3,10,7,4,7,6,1,2,1,2,9,1,21,121.5925295,25.045888
114,03,27,08,55,2,05中正區,中正區羅斯福路3段150號,0,0,1,1,B03,8,6,5,50,14,9,1,5,4,5,13,4,4,1,4,5,2,16,1,53,3,10,3,4,7,6,1,8,2,2,9,1,21,121.5285125,25.0202382
114,03,27,09,00,2,04大安區,大安區信義路4段與敦化南路2段口,0,0,1,1,B03,8,6,5,50,4,1,1,5,4,5,13,1,1,8,3,5,2,12,2,42,3,10,3,4,7,7,1,8,1,5,100,1,21,121.548989,25.0331682
114,03,27,09,20,2,03中山區,中山區中山北路4段與中山橋口下,0,0,2,1,C03,7,6,5,50,4,1,1,5,4,5,13,1,1,1,5,5,2,16,2,52,2,8,6,1,7,5,1,10,9,12,98,1,21,121.5257292,25.0742492
114,03,27,09,24,2,12內湖區,內湖區永保街與安康路口,0,0,2,1,B03,8,7,5,50,3,1,1,5,4,5,13,4,4,5,5,5,2,16,1,62,3,10,7,1,7,5,1,8,2,8,8,1,21,121.6070047,25.0645515
114,03,27,09,29,2,07信義區,信義區和平東路3段179號,0,0,1,1,A31,8,7,5,50,14,9,1,5,4,5,13,4,4,1,4,5,2,17,1,53,3,10,7,1,7,9,1,1,1,1,108,1,22,121.553126,25.0239518
114,03,27,09,48,2,04大安區,大安區基隆路3段75號,0,0,2,1,C03,8,6,5,50,14,9,1,5,4,5,13,4,4,1,3,5,2,16,1,24,2,8,6,1,7,8,1,10,1,12,100,1,21,121.5452406,25.01766769
114,03,27,09,57,2,09北投區,北投區義理街63巷4弄與立農街2段278巷口,0,0,3,1,C03,8,6,5,30,4,1,1,5,4,5,13,4,4,10,5,5,2,15,1,21,2,9,6,1,7,9,1,10,2,12,75,1,21,121.5154403,25.1181552
114,03,27,10,00,2,03中山區,中山區龍江路與合江街71巷口,0,0,2,1,F01,8,7,5,30,4,1,1,5,4,5,13,4,4,9,4,5,2,17,2,70,2,9,4,1,7,6,8,20,1,14,72,1,21,121.5406833,25.058443
114,03,27,10,20,2,03中山區,中山區民生東路3段與遼寧街口,0,0,1,1,A04,8,6,5,50,14,9,1,5,4,5,13,2,1,9,3,5,2,13,1,62,3,10,7,4,7,8,1,2,2,1,76,1,21,121.5420168,25.0577013
114,03,27,11,00,2,04大安區,大安區仁愛路4段151巷與忠孝東路4段216巷32弄口,0,0,1,1,C03,7,7,5,30,4,1,1,5,4,5,13,4,4,10,5,5,2,15,1,58,2,9,6,1,7,9,1,10,1,12,75,1,21,121.5517884,25.0399014
114,03,27,12,07,2,08士林區,士林區前港街70號,0,0,1,1,B03,8,6,5,30,14,9,1,5,4,5,13,4,4,10,5,5,1,16,1,71,3,10,3,4,7,11,1,8,2,8,10,1,22,121.5203343,25.0849249
114,03,27,12,11,2,06松山區,松山區光復北路與南京東路5段口,0,0,1,1,C03,8,7,5,50,4,1,1,5,4,5,13,2,1,9,4,5,2,17,1,29,2,7,6,1,7,5,1,10,1,13,8,1,22,121.5577448,25.0515257
114,03,27,12,17,2,03中山區,中山區建國北路3段與松江路口,0,0,2,1,B13,8,5,5,50,4,1,1,5,4,5,13,2,1,1,4,5,2,16,1,43,3,10,3,4,7,9,1,8,1,2,44,1,21,121.5333431,25.06769027
114,03,27,12,47,2,09北投區,北投區三合街1段與三合街1段36巷口,0,0,1,1,B03,8,7,5,40,4,1,1,5,4,5,13,3,1,10,5,4,2,17,1,70,3,10,7,1,7,11,1,8,9,17,118,1,22,121.5063252,25.1272271
114,03,27,12,47,2,07信義區,信義區松仁路與松勤街口,0,0,1,1,C03,8,6,5,50,4,2,1,5,4,5,13,1,1,9,4,5,2,18,2,27,2,9,6,1,7,9,1,10,9,14,116,1,22,121.568375,25.0320211
114,03,27,12,51,2,06松山區,松山區慶城街20號,0,0,2,1,B01,8,6,5,30,14,9,1,5,4,5,13,4,4,9,4,5,2,13,1,57,3,10,7,1,7,1,1,8,1,4,19,1,22,121.5454066,25.0535322
114,03,27,13,00,2,03中山區,中山區市民大道3段與新生北路1段口,0,0,1,1,C03,7,7,5,40,4,1,1,5,4,5,13,2,1,9,4,5,2,17,2,38,2,9,5,1,7,9,1,10,1,11,108,1,21,121.5309797,25.0460577
114,03,27,13,12,2,08士林區,士林區中山北路5段與中山北路5段口南往北一般車道第1104587號路燈桿,0,0,1,1,C03,8,7,5,50,11,9,1,5,4,5,13,4,4,1,4,5,1,17,2,19,3,10,5,1,7,9,1,10,2,17,30,1,21,121.5252954,25.08215961
114,03,27,13,20,2,07信義區,信義區信安街67巷81號,0,0,1,1,C03,8,6,5,50,14,7,1,5,4,5,13,4,4,9,4,4,2,13,1,32,2,9,5,4,7,9,1,10,1,11,108,1,22,121.5602868,25.0259463
114,03,27,13,31,2,09北投區,北投區北科路與文林北路175巷口,0,0,1,1,C03,8,7,8,50,4,1,1,5,4,5,13,4,4,5,4,5,2,15,1,62,2,9,3,4,7,9,6,10,2,11,72,1,26,121.514015,25.1066601
114,03,27,13,43,2,08士林區,士林區天母東路與忠誠路2段口,0,0,2,1,C03,8,6,5,50,4,1,1,5,4,5,13,2,1,3,3,5,2,16,1,26,2,1,5,1,7,5,1,10,1,12,71,1,22,121.5344036,25.11782945
114,03,27,13,44,2,06松山區,松山區寶清街與寶清街30巷口,0,0,1,1,C03,8,6,5,30,4,1,1,5,4,5,13,4,4,9,4,5,2,17,2,39,2,9,6,1,7,6,1,10,1,14,72,1,21,121.5681482,25.051902
114,03,27,14,11,2,03中山區,中山區市民大道3段與松江路口,0,0,1,1,B03,7,5,5,40,4,1,1,5,4,5,13,1,1,5,4,5,2,13,1,38,3,10,3,4,7,9,1,8,9,5,16,1,21,121.5210817,25.05016353
114,03,27,14,16,2,09北投區,北投區石牌路1段39巷與石牌路1段39巷131弄口,0,0,2,1,C03,8,6,5,30,4,1,1,5,4,5,13,4,4,10,5,5,2,15,2,69,2,7,5,1,7,9,1,10,1,11,72,1,21,121.5085981,25.118106
114,03,27,14,35,2,02萬華區,萬華區康定路與桂林路口,0,0,1,1,A02,7,7,5,50,14,7,1,5,4,5,13,4,4,5,4,5,2,12,2,55,3,10,3,4,7,7,1,2,1,4,100,1,22,121.5017046,25.0380133
114,03,27,15,03,2,08士林區,士林區格致路與光華路口,0,0,3,1,C03,8,5,5,40,3,1,1,5,4,5,13,4,4,5,5,5,2,17,2,22,2,8,3,4,7,5,1,10,9,12,74,1,22,121.5177914,25.08689287
114,03,27,15,10,2,11南港區,南港區舊莊街1段63號,0,0,1,1,B03,8,6,5,50,14,9,1,5,4,5,13,4,4,5,5,5,2,17,1,74,3,10,7,1,7,1,1,8,9,17,19,1,21,121.6185607,25.0411848
114,03,27,15,54,2,09北投區,北投區北投路2段與育仁路口,0,0,1,1,B03,8,7,5,50,4,1,1,5,4,5,13,1,1,5,4,5,2,16,1,32,3,10,7,1,7,5,1,10,1,2,8,1,21,121.4974662,25.1328359
114,03,27,16,10,2,08士林區,士林區中山北路6段195巷與中山北路6段口,0,0,1,1,B03,8,7,5,50,4,1,1,5,4,5,13,2,1,1,4,5,1,17,1,29,3,10,7,1,7,5,1,8,2,5,85,1,21,121.5250618,25.10789312
114,03,27,16,13,2,02萬華區,（桂林路堤外水門口）,0,0,1,1,C03,7,7,5,40,5,1,1,5,4,5,13,2,1,3,5,5,2,16,1,43,3,10,3,1,7,6,1,10,1,12,9,1,22,121.4958767,25.0390461
114,03,27,16,16,2,12內湖區,內湖區大湖街與大湖山莊街口,0,0,1,1,B03,8,6,5,30,3,1,1,5,4,5,13,4,4,5,4,5,2,2,2,58,3,10,7,1,7,5,1,8,2,17,70,1,21,121.6016676,25.085992
114,03,27,16,19,2,08士林區,士林區中正路602號,0,0,1,1,B03,8,6,5,50,14,9,1,5,4,5,13,4,4,10,4,5,2,17,2,53,3,10,7,1,7,9,1,8,1,8,44,1,21,121.5095976,25.086959
114,03,27,16,42,2,07信義區,信義區信安街與信安街67巷口口,0,0,1,1,B03,7,5,8,50,4,1,1,5,4,5,13,1,1,5,4,5,2,17,2,38,3,10,7,1,7,1,1,8,1,8,19,1,22,121.557512,25.0260424
114,03,27,16,50,2,01大同區,大同區延平北路2段與民生西路口,0,0,1,1,B03,8,6,5,50,4,1,1,5,4,5,13,1,1,5,2,5,2,17,1,71,3,10,7,1,7,10,1,8,1,5,100,1,21,121.5114477,25.05694428
114,03,27,16,54,2,05中正區,中正區基隆路4段與汀州路3段口,0,0,1,1,B12,8,7,5,50,4,1,1,5,4,5,13,2,1,5,4,5,2,17,1,56,3,10,3,4,7,6,1,8,11,2,17,1,21,121.5361433,25.0110302
114,03,27,17,00,2,05中正區,中正區愛國西路與中華路2段口口,0,0,2,1,C03,8,6,5,50,5,1,1,5,4,5,13,1,1,1,4,4,2,17,1,27,2,8,5,1,7,5,1,10,1,14,108,1,21,121.5070365,25.0369645
114,03,27,17,15,2,06松山區,松山區南京東路5段與光復北路口,0,0,1,1,B03,8,5,5,40,4,1,1,5,4,5,13,2,1,3,4,4,2,16,1,28,3,10,7,1,7,6,1,8,1,6,9,1,22,121.5574648,25.0516694
114,03,27,17,25,2,05中正區,中正區中山南路與仁愛路1段口,0,0,1,1,B03,8,7,5,50,5,2,1,5,4,5,13,1,1,10,5,5,2,13,1,63,3,10,7,1,7,9,1,8,2,1,108,1,26,121.5179388,25.0393826
114,03,27,18,09,2,07信義區,信義區松廉路76號,0,0,3,1,C03,7,5,5,50,14,9,1,5,4,5,13,4,4,9,5,5,2,16,1,25,2,9,3,4,7,5,1,10,2,11,8,1,22,121.5665095,25.0339545
114,03,27,18,20,2,09北投區,北投區承德路7段與承德路7段344巷口對面,0,0,1,1,C03,8,5,5,50,3,1,1,5,4,5,13,1,1,5,4,3,2,13,1,21,2,9,3,4,7,9,1,10,2,11,108,1,21,121.5036634,25.1174169
114,03,27,18,23,2,01大同區,大同區台北橋機慢車道(下橋處）,0,0,1,1,C03,7,5,7,40,14,11,1,5,4,5,13,1,1,1,4,5,2,18,1,59,2,9,6,1,7,9,1,10,11,14,42,1,21,121.5110274,25.06281391
114,03,27,18,24,2,01大同區,大同區西寧北路114號,0,0,2,1,C03,7,5,5,50,14,9,1,5,4,5,13,4,4,5,2,5,2,9,2,45,2,9,5,1,7,9,1,10,2,11,108,1,21,121.5089631,25.05624877
114,03,27,18,24,2,01大同區,大同區鄭州路與塔城街口,0,0,1,1,A02,8,5,5,40,14,9,1,5,4,5,13,4,4,8,1,5,1,12,1,48,3,10,3,4,7,9,1,2,1,5,44,1,21,121.5107027,25.0500311
114,03,27,18,25,2,09北投區,北投區立農街1段187巷與西安街2段口,0,0,1,1,B03,8,5,5,50,4,1,1,5,4,5,13,2,1,5,4,5,2,1,1,24,3,10,7,1,7,5,1,8,2,4,70,1,21,121.5048574,25.1208802
114,03,27,18,40,2,11南港區,南港區研究院路1段與研究院路1段130巷口,0,0,1,1,B01,7,5,5,50,4,1,1,5,4,5,13,1,1,2,3,5,2,12,1,55,3,10,3,4,7,9,1,4,2,2,17,1,22,121.6157368,25.0491375
114,03,27,19,22,2,08士林區,士林區延平北路5段285巷與延平北路5段口,0,0,1,1,C03,7,6,5,50,4,2,1,4,4,5,13,1,1,1,4,5,1,16,2,39,3,10,3,4,7,5,1,10,1,12,71,1,21,121.5095149,25.0857192
114,03,27,19,26,2,01大同區,大同區承德路3段與民族西路口,0,0,2,1,C03,8,5,5,50,5,1,1,5,4,5,13,2,1,5,4,5,2,17,2,45,2,9,6,1,7,9,1,10,1,14,17,1,21,121.5182992,25.0684808
114,03,27,21,05,2,05中正區,中正區南海路與牯嶺街口,0,0,1,1,B03,8,5,5,30,3,1,1,5,4,5,13,1,1,10,4,5,2,16,1,26,3,10,7,1,7,5,5,8,1,8,8,1,21,121.5149744,25.0319948
114,03,27,21,36,2,12內湖區,內湖區新明路與南京東路6段368巷口,0,0,1,1,B03,8,5,5,50,3,1,1,5,4,5,13,1,1,5,4,5,2,16,2,40,3,10,7,1,7,5,1,8,1,2,71,1,21,121.5871258,25.0579987
114,03,27,21,50,2,08士林區,士林區福德路與文林路口,0,0,2,1,C03,7,5,5,50,4,1,1,5,4,5,13,1,1,5,5,5,2,17,1,47,2,9,6,1,7,8,1,10,2,12,100,1,22,121.5258167,25.0925079
114,03,27,21,50,2,12內湖區,內湖區行善路與行善路59巷口口,0,0,1,1,B01,8,5,5,30,3,18,1,5,4,5,13,2,1,5,5,5,2,3,1,65,3,10,7,1,7,5,6,4,2,8,70,1,21,121.5778008,25.0577177
114,03,27,21,55,2,12內湖區,內湖區內湖路1段與內湖路1段39巷口,0,0,2,1,C02,7,5,5,50,14,7,1,5,4,5,13,4,4,1,4,1,1,12,1,22,2,9,6,1,7,7,1,9,2,14,100,1,21,121.5594569,25.0850103
114,03,27,22,00,2,03中山區,中山區天津街與林森北路138巷口,0,0,2,1,B01,8,5,5,50,3,1,1,5,4,5,13,4,4,9,5,5,2,16,2,30,3,10,7,1,7,11,1,4,1,8,10,1,21,121.5235306,25.05186878
114,03,27,22,15,2,05中正區,中正區南海路與三元街口,0,0,2,1,B03,8,5,5,50,4,1,1,5,4,5,13,1,1,5,4,5,2,17,2,53,3,10,7,1,7,6,1,8,1,5,9,1,21,121.5088769,25.0297618
114,03,27,22,46,2,07信義區,信義區光復南路449號,0,0,3,1,B03,7,5,5,50,14,9,1,5,4,5,13,4,4,1,4,5,2,17,1,41,2,9,3,4,7,15,1,8,2,1,22,1,22,121.557596,25.0349357
114,03,28,01,24,2,04大安區,大安區龍泉街與泰順街38巷口,0,0,1,1,C03,8,5,5,30,4,1,1,5,4,5,8,4,4,10,5,5,2,15,1,35,2,9,5,1,7,9,1,10,1,12,72,1,22,121.5297235,25.0245627
114,03,28,05,20,2,02萬華區,萬華區長順街與長順街107巷口,0,0,1,1,C03,8,5,5,30,4,2,1,5,4,5,13,4,4,9,5,5,2,3,1,65,3,10,6,1,7,9,1,10,1,11,108,1,26,121.4892436,25.03220423
114,03,28,06,58,2,10文山區,文山區木柵路3段（萬壽橋頭）公車站牌前,0,0,1,1,B03,7,6,5,50,14,9,1,5,4,5,13,4,4,5,4,5,2,12,1,72,3,10,3,4,7,10,1,8,2,2,100,1,21,121.5710464,24.9910674
114,03,28,07,03,2,04大安區,大安區信義路4段與復興南路2段口,0,0,1,1,B03,7,7,5,50,4,1,1,5,4,5,13,1,1,1,4,1,2,12,1,59,3,10,7,1,7,7,1,8,1,4,101,1,21,121.5436829,25.0333205
114,03,28,07,32,2,12內湖區,內湖區金湖路363巷19號,0,0,1,1,B03,7,6,5,30,14,9,1,5,4,5,13,4,4,5,5,5,2,17,1,41,3,10,7,1,7,9,1,8,2,5,108,1,21,121.6019252,25.0733045
114,03,28,07,36,2,02萬華區,萬華區中華路2段598-4號,0,0,1,1,B03,8,6,5,50,14,7,1,5,4,5,13,4,4,9,4,4,2,17,1,43,3,10,7,1,7,9,1,6,1,5,108,1,21,121.5095851,25.0247808
114,03,28,07,44,2,09北投區,北投區承德路7段與實踐街口,0,0,1,1,C03,8,6,5,30,3,1,1,5,4,5,13,1,1,10,5,5,2,17,2,37,2,7,5,1,7,5,1,10,2,12,17,1,21,121.5071178,25.1141982
114,03,28,07,56,2,03中山區,中山區撫順街41巷內,0,0,1,1,C03,7,6,5,30,14,9,1,5,4,5,13,4,4,10,5,5,2,17,1,26,3,10,5,1,7,9,1,10,9,17,44,1,21,121.5193231,25.0643914
114,03,28,08,06,2,11南港區,南港區南深路山豬窟公車站牌南往北,0,0,1,1,C03,7,6,5,40,14,7,1,4,4,5,13,4,4,5,4,4,2,29,1,27,2,9,5,1,7,9,1,10,1,12,116,1,21,121.623439,25.0263147
114,03,28,08,22,2,12內湖區,內湖區潭美街551號與無名巷口,0,0,1,1,B12,7,7,5,40,4,1,1,5,4,5,13,4,4,5,5,5,2,16,1,25,3,10,7,1,7,6,1,8,1,2,9,1,21,121.6006399,25.0608591
114,03,28,08,27,2,03中山區,中山區遼寧街與長安東路2段口,0,0,2,1,C03,7,6,5,50,4,1,1,5,4,5,13,2,1,4,5,5,1,16,1,32,2,8,3,4,7,5,1,10,9,12,8,1,21,121.5420905,25.0483174
114,03,28,08,42,2,03中山區,中山區樂群二路128號,0,0,1,1,B02,6,6,5,50,14,9,1,4,4,5,13,4,4,1,4,5,2,12,1,36,3,10,7,1,7,1,1,8,2,4,19,1,21,121.5557622,25.0798953
114,03,28,08,42,2,08士林區,士林區中山北路6段與士東路口,0,0,3,1,F01,8,6,5,50,4,1,1,5,4,5,13,2,1,3,3,4,2,15,2,20,2,1,4,1,7,10,8,20,1,15,80,1,22,121.5259219,25.1118513
114,03,28,08,46,2,09北投區,北投區學園路2號,0,0,2,1,C03,7,6,5,40,3,2,1,5,4,5,10,2,1,5,5,5,2,3,1,31,2,7,6,1,7,6,1,10,1,11,108,1,21,121.4673564,25.1329042
114,03,28,08,50,2,04大安區,大安區新生南路3段76巷對面,0,0,2,1,C03,7,6,5,50,14,9,1,5,4,5,13,4,4,1,4,5,2,13,2,32,2,9,5,1,7,9,1,10,1,11,16,1,21,121.5338665,25.0190343
114,03,28,09,00,2,03中山區,中山區民權東路3段58號,0,0,2,1,C03,6,7,5,50,14,9,1,4,4,5,13,2,1,1,4,5,2,13,2,32,2,9,6,1,7,9,1,10,1,11,16,1,21,121.5421263,25.062297
114,03,28,09,03,2,12內湖區,內湖區舊宗路2段133號附近側附近,0,0,2,1,C03,7,7,5,50,14,9,1,5,4,5,13,4,4,1,3,5,2,12,2,62,2,8,6,1,7,8,1,10,1,12,100,1,21,121.5748755,25.0698305
114,03,28,09,10,2,03中山區,中山區復興北路地下道南往北,0,0,1,1,B02,8,7,5,40,7,9,1,5,4,5,13,1,2,3,2,5,2,12,1,52,3,10,7,1,7,15,1,10,1,2,108,1,21,121.5443709,25.0719498
114,03,28,09,15,2,06松山區,松山區南京東路5段與南京東路5段291巷口,0,0,1,1,B03,8,7,5,50,4,1,1,5,4,5,13,1,1,1,4,5,2,15,1,49,3,10,7,1,7,9,1,8,2,1,81,1,21,121.5661374,25.051369
114,03,28,09,45,2,09北投區,北投區承德路7段34-1號前,0,0,1,1,B13,6,6,6,60,14,9,1,4,4,1,13,4,4,9,4,5,2,12,1,54,3,10,7,1,7,9,1,7,2,5,44,2,21,121.5110462,25.1110414
114,03,28,10,00,2,03中山區,中山區建國北路1段與南京東路3段口,0,0,1,1,C03,8,6,5,50,14,9,1,5,4,5,13,2,1,8,3,5,2,16,1,43,2,8,6,4,7,6,1,10,1,14,99,1,21,121.5370621,25.0518903
114,03,28,10,00,2,09北投區,北投區石牌路2段與石牌路2段113巷口,0,0,1,1,C03,7,6,5,50,4,2,1,4,4,5,13,1,1,5,4,5,2,13,2,24,2,8,6,1,7,9,1,9,1,11,16,1,21,121.5174022,25.1179952
114,03,28,10,10,2,05中正區,中正區中山南路與仁愛路1段口,0,0,1,1,C03,8,7,5,50,5,1,1,5,4,5,13,1,1,1,4,5,2,12,2,23,2,8,5,1,7,9,1,10,1,12,108,1,21,121.5180259,25.039303
114,03,28,10,15,2,04大安區,大安區基隆路4段75號,0,0,1,1,C03,8,6,5,50,14,9,1,5,4,5,13,4,4,5,4,1,1,17,2,72,2,1,3,4,7,15,3,18,1,14,17,1,22,121.539383,25.012907
114,03,28,10,20,2,06松山區,松山區敦化南路1段與八德路3段12巷16弄口,0,0,2,1,B12,7,6,5,50,3,2,1,5,4,5,13,4,4,1,4,1,2,17,1,32,3,10,7,1,7,6,1,8,2,2,9,1,21,121.5491865,25.0461705
114,03,28,10,31,2,04大安區,大安區和平東路3段與基隆路2段口,0,0,1,1,C03,7,6,6,50,4,1,1,5,4,5,13,1,1,1,4,5,2,13,2,44,2,7,3,4,7,9,1,10,9,12,108,1,21,121.5522856,25.0240099
114,03,28,11,00,2,08士林區,士林區忠誠路2段166巷與忠誠路2段166巷28弄口,0,0,1,1,C03,7,6,5,30,4,1,1,5,4,5,13,4,4,10,5,5,2,15,2,30,2,9,6,1,7,9,1,10,1,11,72,1,22,121.5323445,25.1159388
114,03,28,11,14,2,12內湖區,內湖區內湖路1段411巷12-3號旁,0,0,1,1,B03,7,7,5,30,14,9,1,5,4,5,13,4,4,10,4,5,2,16,2,65,3,10,3,4,7,1,1,10,2,5,19,1,21,121.5715814,25.08329017
114,03,28,12,32,2,10文山區,文山區景文街與景文街90巷口,0,0,1,1,B01,7,6,5,40,3,1,1,5,4,5,13,4,4,5,4,4,2,17,1,64,3,10,7,1,7,11,1,3,2,5,10,1,21,121.5410578,24.9904089
114,03,28,12,33,2,06松山區,松山區民權東路5段與三民路口,0,0,2,1,C03,7,7,5,50,4,1,1,5,4,5,13,2,1,9,4,5,2,17,1,36,2,9,6,1,7,8,1,10,1,15,100,1,22,121.5630839,25.0629286
114,03,28,12,38,2,11南港區,南港區經貿一路與南港路1段口口,0,0,1,1,B12,7,6,5,50,3,1,1,5,4,5,13,2,1,3,4,5,2,12,1,44,3,10,7,1,7,9,1,8,1,2,108,1,21,121.6186467,25.0549279
114,03,28,12,43,2,07信義區,信義區忠孝東路4段515號,0,0,1,1,C03,7,6,5,50,14,9,1,5,4,5,13,4,4,1,4,5,2,17,2,44,2,7,3,4,7,9,1,10,1,12,44,1,21,121.5585078,25.0414082
114,03,28,12,49,2,09北投區,北投區湖山路1段與勝利街口,0,0,1,1,C03,7,7,5,50,14,9,1,5,4,5,13,4,4,5,5,5,2,18,1,37,2,9,5,1,7,9,1,15,2,14,116,1,22,121.5467915,25.15229443
114,03,28,13,20,2,01大同區,大同區市民高架道（東向西，燈桿460）,0,0,2,1,B03,7,6,5,60,14,16,1,5,4,5,13,4,4,8,1,5,1,13,1,69,3,10,3,4,7,9,1,8,2,1,108,1,21,121.5118525,25.0499336