發生年度,發生月,發生日,發生時-Hours,發生分,處理別-編號,區序,肇事地點,死亡人數,2-30日死亡人數,受傷人數,當事人序號,車種,天候,光線,道路類別,速限-速度限制,道路型態,事故位置,路面狀況1,路面狀況2,路面狀況3,道路障礙1,道路障礙2,號誌1,號誌2,車道劃分-分向,車道劃分-分道1,車道劃分-分道2,車道劃分-分道3,事故類型及型態,性別,年齡,受傷程度,主要傷處,保護裝置,行動電話,車輛用途,當事者行動狀態,駕駛資格情形,駕駛執照種類,飲酒情形,車輛撞擊部位1,肇因碼-個別,個人肇逃否,職業,座標-X,座標-Y
114,03,28,13,30,2,06松山區,松山區南京東路5段395號,0,0,2,1,B03,7,7,5,50,3,2,1,5,4,5,13,2,1,1,4,5,2,13,1,53,3,10,7,1,7,9,1,8,1,1,108,1,26,121.5695351,25.051435
114,03,28,13,32,2,04大安區,大安區建國南路2段75號,0,0,1,1,F01,7,5,5,0,22,20,4,5,4,5,13,4,4,10,5,5,2,9,1,18,3,10,4,1,7,9,8,20,1,11,99,1,25,121.5381051,25.0310277
114,03,28,13,35,2,08士林區,士林區承德路4段2巷17號,0,0,1,1,B02,8,6,5,30,14,9,1,5,4,5,13,4,4,10,5,5,1,17,2,58,3,10,7,1,7,1,1,8,2,1,19,1,21,121.5207405,25.07872261
114,03,28,13,50,2,07信義區,信義區基隆路汽機車混合地下道南向北,0,0,1,1,C03,7,5,5,40,7,11,2,5,4,5,13,4,4,10,4,5,2,18,2,21,2,7,3,4,7,9,1,10,1,12,42,1,21,121.5618268,25.0363986
114,03,28,13,52,2,10文山區,文山區羅斯福路6段與景福街口,0,0,1,1,B12,7,6,5,50,4,1,1,5,4,5,13,2,1,1,4,5,2,16,1,54,3,10,7,1,7,11,1,8,1,2,10,1,21,121.5398874,24.9995841
114,03,28,14,04,2,10文山區,文山區辛亥路5段與興隆路2段244巷口,0,0,1,1,B02,6,6,5,30,4,1,1,4,4,1,12,2,1,5,5,5,2,13,1,48,3,10,7,1,7,5,1,8,2,1,108,1,21,121.5540578,24.9998623
114,03,28,14,33,2,11南港區,南港區忠孝東路7段369號,0,0,2,1,C03,7,7,5,50,14,9,1,5,4,5,13,4,4,1,3,5,2,9,1,47,2,9,5,1,7,8,1,10,9,11,100,1,21,121.6070467,25.0521273
114,03,28,14,43,2,06松山區,松山區光復北路268號附近側附近,0,0,1,1,C03,7,6,5,40,14,8,1,5,4,5,13,4,4,5,5,4,2,13,1,55,2,9,6,1,7,9,1,10,1,14,13,1,21,121.5546852,25.0610658
114,03,28,14,52,2,04大安區,大安區大安路1段106巷與大安路口側附近1段口,0,0,2,1,C03,7,6,5,30,4,1,1,5,4,5,13,4,4,10,5,5,2,15,2,57,2,9,5,1,7,9,1,10,1,12,73,1,22,121.5461089,25.0401932
114,03,28,14,58,2,03中山區,中山區龍江路與龍江路298巷口,0,0,2,1,F01,8,6,5,50,3,2,1,5,4,5,13,4,4,8,3,5,2,16,2,44,2,9,4,4,7,5,8,20,2,12,74,1,21,121.5407472,25.0617952
114,03,28,15,54,2,02萬華區,萬華區桂林路29巷與桂林路口,0,0,1,1,C03,7,6,5,40,4,2,1,5,4,5,13,4,4,5,5,4,2,18,1,55,2,9,6,1,7,9,6,18,7,17,21,1,21,121.5047829,25.0379023
114,03,28,16,14,2,04大安區,大安區基隆路4段與羅斯福路4段口,0,0,1,1,B03,7,6,5,50,5,1,1,5,4,5,13,2,1,1,4,5,2,13,1,37,3,10,7,1,7,6,1,8,1,1,108,1,22,121.5370446,25.0113452
114,03,28,16,26,2,09北投區,北投區東華街2段與東華街2段174巷口,0,0,1,1,C03,7,7,5,50,3,2,1,5,4,5,13,4,4,10,4,5,2,13,1,30,2,9,6,1,7,9,1,10,1,11,118,1,22,121.510109,25.1203123
114,03,28,16,28,2,05中正區,中正區青島西路與青島西路口兒童醫院停車場出口前,0,0,1,1,B01,7,6,5,50,3,1,1,5,4,5,13,1,1,10,5,5,2,16,1,65,3,10,7,4,7,11,1,4,2,8,10,1,21,121.5174354,25.04493287
114,03,28,16,36,2,12內湖區,內湖區大湖山莊街與大湖山莊街168巷口,0,0,1,1,H01,6,6,5,0,3,1,1,4,4,5,13,4,4,10,4,5,2,6,1,10,3,10,4,5,8,18,8,20,10,17,67,1,14,121.6014327,25.0868802
114,03,28,16,42,2,12內湖區,內湖區南京東路6段82號,0,0,1,1,B13,7,6,5,50,14,9,1,5,4,5,13,4,4,10,5,5,2,13,1,21,3,10,7,1,7,9,1,8,1,1,16,1,21,121.5770403,25.0543664
114,03,28,16,45,2,08士林區,士林區凱旋路與凱旋路29巷口,0,0,3,1,C03,8,6,5,30,11,9,1,5,4,5,13,4,4,10,5,5,1,10,1,22,2,8,5,1,7,9,1,10,1,11,14,1,21,121.5442903,25.1361431
114,03,28,17,08,2,07信義區,信義區松信路與虎林街120巷口,0,0,2,1,B03,7,5,5,30,4,2,1,5,4,5,13,4,4,10,5,5,2,13,1,43,3,10,7,1,7,9,1,8,9,1,108,1,21,121.5718358,25.0422329
114,03,28,17,20,2,07信義區,信義區基隆路1段333號,0,0,1,1,C03,6,7,5,50,14,9,1,4,4,5,13,4,4,10,4,5,2,12,2,46,2,1,3,4,7,9,1,10,1,14,42,1,21,121.5611089,25.0353341
114,03,28,17,28,2,12內湖區,內湖區成功路3段187巷與成功路3段187巷35弄口,0,0,1,1,C03,7,5,5,30,4,1,1,5,4,5,13,4,4,10,5,5,1,16,1,25,3,10,6,1,7,5,1,10,1,14,72,1,21,121.5922825,25.07929063
114,03,28,17,43,2,05中正區,中正區福州街與南昌路1段口,0,0,2,1,C03,7,7,5,50,4,1,1,5,4,5,13,1,1,5,5,5,2,17,1,34,3,10,5,1,7,5,1,10,2,17,74,1,21,121.5187864,25.0289612
114,03,28,17,48,2,04大安區,大安區基隆路2段與辛亥路2段口,0,0,1,1,C03,7,5,5,50,4,1,1,5,4,5,13,4,4,1,4,5,2,16,2,19,3,10,5,1,7,5,1,10,1,14,44,1,21,121.5467905,25.0192919
114,03,28,18,10,2,01大同區,大同區鄭州路與環河北路1段口,0,0,1,1,B12,7,5,5,40,4,2,1,5,4,5,13,1,1,1,4,5,2,17,1,51,3,10,7,1,7,5,1,8,1,5,108,1,21,121.5068997,25.05077634
114,03,28,18,14,2,12內湖區,內湖區環山路2段26巷與環山路2段口,0,0,1,1,B01,7,5,5,50,3,1,1,5,4,5,13,4,4,5,4,5,2,12,1,63,3,10,7,1,7,1,1,4,2,4,19,1,21,121.5725114,25.0858652
114,03,28,18,22,2,05中正區,中正區金山南路1段與齊東街口迴轉道,0,0,1,1,C03,7,5,5,50,4,1,1,5,4,5,13,4,4,1,5,5,1,17,2,35,3,10,5,1,7,9,1,10,9,11,75,2,21,121.529608,25.0426683
114,03,28,18,23,2,02萬華區,萬華區康定路與峨眉街口,0,0,1,1,B03,7,5,5,50,4,1,1,5,4,5,13,2,1,9,5,5,2,17,1,34,3,10,3,4,7,5,1,8,1,5,71,1,22,121.5029063,25.0445303
114,03,28,18,23,2,03中山區,中山區興安街與合江街口側附近口,0,0,1,1,C03,7,7,5,50,4,1,1,5,4,5,13,1,1,9,4,5,2,17,1,43,4,11,5,1,7,5,1,10,9,15,74,2,21,121.539143,25.0561171
114,03,28,18,40,2,03中山區,中山區長安東路1段46號,0,0,1,1,C04,8,5,5,50,14,9,1,5,4,5,13,4,4,5,4,5,2,12,1,27,2,9,5,1,7,9,1,10,1,14,108,1,21,121.5273819,25.048493
114,03,28,18,45,2,04大安區,大安區信義路4段與復興南路2段口,0,0,1,1,C03,7,6,5,50,4,1,1,5,4,5,13,1,1,10,5,5,2,18,1,34,2,9,5,1,7,12,1,10,1,14,42,1,21,121.5436819,25.0333304
114,03,28,18,50,2,12內湖區,內湖區內湖路1段411巷與內湖路1段口,0,0,1,1,C03,8,5,5,40,14,8,1,5,4,5,13,4,4,1,4,4,2,17,1,34,3,10,6,1,7,9,1,10,2,14,108,1,21,121.5718536,25.08161926
114,03,28,18,52,2,03中山區,中山區松江路與建國北路3段口,0,0,1,1,B03,8,5,5,50,4,1,1,5,4,5,13,1,1,3,4,5,2,9,1,70,3,10,7,1,7,9,1,8,1,5,69,1,21,121.5333173,25.06771624
114,03,28,19,00,2,04大安區,大安區基隆路4段(032燈桿),0,0,1,1,C03,7,5,5,50,14,7,1,5,4,5,13,4,4,1,3,4,2,12,2,44,2,8,6,1,7,9,1,10,1,12,118,1,21,121.5384074,25.01236851
114,03,28,19,04,2,04大安區,大安區信義路4段與敦化南路2段口,0,0,1,1,B03,7,5,5,50,4,1,1,5,4,5,13,2,1,10,5,5,2,16,2,68,3,10,3,4,7,6,1,8,1,5,9,1,21,121.5485437,25.0330881
114,03,28,19,20,2,12內湖區,內湖區陽光街與成功路2段456巷口,0,0,2,1,B03,7,5,6,50,3,1,1,5,4,5,13,4,4,5,5,5,2,17,1,31,2,9,3,4,7,9,6,8,2,5,108,1,22,121.5857216,25.0751373
114,03,28,19,20,2,07信義區,信義區松高路與忠孝東路5段236巷口,0,0,1,1,C03,6,6,5,50,4,2,1,4,4,5,13,1,1,5,5,5,2,11,1,33,3,10,5,1,7,5,1,10,2,11,2,1,21,121.5716683,25.03904
114,03,28,19,28,2,06松山區,松山區民生東路3段與民生東路3段113巷口,0,0,1,1,B03,7,5,5,30,4,2,1,5,4,5,13,2,1,8,3,4,2,3,2,43,3,10,7,1,7,5,1,8,1,8,70,1,21,121.5461088,25.0578152
114,03,28,19,40,2,07信義區,信義區松仁路58號,0,0,1,1,C04,7,5,5,50,14,9,1,5,4,5,13,4,4,1,4,5,2,13,2,21,2,9,6,1,7,9,1,10,1,11,108,1,21,121.5682865,25.0371924
114,03,28,19,56,2,07信義區,信義區吳興街170巷1弄3號,0,0,1,1,B01,6,5,5,30,14,9,1,4,4,5,13,4,4,10,5,5,2,14,1,52,3,10,3,4,7,2,1,4,1,3,12,1,21,121.5617562,25.0286555
114,03,28,20,05,2,07信義區,信義區松壽路與松仁路口,0,0,2,1,B01,6,5,5,50,3,18,1,4,4,5,13,1,1,1,4,5,2,3,1,60,3,10,3,4,7,5,1,4,2,1,70,1,21,121.5684338,25.035921
114,03,28,20,19,2,04大安區,大安區和平東路1段與新生南路2段口,0,0,1,1,C03,7,5,5,50,14,9,1,5,4,5,13,2,1,3,3,5,2,13,2,48,2,9,6,1,6,9,1,10,1,12,108,1,21,121.5347394,25.0263524
114,03,28,20,38,2,01大同區,大同區鄭州路(Y11旁）,0,0,2,1,C03,7,5,5,40,14,9,1,5,4,5,13,4,4,1,4,5,2,17,1,19,2,8,5,1,7,9,1,10,1,11,44,1,21,121.5155047,25.04906459
114,03,28,20,40,2,02萬華區,萬華區西藏路199巷與東園街73巷口,0,0,2,1,B03,7,5,5,30,5,1,1,5,4,5,13,3,1,10,5,5,2,15,1,33,3,10,7,1,7,9,1,8,1,1,44,1,21,121.4997891,25.0263815
114,03,28,20,48,2,06松山區,松山區八德路4段245巷32弄與八德路4段207巷口,0,0,1,1,B03,7,5,5,30,4,1,1,5,4,5,13,4,4,9,5,5,2,12,1,46,3,10,7,1,7,11,1,8,1,7,10,1,21,121.5637732,25.0499181
114,03,28,20,54,2,07信義區,信義區松智路與松勤街口,0,0,1,1,B13,7,5,5,50,4,2,1,5,4,5,13,1,1,5,5,5,2,3,4,0,3,10,3,4,7,5,7,19,11,8,119,2,22,121.5654155,25.0320343
114,03,28,21,00,2,11南港區,南港區忠孝東路7段528號,0,0,1,1,B03,6,5,5,40,14,8,1,4,4,5,13,4,4,1,3,4,2,11,2,39,3,10,3,4,7,1,1,8,1,4,19,1,21,121.6113164,25.0525421
114,03,28,21,10,2,01大同區,大同區鄭州路(台北地下街停車場旁）,0,0,1,1,B03,7,5,5,40,14,9,1,5,4,5,13,4,4,1,4,5,2,17,2,56,3,10,7,1,7,15,1,8,1,2,100,1,21,121.515257,25.04912057
114,03,28,21,37,2,04大安區,大安區金華街與青田街口,0,0,1,1,B03,7,5,5,30,4,1,1,5,4,5,13,1,1,10,5,5,2,16,1,55,3,10,7,1,7,5,1,8,1,4,44,1,21,121.5315077,25.0300185
114,03,28,21,45,2,06松山區,松山區八德路4段204巷與市民大道5段口,0,0,1,1,B02,7,5,5,30,3,1,1,5,4,5,13,4,4,1,5,5,2,17,1,42,3,10,7,1,7,6,1,8,1,4,72,1,21,121.5641473,25.0478002
114,03,28,21,47,2,12內湖區,內湖區內湖路2段185號,0,0,1,1,C03,7,5,5,50,14,9,1,5,4,5,13,4,4,5,5,5,1,16,1,21,2,8,6,1,7,9,1,10,1,11,76,1,21,121.5879288,25.0814381
114,03,28,21,49,2,02萬華區,萬華區中華路2段416巷與國興路口,0,0,1,1,B03,7,5,5,50,4,18,1,5,4,5,13,1,1,5,5,5,2,3,1,39,3,10,7,4,7,5,1,8,1,8,8,1,21,121.5053124,25.0275097
114,03,28,21,59,2,04大安區,大安區建國南路2段與新生南路3段19巷口,0,0,1,1,B03,7,5,5,50,4,2,1,5,4,5,13,2,1,1,4,4,2,12,2,33,4,11,3,4,7,4,1,8,11,15,1,2,22,121.5374103,25.0248142
114,03,28,22,20,2,05中正區,中正區市民大道1段與中山北路1段口,0,0,1,1,C03,7,5,5,40,4,1,1,5,4,5,13,1,1,1,4,5,1,17,2,43,2,8,5,1,7,9,1,10,1,11,108,1,21,121.5204336,25.0480123
114,03,28,23,17,2,04大安區,大安區羅斯福路4段與基隆路4段口,0,0,2,1,C03,6,5,5,50,5,1,1,4,4,5,13,1,1,1,4,5,2,16,2,21,2,9,5,1,7,5,1,10,1,14,96,1,21,121.5374286,25.0112129
114,03,28,23,57,2,09北投區,北投區承德路6段往南2120128號燈桿,0,0,1,1,C03,7,5,5,40,14,8,1,5,4,5,13,4,4,1,4,4,2,38,1,26,2,9,6,1,7,9,1,10,1,11,107,1,26,121.5114126,25.1082932
114,03,29,00,50,2,08士林區,士林區中山北路5段與中山北路5段470巷口,0,0,1,1,B01,7,5,5,50,3,1,1,5,4,5,13,4,4,4,3,5,1,17,1,44,3,10,3,4,7,6,1,4,1,2,9,1,21,121.5278773,25.0922057
114,03,29,01,05,2,05中正區,中正區林森北路5號,0,0,2,1,B03,7,5,5,50,14,9,1,5,4,5,13,4,4,9,4,5,2,16,2,24,2,8,7,1,7,11,1,8,1,6,99,1,21,121.5235532,25.04544224
114,03,29,01,57,2,09北投區,北投區大度路與中央北路2段257巷口,0,0,1,1,B03,7,5,5,70,4,1,1,5,4,5,13,1,1,1,4,1,1,16,1,66,3,10,7,1,7,6,1,8,2,2,99,1,21,121.4863152,25.122105
114,03,29,02,37,2,02萬華區,萬華區中華路1段與開封街2段口,0,0,1,1,B01,7,5,5,50,4,1,1,5,4,5,13,1,1,1,4,1,2,16,1,68,3,10,7,1,7,6,1,4,1,5,9,1,21,121.5091896,25.0460993
114,03,29,02,43,2,02萬華區,萬華區寶興街與東園街28巷口,0,0,1,1,B03,7,7,5,30,4,2,1,5,4,5,13,1,1,9,5,5,2,2,1,24,3,10,7,1,7,5,1,8,1,8,70,1,21,121.4943575,25.0259694
114,03,29,04,16,2,11南港區,南港區松河街與南港路3段130巷口,0,0,3,1,C03,6,5,5,30,3,2,1,4,4,5,13,4,4,4,5,5,2,17,1,35,2,9,5,1,7,5,1,10,2,14,72,1,21,121.5882143,25.0545437
114,03,29,05,22,2,02萬華區,萬華區忠孝西路2段24號,0,0,2,1,B01,7,5,5,50,14,9,1,5,4,5,13,4,4,3,3,5,2,12,1,66,3,10,3,4,7,7,1,8,1,4,100,1,22,121.5083571,25.048352
114,03,29,07,10,2,11南港區,南港區南港路2段99號,0,0,1,1,F01,6,6,5,40,4,1,1,4,4,5,13,2,1,5,5,4,2,16,1,83,4,11,4,4,7,5,8,20,9,13,8,1,21,121.5970778,25.0541867
114,03,29,07,14,2,05中正區,中正區市民大道1段與承德路1段口口,0,0,2,1,C03,7,7,5,40,4,1,1,5,4,5,13,2,1,5,4,5,2,15,1,26,2,9,6,1,7,9,3,18,2,11,81,1,21,121.5164489,25.0486497
114,03,29,07,45,2,11南港區,南港區南港路1段與中南街口,0,0,1,1,B03,7,6,5,50,4,2,1,4,4,5,13,1,1,5,4,5,2,17,1,47,3,10,7,1,7,8,1,8,1,2,100,1,21,121.6152732,25.0553299
114,03,29,08,00,2,11南港區,南港區市民大道7段與玉成街口,0,0,1,1,C03,6,7,5,50,14,9,1,4,4,5,13,2,1,1,4,5,2,13,2,40,3,10,6,1,7,9,1,10,1,11,108,1,21,121.5819232,25.0495197
114,03,29,09,25,2,09北投區,北投區稻香路與新興路口,0,0,2,1,C03,7,6,5,30,14,9,1,5,4,5,13,3,1,9,4,5,2,17,1,34,3,10,5,1,7,5,1,10,1,14,72,1,21,121.4895728,25.141086
114,03,29,09,32,2,07信義區,信義區崇德街與崇德街81巷口,0,0,1,1,B01,7,6,5,50,4,1,1,4,4,5,13,1,1,8,3,5,2,17,1,54,3,10,3,4,7,5,1,4,1,1,83,1,21,121.555367,25.0241736
114,03,29,09,40,2,12內湖區,內湖區江南街65巷與江南街65巷16弄口,0,0,1,1,H01,7,6,5,50,4,1,1,5,4,5,13,4,4,10,5,5,2,17,4,0,,,,,,,,,,,119,2,,121.5785268,25.0770175
114,03,29,10,18,2,09北投區,北投區泉源路與光明路口,0,0,2,1,C03,7,6,5,50,14,9,1,5,4,5,13,4,4,9,4,5,2,13,2,37,2,8,5,1,7,9,1,10,1,11,108,1,21,121.5038907,25.1372642
114,03,29,11,11,2,04大安區,大安區新生南路3段11號,0,0,1,1,C03,6,6,5,50,14,9,1,4,4,5,13,2,1,1,4,5,1,13,2,24,2,9,3,4,7,9,1,10,1,11,108,1,21,121.534777,25.02504395
114,03,29,11,11,2,04大安區,大安區市民大道4段與復興南路1段口,0,0,1,1,C03,7,6,5,40,4,1,1,5,4,5,13,2,1,1,3,5,2,16,1,52,3,10,6,1,7,5,6,18,2,14,8,1,21,121.5439374,25.044776
114,03,29,11,12,2,04大安區,大安區樂業街與樂業街159巷口,0,0,1,1,B03,6,5,5,50,14,9,1,4,4,5,13,4,4,9,5,5,1,12,1,50,3,10,7,1,7,1,1,8,1,8,19,1,21,121.5539574,25.0192897
114,03,29,11,13,2,01大同區,大同區民權西路144巷13號,0,0,1,1,C03,7,6,5,30,14,9,1,5,4,5,13,4,4,10,5,5,2,17,1,21,2,9,5,1,7,9,1,10,1,11,16,1,21,121.515909,25.06183038
114,03,29,11,16,2,08士林區,士林區中山北路6段405巷與天母橋口,0,0,1,1,B03,7,7,5,50,3,1,1,5,4,5,13,4,4,9,4,5,1,17,1,72,3,10,7,1,7,5,1,8,2,5,44,1,21,121.5260009,25.11362473
114,03,29,11,19,2,03中山區,中山區新生北路2段28巷與新生北路2段口迴轉道,0,0,1,1,B03,8,7,5,50,4,1,1,5,4,5,13,2,1,1,4,5,2,16,1,56,3,10,7,1,7,5,1,8,1,4,8,1,21,121.5274173,25.0538042
114,03,29,11,30,2,10文山區,文山區木柵路1段57-8號,0,0,1,1,C03,6,6,3,50,14,9,2,4,4,5,13,2,1,5,4,5,2,17,1,33,2,8,5,4,7,1,1,10,1,11,19,1,21,121.5458374,24.986781
114,03,29,11,39,2,01大同區,大同區民權西路157-1號,0,0,1,1,F03,7,6,5,50,14,9,1,5,4,5,13,4,4,1,4,5,2,17,1,81,2,9,6,1,7,7,8,20,2,14,100,1,21,121.5162891,25.06306452
114,03,29,11,45,2,04大安區,大安區大安路1段84巷與仁愛路4段27巷口,0,0,1,1,C03,6,7,5,30,4,2,1,4,4,5,13,4,4,10,5,5,2,15,2,21,2,9,3,4,7,9,1,10,1,11,72,1,25,121.5451976,25.0409851
114,03,29,12,01,2,03中山區,中山區市民大道3段與建國南路1段口,0,0,1,1,C03,7,5,5,40,4,1,1,5,4,5,13,1,1,5,4,5,2,13,1,46,2,8,3,4,7,9,1,10,1,11,16,1,21,121.5360257,25.04485118
114,03,29,12,24,2,10文山區,文山區羅斯福路5段245號,0,0,1,1,C03,6,6,5,50,14,9,1,4,4,5,13,4,4,1,4,5,2,17,2,56,2,8,6,1,7,9,1,10,2,14,108,1,21,121.5392656,25.001397
114,03,29,12,51,2,02萬華區,萬華區民和街與西藏路199巷口,0,0,1,1,B03,7,7,5,30,5,1,1,5,4,5,13,3,1,8,3,5,2,15,1,60,3,10,7,1,7,9,1,8,1,8,72,1,21,121.4997927,25.0263632
114,03,29,12,54,2,09北投區,北投區中央北路3段與中央北路3段148巷口,0,0,2,1,C02,7,7,5,50,3,2,1,5,4,5,13,1,1,5,4,5,2,13,1,25,2,9,5,1,7,9,1,9,1,11,17,1,21,121.4826332,25.1370938
114,03,29,13,15,2,12內湖區,內湖區民善街與新湖二路口,0,0,1,1,B03,7,6,5,50,4,1,1,5,4,5,13,2,1,5,4,5,2,16,1,48,3,10,7,1,7,6,1,3,1,5,9,1,21,121.5753622,25.0608044
114,03,29,13,35,2,07信義區,信義區忠孝東路4段555號,0,0,1,1,C03,7,6,5,50,14,9,1,4,4,5,13,4,4,3,4,5,2,17,1,68,3,10,5,1,7,15,1,10,9,17,100,2,21,121.5632988,25.0412973
114,03,29,15,19,2,03中山區,中山區民權東路2段與中原街口,0,0,1,1,B03,8,6,5,50,4,1,1,5,4,5,13,1,1,1,4,5,2,2,1,44,3,10,3,4,7,5,1,8,1,1,70,1,22,121.5288975,25.0626421
114,03,29,15,29,2,03中山區,中山區大直街62巷與大直街口,0,0,1,1,C03,7,6,5,30,4,2,1,5,4,5,13,1,1,10,5,5,2,16,1,23,3,10,3,4,7,5,1,10,1,14,8,1,21,121.547046,25.0827343
114,03,29,15,45,2,09北投區,北投區大業路527巷75弄,0,0,2,1,B03,7,7,5,40,14,9,1,5,4,5,13,4,4,5,5,5,2,16,1,45,3,10,7,1,7,9,6,8,1,2,108,1,21,121.4800846,25.1335345
114,03,29,15,50,2,11南港區,南港區經貿一路75巷,0,0,2,1,C03,7,6,8,30,14,9,1,5,3,5,13,4,4,10,5,5,2,29,1,38,2,7,6,4,7,9,1,10,2,15,108,1,21,121.6204961,25.056518
114,03,29,15,56,2,07信義區,信義區松山路與松山路515巷口口,0,0,1,1,B03,6,7,5,30,3,1,1,4,4,5,13,4,4,5,5,5,2,17,1,58,3,10,3,4,7,5,6,8,11,17,8,2,21,121.5780167,25.0385375
114,03,29,16,22,2,07信義區,信義區基隆路1段157號,0,0,3,1,C03,7,5,5,50,14,9,1,4,4,5,13,4,4,5,5,5,2,17,1,20,2,9,5,1,7,9,1,10,2,14,116,1,21,121.5650621,25.0419056
114,03,29,17,05,2,01大同區,大同區大龍街與昌吉街61巷9弄口,0,0,1,1,B12,7,6,5,30,4,2,1,5,4,5,13,4,4,9,4,5,2,3,1,47,3,10,7,1,7,5,1,8,1,8,70,1,22,121.5159538,25.0664337
114,03,29,17,09,2,04大安區,大安區和平東路3段228巷與安居街46巷口,0,0,1,1,B03,6,7,5,50,3,1,1,4,4,5,13,4,4,5,5,5,2,17,1,25,3,10,7,1,7,1,1,8,1,17,19,1,21,121.5536114,25.02083059
114,03,29,17,15,2,02萬華區,萬華區昆明街與西寧南路50巷口,0,0,1,1,C03,7,6,5,50,3,2,1,5,4,5,13,4,4,5,5,5,2,16,2,21,2,9,6,1,7,6,1,10,1,14,72,1,25,121.5052872,25.0445861
114,03,29,17,19,2,05中正區,中正區中華路1段與忠孝西路1段口,0,0,1,1,C03,7,6,5,50,4,1,1,5,4,5,13,1,1,1,4,5,1,17,2,25,2,9,6,1,7,7,1,10,2,12,100,1,22,121.5101925,25.0480708
114,03,29,17,40,2,03中山區,中山區吉林路與松江路150巷口,0,0,2,1,B03,7,5,5,50,3,1,1,5,4,5,13,4,4,9,4,4,2,16,1,47,2,7,3,4,7,9,1,8,1,5,103,1,21,121.530085,25.0540269
114,03,29,18,11,2,01大同區,大同區民族西路與民族西路31巷口口,0,0,1,1,C02,7,5,5,50,4,1,1,5,4,5,13,2,1,5,5,5,2,17,1,49,4,11,5,4,7,9,1,9,9,11,108,1,21,121.5196962,25.0685522
114,03,29,18,16,2,04大安區,大安區濟南路3段與仁愛路3段31巷口,0,0,2,1,B03,7,5,5,50,3,1,1,5,4,5,13,4,4,10,5,5,2,16,1,42,3,10,3,4,7,5,1,8,1,4,8,1,22,121.534868,25.0401785
114,03,29,18,18,2,02萬華區,萬華區和平西路3段與和平西路3段382巷口,0,0,1,1,B03,8,5,8,50,22,22,1,5,4,5,13,1,1,10,5,5,2,17,1,69,3,10,3,4,7,9,1,8,1,1,108,1,21,121.4916294,25.0356107
114,03,29,18,37,2,04大安區,大安區信義路3段31巷與新生南路1段161巷口,0,0,2,1,C03,7,5,5,30,4,1,1,5,4,5,13,4,4,10,5,5,1,15,2,29,2,9,5,1,7,9,1,10,2,11,72,1,21,121.5345245,25.0346106
114,03,29,18,40,2,07信義區,信義區基隆路1段與東興路口,0,0,1,1,F01,7,5,5,50,4,2,1,4,4,5,13,1,1,1,4,5,2,18,2,34,2,9,2,1,7,6,8,20,9,14,42,1,21,121.566928,25.0455865
114,03,29,19,01,2,03中山區,中山區民生東路1段34號,0,0,1,1,C03,7,5,5,50,14,9,1,5,4,5,13,1,1,5,4,5,2,17,1,27,3,10,5,1,7,11,6,18,1,12,10,1,22,121.5243353,25.0580179
114,03,29,19,20,2,05中正區,中正區和平西路2段與莒光路口,0,0,2,1,C04,7,5,5,50,3,1,1,5,4,5,13,2,1,1,4,5,1,17,1,76,2,9,5,1,7,11,1,10,2,14,103,1,21,121.5078645,25.031347
114,03,29,20,16,2,08士林區,士林區文林路235號,0,0,1,1,A02,6,5,5,50,14,9,1,4,4,5,13,4,4,5,5,5,1,9,1,64,3,10,7,1,7,21,7,19,11,15,50,1,21,121.5269009,25.0908048
114,03,29,20,39,2,04大安區,大安區辛亥路3段與基隆路3段口,0,0,2,1,C03,6,5,5,50,4,1,1,4,4,5,13,2,1,10,5,5,2,17,1,47,2,9,3,4,7,9,1,10,1,14,44,1,21,121.5463637,25.0191141
114,03,29,20,40,2,03中山區,中山區建國北路2段85號,0,0,1,1,C03,7,5,5,50,14,9,1,5,4,5,13,1,1,1,4,5,2,12,1,21,2,8,5,1,7,9,1,10,1,14,44,1,21,121.5372137,25.0581832
114,03,29,21,26,2,04大安區,大安區和平東路1段與師大路口,0,0,1,1,B03,6,5,5,50,3,4,1,4,4,5,13,1,1,1,4,5,2,13,1,57,3,10,7,1,7,9,1,4,1,5,108,1,21,121.5286573,25.0266662
114,03,29,21,28,2,11南港區,南港區南港路2段298號,0,0,1,1,C03,6,5,5,50,14,9,1,4,4,5,13,4,4,1,4,5,2,11,2,30,2,8,5,1,7,9,1,10,1,12,108,1,21,121.5955072,25.0544686
114,03,29,22,02,2,06松山區,松山區八德路4段與松山路口口,0,0,1,1,C03,6,5,5,50,4,1,1,4,4,5,13,2,1,1,4,5,2,23,1,43,2,9,6,1,7,9,7,19,8,14,21,1,21,121.5779678,25.0500522
114,03,29,22,07,2,05中正區,中正區公園路與凱達格蘭大道口,0,0,1,1,B03,7,5,5,50,4,1,1,4,4,5,13,1,1,9,4,5,2,11,2,40,3,10,7,1,7,15,1,8,1,1,71,1,21,121.5149875,25.03957962
114,03,29,22,35,2,06松山區,松山區市民大道4段與八德路3段8巷口,0,0,1,1,B03,7,5,5,40,4,1,1,4,4,5,13,4,4,1,4,5,2,17,1,54,3,10,3,4,7,5,1,8,2,17,72,1,21,121.5497737,25.0448974
114,03,29,22,49,2,09北投區,北投區北投路2段與大業路516巷口,0,0,1,1,C03,8,5,5,50,4,2,1,5,4,5,13,1,1,9,4,5,1,17,1,19,3,10,6,1,7,5,1,10,1,14,71,1,21,121.4977292,25.132454