發生年度,發生月,發生日,發生時-Hours,發生分,處理別-編號,區序,肇事地點,死亡人數,2-30日死亡人數,受傷人數,當事人序號,車種,天候,光線,道路類別,速限-速度限制,道路型態,事故位置,路面狀況1,路面狀況2,路面狀況3,道路障礙1,道路障礙2,號誌1,號誌2,車道劃分-分向,車道劃分-分道1,車道劃分-分道2,車道劃分-分道3,事故類型及型態,性別,年齡,受傷程度,主要傷處,保護裝置,行動電話,車輛用途,當事者行動狀態,駕駛資格情形,駕駛執照種類,飲酒情形,車輛撞擊部位1,肇因碼-個別,個人肇逃否,職業,座標-X,座標-Y
114,04,05,14,25,2,03中山區,中山區復興北路514巷與復興北路488巷1弄口,0,0,1,1,B12,7,7,5,30,4,1,1,4,4,5,13,4,4,9,4,5,2,17,1,58,3,10,7,1,7,5,1,8,1,8,72,1,21,121.5437055,25.0659251
114,04,05,14,53,2,07信義區,信義區嘉興街與嘉興街181巷口,0,0,2,1,B12,6,6,5,30,3,1,1,4,4,5,13,2,1,10,5,5,2,1,1,55,3,10,3,4,7,5,1,8,3,8,70,1,21,121.5565216,25.026338
114,04,05,15,49,2,04大安區,大安區忠孝東路4段223巷與延吉街62巷口,0,0,1,1,B01,6,6,5,30,4,1,1,4,4,5,13,4,4,9,4,5,2,17,1,64,3,10,7,1,7,9,1,4,1,17,44,1,21,121.5530279,25.0434657
114,04,05,16,19,2,05中正區,中正區杭州南路1段77巷與金山南路1段口口,0,0,1,1,B13,6,7,5,30,3,1,1,3,4,5,8,4,4,10,5,5,2,15,1,55,3,10,7,1,7,15,1,8,2,2,9,1,21,121.5283096,25.0386533
114,04,05,16,46,2,07信義區,信義區松智路9巷與松高路口,0,0,1,1,B03,6,6,5,50,3,2,1,4,4,5,13,4,4,4,3,5,2,16,1,67,3,10,3,4,7,6,1,8,1,8,73,1,21,121.5665823,25.0390681
114,04,05,18,21,2,01大同區,大同區錦西街與錦西街53巷口,0,0,1,1,B03,6,5,5,50,4,2,1,4,4,5,13,2,1,5,5,5,2,13,1,54,3,10,3,4,7,9,1,8,2,1,108,1,22,121.5161557,25.0598872
114,04,05,18,30,2,06松山區,松山區南京東路4段2號,0,0,2,1,F02,7,5,5,0,14,7,1,4,4,5,9,3,1,1,3,4,2,17,1,41,2,9,2,1,7,11,8,20,1,12,11,1,22,121.5491629,25.0499436
114,04,05,18,38,2,01大同區,大同區延平北路2段272巷與安西街口,0,0,3,1,C03,6,5,5,30,5,1,1,4,4,5,13,4,4,10,5,5,2,15,2,60,2,9,6,1,7,9,1,10,2,14,72,1,21,121.5097542,25.0620786
114,04,05,18,45,2,11南港區,南港區研究院路1段與研究院路1段151巷口,0,0,1,1,B03,6,5,5,50,4,1,1,4,4,5,13,1,1,1,3,5,2,17,2,52,3,10,7,1,7,5,1,8,1,17,74,1,21,121.6158738,25.0492239
114,04,05,19,10,2,02萬華區,萬華區柳州街71號,0,0,1,1,C03,6,5,5,50,14,7,1,4,4,5,13,4,4,8,3,5,2,2,1,42,3,10,5,1,7,9,1,10,1,11,108,1,22,121.5052576,25.0371986
114,04,05,19,30,2,03中山區,中山區新生高架道南往北（第154燈桿）,0,0,2,1,B01,6,5,5,60,8,9,1,4,4,5,13,4,4,1,4,5,2,20,1,45,2,8,7,1,7,9,1,2,2,1,13,1,21,121.5309369,25.04708367
114,04,05,20,02,2,04大安區,大安區和平東路3段與敦化南路2段口,0,0,1,1,B03,6,5,5,50,4,1,1,4,4,5,13,2,1,1,4,5,1,16,2,21,3,10,3,4,7,5,1,8,1,1,71,1,21,121.5489875,25.0245027
114,04,05,20,20,2,08士林區,士林區重慶北路4段與重慶北路4段49巷口,0,0,2,1,B01,6,5,5,50,3,2,1,4,4,5,13,2,1,1,4,4,2,16,1,42,3,10,7,1,7,9,1,4,1,4,81,1,21,121.5131692,25.07979123
114,04,05,20,22,2,07信義區,信義區和平東路3段與富陽街口,0,0,1,1,B01,6,5,5,50,5,18,1,4,4,5,13,2,1,1,4,5,1,3,1,44,3,10,3,4,7,5,1,4,1,1,70,1,22,121.5564839,25.0207814
114,04,05,21,01,2,05中正區,中正區中山北路1段與忠孝西路1段口,0,0,1,1,C03,6,6,5,50,4,1,1,4,4,5,13,1,2,10,5,5,2,12,1,42,3,10,5,1,7,15,1,10,2,12,44,1,26,121.5194431,25.0457385
114,04,05,22,02,2,06松山區,松山區敦化北路165巷19號,0,0,3,1,C03,6,5,5,30,22,9,1,4,4,5,13,4,4,10,5,5,2,17,2,42,2,9,6,4,7,9,1,10,2,11,75,1,22,121.5512664,25.0547496
114,04,05,22,46,2,02萬華區,萬華區大理街與大理街116巷口,0,0,1,1,B01,6,5,5,30,4,1,1,4,4,5,13,4,4,10,5,5,2,15,1,67,3,10,7,4,7,9,1,4,1,2,72,1,21,121.4973917,25.03424903
114,04,05,23,11,2,01大同區,大同區承德路3段與庫倫街口,0,0,1,1,B03,6,5,5,50,4,1,1,4,4,5,13,1,1,1,4,5,2,16,2,34,3,10,7,1,7,5,1,8,2,8,8,1,21,121.5187251,25.072027
114,04,06,02,13,2,03中山區,中山區民權西路與中山北路2段口,0,0,1,1,B01,6,5,5,50,4,1,1,4,4,5,13,1,1,1,4,5,2,16,1,52,3,10,3,4,7,5,1,4,2,8,108,1,21,121.5225159,25.06348014
114,04,06,02,25,2,05中正區,中正區中山南路與徐州路口往北未過路口,0,0,2,1,C03,6,5,5,50,3,2,1,4,4,5,13,4,4,5,4,5,2,2,1,42,2,1,6,4,7,9,1,10,2,11,108,1,22,121.5199589,25.04134583
114,04,06,02,29,2,04大安區,大安區敦化南路1段197號,0,0,1,1,B01,6,5,5,50,14,9,1,4,4,5,13,4,4,5,4,5,2,13,1,62,3,10,7,1,7,9,1,4,1,1,16,1,22,121.5491169,25.0420713
114,04,06,08,12,2,05中正區,中正區北平西路與公園路口,0,0,2,1,C03,7,5,5,30,14,9,1,4,4,5,13,4,4,10,5,5,2,9,1,18,2,9,5,1,7,9,1,10,2,11,13,1,21,121.5182469,25.0469108
114,04,06,08,47,2,03中山區,中山區民生東路3段8號,0,0,1,1,C03,6,7,5,50,14,9,1,4,4,5,13,4,4,1,4,5,2,12,2,28,2,9,6,1,7,8,1,10,1,11,108,1,21,121.5385386,25.0577145
114,04,06,08,50,2,06松山區,松山區松河街與塔悠路口後方堤外便道,0,0,1,1,B02,7,6,5,40,3,1,1,5,4,5,13,4,4,5,5,5,2,17,1,20,3,10,7,1,7,5,1,8,1,8,74,1,21,121.5710478,25.0514378
114,04,06,09,46,2,07信義區,信義區市民大道6段與松隆路329巷口口,0,0,1,1,B03,7,6,5,40,3,1,1,4,4,5,13,2,1,8,3,5,2,16,1,55,3,10,7,1,7,1,1,8,1,2,19,1,21,121.5791765,25.048881
114,04,06,09,48,2,05中正區,中正區同安街與南昌路2段口口,0,0,1,1,B03,6,6,5,50,4,18,1,4,4,5,13,1,1,5,5,5,2,1,1,56,3,10,3,4,7,5,1,8,1,8,70,1,21,121.5227398,25.0255079
114,04,06,10,04,2,06松山區,松山區八德路3段與八德路3段106巷口,0,0,1,1,B03,8,7,5,30,5,1,1,4,4,5,13,2,1,1,4,5,2,15,2,35,3,10,7,1,7,15,1,10,1,2,71,1,25,121.5536384,25.0481952
114,04,06,11,08,2,11南港區,南港區市民大道7段與玉成街口口,0,0,1,1,C03,7,7,5,50,4,1,1,5,4,5,13,2,1,1,4,5,1,16,1,63,3,10,5,4,7,5,1,10,1,14,103,1,21,121.5814884,25.0491239
114,04,06,11,45,2,11南港區,南港區南湖大橋北往南,0,0,1,1,B03,6,6,5,50,8,9,1,4,4,5,13,4,4,1,4,5,1,13,1,67,3,10,3,4,7,8,1,8,1,7,44,1,22,121.6129553,25.0620715
114,04,06,11,54,2,09北投區,北投區中央北路2段333號,0,0,1,1,B03,6,6,5,50,14,9,1,4,4,5,13,2,1,5,4,5,2,17,1,47,3,10,7,1,7,1,1,8,1,17,19,1,21,121.4890603,25.1384832
114,04,06,12,05,2,05中正區,中正區基隆高架道路(往新店方向),0,0,1,1,B02,6,6,5,50,3,1,1,4,4,5,13,4,4,3,4,5,1,23,1,29,2,9,7,1,7,9,1,8,1,1,118,1,21,121.5296374,25.0105017
114,04,06,12,39,2,06松山區,松山區南京東路5段251巷22弄與南京東路5段251巷口,0,0,1,1,C03,6,5,6,30,4,1,1,4,4,5,13,4,4,10,5,5,2,17,2,71,2,7,5,1,7,9,1,10,2,14,72,1,21,121.565099,25.05198056
114,04,06,12,45,2,07信義區,信義區忠孝東路5段781號,0,0,1,1,C03,6,6,5,50,14,9,1,4,4,5,13,1,1,1,4,5,2,18,2,32,2,9,6,1,7,10,1,10,9,12,102,1,22,121.5813772,25.0435934
114,04,06,12,54,2,12內湖區,內湖區基湖路3巷與瑞光路583巷口口,0,0,1,1,C03,6,5,5,50,4,1,1,4,4,5,13,3,1,5,5,5,2,16,1,37,2,9,6,1,7,9,1,10,2,11,72,1,21,121.5678892,25.0803354
114,04,06,13,04,2,07信義區,信義區和平東路3段391巷7弄與和平東路3段391巷口,0,0,2,1,C03,6,6,5,30,4,1,1,4,4,5,13,4,4,10,5,5,2,16,1,58,2,9,5,1,7,9,1,10,1,12,72,1,21,121.5579995,25.0200936
114,04,06,13,36,2,02萬華區,萬華區萬大路215號,0,0,2,1,B03,6,5,8,30,22,22,4,4,4,3,10,4,4,10,5,5,2,17,1,68,3,10,3,4,7,1,1,8,1,8,19,1,21,121.500542,25.0269097
114,04,06,14,17,2,07信義區,信義區松山路515巷與松山路515巷2弄口,0,0,1,1,C03,7,6,5,30,4,1,1,4,4,5,13,4,4,10,5,5,2,15,1,36,3,10,3,4,7,9,1,10,1,12,72,1,22,121.5784796,25.0385889
114,04,06,14,43,2,09北投區,北投區榮華一路與榮華一路6巷口,0,0,2,1,B03,6,7,5,30,4,1,1,4,4,5,13,4,4,10,5,5,1,15,2,40,3,10,7,1,7,9,1,8,1,1,72,1,22,121.5240592,25.1119209
114,04,06,15,00,2,07信義區,信義區信義路6段22號,0,0,2,1,F03,6,6,5,50,14,9,1,4,4,5,13,1,1,9,4,5,2,9,1,17,2,9,6,1,7,7,8,20,1,12,42,1,21,121.5752742,25.0340864
114,04,06,15,20,2,08士林區,士林區承德路5段與通河東街2段口,0,0,3,1,C03,8,6,5,50,14,9,1,5,4,5,13,1,1,3,4,5,1,13,2,21,2,9,3,4,7,9,1,10,1,11,108,1,21,121.5136618,25.0964781
114,04,06,15,25,2,04大安區,大安區仁愛路4段345巷5弄與延吉街口,0,0,1,1,B03,8,5,5,30,4,1,1,5,4,5,13,4,4,9,4,5,2,15,1,60,3,10,3,4,7,9,1,8,1,8,72,1,21,121.5552327,25.0384662
114,04,06,15,33,2,04大安區,大安區延吉街與忠孝東路4段口,0,0,1,1,C03,7,5,5,50,4,1,1,4,4,5,13,2,1,8,3,5,1,16,2,62,2,9,5,1,7,5,1,10,1,11,8,1,21,121.5544549,25.0415433
114,04,06,17,05,2,09北投區,北投區大度路1208551燈桿,0,0,1,1,C03,7,5,5,50,14,12,1,5,4,5,13,4,4,1,4,2,1,18,1,56,2,9,3,4,7,9,1,10,1,12,108,1,22,121.5209225,25.12054866
114,04,06,17,17,2,02萬華區,萬華區環河快速道路往新店(光復橋下),0,0,1,1,B03,8,6,5,60,14,7,1,5,4,5,13,4,4,1,4,5,2,17,1,22,3,10,7,1,7,9,1,10,2,1,16,1,21,121.4896585,25.0247009
114,04,06,17,32,2,02萬華區,萬華區峨眉街122號,0,0,2,1,C03,7,5,5,50,14,9,1,5,4,5,13,4,4,5,4,5,2,12,1,21,2,9,6,1,7,6,1,10,1,11,9,1,21,121.5021316,25.0446387
114,04,06,18,40,2,01大同區,大同區昌吉街23號,0,0,2,1,C03,7,5,5,50,14,9,1,5,4,5,13,4,4,10,5,5,2,10,1,39,2,9,6,1,7,9,1,10,1,11,72,1,21,121.5172603,25.0659091
114,04,06,18,40,2,12內湖區,內湖區環山路1段與環山路1段136巷口,0,0,1,1,B03,8,5,5,50,4,1,1,5,4,5,13,2,1,5,4,5,2,16,2,34,3,10,7,1,7,5,1,8,2,8,8,1,21,121.5690982,25.0864306
114,04,06,19,00,2,04大安區,大安區信義路4段400巷與信義路4段口,0,0,2,1,C03,8,7,5,30,3,2,1,5,4,5,13,4,4,10,5,5,2,17,2,40,2,9,3,4,7,6,1,10,1,12,108,1,21,121.5566102,25.0329655
114,04,06,19,01,2,07信義區,信義區莊敬路與吳興街345巷口,0,0,1,1,B01,8,5,5,30,3,18,1,5,4,5,13,2,1,9,4,4,1,3,1,29,3,10,3,4,7,5,1,3,1,1,70,1,22,121.5663211,25.0273018
114,04,06,19,11,2,03中山區,中山區民生東路1段70巷與林森北路353巷口,0,0,1,1,C03,8,5,5,30,4,1,1,5,4,5,13,4,4,10,5,5,2,15,2,51,2,9,5,1,7,9,1,10,1,14,72,1,21,121.5263425,25.05712594
114,04,06,19,21,2,03中山區,中山區民權東路3段與建國北路3段口,0,0,2,1,C04,8,5,5,50,4,1,1,5,4,5,13,1,1,1,4,5,2,13,1,18,2,7,6,1,7,9,1,10,1,11,108,1,22,121.5369851,25.0625119
114,04,06,19,21,2,05中正區,中正區汀州路3段與汀州路3段24巷口,0,0,1,1,B03,7,6,5,50,3,2,1,5,4,5,13,4,4,5,4,5,2,16,1,50,3,10,7,1,7,6,1,8,1,2,9,1,21,121.5285634,25.0175965
114,04,06,19,23,2,11南港區,南港區市民大道7段396號,0,0,2,1,B03,7,5,5,50,14,9,1,5,4,5,13,4,4,1,4,5,2,16,1,35,3,10,3,4,7,6,1,8,2,15,9,1,21,121.5933235,25.0510677
114,04,06,21,00,2,03中山區,中山區中山北路4段與新生高架道口匝道,0,0,1,1,C03,8,7,5,30,4,1,1,5,4,5,13,1,1,1,4,5,2,15,2,61,2,9,6,4,7,9,1,10,1,11,81,1,22,121.5252032,25.0768599
114,04,06,21,26,2,01大同區,大同區民權西路與民權西路225巷口,0,0,1,1,C03,8,5,5,50,14,9,1,5,4,5,13,1,1,9,4,5,1,16,1,34,3,10,3,4,7,5,1,10,1,14,8,1,21,121.5122318,25.0630309
114,04,06,22,45,2,03中山區,中山區八德路2段與八德路口側附近2段210巷口,0,0,1,1,B03,7,5,5,50,4,1,1,5,4,5,13,1,1,5,4,5,2,17,1,60,3,10,3,4,7,11,1,8,1,4,10,1,21,121.5390608,25.046471
114,04,06,23,20,2,01大同區,大同區淡水河濱自行車道往北(台北橋下),0,0,2,1,F01,7,5,7,0,14,23,1,5,4,5,13,4,4,9,4,5,2,16,1,30,2,9,4,1,7,11,8,20,1,14,10,1,21,121.5085095,25.0630435
114,04,07,00,03,2,11南港區,南港區舊莊街1段與舊莊街1段91巷口,0,0,1,1,B02,8,5,5,30,3,1,1,5,4,5,13,3,1,10,5,5,2,16,2,20,3,10,3,4,7,5,1,8,2,4,72,1,21,121.6191532,25.0407532
114,04,07,00,50,2,11南港區,南港區南港路3段與南港路3段106巷口,0,0,2,1,B03,8,5,5,50,3,2,1,5,4,5,13,1,1,5,4,5,2,16,1,36,3,10,3,1,7,11,1,8,1,8,10,1,21,121.5897649,25.0533755
114,04,07,05,10,2,07信義區,信義區和平東路3段(近莊敬隧道北側口),0,0,1,1,C03,7,6,5,40,14,9,1,4,4,5,13,4,4,5,5,5,2,18,1,50,2,9,3,4,7,9,1,8,1,17,42,1,21,121.5650274,25.010156
114,04,07,05,52,2,04大安區,大安區安居街75巷與安居街口,0,0,2,1,F01,8,7,5,30,4,1,1,5,4,5,13,4,4,5,4,5,2,17,2,81,2,9,3,4,7,9,8,20,1,14,99,1,21,121.5528178,25.0190962
114,04,07,07,23,2,01大同區,大同區重慶北路2段與保安街口,0,0,1,1,C03,7,6,5,50,4,1,1,5,4,5,13,2,1,1,4,5,2,13,2,25,2,9,3,4,7,9,1,10,1,11,16,1,21,121.5135408,25.05922817
114,04,07,08,00,2,05中正區,中正區汀州路1段與汀州路1段226巷口,0,0,3,1,F02,8,7,5,0,3,1,1,5,4,5,8,4,4,10,4,5,2,17,1,75,2,8,4,1,7,1,8,20,1,14,19,1,21,121.5099594,25.0275407
114,04,07,08,05,2,05中正區,中正區中華路2段與廣州街口,0,0,2,1,B02,8,7,5,50,4,1,1,5,4,5,13,1,1,1,4,5,2,12,1,52,3,10,7,1,7,7,1,8,1,8,100,1,21,121.5066272,25.0360116
114,04,07,08,15,2,05中正區,中正區杭州南路1段與杭州南路1段105巷口口,0,0,1,1,C03,8,7,5,50,3,2,1,5,4,5,13,4,4,10,4,4,2,17,2,45,3,10,6,1,7,8,1,10,1,12,17,1,21,121.5249224,25.0371583
114,04,07,08,17,2,02萬華區,萬華區堤外便道與光復橋口下往北,0,0,2,1,C03,8,6,5,15,3,2,1,5,4,5,13,3,1,10,5,5,2,12,1,19,2,8,6,1,7,9,1,10,1,11,16,1,21,121.4946472,25.02761023
114,04,07,08,17,2,03中山區,中山區民權東路1段與林森北路口,0,0,1,1,C03,8,6,5,50,4,1,1,5,4,5,13,2,1,1,4,1,2,16,1,23,3,10,5,1,7,6,1,10,1,13,9,1,21,121.5255756,25.06257
114,04,07,08,20,2,09北投區,北投區立農街2段與無名巷口(陽明大學前),0,0,2,1,C03,8,6,5,30,3,1,1,5,4,5,13,2,1,5,5,5,2,16,2,50,2,8,5,1,7,5,1,10,1,11,71,1,21,121.5132971,25.1190117
114,04,07,08,32,2,07信義區,信義區松智路與松勤街口,0,0,1,1,B03,8,7,5,50,4,1,1,5,4,5,13,2,1,5,4,5,2,16,1,64,3,10,7,1,7,6,1,8,1,5,9,1,21,121.5654175,25.0319302
114,04,07,08,39,2,03中山區,中山區南京東路2段與建國北路1段口,0,0,2,1,C03,8,6,5,40,4,4,1,5,4,5,13,2,1,8,3,4,2,13,1,42,2,7,6,4,7,9,1,10,1,13,16,1,21,121.5368799,25.0518838
114,04,07,08,41,2,02萬華區,萬華區西寧南路與貴陽街2段口,0,0,1,1,C03,8,6,5,50,4,1,1,5,4,5,13,2,1,9,4,5,1,17,2,28,3,10,3,4,7,5,1,10,1,14,8,1,22,121.5061967,25.0394459
114,04,07,08,49,2,01大同區,大同區承德路2段168號,0,0,1,1,C03,7,6,5,50,14,9,1,5,4,5,13,4,4,1,4,5,2,16,2,36,2,8,3,4,7,7,1,10,1,14,100,1,21,121.5181602,25.06109047
114,04,07,08,53,2,03中山區,中山區長春路167號,0,0,1,1,C03,8,7,5,50,14,9,1,5,4,5,13,2,1,5,4,5,2,13,2,38,2,9,6,1,7,9,1,10,1,11,16,1,21,121.5352379,25.0548181
114,04,07,08,57,2,06松山區,松山區光復南路與八德路4段口,0,0,2,1,C03,8,5,5,50,4,1,1,5,4,5,13,4,4,1,5,5,2,12,2,45,2,8,6,1,7,9,1,10,1,11,44,1,21,121.5578982,25.0480198
114,04,07,09,15,2,03中山區,中山區中山北路2段與中山北路2段11巷口,0,0,1,1,C03,8,7,5,50,3,2,1,5,4,5,13,4,4,1,4,5,2,16,2,27,3,10,6,1,7,6,1,10,1,12,9,1,21,121.5228077,25.0527825
114,04,07,09,20,2,12內湖區,內湖區成功路2段與成功交流道口,0,0,1,1,B03,8,5,5,50,14,9,1,5,4,5,13,2,1,1,4,5,1,17,1,61,3,10,7,1,7,15,1,8,1,6,44,1,21,121.590189,25.0647734
114,04,07,09,35,2,08士林區,士林區中正路652號,0,0,1,1,B03,8,6,5,50,14,9,1,5,4,5,13,4,4,10,4,5,2,17,1,48,3,10,7,1,7,9,1,8,2,17,118,1,22,121.5079858,25.0865489
114,04,07,10,12,2,06松山區,松山區東興路與南京東路5段口,0,0,1,1,C03,8,7,5,50,3,1,1,5,4,5,13,1,1,5,4,5,2,16,1,56,3,10,5,1,7,10,1,10,9,12,100,2,28,121.5654302,25.0511408
114,04,07,10,26,2,03中山區,中山區新生高架道往南,0,0,1,1,B03,8,6,5,70,14,9,1,5,4,5,13,4,4,8,5,5,2,12,1,24,2,1,7,4,7,8,1,8,2,3,100,1,21,121.5256554,25.0739753
114,04,07,10,31,2,03中山區,中山區民權東路2段與民權東路2段71巷口,0,0,3,1,C03,8,6,5,50,4,1,1,5,4,5,13,2,1,1,4,5,2,13,1,28,2,9,5,1,7,9,1,10,1,11,16,1,21,121.5318247,25.0626264
114,04,07,10,40,2,08士林區,士林區中正路與重慶北路4段口,0,0,1,1,B01,8,6,5,50,3,2,1,5,4,5,13,4,4,8,5,5,1,16,1,54,3,10,7,1,7,10,1,4,2,2,100,1,21,121.5098542,25.0866884
114,04,07,10,54,2,10文山區,文山區景興路117號,0,0,2,1,F01,8,6,5,50,14,9,1,5,4,5,13,4,4,1,4,5,2,12,2,73,2,9,4,1,7,8,8,20,2,14,100,1,21,121.544727,24.9948236
114,04,07,11,10,2,02萬華區,萬華區桂林路246巷24號,0,0,2,1,C03,8,7,8,30,14,9,1,5,4,5,13,4,4,10,5,5,2,12,1,69,2,9,6,1,7,9,1,10,1,12,17,1,22,121.4932508,25.0372883
114,04,07,11,16,2,02萬華區,萬華區中華路2段1號對面,0,0,2,1,C03,7,7,5,40,14,12,1,5,4,5,13,4,4,1,3,4,2,13,2,58,2,9,5,1,7,9,1,10,1,11,108,1,21,121.5064604,25.0364321
114,04,07,11,20,2,06松山區,松山區健康路131號(光復北路東側三總松山分院急診室人行道）,0,0,1,1,C03,8,7,5,0,14,20,1,5,4,5,13,4,4,10,5,5,2,16,1,41,3,10,5,1,7,1,1,10,9,11,19,1,22,121.5563195,25.0542664
114,04,07,11,30,2,01大同區,大同區重慶北路3段152巷與民族西路252巷口,0,0,2,1,C03,8,6,5,30,5,1,1,5,4,5,13,4,4,10,5,5,2,15,1,54,2,7,6,1,7,9,1,10,1,11,72,1,21,121.5122424,25.0681861
114,04,07,12,47,2,08士林區,士林區中正路與重慶北路4段口,0,0,2,1,C03,7,6,5,50,3,2,1,5,4,5,13,1,1,10,4,5,2,13,1,45,2,8,6,1,7,9,1,9,1,11,16,1,21,121.5111173,25.0871884
114,04,07,14,18,2,06松山區,松山區八德路2段與敦化北路4巷25弄口,0,0,2,1,F01,8,6,5,50,3,2,1,5,4,5,13,4,4,1,4,5,2,17,1,62,2,9,4,1,7,8,8,20,1,13,100,1,21,121.5462184,25.0482528
114,04,07,14,35,2,01大同區,大同區民權西路與承德路3段口,0,0,1,1,B01,8,6,5,50,5,2,1,5,4,5,13,1,1,1,5,5,2,13,1,61,3,10,7,1,7,9,1,4,2,1,44,1,21,121.5187537,25.0629715
114,04,07,14,37,2,01大同區,大同區承德路2段與民權西路口口,0,0,1,1,C03,7,5,5,50,5,1,1,5,4,5,13,2,1,9,4,5,2,13,1,24,2,9,5,1,7,12,1,10,2,11,108,1,22,121.518376,25.0633453
114,04,07,15,00,2,03中山區,中山區大直橋與北安路口側附近口,0,0,1,1,C03,8,7,5,40,4,1,1,5,4,5,13,1,1,2,4,4,2,13,2,36,2,9,3,4,7,9,1,10,1,11,108,1,22,121.5445513,25.0793759
114,04,07,15,06,2,05中正區,中正區中山南路與徐州路口,0,0,2,1,C03,8,6,5,50,4,2,1,5,4,5,13,1,1,1,4,5,2,16,1,34,2,9,6,1,7,8,1,10,9,12,100,1,22,121.5187107,25.042046
114,04,07,15,10,2,06松山區,松山區塔悠路101號,0,0,1,1,B03,8,6,6,50,14,9,1,5,4,5,13,4,4,1,4,5,2,17,1,59,3,10,7,4,7,1,1,8,1,4,19,1,21,121.5700469,25.0539554
114,04,07,15,27,2,11南港區,南港區興南街60巷3號,0,0,1,1,B03,8,6,5,30,14,9,1,5,4,5,13,4,4,5,5,5,2,17,1,56,3,10,3,4,7,13,1,8,1,4,40,1,22,121.6032648,25.056371
114,04,07,15,31,2,10文山區,文山區興隆路2段與興隆路2段154巷口,0,0,1,1,B03,7,6,5,50,3,1,1,5,4,5,13,2,1,1,4,5,2,12,2,34,3,10,7,1,7,9,1,8,1,2,108,1,21,121.5510092,25.0016669
114,04,07,15,35,2,03中山區,中山區民權東路2段164號,0,0,1,1,C03,7,7,5,50,14,9,1,5,4,5,13,4,4,1,4,5,2,13,1,43,2,9,6,1,7,9,1,10,1,11,108,1,21,121.5352981,25.062344
114,04,07,15,40,2,05中正區,中正區常德街1號,0,0,1,1,H01,8,6,5,50,14,9,1,5,4,5,13,4,4,5,5,5,2,3,2,57,2,9,4,5,8,16,8,20,10,16,121,1,21,121.5172298,25.04098
114,04,07,15,56,2,02萬華區,萬華區艋舺大道與艋舺大道168巷口,0,0,1,1,C03,8,7,5,50,3,1,1,5,4,5,13,4,4,9,4,4,2,9,1,70,4,11,5,1,7,1,7,19,11,12,19,2,22,121.5009611,25.0328547
114,04,07,16,32,2,07信義區,信義區忠孝東路5段19號,0,0,2,1,C03,8,6,5,50,14,9,1,5,4,5,13,4,4,3,3,5,2,11,1,18,3,10,6,1,7,7,1,10,1,13,100,1,21,121.565581,25.0411786
114,04,07,17,00,2,01大同區,大同區環河北路1段與鄭州路口,0,0,2,1,C03,7,6,5,40,14,9,1,5,4,5,13,2,1,10,4,5,2,13,1,21,2,9,3,4,7,9,1,10,1,11,66,1,21,121.5071251,25.0507338
114,04,07,17,05,2,11南港區,南港區市民大道7段8號,0,0,1,1,B03,8,6,5,50,14,9,1,5,4,5,13,4,4,7,4,5,2,12,2,47,3,10,3,4,7,9,1,8,1,1,108,1,21,121.5805267,25.0489531
114,04,07,17,10,2,03中山區,中山區中山北路2段11巷與南京東路1段13巷口,0,0,2,1,C03,7,6,5,30,4,1,1,5,4,3,10,4,4,10,5,5,2,15,1,75,2,9,5,4,7,9,1,10,1,11,72,1,21,121.524324,25.0526275
114,04,07,17,12,2,04大安區,大安區和平東路1段188巷與龍泉街5巷口口,0,0,1,1,C03,7,6,5,30,3,1,1,5,4,5,13,4,4,10,5,5,2,17,1,59,2,8,5,1,7,5,1,10,1,13,72,1,21,121.5304477,25.0262292
114,04,07,17,37,2,04大安區,大安區和平東路3段與敦化南路2段口,0,0,2,1,B03,8,5,5,50,4,1,1,5,4,5,13,2,1,1,4,5,2,12,1,58,3,10,7,1,7,9,1,8,1,2,108,1,22,121.5486449,25.0245388
114,04,07,17,50,2,05中正區,中正區濟南路1段6號,0,0,3,1,C03,8,6,5,50,14,9,1,5,4,5,13,4,4,9,4,4,1,15,2,23,2,9,6,1,7,1,1,10,2,14,19,1,22,121.5216732,25.0426114
114,04,07,17,50,2,08士林區,士林區福港街與福港街160巷口,0,0,1,1,B03,8,5,5,50,4,1,1,5,4,5,13,4,4,5,5,5,2,17,1,55,3,10,3,4,7,11,1,8,1,8,10,1,22,121.5179282,25.08674731
114,04,07,18,00,2,06松山區,松山區民生東路3段與復興北路口,0,0,1,1,C03,8,5,5,50,4,1,1,5,4,5,13,2,1,3,4,5,2,12,1,32,3,10,6,1,7,15,1,10,2,17,100,1,21,121.5443939,25.0578867
114,04,07,18,05,2,03中山區,中山區市民大道2段95號,0,0,1,1,F01,7,5,5,0,14,9,1,5,4,5,13,1,1,9,4,5,2,17,2,71,2,1,4,1,7,9,8,20,1,12,85,1,21,121.5308409,25.04630186
114,04,07,18,13,2,12內湖區,內湖區民權東路6段與瑞光路口,0,0,3,1,C03,7,5,5,50,4,2,1,5,4,5,13,2,1,5,4,5,2,17,2,63,2,9,6,1,7,9,1,10,2,14,81,1,21,121.5839138,25.06873862
114,04,07,18,16,2,03中山區,中山區林森北路與民生東路1段口,0,0,1,1,C03,8,5,5,50,4,1,1,5,4,5,13,2,1,5,4,5,2,16,1,33,2,9,6,1,7,5,1,10,1,12,71,1,21,121.5254813,25.0580693
114,04,07,18,22,2,04大安區,大安區忠孝東路4段與敦化南路1段口,0,0,1,1,C03,7,5,5,50,4,4,1,5,4,5,13,1,1,1,5,5,2,13,2,19,3,10,5,1,7,9,1,10,1,11,16,1,21,121.549328,25.0416056