發生年度,發生月,發生日,發生時-Hours,發生分,處理別-編號,區序,肇事地點,死亡人數,2-30日死亡人數,受傷人數,當事人序號,車種,天候,光線,道路類別,速限-速度限制,道路型態,事故位置,路面狀況1,路面狀況2,路面狀況3,道路障礙1,道路障礙2,號誌1,號誌2,車道劃分-分向,車道劃分-分道1,車道劃分-分道2,車道劃分-分道3,事故類型及型態,性別,年齡,受傷程度,主要傷處,保護裝置,行動電話,車輛用途,當事者行動狀態,駕駛資格情形,駕駛執照種類,飲酒情形,車輛撞擊部位1,肇因碼-個別,個人肇逃否,職業,座標-X,座標-Y
114,04,09,12,37,2,03中山區,中山區中山北路2段123號,0,0,1,1,C03,7,7,5,50,14,9,5,5,4,5,13,4,4,10,5,5,2,13,1,30,2,9,5,1,7,12,1,10,2,11,16,1,21,121.5233989,25.0613194
114,04,09,12,55,2,02萬華區,萬華區環河南路1段與武昌街2段口,0,0,2,1,C03,8,5,5,50,4,1,1,5,4,5,13,1,1,4,4,5,2,17,1,71,2,8,5,4,7,5,1,10,2,14,8,1,21,121.5025898,25.0457123
114,04,09,13,03,2,01大同區,大同區鄭州路與承德路1段口,0,0,3,1,C03,8,6,5,40,5,2,1,5,4,5,13,4,4,1,4,5,2,17,2,29,2,9,6,1,7,9,1,10,1,14,42,1,21,121.5163516,25.04894581
114,04,09,13,10,2,07信義區,信義區松仁路56號,0,0,1,1,A02,8,6,5,50,14,9,1,5,4,5,13,4,4,1,4,5,2,9,1,50,3,10,7,1,7,9,1,2,9,17,44,1,22,121.5682535,25.0371036
114,04,09,14,11,2,08士林區,士林區葫蘆街與葫蘆街47巷口,0,0,1,1,B03,8,6,5,30,5,2,1,5,4,5,13,4,4,10,5,5,2,17,1,54,3,10,7,1,7,9,1,8,2,1,42,1,21,121.5094717,25.0800879
114,04,09,14,42,2,12內湖區,內湖區瑞光路與陽光街口,0,0,1,1,B03,8,6,5,50,4,1,1,5,4,5,13,2,1,5,4,5,2,13,2,43,3,10,7,1,7,5,1,8,1,8,16,1,21,121.5792679,25.0737643
114,04,09,15,02,2,04大安區,大安區和平東路2段與新生南路3段口,0,0,1,1,B01,7,6,5,50,22,18,1,5,4,5,13,1,1,10,5,5,2,3,1,60,3,10,7,1,7,6,1,4,1,1,70,1,21,121.5351529,25.0259294
114,04,09,15,20,2,01大同區,大同區重慶北路2段與涼州街口,0,0,1,1,B01,8,7,5,50,14,9,1,5,4,5,13,4,4,5,4,5,2,17,1,62,3,10,3,4,7,9,1,4,1,2,108,1,21,121.5131107,25.0607912
114,04,09,16,46,2,01大同區,大同區台北橋機慢車道往西,0,0,2,1,C03,8,7,5,50,14,9,1,5,4,5,13,4,4,1,4,5,2,17,1,61,2,9,3,4,7,10,1,10,1,13,100,1,21,121.5086072,25.0635222
114,04,09,17,10,2,06松山區,松山區市民大道6段與松信路口,0,0,1,1,C03,8,6,5,40,4,1,1,5,4,5,13,2,1,3,4,5,2,16,2,55,2,9,6,4,7,5,1,10,1,14,8,1,22,121.572218,25.0494497
114,04,09,17,16,2,08士林區,士林區中正路與志成街口,0,0,1,1,B03,8,6,5,50,3,2,1,5,4,5,13,4,4,1,4,5,1,17,1,35,3,10,7,1,7,6,1,8,2,2,9,1,21,121.5310088,25.09632815
114,04,09,17,18,2,04大安區,大安區市民大道3段與建國南路1段口,0,0,1,1,A11,8,5,5,40,4,1,1,5,4,5,13,2,1,10,5,5,2,17,1,54,3,10,3,4,7,6,1,3,1,2,9,1,21,121.5363821,25.0446355
114,04,09,17,28,2,05中正區,中正區羅斯福路4段與基隆路4段口,0,0,2,1,A02,8,7,5,50,5,1,1,5,4,5,13,1,1,1,4,5,2,17,1,49,4,11,3,4,7,6,1,2,11,17,9,1,21,121.5368874,25.0112708
114,04,09,17,53,2,02萬華區,萬華區堤外便道與桂林路口水門口,0,0,1,1,C03,8,7,5,40,5,2,1,5,4,5,13,1,1,1,4,5,2,17,2,32,3,10,5,1,7,6,1,10,1,12,9,1,21,121.4959396,25.0389231
114,04,09,18,10,2,04大安區,大安區基隆路2段與敦化南路2段口,0,0,1,1,C03,7,6,5,50,3,1,1,5,4,5,13,1,1,10,5,5,2,13,1,40,2,8,5,1,7,9,1,10,1,11,108,1,21,121.5487058,25.0210665
114,04,09,18,15,2,10文山區,文山區老泉街與老泉街口堤外便道,0,0,1,1,C03,8,5,5,40,3,1,1,5,4,5,13,4,4,10,5,5,2,17,1,29,3,10,5,1,7,9,1,10,1,17,44,1,21,121.5670157,24.9797652
114,04,09,18,17,2,08士林區,士林區承德路4段與劍潭路口,0,0,2,1,F01,8,5,5,50,4,1,1,5,4,5,13,2,1,9,3,5,1,12,1,15,2,9,4,4,7,9,8,20,1,11,17,1,22,121.5235593,25.0840029
114,04,09,18,23,2,10文山區,文山區興隆路1段與興隆路1段251巷口,0,0,1,1,C03,7,5,5,50,3,1,1,5,4,5,12,2,1,1,4,5,2,16,1,24,3,10,6,1,7,5,1,10,1,12,71,1,21,121.5440507,24.9994864
114,04,09,18,37,2,05中正區,中正區青島東路與林森南路口口,0,0,1,1,C03,7,6,5,50,4,1,1,5,4,5,13,2,1,10,4,4,2,16,1,37,2,9,6,1,7,5,1,9,2,13,8,1,21,121.522993,25.0436269
114,04,09,18,47,2,10文山區,文山區新光路2段界樁LB5K+176,0,0,1,1,C03,7,5,5,50,11,9,1,5,4,5,13,4,4,9,5,5,1,10,2,18,2,7,6,1,7,9,1,10,1,11,4,1,22,121.5974964,25.0026581
114,04,09,19,00,2,03中山區,中山區民權東路1段與林森北路口,0,0,1,1,B03,7,5,5,50,4,1,1,5,4,5,13,1,1,1,4,5,2,2,1,56,4,11,3,4,7,6,7,19,11,15,70,2,22,121.5256543,25.0624724
114,04,09,19,07,2,05中正區,中正區忠孝東路2段134巷與濟南路2段口,0,0,2,1,C03,7,5,5,50,4,1,1,5,4,5,13,4,4,9,4,5,2,3,1,58,2,9,5,1,7,9,1,10,2,11,70,1,21,121.5315772,25.04023438
114,04,09,19,10,2,03中山區,中山區民權東路1段與雙城街口,0,0,1,1,B02,8,5,5,50,4,1,1,5,4,5,13,1,1,1,4,5,2,3,2,26,3,10,7,1,7,8,1,8,1,5,70,1,21,121.5242931,25.0628452
114,04,09,19,24,2,01大同區,大同區長安西路與南京西路18巷口,0,0,1,1,C03,7,5,5,30,4,2,1,5,4,5,13,1,1,10,5,5,2,17,1,69,3,10,5,1,7,5,1,10,1,14,8,1,21,121.5199977,25.05021245
114,04,09,19,25,2,03中山區,中山區市民大道2段與天津街口,0,0,1,1,C03,7,5,5,40,3,2,1,5,4,5,13,1,1,1,4,5,2,13,2,39,3,10,5,1,7,9,1,10,2,11,16,1,21,121.5227062,25.0480179
114,04,09,19,51,2,09北投區,北投區承德路6段與文林北路口,0,0,2,1,C03,7,5,5,60,5,1,1,5,4,5,13,1,1,1,4,5,1,16,1,23,2,9,6,1,7,6,1,10,1,12,9,1,21,121.511426,25.1102879
114,04,09,21,10,2,04大安區,大安區和平東路2段與復興南路2段口,0,0,1,1,C03,6,5,5,50,4,1,1,4,4,5,13,2,1,1,4,1,2,17,1,53,3,10,6,1,7,6,1,10,1,14,99,1,21,121.5433164,25.0249817
114,04,09,21,14,2,09北投區,北投區大業路與中央北路1段口,0,0,1,1,B03,6,5,5,50,4,2,1,4,4,5,13,1,1,1,4,5,2,16,1,46,3,10,7,1,7,15,1,8,2,5,100,1,22,121.4971164,25.1358561
114,04,09,21,15,2,08士林區,士林區中山北路6段與忠誠路1段口,0,0,3,1,C03,6,5,5,50,5,1,1,4,4,5,13,1,1,1,5,5,2,12,1,44,2,6,6,1,7,1,1,10,1,13,19,1,21,121.5247649,25.10394394
114,04,09,21,40,2,03中山區,中山區民權西路與中山北路2段口,0,0,2,1,C03,6,5,5,50,14,9,1,4,4,5,13,1,1,1,4,5,2,17,1,36,2,9,5,1,7,9,1,10,1,12,42,1,21,121.5224319,25.0631743
114,04,09,21,45,2,05中正區,中正區汀州路3段與基隆路4段口,0,0,2,1,B03,6,5,5,50,5,1,2,4,4,5,13,2,1,1,3,5,1,16,1,27,3,10,7,1,7,5,1,8,2,2,74,1,21,121.5362825,25.0110534
114,04,09,22,03,2,04大安區,大安區永康街17巷18號,0,0,1,1,B02,6,5,5,30,14,9,1,4,4,5,13,4,4,10,5,5,2,17,1,58,3,10,7,1,7,14,1,8,1,2,40,1,21,121.5308512,25.0323809
114,04,09,22,07,2,01大同區,大同區承德路3段與民權西路口,0,0,1,1,C03,6,5,5,50,4,2,1,4,4,5,13,1,1,1,4,5,2,17,1,22,2,9,5,1,7,6,1,10,1,12,9,1,21,121.5183586,25.06298605
114,04,09,22,10,2,03中山區,中山區長春路與松江路口,0,0,1,1,B03,6,5,5,50,4,1,2,4,4,5,13,1,1,9,4,5,2,17,1,58,4,11,3,4,7,6,1,8,9,17,9,1,22,121.5328887,25.05482999
114,04,09,22,37,2,08士林區,士林區德行東路與芝玉路2段口口,0,0,2,1,C02,7,5,5,50,5,1,1,4,4,5,13,2,1,8,3,5,2,16,1,46,2,9,3,4,7,5,1,9,1,12,83,1,22,121.534042,25.1097504
114,04,09,22,38,2,07信義區,信義區信義路5段127號,0,0,1,1,C03,6,5,5,50,14,9,1,4,4,5,13,4,4,1,4,5,2,12,1,61,2,9,5,1,7,9,1,10,2,14,17,1,21,121.5741385,25.033403
114,04,09,23,15,2,05中正區,中正區中華路2段與中華路2段307巷口,0,0,3,1,C03,6,5,5,40,3,1,1,4,4,5,13,2,1,5,5,4,2,8,1,48,2,9,6,1,7,9,1,10,1,12,108,1,22,121.5053514,25.0286761
114,04,10,00,46,2,03中山區,中山區中山北路3段花博園區,0,0,1,1,C03,6,5,5,50,14,9,1,4,4,5,13,4,4,1,4,5,2,13,1,23,2,9,5,1,7,9,1,10,1,11,108,1,22,121.522591,25.06976473
114,04,10,01,30,2,03中山區,中山區新生北路3段與新生北路3段56巷口,0,0,1,1,C03,6,5,5,30,3,2,1,4,4,5,13,4,4,10,4,5,2,18,1,23,3,10,5,1,7,6,1,10,1,12,44,1,21,121.5274497,25.0652714
114,04,10,02,40,2,02萬華區,萬華區昆明街與昆明街96巷口,0,0,2,1,C03,6,5,5,50,3,2,1,4,4,5,13,4,4,10,4,5,2,13,1,28,2,7,6,1,7,9,1,10,1,11,16,1,22,121.5052508,25.0446305
114,04,10,03,30,2,09北投區,北投區承德路7段301號,0,0,1,1,C03,6,5,5,60,14,8,1,4,4,5,13,4,4,1,4,4,2,12,2,27,2,9,5,1,7,9,1,10,2,11,117,1,21,121.504538,25.1165149
114,04,10,04,16,2,09北投區,北投區稻香路1204224號燈桿,0,0,1,1,B03,6,5,5,40,11,9,1,4,4,5,13,4,4,5,5,5,1,16,1,31,3,10,7,1,7,5,1,8,2,8,4,1,21,121.4858273,25.14333878
114,04,10,06,00,2,03中山區,中山區民權東路1段與雙城街口,0,0,2,1,C03,6,6,5,50,3,2,1,4,4,5,13,2,1,1,5,5,2,13,1,28,2,9,6,1,7,9,1,10,1,11,108,1,22,121.5244719,25.0628114
114,04,10,07,00,2,09北投區,北投區承德路6段與北科路口,0,0,1,1,B03,6,6,5,40,3,2,1,4,4,5,13,4,4,2,4,2,1,17,1,41,3,10,3,4,7,6,3,18,2,5,9,1,21,121.5118959,25.1072525
114,04,10,07,14,2,07信義區,信義區忠孝東路4段與光復南路口,0,0,1,1,C03,6,7,5,50,4,4,1,4,4,5,13,1,1,3,4,5,2,18,2,33,2,9,5,1,7,12,1,10,1,12,116,1,21,121.5579087,25.0412384
114,04,10,07,39,2,08士林區,士林區無名巷與文林路口(文林路773號旁),0,0,1,1,B03,6,6,5,30,3,2,1,4,4,5,13,4,4,10,5,4,1,16,2,36,3,10,7,1,7,6,1,8,2,4,72,1,21,121.5193223,25.1036221
114,04,10,07,40,2,08士林區,士林區承德橋與通河街口,0,0,1,1,C03,6,5,8,50,4,2,1,4,4,5,13,2,1,1,4,5,1,17,1,29,2,9,5,1,7,9,1,10,1,12,44,1,21,121.5223379,25.08056803
114,04,10,07,47,2,09北投區,北投區中和街與中和街398巷口,0,0,1,1,C03,6,6,5,50,5,1,1,4,4,5,13,3,1,5,5,5,2,3,1,29,3,10,5,1,7,9,1,10,2,11,70,1,21,121.4981925,25.1433791
114,04,10,07,48,2,04大安區,大安區忠孝東路3段與復興南路1段口,0,0,1,1,B02,6,5,5,50,4,1,1,4,4,5,13,2,1,10,4,5,2,17,1,57,3,10,3,4,7,6,1,8,1,17,9,1,21,121.5436746,25.0415345
114,04,10,08,00,2,03中山區,中山區濱江街103號對面,0,0,1,1,B02,6,7,5,50,14,9,1,4,4,5,13,4,4,1,1,5,2,16,2,48,3,10,7,1,7,5,1,8,1,6,80,1,21,121.534582,25.07321693
114,04,10,08,00,2,10文山區,文山區保儀路155號旁,0,0,2,1,C03,6,6,5,30,14,9,1,4,4,5,13,4,4,9,5,5,2,17,1,49,2,9,6,1,7,4,6,18,1,15,13,1,21,121.5663379,24.9841955
114,04,10,08,06,2,03中山區,中山區建國南路1段12號,0,0,1,1,A31,6,6,5,50,14,9,1,4,4,5,13,4,4,10,4,5,2,17,1,29,3,10,7,1,7,8,1,3,1,17,100,1,21,121.5363551,25.04536836
114,04,10,08,14,2,04大安區,大安區信義路3段與信義路3段134巷口,0,0,1,1,B03,6,6,5,50,5,1,1,4,4,5,13,1,1,3,4,5,2,12,1,32,3,10,7,4,7,10,1,8,1,7,100,1,21,121.5393417,25.0333868
114,04,10,08,16,2,09北投區,北投區大度路3段與中央北路4段601巷口,0,0,1,1,B03,6,7,5,50,4,2,1,4,4,5,13,2,1,3,4,5,1,16,2,46,3,10,7,1,7,6,1,8,1,5,9,1,22,121.4641614,25.1237849
114,04,10,08,29,2,01大同區,大同區承德路2段與民權西路102巷33弄口,0,0,1,1,C03,6,6,5,50,3,2,1,4,4,5,13,2,1,1,4,5,2,17,2,37,2,9,6,1,7,7,1,10,1,14,80,1,21,121.5181559,25.0616539
114,04,10,08,40,2,05中正區,中正區襄陽路與懷寧街口,0,0,1,1,B01,6,7,5,50,4,1,1,4,4,5,13,1,1,10,5,5,2,17,1,64,3,10,7,1,7,5,1,4,1,17,74,1,26,121.5140913,25.0434104
114,04,10,08,50,2,12內湖區,內湖區瑞光路316巷與瑞光路358巷30弄口,0,0,2,1,C03,6,5,5,50,3,1,1,4,4,5,13,4,4,5,5,5,2,17,1,35,2,9,5,1,7,5,1,10,1,12,74,1,21,121.5733945,25.0758019
114,04,10,09,19,2,03中山區,中山區復興北路與五常街口,0,0,2,1,C03,6,6,5,50,4,1,1,4,4,5,13,1,1,1,4,5,2,17,2,30,2,8,6,1,7,9,1,10,1,11,16,1,21,121.5441932,25.0642796
114,04,10,10,15,2,03中山區,中山區八德路2段167巷與建國北路1段23巷口,0,0,1,1,C03,6,7,5,30,4,1,1,4,4,5,13,4,4,10,5,5,2,15,1,34,2,7,6,1,7,9,1,10,1,12,72,1,21,121.5377797,25.04689087
114,04,10,10,20,2,01大同區,大同區民權西路與民權西路225巷口,0,0,1,1,C03,6,6,5,50,5,1,1,4,4,5,13,2,1,1,4,5,2,17,1,50,2,9,6,1,7,9,1,10,1,14,116,1,21,121.5121678,25.0630398
114,04,10,10,24,2,03中山區,中山區樂群三路與敬業三路口,0,0,1,1,B03,6,5,5,50,4,1,1,4,4,5,13,1,1,1,4,5,2,16,1,31,3,10,3,4,7,5,1,8,1,8,74,1,21,121.5564489,25.08276594
114,04,10,10,43,2,08士林區,士林區延平北路7段106巷與延平北路7段口社子花卉村後門,0,0,1,1,B03,6,6,5,30,3,1,1,4,4,5,13,3,1,10,5,5,2,17,1,42,3,10,7,1,7,1,1,4,1,8,72,1,21,121.5003629,25.0951856
114,04,10,11,30,2,03中山區,中山區明水路397巷與明水路口,0,0,1,1,C03,6,6,6,50,3,1,1,4,4,5,13,1,1,1,4,5,2,17,1,55,2,8,5,4,7,8,1,10,1,12,95,1,22,121.5477594,25.0773055
114,04,10,11,48,2,04大安區,大安區龍泉街與雲和街口,0,0,1,1,C03,6,6,5,30,4,1,1,4,4,5,13,4,4,10,5,5,2,15,1,24,2,9,6,1,7,9,1,10,2,12,72,1,21,121.5293692,25.0235185
114,04,10,11,50,2,08士林區,士林區延平北路7段106巷與延平北路7段106巷口,0,0,1,1,C03,6,6,5,30,3,1,1,4,4,5,13,4,4,10,5,5,2,17,1,36,2,9,3,4,7,9,1,10,1,12,13,1,21,121.4961462,25.1016791
114,04,10,12,14,2,07信義區,信義區松仁路8號,0,0,1,1,C03,6,6,5,50,14,9,1,4,4,5,13,4,4,1,4,5,2,16,2,42,2,9,6,1,7,9,3,18,11,14,44,1,26,121.5683347,25.0398476
114,04,10,12,30,2,11南港區,南港區舊莊街1段76號,0,0,1,1,B03,6,7,5,50,14,9,1,4,4,5,13,4,4,8,3,5,2,12,2,35,3,10,7,1,7,13,1,8,1,4,40,1,21,121.6187541,25.0409647
114,04,10,12,50,2,12內湖區,內湖區金湖路與康寧路1段口,0,0,1,1,B03,6,5,5,50,3,2,1,4,4,5,13,1,1,1,5,4,2,17,1,73,3,10,7,2,7,12,1,8,11,8,14,2,21,121.5996323,25.0788931
114,04,10,13,37,2,05中正區,中正區羅斯福路2段102號,0,0,1,1,B03,6,7,5,50,14,9,1,4,4,5,13,4,4,1,4,5,2,13,2,26,3,10,7,1,7,9,1,8,1,5,16,1,22,121.5225471,25.0267405
114,04,10,14,20,2,08士林區,士林區福林路與福林路254巷口,0,0,1,1,C03,6,6,5,50,4,1,1,4,4,3,13,2,1,5,4,5,2,9,2,21,2,9,3,4,7,6,1,10,1,14,116,1,21,121.5343278,25.0978085
114,04,10,14,47,2,04大安區,大安區浦城街與師大路92巷口,0,0,1,1,B12,7,5,5,30,4,1,1,5,4,5,13,4,4,10,5,5,2,17,1,25,3,10,3,4,7,5,1,8,1,8,44,1,21,121.5267597,25.0227166
114,04,10,14,50,2,05中正區,中正區重慶南路1段與漢口街1段口,0,0,1,1,B03,6,6,5,50,4,2,1,4,4,5,13,2,1,10,4,5,2,12,1,37,3,10,7,1,7,9,1,8,1,2,44,1,22,121.513226,25.04507535
114,04,10,15,09,2,07信義區,信義區和平東路3段與嘉興街口,0,0,1,1,B03,6,7,5,50,4,1,1,4,4,5,13,1,1,1,4,5,2,17,1,27,3,10,3,4,7,5,1,8,1,17,74,1,21,121.5540067,25.023026
114,04,10,15,10,2,09北投區,北投區承德路7段與承德路7段32巷口南往北,0,0,3,1,C03,8,5,5,60,3,2,1,5,4,5,13,4,4,9,4,5,1,17,1,55,2,1,6,1,7,6,1,10,1,12,9,1,21,121.5111403,25.1110039
114,04,10,15,56,2,04大安區,大安區新生南路1段97巷與新生南路1段103巷33弄口,0,0,1,1,B01,7,6,5,30,4,1,1,5,4,5,13,4,4,10,5,5,2,15,1,49,2,7,7,4,7,9,1,4,2,1,72,1,21,121.5356162,25.0411768
114,04,10,16,43,2,03中山區,中山區錦州街30巷與錦州街口,0,0,2,1,B03,8,6,5,50,3,2,1,5,4,5,13,4,4,5,5,5,2,17,1,57,3,10,3,4,7,5,1,8,1,15,72,1,22,121.524812,25.0602966
114,04,10,17,10,2,03中山區,中山區民權東路2段與吉林路口側附近口,0,0,1,1,B03,8,5,5,50,4,1,1,5,4,5,13,1,1,5,4,5,2,17,1,57,3,10,3,4,7,5,1,8,1,1,74,1,21,121.53026,25.0625564
114,04,10,17,15,2,04大安區,大安區忠孝東路3段與建國南路1段口,0,0,1,1,C03,7,5,5,50,4,1,1,5,4,5,13,2,1,10,5,5,2,17,4,,,,,,,,,,,,119,2,,121.5368713,25.0418698
114,04,10,17,18,2,10文山區,文山區羅斯福路5段與羅斯福路5段211巷口口,0,0,1,1,B03,7,6,5,50,4,1,1,5,4,5,13,2,1,1,4,5,2,16,1,45,3,10,7,1,7,11,1,8,1,5,10,1,21,121.5388828,25.0021074
114,04,10,17,22,2,10文山區,文山區興隆路4段與興隆路4段165巷口,0,0,2,1,C03,7,5,5,50,4,1,1,4,4,5,13,4,4,10,5,5,1,3,1,84,2,9,5,1,7,9,1,10,1,14,42,1,21,121.5618789,24.9840815
114,04,10,17,48,2,06松山區,松山區敦化北路88號,0,0,1,1,C03,7,7,5,50,14,9,1,5,4,5,13,4,4,1,4,4,2,12,2,18,2,8,6,4,7,8,1,10,1,14,44,1,21,121.5486778,25.0512994
114,04,10,17,50,2,07信義區,信義區永吉路與中坡北路口,0,0,1,1,B03,7,5,5,50,4,2,1,5,4,5,13,1,1,1,3,4,2,17,1,22,3,10,7,1,7,11,1,8,2,2,10,1,21,121.5804983,25.0454232
114,04,10,18,34,2,08士林區,士林區雨農路與福志路口,0,0,1,1,B12,7,5,5,50,4,1,1,5,4,5,13,2,1,5,4,5,1,1,1,49,3,10,7,1,7,5,1,8,2,5,70,1,21,121.5322536,25.0984234
114,04,10,21,40,2,03中山區,中山區民權東路2段119號,0,0,1,1,C03,7,5,5,50,14,9,1,5,4,5,13,4,4,5,5,5,2,13,1,30,2,9,6,1,7,8,1,10,1,11,100,1,22,121.5344888,25.0626492
114,04,10,21,45,2,03中山區,中山區市民大道2段與林森北路口,0,0,2,1,C03,7,5,5,50,4,1,1,5,4,5,13,1,1,9,2,5,1,16,1,28,2,8,5,1,7,5,1,10,1,13,8,1,21,121.5240761,25.0473525
114,04,10,22,30,2,05中正區,中正區中山北路1段與市民大道1段口,0,0,1,1,B01,7,5,5,50,4,1,1,5,4,5,13,1,1,5,4,5,2,17,1,64,3,10,7,4,7,8,1,4,11,15,100,1,21,121.5209095,25.0478851
114,04,10,22,44,2,01大同區,大同區延平北路1段與鄭州路口,0,0,1,1,C03,7,5,5,40,4,2,1,5,4,5,13,1,1,1,4,5,2,17,1,19,3,10,5,1,7,8,1,10,1,12,100,1,21,121.5119981,25.0499953
114,04,10,22,50,2,03中山區,中山區建國北路2段與建國北路2段151巷口,0,0,1,1,B03,7,5,5,50,3,1,1,5,4,5,13,4,4,9,4,5,2,16,1,30,3,10,3,4,7,6,1,8,2,1,72,1,22,121.537167,25.0620038
114,04,10,23,22,2,07信義區,信義區松壽路22號,0,0,1,1,B01,8,5,5,50,14,9,1,5,4,5,13,4,4,9,4,5,2,17,1,37,3,10,7,1,7,9,1,4,1,5,108,1,22,121.5678815,25.0357623
114,04,11,05,15,2,12內湖區,內湖區金湖路16號旁,0,0,1,1,B03,8,5,5,50,14,9,1,5,4,5,13,4,4,1,4,5,2,13,1,75,2,1,7,1,7,9,1,8,2,5,108,1,21,121.5958707,25.0833993
114,04,11,05,35,2,11南港區,南港區南港路1段與興華路口,0,0,1,1,B01,8,7,5,50,4,2,1,5,4,5,13,2,1,9,4,4,2,16,1,64,3,10,7,1,7,5,1,8,1,6,71,1,21,121.6061426,25.054267
114,04,11,07,10,2,09北投區,北投區紗帽路118號燈桿,0,0,1,1,C03,8,5,5,40,11,9,1,5,4,5,13,4,4,9,4,5,2,17,1,66,2,9,3,4,7,9,1,10,1,14,4,1,21,121.5327622,25.1408027
114,04,11,07,51,2,05中正區,中正區中華路2段與中華路2段75巷口,0,0,1,1,C03,8,6,5,50,3,1,1,5,4,5,13,4,4,3,4,5,2,16,1,23,3,10,5,1,7,6,1,10,2,12,9,1,21,121.5058672,25.034294
114,04,11,07,56,2,01大同區,大同區延平北路2段與民生西路口口,0,0,1,1,C03,8,6,5,50,4,1,1,5,4,5,13,2,1,5,5,5,2,12,2,37,3,10,6,1,7,9,1,10,2,14,17,1,21,121.5115505,25.0569332
114,04,11,08,00,2,12內湖區,內湖區成功路3段95號,0,0,1,1,C03,8,6,5,50,14,9,1,5,4,5,13,4,4,1,4,5,2,17,2,46,2,9,5,1,7,9,1,10,1,11,108,1,21,121.5895095,25.0789522
114,04,11,08,02,2,05中正區,中正區羅斯福路4段與基隆路4段口,0,0,2,1,C03,8,7,5,50,5,1,1,5,4,5,13,1,1,1,4,5,2,17,1,63,2,9,5,1,7,5,1,10,1,14,96,1,22,121.5369013,25.0112329
114,04,11,08,05,2,02萬華區,萬華區西園路2段與東園街口,0,0,1,1,B03,8,6,5,50,3,1,1,5,4,5,13,1,1,8,3,5,1,17,1,62,3,10,7,1,7,6,1,8,1,5,9,1,21,121.4952975,25.0280949
114,04,11,08,32,2,01大同區,大同區環河北路1段與鄭州路口,0,0,1,1,C03,8,6,5,50,5,2,1,5,4,5,13,4,4,1,5,5,2,12,2,49,2,9,6,1,7,8,1,10,2,12,80,1,21,121.5070179,25.0510519
114,04,11,08,35,2,06松山區,松山區民生東路3段與復興北路口,0,0,2,1,C03,7,6,5,50,4,1,1,5,4,5,13,2,1,1,4,5,2,12,1,20,2,9,5,1,7,15,1,10,1,12,80,1,21,121.5442869,25.0577659
114,04,11,08,36,2,07信義區,信義區福德街310巷與成福路178巷口,0,0,1,1,C03,7,5,5,30,3,1,1,5,4,5,13,4,4,5,5,5,2,13,1,41,2,9,6,2,7,9,1,10,1,11,16,1,21,121.5867303,25.0415807
114,04,11,08,45,2,05中正區,中正區汀州路3段與辛亥路1段口,0,0,1,1,A02,8,6,5,50,4,1,1,5,4,5,13,1,1,5,4,5,2,9,1,59,3,10,7,1,7,6,1,2,11,17,44,1,21,121.5278658,25.018549
114,04,11,08,46,2,03中山區,中山區濱江街321號與濱江街口,0,0,1,1,C03,8,6,5,50,3,2,1,5,4,5,13,4,4,10,4,5,2,17,1,20,2,9,5,1,7,9,1,10,1,11,13,1,21,121.5472462,25.07232201
114,04,11,08,48,2,11南港區,南港區忠孝東路7段與向陽路口,0,0,1,1,B12,8,7,5,50,5,2,1,5,4,5,13,1,1,1,3,5,2,13,1,30,3,10,7,1,7,9,1,8,1,5,16,1,21,121.5958801,25.050871
114,04,11,08,54,2,08士林區,士林區中山北路6段與中山北路6段157巷口,0,0,1,1,B03,8,6,5,30,3,1,1,5,4,5,13,4,4,1,4,5,2,17,1,51,3,10,7,1,7,6,1,8,1,6,9,1,22,121.524918,25.1067813
114,04,11,08,57,2,07信義區,信義區吳興街277號,0,0,1,1,B03,7,7,5,30,14,9,1,5,4,5,13,4,4,5,5,5,2,12,1,24,3,10,3,4,7,9,1,8,2,2,17,1,21,121.5641323,25.0265767
114,04,11,09,40,2,12內湖區,內湖區內湖路3段143巷與內湖路3段191巷口,0,0,1,1,B01,8,6,5,30,4,2,1,5,4,5,13,4,4,10,5,5,2,17,1,67,3,10,7,1,7,9,1,4,1,1,75,1,21,121.5888047,25.0876473
114,04,11,09,49,2,03中山區,中山區中山北路2段50巷25號,0,0,1,1,C03,8,6,5,30,14,9,1,5,4,5,13,4,4,8,3,5,1,17,1,35,2,8,5,1,7,9,1,10,1,11,108,1,21,121.5214095,25.0562379
114,04,11,09,56,2,08士林區,士林區大東路與福德路口,0,0,1,1,A01,7,6,5,50,4,2,1,5,4,5,13,1,1,5,5,5,2,9,1,46,3,10,7,1,7,15,1,2,2,17,118,1,22,121.5254004,25.092116
114,04,11,09,59,2,04大安區,大安區安居街13號,0,0,1,1,C04,8,6,5,50,14,9,1,5,4,5,13,4,4,9,5,5,2,17,2,28,3,10,5,1,7,9,1,10,1,12,42,1,22,121.5549325,25.0210065
114,04,11,10,01,2,07信義區,信義區松仁路與忠孝東路5段236巷2弄口,0,0,1,1,B03,7,5,6,50,4,2,1,5,4,5,13,4,4,1,4,5,2,16,1,75,3,10,7,1,7,6,1,8,2,5,9,1,21,121.5685921,25.0404804
114,04,11,10,20,2,07信義區,信義區忠孝東路4段與逸仙路口,0,0,2,1,C03,7,6,5,50,4,1,1,5,4,5,13,2,1,1,4,5,2,17,1,52,2,9,5,1,7,6,6,11,1,12,9,1,22,121.561492,25.0411246