發生年度,發生月,發生日,發生時-Hours,發生分,處理別-編號,區序,肇事地點,死亡人數,2-30日死亡人數,受傷人數,當事人序號,車種,天候,光線,道路類別,速限-速度限制,道路型態,事故位置,路面狀況1,路面狀況2,路面狀況3,道路障礙1,道路障礙2,號誌1,號誌2,車道劃分-分向,車道劃分-分道1,車道劃分-分道2,車道劃分-分道3,事故類型及型態,性別,年齡,受傷程度,主要傷處,保護裝置,行動電話,車輛用途,當事者行動狀態,駕駛資格情形,駕駛執照種類,飲酒情形,車輛撞擊部位1,肇因碼-個別,個人肇逃否,職業,座標-X,座標-Y
114,04,14,19,20,2,09北投區,北投區中央北路3段122號與中央北路3段口,0,0,2,1,C03,7,5,5,50,3,2,1,5,4,5,13,4,4,9,4,5,2,16,1,24,2,7,3,4,7,1,1,10,2,14,19,1,26,121.483437,25.13739306
114,04,14,19,27,2,10文山區,文山區木柵路2段與興隆路4段口,0,0,1,1,C03,7,5,5,50,4,1,1,5,4,5,13,2,1,10,5,5,2,3,1,34,2,9,5,4,7,9,1,10,9,11,70,1,22,121.560143,24.988611
114,04,14,19,40,2,08士林區,士林區福國路與文林路口,0,0,1,1,B03,8,5,5,50,5,1,1,5,4,5,13,1,1,1,4,4,2,17,1,73,3,10,3,4,7,6,1,7,1,8,9,1,21,121.5210753,25.1020706
114,04,14,19,50,2,03中山區,中山區吉林路197號,0,0,1,1,C03,7,5,5,50,14,7,1,5,4,5,13,4,4,9,5,4,2,18,2,25,2,9,6,1,7,9,1,10,9,12,44,1,21,121.52778,25.06008873
114,04,14,19,56,2,05中正區,中正區和平西路2段與泉州街口,0,0,1,1,B03,8,5,5,50,5,1,1,5,4,5,13,1,1,1,4,5,2,17,1,53,3,10,7,1,7,6,1,8,1,5,9,1,22,121.5145433,25.0276372
114,04,14,19,57,2,02萬華區,萬華區桂林路216號對面,0,0,1,1,C03,8,5,8,50,22,22,1,5,4,5,13,4,4,10,5,5,2,13,1,29,3,10,3,4,7,9,1,9,1,11,16,1,21,121.4967588,25.0385804
114,04,14,20,20,2,11南港區,南港區松河街東往西（南港幹40L20）,0,0,2,1,C03,7,5,5,50,14,9,1,5,4,5,13,4,4,9,5,5,2,12,1,23,2,9,6,1,7,4,1,10,1,11,108,1,21,121.5898134,25.0558942
114,04,14,21,00,2,03中山區,中山區北安路自強隧道圓環,0,0,1,1,C03,7,5,5,50,18,17,1,5,4,5,13,4,4,9,4,5,2,12,1,17,2,9,5,4,7,7,2,18,1,12,100,1,21,121.5514273,25.0857239
114,04,14,21,24,2,04大安區,大安區羅斯福路4段與基隆路4段口,0,0,1,1,C03,8,5,5,50,5,1,1,5,4,5,13,1,1,1,4,5,2,12,1,22,2,9,5,1,7,7,1,10,2,12,100,1,21,121.5377639,25.0106285
114,04,14,21,37,2,09北投區,北投區尊賢街211號,0,0,2,1,C03,7,5,5,30,14,9,1,5,4,5,13,4,4,10,5,5,2,3,2,44,2,9,3,4,7,9,1,10,1,11,44,1,22,121.5079988,25.1154182
114,04,14,21,50,2,10文山區,(舊木柵路5段口旁),0,0,1,1,A02,8,5,5,50,3,2,1,5,4,5,13,1,1,5,4,5,2,38,1,58,3,10,7,1,7,15,1,1,2,8,118,1,21,121.5875854,25.0028399
114,04,14,21,50,2,12內湖區,內湖區康寧路1段173巷與康寧路1段口,0,0,2,1,C03,7,5,5,50,3,1,1,5,4,5,13,4,4,9,5,5,2,16,2,72,2,9,5,1,7,5,1,10,1,14,17,1,21,121.5952764,25.0786395
114,04,14,22,02,2,12內湖區,內湖區安康路與安康路25巷口,0,0,2,1,C03,7,5,5,50,4,1,1,5,4,5,13,1,1,5,5,5,2,17,1,25,2,9,5,1,7,5,1,10,1,12,8,1,21,121.5933679,25.062496
114,04,14,22,09,2,03中山區,中山區內湖路1段與內湖路1段1巷口,0,0,1,1,B03,7,5,6,50,4,2,1,5,4,5,13,4,4,10,5,5,2,3,1,61,3,10,7,1,7,6,1,8,1,1,70,1,21,121.5583697,25.08484513
114,04,14,22,09,2,05中正區,中正區南海路與泉州街口,0,0,1,1,B01,8,5,5,50,4,18,1,5,4,5,13,3,1,10,4,4,2,2,1,70,4,11,3,4,7,5,7,19,11,5,70,2,22,121.5136719,25.0316343
114,04,14,22,56,2,04大安區,大安區新生南路3段20號,0,0,1,1,A04,8,5,5,50,14,9,1,5,4,5,13,2,1,9,4,5,1,12,1,60,3,10,3,4,7,8,1,1,11,17,100,1,21,121.5346364,25.0242059
114,04,14,23,56,2,11南港區,南港區忠孝東路7段與興中路口,0,0,1,1,B12,8,5,5,50,3,1,1,5,4,5,13,1,1,1,3,4,2,13,1,64,3,10,3,4,7,1,1,8,2,7,19,1,21,121.6072803,25.0520925
114,04,15,02,14,2,01大同區,大同區民權西路與民權西路225巷口口,0,0,4,1,C03,8,5,5,50,4,3,1,5,4,5,13,3,1,1,4,5,2,13,2,24,2,9,5,1,7,7,1,10,2,11,100,1,22,121.5124394,25.0630456
114,04,15,06,01,2,01大同區,大同區迪化街2段與延平北路4段179巷口,0,0,1,1,C03,8,6,5,30,4,1,1,5,4,5,13,4,4,10,5,5,2,15,2,57,2,8,5,1,7,9,1,10,1,14,72,1,21,121.5124634,25.0736019
114,04,15,06,10,2,12內湖區,內湖區新明路298巷與南京東路6段口,0,0,2,1,F02,7,5,5,50,4,2,1,5,4,5,13,1,1,5,5,5,2,15,1,33,2,9,4,1,7,9,8,20,2,14,44,1,21,121.5817525,25.05691
114,04,15,07,39,2,02萬華區,萬華區環河南路1段348巷與貴陽街2段口,0,0,1,1,B12,8,7,5,50,5,1,1,5,4,5,13,1,1,10,5,5,2,16,2,60,3,10,7,1,7,6,1,8,1,5,89,1,21,121.4979425,25.0400955
114,04,15,07,40,2,07信義區,信義區松山路249號,0,0,1,1,C04,8,5,8,50,22,22,1,5,4,5,13,4,4,1,4,5,2,17,2,63,2,9,5,1,7,8,1,8,2,14,100,1,22,121.5778716,25.0441775
114,04,15,07,44,2,10文山區,文山區辛亥路7段與光輝路21巷口,0,0,1,1,B03,8,6,5,50,3,1,2,5,4,5,13,2,1,10,5,5,2,17,1,45,3,10,3,4,7,5,1,4,2,2,71,1,21,121.5538609,24.9855485
114,04,15,07,55,2,10文山區,文山區萬寧街與萬寧街36巷口,0,0,1,1,,8,5,5,40,3,2,1,5,5,5,13,4,4,9,5,5,1,18,3,0,,,,,,,,,,,129,1,,121.5651532,25.0034326
114,04,15,08,00,2,12內湖區,內湖區新湖二路259巷與新湖二路口,0,0,2,1,C03,8,7,8,50,4,2,1,5,4,5,13,4,4,5,4,5,2,13,1,39,2,8,5,1,7,9,1,9,2,11,16,1,22,121.5816505,25.0638586
114,04,15,08,05,2,05中正區,中正區中華路1段與漢口街1段口,0,0,3,1,C03,8,7,5,50,4,4,1,5,4,5,13,1,1,1,4,5,2,17,1,47,2,9,5,1,7,12,1,10,1,13,44,1,21,121.5092819,25.0449287
114,04,15,08,23,2,01大同區,大同區民權西路102巷與民權西路102巷33弄口,0,0,1,1,B03,8,5,5,30,4,2,1,5,4,5,13,4,4,5,5,5,2,16,1,48,3,10,7,1,7,6,1,8,1,5,9,1,21,121.5177874,25.0615615
114,04,15,08,30,2,06松山區,松山區南京東路3段255號,0,0,1,1,C03,8,6,5,50,14,7,1,5,4,5,13,2,1,1,3,4,2,13,2,23,2,9,6,1,7,9,1,10,1,11,108,1,22,121.5444372,25.0519255
114,04,15,08,38,2,06松山區,松山區濱江街863號,0,0,2,1,C03,7,6,5,50,14,9,1,5,4,5,13,4,4,1,4,4,2,16,1,29,2,9,5,1,7,9,1,10,1,11,13,1,21,121.5608681,25.0709058
114,04,15,08,40,2,04大安區,大安區復興南路2段271巷與復興南路2段口,0,0,1,1,C03,8,6,5,50,3,2,1,5,4,5,13,4,4,1,4,5,2,17,1,30,3,10,5,4,7,9,1,10,1,11,42,1,21,121.5435553,25.0257605
114,04,15,08,50,2,02萬華區,萬華區環河南路2段與和平西路3段口,0,0,1,1,B02,8,6,8,50,4,1,1,5,4,5,13,1,1,1,4,5,2,17,1,29,3,10,7,1,7,6,1,8,1,2,9,1,21,121.494683,25.0354911
114,04,15,08,52,2,05中正區,中正區中華路1段與中華路1段91巷口,0,0,2,1,B03,7,6,5,30,14,9,4,5,4,5,13,4,4,10,5,5,2,17,1,58,3,10,2,1,7,6,1,8,2,2,9,1,22,121.5070622,25.03516609
114,04,15,09,09,2,02萬華區,萬華區堤外便道南往北（燈桿龍山053）,0,0,2,1,C03,8,7,7,40,14,11,1,5,4,5,13,4,4,1,3,5,2,13,1,22,2,9,5,1,7,9,1,10,1,11,16,1,21,121.4985498,25.0411105
114,04,15,09,15,2,06松山區,松山區八德路2段451巷與八德路2段437巷7弄口,0,0,1,1,C03,8,6,5,30,3,1,1,5,4,5,13,4,4,10,5,5,2,16,2,51,2,9,6,4,7,4,1,8,2,12,1,1,22,121.5474348,25.04920068
114,04,15,09,20,2,06松山區,松山區南京東路4段158巷與南京東路4段口,0,0,2,1,B03,8,6,5,30,3,1,1,5,4,5,13,4,4,3,4,4,2,17,1,42,2,3,7,1,7,6,1,8,1,8,72,1,22,121.556464,25.0514663
114,04,15,09,32,2,03中山區,中山區八德路2段345號,0,0,1,1,B01,8,6,5,50,14,9,1,5,4,5,13,2,1,5,5,5,2,16,1,44,3,10,7,1,7,11,1,4,1,2,10,1,22,121.543794,25.0475913
114,04,15,09,36,2,06松山區,松山區復興北路97號,0,0,1,1,C03,8,6,5,50,14,9,1,5,4,5,13,4,4,1,3,5,2,12,2,51,2,9,6,1,7,10,1,10,1,14,100,1,22,121.5441571,25.0522776
114,04,15,09,59,2,01大同區,大同區大稻埕堤外便道(民生-市民)、五號水門停車場,0,0,1,1,B03,8,6,5,30,14,9,1,5,4,5,13,4,4,10,5,5,2,17,1,42,3,10,7,4,7,6,1,8,1,5,9,1,21,121.5078858,25.0569222
114,04,15,10,29,2,12內湖區,內湖區東湖路43巷27號機車格,0,0,1,1,F02,8,5,5,30,14,9,1,5,4,1,13,4,4,9,4,5,2,12,2,60,2,9,4,1,7,7,8,20,2,14,5,1,21,121.6132362,25.0702169
114,04,15,10,44,2,08士林區,士林區延平北路8段80巷53弄1號與延平北路8段80巷口(旁私人土地),0,0,3,1,C04,8,5,5,30,4,2,1,5,4,5,13,4,4,10,5,5,2,16,2,23,2,9,5,1,7,9,1,10,1,11,14,1,21,121.5201826,25.12019827
114,04,15,11,37,2,02萬華區,萬華區桂林路與華江橋口機車引道,0,0,1,1,B03,8,6,5,50,5,2,2,5,4,5,13,2,1,9,5,5,2,13,2,66,3,10,3,4,7,5,1,8,1,6,90,1,22,121.4958559,25.0388061
114,04,15,11,46,2,09北投區,北投區文林北路與自強街口,0,0,1,1,C03,8,7,5,50,4,1,1,5,4,1,13,2,1,3,4,5,2,16,1,26,2,9,6,1,7,7,1,8,1,13,100,1,22,121.5121681,25.1097875
114,04,15,12,04,2,02萬華區,萬華區西園路2段與西藏路口,0,0,2,1,A02,8,7,5,50,4,2,1,5,4,5,13,2,1,1,4,5,2,13,1,51,3,10,3,4,7,9,1,2,1,1,16,1,22,121.495568,25.0284645
114,04,15,12,10,2,05中正區,中正區和平西路1段與廈門街口口,0,0,1,1,B03,8,6,5,50,4,1,1,5,4,5,13,1,1,1,4,5,1,16,1,64,3,10,7,1,7,5,1,8,2,2,74,1,21,121.5184659,25.0264459
114,04,15,12,21,2,05中正區,中正區延平南路與延平南路216巷口,0,0,2,1,H01,8,7,5,50,4,1,1,5,4,5,13,4,4,9,5,5,2,3,2,24,2,7,4,5,8,18,8,20,10,16,121,1,22,121.5075015,25.0343923
114,04,15,12,23,2,04大安區,大安區和平東路1段與金山南路2段口,0,0,1,1,B01,8,6,5,50,3,4,1,5,4,5,13,1,1,1,4,5,2,13,1,52,3,10,7,1,7,6,1,4,1,8,9,1,21,121.5261149,25.0268822
114,04,15,12,25,2,12內湖區,內湖區康寧路3段與安康路口,0,0,1,1,B03,8,6,5,50,4,1,1,5,4,5,13,2,1,1,4,5,2,17,2,23,3,10,7,1,7,12,1,8,1,7,81,1,21,121.6108242,25.064948
114,04,15,12,44,2,05中正區,中正區中山南路與信義路1段口,0,0,1,1,B03,8,7,5,50,5,2,1,5,4,5,13,2,1,1,4,1,2,15,1,38,3,10,7,1,7,9,1,7,2,5,81,1,21,121.5180996,25.0384691
114,04,15,12,45,2,04大安區,大安區和平東路1段與金山南路2段口,0,0,1,1,B03,8,6,5,50,3,4,1,5,4,5,13,1,1,1,4,5,2,13,2,62,3,10,7,1,7,9,1,8,1,1,108,1,21,121.5261281,25.0268543
114,04,15,12,46,2,02萬華區,萬華區桂林路244巷與桂林路246巷口,0,0,1,1,C03,8,6,5,30,3,1,1,5,4,5,13,3,1,10,5,5,2,17,1,54,3,10,5,4,7,15,1,10,1,13,118,1,22,121.4942685,25.0377928
114,04,15,13,23,2,10文山區,文山區羅斯福路5段與羅斯福路5段97巷口,0,0,2,1,B03,8,6,5,50,3,1,1,5,4,5,13,4,4,1,4,5,2,16,1,45,3,10,7,1,7,6,1,8,2,2,9,1,21,121.5390547,25.0053088
114,04,15,13,32,2,03中山區,中山區中山北路2段61號,0,0,1,1,A02,8,7,5,50,14,9,1,5,4,5,13,4,4,1,4,5,2,17,1,53,3,10,7,1,7,1,1,2,1,17,19,1,22,121.5222016,25.05804355
114,04,15,13,32,2,03中山區,中山區民權東路2段與天祥路口,0,0,3,1,B01,8,7,5,0,4,1,1,5,4,5,13,1,1,3,4,4,1,17,1,45,3,10,7,1,7,8,1,8,1,17,100,1,21,121.5208074,25.06291733
114,04,15,13,36,2,06松山區,松山區八德路4段36巷30號,0,0,2,1,C03,8,6,5,30,14,9,1,5,4,5,13,4,4,7,5,5,2,17,1,28,2,9,6,4,7,9,1,10,1,11,16,1,22,121.5592819,25.0469579
114,04,15,13,40,2,01大同區,大同區重慶北路2段46巷與重慶北路2段64巷口,0,0,1,1,B03,8,6,5,30,3,1,1,5,4,5,13,4,4,9,5,5,2,16,1,29,3,10,7,1,7,6,1,8,1,1,9,1,21,121.5133102,25.0556701
114,04,15,13,53,2,01大同區,大同區昌吉街158號,0,0,1,1,B03,8,6,5,50,14,9,1,5,4,5,13,4,4,8,3,5,1,16,1,37,3,10,3,4,7,1,1,8,1,8,19,1,21,121.5129107,25.0659574
114,04,15,14,01,2,04大安區,大安區忠孝東路4段223巷與忠孝東路4段223巷10弄口口,0,0,1,1,B03,8,6,5,50,4,1,1,5,4,5,13,4,4,9,4,5,2,17,1,58,3,10,7,1,7,11,1,8,1,8,10,1,21,121.5530016,25.0420545
114,04,15,14,14,2,08士林區,士林區中正路與美德街口口,0,0,1,1,C03,8,6,5,50,3,1,1,5,4,5,13,4,4,1,4,4,1,16,2,19,2,9,6,1,7,9,1,10,1,11,108,1,21,121.5251406,25.0952937
114,04,15,14,25,2,01大同區,大同區重慶北路2段64巷與南京西路167巷口,0,0,2,1,C03,8,6,5,30,4,1,1,5,4,5,13,4,4,10,5,5,2,17,1,68,2,8,5,1,7,9,1,10,1,11,72,1,21,121.5125424,25.05563708
114,04,15,14,30,2,02萬華區,萬華區萬大路424巷119號,0,0,1,1,C03,8,5,5,50,14,9,1,5,4,3,10,4,4,9,4,5,2,17,2,27,2,8,5,4,7,9,1,10,1,11,108,1,21,121.494899,25.0209935
114,04,15,14,30,2,07信義區,信義區基隆路2段133號,0,0,1,1,C03,8,6,5,50,4,1,1,5,4,5,13,2,1,1,4,5,2,13,1,18,3,10,6,1,7,9,1,10,1,11,16,1,22,121.5559514,25.0272468
114,04,15,14,34,2,05中正區,中正區羅斯福路3段246號,0,0,1,1,B02,8,6,5,50,14,9,1,5,4,5,13,4,4,3,4,5,2,13,1,33,3,10,7,1,7,9,1,8,1,1,13,1,21,121.5318044,25.0170363
114,04,15,14,54,2,05中正區,(金華街20號前),0,0,1,1,B03,8,6,5,50,14,9,1,5,4,5,13,4,4,9,4,5,1,17,2,43,3,10,7,1,7,11,1,8,2,8,10,1,21,121.5204396,25.03171144
114,04,15,14,57,2,04大安區,大安區大安路1段175巷4號,0,0,1,1,C03,8,6,5,30,14,9,1,5,4,5,13,4,4,10,5,5,1,2,1,47,3,10,6,4,7,9,1,10,2,11,108,1,21,121.5464539,25.036433
114,04,15,15,05,2,03中山區,中山區大直街62巷5弄,0,0,2,1,C03,8,6,6,30,11,9,1,5,4,5,13,4,4,10,5,5,2,10,1,19,2,9,5,4,7,9,1,10,1,11,4,1,21,121.5459663,25.0830496
114,04,15,15,10,2,05中正區,中正區中山南路與常德街口,0,0,1,1,C03,8,6,5,50,3,2,1,5,4,5,13,1,1,4,4,1,2,13,1,27,2,8,6,1,7,9,1,10,1,11,108,1,21,121.5182308,25.0404545
114,04,15,15,40,2,12內湖區,內湖區民權東路6段13之3號,0,0,1,1,C03,8,7,5,50,14,9,1,5,4,5,13,4,4,1,4,5,2,13,1,23,2,7,5,1,7,9,1,10,1,11,16,1,21,121.5789037,25.0668958
114,04,15,15,55,2,12內湖區,內湖區文湖街1號,0,0,2,1,C03,7,6,5,50,14,13,1,5,4,5,13,4,4,9,5,5,1,16,2,27,2,9,6,1,7,7,1,10,2,12,100,1,22,121.559929,25.0852206
114,04,15,16,20,2,08士林區,士林區中山北路5段與福林路口,0,0,3,1,B03,8,5,5,50,4,1,1,5,4,5,13,1,1,5,4,5,2,10,1,48,2,9,3,4,7,9,1,8,7,8,21,1,21,121.5280277,25.09354036
114,04,15,16,56,2,03中山區,中山區建國北路1段與長安東路2段口,0,0,1,1,B03,8,7,5,50,4,1,1,5,4,5,13,1,1,5,4,5,1,15,1,58,3,10,7,1,7,9,1,8,5,2,81,1,21,121.5364212,25.04846278
114,04,15,16,56,2,09北投區,北投區立德路156號,0,0,1,1,B03,8,6,5,30,14,9,1,5,4,5,13,4,4,9,4,5,2,17,1,47,3,10,7,1,7,1,1,8,2,8,19,1,21,121.4725033,25.1282275
114,04,15,17,50,2,12內湖區,內湖區內湖路1段520號,0,0,1,1,A02,8,6,5,50,14,9,1,5,4,5,13,4,4,1,4,5,2,9,1,63,3,10,7,1,7,1,1,2,1,2,19,1,21,121.5746055,25.0801531
114,04,15,17,51,2,10文山區,文山區木柵路2段與木柵路2段138巷口,0,0,1,1,B03,7,5,5,50,4,1,1,5,4,5,13,2,1,10,5,5,2,16,1,61,3,10,7,1,7,6,1,8,2,5,9,1,22,121.5617539,24.9887899
114,04,15,17,53,2,10文山區,文山區木柵路2段與興隆路4段口,0,0,1,1,C03,8,7,5,50,4,1,1,5,4,5,13,1,1,10,5,5,2,17,2,19,2,9,5,1,7,5,1,10,2,11,96,1,21,121.5600185,24.9889588
114,04,15,17,58,2,12內湖區,內湖區新明路與新明路123巷口,0,0,2,1,C03,8,7,5,50,4,18,1,5,4,5,13,4,4,9,4,4,2,3,1,51,2,9,6,1,7,9,1,10,2,11,70,1,21,121.5898765,25.05976128
114,04,15,18,00,2,09北投區,北投區中央北路2段257巷034號燈桿,0,0,2,1,C03,8,5,5,50,14,9,1,5,4,5,13,4,4,5,5,5,2,16,2,66,2,9,5,1,7,5,1,11,1,11,118,1,21,121.4906652,25.1371031
114,04,15,18,09,2,03中山區,中山區北安路與北安路595巷口,0,0,3,1,C03,7,5,5,50,4,1,1,5,4,5,13,1,1,1,4,5,2,16,2,18,2,7,6,1,7,5,1,10,1,11,8,1,21,121.5487621,25.08202031
114,04,15,18,10,2,04大安區,大安區建國南路2段201號,0,0,1,1,B03,7,6,5,50,14,9,1,5,4,5,13,4,4,1,4,5,2,16,2,63,3,10,3,4,7,1,1,8,1,7,19,1,22,121.5379815,25.0271322
114,04,15,18,20,2,03中山區,中山區建國北路3段42號,0,0,2,1,C03,7,5,5,50,14,9,1,5,4,5,13,4,4,1,4,5,2,17,2,28,2,7,6,1,7,9,1,10,1,11,16,1,21,121.5367323,25.06432934
114,04,15,18,31,2,04大安區,大安區信義路4段與信義路4段53巷口,0,0,1,1,B03,8,5,5,50,3,1,1,5,4,5,13,4,4,9,4,5,1,15,1,41,3,10,3,4,7,1,1,8,1,8,108,1,21,121.5450693,25.033489
114,04,15,18,34,2,04大安區,大安區仁愛路4段與敦化南路1段口,0,0,1,1,C03,8,5,5,50,5,1,1,5,4,5,13,1,1,1,5,5,2,13,1,26,2,9,5,1,7,12,1,10,1,11,108,1,21,121.5486062,25.0387305
114,04,15,18,42,2,07信義區,信義區吳興街與吳興街269巷口,0,0,1,1,C03,8,5,5,30,4,2,1,5,4,5,13,4,4,10,5,5,2,13,2,30,2,9,6,1,7,9,1,10,1,11,16,1,22,121.5638961,25.026851
114,04,15,18,45,2,04大安區,大安區敦化南路2段201號,0,0,1,1,C03,8,5,5,50,14,9,1,5,4,5,13,1,1,1,4,5,2,12,1,19,3,10,5,1,7,12,1,10,1,12,42,1,21,121.5489595,25.0268124
114,04,15,18,58,2,11南港區,南港區興中路與忠孝東路7段口,0,0,1,1,B03,8,5,5,50,14,9,1,5,4,5,13,4,4,8,2,5,2,11,1,45,3,10,3,4,7,11,1,8,2,4,80,1,21,121.6078281,25.0527149
114,04,15,19,06,2,04大安區,大安區文昌街與敦化南路2段口,0,0,1,1,B01,7,5,5,50,3,1,1,5,4,5,13,4,4,10,5,5,2,13,1,51,3,10,3,4,7,9,1,3,1,1,16,1,21,121.5490912,25.0329692
114,04,15,19,12,2,05中正區,中正區鄭州路與重慶北路1段口,0,0,1,1,B03,8,5,5,50,4,1,1,5,4,5,13,1,1,1,3,1,2,17,1,49,2,9,7,1,7,15,1,8,2,4,98,1,23,121.5133322,25.0494157
114,04,15,19,15,2,12內湖區,內湖區文德路218號,0,0,1,1,C03,7,5,5,50,14,9,1,5,4,5,13,4,4,1,5,5,2,17,1,25,2,9,5,1,7,9,1,10,2,11,13,1,21,121.5873077,25.07866544
114,04,15,19,26,2,12內湖區,內湖區基湖路與基湖路10巷口,0,0,2,1,C03,8,5,5,30,4,2,1,5,4,5,13,2,1,5,4,5,2,17,2,62,2,9,3,4,7,15,1,11,3,15,71,1,21,121.5651173,25.0815085
114,04,15,19,28,2,01大同區,大同區承德路1段與太原路115巷口口,0,0,1,1,B01,8,5,5,30,3,1,1,5,4,5,13,4,4,7,5,5,2,15,1,66,3,10,2,1,7,1,1,8,2,1,80,1,22,121.5172823,25.0523746
114,04,15,19,35,2,01大同區,大同區延平北路2段與涼州街口,0,0,1,1,F01,7,5,5,50,4,2,1,5,4,5,13,2,1,5,4,5,2,17,2,59,2,9,3,4,7,15,8,20,1,12,5,1,21,121.5113437,25.0606505
114,04,15,19,38,2,05中正區,中正區中山南路與信義路1段口,0,0,1,1,B03,8,5,5,50,5,2,1,5,4,5,13,2,1,5,4,5,2,3,1,29,3,10,7,1,7,6,1,8,2,1,9,1,22,121.5180051,25.03857726
114,04,15,20,02,2,05中正區,中正區公園路與貴陽街1段口,0,0,1,1,A04,7,5,5,50,4,1,1,5,4,5,13,1,1,9,4,5,2,17,1,50,3,10,7,1,7,5,1,2,11,17,50,2,21,121.5152124,25.03849938
114,04,15,20,05,2,08士林區,士林區文林路與大南路口,0,0,2,1,B01,8,5,5,50,4,1,1,5,4,5,13,4,4,5,5,5,2,16,1,66,3,10,7,1,7,1,1,4,1,8,19,1,21,121.5266001,25.0888635
114,04,15,20,29,2,12內湖區,內湖區康樂街與康樂街61巷口口,0,0,2,1,C03,7,5,5,50,3,1,1,5,4,5,13,2,1,4,5,5,1,13,1,42,2,8,6,1,7,9,1,10,1,11,16,1,21,121.6183146,25.0684748
114,04,15,21,14,2,02萬華區,萬華區華中橋機車專用道往新北市,0,0,2,1,C03,8,5,7,40,14,11,1,5,4,5,13,4,4,10,5,5,2,17,1,36,3,10,3,4,7,15,1,10,1,13,42,1,21,121.4954433,25.0158475
114,04,15,21,40,2,04大安區,大安區忠孝東路3段210號,0,0,2,1,C03,8,5,5,50,14,9,1,5,4,5,13,4,4,1,4,5,2,29,2,22,2,9,5,1,7,12,1,10,11,11,108,1,21,121.5399832,25.0415747
114,04,15,21,40,2,04大安區,大安區基隆路3段與辛亥路3段口,0,0,1,1,C03,8,5,5,50,4,1,1,5,4,5,13,2,1,9,4,5,1,13,1,19,4,11,5,1,7,9,1,10,1,11,16,1,21,121.5466771,25.0193008
114,04,15,21,40,2,09北投區,北投區石牌路2段與石牌路2段130巷口,0,0,4,1,C03,8,5,5,50,4,1,1,5,4,5,13,2,1,4,4,4,2,16,1,42,2,1,5,1,7,5,1,9,1,12,74,1,21,121.517557,25.1180797
114,04,15,21,45,2,09北投區,北投區東華街2段192號,0,0,1,1,C03,8,5,5,50,14,9,1,5,4,5,13,4,4,9,4,5,2,12,2,23,2,9,5,1,7,8,1,10,2,12,100,1,21,121.5108798,25.1201601
114,04,15,21,46,2,05中正區,中正區仁愛路2段與臨沂街口,0,0,1,1,F01,8,6,5,50,4,1,1,5,4,5,13,1,1,10,4,1,1,17,1,23,2,7,4,1,7,9,8,20,1,14,108,1,22,121.529409,25.0380945
114,04,15,22,24,2,05中正區,中正區重慶南路2段與南海路口,0,0,1,1,C03,8,5,5,50,4,1,1,5,4,5,13,1,1,10,4,5,2,16,1,26,2,7,5,1,7,9,1,10,1,11,99,1,21,121.5143926,25.0318564
114,04,15,23,19,2,05中正區,中正區重慶南路3段18號,0,0,1,1,A04,8,5,5,50,14,9,1,5,4,5,13,4,4,1,4,5,2,17,1,57,3,10,7,1,7,7,1,1,9,6,100,2,22,121.5154329,25.0288868
114,04,15,23,21,2,01大同區,大同區鄭州路與西寧北路口,0,0,1,1,B01,7,5,5,50,4,1,1,5,4,5,13,2,1,4,3,5,2,17,1,63,3,10,3,4,7,11,1,1,1,2,98,1,21,121.508068,25.0503209
114,04,15,23,43,2,07信義區,信義區基隆路2段與光復南路口,0,0,3,1,C03,7,5,5,50,14,9,1,5,4,5,13,1,1,3,4,5,2,16,1,54,2,8,6,1,7,8,1,10,2,12,100,1,21,121.5576709,25.0297636
114,04,16,06,32,2,05中正區,中正區羅斯福路4段160號,0,0,1,1,B12,8,6,5,50,14,9,1,5,4,5,13,4,4,3,4,5,2,12,1,45,3,10,7,1,7,1,1,3,1,4,19,1,21,121.5364651,25.0122221
114,04,16,07,04,2,04大安區,迴轉道(市民大道4段190號),0,0,2,1,C03,8,6,5,40,14,6,1,5,4,5,13,2,1,1,4,4,2,17,1,35,2,9,6,1,7,5,1,10,1,11,8,1,21,121.5542437,25.0443985
114,04,16,07,13,2,12內湖區,內湖區內湖路2段195號,0,0,1,1,A02,7,6,5,50,14,9,1,5,4,5,13,4,4,5,5,5,2,17,1,47,3,10,7,1,7,9,1,2,2,2,44,1,21,121.5880872,25.0815095
114,04,16,08,07,2,12內湖區,內湖區行愛路與新湖二路口,0,0,2,1,C03,8,6,5,50,4,1,1,5,4,5,13,2,1,5,4,4,2,17,2,42,2,9,6,1,7,6,1,10,1,13,9,1,21,121.5814209,25.06401443
114,04,16,08,10,2,03中山區,中山區林森北路與南京東路1段口,0,0,1,1,F01,8,7,5,0,4,1,1,5,4,5,13,2,1,7,2,5,2,17,2,35,2,9,4,1,7,11,8,20,1,12,11,1,21,121.5257097,25.0521251
114,04,16,08,18,2,07信義區,信義區松山路460號,0,0,2,1,B03,7,7,5,50,14,9,1,5,4,5,13,4,4,9,4,5,2,17,1,71,2,9,7,1,7,9,1,8,2,5,108,1,21,121.5777213,25.0403682
114,04,16,08,18,2,07信義區,信義區光復南路98號對面,0,0,1,1,B03,8,7,5,50,14,9,1,5,4,5,13,4,4,1,4,5,2,12,1,65,3,10,3,4,7,10,1,8,1,4,100,1,21,121.5578031,25.04404909