發生年度,發生月,發生日,發生時-Hours,發生分,處理別-編號,區序,肇事地點,死亡人數,2-30日死亡人數,受傷人數,當事人序號,車種,天候,光線,道路類別,速限-速度限制,道路型態,事故位置,路面狀況1,路面狀況2,路面狀況3,道路障礙1,道路障礙2,號誌1,號誌2,車道劃分-分向,車道劃分-分道1,車道劃分-分道2,車道劃分-分道3,事故類型及型態,性別,年齡,受傷程度,主要傷處,保護裝置,行動電話,車輛用途,當事者行動狀態,駕駛資格情形,駕駛執照種類,飲酒情形,車輛撞擊部位1,肇因碼-個別,個人肇逃否,職業,座標-X,座標-Y
114,04,16,08,19,2,01大同區,大同區承德路3段與敦煌路口,0,0,2,1,C03,8,6,5,50,4,1,1,5,4,5,13,1,1,1,4,5,2,13,1,53,2,9,6,1,7,9,1,10,2,11,16,1,21,121.5200765,25.0753545
114,04,16,08,20,2,04大安區,大安區師大路104號,0,0,2,1,C03,7,5,5,50,4,1,1,5,4,5,13,4,4,4,4,5,2,15,1,20,2,9,5,1,7,9,1,10,1,11,14,1,21,121.5282967,25.0221963
114,04,16,08,25,2,08士林區,士林區中正路與文林路口,0,0,1,1,C03,8,6,5,50,4,2,1,5,4,5,13,1,1,1,2,5,2,12,1,31,2,9,3,4,7,8,1,10,1,15,100,1,21,121.5242016,25.09538805
114,04,16,08,25,2,11南港區,南港區忠孝東路6段114號,0,0,1,1,C03,8,6,5,50,14,9,1,5,4,5,13,4,4,1,5,5,2,12,1,33,2,9,6,1,7,15,1,10,1,12,17,1,21,121.5847611,25.0476875
114,04,16,08,30,2,07信義區,信義區忠孝東路5段790巷與忠孝東路5段790巷22弄口,0,0,2,1,C03,7,7,5,30,4,1,1,5,4,5,13,4,4,5,5,5,2,15,2,36,2,9,3,4,7,9,1,10,1,12,72,1,22,121.5824336,25.0426748
114,04,16,08,35,2,01大同區,大同區長安西路與西寧北路口,0,0,1,1,B03,8,6,5,50,4,1,1,5,4,5,13,2,2,9,4,5,2,13,1,74,3,10,7,1,7,5,1,8,1,5,108,1,21,121.5085794,25.0519555
114,04,16,08,35,2,05中正區,中正區懷寧街與衡陽路口,0,0,2,1,C03,8,6,5,50,3,1,1,5,4,5,13,2,1,5,5,5,2,16,1,41,2,8,6,1,7,5,1,10,2,12,71,1,21,121.5140192,25.0422927
114,04,16,08,43,2,05中正區,中正區中華路2段307巷與中華路2段315巷5弄口,0,0,2,1,C03,8,6,5,30,4,1,1,5,4,5,13,4,4,9,4,5,2,15,1,59,2,9,6,1,7,9,1,9,1,12,75,1,21,121.5059051,25.0292235
114,04,16,08,44,2,05中正區,中正區愛國西路與延平南路口,0,0,1,1,C03,8,7,5,40,4,1,1,5,4,5,13,1,1,2,4,4,2,16,1,22,2,9,6,1,7,6,1,10,1,12,9,1,22,121.5078753,25.0366005
114,04,16,08,54,2,06松山區,松山區八德路3段10號,0,0,1,1,B03,8,7,5,50,14,9,1,5,4,5,13,4,4,5,4,5,2,16,1,67,3,10,7,1,7,11,1,8,1,7,10,1,21,121.5499665,25.0481557
114,04,16,09,00,2,08士林區,士林區延平北路8段157巷46弄臨1-1號,0,0,1,1,A11,8,6,5,30,14,9,1,5,4,5,13,4,4,10,5,5,2,17,1,66,3,10,3,4,7,2,1,7,2,5,12,1,21,121.4818256,25.10395219
114,04,16,09,05,2,08士林區,士林區文昌路與福國路口,0,0,1,1,C03,7,5,5,50,5,2,1,5,4,5,13,2,1,2,4,4,1,17,2,31,2,9,5,1,7,5,1,10,1,14,17,1,21,121.523444,25.11580888
114,04,16,09,07,2,08士林區,士林區福華路與雙溪街口,0,0,1,1,C04,8,5,5,50,3,2,1,5,4,5,13,4,4,4,3,5,1,16,2,34,2,7,5,1,7,5,1,10,1,13,72,1,21,121.5238369,25.0999679
114,04,16,09,11,2,03中山區,中山區新生高架道與新生北路3段口橋下停車場農安民族,0,0,3,1,C03,8,7,5,30,4,1,1,5,4,5,13,4,4,9,4,5,2,17,1,21,2,9,5,1,7,9,1,10,1,12,72,1,21,121.5278777,25.06704764
114,04,16,09,12,2,09北投區,北投區立賢路1205419號燈桿,0,0,1,1,C03,7,7,5,50,14,11,1,5,4,5,13,4,4,10,4,5,2,12,1,31,3,10,5,1,7,8,1,10,1,14,100,1,22,121.5010305,25.11352037
114,04,16,09,14,2,09北投區,北投區中央北路2段與新興路口,0,0,2,1,C03,8,6,5,50,4,2,1,5,4,5,13,2,1,4,1,5,2,13,1,24,2,9,6,1,7,9,1,10,1,11,16,1,21,121.4868389,25.13832648
114,04,16,09,16,2,05中正區,中正區杭州南路1段與徐州路口,0,0,2,1,B03,8,6,5,50,5,2,1,5,4,5,13,1,1,10,5,5,2,1,1,52,3,10,2,1,7,5,1,8,2,4,44,1,22,121.5257863,25.0402536
114,04,16,09,28,2,04大安區,大安區和平東路2段175巷與和平東路2段口,0,0,1,1,B03,8,6,5,50,3,1,1,5,4,5,13,1,1,10,4,5,2,12,2,76,3,10,7,1,7,9,1,8,1,2,44,1,21,121.5416787,25.025057
114,04,16,09,34,2,03中山區,中山區中山北路2段112號,0,0,1,1,A02,8,6,6,50,14,9,1,5,4,5,13,4,4,4,5,5,2,9,1,57,3,10,3,4,7,9,1,2,11,17,44,1,21,121.5228415,25.0606743
114,04,16,09,57,2,04大安區,大安區仁愛路3段與建國南路1段口,0,0,1,1,C03,8,6,5,50,11,8,1,5,4,5,13,2,1,1,1,1,1,17,1,23,2,9,5,1,7,9,1,10,1,17,118,1,22,121.538313,25.0379117
114,04,16,09,59,2,12內湖區,內湖區瑞光路112巷與瑞光路口,0,0,1,1,C03,8,7,5,50,3,1,1,5,4,5,13,2,1,5,4,5,2,13,2,23,2,9,5,1,7,10,1,10,1,14,100,1,21,121.5808447,25.0721936
114,04,16,10,00,2,08士林區,士林區至善路1段138巷與臨溪路口,0,0,2,1,C03,8,5,5,30,3,1,1,5,4,5,13,4,4,5,5,5,2,16,1,22,2,8,6,1,7,6,1,9,1,11,72,1,25,121.5433884,25.0960736
114,04,16,10,04,2,01大同區,大同區迪化街1段163號,0,0,1,1,B01,8,6,5,30,14,9,1,5,4,5,13,4,4,9,4,5,2,17,1,45,3,10,3,4,7,14,1,2,9,2,40,2,21,121.509585,25.0585924
114,04,16,10,05,2,03中山區,中山區基湖路157巷與基湖路口,0,0,2,1,B02,8,7,5,30,3,2,1,5,4,5,13,4,4,1,4,5,2,16,1,57,2,1,7,1,7,5,1,7,1,5,72,1,21,121.5631152,25.0769519
114,04,16,10,16,2,02萬華區,萬華區和平西路3段與和平西路3段382巷口,0,0,1,1,B01,7,6,5,50,4,1,1,5,4,5,13,1,1,3,4,5,2,15,1,60,3,10,3,4,7,9,1,4,1,1,81,1,22,121.4915133,25.0353924
114,04,16,10,20,2,03中山區,中山區敬業三路與樂群三路口,0,0,1,1,C03,8,7,5,50,4,1,1,5,4,5,13,2,1,9,4,5,2,17,1,27,3,10,5,1,7,5,1,10,1,14,8,1,21,121.5563494,25.082535
114,04,16,10,29,2,03中山區,中山區建國北路1段1-7號前迴轉道口,0,0,1,1,C03,8,6,5,50,3,2,1,5,4,5,13,4,4,8,3,5,2,16,1,51,2,9,6,4,7,5,1,1,1,14,8,1,21,121.5369086,25.046462
114,04,16,10,54,2,01大同區,大同區環河北路2段與敦煌路口,0,0,1,1,A41,8,6,5,50,4,1,1,5,4,5,13,1,1,1,4,5,2,15,1,59,3,10,7,1,7,9,1,1,2,4,44,1,21,121.5094593,25.0762849
114,04,16,11,00,2,09北投區,北投區光明路與溫泉路37巷口,0,0,1,1,B03,7,6,5,50,3,1,1,5,4,5,13,2,1,5,4,5,2,16,1,59,3,10,7,1,7,5,1,8,1,8,71,1,21,121.5024141,25.1344783
114,04,16,11,14,2,12內湖區,內湖區民權東路6段與行愛路口,0,0,2,1,C03,8,6,5,50,4,1,1,5,4,5,13,1,1,1,5,5,2,13,1,59,2,9,6,1,7,6,1,10,2,13,9,1,21,121.5784141,25.0666027
114,04,16,11,17,2,02萬華區,萬華區萬大路113號,0,0,1,1,B01,8,7,5,50,14,7,1,5,4,5,13,4,4,1,3,5,2,13,1,65,3,10,7,1,7,9,1,4,1,1,108,1,22,121.5005801,25.0297213
114,04,16,11,19,2,06松山區,松山區市民大道4段73號,0,0,1,1,C03,8,6,5,40,14,9,1,5,4,5,13,4,4,1,3,5,2,12,1,32,2,9,6,1,7,9,1,10,1,12,108,1,22,121.54723,25.0451731
114,04,16,11,37,2,11南港區,南港區研究院路1段與研究院路1段151巷口,0,0,2,1,F01,8,6,5,50,4,2,1,5,4,5,13,2,1,3,4,5,2,15,2,46,2,9,4,1,7,9,8,20,2,14,99,1,21,121.615858,25.0493475
114,04,16,11,39,1,10文山區,文山區辛亥路5段106號,1,0,0,1,C03,8,6,5,50,14,9,1,5,4,5,13,4,4,1,4,5,2,13,2,69,1,2,6,1,7,7,3,18,9,13,118,1,21,121.5526147,24.99787698
114,04,16,13,00,2,03中山區,中山區建國北路2段與合江街180巷口,0,0,1,1,C03,8,7,5,50,4,1,1,5,4,5,13,2,1,9,4,5,2,17,2,43,2,9,5,1,7,9,1,10,1,11,16,1,21,121.5370735,25.06123203
114,04,16,13,13,2,03中山區,中山區北安路與北安路767巷口,0,0,1,1,B03,7,6,5,50,14,8,1,5,4,5,13,4,4,1,4,4,2,12,1,48,3,10,7,1,7,8,1,8,1,2,100,1,22,121.5533844,25.0856316
114,04,16,13,22,2,11南港區,南港區三重路與經貿二路口,0,0,1,1,B03,8,6,5,50,4,1,1,5,4,5,13,2,1,1,3,5,2,17,2,45,3,10,3,4,7,11,1,8,1,2,10,1,22,121.6143094,25.0607291
114,04,16,13,30,2,12內湖區,內湖區內湖路2段103巷126號,0,0,1,1,B03,8,7,5,30,14,9,1,5,4,5,13,4,4,9,5,5,2,14,1,44,3,10,7,1,7,2,1,8,1,3,12,1,21,121.5808991,25.0843917
114,04,16,13,34,2,05中正區,中正區中山南路與凱達格蘭大道口,0,0,1,1,B03,8,6,5,50,5,1,1,5,4,5,13,1,1,10,5,5,2,15,2,48,3,10,2,1,7,9,1,8,2,2,81,1,22,121.51733,25.0392607
114,04,16,13,34,2,07信義區,信義區嘉興街181巷13號,0,0,1,1,C04,8,6,5,50,14,9,1,5,4,5,13,4,4,9,5,5,2,12,2,63,2,9,6,1,7,8,1,8,2,14,100,1,22,121.5570882,25.0262381
114,04,16,13,54,2,05中正區,中正區中山南路2巷與中山南路口側附近口,0,0,1,1,B01,8,7,5,50,3,18,1,5,4,5,13,4,4,1,4,1,2,3,1,54,4,11,3,4,7,6,1,4,9,8,70,2,21,121.5191929,25.0449763
114,04,16,13,54,2,07信義區,信義區基隆路2段149號,0,0,1,1,A02,8,7,5,50,14,9,1,5,4,5,13,4,4,2,4,5,2,17,1,54,3,10,3,4,7,9,1,2,2,15,44,1,21,121.5555865,25.0269768
114,04,16,13,55,2,01大同區,大同區重慶北路3段120巷57號,0,0,1,1,B03,8,6,5,30,22,9,1,5,4,5,13,4,4,9,4,5,2,17,2,55,3,10,7,1,7,5,1,8,1,1,8,1,21,121.5119674,25.06727769
114,04,16,14,10,2,06松山區,松山區南京東路3段與敦化北路口,0,0,1,1,C03,8,7,5,50,4,1,1,5,4,5,13,2,1,1,4,4,2,13,1,66,2,9,5,1,7,9,1,10,1,11,16,1,21,121.548595,25.0516738
114,04,16,14,22,2,06松山區,松山區八德路3段158巷與八德路3段口,0,0,1,1,C03,7,6,5,50,3,1,1,5,4,5,13,2,1,4,3,5,2,17,1,67,3,10,6,1,7,5,1,10,1,12,44,1,22,121.555068,25.0480344
114,04,16,14,30,2,12內湖區,內湖區堤頂大道2段與瑞光路478巷口,0,0,1,1,B03,7,6,5,70,5,1,1,5,4,5,13,2,1,1,4,1,2,15,2,65,3,10,3,4,7,9,1,8,2,6,81,1,22,121.568685,25.0774615
114,04,16,15,07,2,12內湖區,內湖區成功路2段與成功路2段323巷口,0,0,1,1,B03,8,6,5,50,3,1,1,5,4,5,13,2,1,1,4,5,2,15,1,39,3,10,7,1,7,9,1,8,1,4,81,1,21,121.5902799,25.0704331
114,04,16,15,32,2,08士林區,士林區中山北路7段218號,0,0,1,1,B03,8,6,5,50,12,9,1,5,4,3,13,4,4,7,5,5,2,17,1,49,3,10,3,4,7,11,1,8,1,6,10,1,21,121.5328371,25.1263109
114,04,16,15,44,2,03中山區,中山區民權東路2段與新生北路3段口,0,0,1,1,C03,8,6,5,50,14,9,1,5,4,5,13,2,1,8,3,5,2,13,1,33,2,9,6,4,7,9,1,10,2,11,44,1,21,121.5279497,25.0627474
114,04,16,15,49,2,04大安區,大安區復興南路1段與仁愛路3段123巷13弄口,0,0,1,1,C03,8,6,5,50,4,1,1,5,4,5,13,2,1,1,4,4,1,17,1,57,3,10,6,1,7,5,1,10,1,13,8,1,21,121.5436867,25.03982585
114,04,16,15,57,2,04大安區,大安區敦化南路2段48號,0,0,1,1,B02,8,6,5,50,14,8,1,5,4,5,13,4,4,1,1,1,2,12,1,29,3,10,7,1,7,3,1,14,1,2,18,1,22,121.5485186,25.031301
114,04,16,16,30,2,05中正區,中正區重慶北路1段與北平西路口,0,0,1,1,C03,8,6,5,30,11,9,1,5,4,2,13,4,4,2,4,5,2,12,1,24,2,8,5,1,7,10,1,10,2,12,100,1,22,121.513138,25.04774221
114,04,16,16,35,2,04大安區,大安區和平東路1段185號,0,0,1,1,B01,8,6,5,50,14,8,1,5,4,5,13,4,4,10,4,4,1,12,1,69,3,10,3,4,7,7,1,4,1,6,100,1,21,121.5328585,25.0263639
114,04,16,17,02,2,11南港區,南港區南港路1段與南港路1段2巷口,0,0,1,1,B03,8,6,5,50,3,2,1,5,4,5,13,4,4,1,3,5,2,17,1,31,3,10,3,4,7,6,1,8,2,2,9,1,21,121.6203178,25.0548895
114,04,16,17,37,2,06松山區,松山區八德路4段687號,0,0,1,1,A02,8,5,5,40,14,9,1,5,4,5,13,4,4,1,4,5,2,9,1,44,3,10,7,1,7,9,1,2,2,2,108,1,21,121.576352,25.0501316
114,04,16,17,42,2,04大安區,大安區延吉街232-3號,0,0,1,1,B03,8,6,5,50,14,9,1,5,4,5,13,4,4,5,5,5,2,3,4,0,,,,,,,,,,,119,2,,121.5559608,25.0363793
114,04,16,17,42,2,04大安區,大安區仁愛路4段與敦化南路1段口,0,0,1,1,B01,8,6,5,50,4,1,1,5,4,5,13,2,1,1,4,5,1,16,2,53,3,10,3,4,7,9,1,4,1,5,44,1,21,121.5485836,25.0368729
114,04,16,17,50,2,02萬華區,萬華區中華路1段與貴陽街2段口,0,0,2,1,C03,8,6,5,50,4,1,1,5,4,5,13,1,1,8,3,3,1,12,2,26,2,8,5,1,7,9,1,10,1,14,16,1,21,121.5073009,25.0393873
114,04,16,17,54,2,01大同區,大同區民族西路221巷內(0803985燈桿),0,0,1,1,C03,8,5,5,30,14,9,1,5,4,5,13,4,4,9,4,5,2,1,1,26,3,10,6,1,7,9,1,10,2,14,108,1,21,121.5131976,25.069709
114,04,16,18,30,2,04大安區,大安區基隆路4段73巷斜對面,0,0,1,1,C03,7,5,5,50,14,7,1,5,4,5,13,4,4,1,4,4,2,16,1,21,2,9,6,4,7,7,1,10,1,14,100,1,22,121.5391551,25.0129092
114,04,16,18,42,2,03中山區,中山區新生北路2段與錦州街口,0,0,1,1,C03,8,5,5,50,4,1,1,5,4,5,13,1,1,1,4,5,2,13,1,36,3,10,6,4,7,9,1,10,1,11,108,1,21,121.5274869,25.060498
114,04,16,18,47,2,04大安區,大安區四維路154巷19號與四維路口,0,0,1,1,F01,8,5,5,30,3,2,1,5,4,5,13,4,4,8,5,5,2,12,1,51,2,9,4,1,7,7,8,20,1,13,100,1,21,121.5469717,25.031008
114,04,16,18,50,2,07信義區,信義區基隆路1段156號,0,0,1,1,C03,7,5,5,50,14,9,1,5,4,5,13,4,4,1,3,5,2,18,2,62,2,7,6,1,7,9,1,10,9,12,116,1,21,121.5657398,25.0435036
114,04,16,19,00,2,04大安區,大安區羅斯福路4段與基隆路4段口,0,0,1,1,B03,7,5,5,50,5,2,1,5,4,5,13,2,1,1,4,4,2,17,1,69,3,10,3,4,7,9,1,8,4,1,16,1,22,121.5375379,25.0116472
114,04,16,19,25,2,01大同區,大同區承德橋(往士林）,0,0,2,1,B12,8,5,5,50,8,11,1,5,4,4,13,4,4,2,4,3,2,17,1,46,4,11,3,4,7,21,1,8,9,17,30,2,21,121.5206429,25.07629
114,04,16,19,30,2,01大同區,大同區大稻埕堤外便道150停車格旁,0,0,1,1,B03,7,5,5,40,14,9,1,5,4,5,13,4,4,10,4,5,2,17,1,40,3,10,3,4,7,9,1,8,1,5,108,1,21,121.5069268,25.0520452
114,04,16,19,50,2,02萬華區,萬華區萬大路與華中橋口下涵洞口,0,0,1,1,A02,8,5,5,30,3,1,1,5,4,5,13,4,4,10,5,5,1,17,1,58,3,10,7,1,7,12,1,2,1,17,108,1,21,121.4965575,25.0179441
114,04,16,19,51,2,05中正區,中正區汀州路2段與廈門街口,0,0,1,1,C03,8,5,5,50,4,1,1,5,4,5,13,1,1,5,4,5,2,17,1,36,3,10,5,1,7,11,1,10,1,12,44,1,22,121.5173698,25.0254896
114,04,16,20,12,2,10文山區,文山區興隆路2段與辛亥路4段口,0,0,2,1,C03,8,5,5,50,4,2,1,5,4,5,13,2,1,1,2,5,2,12,1,36,2,9,6,1,7,6,1,10,1,14,99,1,21,121.5541419,25.001011
114,04,16,20,20,2,12內湖區,內湖區民權東路6段56巷3號,0,0,1,1,C03,8,5,5,40,3,1,1,5,4,5,13,4,4,5,4,5,2,17,1,33,2,9,6,1,7,9,1,10,2,14,44,1,21,121.5847168,25.0682708
114,04,16,20,26,2,01大同區,大同區環河北路1段與民生西路口口,0,0,3,1,C03,8,5,5,50,5,1,1,5,4,5,13,2,1,1,4,5,2,12,2,34,2,9,6,1,7,9,1,10,1,14,108,1,21,121.5082553,25.056692
114,04,16,21,41,2,06松山區,松山區健康路177號與健康路口,0,0,1,1,H01,8,5,5,50,3,1,1,5,4,5,13,2,1,8,3,4,1,7,1,64,2,9,4,5,8,16,8,20,10,16,122,1,21,121.5608959,25.0540746
114,04,16,21,42,2,04大安區,大安區新生南路2段與和平東路1段口,0,0,1,1,B03,8,5,5,40,4,2,1,5,4,5,13,2,1,1,3,5,1,12,1,52,3,10,3,4,7,1,1,8,9,5,19,1,21,121.5347388,25.0263658
114,04,16,21,55,2,11南港區,南港區南港路3段18號,0,0,1,1,B03,7,5,5,50,14,9,1,5,4,5,13,4,4,5,3,5,2,13,1,44,3,10,3,4,7,9,1,8,2,1,108,1,21,121.5927913,25.0543491
114,04,16,22,23,2,01大同區,大同區庫倫街27號,0,0,1,1,C03,8,5,5,50,14,9,1,5,4,5,13,4,4,5,5,5,2,16,1,20,2,9,5,1,7,1,1,10,2,14,19,1,21,121.5177633,25.0720661
114,04,16,22,25,2,03中山區,中山區興安街126號前,0,0,2,1,C03,8,5,5,50,14,9,1,5,4,5,13,4,4,9,4,5,2,9,1,54,2,9,3,4,7,9,1,10,2,12,108,1,21,121.5435941,25.0559933
114,04,16,22,26,2,07信義區,信義區松隆路與松信路口,0,0,1,1,B03,8,5,5,50,4,2,1,5,4,5,13,1,1,9,4,4,2,15,1,51,3,10,7,1,7,9,1,8,1,2,81,1,22,121.5721036,25.046915
114,04,16,22,39,2,04大安區,大安區新生南路1段與忠孝東路3段口,0,0,1,1,B03,8,5,6,50,4,1,1,5,4,5,13,2,1,1,4,5,2,17,1,52,3,10,3,4,7,6,1,8,1,2,9,1,21,121.5329765,25.0421781
114,04,16,22,48,2,12內湖區,內湖區康寧路3段與康寧路3段165巷口,0,0,1,1,B03,8,5,5,50,4,1,1,5,4,5,13,2,1,1,4,5,2,17,1,33,3,10,7,1,7,5,1,8,1,6,71,1,21,121.6113486,25.0704497
114,04,16,22,50,2,05中正區,中正區仁愛路1段與林森南路口,0,0,1,1,C03,8,5,5,50,4,1,1,5,4,5,13,1,1,10,4,1,1,18,1,22,2,9,6,1,7,9,1,10,2,14,116,1,22,121.5215261,25.0388799
114,04,16,23,42,2,12內湖區,內湖區內湖路3段191巷與金龍路口,0,0,1,1,B03,7,5,5,40,3,1,1,5,4,5,13,1,1,5,5,4,2,12,1,23,3,10,7,1,7,1,1,8,2,8,19,1,21,121.5877874,25.0873551
114,04,17,00,32,2,03中山區,中山區敬業二路與植福路口,0,0,1,1,B03,8,5,5,50,14,9,1,5,4,5,13,4,4,7,4,5,2,8,1,45,4,11,3,4,7,21,7,19,11,5,108,2,22,121.5544308,25.0838074
114,04,17,06,25,2,12內湖區,內湖區內湖路1段737巷50弄31號,0,0,1,1,C03,8,6,5,30,14,9,1,5,4,5,13,4,4,9,5,5,2,7,1,28,3,10,5,1,7,9,1,10,2,11,13,1,21,121.5786244,25.0805646
114,04,17,06,40,2,09北投區,北投區豐年路2段與豐年路2段32巷口,0,0,1,1,C03,7,6,5,30,3,1,1,5,4,5,13,4,4,5,4,5,2,16,2,54,3,10,5,1,7,5,1,10,1,11,72,1,21,121.4955386,25.13573426
114,04,17,06,40,2,12內湖區,內湖區金龍路與金龍路47巷口,0,0,1,1,C03,7,5,8,50,14,9,1,5,4,5,13,4,4,4,3,5,1,12,1,50,3,10,3,4,7,1,1,10,11,13,19,1,21,121.5935707,25.0848038
114,04,17,06,51,2,12內湖區,內湖區民權東路6段136巷與民權東路6段120巷1弄口,0,0,1,1,C03,8,6,5,30,3,2,1,5,4,5,13,4,4,9,5,5,2,17,2,47,3,10,6,1,7,5,1,10,2,11,72,1,21,121.5877687,25.0686326
114,04,17,07,04,2,02萬華區,萬華區環河南路1段與西昌街29巷口,0,0,2,1,B03,7,7,5,30,3,1,1,5,4,5,13,4,4,10,5,5,1,16,1,30,3,10,3,4,7,6,1,8,1,2,9,1,22,121.5005279,25.042693
114,04,17,07,07,2,08士林區,士林區雨農路與雨農路7巷口,0,0,2,1,B12,8,7,5,50,4,1,1,5,4,5,13,4,4,5,5,5,2,17,1,52,3,10,7,1,7,1,1,8,1,17,19,1,21,121.5321751,25.09708637
114,04,17,07,26,2,11南港區,南港區成美橋南往北,0,0,2,1,C03,7,6,5,50,14,9,1,5,4,5,13,4,4,5,5,5,2,12,1,77,2,8,5,1,7,7,1,10,1,14,100,1,21,121.582953,25.0521515
114,04,17,07,32,2,04大安區,大安區光復南路96巷與無名巷口,0,0,1,1,C03,8,6,5,30,4,1,1,5,4,5,13,4,4,10,5,5,2,15,2,63,2,9,6,2,7,9,1,10,2,11,72,1,21,121.5570946,25.0439612
114,04,17,07,57,2,04大安區,大安區樂業街45號,0,0,2,1,C03,8,6,5,30,14,9,1,5,4,5,13,4,4,5,5,5,2,9,2,46,2,9,5,1,7,9,1,10,1,15,44,1,21,121.5500862,25.0226479
114,04,17,08,10,2,12內湖區,內湖區潭美街580號,0,0,2,1,C03,7,6,5,50,14,9,1,5,4,5,13,4,4,5,5,5,2,13,1,23,2,9,6,1,7,9,1,9,1,11,16,1,21,121.5996704,25.0606819
114,04,17,08,53,2,03中山區,中山區北安路301號對面,0,0,1,1,C03,8,7,5,50,14,9,1,5,4,5,13,4,4,1,4,5,2,13,1,28,2,9,6,1,7,9,1,10,2,11,16,1,26,121.5349723,25.07788618
114,04,17,08,58,2,06松山區,松山區市民高架道往西第6510795號電線桿,0,0,1,1,C02,8,6,5,80,14,9,1,5,4,5,13,4,4,1,4,5,1,17,1,26,2,9,5,1,7,9,1,9,2,11,44,1,21,121.5457343,25.04510064
114,04,17,09,00,2,05中正區,中正區中華路2段與中華路2段39巷口,0,0,2,1,C03,8,7,5,50,3,1,1,5,4,5,13,4,4,1,4,5,2,13,2,26,2,8,5,1,7,9,1,10,1,11,108,1,21,121.5062954,25.0351576
114,04,17,09,29,2,06松山區,松山區麥帥一橋機車道往西(燈桿7510325),0,0,3,1,C03,8,6,8,40,14,9,1,5,4,5,13,4,4,3,4,5,2,17,2,39,2,9,6,4,7,9,1,10,1,11,16,1,22,121.5713722,25.0518851
114,04,17,09,38,2,11南港區,南港區南港路1段75號,0,0,1,1,B03,8,6,5,50,14,9,1,5,4,5,13,4,4,5,4,5,2,12,1,52,3,10,3,4,7,8,1,8,9,5,100,1,22,121.6153958,25.0553018
114,04,17,10,03,2,08士林區,士林區雨農路與忠勇街口,0,0,1,1,C03,8,6,5,50,4,1,1,5,4,5,13,2,1,5,2,5,1,16,2,19,2,9,5,1,7,5,1,10,1,12,103,1,21,121.532344,25.09833764
114,04,17,10,09,2,08士林區,士林區至善路1段至善公園旁,0,0,1,1,B12,7,6,5,40,14,8,1,5,4,3,10,4,4,1,4,4,2,17,1,32,3,10,3,4,7,8,1,8,1,17,100,1,21,121.5394844,25.0976323
114,04,17,10,18,2,08士林區,士林區福林路與至善路1段口,0,0,1,1,C03,8,5,5,50,3,2,1,5,4,5,13,1,1,3,4,5,2,16,1,20,3,10,5,1,7,8,1,10,1,13,100,1,21,121.5366513,25.09936415
114,04,17,10,20,2,08士林區,士林區士東路與士東路286巷口,0,0,1,1,B03,8,6,5,50,3,1,1,5,4,5,13,4,4,1,4,5,2,17,2,55,3,10,7,1,7,11,1,8,2,4,10,1,22,121.5371568,25.1134221
114,04,17,10,50,2,12內湖區,內湖區金湖路367巷3弄與民權東路6段423巷9弄口,0,0,1,1,B12,7,5,5,30,4,1,1,5,4,5,13,4,4,4,5,5,1,16,1,42,3,10,3,4,7,5,6,18,1,8,71,1,21,121.6040691,25.0729657
114,04,17,11,07,2,12內湖區,內湖區金湖路與康寧路1段口口,0,0,2,1,B03,8,5,5,50,3,1,1,5,4,5,13,1,1,1,4,5,2,16,1,52,3,10,7,1,7,11,1,8,2,8,10,1,21,121.5994748,25.0791226
114,04,17,11,11,2,04大安區,大安區忠孝東路3段1號,0,0,1,1,B03,8,5,5,50,14,9,1,5,4,5,13,2,1,1,4,1,2,13,1,50,3,10,7,1,7,9,1,8,1,1,108,1,21,121.5356336,25.0419831
114,04,17,11,14,2,04大安區,大安區仁愛路3段123巷11號,0,0,1,1,B02,8,5,5,30,14,9,1,5,4,5,13,4,4,8,3,5,1,16,1,40,3,10,7,1,7,9,1,8,1,4,44,1,21,121.5420158,25.0396938
114,04,17,11,21,2,07信義區,信義區市民大道5段與無名巷口(八德路4段302號旁),0,0,2,1,C03,7,5,5,40,3,1,1,5,4,5,13,4,4,1,4,5,2,16,1,54,2,9,6,1,7,5,1,10,1,13,8,1,21,121.5673183,25.0486261
114,04,17,11,25,2,03中山區,中山區樂群二路與敬業二路口,0,0,1,1,B01,8,6,5,50,4,1,1,5,4,5,13,2,1,1,3,5,2,16,1,38,3,10,7,4,7,5,1,4,2,1,71,1,21,121.5544155,25.0799456
114,04,17,11,50,2,06松山區,松山區民生東路5段37號,0,0,1,1,C03,8,5,5,50,14,9,1,5,4,5,13,2,1,1,3,5,2,12,1,63,2,9,5,1,7,7,1,10,1,14,100,1,22,121.5572879,25.0584477
114,04,17,11,56,2,09北投區,北投區三合街1段82巷與三合街1段82巷86弄口,0,0,1,1,B03,8,7,5,30,4,1,1,5,4,5,13,4,4,10,5,5,2,15,2,44,3,10,7,1,7,9,1,8,1,5,72,1,22,121.5044325,25.1288828
114,04,17,11,57,2,01大同區,大同區大龍街136號,0,0,1,1,B03,8,6,5,50,14,9,1,5,4,5,13,4,4,5,2,5,2,17,2,36,3,10,7,4,7,6,1,8,1,17,9,1,21,121.5158633,25.0670057
114,04,17,12,03,2,07信義區,信義區永吉路與松隆路口,0,0,1,1,B01,8,7,5,50,4,1,1,5,4,5,13,1,1,3,4,5,2,12,2,48,3,10,3,4,7,6,1,4,1,5,9,1,21,121.5706093,25.0457992
114,04,17,12,17,2,03中山區,中山區長安東路2段45之2號,0,0,1,1,B03,8,6,5,50,14,10,1,5,4,5,13,4,4,5,4,5,2,17,1,52,3,10,3,1,7,14,1,8,1,4,40,1,21,121.5318842,25.0485366