發生年度,發生月,發生日,發生時-Hours,發生分,處理別-編號,區序,肇事地點,死亡人數,2-30日死亡人數,受傷人數,當事人序號,車種,天候,光線,道路類別,速限-速度限制,道路型態,事故位置,路面狀況1,路面狀況2,路面狀況3,道路障礙1,道路障礙2,號誌1,號誌2,車道劃分-分向,車道劃分-分道1,車道劃分-分道2,車道劃分-分道3,事故類型及型態,性別,年齡,受傷程度,主要傷處,保護裝置,行動電話,車輛用途,當事者行動狀態,駕駛資格情形,駕駛執照種類,飲酒情形,車輛撞擊部位1,肇因碼-個別,個人肇逃否,職業,座標-X,座標-Y
114,04,17,12,28,2,09北投區,北投區立德路與立德路120巷口,0,0,1,1,C03,7,6,5,50,14,9,1,5,4,5,13,2,1,5,4,5,2,16,2,21,3,10,5,1,7,11,1,10,2,12,10,1,21,121.4612842,25.13933477
114,04,17,12,31,2,07信義區,信義區林口街10巷3號,0,0,1,1,C03,8,7,5,30,14,9,1,5,4,5,13,4,4,10,5,5,2,18,1,37,2,9,6,4,7,9,1,10,1,11,116,1,21,121.5795928,25.0370003
114,04,17,13,16,2,10文山區,文山區興隆路1段184巷與景隆街口口,0,0,4,1,C03,8,6,5,30,3,1,1,5,4,5,13,4,4,5,5,5,2,16,1,21,2,8,6,1,7,5,1,10,1,11,74,1,21,121.541981,24.9995453
114,04,17,13,28,2,09北投區,北投區大度路3段與關渡路口,0,0,2,1,B03,8,7,5,50,3,1,1,5,4,5,13,2,1,3,4,5,2,16,2,36,3,10,7,1,7,6,1,8,1,3,9,1,22,121.4694919,25.1229005
114,04,17,14,05,2,01大同區,大同區承德路1段與市民大道1段口,0,0,1,1,C03,8,6,5,40,14,9,2,5,4,5,13,4,4,9,4,5,2,17,2,43,4,11,3,4,7,9,1,10,11,15,118,2,22,121.5161009,25.0489476
114,04,17,14,07,2,01大同區,大同區民權西路與重慶北路3段口,0,0,1,1,C03,8,5,5,50,14,9,1,5,4,5,13,4,4,1,4,5,2,12,1,53,2,6,5,1,7,7,1,10,2,14,100,1,21,121.513968,25.0630351
114,04,17,14,21,2,07信義區,信義區忠孝東路4段515號,0,0,1,1,B01,8,7,5,50,14,9,1,5,4,5,13,4,4,3,4,5,2,12,1,58,3,10,3,4,7,10,1,4,1,6,100,1,21,121.558804,25.0414804
114,04,17,14,40,2,09北投區,北投區中央南路1段與大興街口,0,0,1,1,B03,8,7,5,50,4,1,1,5,4,5,13,2,1,5,5,5,2,16,2,65,3,10,7,1,7,6,1,8,1,2,9,1,22,121.5011817,25.1305847
114,04,17,14,45,2,08士林區,士林區格致路3號,0,0,2,1,B03,8,6,5,40,14,9,1,5,4,5,13,4,4,5,5,5,2,16,1,55,3,10,7,1,7,1,1,8,1,7,19,1,21,121.5459992,25.1352967
114,04,17,15,02,2,09北投區,北投區大度路3段157號,0,0,2,1,C03,8,7,5,50,14,9,1,5,4,5,13,1,1,1,4,5,2,13,1,18,2,9,5,1,7,10,1,10,1,11,100,1,21,121.47231,25.122644
114,04,17,15,15,2,07信義區,信義區基隆路1段與松隆路口,0,0,1,1,C03,7,6,5,50,3,1,1,5,4,5,13,2,1,1,4,5,2,17,2,27,2,7,3,4,7,6,1,10,1,11,99,1,21,121.565943,25.0433129
114,04,17,15,40,2,10文山區,文山區辛亥路4段與辛亥路4段108巷口口,0,0,1,1,B03,8,6,5,50,3,1,1,5,4,5,13,2,1,1,4,5,2,16,1,45,3,10,7,1,7,11,1,8,1,4,10,1,21,121.5572978,25.0054211
114,04,17,15,48,2,11南港區,南港區向陽路31號北往南,0,0,1,1,B03,7,6,5,30,14,9,1,5,4,5,13,4,4,5,4,5,2,12,1,68,3,10,7,1,7,1,1,8,1,4,19,1,21,121.5950181,25.0533193
114,04,17,16,04,2,01大同區,大同區民權西路與蘭州街口,0,0,2,1,C03,8,5,5,50,3,1,1,5,4,5,13,2,1,1,4,5,2,16,1,52,2,8,5,1,7,5,1,10,1,14,8,1,21,121.5153081,25.0629608
114,04,17,16,09,2,08士林區,士林區天母西路與中山北路7段口,0,0,3,1,B01,8,6,5,50,5,1,1,5,4,5,12,2,1,5,3,5,2,15,1,61,2,2,7,1,7,15,1,8,2,8,108,1,21,121.5300859,25.11833411
114,04,17,16,35,2,09北投區,北投區大業路與三合街2段口,0,0,1,1,C01,8,5,5,60,3,2,1,5,4,5,13,1,1,1,4,5,2,17,1,23,2,9,3,4,7,9,1,9,1,17,13,1,21,121.4985054,25.125483
114,04,17,16,46,2,05中正區,中正區中正橋往新北市,0,0,1,1,B03,8,6,5,50,14,9,1,5,4,5,13,4,4,1,4,5,1,17,2,34,3,10,7,1,7,9,1,8,2,2,44,1,21,121.5165619,25.0219592
114,04,17,17,08,2,03中山區,中山區南京東路2段115巷32號,0,0,1,1,B03,7,7,5,30,14,9,1,5,4,5,13,4,4,10,5,5,2,8,1,57,3,10,7,1,7,9,1,8,2,8,108,1,21,121.5336145,25.05364395
114,04,17,17,10,2,03中山區,中山區中山北路3段與民族西路口,0,0,2,1,C03,7,7,5,50,4,1,1,5,4,5,13,1,1,9,4,5,2,12,1,22,3,10,6,1,7,15,1,10,1,13,100,1,21,121.5227693,25.06812251
114,04,17,17,10,2,09北投區,北投區懷德街與振華街口,0,0,2,1,C03,8,6,5,50,14,9,1,5,4,5,13,1,1,9,4,5,2,16,2,71,2,7,5,1,7,5,3,18,1,12,8,1,21,121.5201302,25.11561276
114,04,17,17,10,2,10文山區,文山區木柵路5段與木柵路5段21巷口,0,0,1,1,C03,8,6,5,50,14,9,1,5,4,5,13,4,4,10,5,5,1,11,1,60,2,9,5,1,7,9,1,10,1,14,80,1,21,121.5815193,25.0024343
114,04,17,17,22,2,09北投區,北投區陽明路1段25號,0,0,1,1,B12,8,7,5,50,14,9,1,5,4,5,13,4,4,5,5,5,2,14,1,46,3,10,7,1,7,2,1,8,2,3,12,1,21,121.5492378,25.1482169
114,04,17,17,45,2,04大安區,大安區臥龍街與敦化南路2段172巷口,0,0,1,1,C03,8,6,5,30,3,1,1,5,4,5,13,4,4,10,5,5,2,17,2,24,2,8,6,1,7,9,3,18,1,11,14,1,21,121.5466821,25.0241014
114,04,17,17,47,2,09北投區,北投區北投路2段與無名巷口,0,0,1,1,C03,8,5,5,50,3,1,1,5,4,5,13,1,1,5,4,5,2,16,1,76,2,9,3,4,7,5,1,10,2,13,8,1,22,121.4974126,25.1328309
114,04,17,17,52,2,05中正區,中正區思源街16號,0,0,2,1,C03,8,7,5,50,14,7,1,5,4,5,13,4,4,1,4,4,2,12,2,56,4,11,3,4,7,8,7,19,11,13,100,2,22,121.5312736,25.0142807
114,04,17,17,53,2,07信義區,（永吉路30巷158弄2號前）,0,0,1,1,C03,8,6,5,30,4,1,1,5,4,5,13,4,4,5,5,5,2,3,1,58,4,11,5,1,7,15,1,10,11,14,44,2,21,121.5686899,25.0422397
114,04,17,18,11,2,07信義區,信義區忠孝東路5段423巷與虎林街120巷口,0,0,1,1,C03,7,5,5,30,4,1,1,5,4,5,13,4,4,10,4,5,2,17,2,57,2,7,3,4,7,9,1,10,1,14,72,1,21,121.5753469,25.0421502
114,04,17,18,15,2,08士林區,士林區忠誠路2段南往北第1112439號路燈桿,0,0,2,1,C03,7,5,5,50,14,9,1,5,4,5,13,2,1,1,4,5,1,17,1,64,2,6,5,1,7,7,1,10,2,13,100,1,21,121.5311325,25.1123183
114,04,17,18,22,2,01大同區,大同區民權西路與大龍街口,0,0,1,1,C03,7,7,5,50,4,2,1,5,4,5,13,2,1,1,4,5,2,17,1,41,3,10,3,4,7,5,1,10,1,13,8,1,21,121.5159662,25.0629591
114,04,17,18,23,2,04大安區,大安區和平東路3段與敦化南路2段口,0,0,1,1,B01,7,5,5,50,4,1,1,5,4,5,13,1,1,1,4,1,2,16,1,56,3,10,7,1,7,5,1,4,1,2,71,1,21,121.5489429,25.0245026
114,04,17,18,26,2,07信義區,信義區基隆路汽機車混合地下道往南,0,0,1,1,C03,7,5,5,50,7,9,1,5,4,5,13,4,4,7,5,5,1,13,1,18,2,8,3,4,7,9,1,10,1,11,108,1,21,121.5634098,25.0395814
114,04,17,18,38,2,06松山區,松山區敦化北路409號,0,0,1,1,C03,8,5,5,30,5,1,1,5,4,5,13,4,4,8,3,5,2,17,1,58,2,3,5,1,7,9,1,10,2,17,14,1,21,121.5540188,25.0626776
114,04,17,19,01,2,03中山區,中山區大直街與大直街62巷口,0,0,1,1,B12,7,5,5,50,4,1,1,5,4,5,13,1,1,9,5,5,2,17,1,24,3,10,7,1,7,11,1,8,1,8,10,1,21,121.5464531,25.08295118
114,04,17,19,22,2,10文山區,文山區萬隆街與萬隆街19巷口,0,0,1,1,F01,7,5,5,50,3,1,1,5,4,5,13,4,4,5,5,5,2,17,2,53,2,9,4,1,7,5,8,20,2,11,8,1,21,121.5382568,25.0002116
114,04,17,19,25,2,12內湖區,內湖區成功路2段與成功路2段320巷口,0,0,1,1,C03,7,5,5,50,3,2,1,5,4,5,13,1,1,1,5,5,2,17,1,48,2,9,5,1,7,7,1,10,2,14,100,1,21,121.59074,25.0674402
114,04,17,19,45,2,05中正區,中正區水源快速道路,0,0,2,1,B03,8,5,5,50,14,9,1,5,4,5,13,4,4,3,4,5,2,13,1,71,2,1,7,2,7,9,6,8,1,1,111,1,21,121.522944,25.01987549
114,04,17,20,05,2,06松山區,松山區光復北路與光復北路155巷口,0,0,1,1,C03,7,5,5,50,4,2,1,5,4,5,13,3,1,8,3,5,2,13,1,40,2,7,6,1,7,9,1,10,1,11,16,1,21,121.5557923,25.0552669
114,04,17,20,05,2,06松山區,松山區松河街38號,0,0,1,1,B03,8,5,6,40,14,9,1,5,4,5,13,4,4,8,4,5,1,16,1,33,3,10,3,1,7,15,1,8,1,8,40,1,21,121.5719526,25.0508738
114,04,17,20,25,2,02萬華區,萬華區漢口街2段90巷與昆明街74巷口,0,0,2,1,C03,7,5,5,30,4,1,1,5,4,5,13,4,4,10,5,5,2,15,2,26,2,9,5,1,7,9,1,10,1,11,75,1,21,121.5042269,25.0458191
114,04,17,21,17,2,09北投區,北投區西安街1段與明德路口,0,0,2,1,B03,8,5,5,50,4,1,1,5,4,5,13,1,1,10,4,5,2,12,1,52,3,10,7,1,7,9,1,8,9,5,108,2,21,121.5191108,25.1089393
114,04,17,21,35,2,11南港區,南港區中坡北路50巷6號,0,0,1,1,F03,8,5,5,30,14,9,1,5,4,5,13,2,1,10,5,5,2,3,1,19,3,10,5,1,7,9,8,20,1,11,108,1,22,121.5809044,25.0464595
114,04,17,22,03,2,03中山區,中山區長春路121-1號,0,0,1,1,B01,8,5,5,50,14,9,1,5,4,5,13,4,4,5,4,4,2,13,1,66,3,10,3,4,7,7,1,4,1,6,100,1,22,121.5305949,25.0548129
114,04,17,22,31,2,10文山區,文山區興隆路1段與景興路口,0,0,2,1,C03,8,5,5,50,5,1,1,5,4,5,13,2,1,1,2,5,2,16,2,34,2,9,6,1,7,5,1,10,1,11,85,1,21,121.5445296,24.9986068
114,04,17,23,17,2,04大安區,大安區仁愛路4段與復興南路1段口,0,0,1,1,H01,8,5,5,50,4,18,1,5,4,5,13,2,1,1,4,5,1,3,2,41,2,9,4,5,8,18,8,20,10,16,121,1,21,121.5438759,25.0381275
114,04,18,00,26,2,04大安區,大安區忠孝東路4段與忠孝東路4段205巷口,0,0,1,1,C03,8,5,5,30,3,2,1,5,4,5,13,4,4,10,5,5,1,16,2,18,2,8,3,4,7,6,1,10,2,14,72,1,21,121.5516706,25.041527
114,04,18,01,22,2,07信義區,信義區忠孝東路5段與松山路口口,0,0,2,1,C03,8,5,5,50,4,1,1,5,4,5,13,2,1,1,4,5,2,13,1,32,2,8,6,1,7,9,1,10,1,11,16,1,22,121.5779058,25.0409461
114,04,18,02,56,1,08士林區,士林區通河東街2段150號,1,0,0,1,C03,8,5,5,30,11,9,1,5,4,5,13,4,4,9,2,5,1,21,1,24,1,1,2,1,7,6,1,10,8,11,21,1,21,121.5117113,25.095811
114,04,18,07,41,2,05中正區,中正區重慶南路1段與貴陽街1段口,0,0,1,1,B03,8,6,5,50,4,1,1,5,4,5,13,2,1,5,5,5,2,16,1,49,3,10,7,1,7,8,1,6,2,3,100,1,21,121.5127398,25.0385958
114,04,18,07,46,2,04大安區,大安區信義路4段與復興南路2段口口,0,0,1,1,C03,8,6,5,50,4,1,1,5,4,5,13,2,1,5,4,5,2,17,1,63,3,10,5,1,7,15,1,10,1,12,100,1,22,121.5436829,25.0332564
114,04,18,07,53,2,05中正區,中正區中山北路1段與市民大道1段口,0,0,3,1,C03,8,6,5,50,14,9,1,5,4,5,13,4,4,4,4,4,2,13,2,20,2,8,5,1,7,9,1,10,1,11,16,1,22,121.5204679,25.0478344
114,04,18,08,05,2,05中正區,中正區三元街與南海路口口,0,0,1,1,B03,8,6,5,50,5,1,1,5,4,5,13,1,1,1,4,4,1,16,2,39,3,10,7,1,7,11,1,8,1,1,10,1,21,121.5092917,25.0288262
114,04,18,08,20,2,11南港區,南港區經貿二路與經貿二路157巷口,0,0,2,1,C03,7,6,5,30,4,2,1,5,4,5,13,1,1,5,4,5,2,17,2,73,2,6,5,1,7,9,1,10,1,11,80,1,21,121.6164789,25.0592254
114,04,18,08,26,2,07信義區,信義區忠孝東路5段524巷3弄與林口街口,0,0,1,1,C03,8,7,5,40,5,1,1,5,4,5,13,1,1,5,5,4,2,17,1,58,3,10,3,4,7,5,1,10,1,11,44,1,21,121.5808353,25.0414741
114,04,18,08,28,2,08士林區,士林區德行東路與德行東路81巷口,0,0,2,1,C03,8,5,5,50,4,18,1,5,4,5,13,4,4,5,5,5,2,3,1,40,2,9,6,1,7,9,1,10,1,11,70,1,21,121.5273321,25.1073547
114,04,18,08,43,2,06松山區,松山區南京東路5段389巷與寶清街105巷口,0,0,1,1,C03,8,5,5,30,4,1,1,5,4,5,13,4,4,10,3,5,2,15,2,45,2,9,5,1,7,9,1,10,1,11,72,1,26,121.5692493,25.0535655
114,04,18,08,53,2,03中山區,中山區長春路90號與新生北路2段口,0,0,1,1,B03,7,6,5,50,3,2,1,5,4,3,13,4,4,9,4,4,2,16,1,30,3,10,3,4,7,5,1,8,1,1,99,1,21,121.5275594,25.0550886
114,04,18,08,54,2,07信義區,信義區忠孝東路5段524巷與忠孝東路5段524巷1弄口,0,0,2,1,C03,8,6,5,30,4,1,1,5,4,5,13,4,4,9,5,5,1,15,1,53,2,9,3,4,7,9,3,18,1,12,72,1,22,121.579489,25.0410928
114,04,18,08,55,2,03中山區,中山區龍江路394巷與五常街53巷口,0,0,3,1,C03,7,7,5,30,4,1,1,5,4,5,13,4,4,10,5,5,2,15,1,59,2,7,5,1,7,9,1,10,1,12,72,1,21,121.5396753,25.06715109
114,04,18,08,55,2,04大安區,大安區忠孝東路4段與復興南路1段口口,0,0,1,1,B03,8,6,5,50,4,1,1,5,4,5,13,2,1,1,4,5,2,16,2,51,3,10,7,1,7,6,1,8,1,5,9,1,21,121.5438896,25.0414497
114,04,18,09,02,2,11南港區,南港區重陽路203巷與松河街口,0,0,2,1,C03,8,6,5,50,3,1,1,5,4,5,13,4,4,10,5,5,2,16,1,30,2,9,5,1,7,5,1,10,1,14,72,1,21,121.6002901,25.058313
114,04,18,09,12,2,12內湖區,內湖區民善街與行善路口口,0,0,1,1,C04,7,5,5,50,14,9,1,5,4,5,13,4,4,5,5,5,2,16,1,58,3,10,6,1,7,11,1,10,9,12,99,1,21,121.577329,25.0574345
114,04,18,09,18,2,07信義區,信義區嘉興街219-1號,0,0,1,1,C03,8,7,5,30,14,9,1,5,4,5,13,4,4,9,5,5,2,17,1,36,2,9,5,1,7,9,1,10,1,14,116,1,21,121.5561436,25.025661
114,04,18,09,30,2,08士林區,士林區承德路4段12巷與通河街76巷口,0,0,2,1,C03,8,6,5,30,4,2,1,5,4,5,13,4,4,10,5,5,1,17,1,24,2,9,6,1,7,9,1,10,1,11,72,1,21,121.520362,25.08052876
114,04,18,09,50,2,06松山區,松山區南京東路3段338巷與敦化北路50巷口,0,0,2,1,C03,8,5,5,30,4,2,1,5,4,5,13,4,4,9,5,5,2,16,1,40,2,7,5,1,7,5,1,10,1,11,74,1,26,121.5475262,25.0506812
114,04,18,09,54,2,09北投區,北投區文林北路1203743號燈桿,0,0,2,1,C03,8,6,5,50,14,7,1,5,4,5,13,4,4,1,4,4,2,5,1,21,2,9,6,1,7,9,1,10,1,11,108,1,21,121.5172671,25.1055094
114,04,18,09,59,2,03中山區,中山區民權東路1段與民權東路1段58巷口,0,0,1,1,C03,8,6,5,40,3,1,1,5,4,5,13,4,4,1,4,4,2,16,1,34,3,10,5,1,7,6,1,10,2,13,9,1,21,121.5246699,25.0626013
114,04,18,10,34,2,02萬華區,萬華區西園路2段與莒光路口,0,0,2,1,C03,7,5,5,50,14,9,1,5,4,5,13,4,4,10,4,5,2,2,1,27,2,9,5,4,7,9,1,10,1,11,108,1,22,121.4967749,25.0308279
114,04,18,10,53,2,03中山區,中山區松江路往南新生公園旁,0,0,1,1,B02,8,7,5,50,14,9,1,5,4,5,13,4,4,1,4,5,2,12,1,68,3,10,3,4,7,8,1,8,11,7,100,2,21,121.5221159,25.05805319
114,04,18,11,05,2,03中山區,中山區建國北路1段23巷與八德路2段167巷口,0,0,2,1,C03,7,7,5,30,4,1,1,5,4,5,13,4,4,10,5,5,2,15,2,63,2,9,5,1,7,9,1,10,2,11,72,1,21,121.5378954,25.04713363
114,04,18,11,17,2,08士林區,士林區中正路與延平北路6段口,0,0,1,1,C03,8,5,5,50,4,1,1,5,4,5,13,2,1,1,4,5,2,13,1,44,3,10,3,4,7,9,1,10,1,15,44,1,22,121.5087923,25.08669403
114,04,18,11,32,2,10文山區,文山區忠順街2段9號,0,0,1,1,C03,8,6,5,50,14,9,1,5,4,5,13,4,4,9,5,5,2,17,1,21,3,10,5,1,7,11,1,10,1,17,10,1,21,121.5623781,24.9846052
114,04,18,11,33,2,09北投區,北投區東華街2段258號,0,0,1,1,C03,8,6,5,50,14,9,1,5,4,5,13,4,4,10,4,5,2,12,1,18,2,7,6,1,7,7,1,10,1,14,118,1,21,121.5085046,25.1206104
114,04,18,11,46,2,02萬華區,萬華區寶興街140巷與寶興街140巷17弄口,0,0,2,1,C03,7,6,5,30,5,1,1,5,4,5,13,4,4,10,5,5,2,15,1,23,2,9,6,1,7,9,1,10,1,11,13,1,21,121.4942841,25.0243495
114,04,18,11,48,2,11南港區,南港區昆陽街150-1號與昆陽街口,0,0,1,1,B11,7,6,5,50,3,2,1,5,4,5,13,4,4,5,4,5,2,17,1,59,3,10,7,1,7,1,1,8,1,4,19,1,21,121.5943058,25.0491605
114,04,18,11,55,2,07信義區,信義區吳興街156巷26號,0,0,2,1,C03,8,7,5,30,14,9,1,5,4,5,13,4,4,9,5,5,1,3,1,22,2,9,6,4,7,9,1,10,2,11,108,1,21,121.5606096,25.028458
114,04,18,12,04,2,10文山區,文山區木柵路3段92號,0,0,1,1,C03,8,6,5,0,14,20,4,5,4,5,13,4,4,10,5,5,2,9,1,71,3,10,6,1,7,9,1,10,1,17,44,1,21,121.5673036,24.9886449
114,04,18,12,23,2,04大安區,大安區安和路2段73號,0,0,1,1,B03,7,6,5,50,11,9,1,5,4,5,13,4,4,1,3,5,2,17,1,59,3,10,3,1,7,14,1,8,1,4,40,1,21,121.5523413,25.0303232
114,04,18,12,40,2,03中山區,中山區南京西路12巷與南京西路口,0,0,2,1,B01,8,7,5,30,3,1,1,5,4,5,13,4,4,1,4,5,2,16,1,57,3,10,7,1,7,6,1,4,2,4,72,1,21,121.5215756,25.0523685
114,04,18,13,06,2,01大同區,大同區重慶北路1段與長安西路口,0,0,1,1,B03,7,5,5,50,14,9,1,5,4,5,13,1,1,9,4,5,1,16,1,27,3,10,3,4,7,6,1,8,1,2,9,1,21,121.5137769,25.0516076
114,04,18,13,12,2,11南港區,南港區市民大道8段與南港路1段171巷28弄口3號旁停車場出入口,0,0,1,1,B02,8,6,5,50,14,9,1,5,4,5,13,4,4,9,4,5,2,13,1,50,3,10,3,4,7,12,1,8,2,6,44,1,21,121.6129377,25.0541731
114,04,18,14,09,2,08士林區,士林區社中街276號與無名巷口,0,0,1,1,B12,8,6,5,30,4,1,1,5,4,5,13,4,4,9,4,5,1,15,1,70,3,10,7,1,7,9,1,8,1,2,72,1,21,121.5063449,25.0920021
114,04,18,14,21,2,05中正區,中正區中華路2段289號,0,0,1,1,C03,8,7,5,40,14,8,1,5,4,5,13,1,1,9,4,4,2,13,2,42,2,9,5,2,7,9,1,10,1,11,108,1,21,121.5045337,25.0295805
114,04,18,14,32,2,09北投區,北投區光明路2巷與育仁路口,0,0,2,1,C03,8,7,5,50,14,9,1,5,4,5,13,1,1,5,4,5,2,9,1,22,2,9,3,4,7,1,1,10,1,12,42,1,26,121.4986486,25.1324615
114,04,18,15,19,2,03中山區,中山區北安路458巷41弄與北安路458巷口,0,0,1,1,B12,8,7,5,30,4,1,1,5,4,5,13,2,1,9,4,5,2,3,1,36,3,10,7,1,7,5,1,8,9,4,108,1,21,121.5462843,25.0790913
114,04,18,15,38,2,09北投區,北投區承德路6段427號,0,0,1,1,B03,7,7,5,60,14,8,1,5,4,5,13,4,4,1,4,4,2,16,1,48,3,10,7,1,7,6,1,8,1,5,9,1,22,121.511399,25.1080861
114,04,18,15,40,2,02萬華區,萬華區中華路2段416巷與中華路2段口,0,0,1,1,C03,8,6,5,50,5,1,1,5,4,5,13,1,1,8,4,4,1,17,1,60,2,8,5,1,7,9,1,10,1,11,16,1,21,121.505809,25.028098
114,04,18,15,56,2,06松山區,松山區民權東路5段29號,0,0,1,1,C03,8,7,5,50,14,9,1,5,4,5,13,4,4,1,4,5,2,13,1,51,2,7,6,1,7,9,1,10,1,11,108,1,21,121.5664918,25.0633964
114,04,18,16,06,2,06松山區,松山區塔悠路與健康路口,0,0,2,1,C03,7,6,5,50,3,1,1,5,4,5,13,2,1,1,4,5,2,15,2,26,2,9,5,1,7,9,1,10,1,11,81,1,21,121.569915,25.0544977
114,04,18,16,09,2,03中山區,中山區北安路與敬業三路口,0,0,2,1,F01,8,6,5,50,4,1,1,5,4,5,13,1,1,1,4,5,2,17,1,66,2,9,4,4,7,6,8,20,1,15,9,1,22,121.5562518,25.0845408
114,04,18,16,18,2,07信義區,信義區松德路8號,0,0,1,1,C03,7,6,5,40,14,9,1,5,4,5,13,4,4,1,4,5,2,17,1,25,3,10,5,4,7,9,3,18,9,11,108,2,21,121.5775676,25.0395085
114,04,18,16,22,2,06松山區,松山區北寧路與北寧路32巷口,0,0,2,1,F01,7,7,5,40,3,1,1,5,4,5,13,4,4,9,4,4,2,17,1,11,2,9,4,1,7,5,8,20,1,11,8,1,14,121.552637,25.0493094
114,04,18,16,30,2,08士林區,士林區天母北路6號,0,0,1,1,B03,8,6,5,50,14,9,1,5,4,5,13,4,4,8,3,5,1,14,1,55,3,10,7,1,7,9,1,8,1,5,17,1,21,121.5262541,25.1191183
114,04,18,17,04,2,05中正區,中正區重慶南路1段100號,0,0,1,1,A02,8,5,5,50,14,9,1,5,4,5,13,4,4,5,4,5,1,13,1,52,3,10,7,1,7,9,1,2,1,1,16,2,21,121.513146,25.0427263
114,04,18,17,14,2,07信義區,信義區信安街103巷22之6號與吳興街284巷22弄口,0,0,1,1,C04,7,6,5,30,3,2,1,5,4,5,13,4,4,10,5,5,2,17,1,33,2,8,5,1,7,9,1,10,2,12,108,1,21,121.5604048,25.0246034
114,04,18,17,30,2,08士林區,士林區格致路與愛富三街口,0,0,1,1,B03,7,6,5,40,3,2,1,5,4,5,13,4,4,1,5,5,1,17,1,54,3,10,7,1,7,6,1,8,2,6,9,1,22,121.5463029,25.1396672
114,04,18,17,36,2,02萬華區,萬華區西園路2段與西藏路口,0,0,1,1,C03,8,6,5,50,4,4,1,5,4,5,13,1,1,8,3,5,1,13,1,18,3,10,5,1,7,12,1,10,1,11,108,1,21,121.495677,25.0290501
114,04,18,17,43,2,06松山區,松山區市民大道4段147號,0,0,3,1,C03,7,5,5,40,14,9,1,5,4,5,13,1,1,5,4,1,2,13,1,27,2,9,6,1,7,9,1,10,1,11,16,1,21,121.5463044,25.0452084
114,04,18,17,55,2,10文山區,文山區萬芳路3號與萬芳路口,0,0,1,1,C03,8,5,5,30,3,1,1,5,4,5,13,4,4,10,5,5,2,16,2,58,2,8,6,1,7,5,1,10,2,13,72,1,21,121.5709989,24.9953142
114,04,18,18,10,2,07信義區,信義區松隆路與松隆路329巷口,0,0,2,1,C03,7,5,5,50,4,1,1,5,4,5,13,1,1,1,4,5,2,17,1,56,2,9,3,4,7,5,1,10,1,12,96,1,22,121.5792309,25.0482145
114,04,18,18,49,2,05中正區,中正區忠孝西路1段與重慶南路1段口,0,0,1,1,A02,8,5,5,50,4,1,1,5,4,5,13,1,1,2,4,5,1,9,1,56,3,10,7,1,7,9,1,2,2,10,42,1,21,121.5133693,25.047133
114,04,18,18,51,2,10文山區,文山區溪洲街與溪洲街137巷口,0,0,2,1,C03,8,5,5,30,3,1,1,5,4,5,13,2,1,5,5,5,2,12,1,66,2,9,5,1,7,7,1,10,1,12,100,1,21,121.5353894,24.9999852
114,04,18,19,10,2,03中山區,中山區錦州街13號,0,0,3,1,C03,7,5,5,50,14,9,1,5,4,5,13,4,4,8,3,5,2,17,1,63,2,5,5,1,7,11,3,18,2,13,80,1,21,121.5242683,25.0603654
114,04,18,19,23,2,01大同區,大同區民權西路125號,0,0,1,1,B03,8,5,5,50,14,9,1,5,4,5,13,4,4,1,4,5,2,17,1,24,3,10,7,1,7,8,1,8,1,2,100,1,21,121.5176778,25.063022
114,04,18,19,24,2,03中山區,中山區樂群三路301號,0,0,1,1,B03,8,5,5,50,14,9,1,5,4,5,13,4,4,9,5,5,2,16,2,25,3,10,7,1,7,11,1,8,2,4,10,1,22,121.559507,25.0826758
114,04,18,19,26,2,09北投區,北投區知行路與知行路260巷口,0,0,2,1,B03,8,5,5,30,3,1,1,5,4,5,13,4,4,5,5,5,2,3,1,39,3,10,7,1,7,5,1,8,2,8,108,1,21,121.4672239,25.1209865
114,04,18,19,33,2,07信義區,信義區福德街268巷30弄3號,0,0,1,1,C03,7,5,5,30,14,9,1,5,4,5,13,4,4,10,5,5,2,9,2,53,3,10,3,1,7,3,1,10,9,17,44,1,22,121.5858827,25.0401824
114,04,18,20,01,2,07信義區,信義區市民大道6段與松信路口,0,0,1,1,C03,8,5,5,40,4,2,1,5,4,5,13,2,1,1,4,5,2,17,2,46,2,8,6,1,7,5,1,10,1,14,8,1,22,121.5723123,25.0492254
114,04,18,20,46,2,01大同區,大同區錦西街與雙連街口,0,0,1,1,C03,8,5,5,50,5,2,1,5,4,5,13,4,4,5,5,5,2,12,1,20,3,10,6,1,7,11,1,10,2,14,10,1,21,121.5187168,25.0602131
114,04,18,21,05,2,08士林區,士林區劍潭路與後港街口,0,0,2,1,C02,8,5,5,50,4,2,1,5,4,5,13,4,4,1,4,5,1,17,1,33,3,10,5,1,7,6,1,9,1,12,9,1,21,121.5227452,25.08408235
114,04,18,21,08,2,06松山區,松山區南京東路4段與南京東路4段133巷口,0,0,2,1,C03,7,5,5,40,4,1,1,5,4,5,13,2,1,1,4,5,2,15,1,24,3,10,5,1,7,14,1,10,1,12,44,1,25,121.555109,25.0517602
114,04,18,21,27,2,07信義區,信義區基隆路1段147巷與忠孝東路5段15巷口,0,0,2,1,B03,8,5,5,30,4,1,1,5,4,5,13,4,4,10,5,5,2,14,1,32,3,10,3,4,7,2,1,8,1,3,12,1,21,121.5659837,25.0424144