發生年度,發生月,發生日,發生時-Hours,發生分,處理別-編號,區序,肇事地點,死亡人數,2-30日死亡人數,受傷人數,當事人序號,車種,天候,光線,道路類別,速限-速度限制,道路型態,事故位置,路面狀況1,路面狀況2,路面狀況3,道路障礙1,道路障礙2,號誌1,號誌2,車道劃分-分向,車道劃分-分道1,車道劃分-分道2,車道劃分-分道3,事故類型及型態,性別,年齡,受傷程度,主要傷處,保護裝置,行動電話,車輛用途,當事者行動狀態,駕駛資格情形,駕駛執照種類,飲酒情形,車輛撞擊部位1,肇因碼-個別,個人肇逃否,職業,座標-X,座標-Y
114,04,18,21,57,2,08士林區,士林區承德路4段40巷與通河街141巷口,0,0,1,1,B03,8,5,5,50,4,1,1,5,4,5,13,4,4,5,5,5,2,17,4,0,,,,,,,,,11,,119,2,,121.5210389,25.0813629
114,04,18,22,08,2,07信義區,信義區市民大道6段108號,0,0,1,1,,7,5,5,40,14,9,1,5,4,5,13,4,4,10,4,5,2,27,3,32,,,,,,,,,,,66,1,,121.5728036,25.0491902
114,04,18,22,16,2,10文山區,文山區興隆路2段與興隆路2段244巷口,0,0,1,1,B01,8,5,5,50,3,1,1,5,4,5,13,4,4,5,5,5,2,16,1,56,3,10,7,1,7,5,1,4,1,8,72,1,21,121.5538143,25.0010911
114,04,18,22,20,2,03中山區,中山區大直橋往南,0,0,1,1,,8,5,5,50,8,9,1,5,4,5,13,4,4,1,4,5,2,29,3,0,,,,,,,,,,,130,1,,121.5443432,25.0791755
114,04,18,22,20,2,09北投區,北投區承德路7段393巷與公館路口,0,0,1,1,C03,8,5,5,50,4,1,1,5,4,5,13,1,1,5,4,5,2,16,1,62,3,10,5,1,7,5,1,9,2,12,74,1,21,121.5014239,25.1194334
114,04,19,00,10,2,03中山區,中山區建國高架道,0,0,1,1,B01,8,5,5,50,14,9,1,5,4,5,13,4,4,1,4,5,2,20,1,62,2,9,7,1,7,9,1,4,1,2,42,1,21,121.5340992,25.0674792
114,04,19,03,08,2,06松山區,松山區市民大道4段與敦化南路1段口,0,0,2,1,C04,8,5,5,40,4,1,1,5,4,5,13,1,1,1,4,1,2,16,2,26,2,9,5,1,7,6,1,10,1,12,9,1,26,121.5491659,25.0449541
114,04,19,03,09,2,03中山區,中山區濱江街與濱江街180巷口,0,0,1,1,C03,8,5,5,50,3,1,1,5,4,5,13,1,1,1,4,4,2,15,1,48,2,9,5,1,7,9,1,9,2,11,81,1,22,121.5385054,25.07242959
114,04,19,03,29,2,08士林區,士林區仰德大道3段88號,0,0,1,1,B03,7,5,5,40,14,9,1,5,4,5,13,4,4,4,1,5,1,17,1,23,3,10,7,1,7,7,1,8,1,2,100,1,21,121.5530537,25.120308
114,04,19,04,54,2,04大安區,大安區敦化南路1段190巷與忠孝東路4段77巷口,0,0,1,1,B03,8,5,5,30,4,1,1,5,4,5,13,4,4,8,3,5,2,15,2,40,3,10,3,4,7,9,1,8,1,4,72,1,21,121.5472116,25.0426522
114,04,19,07,55,2,08士林區,士林區文林路與安平街口口,0,0,1,1,C03,7,6,5,50,3,1,1,5,4,5,13,4,4,9,4,5,1,17,2,70,3,10,5,1,7,9,1,10,1,11,80,2,21,121.5263111,25.0883992
114,04,19,08,00,2,09北投區,北投區中央北路4段與學園路口口,0,0,3,1,C03,8,6,5,50,3,1,1,5,4,5,13,1,1,10,5,5,2,17,1,47,2,8,5,1,7,6,1,10,2,12,9,1,21,121.4660151,25.1267295
114,04,19,08,49,2,04大安區,"大安區建國高架道路(北往南,信義上方)",0,0,1,1,B03,8,6,5,70,10,9,1,5,4,5,13,1,1,1,3,5,1,13,2,38,2,7,3,4,7,12,1,8,1,1,16,1,22,121.5376931,25.029974
114,04,19,08,54,2,02萬華區,萬華區環河南路2段與環河南路2段50巷口,0,0,5,1,C03,8,6,5,50,3,2,1,5,4,5,13,2,1,2,4,5,2,9,2,67,2,8,6,1,7,8,1,10,1,11,22,1,21,121.4963863,25.0378894
114,04,19,08,56,2,02萬華區,萬華區康定路46-3號,0,0,1,1,B03,8,7,5,50,14,9,1,5,4,5,13,4,4,5,4,5,2,17,1,50,3,10,7,1,7,7,1,8,1,6,44,1,21,121.5025032,25.0430743
114,04,19,09,00,2,03中山區,中山區長安東路2段162之1號,0,0,1,1,B03,8,7,5,50,14,9,1,5,4,5,13,4,4,5,4,5,2,17,1,76,3,10,3,4,7,6,1,8,1,2,9,1,21,121.5394844,25.0482937
114,04,19,09,14,2,04大安區,大安區建國南路1段與信義路3段附近口,0,0,1,1,C03,8,6,5,50,14,9,1,5,4,5,13,4,4,9,4,5,2,17,1,32,3,10,5,1,7,10,1,9,1,12,100,1,21,121.5380865,25.0338565
114,04,19,09,14,2,09北投區,北投區北投路2段與育仁路口口,0,0,1,1,C03,8,6,5,50,4,1,1,5,4,5,13,1,1,5,2,5,2,17,1,81,2,9,5,1,7,5,1,10,2,13,8,1,21,121.4973505,25.1329015
114,04,19,09,27,2,09北投區,北投區中和街281號,0,0,1,1,B01,8,6,5,50,14,9,1,5,4,5,13,4,4,9,5,5,2,13,1,62,3,10,7,1,7,9,1,4,1,8,42,1,21,121.5003471,25.1403755
114,04,19,09,35,2,10文山區,文山區木柵路4段與秀明路1段口,0,0,1,1,C03,8,6,5,50,4,2,1,5,4,5,13,1,1,5,4,5,2,13,2,68,2,8,6,1,7,9,1,10,1,11,16,1,21,121.5710995,24.9918299
114,04,19,09,52,2,08士林區,士林區忠誠路1段與德行東路104巷口,0,0,1,1,C03,8,5,5,50,4,2,1,5,4,5,13,2,1,1,2,4,2,12,1,86,2,9,5,1,7,8,1,10,1,14,100,1,21,121.5290949,25.1057914
114,04,19,10,27,2,04大安區,大安區復興南路2段193巷與復興南路口側附近2段口,0,0,1,1,F01,8,6,6,50,4,1,1,5,4,5,13,1,1,10,5,5,2,17,1,19,3,10,4,1,7,11,8,20,1,14,11,1,25,121.5436389,25.0265608
114,04,19,10,30,2,01大同區,大同區敦煌路污水處理廠旁,0,0,2,1,C03,8,5,5,30,14,9,1,5,4,5,13,4,4,9,5,5,1,10,1,24,2,9,3,4,7,9,1,10,1,11,13,1,21,121.5104216,25.0763887
114,04,19,10,39,2,04大安區,大安區市民大道3段與八德路2段口,0,0,1,1,B03,8,6,5,40,4,2,1,5,4,5,13,2,1,1,4,5,1,16,1,53,3,10,3,4,7,6,1,8,1,6,9,1,21,121.5342968,25.044917
114,04,19,10,46,2,06松山區,松山區南京東路4段與北寧路口,0,0,1,1,C03,8,7,5,50,4,1,1,5,4,5,13,1,1,1,4,5,2,17,1,58,2,7,6,1,7,5,1,10,1,14,42,1,21,121.5527455,25.0514153
114,04,19,10,50,2,07信義區,信義區忠孝東路5段550號旁,0,0,1,1,B03,8,6,5,50,14,9,1,5,4,5,13,4,4,1,3,5,2,17,1,63,3,10,7,1,7,15,1,8,1,8,40,1,21,121.5793631,25.04160913
114,04,19,11,07,2,03中山區,中山區四平街與四平街134巷口,0,0,1,1,B03,7,7,5,30,4,1,1,5,4,5,13,4,4,10,5,5,2,15,1,36,3,10,7,1,7,9,1,8,1,1,72,1,21,121.5359404,25.0536209
114,04,19,11,29,2,10文山區,文山區試院路100號,0,0,1,1,B12,8,5,5,30,14,9,1,5,4,5,13,4,4,9,5,5,2,12,1,64,3,10,7,1,7,1,1,8,11,8,19,1,21,121.5481012,24.9899144
114,04,19,11,43,2,10文山區,文山區興隆路2段與興隆路2段203巷口,0,0,1,1,B01,8,6,5,50,4,1,1,5,4,5,13,2,1,1,4,5,2,16,1,62,3,10,7,1,7,11,1,4,2,5,10,1,21,121.5496041,25.0007943
114,04,19,11,48,2,04大安區,大安區基隆路2段與臥龍街口,0,0,2,1,B03,8,6,5,50,3,1,1,5,4,5,13,4,4,9,4,5,1,16,1,60,3,10,3,4,7,6,1,8,1,5,9,1,21,121.5483331,25.0204089
114,04,19,11,50,2,07信義區,信義區信義路5段91巷32號,0,0,1,1,F01,8,6,5,30,14,9,1,5,4,5,13,4,4,9,5,5,2,18,2,63,2,8,4,4,7,9,8,20,9,15,42,1,22,121.5718075,25.0344596
114,04,19,12,19,2,01大同區,大同區延平北路3段132號,0,0,1,1,C03,7,7,5,50,14,9,1,5,4,5,13,4,4,5,4,5,2,16,2,58,3,10,6,1,7,11,1,10,1,11,10,1,21,121.5108856,25.0676729
114,04,19,12,20,2,09北投區,北投區大業路558號前,0,0,1,1,C03,8,6,5,50,14,9,1,5,4,5,13,4,4,1,4,5,2,17,1,33,2,9,5,1,7,9,1,10,1,11,108,1,21,121.4968983,25.1354313
114,04,19,12,25,2,02萬華區,萬華區光復橋(近燈桿003013),0,0,1,1,C03,8,6,5,50,8,9,1,5,4,5,13,4,4,1,2,5,2,13,2,78,2,9,3,4,7,21,1,10,1,15,42,1,22,121.4907205,25.0243044
114,04,19,12,25,2,05中正區,中正區水源快速道路(靠近泉州街匝道),0,0,1,1,B03,8,6,5,60,3,2,1,5,4,5,13,4,4,10,4,5,1,17,1,56,3,10,7,1,7,7,1,8,11,7,100,1,21,121.5141783,25.0239614
114,04,19,13,16,2,04大安區,大安區信義路4段53巷與復興南路1段295巷口,0,0,1,1,B03,8,6,5,30,4,1,1,5,4,5,13,4,4,10,4,5,1,15,2,46,2,9,3,4,7,9,1,8,1,5,75,1,21,121.5451364,25.0351323
114,04,19,13,35,2,04大安區,大安區信義路3段147巷36弄與信義路3段147巷口,0,0,1,1,B03,8,6,5,30,4,1,1,5,4,5,13,4,4,5,4,5,1,15,1,30,3,10,3,4,7,9,1,8,1,2,72,1,21,121.5420116,25.0371911
114,04,19,13,50,2,02萬華區,萬華區漢口街2段47號,0,0,1,1,C03,8,6,5,50,14,9,1,5,4,5,13,4,4,10,4,5,2,12,1,21,2,9,6,1,7,8,1,10,1,12,100,1,22,121.5064761,25.0457423
114,04,19,13,51,2,04大安區,大安區仁愛路3段與建國南路1段口,0,0,2,1,C03,8,7,5,50,4,2,1,5,4,5,13,2,1,8,3,3,1,12,1,40,2,7,5,1,7,10,1,10,1,14,100,1,26,121.5380742,25.0379138
114,04,19,13,55,2,08士林區,士林區中正路與文林路口,0,0,1,1,C03,8,5,5,50,4,2,1,5,4,5,13,2,1,1,4,5,2,17,2,26,2,8,3,4,7,7,1,10,1,13,100,1,22,121.524632,25.09500929
114,04,19,14,08,2,06松山區,松山區民生東路5段2號,0,0,1,1,A02,7,7,5,50,14,9,1,5,4,5,13,4,4,9,4,5,2,9,1,63,3,10,7,1,7,1,1,2,9,17,36,1,21,121.5554505,25.05821225
114,04,19,14,10,2,05中正區,中正區重慶南路1段106號,0,0,1,1,C03,8,7,5,50,14,9,1,5,4,5,13,4,4,5,4,5,2,17,1,60,3,10,5,1,7,9,1,10,2,12,44,1,21,121.5131311,25.0421043
114,04,19,14,18,2,06松山區,松山區南京東路3段與敦化北路口,0,0,2,1,B03,8,7,5,50,4,1,1,5,4,5,13,1,1,1,4,4,2,17,1,47,3,10,7,1,7,6,1,8,2,17,9,1,21,121.5486174,25.0516286
114,04,19,14,25,2,01大同區,大同區民族西路與大龍街口,0,0,1,1,B03,7,6,5,50,4,1,1,5,4,5,13,2,1,5,4,5,2,17,1,57,3,10,3,4,7,5,1,8,1,5,8,1,22,121.5158814,25.0685368
114,04,19,14,25,2,07信義區,信義區松高路16號,0,0,2,1,B01,8,7,5,30,14,9,1,5,4,5,13,4,4,10,4,5,2,16,1,56,3,10,3,4,7,5,1,4,1,8,8,1,21,121.5676522,25.0384329
114,04,19,14,29,2,12內湖區,內湖區港墘路與內湖路1段口口,0,0,2,1,B03,7,5,5,50,4,1,1,5,4,5,13,1,1,1,4,5,2,13,1,56,3,10,7,1,7,9,1,8,2,5,108,1,21,121.5766045,25.0788118
114,04,19,15,12,2,02萬華區,萬華區桂林路與柳州街口,0,0,1,1,B03,8,6,5,50,4,1,1,5,4,5,13,2,1,5,5,5,2,16,1,42,3,10,7,1,7,5,1,8,1,1,8,1,26,121.5057044,25.03773858
114,04,19,15,25,2,04大安區,大安區市民大道4段216號,0,0,1,1,C03,8,6,5,40,14,9,1,5,4,5,13,4,4,9,4,5,2,13,2,50,2,9,5,1,7,9,1,10,1,11,108,1,21,121.5562069,25.0446421
114,04,19,16,15,2,12內湖區,(南往北)、康寧路三段189巷口,0,0,1,1,C02,7,6,5,50,14,9,1,5,4,5,13,4,4,1,3,5,1,12,1,39,2,7,6,1,7,7,1,9,1,11,100,1,21,121.6119826,25.06974437
114,04,19,17,04,2,09北投區,北投區中央北路4段與中央北路4段515巷3弄口,0,0,2,1,F02,8,7,5,50,3,1,1,5,4,5,13,4,4,10,4,5,2,16,1,87,2,9,5,1,7,5,8,20,2,14,8,1,22,121.4692084,25.1285637
114,04,19,18,19,2,12內湖區,內湖區文湖街31號,0,0,1,1,C03,7,5,5,50,14,9,1,5,4,5,13,4,4,9,5,5,2,17,1,68,3,10,5,1,7,15,1,10,9,17,86,1,21,121.5616208,25.086544
114,04,19,18,43,2,01大同區,大同區萬全街與雙連街口,0,0,1,1,C03,7,5,5,30,4,1,1,5,4,5,13,4,4,5,4,5,2,16,1,37,2,9,5,1,7,5,1,10,1,12,44,1,21,121.5190324,25.0584639
114,04,19,18,56,2,04大安區,大安區信義路4段與復興南路2段口,0,0,1,1,B03,8,5,5,50,5,1,1,5,4,5,13,1,1,8,3,5,2,13,1,54,3,10,7,1,7,9,1,8,11,1,108,2,21,121.5436608,25.0330663
114,04,19,19,10,2,08士林區,士林區福林橋北往南,0,0,2,1,C03,7,5,5,50,14,9,1,5,4,5,13,4,4,1,5,5,1,13,1,41,2,9,5,1,7,9,1,10,1,11,108,1,21,121.5298287,25.09485309
114,04,19,19,21,2,08士林區,士林區延平北路7段與堤外便道口福安消防隊後方,0,0,2,1,F01,7,5,5,30,3,1,1,5,4,5,13,4,4,5,5,5,1,16,1,14,2,9,4,1,7,5,8,20,1,11,8,1,22,121.4976216,25.0965996
114,04,19,20,22,2,03中山區,中山區市民大道3段與安東街16巷18弄口,0,0,1,1,B03,8,5,5,30,3,1,1,5,4,5,13,4,4,10,5,5,2,17,1,45,3,10,7,1,7,6,1,8,1,5,108,1,22,121.5406198,25.04454923
114,04,19,20,25,2,02萬華區,萬華區漢口街2段與漢口街2段53巷口,0,0,1,1,B03,8,5,5,50,3,2,1,5,4,5,13,4,4,10,4,5,2,17,1,23,3,10,7,4,7,7,1,8,2,17,100,1,21,121.5062643,25.04581493
114,04,19,21,53,2,03中山區,中山區中山北路4段圓山上坡道,0,0,1,1,B03,6,5,5,50,3,1,1,4,4,5,13,1,1,1,4,5,2,15,1,37,3,10,7,1,7,9,3,18,1,8,81,1,22,121.5258589,25.0744845
114,04,19,22,05,2,12內湖區,內湖區瑞湖街與舊宗路2段121巷口,0,0,2,1,C03,7,7,8,50,14,9,1,5,4,5,13,4,4,5,5,5,2,16,1,42,2,8,5,1,7,1,1,10,1,14,19,1,21,121.5764608,25.0687719
114,04,19,22,40,2,08士林區,士林區菁山路80號,0,0,1,1,C03,6,5,5,50,14,9,1,4,4,5,13,4,4,8,3,5,1,17,1,21,2,7,5,1,7,9,1,10,2,12,108,1,21,121.5501908,25.1393455
114,04,19,23,20,2,12內湖區,內湖區民權東路6段與瑞光路口口,0,0,1,1,C03,6,5,5,50,4,1,1,4,4,5,13,2,1,1,2,5,2,16,1,72,3,10,5,1,7,5,1,10,2,12,83,2,21,121.5843498,25.0687053
114,04,19,23,50,2,07信義區,信義區松仁路與松壽路口,0,0,1,1,B03,6,6,5,50,3,18,1,4,4,5,13,2,1,1,4,5,1,3,1,16,3,10,3,4,7,5,2,18,2,1,70,1,21,121.568427,25.0359227
114,04,20,00,03,2,04大安區,大安區和平東路3段與基隆路2段口,0,0,3,1,C03,6,5,5,50,4,1,1,4,4,5,13,1,1,3,3,5,1,13,1,26,2,9,5,1,7,9,1,10,1,11,108,1,21,121.5527384,25.0246594
114,04,20,00,16,2,01大同區,大同區萬全街與萬全街3巷口,0,0,1,1,B03,6,5,5,30,5,1,1,4,4,5,13,4,4,10,5,5,2,3,2,30,3,10,7,1,7,5,1,8,2,1,108,1,21,121.5200769,25.0586909
114,04,20,01,13,2,03中山區,中山區中山北路1段與長安東路1段口,0,0,1,1,B03,7,5,5,50,14,8,1,5,4,5,13,4,4,5,4,3,2,17,2,21,3,10,7,1,7,8,1,8,9,17,100,1,21,121.5216242,25.0495592
114,04,20,03,50,1,02萬華區,萬華區堤外便道華中437桿,1,0,0,1,B12,7,7,5,40,14,9,1,5,4,5,13,4,4,10,5,5,2,11,1,42,3,10,7,1,7,9,1,8,2,4,5,1,21,121.4911837,25.022474
114,04,20,04,10,2,02萬華區,萬華區武昌街2段與漢中街口,0,0,1,1,B12,6,5,5,30,4,1,1,4,4,5,13,4,4,5,5,5,2,15,1,37,3,10,7,1,7,9,1,8,1,1,44,1,22,121.5074532,25.0445881
114,04,20,06,55,2,03中山區,中山區林森北路與錦州街口,0,0,1,1,B01,8,6,5,50,4,1,1,5,4,5,13,1,1,5,5,5,2,12,1,50,3,10,7,1,7,11,1,4,1,4,71,1,21,121.5254557,25.06033768
114,04,20,06,58,2,05中正區,中正區襄陽路與公園路口,0,0,2,1,B12,8,6,5,50,3,2,1,5,4,5,13,2,1,5,4,5,2,13,2,68,3,10,7,1,7,9,1,8,2,1,108,1,22,121.5164375,25.0433588
114,04,20,07,43,2,07信義區,信義區虎林街與虎林街121巷口,0,0,1,1,C03,7,7,5,30,4,1,1,5,4,5,13,4,4,10,5,5,2,15,1,21,2,9,5,1,7,9,1,10,1,11,72,1,21,121.5768926,25.0402989
114,04,20,08,02,2,03中山區,中山區南京東路1段132巷與林森北路119巷口,0,0,1,1,B01,7,7,5,30,4,1,1,5,4,5,13,4,4,5,5,5,2,17,1,62,3,10,3,4,7,14,1,4,1,2,38,1,21,121.5268225,25.0502954
114,04,20,08,12,2,02萬華區,萬華區康定路與峨眉街口,0,0,1,1,C03,7,7,5,50,4,2,1,5,4,5,13,2,1,5,5,5,2,16,2,62,2,9,3,1,7,1,1,10,1,14,19,1,22,121.5030235,25.0449609
114,04,20,08,39,2,06松山區,松山區三民路與富錦街口,0,0,1,1,B03,7,7,5,50,4,1,1,5,4,5,13,1,1,9,4,5,1,16,1,49,3,10,7,1,7,5,1,8,1,1,71,1,22,121.5631545,25.0609709
114,04,20,09,03,2,10文山區,文山區木新路3段310巷4號,0,0,1,1,B03,7,6,5,30,14,9,1,5,4,5,13,4,4,9,5,5,2,14,1,64,3,10,7,1,7,2,1,8,1,3,12,1,21,121.5570874,24.9810544
114,04,20,09,18,2,10文山區,文山區試院路104號,0,0,1,1,C03,7,6,5,30,14,9,1,5,4,1,11,4,4,10,5,5,2,10,1,19,3,10,6,1,7,9,1,10,1,11,118,1,21,121.5478174,24.9899246
114,04,20,09,20,2,02萬華區,萬華區中華路2段與中華路2段484巷口,0,0,2,1,B03,7,6,5,50,4,2,1,5,4,5,13,2,1,5,5,5,1,17,1,60,3,10,3,4,7,6,1,8,1,2,9,1,22,121.5070797,25.0267043
114,04,20,09,33,2,02萬華區,萬華區東園街與民和街口,0,0,1,1,B03,7,6,5,50,4,1,1,5,4,5,13,1,1,10,5,5,2,17,1,26,3,10,7,1,7,5,1,8,1,1,71,1,21,121.4968525,25.025163
114,04,20,09,41,2,03中山區,中山區中山橋往南（圓山下坡道）,0,0,1,1,B03,7,5,5,50,14,9,1,5,4,5,13,1,1,1,4,5,2,16,1,32,3,10,3,4,7,6,1,8,1,5,9,1,21,121.5239611,25.07244612
114,04,20,09,46,2,03中山區,中山區北安路47號,0,0,2,1,C03,8,6,5,50,14,9,1,5,4,5,13,4,4,1,4,5,2,13,1,18,2,7,6,1,7,9,1,10,1,11,108,1,22,121.5293736,25.0778982
114,04,20,10,00,2,05中正區,中正區羅斯福路1段與愛國東路口口,0,0,2,1,C03,8,6,5,40,4,1,1,5,4,5,13,1,1,1,4,4,1,17,1,68,2,7,6,1,7,9,1,10,2,14,13,1,21,121.5169555,25.0350351
114,04,20,10,30,2,05中正區,中正區中華路1段與寶慶路口,0,0,2,1,C03,7,7,5,50,4,1,1,5,4,5,13,1,1,1,4,1,2,16,1,33,2,7,5,1,7,6,1,10,1,12,9,1,21,121.5084456,25.04211733
114,04,20,11,06,2,10文山區,文山區木柵路4段與木柵路4段149巷口,0,0,1,1,C03,7,6,6,50,3,1,1,5,4,5,13,1,1,5,4,5,2,16,1,57,2,9,6,1,7,6,1,10,1,12,9,1,21,121.5746221,24.9988055
114,04,20,11,20,2,08士林區,士林區忠誠路2段與天母東路口,0,0,2,1,C03,8,5,5,50,4,1,1,5,4,5,13,2,1,1,4,5,2,17,2,44,2,8,3,4,7,5,1,10,1,14,8,1,22,121.5209661,25.12052163
114,04,20,11,23,2,03中山區,中山區敬業三路與敬業三路162巷口,0,0,1,1,C03,7,5,5,50,4,1,1,5,4,5,13,1,1,1,4,5,2,16,2,31,2,7,3,4,7,5,1,10,1,13,8,1,21,121.5566078,25.07928615
114,04,20,11,57,2,11南港區,南港區南港路2段13號,0,0,2,1,B03,8,6,5,40,14,9,1,5,4,5,13,4,4,5,4,4,2,17,1,58,3,10,3,4,7,13,1,8,1,4,40,1,22,121.6042376,25.0538746
114,04,20,12,00,2,04大安區,大安區文昌街235號,0,0,1,1,B03,8,6,5,30,14,9,1,5,4,5,13,4,4,10,5,5,1,17,1,42,3,10,3,4,7,1,1,8,1,17,19,1,21,121.5551316,25.0323507
114,04,20,12,00,2,11南港區,南港區忠孝東路7段369號,0,0,2,1,B03,7,6,5,50,14,9,1,5,4,5,13,4,4,1,4,4,2,16,1,53,3,10,3,4,7,6,1,8,1,2,9,1,21,121.6042452,25.0519021
114,04,20,12,16,2,07信義區,信義區福德街與福德街221巷口,0,0,1,1,B03,8,6,5,50,4,2,1,5,4,5,13,1,1,10,5,5,2,1,2,71,3,10,3,1,7,6,1,8,1,5,70,1,21,121.584995,25.0385014
114,04,20,12,20,2,11南港區,南港區忠孝東路6段與忠孝東路6段269巷口,0,0,1,1,C03,8,7,5,30,4,1,1,5,4,5,11,4,4,10,5,5,2,15,1,33,2,7,5,1,7,9,1,10,2,14,72,1,21,121.5896835,25.049727
114,04,20,12,23,2,04大安區,大安區忠孝東路4段95號,0,0,1,1,C03,8,5,5,50,14,9,1,5,4,5,13,4,4,1,4,1,2,17,1,26,3,10,6,1,7,8,1,10,1,17,100,1,21,121.5474949,25.0416474
114,04,20,12,33,2,09北投區,北投區大度路3段與關渡路口,0,0,1,1,B03,7,7,5,50,5,1,1,5,4,5,13,1,1,1,4,4,2,16,2,64,3,10,7,1,7,6,1,8,1,5,9,1,22,121.4694837,25.1228933
114,04,20,12,46,2,08士林區,士林區中山北路6段35巷29號,0,0,1,1,B02,8,7,5,50,14,9,1,5,4,5,13,4,4,9,1,5,2,17,2,30,3,10,7,1,7,5,1,8,1,17,8,1,21,121.5247233,25.10272931
114,04,20,13,04,2,05中正區,中正區中山南路與凱達格蘭大道口,0,0,1,1,C03,7,7,5,50,18,8,1,5,4,5,13,1,1,1,4,1,2,12,1,44,3,10,5,1,7,9,1,10,1,12,44,1,21,121.5174119,25.03931214
114,04,20,13,13,2,03中山區,中山區建國高架道與長安東路1段口匝道,0,0,3,1,B01,7,6,5,40,14,9,1,5,4,5,13,4,4,1,4,5,2,13,1,56,3,10,7,1,7,9,1,4,1,1,16,1,21,121.5368127,25.04646166
114,04,20,13,25,2,04大安區,大安區新生南路2段80號,0,0,1,1,B01,8,6,5,40,14,9,1,5,4,5,13,4,4,3,4,5,1,12,1,51,3,10,3,4,7,7,1,4,2,5,100,1,21,121.5346583,25.0274097
114,04,20,13,30,2,12內湖區,內湖區成功路4段324巷與成功路4段口,0,0,2,1,B03,8,6,5,30,4,2,1,5,4,5,13,1,1,5,5,5,2,17,2,47,3,10,7,1,7,14,1,8,1,2,44,1,21,121.5987391,25.08492
114,04,20,14,20,2,09北投區,北投區大業路157號,0,0,1,1,B03,7,6,5,60,14,9,1,5,4,5,13,4,4,1,4,5,2,16,2,21,3,10,7,1,7,6,1,8,1,5,9,1,21,121.4986488,25.1248703
114,04,20,14,37,2,01大同區,大同區承德路2段與民權西路口,0,0,1,1,B03,7,6,5,50,4,1,1,5,4,5,13,2,1,1,4,5,2,12,1,38,3,10,7,2,7,9,1,8,11,2,44,2,22,121.5183816,25.0627071
114,04,20,14,40,2,02萬華區,萬華區長沙街2段與貴陽街2段29巷口,0,0,1,1,B03,8,6,5,30,3,1,1,5,4,5,13,4,4,5,5,5,2,3,1,23,3,10,7,1,7,5,1,8,1,8,70,1,26,121.5051767,25.04060956
114,04,20,14,44,2,05中正區,中正區南昌路2段與南昌路2段202巷口口,0,0,2,1,H01,7,6,5,50,3,18,1,5,4,5,13,1,1,5,4,5,2,1,1,23,2,7,4,5,8,16,8,20,10,16,122,1,21,121.5243041,25.0241613
114,04,20,15,09,2,03中山區,中山區大直橋往南,0,0,1,1,C03,7,7,5,50,8,9,1,5,4,5,13,4,4,1,4,5,2,17,1,47,3,10,3,4,7,9,6,10,1,17,30,1,21,121.5442586,25.07405191
114,04,20,15,34,2,01大同區,大同區蘭州街與民權西路口,0,0,1,1,C03,6,6,5,50,5,2,1,4,4,5,13,4,4,9,5,5,2,17,2,34,2,9,6,1,7,9,1,10,1,12,42,1,21,121.5145398,25.0626899
114,04,20,16,06,2,12內湖區,內湖區民權東路6段與民權東路6段11巷口,0,0,1,1,B03,7,7,5,50,3,1,1,4,4,5,13,2,1,1,3,5,1,12,2,39,3,10,7,1,7,8,1,8,2,2,100,1,21,121.5783227,25.0668063
114,04,20,16,47,2,07信義區,信義區永吉路與永吉路30巷口,0,0,1,1,B03,6,7,5,50,4,1,1,4,4,5,13,2,1,3,4,5,2,15,2,60,3,10,7,1,7,9,1,8,2,4,81,1,22,121.5688566,25.0457719
114,04,20,16,51,2,04大安區,大安區通化街171巷與通化街39巷50弄口,0,0,1,1,B03,6,7,5,30,4,1,1,4,4,5,13,4,4,10,5,5,1,13,1,66,3,10,7,1,7,9,1,8,1,1,108,1,21,121.5546386,25.0279129
114,04,20,17,05,2,06松山區,松山區光復北路與延壽街口,0,0,1,1,B03,6,7,5,50,4,1,1,4,4,5,13,2,1,9,4,5,2,17,1,24,3,10,7,1,7,5,1,8,2,5,71,1,22,121.5556663,25.0562079
114,04,20,17,22,2,04大安區,大安區敦化南路2段與四維路154巷口,0,0,3,1,B03,6,5,5,50,4,1,1,4,4,5,13,2,1,10,5,5,2,17,1,65,3,10,3,4,7,5,1,8,1,5,74,1,21,121.5485633,25.0309991
114,04,20,18,15,2,12內湖區,內湖區舊宗路1段與民權東路6段口,0,0,1,1,B03,6,5,5,50,5,1,1,4,4,5,13,2,1,5,4,5,2,16,1,30,3,10,7,1,7,5,1,8,1,6,74,1,21,121.5752628,25.0656516
114,04,20,18,16,2,06松山區,松山區民權東路3段與民族東路口,0,0,2,1,C03,7,5,5,50,3,1,1,4,4,5,13,4,4,1,3,5,2,16,1,19,2,8,6,1,7,6,1,10,1,12,9,1,21,121.549929,25.061782
114,04,20,19,09,2,04大安區,大安區建國南路1段與建國南路1段212巷口,0,0,1,1,B01,7,5,5,30,3,1,1,4,4,5,13,4,4,5,4,5,2,16,1,65,3,10,7,1,7,6,1,4,1,4,72,1,21,121.5374696,25.03967198
114,04,20,19,45,2,05中正區,中正區愛國東路100號前,0,0,2,1,C03,7,5,5,50,14,7,1,4,4,5,13,1,1,1,4,4,2,13,1,21,2,9,6,1,7,9,1,10,1,11,108,1,22,121.5207031,25.0331179