發生年度,發生月,發生日,發生時-Hours,發生分,處理別-編號,區序,肇事地點,死亡人數,2-30日死亡人數,受傷人數,當事人序號,車種,天候,光線,道路類別,速限-速度限制,道路型態,事故位置,路面狀況1,路面狀況2,路面狀況3,道路障礙1,道路障礙2,號誌1,號誌2,車道劃分-分向,車道劃分-分道1,車道劃分-分道2,車道劃分-分道3,事故類型及型態,性別,年齡,受傷程度,主要傷處,保護裝置,行動電話,車輛用途,當事者行動狀態,駕駛資格情形,駕駛執照種類,飲酒情形,車輛撞擊部位1,肇因碼-個別,個人肇逃否,職業,座標-X,座標-Y
114,04,20,20,14,2,05中正區,中正區館前路與開封街1段口,0,0,1,1,B01,7,5,5,50,3,1,1,5,4,5,13,4,4,10,4,5,2,3,1,64,3,10,7,1,7,9,1,4,2,4,70,1,21,121.5150729,25.0460607
114,04,20,21,00,2,09北投區,北投區公館路與北投路1段口,0,0,1,1,C02,8,5,5,50,4,1,1,5,4,5,13,1,1,5,4,5,2,16,1,36,3,10,6,1,7,5,1,9,2,11,71,1,21,121.502651,25.121423
114,04,20,21,17,2,07信義區,信義區松智路與松智路15巷口,0,0,1,1,B01,8,5,5,50,3,2,1,5,4,5,13,2,1,9,4,5,2,17,1,61,3,10,7,1,7,5,1,4,1,5,118,1,22,121.5654441,25.0370403
114,04,20,21,45,2,05中正區,中正區仁愛路2段61號,0,0,1,1,C03,8,5,5,50,14,9,1,5,4,5,13,4,4,4,3,1,2,13,1,52,2,9,5,1,7,9,1,10,2,11,108,1,26,121.5299733,25.038363
114,04,20,21,46,2,12內湖區,內湖區內湖路1段629巷42號,0,0,1,1,C03,7,5,5,50,14,9,1,5,4,5,13,4,4,4,5,5,1,17,1,21,3,10,6,1,7,5,1,10,1,13,8,1,21,121.5760296,25.0813784
114,04,20,21,50,2,01大同區,大同區延平北路3段18巷2號,0,0,2,1,C03,7,6,5,30,14,9,1,5,4,5,13,4,4,10,5,5,1,1,1,63,2,9,5,1,7,9,1,10,7,11,21,1,21,121.510848,25.0639369
114,04,20,22,10,2,04大安區,大安區仁愛路4段與敦化南路1段口,0,0,2,1,C03,7,5,5,50,14,9,1,5,4,5,13,2,1,1,4,5,1,17,1,71,2,9,6,1,7,9,1,10,1,11,108,1,21,121.549351,25.0385103
114,04,20,23,36,2,04大安區,大安區忠孝東路4段與忠孝東路4段101巷口,0,0,1,1,C03,7,5,5,50,3,2,1,5,4,5,13,4,4,8,3,5,1,16,2,31,2,8,5,1,7,6,1,10,1,12,9,1,21,121.5480987,25.0416721
114,04,21,07,24,2,04大安區,大安區基隆路4段73巷台科大停車場出入口,0,0,1,1,B03,8,5,5,50,14,9,1,5,4,5,13,4,4,10,5,5,2,17,1,63,3,10,3,4,7,8,1,8,1,2,100,1,21,121.5401871,25.0123978
114,04,21,07,34,2,07信義區,信義區永吉路與永吉路120巷口,0,0,1,1,C04,7,6,5,50,5,1,1,5,4,5,13,1,1,5,4,5,2,18,1,36,2,9,6,1,7,6,1,10,1,12,108,1,21,121.570468,25.0455912
114,04,21,07,43,2,09北投區,北投區北投路1段與大興街口口,0,0,1,1,B03,8,5,5,50,4,4,1,5,4,5,13,1,1,5,4,5,2,13,2,42,3,10,7,1,7,9,1,8,1,1,16,1,21,121.4997937,25.1301058
114,04,21,07,45,2,12內湖區,內湖區金龍路149號,0,0,2,1,C03,8,6,5,50,14,9,1,5,4,5,13,4,4,5,5,5,2,17,1,73,2,9,5,1,7,1,1,10,2,11,19,1,21,121.5899563,25.0860501
114,04,21,07,48,2,05中正區,中正區延平南路與中華路2段75巷口口,0,0,1,1,C04,8,6,5,50,4,1,1,5,4,5,13,1,1,9,5,5,2,12,2,46,2,8,6,1,7,10,1,10,1,14,100,1,21,121.5073751,25.0334473
114,04,21,07,55,2,07信義區,信義區永吉路181-2號,0,0,2,1,A02,7,7,5,50,14,9,1,5,4,5,13,4,4,1,4,5,2,12,1,62,3,10,7,1,7,9,1,2,2,2,44,1,21,121.5718934,25.0456743
114,04,21,07,59,2,09北投區,北投區天母西路與天母西路117巷口口,0,0,1,1,B03,8,6,5,50,3,1,1,5,4,5,13,1,1,10,5,5,2,16,1,35,3,10,7,1,7,5,1,8,1,6,8,1,21,121.5231721,25.1188545
114,04,21,08,00,2,08士林區,士林區士商路與基河路396巷口,0,0,2,1,C03,7,6,5,50,3,1,1,5,4,5,13,2,1,5,4,5,2,17,1,19,2,9,3,4,7,5,1,10,2,11,71,1,21,121.5167297,25.0947997
114,04,21,08,03,2,06松山區,松山區八德路4段與松山路口,0,0,1,1,B01,8,6,5,50,4,1,1,5,4,5,13,2,1,3,4,5,2,17,1,53,3,10,3,4,7,5,1,4,2,6,8,1,22,121.5776783,25.0500609
114,04,21,08,07,2,04大安區,往北近基隆路三段155巷,0,0,1,1,C03,8,6,5,50,14,9,1,5,4,5,13,4,4,1,3,4,2,13,1,43,2,9,6,1,7,9,1,10,1,11,16,1,21,121.5423116,25.0153815
114,04,21,08,19,2,07信義區,信義區信安街67巷81號,0,0,1,1,B03,8,6,5,50,14,8,1,5,4,5,13,4,4,9,5,4,2,17,1,72,3,10,7,1,7,5,1,8,1,17,80,1,21,121.5602347,25.0258935
114,04,21,08,20,2,10文山區,文山區一壽街20巷與一壽街20巷口,0,0,1,1,B03,7,5,5,30,3,2,1,5,4,5,13,4,4,10,5,5,2,16,1,31,3,10,7,1,7,5,1,8,1,1,118,1,21,121.5558616,24.9797619
114,04,21,08,28,2,10文山區,文山區景華街與景華街49巷口,0,0,1,1,C03,7,6,5,50,3,2,1,5,4,5,13,4,4,9,5,5,2,13,2,30,2,8,6,1,7,9,1,10,1,11,16,1,21,121.5430137,24.9950485
114,04,21,08,30,2,12內湖區,內湖區新明路298巷12號,0,0,1,1,C03,8,6,5,50,14,9,1,5,4,5,13,4,4,5,4,5,2,17,1,26,2,8,6,1,7,8,1,10,1,14,100,1,21,121.5819975,25.05631
114,04,21,08,39,2,12內湖區,內湖區堤頂大道2段407巷32號附近側附近,0,0,1,1,B03,7,7,5,50,14,9,1,5,4,5,13,4,4,4,5,5,1,17,1,54,3,10,7,1,7,14,1,8,1,17,99,1,21,121.5643006,25.0814041
114,04,21,09,21,2,03中山區,中山區民權東路2段76號,0,0,1,1,B03,7,6,5,50,14,9,1,5,4,5,13,4,4,8,3,5,1,17,4,0,,,,,,,,,11,,119,2,,121.5311881,25.062483
114,04,21,09,30,2,04大安區,大安區永康街31巷10號,0,0,1,1,B01,8,6,5,30,14,9,1,5,4,5,13,4,4,10,5,5,2,8,1,52,3,10,7,1,7,9,1,4,1,2,108,1,21,121.5299309,25.0313859
114,04,21,09,46,2,07信義區,信義區松壽路2號,0,0,1,1,B03,7,7,5,50,14,9,1,5,4,5,13,4,4,9,4,5,2,16,2,39,3,10,7,1,7,5,1,8,2,2,8,1,21,121.5630437,25.0359794
114,04,21,10,04,2,04大安區,大安區和平東路2段與新生南路2段口,0,0,1,1,B03,8,6,5,50,4,2,1,5,4,5,13,1,1,1,2,5,2,13,1,53,3,10,7,1,7,15,1,8,1,1,108,1,21,121.53484,25.0263689
114,04,21,10,08,2,03中山區,中山區林森北路107巷30號,0,0,1,1,C03,8,6,5,30,14,9,1,5,4,5,13,4,4,10,5,5,2,29,2,39,2,9,6,1,7,9,1,10,1,14,108,1,21,121.5263775,25.04997391
114,04,21,10,12,2,09北投區,北投區公館路與公館路340巷口,0,0,1,1,C03,7,6,5,40,5,1,1,5,4,5,13,3,1,5,5,5,2,11,1,21,2,9,5,1,7,4,1,10,2,14,99,1,21,121.5051371,25.1236023
114,04,21,10,17,2,07信義區,信義區信安街與信安街115巷口,0,0,2,1,B03,8,7,5,50,3,1,1,5,4,5,13,4,4,9,4,5,2,17,2,30,2,2,7,1,7,11,1,8,1,4,10,1,21,121.5561169,25.02476719
114,04,21,10,31,2,02萬華區,萬華區萬大路與萬大路408巷口,0,0,1,1,H04,8,6,5,50,3,2,2,5,4,5,13,4,4,1,4,5,2,3,1,79,4,11,4,5,8,20,8,20,11,16,60,2,21,121.4980011,25.02076721
114,04,21,11,15,2,04大安區,大安區仁愛路4段與大安路1段口,0,0,1,1,C03,8,6,5,50,4,2,1,5,4,5,13,2,1,10,4,5,1,13,1,76,2,9,5,4,7,9,1,10,1,11,16,1,21,121.5463396,25.0380746
114,04,21,11,24,2,10文山區,文山區試院路與試院路144巷口,0,0,1,1,B03,8,6,5,30,5,1,1,5,4,5,13,4,4,10,5,5,2,10,2,18,3,10,3,4,7,1,1,8,2,5,19,1,25,121.547313,24.9900181
114,04,21,11,51,2,02萬華區,萬華區長沙街2段與雅江街口,0,0,2,1,C03,8,6,5,50,3,1,1,5,4,5,13,4,4,9,5,5,2,13,1,48,2,9,5,1,7,9,1,10,1,11,108,1,22,121.5012078,25.0407498
114,04,21,11,59,2,05中正區,中正區中山南路與信義路1段口,0,0,1,1,B03,8,5,5,50,4,1,1,5,4,5,13,1,1,5,4,5,2,17,1,73,3,10,7,1,7,7,1,8,2,5,100,1,21,121.5180453,25.0387945
114,04,21,12,25,2,07信義區,信義區福德街251巷與福德街口,0,0,1,1,B01,8,7,5,50,4,2,1,5,4,5,13,1,1,9,4,5,2,9,1,51,3,10,7,1,7,1,1,4,2,2,44,1,21,121.5859315,25.0387929
114,04,21,12,48,2,05中正區,中正區公園路15-1號,0,0,1,1,B01,8,6,5,50,14,9,1,5,4,5,13,4,4,5,2,5,2,17,1,62,3,10,7,1,7,14,1,4,2,2,38,1,22,121.517061,25.044704
114,04,21,12,58,2,12內湖區,內湖區洲子街89號,0,0,1,1,B03,8,5,5,50,14,9,1,5,4,5,13,4,4,9,5,5,2,17,1,54,3,10,3,4,7,15,1,8,1,4,40,1,21,121.5708398,25.0801299
114,04,21,13,00,2,09北投區,北投區西安街1段與西安街1段281巷口,0,0,1,1,B03,8,6,5,30,14,9,1,5,4,5,13,4,4,10,5,5,2,17,1,54,3,10,7,1,7,14,1,8,2,4,40,1,21,121.51672,25.1118756
114,04,21,13,15,2,09北投區,北投區大度路3段與關渡路口,0,0,1,1,A11,8,7,5,50,3,2,1,5,4,5,13,4,4,3,4,5,2,16,1,49,3,10,3,4,7,9,1,3,2,6,17,1,26,121.4691522,25.1229288
114,04,21,14,00,2,03中山區,中山區市民高架道往西（中山北路上方）,0,0,1,1,B12,7,7,5,60,14,9,1,5,4,5,13,4,4,1,4,5,2,13,1,55,3,10,7,1,7,9,1,6,1,1,44,1,21,121.520741,25.04821247
114,04,21,14,14,2,02萬華區,萬華區西藏路與中華路2段300巷13弄口,0,0,1,1,B13,7,6,5,30,3,1,1,5,4,5,13,4,4,1,4,5,2,17,1,27,3,10,7,1,7,2,1,8,1,3,44,1,21,121.5035965,25.0298151
114,04,21,14,18,2,07信義區,信義區虎林街82巷11-1號,0,0,1,1,C03,7,6,5,30,14,9,1,5,4,5,13,4,4,9,5,5,2,17,2,23,2,8,6,1,7,5,1,10,1,11,8,1,22,121.5766399,25.0432993
114,04,21,14,45,2,08士林區,士林區通河西街2段與堤外便道口越堤道,0,0,1,1,B03,8,6,5,30,3,1,1,5,4,5,13,4,4,10,5,5,2,17,1,57,3,10,3,4,7,9,1,8,2,1,72,1,21,121.5129536,25.09119448
114,04,21,15,12,2,11南港區,南港區福德街411號,0,0,1,1,C03,7,6,5,50,14,12,1,5,4,5,13,4,4,4,3,4,2,17,1,39,3,10,3,4,7,8,1,10,2,17,80,1,21,121.5917539,25.0407974
114,04,21,15,40,2,06松山區,松山區敦化北路與南京東路3段口,0,0,1,1,A04,7,6,5,40,4,2,1,5,4,5,13,2,1,1,2,1,2,9,1,44,3,10,7,1,7,12,1,2,11,17,42,1,22,121.5489029,25.0518941
114,04,21,16,10,2,07信義區,信義區松仁路與莊敬路423巷8弄口,0,0,1,1,B03,7,7,5,50,4,1,1,5,4,5,13,1,1,9,4,5,2,13,1,54,3,10,3,4,7,9,1,8,2,1,108,1,21,121.5683139,25.0285424
114,04,21,16,32,2,04大安區,大安區大安路2段與信義路4段口,0,0,1,1,A02,8,6,5,50,4,2,1,5,4,5,13,2,1,1,4,5,2,9,1,58,3,10,7,1,7,9,1,2,1,17,44,1,21,121.5458999,25.0333229
114,04,21,17,07,2,09北投區,北投區育仁路113號,0,0,1,1,H01,7,6,5,30,11,9,1,5,4,5,13,4,4,9,5,5,2,3,1,9,2,1,4,5,8,20,8,20,10,16,54,1,14,121.4999264,25.1353255
114,04,21,17,21,2,03中山區,中山區建國北路3段與農安街口,0,0,1,1,B03,7,6,5,50,4,2,1,5,4,5,13,2,1,1,5,5,2,16,2,34,3,10,7,1,7,6,1,8,1,2,98,1,22,121.5364123,25.0648246
114,04,21,17,55,2,10文山區,文山區福和河濱公園自行車道(近福和壘球場),0,0,2,1,H01,8,6,7,0,22,23,1,5,4,5,13,4,4,5,5,5,1,3,2,42,2,9,4,5,8,16,8,20,10,16,121,1,21,121.5352682,25.0024395
114,04,21,18,00,2,03中山區,中山區北安路458巷41弄與北安路口,0,0,1,1,B03,7,5,5,50,4,1,1,5,4,5,13,1,1,9,4,5,2,16,1,49,3,10,3,4,7,5,1,8,2,2,42,1,22,121.5469024,25.08013197
114,04,21,18,00,2,07信義區,信義區忠孝東路4段550號,0,0,1,1,C03,8,5,5,50,14,9,1,5,4,5,13,4,4,1,4,5,2,17,1,55,2,8,6,1,7,9,1,10,1,12,108,1,22,121.5629683,25.0410811
114,04,21,18,18,2,08士林區,士林區延平北路5段146號,0,0,2,1,B01,7,5,5,50,14,9,1,5,4,5,13,4,4,1,4,5,2,17,1,66,3,10,7,1,7,9,1,4,1,5,44,1,21,121.510337,25.0823365
114,04,21,18,26,2,06松山區,松山區市民大道5段99號,0,0,1,1,B03,7,5,5,40,14,9,1,5,4,5,13,4,4,1,3,5,2,12,1,32,3,10,3,4,7,7,1,8,1,6,100,1,21,121.5621607,25.0470516
114,04,21,18,36,2,01大同區,大同區重慶北路3段與民權西路口,0,0,3,1,C03,7,5,5,50,4,2,1,5,4,5,13,2,1,1,4,5,2,17,1,33,2,9,5,4,7,9,1,10,2,11,108,1,21,121.5134068,25.0637673
114,04,21,18,37,2,06松山區,松山區塔悠路118號,0,0,1,1,A02,7,5,5,40,14,8,1,5,4,5,13,4,4,1,4,4,2,12,1,41,3,10,7,1,7,1,1,2,1,17,19,1,21,121.5694774,25.0558428
114,04,21,18,41,2,02萬華區,萬華區貴陽街2段與西寧南路口,0,0,1,1,B01,7,5,5,50,4,2,1,5,4,5,13,2,1,7,4,5,2,9,1,58,3,10,7,1,7,5,1,4,2,1,70,1,21,121.5062743,25.039428
114,04,21,19,09,2,03中山區,中山區北安路554巷21號,0,0,1,1,,8,5,5,50,14,9,1,5,4,5,13,4,4,4,5,5,2,17,4,0,4,11,3,4,7,9,7,19,11,15,119,2,21,121.549079,25.0800917
114,04,21,19,38,2,08士林區,士林區通河西街1段與堤外便道口與越堤道,0,0,1,1,B03,7,5,5,50,3,1,1,5,4,5,13,4,4,8,5,5,1,17,1,29,3,10,7,1,7,5,1,8,1,1,72,1,21,121.5126475,25.0858872
114,04,21,21,34,2,05中正區,中正區羅斯福路2段與和平西路1段口,0,0,1,1,C03,7,5,5,50,4,2,1,5,4,5,13,2,1,2,4,5,2,13,1,21,2,9,6,1,7,9,1,9,2,11,16,1,22,121.522404,25.0269753
114,04,21,22,43,2,05中正區,中正區和平西路2段與南海路口,0,0,1,1,F01,8,5,5,50,5,1,1,5,4,5,13,2,1,3,4,5,2,17,1,37,2,9,4,1,7,9,8,20,7,12,21,1,21,121.5091025,25.0306555
114,04,22,01,15,2,02萬華區,萬華區華中橋往臺北市機車道(華中068標牌),0,0,2,1,C03,8,5,5,40,8,11,1,5,4,5,13,4,4,1,5,1,2,13,1,18,2,9,6,1,7,8,1,10,1,11,100,1,26,121.4954848,25.01040793
114,04,22,02,50,2,03中山區,中山區民族東路410巷與民族東路410巷23弄口,0,0,1,1,B12,8,5,5,30,4,1,1,5,4,5,13,4,4,5,2,5,2,16,1,19,3,10,7,1,7,9,1,7,1,4,72,1,21,121.5383606,25.0668224
114,04,22,05,28,2,02萬華區,萬華區萬大路485號,0,0,1,1,C03,8,5,5,30,14,9,1,2,4,5,13,4,4,1,4,5,2,17,1,64,2,9,5,1,7,9,1,10,1,12,44,1,21,121.4978824,25.0202107
114,04,22,06,40,2,09北投區,北投區承德路7段與承德路7段32巷口,0,0,2,1,C02,8,7,5,60,3,1,1,5,4,5,13,4,4,1,4,5,2,16,1,36,3,10,5,1,7,6,1,9,2,13,9,1,22,121.5111527,25.1110142
114,04,22,07,13,2,10文山區,文山區羅斯福路5段165號,0,0,1,1,C03,8,6,5,50,14,9,1,5,4,5,13,4,4,1,4,5,2,12,2,66,2,9,6,1,7,7,1,10,2,14,100,1,21,121.5387082,25.00327696
114,04,22,07,30,2,03中山區,中山區松江路與德惠街口,0,0,1,1,B03,8,7,5,50,4,1,1,5,4,5,13,1,1,1,4,5,2,3,2,35,3,10,7,1,7,5,1,8,2,4,70,1,21,121.5333716,25.0666593
114,04,22,07,42,2,11南港區,南港區研究院路1段與忠孝東路7段口,0,0,1,1,B03,8,7,5,50,14,9,1,5,4,5,13,4,4,1,4,5,2,13,1,26,3,10,7,1,7,9,1,8,1,1,108,1,21,121.6162881,25.0534498
114,04,22,07,46,2,11南港區,南港區市民大道7段與忠孝東路6段269巷口,0,0,1,1,C03,8,6,5,50,14,9,1,5,4,5,13,2,1,2,4,5,2,13,1,57,2,3,5,4,7,9,1,10,1,11,16,1,22,121.5896343,25.0505993
114,04,22,07,47,2,09北投區,北投區承德路7段與承德路7段164巷口,0,0,2,1,C03,7,6,5,60,14,9,1,5,4,5,13,4,4,9,4,4,2,13,1,25,2,7,5,1,7,9,1,10,2,11,16,1,21,121.5087022,25.11315737
114,04,22,07,48,2,07信義區,信義區松高路府前廣場地下停車場對面,0,0,1,1,B03,7,6,5,50,14,9,1,5,4,5,13,4,4,5,4,5,2,16,2,63,3,10,7,1,7,6,1,8,1,2,9,1,21,121.5625553,25.0392458
114,04,22,08,06,2,03中山區,中山區松江路與長春路口,0,0,1,1,C04,8,7,5,50,4,2,1,5,4,5,13,1,1,1,4,5,2,16,2,29,2,9,5,1,7,10,1,8,2,12,100,1,22,121.5329525,25.054957
114,04,22,08,20,2,06松山區,松山區長安東路2段與南京東路3段256巷口,0,0,1,1,B01,8,6,5,50,3,1,1,5,4,5,13,4,4,5,4,5,2,12,1,67,3,10,7,1,7,7,1,4,1,7,100,1,22,121.5444514,25.0482772
114,04,22,08,24,2,09北投區,北投區明德路與建民路口,0,0,1,1,F01,8,7,5,50,4,2,1,5,4,5,13,4,4,9,5,5,2,17,1,23,2,8,4,1,7,9,8,20,1,12,42,1,22,121.5211828,25.1114033
114,04,22,08,27,2,01大同區,大同區延平北路3段11號對面,0,0,2,1,C03,8,6,5,50,14,9,1,5,4,5,13,4,4,5,2,5,2,17,1,35,2,7,5,1,7,8,1,10,1,11,100,1,21,121.5111798,25.06357833
114,04,22,08,34,2,01大同區,大同區五原路與民生西路178巷口,0,0,1,1,C03,8,5,5,50,4,1,1,5,4,5,13,4,4,5,5,5,2,15,2,25,2,8,5,1,7,9,1,10,1,11,72,1,21,121.517929,25.05717468
114,04,22,08,36,2,06松山區,松山區富錦街與撫遠街口,0,0,2,1,C03,8,6,8,50,4,1,1,5,4,5,13,2,1,3,4,5,2,17,2,45,2,9,6,4,7,5,1,10,2,11,71,1,22,121.566396,25.0617747
114,04,22,08,45,2,10文山區,文山區溪洲街82巷(P301柱旁),0,0,1,1,C03,8,6,5,30,11,9,1,5,4,5,13,4,4,9,5,5,2,10,1,30,2,9,6,1,7,9,1,10,2,11,4,1,21,121.5183568,25.04847309
114,04,22,08,48,2,05中正區,中正區羅斯福路3段62號與浦城街口,0,0,1,1,C03,8,7,5,50,3,2,1,5,4,5,13,1,1,1,4,5,2,13,1,18,2,9,5,4,7,15,3,18,1,11,42,1,21,121.5261093,25.0223376
114,04,22,08,53,2,07信義區,信義區林口街與林口街38巷口,0,0,2,1,C03,8,6,5,30,4,1,1,5,4,5,13,4,4,9,5,4,2,15,1,54,2,9,5,1,7,9,6,10,1,14,72,1,21,121.5793725,25.0379052
114,04,22,09,00,2,04大安區,大安區和平東路2段110號,0,0,1,1,B03,8,6,5,50,14,9,1,5,4,5,13,4,4,1,4,4,2,17,2,54,3,10,7,1,7,7,1,8,9,5,100,2,21,121.5423407,25.024971
114,04,22,09,10,2,11南港區,南港區玉成街225巷14號,0,0,1,1,B03,8,6,5,30,14,9,1,5,4,5,13,4,4,10,5,5,2,2,1,34,3,10,3,4,7,9,1,8,2,5,108,1,22,121.5860085,25.0439149
114,04,22,09,22,2,04大安區,大安區辛亥路1段143號(迴轉道),0,0,1,1,B03,8,5,5,30,11,6,1,5,4,5,13,4,4,8,3,5,1,16,1,62,3,10,7,1,7,9,1,8,1,4,44,1,21,121.5334556,25.0223722
114,04,22,10,03,2,04大安區,大安區和平東路2段與和平東路2段36巷口,0,0,1,1,C03,8,5,5,30,3,2,1,5,4,5,13,4,4,10,5,5,2,17,1,75,2,9,3,4,7,15,1,10,1,14,72,1,21,121.5371491,25.0256235
114,04,22,10,11,2,05中正區,中正區中華路2段與中華路2段307巷口,0,0,2,1,C03,8,7,5,40,4,1,1,5,4,5,13,1,1,5,4,4,2,16,1,36,2,9,5,4,7,6,1,10,2,13,9,1,21,121.505343,25.0286932
114,04,22,10,31,2,05中正區,中正區汀州路1段與西藏路口,0,0,2,1,C03,8,6,5,50,4,2,1,5,4,5,13,1,1,3,4,5,2,17,1,67,2,9,6,1,7,1,1,10,2,14,118,1,21,121.5073256,25.0307046
114,04,22,10,37,2,04大安區,大安區無名巷與延吉街口廢鐵道,0,0,1,1,B03,8,6,5,30,4,1,1,5,4,5,13,4,4,10,5,5,1,16,1,44,3,10,3,4,7,5,1,8,1,1,72,1,21,121.5546632,25.0437237
114,04,22,10,42,2,05中正區,中正區貴陽街1段與重慶南路1段口,0,0,2,1,C03,8,5,5,50,4,1,1,5,4,5,13,2,1,9,4,5,2,16,2,49,2,9,5,1,7,11,3,18,2,14,10,1,21,121.512811,25.0388271
114,04,22,11,03,2,09北投區,北投區西安街2段2510175號燈桿,0,0,2,1,C03,8,7,5,50,14,9,1,5,4,5,13,4,4,10,1,5,2,16,1,68,2,9,5,1,7,10,6,10,2,14,100,1,22,121.5117274,25.119232
114,04,22,11,08,2,12內湖區,內湖區環山路2段77巷與環山路2段53巷6弄口,0,0,1,1,C03,8,7,5,30,4,1,1,5,4,5,13,4,4,10,5,5,2,16,1,26,2,9,5,1,7,9,1,10,1,11,72,1,21,121.5745601,25.0845249
114,04,22,11,15,2,12內湖區,內湖區民權東路6段與成功路2段口,0,0,1,1,C03,8,7,5,50,4,1,1,5,4,5,13,2,1,1,2,5,2,17,2,38,2,7,5,1,7,9,1,10,1,11,44,1,21,121.5907314,25.0690518
114,04,22,11,32,2,04大安區,大安區新生南路3段70巷與新生南路3段口,0,0,1,1,C03,8,7,5,20,3,2,1,5,4,5,13,4,4,1,4,5,2,17,1,22,2,7,3,4,7,6,1,10,1,14,72,1,21,121.5337824,25.0195362
114,04,22,11,58,2,03中山區,中山區德惠街12號,0,0,1,1,B01,8,6,5,50,14,9,1,5,4,5,13,4,4,9,5,5,2,12,1,43,3,10,3,4,7,1,1,4,1,8,19,1,22,121.5238291,25.0666939
114,04,22,12,34,2,02萬華區,萬華區西寧南路與成都路口,0,0,2,1,B01,8,6,5,50,4,1,1,5,4,5,13,2,1,10,4,5,2,12,1,41,2,2,3,4,7,9,1,4,1,4,44,1,21,121.5059508,25.0426883
114,04,22,12,35,2,08士林區,士林區至善路1段與福林路口,0,0,1,1,C03,8,6,5,50,3,1,1,5,4,5,13,1,1,1,4,5,2,20,2,20,2,9,3,4,7,5,1,10,1,15,44,1,21,121.519593,25.09628015
114,04,22,12,41,2,01大同區,大同區民生西路與太原路口,0,0,2,1,C03,8,7,5,50,4,2,1,5,4,5,13,4,4,5,4,5,2,16,1,52,3,10,3,4,7,8,3,18,11,12,100,1,21,121.5171892,25.0571659
114,04,22,12,48,2,03中山區,中山區中原街與吉林路144巷口,0,0,1,1,B03,8,6,5,50,4,1,1,5,4,5,13,1,1,5,5,5,2,16,1,34,3,10,3,4,7,5,1,8,1,8,74,1,22,121.5288655,25.0560672
114,04,22,13,14,2,05中正區,中正區新生南路1段與新生南路1段170巷口,0,0,2,1,C03,8,6,5,50,3,2,1,5,4,5,13,4,4,1,3,5,2,12,2,67,2,9,6,1,7,9,6,10,2,12,108,1,21,121.5325592,25.03428047
114,04,22,13,20,2,04大安區,大安區基隆路2段與和平東路3段口,0,0,1,1,B03,8,7,5,50,5,1,1,5,4,5,13,2,2,1,4,4,2,17,2,28,3,10,3,4,7,6,1,8,1,6,9,1,21,121.5527457,25.0246685
114,04,22,13,20,2,09北投區,北投區東華街1段400巷與西安街1段口,0,0,1,1,B01,8,6,5,50,4,1,1,5,4,5,13,2,1,1,4,5,2,3,1,66,3,10,7,1,7,5,1,4,1,1,70,1,21,121.5180917,25.1103817
114,04,22,13,38,2,01大同區,大同區昌吉街與昌吉街132巷口,0,0,3,1,C03,8,6,5,30,4,1,1,5,4,5,13,4,4,10,4,5,2,17,1,75,2,7,6,4,7,9,1,10,1,12,72,1,21,121.5142377,25.0659616
114,04,22,13,38,2,03中山區,中山區南京東路2段與新生北路2段口口,0,0,1,1,B03,8,7,5,50,4,1,1,5,4,5,13,1,1,1,5,4,2,17,2,39,3,10,3,4,7,6,1,8,1,5,9,1,26,121.5278859,25.0522062
114,04,22,13,51,2,05中正區,中正區牯嶺街與廈門街口,0,0,1,1,B01,8,6,5,50,3,1,1,5,4,5,13,1,1,5,4,5,2,16,1,56,3,10,7,1,7,5,1,8,1,1,71,1,21,121.518294,25.0274664
114,04,22,14,24,2,07信義區,信義區市民大道6段與中坡北路口,0,0,3,1,C03,8,6,5,40,4,4,1,5,4,5,13,1,1,1,3,5,2,9,2,17,2,9,6,1,7,9,2,18,1,11,14,1,21,121.579763,25.0489123
114,04,22,14,26,2,08士林區,士林區至善路2段321號對面,0,0,1,1,C03,8,6,5,50,14,9,1,5,4,5,13,2,1,3,3,5,2,13,1,53,2,1,6,1,7,7,1,10,1,13,100,1,21,121.5523775,25.1015335
114,04,22,14,47,2,01大同區,大同區延平北路3段與昌吉街口口,0,0,2,1,C03,8,6,5,50,4,1,1,5,4,5,13,2,1,5,5,5,2,16,1,58,2,9,6,1,7,6,1,10,2,12,9,1,21,121.511083,25.0658465
114,04,22,14,52,2,02萬華區,萬華區萬大路277巷與萬大路277巷44弄口,0,0,1,1,C03,8,7,5,30,4,2,1,5,4,5,13,4,4,10,5,5,2,11,1,24,2,8,5,1,7,9,1,10,1,11,44,1,21,121.5024248,25.0254103
114,04,22,15,10,2,06松山區,松山區南京東路4段179巷15弄與南京東路4段179巷口,0,0,1,1,C04,8,7,5,30,3,1,5,5,4,5,13,4,4,10,5,5,2,15,2,63,2,8,5,1,7,15,1,10,1,11,72,1,26,121.5564098,25.0526235
114,04,22,15,17,2,07信義區,信義區忠孝東路5段與基隆路1段口,0,0,1,1,C03,8,6,8,40,4,2,1,5,4,5,13,2,1,3,4,5,2,12,1,23,3,10,6,1,7,9,1,9,1,14,102,1,22,121.5645227,25.0410336
114,04,22,15,24,2,03中山區,中山區市民大道3段與復興南路1段口,0,0,1,1,C03,8,7,5,40,4,1,1,5,4,5,13,2,1,9,4,5,2,17,1,50,2,9,5,1,7,9,1,10,1,11,44,1,21,121.5437342,25.0449154