發生年度,發生月,發生日,發生時-Hours,發生分,處理別-編號,區序,肇事地點,死亡人數,2-30日死亡人數,受傷人數,當事人序號,車種,天候,光線,道路類別,速限-速度限制,道路型態,事故位置,路面狀況1,路面狀況2,路面狀況3,道路障礙1,道路障礙2,號誌1,號誌2,車道劃分-分向,車道劃分-分道1,車道劃分-分道2,車道劃分-分道3,事故類型及型態,性別,年齡,受傷程度,主要傷處,保護裝置,行動電話,車輛用途,當事者行動狀態,駕駛資格情形,駕駛執照種類,飲酒情形,車輛撞擊部位1,肇因碼-個別,個人肇逃否,職業,座標-X,座標-Y
114,04,24,08,23,2,05中正區,中正區福州街16號,0,0,1,1,B03,7,7,5,50,14,9,1,5,4,5,13,4,4,9,5,5,2,16,1,35,3,10,7,1,7,6,1,8,1,2,9,1,22,121.5182958,25.0285907
114,04,24,08,34,2,06松山區,松山區民權東路3段162號,0,0,1,1,B03,7,6,5,50,14,9,1,5,4,5,13,4,4,3,4,5,2,12,1,48,3,10,7,1,7,8,1,8,1,7,100,1,21,121.5480935,25.0619406
114,04,24,08,39,2,01大同區,大同區南京西路與西寧北路口,0,0,1,1,C03,7,6,5,50,4,1,1,5,4,5,13,3,2,5,5,5,2,17,1,22,2,9,6,4,7,9,1,10,1,14,42,1,22,121.5086553,25.0533685
114,04,24,08,40,2,04大安區,大安區市民高架道與市民高架道口(西往東)建國南路上方,0,0,1,1,B03,7,5,5,80,10,9,1,5,4,5,13,4,4,8,3,5,1,20,1,30,2,7,7,1,7,9,1,8,2,8,108,1,21,121.5183568,25.04847309
114,04,24,08,55,2,03中山區,中山區長安東路2段與長安東路2段35巷口,0,0,1,1,B03,7,7,5,50,4,2,1,5,4,5,13,1,1,9,4,5,2,12,1,64,3,10,7,1,7,9,1,10,1,2,44,1,21,121.5316056,25.0485017
114,04,24,09,00,2,12內湖區,內湖區文德路66巷11弄與文德路66巷口,0,0,1,1,F01,6,6,5,30,4,1,1,4,4,5,13,4,4,10,5,5,2,17,1,67,2,9,4,1,7,6,8,20,2,12,42,1,21,121.5819224,25.0777376
114,04,24,09,04,2,11南港區,南港區忠孝東路7段547號,0,0,1,1,B03,7,7,5,40,14,8,1,5,4,5,13,4,4,1,3,4,2,12,2,70,3,10,7,1,7,1,1,6,1,4,19,1,21,121.613258,25.0529166
114,04,24,09,17,2,06松山區,松山區八德路4段245巷與八德路4段181巷17弄口,0,0,2,1,C03,7,7,5,30,4,1,1,5,4,5,13,4,4,10,5,5,2,15,1,32,2,8,5,1,7,9,1,10,1,11,75,1,22,121.5645357,25.049983
114,04,24,09,40,2,09北投區,北投區承德路7段與立農街1段口,0,0,1,1,C03,7,7,5,60,3,2,1,5,4,5,13,4,4,1,4,5,2,13,2,31,2,9,5,1,7,9,1,10,2,11,108,1,22,121.5027551,25.1186131
114,04,24,09,40,2,12內湖區,內湖區環山路2段153號,0,0,2,1,C03,8,5,5,50,14,7,1,5,4,5,13,4,4,9,4,4,2,10,2,28,2,9,3,4,7,9,1,10,1,11,42,1,22,121.5774346,25.0838155
114,04,24,09,50,2,03中山區,中山區北安路與劍南路口,0,0,2,1,C03,6,7,5,50,3,1,1,4,4,5,13,1,1,1,4,5,2,16,1,27,2,9,5,1,7,8,1,10,1,14,100,1,22,121.5542043,25.0852361
114,04,24,10,07,2,05中正區,中正區襄陽路與南陽街口,0,0,3,1,C04,6,5,5,50,14,9,1,4,4,5,13,4,4,9,5,5,2,9,1,35,2,7,6,1,7,8,1,21,1,11,70,1,21,121.5160337,25.04337569
114,04,24,10,22,2,02萬華區,萬華區西寧南路70號,0,0,1,1,C03,6,6,5,50,14,9,1,4,4,5,13,4,4,10,4,5,2,17,1,48,3,10,6,1,7,1,1,10,1,17,19,1,21,121.5060833,25.0433537
114,04,24,10,23,2,05中正區,中正區忠孝東路2段與八德路1段口,0,0,1,1,C03,7,5,5,50,5,1,1,5,4,5,13,2,1,1,4,5,2,13,2,53,2,9,5,1,7,8,1,10,1,13,100,1,21,121.5289974,25.04330549
114,04,24,11,03,2,05中正區,中正區公園路與凱達格蘭大道口,0,0,2,1,B01,6,5,5,50,4,1,1,4,4,5,13,1,1,4,4,5,1,17,1,59,3,10,7,1,7,5,1,4,1,2,71,1,21,121.5156466,25.0396795
114,04,24,11,04,2,07信義區,信義區市府路1號,0,0,1,1,C03,6,7,5,50,14,9,1,4,4,5,13,2,1,5,4,5,2,18,2,61,2,9,5,4,7,9,1,10,1,14,42,1,21,121.5636939,25.0374533
114,04,24,11,08,2,07信義區,信義區忠孝東路5段與松仁路口,0,0,1,1,C03,6,6,5,50,4,2,1,4,4,5,13,2,1,1,4,5,1,12,2,44,3,10,3,4,7,8,1,10,1,14,100,1,22,121.5678654,25.0409945
114,04,24,11,24,2,02萬華區,萬華區長泰街282巷與長泰街282巷11弄口,0,0,1,1,C03,6,6,5,30,3,2,1,4,4,5,13,4,4,10,5,5,2,17,2,48,2,8,3,4,7,9,3,18,2,12,108,1,22,121.4936299,25.0216873
114,04,24,11,24,2,02萬華區,萬華區光復橋往臺北市(新北003015燈桿),0,0,1,1,C03,6,6,5,50,8,9,1,4,4,5,13,4,4,1,5,5,2,18,1,34,2,9,6,1,7,9,1,10,1,14,116,1,26,121.4920367,25.02539247
114,04,24,11,42,2,05中正區,中正區重慶南路3段與寧波西街口,0,0,1,1,C03,6,6,5,50,4,2,1,4,4,5,13,1,1,1,4,5,2,17,2,47,4,11,3,4,7,6,7,19,11,15,9,2,22,121.5153923,25.0297292
114,04,24,11,46,2,11南港區,南港區南港路3段與南港路3段50巷口口,0,0,1,1,C03,7,7,6,50,3,1,1,4,4,5,13,2,1,5,4,5,1,16,1,37,2,9,5,4,7,9,6,10,1,14,13,1,21,121.5917455,25.0540676
114,04,24,11,51,2,03中山區,中山區長安東路2段與吉林路口,0,0,1,1,B03,6,7,5,50,5,1,1,4,4,5,13,1,1,9,4,5,2,12,1,45,3,10,7,1,7,7,1,8,1,2,100,1,21,121.5299555,25.0485396
114,04,24,11,55,2,06松山區,松山區民生東路5段146號,0,0,1,1,A02,6,7,5,50,14,9,1,4,4,5,13,1,1,1,4,1,2,9,1,38,3,10,7,4,7,9,1,1,1,17,44,1,21,121.5620539,25.058717
114,04,24,12,56,2,06松山區,松山區八德路3段與延吉街口,0,0,1,1,C03,6,6,5,50,4,1,1,4,4,5,13,2,1,9,4,5,2,17,2,26,2,9,6,1,7,5,1,10,1,14,8,1,21,121.5533732,25.0482119
114,04,24,13,30,2,08士林區,士林區至誠路2段與至誠路2段51巷口,0,0,3,1,F01,7,5,5,30,3,1,1,4,4,5,13,4,4,5,5,5,2,15,1,68,2,1,3,1,7,1,8,20,1,12,19,1,21,121.5281752,25.1015561
114,04,24,14,35,2,09北投區,北投區承德路7段401巷,0,0,1,1,C03,6,7,5,30,14,9,1,4,4,5,13,4,4,10,5,5,2,18,2,60,2,9,5,1,7,9,1,10,9,12,42,1,21,121.4881811,25.11667126
114,04,24,14,45,2,03中山區,中山區中山北路1段55號,0,0,2,1,C03,6,5,5,50,14,9,1,4,4,5,13,4,4,9,4,5,2,12,2,59,2,8,6,4,7,9,3,18,2,11,16,1,22,121.521132,25.05017847
114,04,24,15,39,2,02萬華區,萬華區環河南路2段與環河南路2段250巷口,0,0,1,1,B03,6,6,5,50,4,1,1,4,4,5,13,2,1,1,4,5,2,17,1,58,3,10,3,4,7,5,1,8,1,17,71,1,22,121.4920931,25.0329312
114,04,24,15,53,2,02萬華區,萬華區寶興街與東園街140巷口,0,0,1,1,C03,8,6,5,50,4,1,1,4,4,5,13,1,1,9,5,5,2,12,2,41,2,9,6,1,7,15,1,10,2,12,100,1,21,121.4956786,25.0227349
114,04,24,16,00,2,08士林區,士林區天母北路與天母北路9巷口,0,0,1,1,B03,7,7,5,50,3,1,1,5,4,5,13,4,4,9,4,5,1,17,1,51,3,10,7,1,7,5,1,8,2,8,8,1,21,121.5264577,25.1193368
114,04,24,16,20,2,07信義區,信義區松山路與松山路287巷口,0,0,1,1,C03,6,6,5,30,3,1,1,4,4,5,13,4,4,1,3,4,2,16,1,57,2,8,6,1,7,6,1,10,2,11,72,1,21,121.5778426,25.0429017
114,04,24,16,23,2,10文山區,文山區興隆路4段213巷與興隆路4段口,0,0,2,1,C03,6,6,5,30,4,1,1,4,4,5,13,2,1,10,5,1,2,17,1,35,2,8,3,4,7,5,1,10,1,14,8,1,21,121.5623445,24.9826407
114,04,24,16,29,2,01大同區,大同區民權西路與蘭州街口口,0,0,4,1,C03,7,5,5,50,5,1,1,5,4,5,13,2,1,9,4,5,2,13,1,19,2,9,5,1,7,5,1,10,2,13,103,1,22,121.5149454,25.0630617
114,04,24,16,44,2,03中山區,中山區基湖路與基湖路145巷口,0,0,2,1,B03,7,6,5,30,4,1,1,5,4,5,13,4,4,1,4,5,2,15,1,72,3,10,7,1,7,9,1,8,1,5,72,1,22,121.563796,25.0783342
114,04,24,16,50,2,03中山區,中山區新生北路2段與新生北路2段口66號前迴轉道,0,0,1,1,B03,6,7,5,50,3,1,1,4,4,5,13,2,1,1,5,5,2,16,1,40,3,10,7,1,7,5,1,8,1,4,8,1,21,121.5274172,25.05619285
114,04,24,17,21,2,01大同區,大同區迪化街1段306號與迪化街1段312巷口,0,0,1,1,C03,7,6,5,30,3,2,1,5,4,5,13,4,4,10,5,5,2,17,2,20,2,9,6,1,7,9,1,10,2,12,44,1,21,121.5092451,25.061595
114,04,24,17,26,2,08士林區,士林區文林路726號,0,0,1,1,A02,8,5,5,40,14,8,1,5,4,5,13,4,4,1,4,4,2,9,1,57,3,10,3,4,7,15,1,2,9,2,40,2,22,121.5177385,25.08638673
114,04,24,17,35,2,01大同區,大同區歸綏街204號,0,0,1,1,C03,7,6,5,50,14,9,1,5,4,5,13,4,4,5,2,5,2,17,1,36,3,10,5,4,7,1,1,10,1,11,19,1,21,121.5121299,25.0581278
114,04,24,17,52,2,02萬華區,萬華區環河南路2段與環河南路2段250巷口,0,0,1,1,B03,7,5,5,50,5,1,1,5,4,5,13,1,1,3,4,5,2,17,1,33,3,10,7,1,7,5,1,8,2,5,71,1,21,121.4921109,25.0329686
114,04,24,17,55,2,11南港區,南港區忠孝東路6段與忠孝東路6段188巷口,0,0,1,1,C03,7,7,5,30,4,2,1,5,4,5,13,2,1,7,4,4,2,17,1,56,3,10,6,1,7,9,1,10,1,17,33,1,21,121.5866356,25.0486255
114,04,24,18,00,2,04大安區,大安區仁愛路4段與敦化南路1段口,0,0,1,1,B03,8,5,5,50,5,1,1,4,4,5,13,2,1,1,3,5,2,16,1,41,3,10,7,1,7,5,1,8,2,4,8,1,21,121.5479861,25.0377807
114,04,24,18,18,2,03中山區,中山區民生東路2段24號,0,0,1,1,C03,7,5,5,50,14,9,1,5,4,5,13,4,4,5,4,5,2,12,2,30,2,9,6,1,7,9,1,10,1,14,44,1,21,121.5282561,25.05797358
114,04,24,18,30,2,08士林區,士林區雨聲街105號與雨聲街口,0,0,1,1,B03,7,5,5,50,3,1,1,5,4,5,13,4,4,10,5,5,1,16,1,37,3,10,7,1,7,1,1,8,1,4,19,1,21,121.5317165,25.1045558
114,04,24,18,36,2,09北投區,北投區承德路7段與承德路7段143巷口,0,0,1,1,B01,8,5,5,40,3,1,1,5,4,5,13,4,4,1,4,4,2,16,1,55,3,10,7,1,7,6,1,10,1,2,9,1,21,121.5083513,25.11304967
114,04,24,18,53,2,04大安區,大安區和平東路2段128號,0,0,2,1,C03,8,5,5,50,14,9,1,5,4,5,13,2,1,1,4,5,2,12,1,60,2,9,3,4,7,9,1,10,1,12,108,1,21,121.5436617,25.0247932
114,04,24,18,55,2,07信義區,信義區一號道路,0,0,1,1,F01,7,5,8,0,22,20,4,4,4,5,13,4,4,10,5,5,2,18,2,60,2,8,4,1,7,9,8,20,1,14,42,1,21,121.5621027,25.0362274
114,04,24,20,01,2,02萬華區,萬華區萬大路166號,0,0,1,1,A02,7,5,5,30,14,9,4,5,4,5,13,4,4,10,4,5,1,16,1,51,3,10,3,4,7,7,1,2,1,8,44,1,22,121.5004609,25.02861
114,04,24,20,21,2,02萬華區,萬華區桂林路143號,0,0,2,1,C03,7,5,5,40,14,12,1,5,4,5,13,4,4,5,5,4,2,17,2,36,2,9,5,1,7,9,1,10,1,14,44,1,21,121.4982459,25.0385541
114,04,24,20,26,2,03中山區,中山區農安街9號,0,0,2,1,C03,7,5,5,50,14,9,1,5,4,5,13,4,4,9,5,5,2,3,2,40,2,8,3,4,7,9,1,10,2,11,44,1,21,121.5236235,25.06490783
114,04,24,20,50,2,11南港區,南港區南港路3段與南港路3段47巷口,0,0,1,1,C03,7,5,5,50,3,1,1,5,4,5,13,4,4,5,4,5,2,17,1,33,3,10,6,1,7,6,1,10,1,17,73,1,21,121.5901917,25.0534765
114,04,24,21,10,2,03中山區,中山區松江路172號,0,0,1,1,B01,7,5,5,50,14,9,1,5,4,5,13,4,4,10,5,5,2,12,1,52,3,10,7,1,7,6,1,8,1,6,9,1,21,121.5331996,25.05611905
114,04,24,21,40,2,07信義區,信義區忠孝東路5段與松山路口側附近口,0,0,1,1,H01,7,5,5,50,4,18,1,5,4,5,13,2,1,8,3,4,2,3,2,33,2,8,4,5,8,18,8,20,10,16,122,1,21,121.5778613,25.0410474
114,04,24,21,49,2,04大安區,大安區新生南路2段與金華街口,0,0,1,1,B02,6,5,5,50,3,1,1,4,4,5,13,2,1,1,4,5,2,17,1,22,3,10,7,1,7,5,1,8,1,2,44,1,21,121.5335185,25.030614
114,04,24,23,25,2,04大安區,大安區忠孝東路4段與敦化南路1段口,0,0,2,1,C03,6,5,5,50,4,2,1,4,4,5,13,1,1,1,4,5,2,13,2,19,2,9,6,4,7,9,1,10,1,11,108,1,21,121.549392,25.041574
114,04,24,23,35,2,08士林區,士林區大南路251巷與華齡街口,0,0,1,1,C04,7,5,5,30,4,1,1,4,4,5,13,4,4,5,5,5,2,17,2,51,3,10,6,1,7,9,1,10,1,17,72,1,22,121.5196399,25.0876069
114,04,25,02,07,2,07信義區,信義區松仁路121巷,0,0,1,1,C03,6,5,5,30,14,9,1,4,4,5,13,4,4,8,5,5,2,18,2,23,2,9,6,1,7,9,1,10,1,17,44,1,21,121.5688072,25.0348441
114,04,25,06,22,2,06松山區,松山區敦化北路145巷與敦化北路155巷100弄口,0,0,1,1,B03,6,6,5,30,4,1,1,4,4,5,13,4,4,10,5,5,2,15,1,57,3,10,7,1,7,9,1,8,2,5,72,1,22,121.5521662,25.0537617
114,04,25,06,40,2,04大安區,大安區安和路2段與安和路2段171巷口,0,0,1,1,B03,6,6,5,50,4,1,1,4,4,5,13,2,1,9,4,5,1,16,1,61,3,10,3,4,7,5,1,8,1,5,71,1,21,121.5497897,25.0280159
114,04,25,06,56,2,04大安區,大安區復興南路1段與大安路1段116巷口口,0,0,1,1,B03,7,7,5,50,4,1,1,4,4,5,13,2,1,1,4,5,1,17,1,58,4,11,3,4,7,5,1,8,11,17,71,1,21,121.5438402,25.0398556
114,04,25,07,17,2,01大同區,大同區承德路3段336號,0,0,1,1,C03,7,6,5,30,14,9,1,4,4,5,13,4,4,10,4,5,2,12,1,64,2,7,3,4,7,9,3,18,1,14,108,1,21,121.5203814,25.0763437
114,04,25,07,25,2,04大安區,大安區仁愛路3段123巷3弄14號,0,0,1,1,B12,7,5,5,30,14,9,1,5,4,5,13,4,4,10,4,5,1,9,1,52,3,10,7,1,7,2,1,8,9,3,12,1,21,121.5428934,25.0386642
114,04,25,07,44,2,11南港區,南港區同德路87號,0,0,1,1,B03,6,7,5,50,14,9,1,4,4,5,13,4,4,9,4,5,2,16,1,55,3,10,3,4,7,5,1,8,1,1,8,1,21,121.5865292,25.0463153
114,04,25,07,58,2,12內湖區,內湖區成功路2段與成功路2段426巷口口,0,0,2,1,B03,7,7,5,50,4,2,1,4,4,5,13,2,1,1,3,1,1,11,1,53,3,10,7,1,7,9,1,8,1,1,44,1,21,121.5897025,25.0714694
114,04,25,08,20,2,03中山區,中山區新生北路2段與林森北路259巷口,0,0,1,1,B03,6,7,5,50,3,1,1,4,4,5,13,4,4,9,4,5,2,17,2,43,3,10,7,1,7,6,1,8,1,2,9,1,21,121.5272348,25.05456307
114,04,25,08,21,2,07信義區,信義區吳興街361巷8號,0,0,1,1,C03,6,6,5,30,14,9,1,4,4,5,13,4,4,10,5,5,2,9,1,32,2,8,3,4,7,9,1,10,1,14,70,1,21,121.5669155,25.0259783
114,04,25,08,30,2,01大同區,大同區赤峰街與承德路2段53巷口,0,0,3,1,C03,7,6,5,30,4,1,1,4,4,5,13,4,4,10,5,5,2,15,1,28,2,9,3,4,7,9,1,10,1,12,72,1,21,121.5196385,25.0553159
114,04,25,08,31,2,06松山區,松山區市民大道5段與東寧路口,0,0,4,1,B03,6,6,5,40,3,1,1,4,4,5,13,1,1,1,4,5,2,13,1,70,3,10,7,1,7,15,1,8,2,1,38,1,22,121.5631682,25.0474337
114,04,25,08,35,2,05中正區,中正區市民大道2段與林森北路口,0,0,1,1,C03,6,5,5,40,4,1,1,4,4,5,13,2,1,1,4,5,2,17,1,44,3,10,5,1,7,5,1,10,11,17,8,2,21,121.5241925,25.0477253
114,04,25,08,48,2,10文山區,文山區景明街與興隆路1段70巷11弄口,0,0,2,1,C03,8,6,5,30,4,1,1,5,4,5,13,4,4,10,5,5,2,15,1,23,2,9,6,1,7,9,1,10,1,14,72,1,21,121.540929,25.0015392
114,04,25,08,49,2,04大安區,大安區市民大道4段66號與市民大道4段口迴轉道,0,0,2,1,C03,6,5,5,40,3,2,1,4,4,5,13,4,4,1,4,1,2,16,1,50,2,9,6,1,7,5,1,10,1,12,72,1,21,121.5469718,25.044981
114,04,25,08,55,2,01大同區,大同區承德路3段與承德路3段8巷口口,0,0,1,1,B03,6,6,5,50,14,9,1,4,4,5,13,4,4,1,2,5,2,17,1,52,3,10,7,1,7,14,1,7,1,2,38,1,21,121.5181603,25.0635376
114,04,25,09,09,2,06松山區,松山區光復北路與光復北路11巷口,0,0,1,1,B03,6,7,5,50,4,1,1,4,4,5,13,1,1,1,4,5,2,16,1,75,3,10,7,1,7,5,1,8,2,8,71,1,21,121.5579282,25.0491243
114,04,25,09,09,2,11南港區,南港區松河街與南港路3段256巷口,0,0,1,1,C03,6,7,5,40,3,1,1,4,4,5,13,4,4,6,4,5,2,17,1,24,2,9,3,4,7,9,1,10,1,14,13,1,21,121.584667,25.0533021
114,04,25,09,15,2,09北投區,北投區知行路與大度路3段口,0,0,1,1,C03,6,6,5,50,4,2,1,4,4,5,13,1,1,5,4,5,1,16,1,29,3,10,5,1,7,9,1,10,1,12,4,1,21,121.4669346,25.1234371
114,04,25,09,15,2,07信義區,信義區忠孝東路5段790巷與忠孝東路5段790巷20弄口,0,0,2,1,C03,6,6,5,30,4,1,1,4,4,5,13,4,4,10,5,5,2,17,2,26,2,9,3,4,7,9,1,10,1,11,72,1,22,121.5821046,25.0429671
114,04,25,09,55,2,07信義區,信義區松山路127號,0,0,1,1,B01,7,5,5,50,14,9,1,4,4,5,13,4,4,1,4,5,2,17,1,66,3,10,7,1,7,8,1,4,1,6,100,1,21,121.5778736,25.0471279
114,04,25,10,13,2,06松山區,松山區八德路3段與敦化南路1段口,0,0,2,1,C03,6,7,5,50,4,1,1,4,4,5,13,2,1,9,4,4,2,13,1,37,2,9,6,1,7,12,1,10,2,14,42,1,22,121.5491755,25.0479975
114,04,25,10,28,2,01大同區,大同區承德路1段與長安西路口口,0,0,2,1,C04,6,6,5,50,4,1,1,4,4,5,13,2,1,1,2,5,1,16,1,32,2,8,6,1,7,6,1,10,1,12,44,1,21,121.516934,25.0510053
114,04,25,10,37,2,02萬華區,萬華區華中橋機車道往臺北市下橋處,0,0,1,1,C03,6,5,7,40,12,11,1,4,4,5,13,4,4,10,5,5,2,17,1,55,3,10,3,4,7,15,1,10,1,17,38,1,21,121.496686,25.0182086
114,04,25,10,45,2,03中山區,中山區龍江路394巷與五常街53巷口,0,0,1,1,C03,7,7,5,30,4,1,1,4,4,5,13,4,4,9,4,5,2,15,2,31,2,9,5,1,7,9,1,10,1,11,72,1,21,121.5396415,25.0672126
114,04,25,11,09,2,01大同區,大同區承德路3段與敦煌路口,0,0,1,1,B03,6,7,5,40,4,2,1,4,4,5,13,2,1,1,2,5,1,17,1,58,4,11,3,4,7,6,1,8,11,15,82,2,22,121.5200854,25.0753808
114,04,25,11,29,2,08士林區,士林區中山北路5段與文林路口,0,0,1,1,B02,7,6,5,50,4,1,1,4,4,5,13,1,1,1,4,5,1,16,1,27,3,10,3,4,7,6,1,8,1,5,9,1,22,121.5256207,25.0860488
114,04,25,11,35,2,08士林區,士林區福志路27號,0,0,1,1,B03,6,6,5,50,14,9,1,4,4,5,13,4,4,5,5,5,2,12,1,60,3,10,7,1,7,3,1,8,1,4,18,1,21,121.5314549,25.0984432
114,04,25,11,50,2,03中山區,中山區民權東路2段與民權東路2段92巷口,0,0,1,1,C03,7,6,5,50,4,2,1,4,4,5,13,2,2,1,4,5,2,17,1,26,2,9,6,1,7,9,1,10,1,17,13,1,22,121.5316623,25.0624172
114,04,25,12,01,2,08士林區,士林區中正路與承德路4段口,0,0,1,1,C03,6,7,8,30,4,1,1,4,4,5,13,2,1,3,4,5,1,13,4,0,4,11,,,7,21,7,,11,15,119,2,21,121.5164037,25.0908116
114,04,25,12,07,2,04大安區,大安區信義路4段與安和路1段口口,0,0,1,1,B01,6,6,5,50,4,1,1,4,4,5,13,2,1,5,4,5,2,17,1,35,3,10,7,1,7,15,1,4,1,6,100,1,22,121.5522196,25.033295
114,04,25,12,25,2,03中山區,中山區吉林路與長安東路2段口,0,0,1,1,B01,6,7,5,50,4,1,1,4,4,5,13,2,1,5,4,4,2,17,1,57,3,10,3,4,7,5,1,2,1,17,8,1,21,121.5300527,25.04856035
114,04,25,12,27,2,07信義區,信義區永吉路與永吉路326巷口,0,0,1,1,B03,6,7,5,50,4,1,1,4,4,5,13,2,1,1,4,5,2,17,1,77,3,10,7,1,7,5,1,8,2,2,8,1,21,121.5754628,25.0454247
114,04,25,12,28,2,11南港區,南港區昆陽街與昆陽街157巷口口,0,0,1,1,C03,6,6,5,50,3,1,1,4,4,5,13,2,1,5,5,5,2,15,1,56,2,9,5,1,7,15,1,10,1,11,8,1,22,121.5943943,25.0494509
114,04,25,12,29,2,09北投區,北投區中央南路2段72號,0,0,1,1,B12,6,7,5,40,14,9,1,4,4,5,13,4,4,5,5,5,2,10,1,30,3,10,7,1,7,9,1,8,2,8,4,1,21,121.5000898,25.1228663
114,04,25,12,34,2,08士林區,士林區至善路2段與至善路2段口故宮前道路,0,0,1,1,B02,6,6,5,50,3,1,1,4,4,5,13,3,1,1,4,5,2,17,1,20,3,10,3,4,7,5,1,8,2,8,8,1,21,121.5500677,25.1001093
114,04,25,12,55,2,03中山區,中山區中山北路1段53巷與天津街口,0,0,1,1,B03,6,6,5,30,4,1,1,4,4,5,13,3,1,9,5,5,2,15,2,31,3,10,7,1,7,9,1,8,1,8,72,1,22,121.5227218,25.0490935
114,04,25,13,33,2,08士林區,士林區通河西街2段堤外便道（百齡左岸網球場旁）,0,0,1,1,B03,6,6,5,30,14,9,1,4,4,5,13,4,4,7,5,5,2,5,1,20,3,10,3,4,7,9,1,8,1,2,108,1,21,121.5120455,25.089049
114,04,25,13,48,2,01大同區,大同區酒泉街9巷與庫倫街口口,0,0,1,1,B01,6,5,5,50,3,2,1,4,4,5,13,4,4,9,4,5,2,14,1,67,3,10,7,1,7,2,1,4,2,3,12,1,21,121.519722,25.0718332
114,04,25,14,10,2,05中正區,中正區公園路與常德街口,0,0,1,1,B01,6,6,5,50,5,1,1,4,4,5,13,2,1,5,4,5,2,16,1,57,3,10,7,1,7,5,1,4,2,6,8,1,22,121.5160029,25.04127115
114,04,25,14,15,2,12內湖區,內湖區舊宗路1段128號旁,0,0,1,1,B03,6,6,5,50,14,9,1,4,4,5,13,4,4,10,5,5,2,16,1,73,3,10,7,1,7,1,1,10,1,1,19,1,21,121.577309,25.0614483
114,04,25,14,32,2,01大同區,大同區太原路與南京西路口,0,0,1,1,B03,6,6,5,50,5,1,1,4,4,5,13,1,1,1,5,5,2,13,1,42,3,10,7,1,7,1,1,8,1,1,108,1,21,121.5161085,25.0535093
114,04,25,15,14,2,03中山區,中山區市民大道3段3號旁,0,0,1,1,C03,6,6,5,40,14,9,1,4,4,5,13,4,4,1,4,5,2,13,1,79,2,9,5,1,7,9,1,10,1,14,16,1,21,121.531273,25.0460123
114,04,25,15,41,2,08士林區,士林區中山北路5段與福林路口,0,0,1,1,C03,6,7,5,50,4,1,1,4,4,5,13,2,1,1,4,5,1,17,2,48,2,9,5,1,7,5,1,10,1,14,8,1,21,121.5279409,25.09371031
114,04,25,16,02,2,02萬華區,萬華區東園街154巷5號,0,0,1,1,C03,6,7,5,30,14,9,1,4,4,5,13,4,4,10,5,5,2,3,1,48,3,10,5,1,7,9,1,10,9,11,99,1,21,121.4974428,25.0228912
114,04,25,16,28,2,09北投區,北投區石牌路2段與石牌路2段113巷口,0,0,1,1,C03,6,5,5,50,4,4,1,4,4,5,13,1,1,5,4,5,2,13,2,63,2,9,3,4,7,7,1,10,1,13,27,1,21,121.5176501,25.1181778
114,04,25,16,48,2,05中正區,中正區重慶南路1段與武昌街1段口,0,0,1,1,B03,7,6,5,50,4,1,1,4,4,5,13,2,1,10,4,5,2,17,1,26,3,10,7,1,7,8,1,8,1,17,80,1,22,121.5132026,25.04407748
114,04,25,17,00,2,11南港區,南港區三重路與南港路1段口,0,0,1,1,C03,6,7,5,50,4,1,1,4,4,5,13,1,1,1,4,5,2,17,2,71,2,9,3,4,7,5,1,10,1,14,8,1,21,121.6140046,25.0552435
114,04,25,17,04,2,03中山區,中山區松江路與建國北路3段口,0,0,1,1,B11,7,5,5,50,14,9,1,5,4,5,13,2,1,8,3,5,2,2,1,31,4,11,3,4,7,9,7,19,11,2,42,2,21,121.5333465,25.0677556
114,04,25,17,04,2,04大安區,大安區和平東路3段與和平東路3段1巷口,0,0,1,1,B03,7,6,5,50,4,1,1,4,4,5,13,2,1,1,4,5,2,16,1,55,3,10,7,1,7,5,1,8,1,1,8,1,21,121.5467081,25.0247458
114,04,25,17,28,2,08士林區,士林區延平北路7段106巷與延平北路7段106巷327弄口,0,0,1,1,C03,6,5,5,30,3,1,1,4,4,5,13,1,1,5,5,5,1,17,2,54,2,9,5,1,7,8,1,10,1,14,100,1,21,121.4958905,25.1047828
114,04,25,17,31,2,04大安區,大安區師大路58號前,0,0,1,1,B02,6,7,5,30,14,9,1,4,4,5,13,4,4,10,5,5,1,2,1,30,3,10,7,1,7,15,1,8,1,2,40,1,26,121.528256,25.0245222
114,04,25,17,40,2,05中正區,中正區市民大道2段與林森北路口,0,0,1,1,C03,7,7,5,40,4,2,1,5,4,5,13,1,1,1,4,1,2,13,2,21,3,10,5,1,7,9,1,10,1,11,108,1,21,121.5240807,25.04763715
114,04,25,17,45,2,12內湖區,內湖區洲子街18號,0,0,2,1,C03,7,5,5,30,14,9,1,4,4,5,13,4,4,5,4,5,2,12,2,48,2,9,5,1,7,11,1,10,1,14,10,1,21,121.5744635,25.0787434
114,04,25,17,47,2,02萬華區,萬華區民和街與西藏路199巷口,0,0,1,1,C04,6,7,5,30,5,1,1,4,4,5,13,3,1,10,5,5,2,3,1,72,3,10,5,1,7,5,3,18,1,11,70,1,21,121.4997409,25.0262681
114,04,25,18,16,2,02萬華區,萬華區環河南路1段105號,0,0,2,1,C03,7,5,5,50,14,9,1,5,4,5,13,4,4,4,3,5,2,1,1,20,2,9,6,1,7,9,1,10,1,12,108,1,21,121.51995,25.04136583