發生年度,發生月,發生日,發生時-Hours,發生分,處理別-編號,區序,肇事地點,死亡人數,2-30日死亡人數,受傷人數,當事人序號,車種,天候,光線,道路類別,速限-速度限制,道路型態,事故位置,路面狀況1,路面狀況2,路面狀況3,道路障礙1,道路障礙2,號誌1,號誌2,車道劃分-分向,車道劃分-分道1,車道劃分-分道2,車道劃分-分道3,事故類型及型態,性別,年齡,受傷程度,主要傷處,保護裝置,行動電話,車輛用途,當事者行動狀態,駕駛資格情形,駕駛執照種類,飲酒情形,車輛撞擊部位1,肇因碼-個別,個人肇逃否,職業,座標-X,座標-Y
114,04,25,18,20,2,05中正區,中正區重慶南路3段與汀州路2段口,0,0,1,1,B01,6,5,5,50,4,2,1,4,4,5,13,1,1,3,4,5,2,17,1,55,3,10,7,1,7,8,1,2,11,17,100,1,21,121.5163821,25.025961
114,04,25,18,23,2,05中正區,中正區廈門街86號,0,0,1,1,B03,7,5,5,30,14,9,1,4,4,5,13,4,4,9,5,5,2,17,1,48,3,10,7,1,7,1,1,8,2,8,19,1,22,121.5174118,25.0243713
114,04,25,18,25,2,01大同區,大同區承德路1段87號,0,0,1,1,B01,7,5,5,50,14,9,1,5,4,5,13,4,4,9,4,5,2,17,1,51,3,10,7,1,7,14,1,4,1,2,40,1,21,121.5176739,25.0525907
114,04,25,18,30,2,10文山區,文山區木柵路2段100巷2-10號對面,0,0,2,1,C03,6,5,5,30,14,9,2,4,4,5,13,4,4,10,5,5,2,9,2,62,2,9,5,4,7,9,1,10,1,11,108,1,21,121.5606964,24.9881643
114,04,25,18,33,2,05中正區,中正區貴陽街1段與懷寧街口,0,0,1,1,B03,8,5,5,50,3,1,1,5,4,5,13,4,4,5,5,5,2,12,1,55,3,10,7,1,7,9,1,8,1,4,44,1,22,121.5136979,25.03875373
114,04,25,18,47,2,07信義區,信義區基隆路1段北向南(松山高中公車站）,0,0,1,1,B03,8,5,5,50,14,9,1,4,4,5,13,4,4,5,5,5,2,12,1,43,3,10,7,1,7,9,1,8,1,2,108,1,21,121.5664589,25.0449605
114,04,25,19,00,2,08士林區,士林區仰德大道2段115巷與仰德大道2段口,0,0,1,1,B03,6,6,5,30,3,1,1,4,4,4,9,4,4,4,5,5,1,17,1,43,3,10,3,4,7,5,1,3,1,8,72,1,21,121.5503991,25.1141083
114,04,25,19,10,2,08士林區,士林區通河西街1段1段堤外便道與堤外平面停車場出入口,0,0,1,1,C03,6,5,5,40,3,2,1,4,4,5,13,4,4,9,5,5,2,17,1,55,2,9,3,4,7,15,1,10,1,14,4,1,21,121.5135081,25.0825466
114,04,25,19,17,2,04大安區,大安區市民大道4段210號,0,0,1,1,C03,6,5,5,40,14,9,1,4,4,5,13,4,4,1,3,5,2,12,2,40,2,9,6,1,7,14,1,10,2,13,118,1,21,121.5560873,25.04461475
114,04,25,19,35,2,12內湖區,內湖區安康路268號,0,0,1,1,B02,6,5,5,50,14,9,1,4,4,5,13,4,4,9,5,5,1,17,1,48,3,10,7,1,7,14,1,8,2,4,40,1,21,121.6052703,25.0635973
114,04,25,20,30,2,10文山區,文山區羅斯福路4段與基隆路4段口口,0,0,1,1,C03,7,5,5,50,5,1,1,4,4,5,13,2,1,1,4,5,2,12,1,27,2,9,6,1,7,9,1,9,1,14,108,1,21,121.5369648,25.0110463
114,04,25,20,40,2,01大同區,大同區民族西路與承德路3段口,0,0,1,1,B03,8,5,5,50,4,18,1,5,4,5,13,2,1,8,3,5,2,3,1,29,3,10,7,1,7,5,1,8,1,5,70,1,21,121.5183541,25.0683973
114,04,25,20,45,2,05中正區,中正區連雲街85號對面,0,0,1,1,B03,7,5,5,50,14,9,1,5,4,5,13,4,4,9,4,5,2,9,1,51,3,10,7,1,7,3,1,8,2,3,18,1,21,121.5300388,25.03414666
114,04,25,22,23,2,10文山區,文山區景文街與景文街103巷口,0,0,1,1,C03,7,5,5,50,3,1,1,5,4,5,13,4,4,5,5,4,2,13,2,19,3,10,6,1,7,9,1,10,1,11,16,1,21,121.5411815,24.9907717
114,04,26,00,21,2,11南港區,南港區舊莊街1段215巷第7號汽車格前,0,0,1,1,C03,6,5,5,30,14,9,1,4,4,5,13,4,4,9,4,5,2,12,1,33,2,9,5,1,7,9,1,9,9,12,108,2,21,121.6228686,25.0390922
114,04,26,03,10,2,03中山區,中山區新生北路1段與長安東路1段口口,0,0,1,1,B01,6,5,5,50,4,2,1,4,4,5,13,1,1,5,4,5,2,17,1,64,3,10,3,4,7,9,1,8,1,1,44,1,21,121.5293164,25.048175
114,04,26,04,34,2,04大安區,大安區忠孝東路4段77巷與敦化南路1段190巷口,0,0,1,1,B01,6,5,5,30,4,1,1,4,4,5,13,4,4,8,3,5,2,15,1,34,3,10,7,1,7,9,1,4,1,8,72,1,21,121.5472239,25.0426487
114,04,26,07,52,2,12內湖區,內湖區康寧路1段156巷與康寧路1段156巷32弄口,0,0,1,1,C03,6,5,5,30,3,2,1,4,4,5,13,4,4,10,5,5,2,17,1,65,2,9,5,1,7,6,1,10,1,11,80,1,21,121.5935625,25.07794871
114,04,26,08,53,2,04大安區,大安區復興南路2段25號,0,0,1,1,B03,6,6,5,40,14,9,1,4,4,5,13,4,4,3,4,4,1,12,1,64,3,10,3,4,7,1,1,8,1,7,19,1,21,121.5437351,25.0316124
114,04,26,08,54,2,12內湖區,內湖區堤頂大道1段與潭美街口,0,0,1,1,B03,6,7,5,40,5,1,1,4,4,5,13,1,1,1,4,5,2,16,1,42,3,10,3,4,7,6,1,8,2,2,9,1,21,121.5735955,25.0563775
114,04,26,10,12,2,10文山區,文山區指南路2段與政大一街口,0,0,2,1,C03,7,5,5,30,3,1,1,4,4,5,13,3,1,10,5,5,2,18,1,59,2,9,5,4,7,9,1,10,1,17,118,1,22,121.5798086,24.9858663
114,04,26,10,35,2,04大安區,大安區信義路4段265巷與安和路1段135巷口,0,0,1,1,B01,6,6,5,30,3,1,1,4,4,5,13,4,4,9,5,5,1,16,1,64,3,10,3,4,7,6,1,4,1,5,9,1,21,121.5544127,25.0342254
114,04,26,10,39,2,04大安區,大安區延吉街70之20號,0,0,1,1,B11,6,6,5,50,14,9,1,4,4,5,13,4,4,5,5,5,2,14,1,55,3,10,7,1,7,2,1,1,1,3,12,1,21,121.5542708,25.0422007
114,04,26,10,40,2,09北投區,北投區北投路1段西安橋,0,0,1,1,C03,6,7,5,50,8,9,1,4,4,5,13,4,4,5,4,5,2,13,1,25,2,9,3,4,7,9,1,10,1,11,108,1,22,121.5011108,25.124236
114,04,26,11,24,2,10文山區,文山區萬寧街157號旁,0,0,1,1,C03,6,6,5,40,14,9,1,4,4,5,13,4,4,5,5,5,2,17,2,70,2,9,6,1,7,9,1,10,1,17,4,1,21,121.5705061,25.0042054
114,04,26,12,20,2,09北投區,北投區北投路1段燈桿7010108旁,0,0,1,1,C03,6,7,5,50,14,9,1,4,4,5,13,4,4,5,5,5,1,13,1,22,2,9,5,1,7,9,1,10,1,11,108,1,21,121.501126,25.1241495
114,04,26,12,36,2,03中山區,中山區長安東路1段35號,0,0,1,1,H01,8,7,5,50,14,9,1,5,4,5,13,2,1,7,2,5,2,9,2,84,2,9,4,5,8,16,8,20,10,16,67,1,21,121.5216525,25.04995097
114,04,26,12,40,2,09北投區,北投區北投路1段(西安橋）7010108號燈桿,0,0,1,1,C03,6,6,5,50,8,9,1,4,4,5,13,4,4,4,5,5,1,13,1,22,2,9,6,1,7,15,1,10,2,14,116,1,21,121.5011205,25.1241745
114,04,26,12,50,2,02萬華區,萬華區廣州街216號,0,0,1,1,B03,7,5,5,50,14,9,1,4,4,5,13,4,4,10,4,5,2,16,1,52,3,10,3,4,7,1,1,8,1,8,44,1,22,121.4971006,25.03677
114,04,26,12,50,2,06松山區,松山區松河街214號,0,0,1,1,F01,6,7,5,40,14,9,1,4,4,5,13,4,4,5,5,5,2,12,1,63,2,9,3,1,7,5,8,20,9,14,8,1,22,121.5779878,25.0516823
114,04,26,13,18,2,05中正區,中正區重慶南路3段與和平西路1段口,0,0,1,1,C03,6,6,5,50,5,1,1,4,4,5,13,1,1,1,4,5,2,12,1,33,3,10,5,1,7,9,1,10,2,12,108,1,21,121.5158104,25.0276357
114,04,26,15,00,2,08士林區,士林區光華路61巷4弄NO.1108375燈桿,0,0,1,1,C03,6,6,5,30,11,9,1,4,4,5,13,4,4,10,5,5,1,10,2,20,2,9,5,1,7,9,1,16,1,11,5,1,21,121.5362188,25.13434939
114,04,26,15,54,2,03中山區,中山區美堤河濱公園與美堤河濱公園口,0,0,1,1,B03,6,7,5,30,3,1,1,4,4,5,13,4,4,5,2,5,2,9,1,52,3,10,7,1,7,9,1,8,1,1,69,2,21,121.5644486,25.07581851
114,04,26,16,23,2,12內湖區,內湖區康寧路3段56巷與民權東路6段296巷口,0,0,2,1,B03,6,7,8,30,3,1,1,4,4,5,13,4,4,10,5,5,2,17,1,78,3,10,3,4,7,5,1,8,2,5,72,1,21,121.609397,25.06988541
114,04,26,16,42,2,02萬華區,萬華區桂林路與康定路口,0,0,2,1,C03,6,6,5,50,4,1,1,4,4,5,13,2,1,5,4,5,2,17,1,66,2,8,6,1,7,5,1,10,1,12,74,1,21,121.5017262,25.0383386
114,04,26,17,10,2,08士林區,士林區通河東街2段與承德路5段口,0,0,1,1,F01,6,6,5,50,4,1,1,4,4,5,13,1,1,10,5,5,2,17,1,83,2,9,4,4,7,9,8,20,9,15,81,1,21,121.5149714,25.09574739
114,04,26,17,10,2,08士林區,士林區社子街22巷與社子街84巷口,0,0,2,1,C03,8,6,5,30,4,2,1,4,4,5,13,4,4,10,5,5,1,16,2,22,2,9,3,4,7,9,1,10,1,11,72,1,21,121.5065568,25.0866729
114,04,26,17,16,2,04大安區,大安區忠孝東路4段308號與延吉街口廢鐵道,0,0,1,1,B01,6,6,5,30,3,1,1,4,4,5,13,4,4,10,5,5,2,16,1,52,3,10,3,4,7,6,1,4,1,4,80,1,21,121.5568352,25.0412979
114,04,26,17,21,2,08士林區,士林區通河東街1段與福港街262巷口,0,0,3,1,C03,6,6,5,30,3,1,1,4,4,5,13,4,4,10,5,5,2,16,2,43,2,9,6,1,7,5,1,10,1,14,8,1,26,121.5163782,25.0838999
114,04,26,17,36,2,05中正區,中正區仁愛路1段51號,0,0,1,1,C04,6,7,5,50,14,9,2,4,4,5,13,4,4,1,4,1,2,17,2,47,2,9,6,1,7,9,1,10,2,12,42,1,21,121.5244512,25.0385221
114,04,26,18,10,2,05中正區,中正區羅斯福路3段與金門街口,0,0,2,1,C03,7,5,5,50,4,2,1,4,4,5,13,1,1,1,4,5,2,17,1,66,2,9,5,1,7,12,1,10,2,14,116,1,22,121.5248985,25.0235688
114,04,26,18,20,2,05中正區,中正區重慶南路1段2號,0,0,1,1,H01,7,5,5,0,14,9,1,4,4,5,13,4,4,10,4,5,2,3,1,113,4,11,4,5,8,16,8,20,11,16,121,1,22,121.5132621,25.04689029
114,04,26,18,27,2,09北投區,北投區中和街與復興一路口,0,0,2,1,C03,6,5,5,50,3,1,1,4,4,5,13,4,4,5,5,5,2,3,1,44,2,8,6,1,7,9,1,10,2,11,70,1,21,121.5017808,25.1389796
114,04,26,18,45,2,04大安區,大安區永康街28-1號,0,0,1,1,B03,8,6,5,30,14,9,1,5,4,5,13,4,4,10,5,5,2,2,1,42,3,10,3,4,7,9,1,8,1,5,108,1,21,121.5295138,25.0306432
114,04,26,19,50,2,08士林區,士林區文林路與文林路643巷口,0,0,3,1,C03,7,5,5,50,3,1,1,5,4,5,13,4,4,9,5,5,2,17,1,17,2,9,6,1,7,11,2,18,9,14,10,1,26,121.523145,25.1002257
114,04,26,20,23,2,04大安區,大安區濟南路3段44號,0,0,1,1,,8,5,5,50,14,9,1,5,4,5,13,4,4,9,4,5,2,3,4,0,,,,,,,,,,,119,2,,121.5358129,25.0401594
114,04,26,21,37,2,12內湖區,內湖區東湖路與東湖路33巷口,0,0,1,1,C03,8,5,5,30,3,1,1,4,4,5,13,4,4,5,4,5,2,16,1,16,3,10,5,1,7,6,2,18,1,14,72,1,21,121.6135149,25.0688507
114,04,26,21,45,2,10文山區,文山區萬安街與萬安街22巷口,0,0,1,1,B01,7,5,5,50,3,1,1,4,4,5,13,4,4,10,5,5,2,17,1,51,3,10,3,4,7,11,1,4,1,17,10,1,21,121.5706032,25.0008136
114,04,26,22,20,2,12內湖區,內湖區民權東路6段296巷與民權東路6段口,0,0,1,1,B03,7,5,5,50,3,1,1,5,4,5,13,2,1,1,4,5,2,16,1,65,3,10,7,1,7,6,1,8,1,5,9,1,21,121.6052428,25.0724746
114,04,26,22,43,2,07信義區,信義區忠孝東路5段191號,0,0,1,1,B03,8,5,5,50,14,9,1,5,4,5,13,4,4,1,4,5,2,17,1,25,3,10,7,1,7,8,1,8,1,7,100,1,22,121.56953,25.041082
114,04,26,23,33,2,10文山區,文山區辛亥路5段25巷與辛亥路5段口,0,0,2,1,B03,7,5,5,30,4,1,1,5,4,5,12,2,1,5,5,5,2,16,1,26,3,10,7,1,7,5,1,8,2,5,71,1,21,121.5540723,24.9998606
114,04,27,02,56,2,09北投區,北投區行義路與同德街口,0,0,2,1,C03,7,5,5,40,4,1,1,5,4,5,13,2,1,5,2,5,2,16,1,69,2,9,5,1,7,9,1,10,2,11,81,1,21,121.5270078,25.1253068
114,04,27,07,08,2,03中山區,中山區長安東路2段與伊通街口,0,0,1,1,B01,7,7,6,50,4,1,1,5,4,5,13,4,4,10,4,5,2,16,1,40,3,10,7,1,7,5,1,4,2,1,71,1,21,121.5353126,25.0485488
114,04,27,08,32,2,03中山區,中山區民生東路2段95號,0,0,1,1,B01,8,7,5,50,14,9,1,5,4,5,13,4,4,5,4,5,2,11,1,58,3,10,7,1,7,11,1,4,1,5,10,1,21,121.531124,25.058042
114,04,27,09,16,2,12內湖區,內湖區內湖路1段392號,0,0,1,1,B03,8,6,5,50,14,7,1,5,4,5,13,2,1,1,4,4,2,12,1,74,3,10,7,1,7,8,1,8,1,7,100,1,21,121.5731433,25.0807731
114,04,27,09,50,2,05中正區,中正區愛國西路與延平南路口,0,0,1,1,B03,8,7,5,50,4,4,1,5,4,5,13,1,1,1,4,5,2,17,1,30,3,10,7,1,7,14,1,8,2,5,42,1,21,121.5083729,25.0369309
114,04,27,09,54,2,03中山區,中山區南京東路2段與吉林路口,0,0,2,1,C03,8,6,5,50,4,1,1,5,4,5,13,1,1,5,4,5,2,17,2,23,2,9,6,4,7,15,1,10,1,11,74,1,21,121.5301103,25.0520071
114,04,27,09,59,2,02萬華區,萬華區富民路與萬大路493巷12弄口,0,0,1,1,C03,8,6,5,30,3,2,1,5,4,5,13,4,4,10,4,5,1,17,2,63,2,9,3,4,7,5,1,10,1,13,73,1,22,121.4979017,25.0190878
114,04,27,10,30,2,12內湖區,內湖區文德路22巷27弄與文德路22巷9弄口,0,0,1,1,B03,7,5,5,30,3,2,1,5,4,5,13,4,4,10,5,5,2,17,1,43,3,10,7,1,7,1,1,8,2,4,19,1,21,121.5795376,25.0764757
114,04,27,11,04,2,07信義區,信義區松智路與松智路29巷口,0,0,1,1,B01,8,6,5,50,3,2,1,5,4,5,13,4,4,9,5,5,2,16,1,36,3,10,7,1,7,5,1,4,1,8,8,1,21,121.5653658,25.0314243
114,04,27,11,28,2,12內湖區,內湖區安康路25巷與安康路口,0,0,1,1,B12,7,6,5,50,4,1,1,5,4,5,13,2,1,5,4,5,2,13,1,56,3,10,3,4,7,5,1,8,1,1,16,1,22,121.5934497,25.0626207
114,04,27,12,15,2,08士林區,士林區通河街76巷與承德路4段10巷口,0,0,2,1,B03,8,6,5,30,4,1,1,5,4,5,13,4,4,5,5,5,2,15,1,77,3,10,7,1,7,9,1,8,1,8,72,1,21,121.5201432,25.0801284
114,04,27,12,17,2,09北投區,北投區行義路192巷與行義路口,0,0,2,1,B01,8,6,5,30,3,1,1,5,4,5,13,4,4,10,5,5,2,16,1,66,3,10,7,1,7,5,1,4,2,1,72,1,26,121.5285926,25.133213
114,04,27,12,44,2,07信義區,信義區基隆路2段145號,0,0,1,1,B01,8,6,5,50,14,9,1,5,4,5,13,4,4,1,4,5,2,12,1,39,3,10,7,1,7,15,1,4,1,2,17,1,21,121.5557224,25.0270422
114,04,27,12,45,2,04大安區,大安區新生南路2段與金華街口,0,0,1,1,F01,8,6,5,50,4,1,1,5,4,5,13,1,1,8,3,5,2,29,2,23,2,8,3,4,7,9,8,20,1,17,42,1,21,121.5338664,25.0307956
114,04,27,13,00,2,04大安區,大安區忠孝東路3段217巷,0,0,11,1,A02,7,5,5,50,14,9,1,5,4,5,13,4,4,1,4,5,1,13,1,45,3,10,7,1,7,9,1,2,2,1,108,1,21,121.5400596,25.0417653
114,04,27,13,10,2,07信義區,信義區忠孝東路5段345巷1號,0,0,1,1,C03,8,6,5,30,14,9,1,5,4,5,13,4,4,10,5,5,2,17,1,46,2,8,3,4,7,11,1,10,1,14,10,1,21,121.5740605,25.0411378
114,04,27,13,26,2,10文山區,文山區萬美街1段與萬和街口,0,0,2,1,C03,8,6,5,40,3,2,1,5,4,5,13,2,1,10,5,5,2,13,1,40,2,8,6,1,7,5,1,10,1,11,108,1,21,121.5666376,25.0020463
114,04,27,13,29,2,03中山區,中山區北安路與大直街口,0,0,2,1,B03,8,6,6,50,4,1,1,5,4,5,13,2,1,8,3,5,2,16,1,35,3,10,7,4,7,6,1,8,2,17,9,1,21,121.5492324,25.084179
114,04,27,14,25,2,04大安區,大安區忠孝東路4段181巷7弄3號,0,0,1,1,C03,8,6,5,30,14,9,1,5,4,5,13,4,4,10,5,5,1,18,1,36,2,9,5,1,7,9,1,10,1,14,42,1,21,121.5509695,25.0421008
114,04,27,14,30,2,09北投區,北投區大度路3段301巷204號,0,0,1,1,B01,8,6,5,30,14,9,4,5,4,5,13,4,4,10,5,5,2,2,1,58,3,10,7,1,7,9,1,3,1,5,77,1,21,121.4646148,25.11771626
114,04,27,14,39,2,12內湖區,內湖區成功路2段325號前,0,0,1,1,C03,8,7,5,50,14,9,1,5,4,5,13,2,1,1,4,5,2,13,1,56,2,9,6,1,7,9,1,10,2,11,16,1,21,121.5898598,25.0715813
114,04,27,15,09,2,03中山區,中山區復興北路與長春路口,0,0,2,1,C03,8,7,5,50,4,1,1,5,4,5,13,2,1,1,4,5,2,16,1,60,2,8,6,1,7,9,1,10,1,11,44,1,21,121.5439872,25.0546448
114,04,27,15,38,2,07信義區,信義區忠孝東路5段與松仁路口,0,0,2,1,B12,8,6,5,50,4,2,1,5,4,5,13,2,1,10,4,5,2,12,1,29,3,10,3,4,7,9,1,8,1,2,17,1,21,121.5685932,25.041
114,04,27,15,43,2,04大安區,大安區復興南路2段302號,0,0,1,1,B03,8,6,5,40,14,8,1,5,4,5,13,2,1,9,4,4,1,12,2,48,3,10,3,4,7,3,1,8,1,5,18,1,21,121.5433125,25.023723
114,04,27,15,50,2,08士林區,士林區雙溪街與福華路口,0,0,1,1,C03,7,7,5,50,3,1,1,5,4,5,13,4,4,9,4,5,1,17,1,39,2,8,5,1,7,5,1,10,2,12,72,1,21,121.5237823,25.09992508
114,04,27,15,58,2,11南港區,南港區忠孝東路7段與研究院路1段口,0,0,3,1,F01,8,6,5,50,14,9,1,5,4,5,13,4,4,5,4,5,2,11,1,67,2,9,6,1,7,8,8,20,1,13,100,1,22,121.6163179,25.0528615
114,04,27,16,10,2,03中山區,中山區民族東路60號,0,0,2,1,B03,8,6,5,50,14,9,1,5,4,5,13,4,4,5,4,5,2,12,2,68,3,10,3,4,7,9,1,8,1,2,108,1,21,121.5265707,25.0680958
114,04,27,16,42,2,05中正區,中正區莒光路2號,0,0,1,1,C03,8,7,5,50,14,9,1,5,4,5,13,4,4,1,4,5,2,12,1,42,3,10,5,1,7,6,1,10,1,12,9,1,21,121.5072469,25.0313086
114,04,27,16,57,2,05中正區,中正區中山北路1段與市民大道1段口,0,0,2,1,C03,8,6,5,50,4,1,1,5,4,5,13,1,1,5,4,5,2,13,1,34,2,8,6,4,7,9,1,10,2,11,108,1,22,121.5201876,25.04769928
114,04,27,16,57,2,12內湖區,內湖區舊宗路1段與行善路口,0,0,1,1,C03,8,6,5,50,4,1,1,5,4,5,13,2,1,1,4,5,2,17,1,33,3,10,5,1,7,9,1,10,2,17,30,1,21,121.5802488,25.0588191
114,04,27,17,00,2,09北投區,北投區聖景路142號,0,0,2,1,C03,8,6,5,40,11,9,1,5,4,5,13,4,4,10,5,5,2,11,1,59,2,8,5,1,7,9,1,10,2,14,5,1,21,121.4626623,25.1219299
114,04,27,17,13,2,01大同區,大同區南京西路25巷18-3號,0,0,2,1,H01,8,6,5,30,14,9,1,5,4,5,13,4,4,10,5,5,2,9,2,7,2,9,4,5,8,18,8,20,10,16,53,1,21,121.5204979,25.0550676
114,04,27,17,14,2,04大安區,大安區信義路3段與新生南路2段口,0,0,1,1,B03,8,6,5,40,4,2,1,5,4,5,13,2,1,10,5,5,2,16,1,37,3,10,3,4,7,8,1,8,2,1,80,1,22,121.5325906,25.0333182
114,04,27,18,00,2,08士林區,士林區中山北路6段與福國路口,0,0,1,1,B03,7,6,5,50,4,2,1,5,4,5,13,1,1,3,4,5,1,16,1,37,3,10,3,4,7,6,6,18,2,2,9,1,21,121.5253039,25.1027596
114,04,27,18,12,2,03中山區,中山區北安路與大直街口,0,0,2,1,C03,8,6,5,50,5,1,1,5,4,5,13,2,1,3,4,5,2,12,1,24,2,9,5,1,7,8,1,10,1,14,100,1,21,121.5473657,25.07989086
114,04,27,18,43,2,03中山區,中山區大直橋,0,0,2,1,B01,7,5,5,50,14,9,1,5,4,5,13,4,4,8,3,5,1,17,1,65,3,10,7,1,7,12,1,4,1,17,14,1,21,121.5443743,25.0793832
114,04,27,19,02,2,05中正區,中正區仁愛路2段與金山南路1段口,0,0,1,1,B03,8,6,5,50,4,1,1,5,4,5,13,1,1,3,4,5,1,12,1,56,3,10,7,1,7,15,1,8,2,8,80,1,22,121.5281882,25.0380327
114,04,27,19,14,2,05中正區,中正區中華路2段307巷與中華路2段口,0,0,1,1,A02,8,5,5,40,3,1,1,5,4,5,13,1,1,5,4,4,2,9,1,54,3,10,7,1,7,12,1,2,1,17,118,1,21,121.5054013,25.0286355
114,04,27,19,25,2,04大安區,大安區瑞安街與復興南路2段148巷口,0,0,2,1,C02,7,5,5,50,5,1,1,5,4,5,13,2,1,8,3,5,1,16,1,40,2,9,5,1,7,6,1,9,1,11,9,1,21,121.5412267,25.0284482
114,04,27,19,35,2,03中山區,中山區龍江路342巷與五常街53巷口,0,0,1,1,B02,8,6,5,50,4,1,1,5,4,5,13,4,4,5,5,5,2,1,1,47,3,10,3,4,7,5,1,8,1,4,8,1,22,121.5396956,25.0655548
114,04,27,20,02,2,03中山區,中山區吉林路175號,0,0,2,1,B03,8,6,5,40,14,9,1,5,4,5,13,4,4,8,4,4,2,12,1,21,3,10,3,4,7,9,1,8,1,2,108,1,22,121.5302901,25.0593847
114,04,27,20,09,2,10文山區,文山區木柵路2段109巷與秀明路1段19巷5弄口,0,0,1,1,C03,8,5,5,30,3,1,1,5,4,5,13,4,4,10,5,5,2,17,1,61,2,8,6,1,7,2,1,10,1,13,42,1,22,121.5630243,24.9899094
114,04,27,21,17,2,02萬華區,萬華區萬大路277巷與萬大路口側附近237巷10弄口,0,0,2,1,C03,7,5,5,30,4,1,1,5,4,5,13,4,4,10,5,5,2,16,1,22,2,9,5,1,7,9,1,10,1,14,72,1,22,121.5010549,25.0254282
114,04,27,22,43,2,09北投區,北投區公館路308巷與公館路228巷口口,0,0,2,1,C03,7,5,5,30,4,1,1,5,4,5,13,4,4,10,5,5,2,15,1,34,2,9,5,1,7,9,1,10,1,13,72,1,21,121.5057275,25.12523
114,04,27,23,00,2,01大同區,大同區鄭州路與鄭州路29巷口口,0,0,2,1,C03,7,5,5,40,3,1,1,5,4,5,13,1,1,8,3,5,2,13,1,19,2,7,6,1,7,9,1,10,9,11,16,1,21,121.5143295,25.0492967
114,04,27,23,20,2,03中山區,中山區林森北路與林森北路416巷口,0,0,2,1,C03,8,5,5,50,3,1,1,5,4,5,13,4,4,5,5,5,2,17,1,20,2,9,5,1,7,5,1,10,2,14,44,1,21,121.5255273,25.05972524
114,04,28,02,42,2,10文山區,文山區萬慶街64號,0,0,2,1,C03,7,5,5,30,3,2,1,4,4,5,13,4,4,10,5,5,2,17,2,18,2,9,6,1,7,9,3,18,2,11,89,1,21,121.5373237,24.994274
114,04,28,07,01,2,10文山區,文山區辛亥路7段與辛亥路7段5巷口口,0,0,1,1,B03,6,6,5,30,3,1,1,4,4,5,13,4,4,10,5,5,2,17,1,72,3,10,7,1,7,6,1,8,9,17,73,1,21,121.5525001,24.9872249
114,04,28,07,30,2,10文山區,文山區指南路3段43號,0,0,1,1,B03,6,6,5,30,14,9,1,4,4,5,13,4,4,10,5,5,1,12,1,44,3,10,7,1,7,1,1,8,1,4,19,1,21,121.5797034,24.9840884
114,04,28,07,44,2,09北投區,北投區明德路與明德路188巷口,0,0,1,1,C03,6,6,5,30,4,1,1,4,4,5,13,4,4,10,5,5,2,16,1,31,2,8,5,1,7,5,1,10,2,14,8,1,21,121.521487,25.1116362
114,04,28,07,50,2,03中山區,中山區林森北路477號,0,0,1,1,B03,7,7,8,50,22,22,1,4,4,5,13,4,4,10,5,5,2,9,2,50,3,10,7,1,7,1,1,8,1,1,19,1,21,121.5256058,25.06101863
114,04,28,07,51,2,11南港區,南港區研究院路2段9-2號,0,0,1,1,B03,6,6,5,50,14,9,1,4,4,5,13,4,4,1,4,5,2,17,1,34,3,10,7,1,7,13,1,8,1,4,40,1,21,121.6154203,25.0467064
114,04,28,08,00,2,06松山區,松山區光復北路與延壽街口,0,0,2,1,B03,6,6,5,50,4,1,1,4,4,5,13,2,1,5,5,5,2,16,2,53,3,10,3,4,7,5,1,8,1,1,71,1,22,121.5555616,25.0562483
114,04,28,08,20,2,04大安區,大安區和平東路2段與復興南路2段口,0,0,1,1,B03,6,6,5,50,4,1,1,4,4,5,13,2,1,1,4,5,1,11,1,49,3,10,3,4,7,8,1,8,1,2,100,1,21,121.5435484,25.024924
114,04,28,08,35,2,07信義區,信義區信義路5段150巷與信義路5段150巷445弄口,0,0,1,1,B02,6,6,5,30,3,1,1,4,4,5,13,4,4,9,4,5,2,17,1,52,3,10,7,1,7,5,1,4,1,4,72,1,22,121.572376,25.0222886
114,04,28,08,36,2,05中正區,中正區汀州路2段與廈門街口口,0,0,1,1,C03,6,6,5,50,4,2,1,4,4,5,13,1,1,5,5,5,2,17,2,63,2,8,5,1,7,12,1,10,2,14,42,1,21,121.5173015,25.0254472
114,04,28,08,44,2,05中正區,中正區青島東路與紹興南街口,0,0,1,1,B12,6,6,5,40,4,2,1,4,4,5,13,1,1,5,5,4,2,16,1,59,3,10,7,4,7,7,1,8,2,8,100,1,22,121.5244339,25.04331858
114,04,28,08,49,2,12內湖區,內湖區潭美街543號,0,0,1,1,B03,6,6,5,40,14,9,1,4,4,5,13,4,4,5,5,5,2,17,2,34,3,10,7,1,7,14,1,8,1,2,38,1,21,121.6003143,25.0608027
114,04,28,09,05,2,06松山區,松山區敦化北路155巷與敦化北路199巷2弄口,0,0,1,1,B03,6,6,5,30,4,1,1,4,4,5,13,4,4,5,5,5,2,15,1,39,3,10,3,4,7,9,1,8,1,1,72,1,22,121.5499539,25.0542782
114,04,28,09,30,2,02萬華區,萬華區桂林路與柳州街口,0,0,1,1,B01,6,6,5,50,4,1,1,4,4,5,13,2,1,5,5,5,2,16,1,54,3,10,7,1,7,6,1,4,1,5,9,1,26,121.5051159,25.03774959