發生年度,發生月,發生日,發生時-Hours,發生分,處理別-編號,區序,肇事地點,死亡人數,2-30日死亡人數,受傷人數,當事人序號,車種,天候,光線,道路類別,速限-速度限制,道路型態,事故位置,路面狀況1,路面狀況2,路面狀況3,道路障礙1,道路障礙2,號誌1,號誌2,車道劃分-分向,車道劃分-分道1,車道劃分-分道2,車道劃分-分道3,事故類型及型態,性別,年齡,受傷程度,主要傷處,保護裝置,行動電話,車輛用途,當事者行動狀態,駕駛資格情形,駕駛執照種類,飲酒情形,車輛撞擊部位1,肇因碼-個別,個人肇逃否,職業,座標-X,座標-Y
114,04,29,19,44,2,10文山區,文山區景華街85號,0,0,1,1,C03,8,5,5,30,14,9,1,5,4,5,13,4,4,10,5,5,2,17,1,80,2,8,6,1,7,9,1,10,1,11,108,1,21,121.5458657,24.99529261
114,04,29,20,10,2,12內湖區,內湖區康寧路3段75巷50號,0,0,1,1,C03,7,5,5,30,14,9,1,5,4,5,13,3,1,4,4,5,1,13,2,54,2,7,3,4,7,9,1,10,1,11,108,1,21,121.6091006,25.0738959
114,04,29,20,11,2,04大安區,大安區敦化南路2段與四維路154巷口,0,0,1,1,C03,7,5,5,50,4,1,1,5,4,5,13,1,1,1,4,5,1,17,1,21,2,9,5,1,7,5,1,10,1,13,98,1,21,121.5485715,25.031008
114,04,29,21,13,2,02萬華區,萬華區長沙街2段93號昆明街上,0,0,3,1,B03,8,5,5,50,14,9,1,5,4,5,13,4,4,10,4,5,2,17,1,73,3,10,7,1,7,14,1,8,1,17,40,1,21,121.5044004,25.0407207
114,04,29,21,25,2,10文山區,文山區試院路8號,0,0,1,1,B03,8,5,5,30,14,9,1,5,4,5,13,4,4,9,5,5,1,16,2,37,3,10,7,1,7,11,1,8,1,4,80,1,21,121.5494552,24.9885199
114,04,29,21,33,2,05中正區,中正區羅斯福路4段與羅斯福路4段90巷口,0,0,2,1,C03,7,5,5,50,3,1,1,5,4,5,13,2,1,2,3,5,2,17,2,26,2,9,6,1,7,9,1,10,1,11,16,1,22,121.5347348,25.014235
114,04,29,22,00,2,03中山區,中山區中山北路1段與長安東路1段口,0,0,2,1,C03,8,5,5,50,4,1,1,5,4,5,13,1,1,1,4,5,2,12,2,19,2,9,5,1,7,8,1,10,1,14,100,1,21,121.5217042,25.0497767
114,04,29,22,09,2,08士林區,士林區天母西路71號,0,0,1,1,A02,8,5,5,50,14,9,1,5,4,5,13,4,4,5,5,5,2,9,1,47,3,10,3,4,7,1,1,2,9,17,44,1,21,121.5234376,25.11608778
114,04,29,22,17,2,11南港區,南港區南港路1段與興華路口,0,0,2,1,C03,8,5,7,50,14,7,1,5,4,5,13,2,1,4,4,4,2,17,1,20,2,9,3,4,7,9,1,10,2,11,44,1,21,121.6064444,25.0542785
114,04,29,22,32,2,08士林區,士林區格致路1106115燈桿,0,0,2,1,C03,7,5,5,40,14,9,1,5,4,5,13,4,4,4,5,5,1,17,1,22,2,9,6,1,7,5,1,10,1,13,8,1,21,121.5313987,25.10489349
114,04,29,22,40,2,03中山區,中山區市民大道3段137號,0,0,1,1,C03,8,5,5,40,14,9,1,5,4,5,13,4,4,1,4,5,2,13,1,30,2,9,5,1,7,9,3,18,2,11,108,1,21,121.5388506,25.0447381
114,04,29,23,08,2,05中正區,中正區貴陽街1段與博愛路口,0,0,2,1,C03,8,5,5,50,4,1,1,5,4,5,13,1,1,5,4,5,2,17,1,20,2,9,6,1,7,5,3,18,2,12,71,1,21,121.511182,25.038975
114,04,29,23,10,2,03中山區,中山區龍江路132巷與長春路258巷口,0,0,1,1,B03,8,5,5,30,4,1,1,5,4,5,13,4,4,10,5,5,2,15,1,19,3,10,7,1,7,9,1,8,2,8,72,1,22,121.5391016,25.0542714
114,04,30,00,24,2,03中山區,中山區林森北路與新生北路3段88巷口,0,0,1,1,B03,8,5,5,50,4,1,1,5,4,5,13,4,4,9,4,5,2,17,1,31,3,10,7,1,7,11,1,8,1,8,10,1,21,121.5257449,25.0678801
114,04,30,00,30,2,09北投區,北投區光明路與光明路口口,0,0,1,1,B01,7,5,5,50,3,18,1,5,4,5,13,3,1,10,5,5,2,3,1,45,3,10,7,1,7,9,1,4,1,5,70,1,21,121.5042085,25.136391
114,04,30,00,34,2,02萬華區,萬華區西園路2段與東園街口,0,0,1,1,C03,8,5,5,50,3,1,1,5,4,5,13,1,1,1,4,5,2,13,1,25,2,9,5,1,7,9,1,10,1,11,16,1,21,121.4952694,25.0282941
114,04,30,04,53,2,02萬華區,萬華區萬大路與環河快速道路口,0,0,1,1,F07,8,6,5,50,4,1,1,5,4,5,13,2,1,1,4,5,2,15,1,52,2,9,4,1,7,9,8,20,1,17,85,1,22,121.4953279,25.0165015
114,04,30,05,34,2,05中正區,中正區三元街與寧波西街口,0,0,1,1,H01,8,7,5,0,4,1,1,5,4,5,13,2,1,9,4,5,2,3,2,57,3,10,4,5,8,16,8,20,10,16,122,1,21,121.5114546,25.0280948
114,04,30,06,32,2,03中山區,中山區八德路2段174巷24弄與建國南路1段口,0,0,2,1,C03,8,6,5,30,3,1,1,5,4,5,13,4,4,1,5,5,2,15,1,42,2,9,5,4,7,9,1,10,1,11,108,1,22,121.5369779,25.0454056
114,04,30,07,52,2,07信義區,信義區基隆路1段51號,0,0,2,1,C03,8,5,5,50,14,9,1,5,4,5,13,4,4,1,3,5,2,13,1,19,2,9,6,1,7,9,1,10,1,11,14,1,21,121.5684006,25.04741
114,04,30,07,58,2,05中正區,中正區羅斯福路1段與林森南路口口,0,0,1,1,C03,8,6,5,50,5,1,1,5,4,5,13,1,1,1,4,4,2,13,1,51,2,7,6,1,7,9,1,10,1,11,16,1,21,121.5180286,25.0329778
114,04,30,08,00,2,10文山區,文山區興隆路3段與辛亥路4段口口,0,0,1,1,C03,8,6,5,50,4,1,1,5,4,5,13,2,1,1,2,5,2,13,1,39,2,8,6,1,7,6,3,18,1,11,9,1,21,121.5546778,25.0009143
114,04,30,08,08,2,06松山區,松山區敦化北路199巷與敦化北路199巷口北側道路,0,0,1,1,B03,8,7,5,30,3,1,1,5,4,5,13,2,1,9,4,5,2,3,1,47,3,10,7,1,7,6,1,8,11,15,44,2,21,121.5513155,25.05662029
114,04,30,08,30,2,03中山區,中山區中山北路3段（往北水晶情人橋前）,0,0,1,1,A02,8,7,5,50,14,9,1,5,4,5,13,4,4,9,4,5,2,12,1,42,3,10,7,1,7,9,1,2,1,5,44,1,21,121.5235073,25.07040554
114,04,30,08,35,2,12內湖區,內湖區內湖路1段與港墘路口,0,0,1,1,B03,8,5,5,50,4,2,1,5,4,5,13,2,1,1,4,5,1,12,1,72,3,10,7,1,7,9,1,8,2,2,44,1,21,121.5770768,25.0796552
114,04,30,08,37,2,10文山區,文山區興隆路1段13號,0,0,2,1,B03,8,6,5,50,14,9,1,5,4,5,10,4,4,5,4,5,2,16,2,46,3,10,7,1,7,1,1,8,2,8,19,1,21,121.5394964,25.00426259
114,04,30,08,45,2,08士林區,士林區延平北路6段與延平北路6段199巷口,0,0,1,1,C03,8,6,5,30,3,2,1,5,4,5,13,4,4,9,5,5,1,17,1,57,3,10,5,1,7,6,1,10,2,17,9,1,21,121.5057923,25.0894377
114,04,30,08,47,2,06松山區,松山區市民大道6段0204130燈桿旁,0,0,1,1,C03,8,6,5,40,14,9,1,5,4,5,13,4,4,1,4,5,2,12,1,33,3,10,6,1,7,9,1,10,1,11,44,1,21,121.5796555,25.0495048
114,04,30,08,51,2,07信義區,信義區信義路5段與基隆路2段口,0,0,2,1,B03,8,6,5,50,4,1,1,5,4,5,13,2,1,8,3,5,2,17,1,59,3,10,3,4,7,9,1,8,1,1,42,1,21,121.5594182,25.032673
114,04,30,09,00,2,03中山區,中山區合江街188巷與合江街口,0,0,1,1,B03,7,5,5,30,4,1,1,5,4,5,13,4,4,5,5,5,2,15,2,56,3,10,3,4,7,9,1,8,1,1,72,1,21,121.539353,25.06125055
114,04,30,09,07,2,08士林區,士林區延平北路7段257號,0,0,1,1,C03,8,6,5,50,14,9,1,5,4,5,13,4,4,5,5,5,2,17,2,29,2,9,6,1,7,15,1,10,1,12,108,1,21,121.4876828,25.1028853
114,04,30,09,10,2,11南港區,南港區松河街與重陽路187巷口,0,0,1,1,C03,8,6,5,50,3,1,1,5,4,5,13,4,4,5,5,5,2,13,2,31,2,9,6,4,7,9,1,10,2,14,16,1,21,121.5980567,25.0583153
114,04,30,10,00,2,05中正區,中正區重慶南路1段與貴陽街1段口,0,0,1,1,B01,8,6,5,50,4,1,1,5,4,5,13,1,1,10,5,5,2,16,1,44,3,10,2,1,7,11,1,2,2,1,44,1,22,121.5129281,25.038738
114,04,30,10,00,2,12內湖區,內湖區潭美街399號,0,0,1,1,B12,8,6,5,40,14,9,1,5,4,5,13,4,4,5,5,5,2,16,1,51,3,10,7,1,7,11,1,8,1,1,10,1,21,121.5932479,25.0608518
114,04,30,11,08,2,03中山區,中山區松江路330巷與錦州街231巷口,0,0,2,1,C03,7,5,5,30,4,1,1,5,4,5,13,4,4,10,5,5,2,15,1,64,2,7,3,4,7,9,1,10,1,11,72,1,21,121.5330924,25.06123661
114,04,30,11,10,2,01大同區,大同區民權西路與承德路2段口,0,0,1,1,B03,7,6,5,50,4,2,1,5,4,5,13,2,1,1,4,5,2,17,2,39,3,10,7,4,7,9,1,8,1,2,77,1,21,121.5173718,25.0626174
114,04,30,11,10,2,08士林區,士林區堤外便道與延平北路7段106巷口,0,0,1,1,B12,8,6,5,40,4,1,1,5,4,5,13,4,4,5,5,5,2,15,1,60,3,10,7,1,7,15,1,7,1,7,80,1,21,121.5027625,25.0939457
114,04,30,11,20,2,05中正區,中正區廈門街與廈門街14巷口口,0,0,2,1,C03,8,6,5,30,4,1,1,5,4,5,13,4,4,10,5,5,1,17,1,22,2,5,6,1,7,5,1,10,1,14,72,1,21,121.5183203,25.0261162
114,04,30,11,29,2,09北投區,北投區中央南路1段與大興街口,0,0,1,1,C03,8,6,5,50,4,1,1,5,4,5,13,2,1,5,5,5,2,17,1,48,3,10,5,1,7,1,1,10,2,17,19,1,21,121.5011251,25.1306744
114,04,30,11,32,2,12內湖區,內湖區成功路2段與成功路2段193巷口,0,0,1,1,B03,8,7,5,30,3,1,1,5,4,5,13,4,4,1,4,5,2,17,1,68,3,10,3,4,7,6,1,8,9,17,72,1,21,121.5906865,25.0667735
114,04,30,12,00,2,05中正區,中正區仁愛路2段與臨沂街口,0,0,2,1,B03,8,6,5,50,4,1,1,5,4,5,13,1,1,1,4,5,2,17,1,51,3,10,7,1,7,7,1,8,2,17,100,1,22,121.5293877,25.0381962
114,04,30,12,00,2,11南港區,南港區昆陽街177號,0,0,1,1,B03,8,6,5,50,14,9,1,5,4,5,13,4,4,9,5,5,2,14,1,72,3,10,3,4,7,2,1,8,1,7,12,1,21,121.5938444,25.0484273
114,04,30,12,11,2,12內湖區,內湖區康寧路3段與康寧路3段190巷口,0,0,1,1,C03,8,6,5,30,3,2,1,5,4,5,13,4,4,1,4,5,2,17,2,65,2,9,5,1,7,6,3,18,1,14,72,1,21,121.6120548,25.068428
114,04,30,12,33,2,04大安區,大安區羅斯福路4段與新生南路3段口,0,0,1,1,B03,8,7,5,50,4,2,1,5,4,5,13,2,1,8,3,5,1,13,1,54,3,10,7,1,7,9,6,18,1,1,108,1,26,121.5332703,25.0159516
114,04,30,12,49,2,11南港區,南港區南港路2段28號,0,0,1,1,C03,8,7,5,40,14,7,1,5,4,5,13,4,4,4,5,4,2,14,1,32,3,10,6,1,7,2,1,10,1,13,12,1,21,121.6054476,25.0541514
114,04,30,12,51,2,05中正區,中正區濟南路2段7號,0,0,1,1,B03,8,5,5,50,14,9,1,5,4,5,13,4,4,10,5,5,2,17,1,34,3,10,7,1,7,9,1,8,1,1,108,1,21,121.5271923,25.0413404
114,04,30,13,16,2,08士林區,士林區天母西路62巷南往北(天壽鄰里公園),0,0,1,1,B03,8,7,5,30,11,9,1,5,4,5,13,4,4,10,5,5,2,17,2,37,2,1,7,1,7,9,1,8,2,1,108,1,21,121.5252996,25.11585626
114,04,30,13,22,2,02萬華區,萬華區萬大路494號,0,0,2,1,C03,8,6,5,50,14,9,1,5,4,5,13,4,4,9,4,5,1,17,2,29,2,8,5,1,7,12,1,10,1,17,42,1,21,121.4972702,25.0194624
114,04,30,14,27,2,11南港區,南港區忠孝東路7段627號,0,0,2,1,B03,8,7,5,40,14,8,1,5,4,5,13,4,4,1,3,4,2,17,2,68,3,10,7,1,7,13,1,8,1,4,40,1,21,121.6157863,25.0532394
114,04,30,14,36,2,08士林區,士林區德行東路109巷與忠誠路2段40巷口,0,0,1,1,B03,8,6,5,30,4,1,1,5,4,5,13,4,4,9,5,5,2,14,1,45,3,10,7,1,7,2,1,8,9,7,12,1,26,121.5286673,25.110277
114,04,30,14,40,2,01大同區,大同區赤峰街與赤峰街3巷口,0,0,1,1,B03,7,7,5,30,14,9,1,5,4,5,13,4,4,10,5,5,2,8,1,31,3,10,7,1,7,2,1,8,1,3,12,1,21,121.5192947,25.0534039
114,04,30,14,47,2,04大安區,大安區敦化南路1段235號,0,0,1,1,C03,8,6,5,50,14,9,1,5,4,5,13,2,1,10,5,5,2,12,1,37,2,9,6,1,7,11,1,10,1,14,44,1,21,121.5492951,25.039963
114,04,30,14,47,2,09北投區,北投區立德路與立德路口121號,0,0,1,1,B03,7,6,5,50,3,1,1,5,4,5,13,4,4,5,4,5,2,16,1,45,3,10,7,1,7,1,1,8,1,6,19,1,21,121.4720891,25.12763179
114,04,30,14,50,2,05中正區,中正區重慶北路1段與北平西路口,0,0,1,1,B03,8,7,5,30,11,9,1,5,4,1,13,4,4,1,2,5,2,12,1,53,3,10,2,1,7,8,1,8,2,2,100,1,22,121.5134,25.04839799
114,04,30,15,03,2,08士林區,士林區中山北路7段34號,0,0,1,1,B03,8,6,5,50,14,9,1,5,4,5,13,4,4,1,4,5,1,8,1,86,4,11,3,4,7,9,7,19,11,2,44,2,22,121.5311289,25.1197949
114,04,30,15,29,2,12內湖區,內湖區內湖路1段123號前,0,0,1,1,B02,8,7,5,50,14,8,1,5,4,5,13,4,4,1,4,4,2,16,1,54,3,10,3,4,7,1,1,8,2,8,19,1,21,121.5619488,25.08404269
114,04,30,15,34,2,09北投區,北投區大業路與雙全街口,0,0,1,1,B01,7,6,5,50,4,1,1,5,4,5,13,2,1,1,4,5,2,3,1,56,3,10,7,1,7,9,1,8,1,4,70,1,21,121.5008617,25.13711809
114,04,30,15,57,2,04大安區,大安區永康街23巷20號,0,0,1,1,B02,8,6,5,30,14,9,1,5,4,5,12,4,4,9,4,5,2,17,1,59,3,10,3,4,7,3,1,8,1,15,108,1,21,121.5309099,25.0317767
114,04,30,16,25,2,09北投區,北投區吉利街與石牌路1段39巷口,0,0,2,1,C03,8,6,5,30,4,1,1,5,4,5,13,4,4,10,5,5,2,17,1,63,2,8,5,1,7,15,1,10,1,11,108,1,26,121.5099792,25.1186086
114,04,30,16,51,2,12內湖區,內湖區成功路2段325號旁,0,0,1,1,C03,8,5,5,50,14,9,1,5,4,5,13,4,4,1,4,5,2,16,1,23,3,10,6,1,7,1,1,10,2,14,19,1,21,121.589897,25.0725658
114,04,30,16,54,2,02萬華區,萬華區德昌街132巷與民和街口,0,0,2,1,C03,8,6,5,30,4,1,1,5,4,5,13,4,4,10,5,5,2,17,1,56,2,9,5,1,7,9,1,10,1,13,72,1,21,121.4962601,25.0249404
114,04,30,18,10,2,05中正區,中正區重慶南路1段與愛國西路口,0,0,1,1,B03,7,7,5,50,4,1,1,5,4,5,13,1,1,9,4,5,2,12,1,51,3,10,7,1,7,10,1,8,1,2,17,1,21,121.5119979,25.03557015
114,04,30,18,12,2,01大同區,大同區塔城街與塔城街24巷口,0,0,1,1,C03,8,5,5,50,3,2,1,5,4,5,13,4,4,5,4,5,2,17,2,52,2,7,6,1,7,2,1,10,2,13,12,1,21,121.5104638,25.0507605
114,04,30,18,20,2,01大同區,大同區承德路3段與庫倫街口,0,0,1,1,A04,8,5,5,50,14,9,1,5,4,5,13,2,1,9,4,5,2,12,1,58,3,10,7,4,7,9,1,2,1,5,17,1,21,121.5185895,25.0719598
114,04,30,18,30,2,08士林區,士林區臨溪路與至善路1段138巷口,0,0,1,1,C04,7,5,5,50,3,2,1,5,4,5,13,4,4,5,5,5,1,17,2,18,2,8,5,1,7,11,1,10,1,14,10,1,21,121.5447907,25.09679381
114,04,30,18,30,2,08士林區,士林區承德路5段與士商路口,0,0,1,1,B03,8,5,5,50,4,1,1,5,4,5,13,2,1,1,2,5,2,16,1,23,3,10,7,1,7,6,1,2,1,5,9,1,26,121.5142263,25.096042
114,04,30,18,35,2,03中山區,中山區松江路259巷與錦州街242巷口,0,0,2,1,C03,7,5,5,30,4,1,1,5,4,5,13,4,4,10,5,5,1,15,2,31,2,7,6,1,7,9,1,10,1,12,72,1,21,121.5183568,25.04847309
114,04,30,18,40,2,08士林區,士林區文林路與福國路口,0,0,1,1,C03,8,5,5,50,5,1,1,5,4,5,13,1,1,5,4,5,2,17,1,59,2,9,3,4,7,7,1,10,2,15,100,1,21,121.521698,25.10158119
114,04,30,18,50,2,05中正區,中正區福州街與福州街10巷口,0,0,1,1,F03,8,5,5,50,3,1,1,5,4,5,12,4,4,9,4,5,2,16,1,37,3,10,5,1,7,5,8,20,1,11,8,1,21,121.5196447,25.0293825
114,04,30,19,13,2,01大同區,大同區民權西路102巷4弄25號,0,0,1,1,C03,7,5,5,30,14,9,1,5,4,5,13,4,4,10,5,5,2,10,2,61,2,8,6,4,7,9,1,10,1,11,108,1,22,121.5169289,25.0615986
114,04,30,19,37,2,04大安區,大安區和平東路1段與溫州街口,0,0,1,1,B13,8,5,5,50,3,18,1,5,4,5,13,2,1,10,5,5,2,2,1,72,3,10,7,1,7,5,1,8,1,8,70,1,22,121.5334741,25.0257613
114,04,30,19,38,2,12內湖區,內湖區安康路西往東(安康幹80 B7546 HD11電線桿),0,0,3,1,B03,8,5,5,40,14,9,1,5,4,5,13,4,4,9,4,5,1,12,1,45,3,10,7,1,7,9,1,8,1,5,118,1,21,121.6101265,25.0648251
114,04,30,19,39,2,02萬華區,萬華區環河南路2段與環河南路2段71巷口,0,0,1,1,B03,8,5,5,50,4,1,1,5,4,5,13,2,1,1,4,5,2,3,1,72,3,10,7,1,7,9,6,18,2,2,81,1,21,121.4963736,25.0376897
114,04,30,19,40,2,02萬華區,萬華區西藏路424號,0,0,1,1,B03,8,5,5,50,14,9,1,5,4,5,13,4,4,9,4,5,2,17,1,33,3,10,7,4,7,3,1,8,1,4,18,1,21,121.4983539,25.0293834
114,04,30,20,08,2,10文山區,文山區景隆街與景隆街1巷口,0,0,1,1,C03,8,5,5,30,4,1,1,5,4,5,13,4,4,10,5,5,2,15,1,29,2,9,6,1,7,9,1,9,2,12,72,1,23,121.5401928,24.999751
114,04,30,20,13,2,07信義區,信義區松山路342巷4號,0,0,1,1,C03,7,5,5,30,14,9,1,5,4,5,13,4,4,10,5,5,2,10,1,35,2,9,6,1,7,9,1,10,1,11,5,1,21,121.5774799,25.0414811
114,04,30,21,02,2,06松山區,松山區觀山河濱公園3015166號燈桿往南200公尺處,0,0,2,1,F01,8,5,8,50,14,23,1,5,4,5,13,4,4,9,5,5,2,2,1,13,2,8,4,1,7,9,8,20,1,12,108,1,15,121.5709352,25.05208109
114,04,30,21,14,2,05中正區,中正區重慶南路1段30號,0,0,2,1,H01,8,5,5,50,14,9,1,5,4,5,13,4,4,10,4,5,1,3,1,48,2,8,4,5,8,16,8,20,10,16,121,1,22,121.5132103,25.0456239
114,04,30,22,00,2,01大同區,大同區重慶北路1段與長安西路口,0,0,1,1,C03,7,5,5,50,4,2,1,5,4,5,13,2,1,1,4,5,2,13,1,24,2,9,6,4,7,9,1,10,1,11,16,1,22,121.5138778,25.0515077
114,04,30,22,43,2,02萬華區,萬華區中華路1段與愛國西路口,0,0,3,1,C03,8,5,5,50,5,1,1,5,4,5,13,1,1,1,3,1,2,12,1,43,2,7,5,1,7,9,1,10,1,14,44,1,22,121.5101649,25.0474822
114,04,30,23,03,2,10文山區,文山區木柵路1段與木柵路1段76巷口,0,0,2,1,C03,8,5,5,50,4,4,1,5,4,5,13,1,1,5,4,5,2,17,1,25,2,8,5,1,7,5,1,10,1,13,8,1,21,121.550248,24.987503
114,04,30,23,09,2,01大同區,大同區市民大道1段203號,0,0,1,1,B03,8,5,5,50,14,9,1,5,4,5,13,4,4,1,4,5,2,16,1,22,3,10,7,1,7,6,1,8,1,2,9,1,21,121.5173879,25.04921246
114,04,30,23,25,2,07信義區,信義區信義路6段與松德路133巷口,0,0,2,1,C03,7,5,5,50,5,1,1,5,4,5,13,1,1,5,4,5,2,12,1,70,2,9,3,4,7,9,1,10,1,14,108,1,21,121.5767903,25.035218
114,05,01,00,32,2,07信義區,信義區松仁路與松壽路口,0,0,1,1,C03,7,5,5,50,3,1,1,5,4,5,13,1,1,5,4,5,2,13,2,23,2,9,3,4,7,5,1,10,1,11,83,1,21,121.5680574,25.0360804
114,05,01,03,26,2,06松山區,松山區長春路與慶城街口,0,0,2,1,B01,7,5,5,30,4,1,1,5,4,5,13,3,1,1,2,5,2,15,1,39,2,3,7,4,7,9,1,4,2,2,72,1,21,121.5461094,25.0544957
114,05,01,03,55,2,08士林區,士林區仰德大道1段9號,0,0,2,1,C03,8,5,5,40,14,9,1,3,5,1,13,4,4,10,5,5,1,17,1,19,2,9,6,1,7,8,1,10,1,17,42,1,21,121.537183,25.1029262
114,05,01,05,12,2,07信義區,信義區基隆路2段與嘉興街216巷口,0,0,1,1,B01,8,6,5,50,4,4,1,5,4,5,13,1,1,3,4,5,2,17,1,54,3,10,3,4,7,5,1,4,2,8,8,1,21,121.5560529,25.0273203
114,05,01,06,45,2,05中正區,中正區中華路1段65號,0,0,2,1,A02,7,6,5,50,14,9,1,5,4,5,13,4,4,1,4,5,2,13,1,42,3,10,7,1,7,1,1,2,2,4,19,1,21,121.5081745,25.0410548
114,05,01,06,55,2,11南港區,南港區同德路50巷與同德路50巷口3號,0,0,2,1,C03,8,6,5,30,3,1,1,5,4,5,13,4,4,10,5,5,2,17,1,45,2,8,5,1,7,1,6,10,1,11,19,1,21,121.5847557,25.0452909
114,05,01,07,35,2,04大安區,大安區羅斯福路3段283巷與溫州街74巷5弄口,0,0,1,1,C03,8,6,5,30,4,1,1,5,4,5,13,4,4,10,5,5,2,15,2,24,2,9,6,1,7,9,1,10,1,12,72,1,21,121.5317071,25.0193584
114,05,01,07,46,2,08士林區,士林區故宮路與故宮路35巷口,0,0,2,1,C03,7,5,5,50,4,4,1,5,4,5,13,2,1,3,5,5,1,13,1,55,2,9,5,1,7,9,1,10,1,11,108,1,21,121.547232,25.096676
114,05,01,08,03,2,09北投區,北投區承德路7段與承德路7段401巷口口,0,0,1,1,C03,8,6,5,60,3,1,1,5,4,5,13,4,4,1,4,5,2,17,1,80,3,10,5,1,7,6,1,10,2,11,9,1,21,121.500588,25.119868
114,05,01,08,20,2,09北投區,北投區中央北路4段與學園路口,0,0,1,1,C03,8,5,5,50,4,1,1,5,4,5,13,1,1,5,4,5,2,16,1,18,2,8,5,1,7,5,1,10,1,12,71,1,25,121.4659149,25.1266447
114,05,01,08,36,2,07信義區,信義區信安街67巷與吳興街156巷65弄口,0,0,1,1,,7,6,5,50,3,2,1,5,4,5,13,4,4,4,3,4,2,27,3,36,,,,,,,,,,,66,1,,121.5589429,25.0259401
114,05,01,09,04,2,02萬華區,萬華區桂林路242巷與桂林路228巷11弄口,0,0,1,1,C03,7,5,8,50,22,22,1,5,4,5,13,1,1,10,5,5,2,17,1,27,2,9,3,4,7,4,1,10,1,12,108,1,21,121.4955066,25.0384655
114,05,01,09,15,2,03中山區,中山區劍南路往北(燈桿號碼0105166),0,0,1,1,B03,7,6,5,30,11,9,1,5,4,5,13,4,4,10,5,5,1,11,2,78,3,10,3,4,7,9,1,8,1,1,5,1,21,121.5519603,25.09001278
114,05,01,09,28,2,02萬華區,萬華區忠孝橋往臺北市(7010678燈桿),0,0,2,1,C03,8,6,5,50,8,9,1,5,4,5,13,4,4,1,5,5,2,13,1,42,2,9,6,1,7,7,1,10,1,11,100,1,26,121.5065236,25.04884473
114,05,01,09,52,2,04大安區,大安區建國高架道南側附近5Ｋ,0,0,2,1,B03,7,6,5,70,14,9,1,5,4,5,13,4,4,2,3,5,1,13,1,22,3,10,7,1,7,9,1,8,1,1,16,1,21,121.5375419,25.0260361
114,05,01,09,58,2,02萬華區,萬華區忠孝西路2段與西寧南路口,0,0,2,1,C03,8,6,5,50,4,1,1,5,4,5,13,2,1,1,5,5,2,16,1,41,2,7,6,1,7,6,1,10,1,12,87,1,26,121.5075604,25.04854067
114,05,01,10,31,2,03中山區,中山區松江路259巷與錦州街242巷口,0,0,2,1,C03,8,6,5,30,4,1,1,5,4,5,13,4,4,10,4,5,2,15,1,24,2,3,6,1,7,9,1,10,1,14,72,1,22,121.5337387,25.0595782
114,05,01,10,35,2,11南港區,南港區忠孝東路7段與忠孝東路7段265巷口,0,0,2,1,B03,8,6,5,50,3,1,1,5,4,5,13,2,1,1,4,4,2,16,1,48,3,10,3,4,7,5,1,8,2,2,74,1,21,121.6035202,25.0517936
114,05,01,10,50,2,09北投區,北投區致遠一路2段40巷與致遠一路2段口,0,0,1,1,C03,7,6,5,30,4,1,1,5,4,3,10,4,4,10,5,5,2,15,1,75,3,10,6,1,7,9,1,10,1,14,72,1,21,121.514,25.111618
114,05,01,10,52,2,10文山區,文山區興隆路4段與興隆路4段195巷口,0,0,1,1,A02,8,6,5,50,3,2,1,5,4,1,13,4,4,1,4,1,2,9,1,49,3,10,3,4,7,12,1,2,2,17,44,1,21,121.5621487,24.983162
114,05,01,11,36,2,02萬華區,萬華區堤外便道(燈桿龍山060)往北,0,0,1,1,C03,7,6,7,40,14,11,1,5,4,5,13,3,1,3,4,5,2,13,2,32,2,9,6,1,7,9,1,10,1,11,16,1,21,121.5022158,25.0457505
114,05,01,11,40,2,03中山區,中山區建國北路2段11巷與建國北路2段口口,0,0,2,1,B01,8,5,5,50,3,1,1,5,4,5,13,4,4,1,4,5,2,17,1,67,3,10,3,4,7,6,1,4,1,5,9,1,21,121.5371005,25.0536308
114,05,01,12,09,2,08士林區,士林區中山北路5段與劍潭路口,0,0,1,1,B02,7,5,5,50,3,2,1,5,4,5,13,2,1,9,4,3,1,17,2,38,3,10,7,1,7,6,1,8,2,2,9,1,21,121.5253577,25.0842848
114,05,01,12,14,2,02萬華區,萬華區萬大路433號,0,0,1,1,F01,8,6,5,30,14,9,1,5,4,5,13,4,4,10,4,5,2,17,1,52,3,10,4,1,7,1,8,20,1,14,19,1,21,121.4985731,25.0212509
114,05,01,12,40,2,06松山區,松山區八德路4段與松山路口,0,0,1,1,B01,7,7,5,50,14,9,1,5,4,5,13,1,1,5,4,5,2,13,1,65,3,10,7,1,7,9,1,8,1,1,104,1,26,121.5783012,25.0501274
114,05,01,12,42,2,10文山區,文山區新光路2段23巷旁0707697燈桿,0,0,1,1,B03,8,6,5,30,14,9,2,5,4,5,13,4,4,9,5,5,2,17,1,50,3,10,3,4,7,9,1,8,1,1,4,1,21,121.5990141,25.00223348
114,05,01,12,43,2,10文山區,文山區木柵路5段與萬福橋口,0,0,1,1,C03,8,5,5,50,3,2,1,5,4,5,13,2,1,5,4,5,1,17,1,59,2,7,6,1,7,15,1,10,1,11,100,1,21,121.5841346,25.0026663
114,05,01,12,50,2,08士林區,士林區承德橋往北,0,0,4,1,,7,6,5,40,14,9,1,5,4,5,13,4,4,1,4,5,1,17,4,0,,,,,,21,,,11,,119,2,,121.5213603,25.0783589