發生年度,發生月,發生日,發生時-Hours,發生分,處理別-編號,區序,肇事地點,死亡人數,2-30日死亡人數,受傷人數,當事人序號,車種,天候,光線,道路類別,速限-速度限制,道路型態,事故位置,路面狀況1,路面狀況2,路面狀況3,道路障礙1,道路障礙2,號誌1,號誌2,車道劃分-分向,車道劃分-分道1,車道劃分-分道2,車道劃分-分道3,事故類型及型態,性別,年齡,受傷程度,主要傷處,保護裝置,行動電話,車輛用途,當事者行動狀態,駕駛資格情形,駕駛執照種類,飲酒情形,車輛撞擊部位1,肇因碼-個別,個人肇逃否,職業,座標-X,座標-Y
114,05,01,14,12,2,03中山區,中山區市民大道3段與八德路2段口口,0,0,1,1,B03,8,7,8,40,4,1,1,5,4,5,13,1,1,5,3,5,2,17,1,68,3,10,3,4,7,6,1,8,1,5,9,2,21,121.5349248,25.0450464
114,05,01,14,50,2,10文山區,文山區木柵路1段停車格14,0,0,1,1,C03,8,5,5,50,14,9,1,5,4,5,13,4,4,5,4,5,2,17,1,28,2,7,6,1,7,9,1,10,1,12,42,1,25,121.548238,24.9870895
114,05,01,15,45,2,05中正區,中正區金山北路與忠孝東路2段口,0,0,2,1,B03,8,6,5,50,4,2,1,5,4,5,13,2,1,1,4,5,2,16,1,42,3,10,7,1,7,6,1,4,2,5,9,1,21,121.5297807,25.0433003
114,05,01,15,52,2,09北投區,北投區石牌路1段與致遠二路口,0,0,1,1,B03,8,6,5,50,4,1,1,5,4,5,13,1,1,5,4,5,2,16,2,61,3,10,7,1,7,5,1,8,9,17,71,2,21,121.5122136,25.1140844
114,05,01,15,53,2,04大安區,大安區建國高架道往南下辛亥匝道斜坡處,0,0,1,1,B03,8,6,5,40,10,16,1,5,4,5,13,4,4,8,3,5,2,13,1,38,2,9,3,4,7,9,1,8,1,1,108,1,21,121.5376095,25.02327123
114,05,01,15,54,2,10文山區,文山區興隆路1段70巷11弄與羅斯福路5段269巷口,0,0,1,1,B03,8,6,5,30,4,1,1,5,4,5,13,4,4,10,5,5,2,15,2,35,3,10,7,1,7,9,1,8,2,1,72,1,21,121.5409502,25.001506
114,05,01,15,59,2,04大安區,大安區忠孝東路4段170巷6弄8號,0,0,1,1,B03,8,6,5,30,14,9,1,5,4,5,13,4,4,10,5,5,2,17,1,55,3,10,7,1,7,1,1,8,1,8,19,1,21,121.5503258,25.0408641
114,05,01,15,59,2,09北投區,北投區中央南路1段與中央南路1段225巷口,0,0,1,1,C03,8,6,5,50,3,2,1,5,4,5,13,4,4,5,4,5,2,16,1,79,2,8,5,1,7,5,1,10,1,11,72,1,21,121.5009517,25.12818255
114,05,01,16,40,2,11南港區,南港區南港路1段與惠民街口,0,0,1,1,B02,8,6,5,50,3,1,1,5,4,5,13,1,1,10,5,5,2,16,1,35,3,10,3,4,7,5,1,8,1,2,71,1,21,121.6103177,25.0550084
114,05,01,17,11,2,05中正區,中正區和平西路1段與福州街口,0,0,1,1,B01,8,6,5,50,5,2,1,5,4,5,13,1,1,1,4,5,2,13,1,61,3,10,7,1,7,9,1,4,2,1,108,1,21,121.5164441,25.0272468
114,05,01,17,20,2,10文山區,文山區木柵路5段43巷151號旁,0,0,1,1,F02,8,5,5,30,14,9,1,5,4,5,13,4,4,9,5,5,1,18,2,29,2,9,4,1,7,9,8,20,2,14,42,1,22,121.5892337,25.0070261
114,05,01,17,30,2,02萬華區,萬華區和平西路3段5號,0,0,1,1,F02,7,7,5,40,14,7,1,5,4,5,13,4,4,1,4,4,2,16,2,64,2,9,2,4,7,8,8,20,1,14,100,1,22,121.5043356,25.0343371
114,05,01,17,46,2,02萬華區,萬華區環河南路2段46巷2號,0,0,2,1,B03,7,6,5,50,14,9,1,5,4,5,13,4,4,1,4,5,1,17,2,49,3,10,3,4,7,15,1,8,1,3,14,1,22,121.4967215,25.0381376
114,05,01,18,27,2,10文山區,文山區羅斯福路6段298號,0,0,1,1,H03,8,5,5,50,14,9,1,5,4,5,13,4,4,1,4,5,2,5,1,38,3,10,4,5,8,20,8,20,10,16,60,1,21,121.5398452,24.9907212
114,05,01,19,02,2,01大同區,大同區承德路3段39號,0,0,2,1,B12,8,5,5,50,14,9,1,5,4,5,13,4,4,1,4,5,2,13,1,69,3,10,3,4,7,9,1,8,1,1,16,1,21,121.5184135,25.064471
114,05,01,19,17,2,11南港區,南港區重陽路與園區街58巷口,0,0,1,1,B11,7,5,5,50,3,2,1,5,4,5,13,4,4,5,4,5,2,17,1,40,3,10,7,1,7,11,1,8,1,4,10,1,21,121.6110392,25.0597962
114,05,01,19,25,2,03中山區,中山區中山北路2段與錦州街口,0,0,1,1,B01,8,5,6,50,4,1,1,5,4,5,13,2,1,1,4,5,2,16,1,49,3,10,7,1,7,6,1,4,2,2,9,1,21,121.5230859,25.0603027
114,05,01,20,30,2,03中山區,中山區新生北路3段63號,0,0,1,1,A03,7,5,5,50,14,9,1,5,4,5,13,4,4,1,4,5,2,9,1,58,3,10,3,4,7,9,1,2,11,17,44,1,21,121.5280103,25.06593617
114,05,01,20,31,2,07信義區,信義區莊敬路與吳興街225巷口,0,0,1,1,B03,8,5,5,50,4,1,1,5,4,5,13,1,1,5,5,4,2,13,1,52,3,10,3,4,7,9,1,8,1,5,108,1,21,121.5632614,25.0283669
114,05,01,21,10,2,11南港區,南港區大坑街與合順街口,0,0,1,1,B03,7,5,5,50,3,2,1,5,4,5,13,4,4,5,4,5,2,17,2,24,3,10,7,1,7,5,1,8,1,4,44,1,21,121.6193957,25.0429762
114,05,01,21,20,2,10文山區,文山區羅斯福路4段與基隆路4段口,0,0,1,1,C03,8,5,5,50,5,2,1,5,4,5,13,2,1,1,4,5,2,12,1,44,3,10,6,1,7,8,1,10,1,12,100,1,21,121.5371958,25.0106502
114,05,01,21,51,2,07信義區,信義區吳興街220巷83號,0,0,2,1,C03,8,5,5,50,14,9,1,5,4,5,13,4,4,9,4,4,2,12,1,50,2,9,6,4,7,9,1,10,2,12,44,1,21,121.5604232,25.0259481
114,05,01,21,55,2,09北投區,北投區西安街1段(第1201212號燈桿前),0,0,2,1,F01,7,5,5,50,14,9,1,5,4,5,13,4,4,10,4,5,2,16,1,14,2,9,4,1,7,7,8,20,1,14,100,1,16,121.5152794,25.1145066
114,05,02,00,07,2,08士林區,士林區承德路4段195巷與基河路口,0,0,2,1,B03,7,5,5,50,3,1,1,5,4,5,13,2,1,5,4,5,1,17,2,37,2,2,7,1,7,5,1,8,1,5,71,1,21,121.5233501,25.0888509
114,05,02,00,48,2,04大安區,大安區市民大道4段與安東街口,0,0,2,1,C03,8,5,5,40,5,1,1,5,4,5,13,1,1,8,4,5,2,13,1,49,2,9,3,4,7,9,1,10,1,13,16,1,21,121.5421754,25.0445343
114,05,02,02,36,2,04大安區,大安區忠孝東路3段與建國南路1段口,0,0,1,1,B01,8,5,5,50,5,1,1,5,4,5,13,1,1,3,4,5,2,16,1,59,3,10,7,4,7,6,1,4,2,8,9,1,21,121.536833,25.0415853
114,05,02,05,06,2,10文山區,文山區木柵路2段105號對面,0,0,1,1,C03,7,6,5,50,14,9,1,5,4,5,13,2,1,5,4,5,2,13,1,62,3,10,6,1,7,9,1,9,1,11,108,1,21,121.5616648,24.98880072
114,05,02,06,20,2,04大安區,大安區市民大道3段與復興南路1段口,0,0,3,1,C03,8,6,5,40,4,1,1,5,4,5,13,2,1,1,4,5,2,16,2,62,2,9,6,1,7,6,1,10,1,12,9,1,21,121.5436717,25.044691
114,05,02,07,23,2,08士林區,士林區至誠路2段與中山北路5段口,0,0,1,1,C03,8,6,5,50,4,1,1,5,4,5,13,1,1,8,3,5,1,16,1,21,3,10,6,1,7,5,1,10,1,11,71,1,21,121.5266527,25.1010199
114,05,02,07,35,2,11南港區,南港區南港路2段與南港路2段60巷口,0,0,1,1,B03,8,6,5,50,3,1,1,5,4,5,13,1,1,10,4,4,2,16,1,40,3,10,3,4,7,6,1,8,1,2,9,1,21,121.6042917,25.0539616
114,05,02,07,50,2,09北投區,北投區承德路6段與福國路口口,0,0,1,1,C03,8,6,5,60,4,2,1,5,4,5,13,2,1,1,4,5,2,13,1,43,3,10,5,1,7,9,1,10,2,11,16,1,21,121.5121162,25.1021352
114,05,02,08,03,2,08士林區,士林區福國路與無名巷口,0,0,1,1,F01,7,6,5,30,3,2,1,5,4,5,13,4,4,1,4,5,1,16,1,61,2,9,3,4,7,9,8,20,1,11,72,1,21,121.5182087,25.1020269
114,05,02,08,04,2,01大同區,大同區環河北路1段與貴德街40巷口,0,0,2,1,B03,8,6,5,30,3,1,1,5,4,5,13,4,4,1,4,5,2,17,1,53,4,11,3,4,7,21,7,19,11,15,73,2,22,121.5077632,25.0547972
114,05,02,08,06,2,09北投區,北投區大度路3段與關渡路口,0,0,1,1,B03,8,5,5,50,3,1,1,5,4,5,13,1,1,3,4,2,2,17,1,19,3,10,3,4,7,6,1,8,2,4,9,1,21,121.4694567,25.1229
114,05,02,08,16,2,08士林區,士林區百齡橋第005號燈桿前,0,0,2,1,B03,7,5,5,50,8,9,1,5,4,5,13,4,4,3,5,4,1,17,1,57,3,10,7,1,7,9,1,8,1,1,16,1,21,121.5135921,25.0891343
114,05,02,08,16,2,12內湖區,內湖區民權東路6段99號,0,0,3,1,C03,8,7,5,50,14,9,1,5,4,5,13,4,4,1,4,5,2,16,2,42,2,8,5,1,7,6,1,10,1,12,9,1,21,121.5893405,25.0691172
114,05,02,08,18,2,03中山區,中山區基湖路與基湖路166巷口,0,0,1,1,C03,8,6,5,50,4,2,1,5,4,5,13,4,4,1,5,5,1,13,1,46,2,7,3,4,7,9,1,10,1,11,108,1,21,121.5632601,25.07731871
114,05,02,08,53,2,12內湖區,內湖區內湖路1段388號,0,0,1,1,C03,8,7,5,40,14,12,1,5,4,5,13,1,1,1,3,4,1,17,1,28,3,10,6,1,7,6,1,10,1,12,9,1,21,121.5726547,25.080865
114,05,02,09,00,2,12內湖區,內湖區成功路2段與成功路2段426巷口,0,0,3,1,C03,8,5,5,50,3,3,1,5,4,5,13,2,1,1,2,5,1,16,1,19,2,7,6,1,7,15,1,10,1,14,44,1,21,121.5896524,25.071459
114,05,02,09,12,2,07信義區,信義區富陽街59號,0,0,1,1,C03,8,7,5,50,14,9,1,5,4,5,13,4,4,8,5,5,2,11,1,23,2,8,5,4,7,1,1,10,1,11,19,1,21,121.5564474,25.0219067
114,05,02,09,18,2,05中正區,中正區汀州路3段與羅斯福路3段316巷口,0,0,1,1,C03,8,6,5,50,3,1,1,5,4,5,13,1,1,10,4,5,2,16,1,34,3,10,5,1,7,6,1,10,1,12,9,1,21,121.5320572,25.0152676
114,05,02,09,30,2,03中山區,中山區長安東路2段180號,0,0,1,1,B12,8,6,5,50,14,9,1,5,4,5,13,4,4,5,4,5,2,17,1,33,3,10,3,4,7,9,1,8,1,10,48,1,21,121.5414477,25.048282
114,05,02,09,55,2,09北投區,北投區文林北路與文林北路244巷口口,0,0,1,1,B01,8,6,5,50,3,1,1,5,4,5,13,1,1,10,5,5,2,16,1,50,3,10,7,1,7,1,1,3,9,8,19,1,21,121.5134964,25.1088536
114,05,02,09,58,2,08士林區,士林區中山北路6段360號,0,0,1,1,B03,8,7,5,50,14,9,1,5,4,5,13,4,4,4,5,5,2,13,1,74,3,10,7,1,7,1,1,8,1,1,108,1,21,121.5261811,25.1120573
114,05,02,10,19,2,10文山區,文山區木柵路3段85巷燈桿編號0700715旁,0,0,1,1,C03,8,6,5,30,14,9,1,5,4,5,13,4,4,10,5,5,2,29,2,66,2,8,6,1,7,9,1,10,9,14,44,1,21,121.5700836,24.98875427
114,05,02,10,33,2,07信義區,信義區松山路314號,0,0,2,1,C03,8,6,5,50,14,9,1,5,4,5,13,4,4,1,4,5,2,12,1,41,2,8,6,1,7,9,1,10,2,14,16,1,21,121.5777628,25.0424207
114,05,02,10,45,2,04大安區,大安區樂利路與通化街口,0,0,1,1,C03,8,6,5,50,4,1,1,5,4,5,13,2,1,5,4,5,2,13,1,42,2,7,6,1,7,9,6,18,1,11,108,1,21,121.5520691,25.025801
114,05,02,11,07,2,12內湖區,內湖區環山路2段29巷與環山路2段口,0,0,1,1,F01,8,7,5,50,3,1,1,5,4,5,13,2,1,5,4,5,2,16,1,46,3,10,5,1,7,9,8,20,2,11,81,1,21,121.5727603,25.0857724
114,05,02,11,11,2,09北投區,北投區豐年路1段15號,0,0,1,1,C03,8,6,5,30,14,9,1,5,4,3,10,4,4,10,5,5,2,17,2,57,2,9,5,1,7,9,1,10,1,14,44,1,21,121.4981949,25.133918
114,05,02,11,14,2,03中山區,中山區民權東路2段與松江路口,0,0,1,1,B01,8,6,5,50,4,2,1,5,4,5,13,4,4,1,4,5,2,12,1,34,3,10,3,4,7,8,1,4,1,6,100,1,22,121.533687,25.062588
114,05,02,11,30,2,07信義區,信義區永吉路與永吉路225巷口,0,0,1,1,C03,8,6,5,30,4,2,1,5,4,5,13,1,1,1,3,4,2,17,1,70,3,10,6,1,7,6,1,10,1,11,9,1,21,121.5740928,25.0456231
114,05,02,11,46,2,07信義區,信義區基隆路1段101巷與永吉路30巷28弄口,0,0,2,1,B12,8,7,5,50,3,1,1,5,4,5,13,4,4,9,4,4,2,16,1,20,3,10,3,4,7,6,1,8,1,5,9,1,21,121.5679213,25.044737
114,05,02,12,18,2,05中正區,中正區新生南路1段與仁愛路2段口,0,0,1,1,C03,8,7,5,50,4,2,1,5,4,5,13,2,1,2,4,3,2,12,1,75,4,11,3,4,7,21,7,19,11,15,17,2,22,121.5326456,25.03785326
114,05,02,12,20,2,05中正區,中正區公園路與貴陽街1段口,0,0,2,1,C03,8,6,5,50,4,2,2,5,4,5,13,1,1,10,5,5,2,17,1,32,2,7,5,1,7,5,1,10,2,12,74,1,26,121.515217,25.0386032
114,05,02,12,35,2,01大同區,大同區鄭州路與鄭州路143巷口,0,0,1,1,B03,7,7,5,40,3,1,1,5,4,5,13,4,4,1,4,5,2,16,1,25,3,10,7,1,7,6,1,8,1,5,9,1,21,121.5098164,25.0504055
114,05,02,13,09,2,09北投區,北投區明德路與榮華三路口,0,0,1,1,B03,8,5,5,50,4,1,1,5,4,5,13,3,1,9,4,5,1,17,1,73,3,10,7,1,7,5,1,8,1,2,118,1,21,121.5222758,25.1140836
114,05,02,13,34,2,01大同區,大同區太原路199號,0,0,1,1,C03,8,5,5,50,14,9,1,5,4,5,13,4,4,5,4,5,2,2,1,47,3,10,5,1,7,9,3,18,8,11,21,1,21,121.5170375,25.0568861
114,05,02,13,38,2,05中正區,中正區貴陽街1段與博愛路口,0,0,2,1,C03,8,6,5,50,4,1,1,5,4,5,13,1,1,5,4,5,2,13,1,35,2,7,6,4,7,9,1,10,1,11,16,1,22,121.5110803,25.03899884
114,05,02,13,40,2,10文山區,文山區光輝路與光輝路71巷口,0,0,1,1,B03,8,5,5,50,4,1,1,5,4,5,13,3,1,10,5,5,1,17,1,50,3,10,7,1,7,9,1,8,1,1,72,1,21,121.5565812,24.9849732
114,05,02,13,56,2,10文山區,文山區木柵路1段與木柵路1段89巷口,0,0,1,1,B03,8,6,5,30,14,9,2,5,4,5,13,2,1,5,4,5,2,9,2,66,3,10,3,1,7,5,1,8,2,1,70,1,21,121.5473818,24.9869536
114,05,02,13,58,2,04大安區,大安區和平東路2段359號,0,0,1,1,B03,8,6,5,50,14,9,1,5,4,5,13,4,4,1,4,5,2,17,1,66,3,10,3,1,7,15,1,8,1,4,40,1,21,121.5463456,25.0247834
114,05,02,14,07,2,10文山區,文山區興隆路1段101號,0,0,1,1,C03,8,6,5,50,14,9,1,5,4,5,13,4,4,1,4,5,2,17,2,53,2,9,5,1,7,9,1,10,2,11,108,1,21,121.5416538,25.00266617
114,05,02,14,10,2,03中山區,中山區民權東路2段與建國北路3段口,0,0,1,1,C02,8,6,5,50,4,2,1,5,4,5,13,1,1,1,4,5,2,13,1,30,2,9,5,1,7,9,1,9,1,11,16,1,21,121.5364136,25.0624723
114,05,02,14,47,2,06松山區,光復北路11巷側,0,0,2,1,B01,8,7,5,50,14,9,1,5,4,5,13,4,4,5,5,5,2,14,1,59,3,10,7,1,7,2,1,3,2,3,12,1,21,121.5582711,25.04934
114,05,02,15,05,2,09北投區,北投區東華街2段6號,0,0,1,1,C03,8,6,5,50,14,9,1,5,4,5,13,4,4,10,4,5,2,12,2,25,3,10,6,1,7,15,1,10,2,14,100,1,21,121.5149094,25.1157453
114,05,02,15,35,2,10文山區,文山區光輝路與光輝路21巷口,0,0,1,1,G03,8,5,5,50,4,1,1,5,4,5,13,4,4,10,5,5,1,17,1,27,3,10,4,1,7,5,1,16,1,16,118,1,21,121.5549199,24.985806
114,05,02,15,50,2,01大同區,大同區西寧北路與鄭州路口,0,0,1,1,B03,8,6,5,40,4,1,1,5,4,5,13,2,1,8,3,5,1,17,1,55,4,11,3,4,7,21,1,8,9,15,118,2,21,121.5081464,25.050584
114,05,02,16,23,2,03中山區,中山區民權東路2段與民權東路2段135巷口,0,0,1,1,B02,8,7,5,50,4,2,1,5,4,5,13,1,1,1,4,5,2,13,1,49,3,10,7,1,7,9,1,4,1,5,108,1,22,121.5351504,25.0625549
114,05,02,16,39,2,09北投區,北投區中央北路2段與中央北路2段131巷口口,0,0,1,1,B01,8,6,5,30,3,1,1,5,4,5,13,4,4,10,5,5,2,16,1,59,3,10,7,1,7,5,1,4,2,7,72,1,21,121.4941969,25.1373978
114,05,02,16,47,2,01大同區,大同區忠孝橋東往西（第二燈桿）,0,0,2,1,C03,8,6,5,40,14,9,1,5,4,5,13,4,4,1,4,5,2,17,2,18,2,9,5,1,7,9,1,10,1,11,16,1,21,121.5069822,25.0488982
114,05,02,17,12,2,06松山區,松山區民生東路5段與民生東路5段137巷口,0,0,1,1,A02,7,7,5,50,4,2,1,5,4,5,13,2,1,1,5,5,2,12,2,36,3,10,7,1,7,9,1,1,2,5,44,1,21,121.5616595,25.0588079
114,05,02,17,35,2,12內湖區,內湖區民權東路6段19巷與民權東路6段15巷口,0,0,1,1,B03,7,5,5,50,3,1,1,5,4,5,13,4,4,8,3,5,1,16,1,60,3,10,3,4,7,5,6,18,1,4,8,1,21,121.5771499,25.068786
114,05,02,17,35,2,12內湖區,內湖區成功路2段與成功交流道口,0,0,1,1,C03,8,5,5,50,4,1,1,5,4,5,13,2,1,1,4,5,2,13,1,49,2,7,5,1,7,9,1,10,1,11,118,1,21,121.5903183,25.0644629
114,05,02,17,36,2,07信義區,信義區福德街268巷26弄與福德街268巷口,0,0,1,1,B03,8,6,5,30,4,1,1,5,4,5,8,4,4,5,5,5,2,15,1,74,3,10,3,4,7,9,1,8,1,8,72,1,21,121.5857385,25.0396945
114,05,02,17,38,2,07信義區,信義區松山路與林口街口,0,0,1,1,B03,7,7,5,50,5,2,1,5,4,5,13,4,4,5,5,5,2,17,1,33,3,10,7,1,7,11,1,8,1,1,10,1,21,121.5789218,25.0356006
114,05,02,17,57,2,09北投區,北投區大度路3段270巷1208896號燈桿前,0,0,1,1,H01,7,5,5,30,14,9,1,5,4,5,13,4,4,10,5,5,2,1,1,56,3,10,4,5,8,16,8,20,10,16,60,1,21,121.4671452,25.1238646
114,05,02,18,00,2,09北投區,北投區自強街61巷與自強街31巷口,0,0,1,1,B03,7,7,5,30,4,1,1,5,4,5,13,4,4,10,5,5,2,15,1,49,3,10,7,1,7,9,1,8,1,2,72,1,21,121.5126617,25.1110798
114,05,02,18,02,2,04大安區,大安區和平東路1段39號,0,0,2,1,F01,8,5,5,50,14,9,1,5,4,5,13,4,4,1,4,5,2,12,1,74,2,9,2,1,7,8,8,20,2,14,100,1,21,121.5234501,25.0271163
114,05,02,18,08,2,02萬華區,萬華區昆明街與桂林路口,0,0,1,1,B01,7,5,5,50,4,1,1,5,4,5,13,2,1,5,4,4,2,17,1,64,3,10,3,4,7,8,1,4,1,17,44,1,22,121.5036899,25.0380119
114,05,02,18,18,2,03中山區,中山區建國北路2段72號,0,0,1,1,C03,8,5,5,50,14,9,1,5,4,5,13,2,1,1,3,5,2,13,2,23,2,9,6,4,7,9,1,10,2,11,108,1,21,121.5363918,25.0549206
114,05,02,18,21,2,07信義區,信義區富陽街88號與富陽街口,0,0,2,1,H01,7,5,5,30,3,1,1,5,4,5,13,4,4,8,5,5,2,3,1,23,2,8,4,5,8,18,8,20,10,16,121,1,21,121.5565441,25.0211773
114,05,02,19,02,2,12內湖區,內湖區金龍路與金龍隧道口,0,0,1,1,C03,8,5,5,50,3,1,1,5,4,5,13,2,1,5,4,5,2,17,1,22,3,10,6,1,7,6,1,10,2,17,14,1,21,121.5882238,25.0867697
114,05,02,19,20,2,01大同區,大同區延平北路3段與延平北路3段113巷口,0,0,1,1,F01,8,5,5,50,5,2,1,5,4,5,13,4,4,5,4,5,2,17,2,81,2,9,2,1,7,15,8,20,1,14,100,1,21,121.5109031,25.06782806
114,05,02,19,21,2,10文山區,文山區羅斯福路5段與萬盛街口,0,0,2,1,C01,8,5,5,50,4,1,1,5,4,5,13,2,1,1,4,5,2,16,1,18,2,9,6,1,7,6,3,18,1,12,9,1,21,121.5386212,25.0075291
114,05,02,20,09,2,07信義區,信義區信安街與和平東路3段口,0,0,1,1,B12,7,5,5,50,4,1,1,5,4,5,13,1,1,4,5,5,2,16,1,32,3,10,3,4,7,9,1,3,1,1,44,1,21,121.5546626,25.0224135
114,05,02,20,34,2,01大同區,大同區西寧北路(中興醫院 急診),0,0,1,1,B03,7,5,5,50,22,9,1,5,4,5,13,4,4,5,2,5,2,17,2,70,3,10,7,1,7,5,1,8,2,17,8,1,21,121.5084521,25.05148013
114,05,02,21,01,2,06松山區,松山區市民大道4段217號,0,0,1,1,B03,8,5,5,40,14,9,1,5,4,5,13,4,4,3,4,5,2,17,1,54,3,10,3,4,7,5,1,8,1,6,72,1,22,121.5531233,25.0445172
114,05,02,21,36,1,06松山區,松山區民權東路3段97號,1,0,1,1,H01,8,6,5,50,14,9,1,5,4,5,13,4,4,3,4,5,2,3,1,93,1,9,4,5,8,16,8,20,10,16,121,1,21,121.5447829,25.0621665
114,05,02,21,50,2,12內湖區,內湖區安康路與安康路22巷口,0,0,2,1,B03,7,5,5,50,4,1,1,5,4,5,13,2,1,4,5,5,1,11,1,40,3,10,7,1,7,15,1,8,1,1,71,1,21,121.5935076,25.062484
114,05,02,21,52,2,11南港區,南港區向陽路21號,0,0,1,1,B03,7,5,5,50,14,9,1,5,4,5,13,2,1,1,4,5,2,15,2,50,3,10,7,1,7,9,1,8,1,1,81,1,21,121.5953063,25.0526283
114,05,02,22,58,2,07信義區,信義區松信路27號,0,0,1,1,B01,8,5,5,50,14,7,1,5,4,5,13,1,1,4,4,4,2,13,1,54,2,9,7,1,7,9,1,8,1,1,108,1,21,121.5721899,25.0483484
114,05,02,23,07,2,12內湖區,內湖區金龍路與內湖路3段59巷口,0,0,1,1,B01,8,5,5,50,3,1,1,5,4,5,13,1,1,5,4,5,2,12,1,55,3,10,7,1,7,11,1,4,1,4,103,1,21,121.5916482,25.0852897
114,05,02,23,28,2,11南港區,南港區經貿一路與經貿二路157巷口,0,0,1,1,B03,8,5,5,50,3,1,1,5,4,5,13,2,1,1,2,5,2,16,1,43,3,10,3,4,7,12,1,8,2,2,71,1,22,121.6180091,25.0609647
114,05,02,23,30,2,08士林區,士林區天母北路87巷9弄4號,0,0,1,1,C04,8,5,5,50,14,9,1,5,4,5,13,4,4,5,5,5,2,18,2,43,2,9,3,4,7,9,1,10,2,17,44,1,21,121.5269109,25.12207769
114,05,02,23,33,2,07信義區,信義區忠孝東路5段236巷2弄與松仁路口,0,0,1,1,C03,7,5,5,50,3,1,1,5,4,5,13,4,4,1,4,5,2,17,1,26,2,7,6,1,7,6,1,10,9,14,44,1,21,121.5694071,25.0404601
114,05,03,00,39,2,06松山區,松山區寶清街與寶清街101巷口,0,0,2,1,C03,7,5,5,30,4,1,1,5,4,5,13,4,4,9,5,5,2,17,1,53,2,7,6,1,7,5,1,10,2,11,4,1,21,121.567839,25.0528465
114,05,03,00,49,2,06松山區,松山區東興路與東興路15巷口,0,0,3,1,C03,8,6,5,50,4,1,1,5,4,5,13,2,1,5,4,5,2,17,2,23,2,9,6,4,7,5,1,10,11,14,8,1,22,121.5654029,25.0500492
114,05,03,00,51,2,07信義區,信義區松德路168巷15號,0,0,1,1,A12,8,6,5,30,11,9,1,2,4,5,13,4,4,4,3,5,2,17,1,38,4,11,7,4,7,15,1,3,9,17,44,1,21,121.5719707,25.0365341
114,05,03,01,10,2,12內湖區,內湖區環山路2段53巷與環山路2段53巷1弄口,0,0,2,1,C03,8,5,5,30,4,1,1,5,4,5,13,4,4,10,5,5,2,15,1,23,2,9,5,1,7,9,1,10,1,11,72,1,21,121.573558,25.0848776
114,05,03,01,38,2,05中正區,中正區重慶南路2段與南海路口,0,0,2,1,C03,8,5,5,50,4,1,1,5,4,5,13,2,1,10,4,5,2,16,1,18,2,9,5,1,7,5,1,10,1,14,80,1,21,121.5144983,25.0319017
114,05,03,04,40,2,01大同區,大同區民族西路與民族西路252巷口,0,0,2,1,C03,8,5,5,50,5,1,1,5,4,5,13,3,1,5,4,5,2,9,1,27,2,9,6,1,7,9,1,10,2,11,70,1,21,121.5123266,25.0686374
114,05,03,06,40,2,01大同區,大同區民權西路與重慶北路3段口,0,0,2,1,A05,8,6,5,50,4,1,1,5,4,5,13,1,1,1,4,5,2,15,1,62,3,10,7,1,7,9,1,2,2,5,81,1,21,121.5136904,25.0631164
114,05,03,07,00,2,11南港區,南港區忠孝東路7段與研究院路1段口,0,0,4,1,C03,8,6,5,50,3,2,1,5,4,5,13,1,1,1,4,5,2,16,1,35,2,9,6,1,7,5,1,10,2,12,44,1,21,121.6162176,25.0532104
114,05,03,07,56,2,07信義區,信義區崇德街38號燈桿,0,0,1,1,B03,8,6,5,30,11,9,1,5,4,5,13,4,4,10,5,5,2,11,1,67,3,10,3,4,7,9,1,8,1,8,42,1,21,121.5669647,25.0151833
114,05,03,08,12,2,05中正區,中正區重慶南路1段30號,0,0,2,1,C03,7,5,5,50,14,9,1,5,4,5,13,4,4,9,4,5,2,13,1,20,2,8,5,1,7,9,1,10,1,11,16,1,21,121.5132524,25.04583076
114,05,03,08,44,2,07信義區,信義區忠孝東路5段1號與基隆路1段口口,0,0,1,1,C03,8,7,5,50,4,2,1,5,4,5,13,2,1,3,4,5,2,12,2,24,2,9,6,1,7,8,1,10,1,12,100,1,21,121.5645392,25.0413562
114,05,03,08,45,2,08士林區,士林區延平北路8段9之1號,0,0,1,1,C03,8,6,5,40,14,9,1,5,4,5,13,4,4,9,5,5,2,16,1,51,3,10,2,1,7,5,6,10,1,14,8,1,26,121.4867347,25.1037328
114,05,03,08,53,2,05中正區,中正區重慶南路2段與南海路口,0,0,2,1,C03,8,6,5,50,4,1,1,5,4,5,13,1,1,10,4,5,2,17,1,43,2,9,6,1,7,5,1,10,2,14,44,1,21,121.5143661,25.0318461
114,05,03,08,53,2,10文山區,文山區和平東路4段(近萬美街一段口),0,0,1,1,C03,8,6,5,40,14,9,1,5,4,5,13,4,4,5,5,5,1,10,2,75,2,9,5,1,7,9,1,10,9,11,99,1,21,121.5719402,25.0029061
114,05,03,09,22,2,08士林區,士林區中正路與文昌路口,0,0,1,1,B03,8,6,5,50,3,2,1,5,4,5,13,2,1,1,4,4,1,17,2,28,3,10,7,1,7,6,1,8,2,17,9,2,21,121.5217507,25.09450442
114,05,03,09,51,2,04大安區,大安區延吉街與市民大道4段口,0,0,2,1,C03,8,6,5,50,4,2,1,5,4,5,13,2,1,1,4,5,2,12,1,50,2,8,6,1,7,15,1,10,9,12,100,1,21,121.5537538,25.0443141