發生年度,發生月,發生日,發生時-Hours,發生分,處理別-編號,區序,肇事地點,死亡人數,2-30日死亡人數,受傷人數,當事人序號,車種,天候,光線,道路類別,速限-速度限制,道路型態,事故位置,路面狀況1,路面狀況2,路面狀況3,道路障礙1,道路障礙2,號誌1,號誌2,車道劃分-分向,車道劃分-分道1,車道劃分-分道2,車道劃分-分道3,事故類型及型態,性別,年齡,受傷程度,主要傷處,保護裝置,行動電話,車輛用途,當事者行動狀態,駕駛資格情形,駕駛執照種類,飲酒情形,車輛撞擊部位1,肇因碼-個別,個人肇逃否,職業,座標-X,座標-Y
114,05,03,10,07,2,02萬華區,萬華區康定路與三水街口,0,0,1,1,C03,7,7,5,50,4,2,1,5,4,5,13,1,1,8,3,5,2,13,1,68,3,10,5,1,7,9,1,10,1,14,16,1,21,121.5013775,25.0362113
114,05,03,10,30,2,07信義區,信義區吳興街220巷與信安街67巷口,0,0,1,1,B03,8,6,5,30,3,1,1,5,4,5,13,2,1,9,4,5,2,17,1,45,3,10,7,1,7,5,1,8,2,4,44,1,22,121.5607775,25.0258273
114,05,03,10,40,2,01大同區,大同區延平北路2段61巷與南京西路167巷口,0,0,1,1,C03,8,6,5,30,4,1,1,5,4,5,13,4,4,10,5,5,2,16,1,54,3,10,6,1,7,15,1,10,1,11,72,1,21,121.5125564,25.0556126
114,05,03,10,49,2,08士林區,士林區中正路與承德路5段口,0,0,1,1,B03,8,6,5,30,4,2,1,5,4,5,13,2,1,1,4,5,1,17,1,34,3,10,7,1,7,6,1,8,2,5,9,1,21,121.516368,25.0912265
114,05,03,10,58,2,08士林區,士林區延平北路5段163巷與延平北路5段口,0,0,1,1,F01,8,6,5,50,3,1,1,5,4,5,13,1,1,10,1,5,1,16,2,83,2,8,4,1,7,5,8,20,2,14,8,1,21,121.5102635,25.0825935
114,05,03,11,43,2,05中正區,中正區汀州路1段與汀州路1段140巷口口,0,0,1,1,C03,8,6,5,30,3,1,1,5,4,3,10,4,4,10,5,5,1,17,1,71,2,8,5,1,7,6,1,10,2,14,72,1,21,121.508297,25.029045
114,05,03,12,03,2,08士林區,士林區延平北路6段445號,0,0,1,1,C03,8,6,5,50,14,13,1,5,4,5,13,4,4,1,4,5,1,17,1,42,4,11,5,1,7,9,6,10,11,17,4,2,21,121.5313938,25.10489966
114,05,03,12,06,2,10文山區,文山區木柵路2段與木柵路2段204巷口旁,0,0,1,1,C03,8,6,5,50,3,2,1,5,4,5,13,4,4,5,5,5,2,13,2,36,3,10,5,1,7,9,1,10,9,11,108,1,21,121.5638205,24.98877
114,05,03,12,42,2,02萬華區,萬華區桂林路242巷與桂林路口,0,0,2,1,C03,8,7,5,50,5,2,1,5,4,5,13,1,1,1,4,5,2,17,2,38,2,8,5,1,7,12,1,10,1,13,14,1,21,121.4959432,25.0387011
114,05,03,12,54,2,09北投區,北投區中和街與中和街455巷口口,0,0,1,1,C03,8,6,5,50,14,9,1,5,4,5,13,4,4,5,5,5,2,12,1,78,3,10,5,1,7,9,1,10,1,12,16,1,21,121.4966402,25.1447168
114,05,03,13,08,2,03中山區,中山區樂群一路往西第0106336號燈桿,0,0,1,1,B03,8,6,5,50,14,9,1,5,4,5,13,4,4,1,4,5,2,13,2,31,3,10,3,4,7,9,1,8,1,1,116,1,22,121.5568594,25.0771605
114,05,03,13,23,2,04大安區,大安區安居街9巷29號,0,0,1,1,B03,8,6,5,30,14,9,5,5,4,6,13,4,4,10,5,5,1,17,1,47,3,10,3,4,7,13,1,8,1,4,40,1,21,121.5559718,25.0203518
114,05,03,13,43,2,12內湖區,內湖區康寧路3段75巷127號,0,0,1,1,B03,8,7,5,30,14,9,1,5,4,5,13,4,4,9,5,5,2,16,2,29,3,10,7,1,7,6,1,8,1,2,9,1,21,121.6096438,25.0747137
114,05,03,13,51,2,09北投區,北投區公館路與西安街2段口口,0,0,1,1,B03,8,6,5,50,4,1,1,5,4,5,13,1,1,10,5,5,2,16,1,61,3,10,7,1,7,6,1,8,1,5,9,1,21,121.502756,25.1214136
114,05,03,13,58,2,04大安區,大安區安和路2段與樂利路口,0,0,2,1,C03,8,6,5,50,4,1,1,5,4,5,13,2,1,3,4,5,1,16,2,34,2,4,6,4,7,5,1,10,1,11,71,1,21,121.5507752,25.02893
114,05,03,14,00,2,10文山區,文山區木新路1段與木新路1段口不知名巷弄口,0,0,1,1,C03,8,6,5,50,3,1,1,5,4,5,13,2,1,5,4,5,2,16,1,20,2,9,5,1,7,5,1,10,1,14,8,1,21,121.5706366,24.9888477
114,05,03,14,04,2,03中山區,中山區建國南路1段與八德路2段口,0,0,1,1,C03,7,6,5,50,5,2,1,5,4,5,13,2,1,8,3,5,1,17,1,75,2,9,5,1,7,6,3,18,1,14,99,1,21,121.5363439,25.04588029
114,05,03,14,07,2,05中正區,中正區徐州路2號,0,0,2,1,H01,8,6,5,40,14,7,1,5,4,5,13,4,4,5,5,4,2,7,2,61,2,9,4,5,8,16,8,20,10,16,53,1,21,121.5211696,25.0412518
114,05,03,14,56,2,02萬華區,萬華區和平西路3段與和平西路3段159巷口,0,0,2,1,B01,7,7,5,40,3,1,1,5,4,5,13,4,4,1,4,4,2,14,1,58,3,10,3,4,7,2,1,4,1,3,12,1,22,121.4984829,25.0353905
114,05,03,15,26,2,04大安區,大安區瑞安街81巷與和平東路2段175巷口,0,0,1,1,C03,7,6,5,30,4,1,1,5,4,5,13,4,4,10,5,5,2,15,1,20,2,8,3,4,7,9,1,10,1,11,75,1,21,121.5417201,25.0278459
114,05,03,17,37,2,07信義區,信義區松高路20巷與松壽路口,0,0,1,1,B03,8,6,5,30,3,2,1,5,4,5,13,4,4,10,5,5,2,13,1,34,3,10,3,4,7,9,1,8,2,5,108,1,21,121.5670865,25.0359229
114,05,03,18,22,2,04大安區,大安區和平東路2段2號,0,0,2,1,A02,8,6,5,50,14,7,1,5,4,5,13,4,4,1,4,4,2,13,1,51,3,10,7,1,7,9,1,2,1,1,16,1,21,121.5352319,25.0259088
114,05,03,18,30,2,05中正區,中正區重慶南路1段與襄陽路口,0,0,2,1,C03,7,5,5,50,3,2,1,5,4,5,13,1,1,5,4,5,2,17,1,39,2,8,5,1,7,6,1,10,1,11,44,1,21,121.5134319,25.0434007
114,05,03,18,43,2,07信義區,信義區基隆路2段155號,0,0,1,1,F01,7,5,5,0,14,20,4,5,4,5,13,4,4,10,5,5,2,18,1,35,2,9,4,1,7,9,8,20,1,12,42,1,21,121.5545299,25.0259698
114,05,03,19,00,2,12內湖區,內湖區新明路298巷6號,0,0,2,1,B03,7,5,5,50,14,9,1,5,4,5,13,4,4,5,4,5,2,17,1,76,3,10,7,1,7,5,1,8,1,6,8,1,21,121.5820881,25.0561845
114,05,03,19,06,2,04大安區,大安區樂業街45號,0,0,2,1,B01,8,5,5,30,22,16,1,5,4,5,13,4,4,7,5,5,2,17,1,53,3,10,7,1,7,11,1,4,1,1,10,1,21,121.5500234,25.0225926
114,05,03,19,42,2,07信義區,信義區松山路292巷7號,0,0,1,1,F01,8,6,5,30,14,9,1,5,4,5,13,4,4,10,5,5,2,18,1,78,2,1,4,1,7,3,8,20,1,12,18,1,22,121.5872233,25.04682301
114,05,03,19,55,2,04大安區,大安區信義路4段與光復南路口,0,0,1,1,B01,7,5,5,50,4,1,1,4,4,5,13,2,1,10,5,5,2,17,1,60,3,10,3,4,7,6,1,4,1,6,27,1,22,121.5573435,25.0329838
114,05,03,20,04,2,07信義區,信義區信義路4段與信義路4段450巷口,0,0,1,1,B03,7,5,5,50,14,9,1,5,4,5,13,4,4,10,5,5,2,16,2,36,3,10,7,1,7,6,1,8,1,2,9,1,21,121.5578666,25.0329779
114,05,03,20,22,2,02萬華區,萬華區和平西路3段與西園路1段口,0,0,2,1,H01,7,5,8,50,22,18,1,5,4,5,13,1,1,10,5,5,2,9,1,75,2,9,4,5,8,16,8,20,10,16,122,1,21,121.4995466,25.0352101
114,05,03,21,53,2,08士林區,士林區中正路與延平北路6段口,0,0,1,1,C03,8,5,5,50,4,1,1,5,4,5,13,1,1,9,5,5,2,17,1,33,3,10,6,1,7,5,6,18,1,13,80,1,21,121.5094021,25.08675746
114,05,03,21,58,2,04大安區,大安區市民大道4段126號,0,0,3,1,C03,7,5,5,40,14,9,1,5,4,5,13,4,4,1,4,5,2,13,2,25,2,1,6,4,7,9,1,10,1,11,16,1,22,121.5500686,25.0444816
114,05,03,21,58,2,05中正區,中正區中山南路5號,0,0,1,1,C03,7,5,5,50,14,9,1,5,4,5,13,4,4,1,5,5,2,17,1,28,3,10,6,1,7,9,1,10,1,17,30,1,21,121.518644,25.04194524
114,05,03,22,08,2,03中山區,中山區敬業四路與樂群三路口,0,0,1,1,H01,7,5,5,50,14,9,1,5,4,5,13,4,4,5,4,4,2,3,2,65,2,9,4,5,8,16,8,20,1,16,121,1,21,121.5591343,25.082834
114,05,03,22,31,2,02萬華區,萬華區中興橋往新北機車道,0,0,2,1,C03,8,5,5,30,14,11,1,5,4,5,13,4,4,10,5,5,2,12,2,20,2,9,5,1,7,9,1,10,1,11,44,1,22,121.507276,25.03523635
114,05,03,23,10,2,07信義區,信義區基隆路1段與松高路口,0,0,2,1,C03,7,5,5,50,14,9,1,5,4,5,13,4,4,5,5,5,2,12,1,20,2,9,5,1,7,8,1,10,2,12,100,1,21,121.5636862,25.0394223
114,05,03,23,15,2,04大安區,大安區光復南路與光復南路346巷口口,0,0,1,1,C03,7,5,5,50,14,9,1,5,4,5,13,4,4,1,4,5,1,17,1,48,2,9,6,1,7,9,1,10,1,11,107,1,21,121.5575245,25.0387748
114,05,03,23,54,2,05中正區,中正區南昌路1段與南海路口口,0,0,1,1,C03,7,5,5,30,4,1,4,5,4,5,13,1,1,10,4,5,2,15,1,29,3,10,5,1,7,9,1,10,1,12,81,1,21,121.516302,25.0323882
114,05,04,00,07,2,05中正區,中正區詔安街與詔安街26巷口,0,0,1,1,B01,6,5,5,30,4,1,1,4,4,5,13,4,4,10,5,5,2,15,1,55,3,10,7,4,7,9,1,4,2,8,72,1,21,121.5159602,25.0251196
114,05,04,02,49,2,01大同區,大同區忠孝西路2段14號對面,0,0,1,1,C03,7,5,5,50,14,9,1,5,4,5,13,4,4,1,4,5,2,29,1,21,2,9,3,4,7,15,1,10,4,11,42,1,21,121.5092696,25.0482365
114,05,04,05,37,2,02萬華區,萬華區康定路與三水街口,0,0,2,1,C03,8,5,5,50,4,2,1,5,4,5,13,1,1,10,5,5,2,17,1,79,2,9,3,4,7,5,1,10,1,12,8,1,21,121.501344,25.0360339
114,05,04,06,09,2,02萬華區,萬華區桂林路與西昌街口,0,0,2,1,C02,8,5,5,50,4,1,1,5,4,5,13,1,1,5,4,4,2,15,1,42,2,9,5,4,7,9,1,9,1,11,118,1,21,121.5004974,25.0384637
114,05,04,06,34,2,02萬華區,萬華區環河快速道路往北第6010979號燈桿,0,0,1,1,B12,7,7,5,70,14,9,1,5,4,5,13,4,4,1,4,5,2,13,1,47,2,9,7,1,7,9,1,8,1,1,108,1,21,121.5025307,25.0458541
114,05,04,07,14,2,10文山區,文山區興隆路4段75號,0,0,1,1,C03,8,6,5,50,14,9,1,5,4,5,13,4,4,1,4,5,2,12,1,39,2,9,5,1,7,9,3,18,2,11,108,1,21,121.5600369,24.9891668
114,05,04,07,23,2,02萬華區,萬華區環河南路1段與康定路口,0,0,2,1,C03,7,7,5,50,3,2,1,5,4,5,13,1,1,8,3,5,2,13,1,55,2,9,5,1,7,9,1,10,1,12,44,1,21,121.5030447,25.0460187
114,05,04,08,54,2,12內湖區,內湖區康寧路3段與康寧路3段75巷口,0,0,1,1,C03,8,6,5,50,3,2,1,5,4,5,13,2,1,1,4,5,2,17,1,22,3,10,6,1,7,5,1,10,1,14,83,1,21,121.6095002,25.07160445
114,05,04,09,02,2,07信義區,信義區松壽路2號,0,0,1,1,C03,8,6,5,50,14,9,1,5,4,5,13,4,4,8,3,5,2,12,1,52,2,7,3,4,7,8,1,10,1,14,100,1,22,121.5631948,25.0359016
114,05,04,09,45,2,06松山區,松山區民權東路3段與光復北路口,0,0,1,1,B01,8,6,5,50,4,2,1,5,4,5,13,1,1,1,3,5,2,17,1,64,3,10,7,4,7,5,1,4,11,1,42,1,21,121.5543628,25.0619407
114,05,04,09,45,2,08士林區,士林區基河路與福德路口,0,0,1,1,B03,8,7,5,50,3,2,1,5,4,5,13,2,1,5,4,5,1,17,1,24,3,10,7,1,7,6,1,8,1,5,9,1,21,121.5209514,25.0921955
114,05,04,10,05,2,08士林區,士林區東山路25巷,0,0,1,1,B03,8,5,5,30,14,9,1,5,4,5,13,1,1,10,5,5,1,10,1,71,3,10,7,1,7,9,1,8,1,1,81,1,21,121.5413776,25.1218348
114,05,04,10,22,2,02萬華區,萬華區漢口街2段53巷與漢口街2段口,0,0,2,1,C03,7,5,5,50,3,1,1,5,4,5,13,4,4,5,4,5,2,17,2,38,2,9,5,1,7,5,1,10,1,14,8,1,21,121.5062122,25.0458382
114,05,04,10,23,2,04大安區,大安區通安街與文昌街口,0,0,1,1,C03,8,6,5,30,4,2,1,5,4,5,13,1,1,9,4,5,2,12,2,24,2,9,6,1,7,15,1,10,1,14,100,1,21,121.5533303,25.0327115
114,05,04,10,38,2,07信義區,信義區松仁路與松高路口,0,0,1,1,C03,8,6,5,50,4,1,1,5,4,5,13,1,1,9,4,5,2,12,1,64,2,9,5,1,7,7,1,10,1,12,100,1,22,121.5683355,25.0391434
114,05,04,10,45,2,06松山區,松山區八德路4段與東興路口,0,0,2,1,C03,7,6,5,50,4,2,1,5,4,5,13,1,1,9,4,5,2,16,1,18,2,9,6,1,7,6,1,10,1,12,9,1,21,121.5654484,25.0491364
114,05,04,10,55,2,02萬華區,萬華區環河南路1段與康定路口,0,0,1,1,C03,7,5,5,50,3,1,1,5,4,5,13,1,1,8,3,4,2,16,1,29,2,9,5,4,7,6,1,10,1,11,9,1,22,121.5032611,25.0459584
114,05,04,11,01,2,03中山區,中山區南京東路3段與復興北路口,0,0,2,1,C03,8,7,5,40,4,1,1,5,4,5,13,1,1,1,4,4,2,13,1,44,2,9,5,1,7,9,1,10,1,11,16,1,22,121.5436748,25.0517605
114,05,04,11,06,2,04大安區,大安區樂利路97號,0,0,2,1,C03,7,7,5,40,14,9,1,5,4,5,13,4,4,10,4,5,2,12,1,34,2,9,5,4,7,15,1,10,1,11,16,1,21,121.5521523,25.0255584
114,05,04,11,20,2,02萬華區,萬華區萬大路與長泰街口,0,0,1,1,B03,8,7,5,50,4,2,1,5,4,5,13,1,1,2,4,5,2,17,1,71,3,10,7,1,7,6,1,7,1,2,9,1,21,121.4995275,25.0227188
114,05,04,11,20,2,03中山區,中山區植福路11號前,0,0,1,1,B03,7,7,5,50,14,9,1,5,4,5,13,1,1,9,4,5,2,13,2,42,3,10,3,4,7,9,1,14,1,1,16,1,22,121.5578218,25.08416281
114,05,04,11,20,2,12內湖區,內湖區東湖路119巷與康樂街20巷口,0,0,1,1,B03,7,6,5,30,3,1,4,5,4,5,13,4,4,10,5,5,2,16,1,55,3,10,7,1,7,9,1,8,1,1,14,1,21,121.6165885,25.0688538
114,05,04,11,25,2,12內湖區,內湖區民權東路6段280巷25弄與民權東路6段280巷口,0,0,2,1,C03,8,7,5,30,4,1,1,5,4,5,13,4,4,10,5,5,2,15,1,22,2,9,5,1,7,9,1,10,2,12,75,1,21,121.6059543,25.0714681
114,05,04,12,15,2,06松山區,松山區南京東路5段與南京東路5段口333號旁無名巷,0,0,1,1,C03,7,6,5,30,3,2,1,5,4,5,8,4,4,10,5,5,2,17,1,51,3,10,5,1,7,6,1,10,1,11,9,1,21,121.5672536,25.0515073
114,05,04,12,18,2,01大同區,大同區延平北路2段與涼州街口,0,0,1,1,B03,7,6,5,50,4,2,1,5,4,5,13,1,1,5,2,5,2,17,1,32,3,10,7,1,7,5,1,8,1,1,108,1,21,121.5114099,25.06065984
114,05,04,12,25,2,09北投區,北投區北投路1段022燈桿,0,0,1,1,B03,7,7,5,50,8,9,1,5,4,5,13,4,4,5,2,5,1,12,2,42,3,10,3,4,7,4,1,8,1,2,1,1,21,121.50206,25.1218204
114,05,04,12,49,2,10文山區,文山區木柵路1段（考試院公車站牌）,0,0,1,1,A02,7,5,5,50,14,9,1,5,4,5,13,4,4,4,4,5,2,9,1,57,3,10,3,4,7,3,1,2,9,5,44,1,22,121.5495265,24.98743
114,05,04,13,38,2,01大同區,大同區民族西路66號,0,0,1,1,C03,8,6,5,50,14,9,1,5,4,5,13,1,1,5,4,5,2,17,1,38,2,9,6,1,7,9,1,9,2,14,44,1,21,121.5180724,25.0685052
114,05,04,15,20,2,05中正區,中正區忠孝東路2段與臨沂街口,0,0,1,1,C03,7,6,5,50,4,2,1,5,4,5,13,1,1,1,4,5,2,13,2,28,3,10,6,1,7,9,1,10,1,11,16,1,22,121.5310178,25.0429081
114,05,04,15,29,2,05中正區,中正區中山南路與信義路1段口,0,0,1,1,C03,7,5,5,40,4,2,1,5,4,5,13,1,1,1,4,1,2,3,1,22,3,10,5,1,7,6,1,10,2,11,70,1,21,121.5178984,25.03840727
114,05,04,16,05,2,08士林區,士林區至善路1段與福林路254巷口,0,0,1,1,B03,8,6,5,40,3,2,1,5,4,5,13,2,1,1,4,4,1,12,1,72,3,10,7,1,7,9,1,8,1,2,108,1,21,121.5371444,25.09820756
114,05,04,17,38,2,03中山區,中山區大佳河濱公園9號水門附近,0,0,2,1,F01,8,7,5,30,14,9,1,5,4,5,13,4,4,5,5,5,2,12,2,7,2,8,4,1,7,15,8,20,1,14,8,1,21,121.5373725,25.0756948
114,05,04,17,39,2,04大安區,大安區基隆路3段與辛亥路3段口,0,0,2,1,F01,7,5,5,50,4,2,1,5,4,5,13,1,1,1,4,1,1,9,2,27,2,9,4,1,7,9,8,20,1,11,118,1,21,121.5470157,25.0192716
114,05,04,18,38,2,05中正區,中正區和平西路2段與南海路口,0,0,1,1,C03,8,5,5,50,4,1,1,5,4,5,13,1,1,1,4,5,2,12,2,18,2,9,5,1,7,10,1,10,1,12,100,1,21,121.5094533,25.0304742
114,05,04,19,13,2,08士林區,士林區天母西路與天母西路50巷口,0,0,2,1,C03,8,5,5,50,3,2,1,5,4,5,13,4,4,9,4,5,1,13,1,22,2,9,6,1,7,9,1,10,1,11,16,1,25,121.5248543,25.11847907
114,05,04,19,20,2,12內湖區,內湖區舊宗路1段與行善路口,0,0,1,1,B12,7,5,5,50,14,9,1,5,4,5,13,1,1,1,5,5,2,13,1,53,3,10,7,1,7,9,1,8,2,1,108,1,21,121.5814669,25.0582461
114,05,04,19,27,2,05中正區,中正區汀州路3段與思源街口,0,0,1,1,B03,8,5,5,50,3,2,1,5,4,5,13,1,1,5,4,5,2,17,1,72,3,10,7,1,7,6,1,8,2,5,17,1,22,121.5322665,25.0150268
114,05,04,19,38,2,08士林區,士林區仰德大道1段110號國安局停車場前,0,0,1,1,C03,8,5,5,40,12,9,1,5,4,5,13,4,4,5,5,5,1,29,1,63,2,9,6,4,7,6,1,10,9,12,42,1,21,121.5365632,25.1085102
114,05,04,19,58,2,03中山區,中山區北安路與北安路621巷口,0,0,1,1,H01,7,5,5,50,4,1,1,5,4,5,13,1,1,3,4,5,2,9,2,67,2,9,4,5,8,20,8,20,10,16,60,1,21,121.5490257,25.08299169
114,05,04,19,59,2,12內湖區,內湖區民權東路6段與民權東路6段56巷口,0,0,1,1,B01,8,5,5,50,4,1,1,5,4,5,13,2,1,5,4,5,2,13,1,52,3,10,7,1,7,9,1,8,2,1,108,1,21,121.5845069,25.068613
114,05,04,20,02,2,02萬華區,萬華區環河南路2段與長順街口,0,0,1,1,C03,8,5,5,50,4,1,1,5,4,5,13,1,1,1,5,5,2,17,2,54,3,10,5,1,7,5,1,10,1,11,74,1,21,121.4907268,25.0313863
114,05,04,20,05,2,02萬華區,萬華區華中橋往新北市機車道(華中023標牌),0,0,1,1,C03,8,5,5,40,8,11,1,5,4,5,13,4,4,1,5,5,2,17,2,64,3,10,5,1,7,12,1,10,1,17,30,1,21,121.4954472,25.01566642
114,05,04,20,10,2,09北投區,北投區致遠二路80號與石牌路1段口,0,0,1,1,B03,7,5,5,50,14,9,1,5,4,5,13,4,4,5,4,5,2,17,1,31,3,10,3,4,7,6,1,8,2,5,9,1,22,121.5132265,25.114464
114,05,04,21,37,2,06松山區,松山區東興路與南京東路5段口,0,0,1,1,B03,7,5,5,50,3,2,1,5,4,5,13,2,1,1,3,5,2,2,1,68,3,10,3,4,7,5,1,8,2,8,70,1,21,121.5652239,25.0514207
114,05,04,22,54,2,07信義區,信義區吳興街220巷與吳興街220巷59弄口,0,0,1,1,B01,8,5,5,50,3,2,1,5,4,5,13,2,1,5,5,5,2,16,1,50,3,10,3,4,7,6,1,4,2,2,9,1,21,121.5616289,25.02659
114,05,04,23,28,2,03中山區,中山區長安東路2段與遼寧街口,0,0,1,1,B03,7,5,5,50,4,1,1,5,4,5,13,4,4,10,4,5,2,17,1,48,3,10,7,1,7,9,1,8,11,1,81,2,21,121.5421272,25.04826202
114,05,05,00,22,2,05中正區,中正區思源街1號,0,0,1,1,B02,6,5,8,50,22,22,1,4,4,5,13,1,1,1,4,4,2,12,1,36,3,10,7,1,7,11,1,8,1,8,92,1,21,121.5302767,25.013554
114,05,05,00,52,2,01大同區,大同區承德路2段與民生西路口,0,0,1,1,B01,8,5,5,50,5,18,1,5,4,5,13,2,1,1,4,5,2,9,1,66,3,10,7,1,7,5,6,18,2,1,70,1,21,121.5182548,25.05737147
114,05,05,01,12,2,03中山區,中山區中山北路2段與民生東路1段口,0,0,1,1,B03,7,5,5,50,14,9,1,5,4,5,13,1,1,5,4,5,2,13,2,25,3,10,3,4,7,9,1,8,1,1,108,1,21,121.5232183,25.0580022
114,05,05,07,16,2,03中山區,中山區民權東路2段與建國北路3段口,0,0,2,1,C03,8,6,5,50,4,4,1,5,4,5,13,4,4,9,4,5,2,13,2,58,2,7,5,1,7,9,1,11,1,11,108,1,21,121.5369377,25.0625212
114,05,05,07,16,2,08士林區,士林區中正路與文林路口,0,0,2,1,C03,8,6,5,50,4,1,1,5,4,5,13,2,1,1,4,5,1,13,1,72,2,7,5,1,7,5,1,10,1,11,16,1,21,121.5245956,25.09501964
114,05,05,07,32,2,02萬華區,萬華區西園路1段與西園路1段306巷口,0,0,1,1,B03,8,5,5,30,3,1,1,5,4,5,13,4,4,1,4,5,2,17,1,35,3,10,7,4,7,1,1,8,1,5,19,1,21,121.4983158,25.03344098
114,05,05,07,32,2,08士林區,士林區天母東路69巷6號停車格,0,0,1,1,B03,8,5,5,40,14,9,1,5,4,5,13,4,4,8,5,5,1,3,1,52,3,10,7,1,7,9,1,8,2,4,44,1,21,121.5344742,25.1186572
114,05,05,08,00,2,08士林區,士林區延平北路8段與延平北路8段5巷口口,0,0,1,1,C03,8,6,5,40,3,1,1,5,4,5,13,1,1,8,5,5,1,17,1,51,3,10,6,1,7,1,1,10,1,17,19,1,21,121.4871773,25.10327803
114,05,05,08,15,2,12內湖區,內湖區堤頂大道2段407巷與內湖路1段120巷15弄口,0,0,2,1,B03,7,6,5,50,14,9,1,5,4,5,13,4,4,9,5,5,2,16,1,41,3,10,3,4,7,6,1,8,1,2,9,1,21,121.5643048,25.0813746
114,05,05,08,20,2,03中山區,中山區中山北路2段與民生西路口,0,0,2,1,C03,7,6,5,50,4,1,1,5,4,5,13,2,1,1,5,1,2,11,1,24,2,9,6,1,7,9,1,10,1,14,108,1,22,121.5226869,25.0578464
114,05,05,08,29,2,05中正區,中正區金華街與羅斯福路1段83巷口,0,0,1,1,C03,8,6,5,50,3,1,1,5,4,5,13,4,4,9,4,5,1,13,1,35,3,10,5,1,7,9,1,10,1,11,108,1,21,121.5202777,25.0317965
114,05,05,08,30,2,12內湖區,內湖區成功路2段與成功路2段273巷口,0,0,1,1,B02,8,5,5,50,3,1,1,5,4,5,13,4,4,1,4,5,1,16,2,38,3,10,7,1,7,6,1,8,1,2,9,1,21,121.5909426,25.0684433
114,05,05,08,35,2,10文山區,文山區興隆路3段與興隆路3段207巷口,0,0,3,1,C03,8,6,5,50,3,1,1,5,4,5,13,2,1,1,4,5,2,16,1,63,2,9,6,1,7,5,1,10,2,12,71,1,21,121.5597704,24.9953207
114,05,05,08,36,2,04大安區,大安區新生南路1段與新生南路1段137巷口,0,0,2,1,C03,7,5,5,50,14,9,1,5,4,5,13,4,4,1,4,1,1,13,1,27,2,9,5,1,7,9,1,10,1,11,16,1,21,121.5329119,25.0371059
114,05,05,08,36,2,04大安區,大安區新生南路1段與新生南路1段137巷口,0,0,1,1,C03,8,6,5,50,14,9,1,5,4,5,13,4,4,1,4,5,2,13,1,64,3,10,6,1,7,9,1,10,1,11,16,1,21,121.5329131,25.0369853
114,05,05,08,40,2,12內湖區,內湖區民權東路6段與民權東路6段180巷口口,0,0,3,1,C03,8,6,5,50,4,1,1,5,4,5,13,2,1,1,4,5,2,13,1,53,2,9,5,1,7,9,1,10,2,11,108,1,21,121.5927406,25.0688386
114,05,05,08,50,2,11南港區,南港區南港路1段與三重路口,0,0,1,1,B01,8,6,6,50,5,1,1,5,4,5,13,2,1,1,3,5,2,16,1,50,3,10,3,4,7,11,1,4,2,17,98,1,21,121.6140479,25.0552423
114,05,05,08,54,2,05中正區,中正區忠孝西路1段與重慶南路1段口,0,0,2,1,B03,7,7,5,50,4,2,1,5,4,5,13,1,1,9,4,5,2,13,1,43,2,8,7,1,7,6,1,8,2,1,108,1,21,121.5132677,25.04711365
114,05,05,09,00,2,08士林區,士林區文林路與福國路口,0,0,1,1,C03,8,6,5,50,4,1,1,5,4,5,13,1,1,1,5,5,1,16,1,84,2,8,5,1,7,10,1,10,1,14,100,1,21,121.5207563,25.1017873
114,05,05,09,09,2,02萬華區,萬華區康定路與康定路278巷口,0,0,2,1,C03,7,7,5,30,3,1,1,5,4,5,13,4,4,10,5,5,2,15,1,39,2,9,5,1,7,9,1,10,1,11,108,1,21,121.5014555,25.0369377
114,05,05,09,21,2,06松山區,松山區民權東路3段166號,0,0,1,1,B03,8,5,5,50,14,9,1,5,4,5,13,4,4,9,4,5,2,17,1,31,3,10,7,1,7,7,1,8,1,4,100,1,21,121.5484112,25.06187227
114,05,05,09,39,2,04大安區,大安區忠孝東路4段270號,0,0,1,1,B01,8,6,5,50,14,9,1,5,4,5,13,4,4,9,4,5,1,13,1,54,3,10,3,4,7,8,1,4,1,6,100,1,21,121.555184,25.0413072
114,05,05,09,46,2,05中正區,中正區忠孝東路2段與金山南路1段口,0,0,1,1,C03,8,5,5,50,4,2,1,5,4,5,13,1,1,1,4,5,1,17,1,30,2,8,5,1,7,9,1,10,1,11,108,1,21,121.529882,25.0427898
114,05,05,09,59,2,08士林區,士林區延平北路7段106巷353號,0,0,2,1,C03,8,6,5,40,14,9,1,5,4,5,13,4,4,10,5,5,1,16,1,43,2,9,5,1,7,5,1,10,2,14,8,1,21,121.4955415,25.1084422
114,05,05,10,34,2,04大安區,大安區忠孝東路3段與建國南路1段口,0,0,1,1,B01,7,6,5,50,4,1,1,5,4,5,13,1,1,1,4,5,2,17,1,62,3,10,7,1,7,7,1,4,1,15,100,1,21,121.5365546,25.0418712
114,05,05,10,41,2,04大安區,大安區羅斯福路4段60號對面,0,0,1,1,B12,8,6,5,50,14,9,1,5,4,5,13,4,4,1,4,5,2,12,1,64,3,10,3,4,7,8,1,8,1,2,100,1,22,121.5343378,25.01487322
114,05,05,11,05,2,12內湖區,內湖區康寧路3段99巷17弄28號與康寧路3段75巷24弄口,0,0,2,1,C03,7,5,5,30,4,1,1,5,4,5,13,4,4,10,5,5,1,15,1,24,2,9,3,4,7,9,1,10,1,14,72,1,21,121.609726,25.0728893