發生年度,發生月,發生日,發生時-Hours,發生分,處理別-編號,區序,肇事地點,死亡人數,2-30日死亡人數,受傷人數,當事人序號,車種,天候,光線,道路類別,速限-速度限制,道路型態,事故位置,路面狀況1,路面狀況2,路面狀況3,道路障礙1,道路障礙2,號誌1,號誌2,車道劃分-分向,車道劃分-分道1,車道劃分-分道2,車道劃分-分道3,事故類型及型態,性別,年齡,受傷程度,主要傷處,保護裝置,行動電話,車輛用途,當事者行動狀態,駕駛資格情形,駕駛執照種類,飲酒情形,車輛撞擊部位1,肇因碼-個別,個人肇逃否,職業,座標-X,座標-Y
114,05,05,11,23,2,12內湖區,內湖區舊宗路1段與新湖三路口,0,0,1,1,B03,8,6,5,50,4,1,1,5,4,5,13,2,1,1,4,5,2,16,1,71,3,10,7,1,7,5,1,8,2,4,83,1,21,121.5767895,25.0635228
114,05,05,12,01,2,04大安區,大安區臥龍街188巷與辛亥路3段157巷12弄口,0,0,2,1,C03,8,6,5,30,3,1,1,5,4,5,13,4,4,9,4,5,1,16,1,19,2,8,5,1,7,5,1,10,1,12,74,1,21,121.550632,25.0168722
114,05,05,12,25,2,10文山區,文山區興隆路3段與興隆路3段192巷口,0,0,2,1,C03,8,6,5,50,4,1,1,5,4,5,13,2,1,1,4,5,2,16,2,55,2,7,6,1,7,11,1,10,1,11,103,1,21,121.5588302,24.9980871
114,05,05,12,30,2,03中山區,中山區中原街與新生北路3段25巷口,0,0,2,1,C03,7,6,5,30,4,1,1,5,4,5,13,4,4,5,5,5,2,15,1,66,2,9,6,1,7,9,1,10,1,11,72,1,22,121.5290493,25.0644264
114,05,05,12,53,2,05中正區,中正區市民大道2段與林森北路口,0,0,4,1,C03,8,6,5,40,4,1,1,5,4,5,13,2,1,1,4,5,2,16,1,24,2,9,6,1,7,7,1,10,2,14,100,1,22,121.5241938,25.0477005
114,05,05,13,03,2,08士林區,士林區中正路與士商路口,0,0,3,1,C03,8,6,5,50,4,2,1,5,4,5,13,1,1,5,4,4,1,12,2,52,2,7,6,1,7,8,1,10,1,12,101,1,22,121.5191214,25.0926225
114,05,05,13,12,2,08士林區,士林區格致路與凱旋路口,0,0,1,1,B03,8,6,5,40,3,2,1,5,4,5,13,4,4,9,5,5,1,17,1,29,3,10,7,1,7,6,1,8,2,2,9,1,21,121.5463383,25.1369802
114,05,05,13,15,2,04大安區,大安區基隆路4段73巷,0,0,1,1,B03,8,6,5,30,14,8,1,5,4,5,13,4,4,9,4,4,1,16,1,73,3,10,3,4,7,7,1,8,1,2,100,1,21,121.5401881,25.0123933
114,05,05,13,40,2,12內湖區,內湖區康寧路3段189巷與東湖路43巷口,0,0,1,1,B12,7,5,5,30,4,1,1,5,4,5,13,4,4,10,5,5,1,15,1,35,3,10,3,4,7,9,1,8,1,4,72,1,21,121.6129399,25.0705918
114,05,05,14,10,2,05中正區,中正區汀州路3段27巷與汀州路3段27巷2弄口口,0,0,1,1,C03,8,6,5,30,3,1,1,5,4,5,13,4,4,10,5,5,1,17,2,29,2,7,6,1,7,15,1,10,2,11,42,1,21,121.5269288,25.0195581
114,05,05,14,35,2,03中山區,中山區市民大道2段49號,0,0,2,1,C03,8,6,5,40,14,9,1,5,4,5,13,4,4,1,4,5,2,16,1,75,2,8,5,1,7,1,1,10,1,13,19,1,21,121.5426875,25.0792422
114,05,05,15,00,2,06松山區,松山區民權東路3段與敦化北路口,0,0,1,1,C03,7,6,5,50,4,1,1,5,4,5,13,2,1,1,4,5,2,17,2,24,2,7,6,4,7,9,1,10,1,12,16,1,21,121.5504308,25.0614051
114,05,05,15,14,2,08士林區,士林區格致路與光華路口,0,0,3,1,C03,8,7,5,30,4,1,1,5,4,5,13,3,1,8,5,5,1,15,1,22,2,9,3,4,7,9,1,10,1,11,72,1,22,121.546364,25.1366767
114,05,05,15,17,2,08士林區,士林區中正路與志成街口,0,0,1,1,C03,8,5,5,50,14,9,1,5,4,5,13,4,4,3,4,5,2,16,1,19,2,9,5,1,7,9,1,10,1,11,13,1,21,121.5299072,25.09630766
114,05,05,15,30,2,08士林區,士林區永平街9巷與永平街9巷18弄口,0,0,2,1,C03,7,6,5,30,4,1,1,5,4,5,13,4,4,10,5,5,2,17,1,38,2,5,3,4,7,9,6,10,9,11,108,1,21,121.504284,25.0896966
114,05,05,16,07,2,07信義區,信義區忠孝東路5段423巷與忠孝東路5段423巷3弄口,0,0,1,1,C03,8,7,5,30,4,1,1,5,4,5,13,4,4,9,4,5,2,15,1,46,2,9,5,1,7,9,1,10,2,11,72,1,21,121.5753171,25.0413844
114,05,05,16,29,2,03中山區,中山區民權東路3段往西（榮星花園）,0,0,1,1,C03,8,6,5,50,14,9,1,5,4,5,13,2,1,8,3,5,2,13,2,29,2,9,6,4,7,9,1,10,2,11,108,1,21,121.5379351,25.0625005
114,05,05,16,32,2,04大安區,大安區復興南路1段247號,0,0,1,1,B03,7,7,5,50,14,9,1,5,4,5,13,4,4,1,4,5,2,17,4,,,,,,,,,,,,119,2,,121.5437915,25.0371625
114,05,05,16,33,2,06松山區,松山區南京東路3段333號,0,0,1,1,C03,7,6,5,50,14,7,1,5,4,5,13,4,4,1,3,4,2,12,2,18,2,9,6,1,7,7,1,10,1,14,100,1,22,121.5474325,25.0518475
114,05,05,16,57,2,08士林區,士林區文林路587巷與美崙街8巷口,0,0,1,1,C03,8,7,5,30,14,9,1,5,4,5,13,4,4,10,5,5,1,3,1,73,3,10,3,4,7,9,1,10,1,11,108,1,22,121.5229644,25.0981549
114,05,05,17,07,2,06松山區,松山區寶清街與南京東路5段291巷29弄口,0,0,1,1,C03,7,5,5,30,4,2,1,5,4,5,13,4,4,7,4,5,2,12,1,18,4,11,3,4,7,9,7,19,11,12,108,2,21,121.5678175,25.0527475
114,05,05,17,10,2,04大安區,大安區潮州街55巷與杭州南路2段61巷口,0,0,1,1,C03,8,7,5,30,4,1,1,5,4,5,13,4,4,10,5,5,2,15,1,67,2,9,6,1,7,9,1,10,1,12,75,1,21,121.5241859,25.030031
114,05,05,17,10,2,12內湖區,內湖區行忠路與行忠路178巷附近口,0,0,1,1,B11,8,6,5,50,3,2,1,5,4,5,13,4,4,5,4,5,2,16,1,66,3,10,7,1,7,1,1,4,1,8,19,1,21,121.5843967,25.0667348
114,05,05,17,15,2,04大安區,(和平東路2段109號前),0,0,1,1,B01,7,5,5,50,14,9,1,5,4,5,13,2,1,1,1,5,2,16,1,64,3,10,7,1,7,5,1,4,1,5,85,1,21,121.5402854,25.0254243
114,05,05,17,27,2,02萬華區,萬華區環河南路1段與漢口街2段口,0,0,2,1,C03,7,6,5,50,3,2,1,5,4,5,13,1,1,5,4,5,1,17,1,23,2,9,3,4,7,6,1,10,1,13,9,1,22,121.5036098,25.046436
114,05,05,17,28,2,12內湖區,內湖區內湖路1段91巷與內湖路1段91巷24弄口口,0,0,1,1,C03,7,5,5,30,3,1,1,5,4,5,13,4,4,4,5,5,2,16,2,73,2,8,6,1,7,5,1,10,1,11,72,1,21,121.5617843,25.0852548
114,05,05,17,30,2,08士林區,士林區福林路229號,0,0,1,1,B12,8,5,5,50,14,9,1,5,4,5,13,4,4,5,4,5,2,17,1,33,3,10,3,4,7,1,3,18,1,17,19,1,22,121.5342708,25.09798229
114,05,05,17,40,2,05中正區,中正區西藏路62巷與西藏路口,0,0,1,1,C03,8,6,5,30,4,2,1,5,4,5,13,1,1,3,4,5,2,17,1,42,3,10,5,1,7,1,1,10,2,17,19,1,21,121.5061021,25.0304633
114,05,05,17,41,2,05中正區,中正區金山南路1段71號,0,0,1,1,B03,8,6,5,50,14,9,1,5,4,5,13,4,4,3,4,5,2,13,1,43,3,10,7,1,7,9,1,8,2,1,108,1,22,121.5281187,25.03737656
114,05,05,17,45,2,05中正區,中正區南海路100號,0,0,1,1,B01,8,7,5,50,14,9,1,5,4,5,13,4,4,5,4,5,2,17,1,69,3,10,7,1,7,1,1,4,1,5,19,1,21,121.5082101,25.0282324
114,05,05,17,57,2,07信義區,信義區吳興街220巷與吳興街220巷73弄口,0,0,1,1,B03,8,6,8,50,22,22,2,5,4,3,10,4,4,5,4,5,2,17,2,40,3,10,3,4,7,1,1,8,2,1,19,1,21,121.5613392,25.0263154
114,05,05,18,02,2,07信義區,信義區信義路6段95號,0,0,1,1,C03,7,7,5,50,14,9,1,5,4,5,13,4,4,5,4,5,2,18,2,31,2,9,5,1,7,9,1,10,9,12,42,1,21,121.5776469,25.0359479
114,05,05,18,03,2,12內湖區,內湖區瑞光路412號前,0,0,1,1,C03,7,5,5,50,14,9,1,5,4,5,13,4,4,5,4,5,2,13,1,27,2,9,6,1,7,12,1,10,1,11,16,1,21,121.5702924,25.0784569
114,05,05,18,47,2,03中山區,中山區長春路45號前,0,0,3,1,C03,7,5,5,40,14,8,1,5,4,5,13,4,4,9,4,4,2,3,1,49,2,7,3,4,7,9,1,10,1,11,108,1,21,121.5261569,25.0549676
114,05,05,18,48,2,03中山區,中山區八德路2段與龍江路口,0,0,1,1,B01,7,5,5,50,3,1,1,5,4,5,13,1,1,5,4,5,2,16,1,55,3,10,3,4,7,1,1,4,1,8,19,1,21,121.5406527,25.0467719
114,05,05,18,49,2,09北投區,北投區承德路7段與承德路7段1巷口,0,0,1,1,B03,7,5,5,60,3,1,1,5,4,5,13,1,1,1,4,5,2,16,2,51,3,10,7,1,7,6,1,8,1,5,9,1,21,121.5105561,25.1109905
114,05,05,18,55,2,09北投區,北投區中央北路4段與學園路口,0,0,2,1,C03,7,5,5,50,4,1,1,5,4,5,13,1,1,10,4,5,2,16,1,19,2,9,5,1,7,5,1,10,1,12,71,1,22,121.4659501,25.1266828
114,05,05,18,55,2,12內湖區,內湖區內湖路1段227號,0,0,1,1,B03,8,5,5,40,14,9,1,5,4,5,13,4,4,1,4,5,2,17,1,40,3,10,7,1,7,1,1,8,1,15,19,1,21,121.5648641,25.0826781
114,05,05,19,21,2,11南港區,南港區研究院路1段57號,0,0,2,1,C03,8,5,5,50,4,1,1,5,4,5,13,2,1,3,4,5,2,16,1,43,3,10,5,1,7,5,1,10,1,13,8,1,22,121.6163083,25.0530068
114,05,05,19,30,2,12內湖區,內湖區民權東路6段296巷3號,0,0,1,1,B03,8,5,5,50,14,9,1,5,4,5,13,4,4,9,5,5,2,11,1,43,3,10,7,1,7,1,1,8,2,8,19,1,21,121.6056086,25.0723599
114,05,05,19,34,2,08士林區,士林區通河西街1段與重慶北路4段口,0,0,1,1,C03,7,5,5,50,3,2,1,5,4,5,13,1,1,10,5,5,1,17,1,50,3,10,6,1,7,9,6,18,2,12,81,1,21,121.5119043,25.0877274
114,05,05,20,30,2,02萬華區,萬華區華江橋往新北市汽車道,0,0,1,1,B01,8,5,5,50,8,7,1,5,4,5,13,4,4,1,5,1,2,17,1,67,2,9,7,1,7,9,1,4,1,8,108,1,26,121.4882012,25.03572301
114,05,05,21,40,2,03中山區,中山區長安東路1段51號前,0,0,3,1,C03,7,5,5,50,14,9,2,5,4,5,13,4,4,5,4,5,2,13,1,27,2,7,3,4,7,9,1,10,1,11,108,1,21,121.5261243,25.0488408
114,05,05,21,40,2,03中山區,中山區長安東路2段與龍江路口,0,0,1,1,B03,7,5,5,50,4,1,1,5,4,5,13,1,1,5,4,5,2,17,1,29,3,10,7,1,7,5,1,8,1,5,71,1,21,121.5404147,25.04840887
114,05,05,22,48,2,01大同區,大同區民族西路95號,0,0,1,1,H01,7,5,5,50,14,9,1,5,4,5,13,4,4,5,4,5,2,9,2,84,2,9,4,5,8,16,8,20,10,16,121,1,21,121.5175377,25.068565
114,05,05,23,00,2,08士林區,士林區通河西街2段與通河西街2段口堤外（百齡橋堤外汽機車停車場）,0,0,2,1,C03,8,5,5,30,3,1,1,5,4,5,13,4,4,10,5,5,2,10,1,24,2,8,6,1,7,9,1,10,1,11,72,1,21,121.5115597,25.09054498
114,05,06,00,30,2,09北投區,北投區大度路與承德路7段401巷620弄口,0,0,1,1,B03,7,5,5,70,5,18,1,5,4,5,13,2,1,1,2,4,1,3,1,46,3,10,7,1,7,9,1,8,2,2,118,1,21,121.485855,25.121914
114,05,06,04,23,2,11南港區,南港區忠孝東路6段與東新街口,0,0,1,1,C03,8,5,5,50,4,1,1,5,4,5,13,1,1,1,3,5,2,17,1,43,2,9,5,1,7,9,1,10,1,11,81,1,21,121.5850443,25.0480104
114,05,06,05,02,2,11南港區,南港區南港路1段190號,0,0,1,1,B12,7,7,5,50,14,9,1,5,4,5,13,4,4,5,4,5,2,17,1,23,3,10,7,1,7,11,1,8,2,4,10,1,21,121.6112488,25.0551539
114,05,06,06,05,2,05中正區,中正區漢口街1段與重慶南路1段口,0,0,1,1,F03,7,6,5,50,4,1,1,5,4,5,13,2,1,10,4,5,2,17,1,65,3,10,5,1,7,8,8,20,9,17,100,1,21,121.5132633,25.0451696
114,05,06,07,15,2,08士林區,士林區中山北路5段631號,0,0,1,1,F01,8,6,5,0,14,20,1,5,4,5,13,4,4,10,5,5,2,9,1,81,2,9,4,1,7,9,8,20,1,12,108,1,21,121.5275381,25.0963955
114,05,06,07,27,2,11南港區,南港區同德路與同德路85巷口,0,0,1,1,B03,7,6,4,50,4,2,1,5,4,5,13,1,1,5,4,5,2,17,1,47,3,10,7,1,7,5,1,8,1,17,71,1,21,121.5858502,25.0460241
114,05,06,08,05,2,03中山區,中山區中山北路2段與民生西路口,0,0,1,1,C03,8,6,5,50,14,9,1,5,4,5,13,2,1,1,4,1,2,12,1,42,3,10,6,1,7,21,3,18,11,12,17,2,21,121.5227695,25.0582544
114,05,06,08,20,2,03中山區,中山區民族東路與松江路口,0,0,1,1,B03,8,7,5,50,4,1,1,5,4,5,13,4,4,9,4,5,2,17,1,40,3,10,7,1,7,8,1,8,1,2,100,1,21,121.5330207,25.068604
114,05,06,08,20,2,04大安區,大安區仁愛路3段123巷與仁愛路3段123巷26弄口,0,0,1,1,C03,7,5,5,30,4,1,1,5,4,5,13,4,4,10,4,5,1,15,1,41,2,9,5,1,7,9,1,10,1,11,72,1,21,121.5419761,25.0390652
114,05,06,08,25,2,12內湖區,南港區經貿二路與南港路1段口,0,0,1,1,C03,7,6,5,50,4,2,1,5,4,5,13,1,1,3,5,5,1,13,2,44,2,9,5,1,7,9,1,10,2,11,108,1,26,121.6170825,25.055142
114,05,06,08,26,2,09北投區,北投區明德路38巷與文林北路94巷口,0,0,1,1,B03,7,7,5,30,4,1,1,5,4,5,13,4,4,10,5,5,1,15,1,30,3,10,7,1,7,9,1,8,1,2,44,1,22,121.5189245,25.10690488
114,05,06,08,31,2,06松山區,松山區八德路4段72巷與光復南路13巷口口,0,0,2,1,C03,7,6,5,30,4,1,1,5,4,5,13,4,4,10,5,5,2,15,2,27,2,9,6,1,7,9,1,10,1,14,44,1,21,121.5601779,25.0478762
114,05,06,08,48,2,09北投區,北投區大業路527巷1202632燈桿,0,0,1,1,C03,8,5,5,40,14,9,1,5,4,5,13,4,4,7,4,5,1,12,1,44,3,10,6,1,7,9,1,10,2,14,17,1,21,121.4903902,25.1377011
114,05,06,09,32,2,10文山區,文山區木柵路2段與秀明路1段口,0,0,1,1,C03,7,5,5,50,4,1,1,5,4,5,13,2,1,10,5,5,2,16,2,19,3,10,3,4,7,6,1,10,1,12,9,1,22,121.5631992,24.989031
114,05,06,09,33,2,10文山區,文山區辛亥路7段與忠順街1段口,0,0,1,1,B03,7,6,5,50,3,1,1,5,4,5,13,1,1,10,5,5,2,16,1,72,3,10,7,1,7,5,1,8,2,6,74,1,21,121.5540612,24.9832082
114,05,06,09,36,2,01大同區,大同區五原路與五原路16巷口,0,0,1,1,C03,7,7,5,30,4,1,1,5,4,5,13,4,4,10,5,5,2,15,2,25,2,9,6,1,7,9,1,10,1,12,72,1,21,121.5177076,25.0564944
114,05,06,09,43,2,05中正區,中正區中山南路與青島西路口,0,0,1,1,B01,8,6,5,50,4,1,1,5,4,5,9,2,1,5,4,5,1,17,2,52,3,10,7,1,7,7,1,4,1,17,100,1,22,121.5191306,25.04458153
114,05,06,10,12,2,10文山區,文山區保儀路26巷2號,0,0,1,1,C03,7,5,5,30,14,9,1,5,4,5,13,4,4,10,5,5,2,16,2,37,3,10,6,1,7,11,1,10,1,11,44,1,21,121.5682646,24.9882782
114,05,06,10,19,2,10文山區,文山區一壽街3巷與木新路3段243巷4弄口,0,0,1,1,C03,7,6,5,30,14,9,1,5,4,5,13,4,4,10,5,5,2,11,1,24,2,7,6,1,7,9,1,10,2,14,5,1,21,121.5577951,24.9800218
114,05,06,10,32,2,01大同區,大同區重慶北路1段61號,0,0,1,1,B03,8,6,5,50,14,9,1,5,4,5,13,4,4,1,4,5,2,9,1,53,3,10,7,1,7,14,1,8,2,2,40,1,21,121.5139145,25.0512385
114,05,06,10,38,2,07信義區,信義區基隆路1段206號,0,0,1,1,C03,7,6,8,50,14,9,1,5,4,5,13,4,4,8,3,5,2,17,2,36,2,9,3,4,7,9,1,10,1,11,42,1,21,121.5647924,25.041956
114,05,06,10,53,2,08士林區,士林區天母東路59-1號,0,0,1,1,B12,8,6,5,50,14,9,1,5,4,5,13,4,4,3,4,5,1,16,1,57,3,10,7,1,7,10,1,8,2,15,100,1,22,121.5337806,25.1181048
114,05,06,11,02,2,03中山區,中山區新生北路3段43號,0,0,2,1,C03,7,7,5,50,14,9,1,5,4,5,13,4,4,1,3,5,1,12,2,52,2,8,5,1,7,7,1,10,1,13,100,1,21,121.5279175,25.06564598
114,05,06,11,26,2,08士林區,士林區承德路4段與承德路4段77巷口,0,0,1,1,B03,8,6,5,50,5,1,1,5,4,5,13,2,1,1,4,4,2,17,2,58,4,11,3,4,7,5,7,19,9,17,96,2,22,121.523219,25.0821902
114,05,06,11,28,2,12內湖區,內湖區行善路與行善路383巷口,0,0,1,1,B03,8,6,5,50,3,1,1,5,4,5,13,4,4,1,4,4,2,17,2,59,3,10,7,1,7,6,1,8,1,5,9,1,21,121.5854636,25.06401733
114,05,06,11,35,2,08士林區,士林區中山北路6段與天母西路口,0,0,1,1,B03,8,6,5,50,5,2,1,5,4,5,13,2,1,1,4,5,1,17,2,77,3,10,7,1,7,6,1,8,5,1,85,1,21,121.5300074,25.1183259
114,05,06,11,39,2,12內湖區,內湖區民權東路6段13-16號,0,0,1,1,A02,8,6,5,50,14,8,1,5,4,5,13,4,4,1,4,4,2,11,1,39,3,10,7,1,7,8,1,2,2,6,100,1,21,121.5794676,25.0670618
114,05,06,11,52,2,08士林區,士林區福林路與福林路254巷口,0,0,1,1,C03,7,6,5,50,4,1,1,5,4,5,13,2,1,5,4,5,2,17,1,20,3,10,6,1,7,5,1,10,1,13,44,1,25,121.5345453,25.098032
114,05,06,12,06,2,05中正區,中正區林森南路與青島東路口,0,0,1,1,C03,8,5,5,50,14,9,1,5,4,5,13,4,4,9,4,4,2,17,1,21,3,10,5,1,7,15,1,10,9,12,44,1,21,121.5228068,25.0436617
114,05,06,12,12,2,05中正區,中正區中華路1段（台北憲兵隊前）,0,0,1,1,B03,8,6,6,50,14,10,1,5,4,5,13,4,4,2,3,1,2,12,2,28,3,10,2,1,7,8,1,8,2,5,100,1,22,121.508099,25.0411443
114,05,06,12,22,2,02萬華區,萬華區康定路與艋舺大道口,0,0,1,1,C03,7,7,5,50,4,1,1,5,4,5,13,2,1,1,4,5,2,3,1,58,3,10,3,4,7,9,1,10,1,11,70,1,22,121.5005443,25.0328875
114,05,06,12,38,2,09北投區,北投區中正街49巷27號,0,0,1,1,C03,8,5,5,30,14,9,1,5,4,5,13,4,4,10,5,5,1,1,1,56,3,10,6,1,7,9,3,18,8,11,21,1,21,121.4999115,25.1317443
114,05,06,12,45,2,06松山區,松山區民生東路5段260巷與新東街20巷口,0,0,1,1,C03,8,5,5,30,4,1,1,5,4,5,13,4,4,10,5,5,2,15,2,18,2,9,5,1,7,9,1,10,1,11,75,1,21,121.5672406,25.0584525
114,05,06,13,25,2,11南港區,南港區南港路2段19號,0,0,2,1,B03,7,6,5,40,14,7,1,5,4,5,13,2,1,5,5,4,2,16,1,56,3,10,3,4,7,11,1,8,1,4,10,1,21,121.6033809,25.0537469
114,05,06,13,31,2,09北投區,北投區承美路與福真路口,0,0,1,1,A42,8,7,5,30,4,1,1,5,4,5,13,4,4,9,4,5,2,16,1,32,3,10,7,1,1,9,1,1,2,1,72,1,21,121.5037473,25.0981359
114,05,06,13,42,2,04大安區,大安區復興南路2段與復興南路2段210巷口口,0,0,2,1,C03,7,6,5,50,4,2,1,5,4,5,13,2,1,1,4,5,2,13,1,35,2,9,3,4,7,9,1,10,1,11,108,1,22,121.5438448,25.0267594
114,05,06,13,48,2,09北投區,北投區吉利街與吉利街280巷口,0,0,1,1,C03,7,7,5,30,4,1,1,5,4,5,13,4,4,10,5,5,2,16,2,26,2,9,5,1,7,9,1,10,1,12,75,1,21,121.5106233,25.11824481
114,05,06,13,54,2,03中山區,中山區復興北路與五常街口,0,0,1,1,B03,7,7,5,50,4,2,1,5,4,5,13,1,1,1,4,5,1,12,1,29,3,10,7,1,7,10,1,8,11,2,100,1,21,121.5211521,25.0500369
114,05,06,14,46,2,12內湖區,內湖區文德路90巷與文德路208巷6弄口,0,0,1,1,B03,8,6,5,30,4,1,1,5,4,5,13,4,4,10,5,5,2,15,2,64,3,10,7,1,7,9,1,8,1,8,72,1,21,121.5824862,25.0779487
114,05,06,14,58,2,03中山區,中山區松江路235巷與民生東路2段147巷口,0,0,3,1,C03,8,7,5,30,4,2,1,5,4,5,13,2,1,10,5,5,2,16,1,28,2,9,6,1,7,5,1,10,1,14,8,1,21,121.5347875,25.058848
114,05,06,15,06,2,01大同區,大同區承德路3段與承德路3段247巷口口,0,0,1,1,C02,8,5,5,50,3,2,1,5,4,5,13,4,4,9,4,5,2,12,1,43,3,10,5,1,7,8,1,9,2,12,100,1,22,121.5185724,25.0710564
114,05,06,15,20,2,08士林區,士林區中正路與中正路635巷口,0,0,1,1,B12,7,6,5,50,3,2,1,5,4,5,13,4,4,1,4,5,2,17,1,38,3,10,3,4,7,9,1,8,1,2,17,1,22,121.5082222,25.0862517
114,05,06,15,35,2,06松山區,松山區東興路與市民大道5段口,0,0,1,1,A02,7,6,5,50,4,2,1,5,4,5,13,2,1,1,2,5,2,9,1,46,3,10,7,4,7,9,1,2,2,17,44,1,21,121.5656282,25.048528
114,05,06,15,45,2,12內湖區,內湖區舊宗路2段189號,0,0,2,1,B03,7,5,5,50,14,9,1,5,4,5,13,4,4,1,4,5,1,13,1,47,3,10,7,1,7,9,1,7,2,1,118,1,21,121.5743425,25.0719967
114,05,06,15,50,2,03中山區,中山區民族東路410巷與五常街口,0,0,1,1,C03,8,6,5,50,3,2,1,5,4,5,13,4,4,5,5,5,2,17,2,68,3,10,5,1,7,5,1,10,1,17,72,1,21,121.5384082,25.0642963
114,05,06,16,12,2,08士林區,士林區百齡左岸河濱公園自行車道129燈桿,0,0,2,1,F01,7,6,5,30,14,23,1,5,4,5,13,4,4,10,5,5,1,1,1,15,2,9,4,1,7,9,8,20,1,15,108,1,21,121.5122982,25.08903571
114,05,06,16,20,2,03中山區,中山區市民大道3段與建國南路1段口,0,0,1,1,C03,7,7,5,40,5,1,1,5,4,5,13,1,1,1,4,5,1,12,2,34,2,9,5,1,7,9,1,10,2,11,108,1,21,121.5363009,25.04485584
114,05,06,16,27,2,01大同區,大同區承德路1段46號,0,0,1,1,C03,7,7,5,50,14,9,1,5,4,5,13,4,4,1,4,5,1,13,1,22,2,7,6,1,7,9,1,10,1,11,16,1,21,121.517058,25.0513977
114,05,06,16,38,2,12內湖區,內湖區南京東路6段與南京東路6段330巷口,0,0,1,1,F01,7,6,5,30,3,1,1,5,4,5,13,4,4,10,5,5,2,16,2,49,2,9,2,1,7,11,8,20,1,11,11,1,21,121.5844508,25.0582858
114,05,06,16,45,2,11南港區,南港區中坡南路與玉成街140巷口,0,0,2,1,C03,7,6,5,30,3,2,1,5,4,5,13,4,4,5,5,5,2,16,1,69,2,8,5,1,7,5,1,10,1,14,72,1,21,121.5824631,25.0438069
114,05,06,17,04,2,03中山區,中山區天祥路與錦西街口,0,0,1,1,C03,8,7,5,50,3,1,1,5,4,5,13,4,4,5,5,5,2,17,1,48,3,10,6,1,7,5,1,10,9,17,4,1,21,121.5208729,25.060384
114,05,06,17,07,2,06松山區,松山區濱江街373號,0,0,1,1,B12,8,6,8,50,22,22,1,5,4,5,13,4,4,1,4,5,2,17,1,61,3,10,7,4,7,6,1,2,11,17,37,1,21,121.5521765,25.07248756
114,05,06,17,08,2,07信義區,信義區崇德街81巷與崇德街口口,0,0,1,1,B03,7,5,8,50,22,22,1,5,4,5,13,1,1,1,4,5,2,17,1,66,3,10,7,1,7,5,1,8,1,1,108,1,22,121.555372,25.0241698
114,05,06,17,14,2,02萬華區,萬華區萬大路424巷147號,0,0,1,1,C03,7,6,5,50,14,9,1,5,4,5,13,4,4,9,4,5,1,17,1,58,2,3,3,4,7,9,1,10,1,11,4,1,22,121.4944556,25.0208955
114,05,06,17,15,2,10文山區,文山區興隆路1段與興隆路1段251巷口口,0,0,1,1,,8,6,5,50,3,2,1,5,4,5,13,2,1,1,4,5,2,12,4,0,4,11,3,4,7,21,7,,11,,119,2,,121.5441355,24.9992759
114,05,06,17,20,2,08士林區,士林區福華路與德行西路口,0,0,1,1,B03,8,6,6,50,4,1,1,5,4,5,13,1,1,9,3,5,1,12,1,56,3,10,7,1,7,9,1,8,1,5,44,1,21,121.5223706,25.10491113
114,05,06,17,27,2,07信義區,信義區中坡北路與中坡北路37巷口口,0,0,1,1,C03,7,5,5,50,5,2,4,5,4,5,13,4,4,10,5,5,2,17,2,54,4,11,6,4,7,6,1,10,9,17,44,1,21,121.5805224,25.0457785
114,05,06,17,41,2,07信義區,信義區信義路5段與松仁路口,0,0,2,1,C03,8,5,5,50,14,9,1,5,4,5,13,2,1,1,4,5,2,13,1,26,2,9,5,1,7,9,1,10,1,11,108,1,21,121.5680278,25.0327817
114,05,06,17,45,2,03中山區,中山區長安東路2段與復興北路口,0,0,1,1,C03,7,5,5,30,4,1,1,5,4,5,13,1,1,1,4,5,2,16,1,46,2,9,3,4,7,8,1,10,1,14,100,1,21,121.5439385,25.04786774
114,05,06,17,48,2,04大安區,大安區金華街與金華街164巷口,0,0,1,1,B01,8,6,5,50,4,1,1,5,4,5,13,2,1,5,4,5,1,16,1,61,3,10,7,1,7,5,1,4,1,15,8,1,21,121.5306331,25.0297544
114,05,06,17,50,2,03中山區,中山區市民大道3段133號,0,0,1,1,C03,8,6,5,40,14,9,1,5,4,5,13,4,4,1,4,5,2,16,1,24,3,10,6,1,7,8,1,10,2,12,100,1,21,121.53871,25.0447886
114,05,06,17,55,2,05中正區,中正區忠孝東路1段與鎮江街口,0,0,1,1,A04,8,6,5,50,4,2,1,5,4,5,13,1,1,9,4,5,1,9,1,31,3,10,7,1,7,9,1,2,2,1,16,1,21,121.5216776,25.0454448
114,05,06,17,57,2,02萬華區,萬華區漢中街與漢中街147巷口,0,0,2,1,C03,7,5,5,50,3,1,1,5,4,5,13,4,4,5,5,5,2,16,1,20,2,9,5,1,7,6,1,10,1,12,9,1,22,121.5072376,25.0417099
114,05,06,18,02,2,02萬華區,萬華區桂林路與華西街29巷1弄口,0,0,2,1,C03,8,5,5,50,4,1,1,5,4,5,13,2,1,9,4,4,2,16,1,29,2,9,6,1,7,9,1,9,1,11,94,1,22,121.499223,25.0384899