發生年度,發生月,發生日,發生時-Hours,發生分,處理別-編號,區序,肇事地點,死亡人數,2-30日死亡人數,受傷人數,當事人序號,車種,天候,光線,道路類別,速限-速度限制,道路型態,事故位置,路面狀況1,路面狀況2,路面狀況3,道路障礙1,道路障礙2,號誌1,號誌2,車道劃分-分向,車道劃分-分道1,車道劃分-分道2,車道劃分-分道3,事故類型及型態,性別,年齡,受傷程度,主要傷處,保護裝置,行動電話,車輛用途,當事者行動狀態,駕駛資格情形,駕駛執照種類,飲酒情形,車輛撞擊部位1,肇因碼-個別,個人肇逃否,職業,座標-X,座標-Y
114,05,06,18,25,2,12內湖區,內湖區文德路208巷與文德路208巷58弄口,0,0,1,1,F01,7,5,5,50,3,1,1,5,4,5,13,1,1,4,3,5,1,16,2,14,3,10,3,4,7,5,8,20,1,14,8,1,21,121.5835993,25.0764013
114,05,06,18,35,2,01大同區,大同區民生西路與西寧北路口口,0,0,1,1,B03,8,5,5,50,4,1,1,5,4,5,13,2,1,5,5,5,2,16,2,55,3,10,7,1,7,9,1,8,1,5,44,1,21,121.5090359,25.0568839
114,05,06,18,39,2,04大安區,大安區安居街30號與安居街34巷口,0,0,1,1,C03,8,5,5,30,3,1,1,5,4,5,13,4,4,8,5,5,2,3,1,54,3,10,5,1,7,9,1,10,1,11,70,1,22,121.5545763,25.0206476
114,05,06,18,51,2,10文山區,文山區萬盛街106巷與興隆路1段55巷27弄口口,0,0,2,1,C03,8,5,5,30,3,19,1,5,4,5,13,4,4,5,5,5,2,3,1,56,2,8,6,1,7,9,1,9,2,12,70,1,21,121.5408857,25.0043197
114,05,06,18,53,2,01大同區,大同區重慶北路1段與長安西路口,0,0,2,1,C03,7,5,5,50,4,2,1,5,4,5,13,2,1,1,4,5,2,17,2,51,2,9,3,4,7,15,6,8,1,11,71,1,21,121.5140092,25.051615
114,05,06,18,58,2,07信義區,信義區基隆路1段與忠孝東路5段口,0,0,2,1,C03,8,5,5,30,4,1,1,5,4,5,13,1,1,1,4,5,2,12,2,46,2,9,3,4,7,7,1,10,1,12,100,1,21,121.5645779,25.0410573
114,05,06,19,14,2,04大安區,大安區新生南路1段與八德路2段口,0,0,3,1,C03,7,5,5,50,4,2,1,5,4,5,13,2,1,1,4,5,2,13,2,57,2,9,5,1,7,6,1,10,1,13,9,1,21,121.5329859,25.0442184
114,05,06,19,20,2,10文山區,文山區景文街181號,0,0,1,1,B03,7,5,5,50,14,9,1,5,4,5,13,4,4,5,5,5,2,12,2,62,3,10,7,1,7,9,1,8,1,2,17,1,21,121.5408836,24.9887817
114,05,06,20,50,2,12內湖區,內湖區新明路與成功路2段口,0,0,1,1,B01,8,5,5,50,4,1,1,5,4,5,13,2,1,1,4,5,2,17,1,40,3,10,7,1,7,1,1,4,1,5,108,1,21,121.5909574,25.0604592
114,05,06,21,00,2,10文山區,文山區忠順街2段與興隆路4段口,0,0,1,1,B03,8,5,5,50,4,1,1,5,4,5,13,2,1,10,5,5,1,17,2,57,3,10,7,1,7,5,1,8,2,1,71,1,21,121.5617067,24.984516
114,05,06,21,10,2,12內湖區,內湖區內湖路2段320號,0,0,2,1,C03,7,5,5,50,14,9,1,5,4,5,13,4,4,9,5,5,2,16,2,43,2,9,6,1,7,1,1,10,2,14,19,1,21,121.5883925,25.0815681
114,05,06,21,39,2,08士林區,士林區中山北路6段與福國路口,0,0,1,1,B03,7,5,5,50,3,2,1,5,4,5,13,2,1,3,4,5,1,17,1,32,3,10,7,1,7,7,1,8,2,8,100,1,21,121.5254708,25.10273086
114,05,06,21,52,2,10文山區,文山區萬安街16巷8號（停車埸出入口）,0,0,1,1,B03,7,5,5,30,14,9,1,5,4,5,13,4,4,9,5,5,2,17,1,56,3,10,3,4,7,1,1,8,2,7,19,1,22,121.5670504,25.00220585
114,05,06,22,39,2,02萬華區,萬華區長順街123巷與環河南路2段280巷口,0,0,1,1,C03,7,5,5,30,3,1,1,5,4,5,13,4,4,9,5,5,2,17,1,20,2,7,6,1,7,5,1,10,1,12,72,1,21,121.4891345,25.0330843
114,05,06,22,48,2,03中山區,中山區建國北路3段113巷與民族東路410巷2弄口,0,0,2,1,B01,7,5,5,50,5,1,1,5,4,5,13,3,1,9,5,5,2,17,1,32,3,10,7,1,7,5,1,4,1,4,8,1,21,121.5362584,25.06684507
114,05,07,00,02,2,09北投區,北投區中和街與中和街391巷口,0,0,1,1,B03,8,5,5,50,3,1,1,5,4,5,13,4,4,9,4,5,2,16,1,30,3,10,7,1,7,5,1,8,1,8,8,1,21,121.4986113,25.142425
114,05,07,03,08,2,02萬華區,萬華區西藏路125巷與中華路2段416巷口,0,0,1,1,B12,8,5,5,30,4,1,1,5,4,5,13,3,1,10,5,5,2,17,1,53,3,10,3,4,7,9,6,18,1,5,14,1,21,121.5031503,25.0267872
114,05,07,04,40,2,08士林區,士林區通河街76巷與承德路4段10巷口,0,0,1,1,B13,7,6,5,30,4,1,1,4,4,5,13,4,4,5,4,5,1,15,1,28,3,10,3,4,7,9,1,8,1,4,72,1,22,121.5201442,25.0801136
114,05,07,06,54,2,02萬華區,萬華區國興路100號,0,0,1,1,C03,6,7,5,50,14,9,1,4,4,5,13,4,4,9,5,5,2,17,1,50,2,9,5,1,7,4,1,10,1,12,1,1,21,121.5055057,25.0271519
114,05,07,07,12,2,06松山區,松山區光復南路與光復南路17巷口,0,0,1,1,C03,6,7,5,50,3,2,1,4,4,5,13,4,4,1,4,5,2,17,2,46,2,7,5,1,7,9,1,10,1,11,108,1,21,121.5578571,25.0475661
114,05,07,07,20,2,10文山區,文山區新光路2段燈桿0707676號,0,0,1,1,C03,6,6,5,50,14,9,1,4,4,5,13,4,4,9,5,5,1,17,2,29,2,9,3,4,7,4,1,10,1,14,42,1,22,121.5950534,24.99759671
114,05,07,07,20,2,07信義區,信義區永吉路與松信路口口,0,0,1,1,B03,6,5,8,50,4,1,1,4,4,5,13,1,1,1,4,5,2,17,1,61,3,10,7,1,7,6,1,8,1,17,9,1,22,121.5721667,25.045509
114,05,07,07,20,2,07信義區,信義區環東大道下基隆路匝道,0,0,1,1,B03,6,7,5,40,14,16,1,4,4,5,13,4,4,10,4,5,2,13,1,59,3,10,3,4,7,9,1,8,1,1,16,1,21,121.5677107,25.0465321
114,05,07,07,29,2,04大安區,大安區仁愛路4段345巷5弄與延吉街口,0,0,1,1,B01,6,7,5,30,4,2,1,4,4,5,13,4,4,8,3,5,1,15,1,64,3,10,7,1,7,15,1,4,1,2,72,1,21,121.5552906,25.0384512
114,05,07,07,57,2,07信義區,信義區基隆路2段131-11號,0,0,1,1,C03,6,6,5,50,14,8,1,4,4,5,13,4,4,8,3,4,2,18,1,27,2,9,6,1,7,9,1,10,1,14,42,1,21,121.5564936,25.0278271
114,05,07,08,01,2,10文山區,文山區保儀路109巷3弄5號,0,0,1,1,H01,6,5,5,30,14,9,1,4,4,5,13,4,4,10,5,5,2,3,2,76,2,9,4,5,8,16,8,20,10,16,123,1,22,121.5684329,24.9862949
114,05,07,08,01,2,12內湖區,內湖區南京東路6段與南京東路6段口機車道,0,0,1,1,C03,7,5,5,30,3,1,1,4,4,4,9,1,1,10,4,5,1,12,2,48,2,9,5,1,7,10,1,10,1,12,100,1,26,121.5771209,25.0543681
114,05,07,08,10,2,01大同區,大同區台北橋機慢車道往東,0,0,1,1,C03,7,6,5,50,14,9,1,4,4,5,13,2,1,1,4,5,2,13,2,25,3,10,3,4,7,9,1,10,9,11,108,1,21,121.5108092,25.0629022
114,05,07,08,10,2,05中正區,中正區重慶南路3段與汀州路2段口,0,0,1,1,B12,6,7,5,50,4,1,1,4,4,5,13,1,1,1,4,5,2,17,1,23,4,11,3,4,7,9,7,19,9,15,30,2,21,121.5164553,25.0256015
114,05,07,08,26,2,11南港區,南港區東新街與市民大道7段口,0,0,1,1,C03,6,6,5,50,4,1,1,4,4,5,13,1,1,9,4,5,2,16,1,20,3,10,6,1,7,9,1,10,1,14,44,1,21,121.5836257,25.0497712
114,05,07,08,33,2,02萬華區,萬華區內江街與內江街110巷口,0,0,1,1,A02,6,6,5,50,3,2,1,4,4,5,13,2,1,10,4,5,2,17,1,55,3,10,7,1,7,1,1,2,11,17,19,1,21,121.5037353,25.041575
114,05,07,08,50,2,06松山區,松山區市民大道6段與基隆路1段口,0,0,1,1,C03,6,5,5,40,4,4,1,4,4,5,13,2,1,3,5,5,2,13,2,46,2,9,6,1,7,9,1,10,1,11,42,1,22,121.5696166,25.0491584
114,05,07,08,50,2,11南港區,南港區忠孝東路6段317號與忠孝東路6段口,0,0,1,1,B03,6,6,5,50,4,1,1,4,4,5,13,2,1,1,4,5,2,16,2,40,3,10,3,4,7,5,1,8,2,2,74,1,21,121.5911919,25.0498375
114,05,07,08,55,2,09北投區,北投區洲美快速道路與大度路150巷口,0,0,2,1,A41,6,7,5,60,3,2,1,4,4,5,13,1,1,2,3,5,1,13,1,52,3,10,7,1,1,9,1,1,1,1,16,1,22,121.4937859,25.1215494
114,05,07,09,14,2,05中正區,中正區公園路與愛國西路口,0,0,1,1,B03,6,5,5,0,4,1,1,4,4,5,13,1,1,9,4,5,2,17,2,64,3,10,7,1,7,5,1,8,11,8,8,2,21,121.5151605,25.0349941
114,05,07,09,18,2,03中山區,中山區長安東路2段153巷與長安東路2段153巷東口無名巷,0,0,1,1,B03,6,6,5,30,3,1,1,4,4,5,13,4,4,9,5,5,2,17,1,49,4,11,7,4,7,5,7,19,9,17,72,1,21,121.5391186,25.049559
114,05,07,09,23,2,08士林區,士林區延平北路5段與中正路口,0,0,2,1,B12,6,7,5,50,4,2,1,4,4,5,13,1,1,10,4,5,1,13,1,49,3,10,7,1,7,9,1,8,2,1,16,1,21,121.5093542,25.08645547
114,05,07,09,34,2,04大安區,大安區和平東路3段1巷與和平東路3段口,0,0,1,1,B01,6,7,5,50,4,2,1,4,4,5,13,2,1,8,3,5,1,17,1,50,3,10,7,1,7,15,1,4,1,17,100,1,26,121.5466524,25.0247757
114,05,07,10,10,2,06松山區,松山區民生東路4段與民生東路4段80巷口,0,0,2,1,C03,6,5,5,50,4,1,1,4,4,5,13,1,1,1,4,5,2,17,1,34,2,8,6,1,7,5,1,10,1,12,71,1,21,121.5529034,25.0580024
114,05,07,10,18,2,03中山區,中山區長春路與南京東路3段223巷口,0,0,2,1,C03,6,6,5,30,4,1,1,4,4,5,13,4,4,9,4,5,2,16,2,46,2,8,5,1,7,9,1,10,1,14,72,1,21,121.5435175,25.0545375
114,05,07,10,18,2,09北投區,北投區公館路與公館路63巷口,0,0,1,1,B03,6,7,5,50,5,2,1,4,4,5,13,4,4,5,5,5,1,3,1,21,3,10,7,1,7,9,1,8,1,1,70,1,22,121.5038527,25.1325143
114,05,07,10,20,2,03中山區,中山區中山北路2段116巷與錦西街5巷口,0,0,1,1,A11,7,7,5,30,4,1,1,4,4,5,13,4,4,10,5,5,2,15,1,50,3,10,7,1,7,9,1,7,1,1,75,1,21,121.5219026,25.06094031
114,05,07,10,25,2,06松山區,松山區撫遠街與民權東路5段口,0,0,1,1,C03,6,5,5,50,4,1,1,4,4,5,13,2,1,1,4,5,2,15,2,28,2,9,6,1,7,6,1,10,1,12,9,1,22,121.5660411,25.0632946
114,05,07,10,34,2,08士林區,士林區承德路4段與承德路4段292巷口,0,0,1,1,B11,6,6,5,40,3,2,1,4,4,5,13,4,4,1,4,4,2,17,1,30,3,10,7,1,7,6,1,4,1,6,9,1,22,121.5191957,25.0896316
114,05,07,11,15,2,01大同區,大同區延平北路4段115號,0,0,1,1,B03,6,6,5,50,14,9,1,4,4,5,13,2,1,5,4,5,2,17,1,55,3,10,3,4,7,7,1,8,1,5,100,1,22,121.5112686,25.0728787
114,05,07,11,26,2,06松山區,松山區光復北路11巷44號,0,0,1,1,C03,6,6,5,50,14,9,1,4,4,5,13,4,4,8,5,5,2,13,2,22,2,9,6,1,7,9,1,10,1,11,16,1,22,121.5597462,25.049791
114,05,07,11,53,2,09北投區,北投區東華街1段372號,0,0,1,1,C03,7,7,5,50,14,9,1,5,4,5,13,4,4,10,4,5,2,13,1,29,2,9,5,1,7,9,1,10,1,11,16,1,22,121.5189552,25.1099287
114,05,07,12,03,2,04大安區,大安區和平東路3段與四維路口,0,0,1,1,B02,6,6,5,50,3,1,1,4,4,5,13,4,4,1,4,5,2,16,2,35,3,10,7,1,7,6,1,8,9,5,9,1,21,121.5478673,25.0247227
114,05,07,12,23,2,04大安區,大安區建國南路2段與建國南路2段口無名巷,0,0,1,1,B02,6,7,5,50,3,1,1,4,4,5,13,4,4,5,4,5,1,16,2,50,3,10,7,1,7,6,1,8,1,2,9,1,21,121.5381232,25.03164815
114,05,07,12,26,2,06松山區,松山區新東街41-6號,0,0,1,1,C03,6,6,5,50,14,9,1,4,4,5,13,4,4,9,5,5,2,13,1,55,2,8,6,1,7,9,1,10,1,11,118,1,21,121.5655737,25.06061812
114,05,07,12,42,2,08士林區,士林區文林路740巷與文林路740巷9弄口,0,0,2,1,C03,6,6,5,30,4,2,1,4,4,5,13,4,4,10,5,5,1,17,1,38,2,9,5,1,7,9,1,10,1,14,72,1,21,121.5209276,25.10327136
114,05,07,13,00,2,04大安區,大安區敦化南路1段161巷與忠孝東路4段147巷口,0,0,1,1,C03,6,6,5,30,4,1,1,4,4,5,13,4,4,8,5,5,2,17,1,25,3,10,3,4,7,5,1,10,1,14,8,1,21,121.5497157,25.0435322
114,05,07,13,10,2,02萬華區,萬華區堤外便道近果菜市場疏散門,0,0,2,1,C03,6,7,5,50,3,1,1,4,4,5,13,4,4,9,4,5,2,16,1,43,2,5,3,4,7,6,6,18,1,12,9,1,22,121.499511,25.0165697
114,05,07,13,28,2,04大安區,大安區仁愛路3段與仁愛路3段118巷口口,0,0,1,1,B03,6,7,5,50,4,1,1,4,4,5,13,2,1,1,4,5,1,17,2,47,3,10,7,1,7,5,1,8,1,4,8,1,21,121.5399944,25.0376529
114,05,07,15,02,2,02萬華區,萬華區環河南路1段62號,0,0,1,1,C03,6,6,5,50,14,9,1,4,4,5,13,4,4,8,3,5,1,29,2,63,2,8,5,1,7,12,1,10,9,11,44,1,21,121.5050387,25.0478138
114,05,07,15,09,2,04大安區,大安區基隆路2段與敦化南路2段口,0,0,1,1,B13,6,6,5,50,3,1,1,4,4,5,13,1,1,1,5,5,2,16,1,72,3,10,7,1,7,5,1,8,1,4,8,1,21,121.5493359,25.0211671
114,05,07,16,01,2,08士林區,士林區雨聲街與雨聲街口（陽明醫院旁）,0,0,1,1,B03,6,6,5,50,3,1,1,4,4,5,13,2,1,5,5,5,1,17,2,49,3,10,7,1,7,5,1,8,2,1,108,1,21,121.531468,25.10484884
114,05,07,16,30,2,07信義區,信義區忠孝東路5段35號,0,0,1,1,C03,6,7,5,50,14,9,1,4,4,5,13,1,1,3,4,5,2,12,2,44,2,9,6,4,7,10,1,10,1,14,100,1,21,121.5661555,25.0411863
114,05,07,17,15,2,10文山區,文山區辛亥路4段與辛亥路4段222巷口,0,0,1,1,F01,6,6,5,50,3,2,1,4,4,5,13,2,1,1,4,5,1,17,1,13,3,10,4,1,7,11,8,20,2,11,42,1,15,121.555495,25.0022225
114,05,07,17,20,2,07信義區,信義區松山路與福德街口,0,0,1,1,B03,6,7,5,50,4,1,1,4,4,5,13,1,1,5,4,5,2,17,1,67,3,10,3,4,7,5,6,18,1,5,80,1,21,121.5784709,25.0362666
114,05,07,17,21,2,07信義區,信義區市民大道5段25號對面,0,0,1,1,B03,7,5,5,50,14,9,1,4,4,5,13,4,4,1,4,5,2,17,2,32,3,10,7,1,7,8,1,8,1,5,100,1,21,121.5591244,25.0455347
114,05,07,17,30,2,07信義區,信義區忠孝東路4段515號,0,0,1,1,F01,6,5,5,0,22,20,4,4,4,5,13,4,4,10,5,5,2,18,2,61,2,8,4,1,7,5,8,20,9,14,42,1,21,121.5580039,25.0415519
114,05,07,17,34,2,12內湖區,內湖區新明路與新明路219巷口,0,0,2,1,C03,6,5,5,50,3,2,1,4,4,5,13,2,1,5,4,5,1,17,1,37,2,8,6,1,7,7,1,10,2,14,42,1,21,121.5876713,25.0583117
114,05,07,17,55,2,03中山區,中山區中山北路3段與民族西路口,0,0,2,1,C03,7,5,5,50,4,1,1,4,4,5,13,1,1,9,4,5,2,12,2,42,2,7,6,1,7,10,1,10,1,13,100,1,21,121.5228053,25.06810635
114,05,07,18,00,2,07信義區,信義區信安街103巷22之5號,0,0,2,1,C03,6,5,5,30,14,9,1,4,4,5,13,4,4,10,5,5,2,18,1,35,2,9,6,4,7,9,1,10,1,12,42,1,21,121.5603504,25.0246707
114,05,07,18,12,2,07信義區,信義區忠孝東路5段423巷與忠孝東路5段423巷6弄口,0,0,1,1,B03,6,5,5,30,4,1,1,4,4,5,13,4,4,9,5,5,2,17,1,34,3,10,3,4,7,1,1,8,1,17,72,1,21,121.5753521,25.0413874
114,05,07,18,16,2,04大安區,大安區新生北路1段與市民大道3段口,0,0,1,1,B02,6,6,5,50,4,2,1,4,4,5,13,2,1,1,4,5,2,17,1,42,4,11,3,4,7,8,7,19,11,17,100,2,21,121.5330191,25.04509065
114,05,07,18,16,2,05中正區,中正區林森北路與林森北路9巷口,0,0,1,1,B03,6,6,5,50,3,1,1,4,4,5,13,4,4,7,4,5,2,16,2,29,3,10,2,1,7,5,1,8,2,1,2,1,22,121.5237034,25.0458083
114,05,07,18,37,2,02萬華區,萬華區青年路與水源路口,0,0,1,1,B01,6,5,5,50,4,1,1,4,4,5,13,1,1,8,5,5,2,17,1,60,3,10,7,1,7,5,1,4,1,8,71,1,21,121.504273,25.0198765
114,05,07,18,41,2,08士林區,士林區福國路26號,0,0,1,1,C03,7,5,5,30,14,9,1,4,4,5,13,1,1,1,4,5,1,17,1,32,3,10,3,4,7,5,1,10,1,17,8,1,22,121.5245342,25.102281
114,05,07,19,04,2,06松山區,松山區八德路2段366巷與八德路2段346巷3弄口,0,0,1,1,C03,7,5,5,30,3,2,1,4,4,5,13,4,4,10,5,5,2,17,2,30,2,9,6,1,7,5,1,10,1,13,72,1,22,121.5459664,25.0476588
114,05,07,19,18,2,06松山區,松山區復興北路與民族東路口,0,0,1,1,B03,6,5,5,50,4,1,1,4,4,5,13,1,1,1,4,5,2,12,1,32,3,10,7,1,7,10,1,8,1,2,100,1,22,121.5443735,25.0661358
114,05,07,19,26,2,07信義區,信義區市民大道5段14巷,0,0,1,1,,7,5,8,30,12,9,1,5,3,5,13,4,4,7,5,5,2,29,3,0,,,,,,,,,,,129,1,,121.5600108,25.0454814
114,05,07,19,30,2,04大安區,大安區忠孝東路4段216巷與敦化南路1段233巷口,0,0,1,1,B03,6,5,5,30,4,1,1,4,4,5,13,4,4,5,1,5,2,15,1,49,3,10,7,1,7,9,1,8,1,4,72,1,21,121.5529674,25.04028256
114,05,07,20,30,2,05中正區,中正區開封街1段14巷與重慶南路1段29巷口,0,0,2,1,C03,7,5,5,30,4,1,1,4,4,5,13,4,4,10,5,5,2,15,1,47,2,8,5,1,7,9,1,10,2,11,75,1,21,121.5138118,25.0454789
114,05,07,20,40,2,04大安區,大安區通化街17號與通化街24巷口對面,0,0,1,1,B03,6,5,5,50,4,2,1,4,4,5,13,4,4,8,5,5,2,13,1,29,3,10,7,1,7,9,1,8,1,5,108,1,22,121.5542375,25.0317573
114,05,07,22,42,2,11南港區,南港區研究院路1段與研究院路1段151巷口,0,0,2,1,C03,7,5,5,50,3,1,1,5,4,5,13,2,1,3,4,5,2,16,1,55,2,8,5,4,7,5,1,10,1,12,74,1,22,121.6156453,25.050765
114,05,07,23,00,2,08士林區,士林區中山北路6段與德行西路口,0,0,1,1,B03,7,5,5,50,4,1,1,5,4,5,13,1,1,5,4,5,2,17,1,39,3,10,3,4,7,5,1,8,2,8,71,1,21,121.5248872,25.1064933
114,05,07,23,04,2,12內湖區,內湖區安泰街45巷7號前,0,0,1,1,B03,7,5,5,30,14,9,1,4,4,5,13,4,4,10,5,5,2,17,1,76,3,10,7,1,7,13,1,8,2,8,40,1,21,121.6181253,25.0738814
114,05,08,00,04,2,10文山區,文山區木柵路5段43巷燈桿南22號旁,0,0,2,1,C03,7,5,5,30,11,9,1,4,4,5,13,4,4,5,5,5,2,18,1,26,2,9,5,1,7,9,1,10,1,14,118,1,21,121.5857874,25.008692
114,05,08,01,30,2,10文山區,文山區木柵路5段203號停車格,0,0,1,1,C03,7,5,5,50,14,9,1,5,4,5,13,4,4,1,4,5,1,17,2,35,2,9,5,1,7,9,1,10,1,11,42,1,21,121.5947832,25.0005654
114,05,08,06,05,2,09北投區,北投區公館路與東華街2段口,0,0,1,1,,8,6,5,50,4,2,1,5,4,5,13,2,1,4,1,5,2,13,4,0,,,,,,,,,,,119,2,,121.5028098,25.12209246
114,05,08,06,20,2,08士林區,士林區承德路4段與劍潭路口口,0,0,1,1,C03,7,7,5,50,4,1,1,4,4,5,13,2,1,1,4,5,1,17,1,39,3,10,5,1,7,7,1,10,2,12,100,1,21,121.5234745,25.08402089
114,05,08,06,35,2,01大同區,大同區重慶北路2段與民權西路口,0,0,1,1,C03,7,6,5,50,4,2,1,5,4,5,13,1,1,1,4,5,2,17,1,62,2,9,5,1,7,9,1,10,1,14,16,1,21,121.5132468,25.06289955
114,05,08,06,45,2,12內湖區,內湖區行愛路與民權東路6段口,0,0,2,1,C03,7,6,5,50,14,9,1,5,4,5,13,4,4,5,5,5,2,9,1,45,2,8,6,1,7,9,1,10,2,11,108,1,22,121.5786345,25.066299
114,05,08,07,00,2,07信義區,信義區忠孝東路5段與基隆路1段口,0,0,1,1,C03,7,6,5,50,4,2,1,5,4,5,13,2,1,1,3,4,2,13,1,38,2,8,6,1,7,12,1,10,1,11,17,1,21,121.5646055,25.0416456
114,05,08,07,26,2,02萬華區,萬華區萬大路322巷與德昌街7巷口,0,0,2,1,C03,7,6,5,30,3,1,1,5,4,5,13,4,4,10,5,5,2,17,1,69,2,5,6,1,7,5,1,10,1,14,118,1,21,121.4995796,25.0246498
114,05,08,07,40,2,01大同區,大同區塔城街與忠孝西路2段口,0,0,2,1,C03,7,7,5,50,4,1,1,5,4,5,13,1,1,1,4,5,2,16,2,42,2,8,6,1,7,5,1,10,1,11,8,1,21,121.5099082,25.0481591
114,05,08,07,40,2,07信義區,信義區市府路與松壽路口口,0,0,1,1,B03,8,5,8,50,4,1,1,5,4,5,13,2,1,1,4,5,2,17,1,54,3,10,7,1,7,6,1,8,9,17,9,2,22,121.5636548,25.0359734
114,05,08,08,03,2,02萬華區,萬華區堤外便道(龍山忠孝3-08號燈桿),0,0,1,1,C03,8,6,5,40,14,11,1,5,4,5,13,4,4,4,5,5,2,17,1,37,4,11,3,4,7,21,7,19,9,15,108,2,22,121.5053401,25.0489894
114,05,08,08,22,2,03中山區,中山區民權東路2段107號,0,0,1,1,C03,8,7,5,50,14,9,1,5,4,5,13,4,4,3,4,5,2,13,1,44,2,9,5,1,7,9,1,10,1,11,108,1,21,121.5328359,25.0626142
114,05,08,08,34,2,04大安區,大安區杭州南路2段61巷與潮州街55巷口,0,0,2,1,C03,7,6,5,30,4,1,1,5,4,5,13,4,4,10,5,5,2,15,1,40,2,9,6,4,7,9,1,10,1,11,75,1,22,121.5241885,25.0300296
114,05,08,08,46,2,05中正區,中正區重慶南路1段130號,0,0,1,1,C03,8,5,5,50,14,9,1,5,4,5,13,4,4,9,4,5,2,17,2,33,2,4,5,1,7,9,1,10,1,11,16,1,21,121.5126288,25.0363454
114,05,08,08,48,2,11南港區,南港區研究院路3段與研究院路口側附近3段14巷口,0,0,2,1,C03,8,6,5,50,11,9,1,5,4,5,13,4,4,9,5,5,2,13,1,32,2,9,3,4,7,11,1,10,1,14,11,1,22,121.6166834,25.0353391
114,05,08,08,55,2,08士林區,士林區至善路2段266巷與至善路2段口,0,0,1,1,B01,8,6,5,50,3,1,1,5,4,5,13,1,1,10,5,5,1,16,1,61,3,10,7,1,7,11,1,4,1,7,10,1,21,121.5509103,25.1005384
114,05,08,08,59,2,12內湖區,內湖區新明路298巷與南京東路6段口,0,0,3,1,C03,8,7,5,50,14,9,1,5,4,5,13,1,1,4,4,5,1,13,2,24,2,9,6,1,7,9,1,10,1,11,108,1,21,121.5816599,25.0570101
114,05,08,09,00,2,09北投區,北投區大度路與承德路7段401巷620弄口,0,0,1,1,B02,7,6,5,50,4,1,1,5,4,5,13,2,1,1,4,5,2,16,2,26,3,10,7,1,7,6,1,8,1,6,9,1,21,121.5232863,25.11576008
114,05,08,09,01,2,01大同區,大同區民族西路與無名巷口,0,0,1,1,C03,8,6,5,50,4,2,1,5,4,5,13,1,1,5,2,5,2,29,1,37,2,8,5,1,7,9,1,10,1,14,42,1,21,121.5168547,25.06857555
114,05,08,09,02,2,05中正區,中正區博愛路83號,0,0,1,1,B03,8,6,5,50,14,9,1,5,4,5,13,4,4,10,4,5,1,12,1,54,3,10,7,1,7,9,1,8,2,2,108,1,22,121.5115426,25.0433858
114,05,08,09,06,2,06松山區,松山區健康路325巷6弄27號,0,0,1,1,F01,8,6,8,30,22,22,5,5,4,5,13,4,4,10,5,5,2,17,2,80,2,9,4,1,7,9,8,20,9,14,116,1,21,121.5685518,25.0550223
114,05,08,09,15,2,08士林區,士林區中山北路6段35巷與福國路15巷口,0,0,1,1,B03,7,5,8,50,22,22,1,5,4,5,13,2,1,10,5,5,1,17,1,54,3,10,7,1,7,6,1,8,1,1,9,1,21,121.5209576,25.12088555
114,05,08,09,29,2,03中山區,中山區南京東路2段13號,0,0,1,1,B13,8,7,5,50,14,8,1,5,4,5,13,4,4,1,4,4,2,12,1,30,3,10,7,1,7,9,1,8,1,2,108,1,26,121.5285895,25.052167
114,05,08,09,31,2,12內湖區,內湖區舊宗路2段189號,0,0,2,1,C03,8,7,5,50,14,9,1,5,4,5,13,4,4,1,4,5,2,13,1,19,2,8,5,1,7,9,1,10,1,11,16,1,21,121.5742901,25.0719558
114,05,08,10,04,2,09北投區,北投區聖景路1205654號燈桿,0,0,3,1,C03,7,7,5,40,14,9,1,5,4,5,13,4,4,10,5,5,2,11,1,22,2,9,5,1,7,9,1,10,2,11,17,1,22,121.4628393,25.1214188
114,05,08,10,17,2,11南港區,南港區研究院路1段與研究院路1段151巷口,0,0,2,1,C03,8,6,5,50,5,1,1,5,4,5,13,1,1,3,4,5,2,13,2,23,2,9,5,1,7,9,1,10,1,11,108,1,21,121.6158126,25.0491289
114,05,08,10,18,2,04大安區,大安區市民大道4段與忠孝東路4段223巷口,0,0,1,1,C03,8,6,8,40,22,22,1,5,4,5,13,2,1,1,4,5,2,12,1,39,3,10,6,1,7,7,1,10,1,12,100,1,21,121.552986,25.0442563
114,05,08,10,23,2,07信義區,信義區基隆路2段149之40號,0,0,1,1,C03,8,6,5,50,14,9,1,5,4,5,13,4,4,8,3,5,2,13,1,21,2,9,5,4,7,21,1,10,1,11,44,1,21,121.5543216,25.0258724
114,05,08,10,26,2,07信義區,信義區和平東路3段635號,0,0,1,1,F01,8,7,5,40,14,9,1,5,4,5,13,2,1,9,4,4,2,18,1,56,2,9,4,4,7,9,8,20,9,11,116,1,22,121.5633573,25.0130883
114,05,08,10,28,2,05中正區,中正區廈門街113巷與同安街口口,0,0,1,1,C03,8,6,5,30,4,1,1,5,4,5,13,4,4,10,5,5,1,17,1,71,2,8,6,1,7,5,1,10,2,12,72,1,21,121.5215903,25.0232792
114,05,08,10,30,2,10文山區,文山區興隆路4段1巷3號,0,0,1,1,B03,8,7,5,30,11,9,1,5,4,5,13,4,4,10,5,5,2,17,2,50,3,10,7,1,7,1,1,8,1,8,19,1,21,121.559216,24.9912606
114,05,08,10,43,2,02萬華區,萬華區萬大路414號,0,0,1,1,A02,7,7,5,50,14,9,1,5,4,5,13,4,4,10,4,5,2,12,1,54,3,10,3,1,7,9,1,2,1,2,108,1,22,121.4983476,25.0212152