發生年度,發生月,發生日,發生時-Hours,發生分,處理別-編號,區序,肇事地點,死亡人數,2-30日死亡人數,受傷人數,當事人序號,車種,天候,光線,道路類別,速限-速度限制,道路型態,事故位置,路面狀況1,路面狀況2,路面狀況3,道路障礙1,道路障礙2,號誌1,號誌2,車道劃分-分向,車道劃分-分道1,車道劃分-分道2,車道劃分-分道3,事故類型及型態,性別,年齡,受傷程度,主要傷處,保護裝置,行動電話,車輛用途,當事者行動狀態,駕駛資格情形,駕駛執照種類,飲酒情形,車輛撞擊部位1,肇因碼-個別,個人肇逃否,職業,座標-X,座標-Y
114,05,08,10,50,2,04大安區,大安區嘉興街與樂業街口,0,0,1,1,C03,8,7,5,30,5,2,1,5,4,5,13,4,4,5,5,5,1,17,2,73,2,7,6,1,7,5,1,10,1,13,72,1,21,121.5514517,25.0213582
114,05,08,11,24,2,09北投區,北投區明德路與明德路289巷口,0,0,1,1,B03,8,7,5,50,4,1,1,5,4,5,13,3,1,10,5,5,2,17,1,70,3,10,7,1,7,1,1,8,2,1,42,1,21,121.5214083,25.1152643
114,05,08,11,52,2,07信義區,信義區基隆路1段與基隆路1段102巷口,0,0,1,1,B03,8,6,5,50,3,2,1,5,4,5,13,4,4,10,3,5,2,16,1,34,3,10,3,4,7,6,1,8,2,5,9,1,21,121.5668426,25.0453811
114,05,08,12,07,2,04大安區,大安區忠孝東路3段與建國南路1段口,0,0,2,1,C03,8,6,5,50,5,1,1,5,4,5,13,1,1,8,3,5,2,17,1,43,2,9,3,4,7,6,1,10,1,11,9,1,21,121.5373138,25.0418635
114,05,08,12,23,2,05中正區,中正區汀州路3段120號,0,0,2,1,F03,8,6,5,50,14,9,1,5,4,5,13,4,4,9,5,5,2,16,1,69,2,8,6,1,7,5,8,20,1,12,8,1,21,121.5335713,25.0141473
114,05,08,12,35,2,07信義區,信義區信安街與信安街15巷口,0,0,1,1,C03,7,6,8,50,4,1,1,5,4,5,13,4,4,8,4,5,2,17,1,68,2,9,3,4,7,15,1,10,1,11,72,1,21,121.5580535,25.027755
114,05,08,12,53,2,03中山區,中山區明水路與明水路557巷口,0,0,1,1,B03,8,6,5,40,3,2,1,5,4,5,13,4,4,8,3,4,2,16,2,75,4,11,3,4,7,6,7,19,11,15,9,2,21,121.5521808,25.0792832
114,05,08,13,09,2,03中山區,中山區北安路458巷9號,0,0,1,1,B03,8,6,5,30,14,9,1,5,4,5,13,2,1,10,5,5,2,13,1,41,3,10,7,4,7,3,1,8,2,1,18,1,21,121.54458,25.0791745
114,05,08,13,19,2,02萬華區,萬華區中興橋機車道往台北,0,0,1,1,C03,7,7,5,30,8,11,1,5,4,5,13,4,4,10,5,5,2,18,1,47,2,9,5,4,7,9,1,10,1,15,13,1,22,121.4995198,25.04486242
114,05,08,13,26,2,03中山區,中山區市民大道2段47號,0,0,2,1,C03,8,7,5,40,14,9,1,5,4,5,13,4,4,1,4,5,2,17,1,23,2,9,6,2,7,9,1,10,1,11,108,1,21,121.5286489,25.0468629
114,05,08,13,30,2,03中山區,中山區中山北路2段83號,0,0,1,1,C03,8,6,5,50,14,9,1,5,4,5,13,4,4,1,4,5,2,13,1,31,2,9,6,1,7,9,1,10,1,11,16,1,21,121.5229755,25.0584419
114,05,08,13,31,2,05中正區,中正區重慶南路1段與寶慶路口,0,0,1,1,C03,8,5,5,50,4,2,1,5,4,5,13,2,1,10,4,5,2,13,2,20,2,9,5,1,7,7,1,10,1,13,100,1,21,121.5127846,25.0410723
114,05,08,13,44,2,07信義區,信義區莊敬路與松勤街口,0,0,1,1,B01,8,6,5,50,4,1,1,5,4,5,13,2,1,9,3,5,2,16,1,49,3,10,3,4,7,5,1,8,2,4,8,1,21,121.5612819,25.032223
114,05,08,13,50,2,02萬華區,萬華區環河南路2段與和平西路3段口,0,0,2,1,C03,8,6,5,50,14,9,1,5,4,5,13,1,1,10,5,5,2,17,2,70,2,8,5,1,7,9,1,10,9,17,108,1,21,121.494091,25.035193
114,05,08,14,21,2,07信義區,信義區基隆路1段200號,0,0,1,1,C03,8,5,5,50,14,9,1,5,4,5,13,4,4,9,4,5,2,13,2,28,2,8,6,1,7,9,1,10,1,11,16,1,22,121.5636382,25.039983
114,05,08,14,51,2,01大同區,大同區台北橋機慢車道往三重,0,0,1,1,C04,7,6,5,50,14,11,1,5,4,5,13,4,4,1,4,5,2,29,2,58,2,9,6,1,7,9,1,21,1,14,42,1,21,121.5075999,25.0637387
114,05,08,14,53,2,12內湖區,內湖區瑞湖街與舊宗路2段135巷口,0,0,1,1,B03,8,7,5,50,3,2,1,5,4,5,13,4,4,5,5,5,2,16,1,44,3,10,7,1,7,6,1,8,1,2,9,1,21,121.5764291,25.0697552
114,05,08,15,04,2,03中山區,中山區吉林路與新生北路2段41巷口,0,0,1,1,B02,8,6,5,30,4,1,1,5,4,5,13,4,4,5,4,5,2,15,1,58,3,10,3,4,7,9,1,8,1,1,72,1,22,121.530167,25.055312
114,05,08,15,12,2,06松山區,松山區民權東路3段103巷與民權東路3段口,0,0,2,1,C03,8,5,5,50,3,2,1,5,4,5,13,4,4,1,3,5,2,13,1,40,2,9,5,4,7,8,1,10,1,13,100,1,21,121.5447962,25.0622232
114,05,08,15,14,2,06松山區,松山區基隆路1段與八德路4段口,0,0,1,1,C03,8,6,5,50,4,1,1,5,4,5,13,2,1,5,4,5,2,17,2,35,2,9,6,4,7,1,1,10,1,14,19,1,22,121.5698893,25.0496059
114,05,08,15,20,2,06松山區,松山區八德路3段12巷與八德路3段12巷52弄口,0,0,1,1,B03,8,6,5,30,4,1,1,5,4,5,13,4,4,9,4,5,2,15,2,45,3,10,7,1,7,9,1,8,1,2,72,1,21,121.5507096,25.0461547
114,05,08,15,24,2,02萬華區,萬華區寶興街與東園街28巷口,0,0,1,1,C03,8,6,5,30,3,2,1,5,4,5,13,2,1,10,5,5,2,9,1,72,3,10,6,1,7,14,1,10,1,12,42,1,21,121.4944361,25.02616
114,05,08,15,50,2,12內湖區,內湖區民權東路6段56巷與民權東路6段90巷16弄口,0,0,2,1,C03,8,6,5,50,3,1,1,5,4,5,13,4,4,9,5,4,2,16,1,62,2,7,6,1,7,5,1,10,1,12,74,1,22,121.5851117,25.0679292
114,05,08,16,08,2,08士林區,士林區士東路200巷與士東路200巷49弄口,0,0,1,1,C04,8,5,5,30,3,1,1,5,4,5,13,4,4,9,5,5,2,17,2,62,2,7,3,4,7,5,1,21,1,12,72,1,22,121.5233996,25.11577098
114,05,08,16,15,2,02萬華區,萬華區西園路1段與廣州街口,0,0,1,1,B03,8,6,5,40,4,1,1,5,4,5,13,1,1,8,3,5,1,17,1,43,3,10,7,1,7,11,1,8,1,5,92,1,21,121.4993155,25.0366331
114,05,08,16,27,2,08士林區,士林區承德橋與通河街口,0,0,1,1,C03,7,6,5,50,4,1,1,5,4,5,13,1,1,1,4,5,2,17,2,51,2,9,3,4,7,8,1,10,2,15,100,1,21,121.5222316,25.08056638
114,05,08,16,44,2,03中山區,中山區民生東路2段147巷與建國北路2段186巷口,0,0,1,1,B03,7,5,5,30,4,1,1,5,4,5,13,4,4,9,5,5,2,15,1,57,3,10,3,4,7,9,1,8,1,1,72,1,21,121.5348369,25.05962761
114,05,08,16,47,2,09北投區,北投區育仁路113號,0,0,1,1,C03,8,7,5,30,14,9,1,5,4,5,13,4,4,9,5,5,2,11,2,30,2,9,5,1,7,9,1,10,1,14,44,1,22,121.5000377,25.135386
114,05,08,16,58,2,04大安區,大安區仁愛路4段345巷15弄15號,0,0,2,1,C03,8,6,5,30,14,9,1,5,4,5,13,4,4,10,5,5,2,12,2,48,2,9,6,1,7,1,1,10,1,13,19,1,21,121.5544078,25.0389431
114,05,08,17,24,2,07信義區,信義區松仁路2號,0,0,2,1,C03,8,7,5,50,14,9,1,5,4,5,13,4,4,1,4,5,2,17,1,39,2,9,6,4,7,9,1,10,1,11,99,1,21,121.5684064,25.040444
114,05,08,17,26,2,05中正區,中正區重慶南路1段與寶慶路口,0,0,2,1,C03,7,6,5,50,4,2,1,5,4,5,13,1,1,5,4,5,2,16,1,31,2,8,6,4,7,7,1,10,1,12,100,1,22,121.513053,25.04091953
114,05,08,18,06,2,05中正區,中正區廣州街與廣州街口花園酒店停車場車道口,0,0,1,1,B03,8,5,5,40,4,1,1,5,4,5,13,4,4,5,5,5,2,16,1,45,3,10,7,1,7,1,1,8,1,8,19,1,21,121.5071725,25.0359102
114,05,08,18,16,2,05中正區,中正區金山南路1段與臨沂街6巷口,0,0,2,1,C03,8,5,5,30,5,1,1,5,4,5,13,4,4,9,5,5,1,15,1,19,2,3,5,1,7,9,3,18,2,12,75,1,25,121.5298192,25.0426289
114,05,08,18,20,2,12內湖區,內湖區環山路2段53巷6弄24號,0,0,1,1,C03,8,6,5,30,14,9,1,5,4,5,13,4,4,10,5,5,1,10,1,44,2,9,6,1,7,1,1,10,1,11,19,1,21,121.5743768,25.08459527
114,05,08,18,40,2,12內湖區,內湖區新明路380巷3弄與新明路362巷口,0,0,1,1,C03,7,5,5,30,4,1,1,5,4,5,13,4,4,10,5,5,2,15,1,34,2,9,5,1,7,9,1,10,1,14,44,1,21,121.580913,25.0555646
114,05,08,18,50,2,03中山區,中山區復興北路320巷與民生東路3段73巷口,0,0,1,1,F02,8,5,5,30,4,1,1,5,4,5,13,4,4,10,4,5,2,15,1,70,2,9,4,1,7,9,8,20,1,12,89,1,21,121.5435674,25.0594312
114,05,08,18,52,2,01大同區,大同區延平北路3段47-1號,0,0,1,1,,7,5,5,50,14,9,1,5,4,5,13,4,4,8,3,5,1,8,4,,4,11,3,4,7,9,7,19,11,12,119,2,22,121.5111118,25.0651728
114,05,08,18,58,2,03中山區,中山區建國南路1段與市民大道3段口,0,0,1,1,B03,7,5,5,50,5,2,1,5,4,5,13,4,4,8,3,5,1,17,1,62,3,10,7,1,7,6,1,8,1,2,9,1,21,121.5369565,25.0452778
114,05,08,19,00,2,06松山區,松山區塔悠路與撫遠街261巷口,0,0,1,1,B12,7,5,5,50,3,1,1,5,4,5,13,4,4,1,4,5,2,13,1,40,3,10,3,4,7,5,1,8,2,8,108,1,22,121.5684752,25.0622324
114,05,08,19,00,2,08士林區,士林區延平北路5段76號,0,0,2,1,C03,7,5,5,50,14,9,1,5,4,5,13,4,4,1,4,5,1,17,1,47,2,9,3,1,7,9,1,9,6,15,21,2,21,121.5055476,25.08957565
114,05,08,19,05,2,06松山區,松山區光復北路165巷與光復北路口,0,0,2,1,C03,7,5,5,30,3,2,1,5,4,5,13,2,1,8,3,5,2,17,1,73,2,7,6,1,7,5,3,18,1,11,8,1,22,121.555395,25.0571874
114,05,08,19,15,2,05中正區,中正區羅斯福路1段與林森南路地下道口,0,0,1,1,C03,8,5,5,30,4,1,1,5,4,5,13,1,1,10,4,5,1,17,2,32,3,10,5,1,7,5,1,10,1,13,8,1,21,121.5180727,25.0328719
114,05,08,19,51,2,04大安區,大安區市民大道3段與市民大道3段150巷口,0,0,1,1,B01,8,5,5,30,3,1,1,5,4,5,13,4,4,1,4,4,2,17,1,62,3,10,7,1,7,6,1,4,9,17,72,2,21,121.5354534,25.0447436
114,05,08,21,20,2,05中正區,中正區公園路與青島西路口,0,0,1,1,F01,7,5,5,50,4,2,1,5,4,5,13,1,1,5,4,5,2,16,1,63,3,10,4,1,7,11,8,20,2,14,4,1,22,121.5170928,25.0448483
114,05,08,21,37,2,04大安區,大安區羅斯福路3段與辛亥路1段口,0,0,2,1,C03,8,5,5,50,4,2,1,5,4,5,13,2,1,1,4,5,2,17,1,23,2,7,6,1,7,9,1,10,1,11,108,1,21,121.529238,25.01985935
114,05,08,22,17,2,04大安區,大安區新生南路3段與辛亥路1段口,0,0,3,1,C03,8,5,5,50,4,1,1,5,4,5,13,1,1,10,5,5,2,17,2,23,2,7,6,1,7,5,1,10,1,14,8,1,21,121.5343739,25.0226393
114,05,08,22,44,2,02萬華區,萬華區康定路與內江街口,0,0,1,1,C03,8,5,5,50,4,1,1,5,4,5,13,1,1,9,5,5,2,17,2,47,2,9,5,1,7,12,1,10,1,11,108,1,21,121.5022528,25.041816
114,05,08,22,50,2,05中正區,中正區重慶南路3段與和平西路1段口,0,0,1,1,C03,8,5,5,50,5,1,1,5,4,5,13,1,1,1,4,5,2,3,1,22,3,10,5,1,7,6,1,10,1,11,70,1,25,121.5159305,25.0276191
114,05,09,00,43,2,07信義區,信義區忠孝東路5段524巷1弄30號,0,0,1,1,C03,7,5,5,30,14,9,1,5,4,5,13,4,4,10,5,5,2,17,2,27,2,8,6,1,7,9,1,10,1,12,108,1,21,121.580724,25.0415654
114,05,09,01,44,2,05中正區,中正區信義路2段243巷與新生南路1段160巷口口,0,0,1,1,B01,8,5,5,30,4,1,1,5,4,5,13,4,4,9,5,5,2,15,1,55,3,10,7,1,7,9,1,4,2,2,72,1,21,121.5311885,25.0346291
114,05,09,03,49,2,02萬華區,往台北市方向（燈桿:萬板大橋013）,0,0,3,1,B03,8,5,5,50,8,7,1,5,4,5,13,4,4,1,4,5,2,10,1,28,3,10,7,4,7,9,1,4,2,1,4,1,21,121.4901764,25.0303233
114,05,09,06,33,2,04大安區,大安區敦化南路2段與安和路2段171巷口口,0,0,2,1,C03,8,6,5,50,14,9,1,5,4,5,13,2,1,1,4,5,2,13,1,36,2,9,3,4,7,9,1,10,1,11,16,1,22,121.549455,25.0279668
114,05,09,06,50,2,08士林區,士林區福林路與福林路100巷口,0,0,2,1,C03,7,6,5,30,3,2,1,5,4,5,13,1,1,5,5,5,1,17,2,38,2,9,6,1,7,5,1,10,2,14,44,1,22,121.5312046,25.0958149
114,05,09,06,54,2,05中正區,中正區開封街1段與懷寧街口,0,0,1,1,B12,8,5,5,50,4,1,1,5,4,5,13,3,1,9,4,5,2,15,1,50,3,10,7,1,7,9,1,4,1,1,72,1,21,121.5141765,25.0460136
114,05,09,06,59,2,08士林區,士林區中正路與中正路104巷口口,0,0,1,1,B12,7,7,5,50,3,1,1,5,4,5,13,4,4,3,3,4,2,16,1,36,3,10,3,4,7,6,1,8,1,2,9,1,27,121.5295312,25.096156
114,05,09,07,07,2,05中正區,中正區羅斯福路3段40號,0,0,1,1,C03,8,7,5,50,14,9,1,5,4,5,13,4,4,1,4,5,2,5,1,42,3,10,5,1,7,9,6,18,2,11,108,1,22,121.5254914,25.0228527
114,05,09,07,13,2,09北投區,北投區崇仁路1段與崇仁路1段17巷口,0,0,1,1,B03,7,6,5,30,4,1,1,5,4,5,13,4,4,5,4,5,2,15,1,54,3,10,7,1,7,9,1,8,1,4,72,1,21,121.5013142,25.12778799
114,05,09,07,18,2,12內湖區,內湖區康樂街136巷與康樂街136巷15弄口,0,0,1,1,B03,7,6,5,30,4,1,1,5,4,5,13,4,4,10,5,5,2,16,1,63,3,10,7,1,7,5,1,8,1,8,8,1,21,121.6184738,25.0719244
114,05,09,07,33,2,05中正區,中正區中山南路與凱達格蘭大道口,0,0,1,1,C03,8,6,5,50,18,9,1,5,4,5,13,1,1,10,4,1,1,13,1,37,2,7,6,1,7,9,1,10,2,11,16,1,21,121.5175179,25.039401
114,05,09,07,37,2,02萬華區,萬華區華中橋機車道往臺北市（7010511燈桿）,0,0,2,1,C03,8,7,5,40,8,11,1,5,4,5,13,4,4,1,4,5,2,13,1,23,2,9,5,1,7,9,1,10,1,11,108,1,21,121.4955597,25.0120178
114,05,09,07,49,2,08士林區,士林區承德路5段往北,0,0,2,1,C03,8,6,5,40,14,8,1,5,4,5,13,4,4,1,4,4,1,12,2,26,2,9,3,4,7,10,1,10,1,12,100,1,21,121.5158003,25.0921821
114,05,09,07,50,2,02萬華區,萬華區環河南路2段與桂林路口,0,0,1,1,C03,7,6,5,50,4,1,1,5,4,5,13,2,1,5,4,4,2,17,1,51,3,10,6,1,7,9,1,10,1,12,99,1,21,121.4970879,25.0384968
114,05,09,08,00,2,12內湖區,內湖區陽光街110號,0,0,1,1,A02,7,6,6,50,14,9,1,5,4,5,13,4,4,9,5,5,2,12,1,59,3,10,7,1,7,1,1,2,1,8,19,1,26,121.5844719,25.0750032
114,05,09,08,00,2,12內湖區,內湖區舊宗路2段(堤頂大道1、2段144燈桿),0,0,1,1,C03,8,6,5,50,14,9,1,5,4,5,13,4,4,1,4,5,2,13,2,48,2,8,6,1,7,9,1,10,1,11,44,1,22,121.5729999,25.0738343
114,05,09,08,06,2,11南港區,南港區東新街3號對面,0,0,1,1,B03,8,6,5,50,14,9,1,5,4,5,13,4,4,1,4,5,2,16,1,37,3,10,3,4,7,6,1,8,1,5,9,1,22,121.5843459,25.0488292
114,05,09,08,20,2,08士林區,士林區基河路與基河路188巷口,0,0,1,1,B03,8,5,5,30,3,1,1,5,4,5,13,4,4,5,4,5,1,17,1,64,3,10,7,1,7,6,1,8,2,8,72,1,21,121.5222333,25.0903348
114,05,09,08,20,2,07信義區,信義區嘉興街127巷與信安街口,0,0,1,1,C03,8,6,5,30,3,1,1,5,4,5,13,2,1,8,3,5,2,10,1,35,2,9,6,1,7,12,1,10,1,11,44,1,22,121.5582681,25.0286854
114,05,09,08,24,2,06松山區,松山區敦化北路與民生東路4段口,0,0,1,1,C03,7,6,5,50,4,1,1,5,4,5,13,2,1,4,3,4,2,12,2,45,2,8,5,1,7,8,1,10,1,12,100,1,21,121.5492804,25.0576568
114,05,09,08,25,2,09北投區,北投區泉源路46號與泉源路口,0,0,2,1,C03,8,7,5,50,3,2,1,5,4,5,13,4,4,5,5,5,1,16,2,31,2,9,6,1,7,9,1,10,1,11,108,1,22,121.5087673,25.1411483
114,05,09,08,27,2,12內湖區,內湖區新湖三路128號,0,0,2,1,C03,8,7,5,50,14,9,1,5,4,5,13,4,4,4,4,5,2,12,1,25,2,9,5,1,7,8,1,10,1,12,100,1,22,121.5771285,25.0638086
114,05,09,08,30,2,03中山區,中山區基湖路與基湖路145巷口,0,0,1,1,B03,7,7,5,50,4,1,1,5,4,5,13,4,4,1,5,5,2,16,2,54,3,10,7,1,7,5,1,8,1,2,71,1,21,121.5642992,25.07828721
114,05,09,08,31,2,09北投區,北投區西安街1段與自強街141巷口,0,0,1,1,B03,7,6,5,50,3,1,1,5,4,5,13,4,4,5,4,5,2,15,1,76,3,10,7,1,7,1,1,8,1,5,19,1,21,121.5170885,25.11155746
114,05,09,08,32,2,12內湖區,內湖區舊宗路1段100號對面,0,0,1,1,C03,8,7,5,50,14,9,1,5,4,5,13,4,4,1,4,5,2,12,2,25,2,9,5,1,7,7,1,10,2,14,100,1,21,121.5794873,25.0599532
114,05,09,08,34,2,05中正區,中正區愛國西路與重慶南路2段口,0,0,2,1,C03,7,7,5,50,4,1,1,5,4,5,13,1,1,1,4,5,2,17,1,70,2,9,5,1,7,6,1,10,1,12,9,1,22,121.5123671,25.0350354
114,05,09,08,36,2,01大同區,大同區甘谷街30號,0,0,1,1,F01,8,6,5,30,14,9,1,5,4,5,13,4,4,10,5,5,2,17,2,75,2,9,4,1,7,15,8,20,2,14,102,1,21,121.5108526,25.0528208
114,05,09,08,43,2,10文山區,文山區木柵路3段第0706071燈桿,0,0,1,1,F01,8,7,5,0,14,20,4,5,4,4,13,4,4,10,5,5,2,9,2,57,2,9,4,1,7,9,8,20,1,11,99,1,21,121.57109,24.9910583
114,05,09,08,50,2,07信義區,信義區松仁路與松高路口,0,0,2,1,C03,8,6,5,50,14,9,1,5,4,5,13,2,1,1,4,4,2,13,2,23,2,9,3,4,7,9,1,10,1,11,16,1,21,121.5685087,25.0388311
114,05,09,09,00,2,04大安區,大安區建國南路1段299號,0,0,1,1,C03,8,6,5,50,14,9,1,5,4,5,13,4,4,1,4,5,2,12,1,74,2,9,3,4,7,8,1,10,1,12,100,1,22,121.5381357,25.0354909
114,05,09,09,02,2,08士林區,士林區延平北路7段106巷與延平北路7段106巷327弄口,0,0,1,1,B01,7,6,5,40,3,2,1,5,4,5,13,1,1,10,5,5,1,16,1,57,3,10,3,4,7,6,1,4,1,5,9,1,21,121.495904,25.1046354
114,05,09,09,12,2,05中正區,中正區忠孝西路1段M5,0,0,1,1,A02,8,6,5,50,14,9,1,5,4,5,13,4,4,3,4,5,1,9,1,58,3,10,7,1,7,14,1,2,2,2,40,1,21,121.5163909,25.0466166
114,05,09,09,28,2,03中山區,中山區南京東路2段與南京東路2段214巷口,0,0,1,1,B03,8,7,5,30,3,2,1,5,4,5,13,4,4,10,5,5,2,17,1,69,3,10,7,1,7,6,1,8,1,5,9,1,21,121.5360575,25.0518719
114,05,09,09,40,2,03中山區,中山區松江路與民生東路2段口,0,0,1,1,C03,8,7,5,50,4,2,1,5,4,5,13,1,1,1,4,5,2,16,1,68,3,10,6,1,7,9,1,11,2,14,42,1,21,121.5334126,25.0578446
114,05,09,09,53,2,05中正區,中正區汀州路2段與同安街口,0,0,1,1,C03,8,7,5,50,4,1,1,5,4,5,13,1,1,5,5,5,2,17,1,20,2,9,5,1,7,9,1,10,1,12,108,1,22,121.5216064,25.0241403
114,05,09,10,04,2,03中山區,中山區市民大道2段與林森北路口,0,0,1,1,B01,8,6,5,50,14,9,1,5,4,1,11,4,4,5,4,4,2,12,1,52,3,10,3,4,7,9,1,4,1,2,44,1,21,121.5246457,25.0480245
114,05,09,10,15,2,10文山區,文山區新光路2段與文和橋口口,0,0,1,1,B03,8,7,5,50,3,1,1,5,4,5,13,3,1,5,5,5,2,16,1,74,3,10,7,1,7,6,1,8,2,2,9,1,21,121.5963367,25.0013861
114,05,09,10,25,2,08士林區,士林區延平北路6段與中正路口,0,0,1,1,B03,8,6,5,50,4,1,1,5,4,5,13,2,1,5,4,5,2,13,1,41,3,10,7,1,7,5,1,8,1,1,108,1,26,121.5092002,25.086853
114,05,09,10,33,2,03中山區,中山區中山北路4段與中山北路3段口中山橋往南,0,0,1,1,C03,7,6,5,50,4,1,1,5,4,5,13,1,1,7,4,5,2,16,1,23,2,8,6,1,7,7,1,10,1,11,100,1,21,121.5258065,25.074851
114,05,09,10,40,2,04大安區,大安區金山南路2段與潮州街口,0,0,1,1,B01,8,7,5,50,4,1,1,5,4,5,13,2,1,1,4,5,1,17,1,56,3,10,7,1,7,5,1,3,1,5,108,1,21,121.5263555,25.0289501
114,05,09,10,48,2,06松山區,松山區民權東路3段與敦化北路口,0,0,2,1,C03,8,6,5,50,4,2,1,5,4,5,13,1,1,1,3,5,2,13,2,51,2,9,6,1,7,9,1,10,1,11,16,1,21,121.5502132,25.0614839
114,05,09,10,56,2,12內湖區,內湖區民權大橋與民權大橋口西往東(第15支路燈桿),0,0,1,1,C03,8,6,5,40,8,11,1,5,4,5,13,4,4,3,4,4,2,13,1,25,3,10,6,1,7,9,1,10,1,15,16,1,21,121.57383,25.06533616
114,05,09,11,12,2,03中山區,中山區民權西路與天祥路口,0,0,1,1,C03,7,5,5,50,4,1,1,5,4,5,13,1,1,1,4,5,2,13,1,37,2,8,3,4,7,9,1,10,1,11,16,1,21,121.5209032,25.0627375
114,05,09,11,18,2,09北投區,北投區大業路與中央北路1段口,0,0,1,1,C03,8,7,6,50,4,2,1,5,4,5,13,2,1,3,4,5,2,16,1,68,3,10,5,1,7,8,1,10,1,14,100,1,22,121.4970894,25.1358813
114,05,09,11,33,2,05中正區,中正區天津街2號,0,0,1,1,B03,8,5,5,50,14,9,1,5,4,5,13,2,1,9,4,5,2,16,1,67,3,10,7,1,7,11,1,8,1,1,10,1,21,121.5219538,25.046411
114,05,09,11,52,2,07信義區,信義區基隆路1段151號,0,0,1,1,B01,7,6,5,50,14,9,1,5,4,5,13,4,4,9,3,5,2,12,1,57,3,10,3,4,7,1,1,8,1,4,19,1,21,121.5654526,25.0425417
114,05,09,11,53,2,04大安區,大安區信義路2段28號,0,0,1,1,C03,8,6,5,50,14,9,1,5,4,5,13,4,4,1,4,5,2,12,2,25,2,8,6,1,7,9,1,10,2,14,17,1,21,121.5253778,25.0348353
114,05,09,13,03,2,01大同區,大同區南京西路163號,0,0,1,1,B03,7,6,5,50,14,9,1,5,4,5,13,4,4,5,2,5,2,9,2,39,3,10,7,1,7,9,1,8,2,2,70,1,21,121.5130944,25.05398545
114,05,09,13,18,2,12內湖區,內湖區民權東路6段46巷與行忠路口口,0,0,3,1,C03,8,7,5,50,3,1,1,5,4,5,13,4,4,9,4,5,2,17,1,25,2,9,6,1,7,6,1,10,1,12,9,1,21,121.5829028,25.0673578
114,05,09,13,50,2,07信義區,信義區松平路30巷與松平路30巷6弄口,0,0,1,1,F01,7,5,5,30,3,2,1,5,4,5,13,4,4,10,5,5,2,17,1,19,2,9,4,1,7,1,8,20,1,14,19,1,22,121.5635654,25.0299636
114,05,09,14,00,2,08士林區,士林區承德路4段10巷與通河街76巷口,0,0,1,1,C03,7,5,8,30,22,22,1,5,4,5,13,4,4,9,5,5,1,17,2,55,2,9,5,1,7,9,1,21,1,11,72,1,21,121.5201394,25.08011526
114,05,09,14,48,2,08士林區,士林區重慶北路4段141號,0,0,2,1,C03,8,6,5,40,14,8,1,5,4,5,13,4,4,1,4,4,1,17,1,28,2,7,5,1,7,1,1,10,1,11,19,1,21,121.5122324,25.08275436
114,05,09,14,52,2,08士林區,士林區延平北路6段100號,0,0,1,1,C03,8,7,7,50,14,9,1,5,4,5,13,2,1,4,3,5,1,12,2,72,2,9,3,4,7,9,1,10,1,11,16,1,22,121.508231,25.0887752
114,05,09,15,35,2,08士林區,士林區忠誠路1段56號,0,0,2,1,C03,8,6,5,40,14,8,1,5,4,5,13,4,4,1,4,4,1,2,1,31,2,9,5,1,7,9,1,10,2,14,108,1,21,121.5270741,25.1045232
114,05,09,15,38,2,03中山區,中山區大直橋（南往北國道一號下方）,0,0,1,1,C03,7,7,5,50,8,9,1,5,4,5,13,4,4,1,4,5,2,13,2,28,2,7,6,1,7,9,1,10,1,11,108,1,21,121.5438475,25.07241038
114,05,09,15,40,2,04大安區,大安區忠孝東路4段317號,0,0,2,1,C03,6,6,5,50,14,9,1,4,4,5,13,4,4,1,4,5,2,17,1,24,2,9,3,4,7,9,1,10,1,15,42,1,22,121.5563791,25.0415955
114,05,09,15,47,2,10文山區,文山區木柵路4段與萬芳交流道口口,0,0,2,1,C03,6,6,5,50,3,1,1,4,4,5,13,1,1,10,5,5,1,16,1,23,2,8,6,1,7,9,1,10,2,11,81,1,21,121.5768131,25.000213
114,05,09,15,53,2,08士林區,士林區中正路與文昌路口,0,0,1,1,B03,8,6,5,50,3,2,1,5,4,5,13,2,1,1,4,5,1,17,2,60,3,10,7,1,7,9,1,8,2,8,44,1,21,121.5217599,25.0945907
114,05,09,16,23,2,02萬華區,萬華區環河南路3段359號,0,0,1,1,C03,8,6,5,50,14,9,1,5,4,5,13,4,4,10,5,5,2,12,1,75,2,7,5,1,7,8,1,10,1,14,100,1,26,121.4949369,25.01704127
114,05,09,16,55,2,11南港區,南港區成美橋與南港路3段口,0,0,1,1,C03,6,6,5,50,5,2,1,4,4,5,13,1,1,5,4,5,2,16,2,24,3,10,6,1,7,5,1,10,1,14,8,1,21,121.5827953,25.0518737
114,05,09,17,05,2,06松山區,松山區撫遠街380巷21號,0,0,1,1,B03,7,5,5,30,14,9,1,4,4,5,13,4,4,8,3,5,2,1,2,38,3,10,3,4,7,5,1,8,2,1,70,1,22,121.5647311,25.0641829
114,05,09,17,30,2,09北投區,北投區大業路157號,0,0,1,1,B03,8,6,5,50,14,9,1,5,4,5,13,4,4,8,3,5,2,17,2,39,3,10,7,1,7,6,1,8,1,5,9,1,21,121.4987045,25.12483707
114,05,09,17,52,2,04大安區,大安區新生南路1段139巷與新生南路1段口,0,0,1,1,B01,7,6,5,50,4,1,1,5,4,5,13,2,1,10,5,5,2,17,1,57,3,10,3,4,7,8,1,4,1,3,100,1,22,121.5329146,25.0367148