發生年度,發生月,發生日,發生時-Hours,發生分,處理別-編號,區序,肇事地點,死亡人數,2-30日死亡人數,受傷人數,當事人序號,車種,天候,光線,道路類別,速限-速度限制,道路型態,事故位置,路面狀況1,路面狀況2,路面狀況3,道路障礙1,道路障礙2,號誌1,號誌2,車道劃分-分向,車道劃分-分道1,車道劃分-分道2,車道劃分-分道3,事故類型及型態,性別,年齡,受傷程度,主要傷處,保護裝置,行動電話,車輛用途,當事者行動狀態,駕駛資格情形,駕駛執照種類,飲酒情形,車輛撞擊部位1,肇因碼-個別,個人肇逃否,職業,座標-X,座標-Y
114,05,09,18,05,2,01大同區,大同區民權西路127號,0,0,2,1,B03,8,5,5,50,14,9,1,5,4,5,13,4,4,1,4,5,2,17,1,62,3,10,7,1,7,9,1,8,1,2,108,1,21,121.517185,25.0630164
114,05,09,18,20,2,07信義區,信義區福德街與大道路口,0,0,1,1,B12,7,5,5,30,4,2,1,4,4,5,13,1,1,1,3,5,2,17,1,22,3,10,3,4,7,5,1,8,1,17,71,1,21,121.5837984,25.0380993
114,05,09,18,31,2,05中正區,中正區重慶北路1段與鄭州路口口,0,0,1,1,C03,8,5,5,40,4,1,1,5,4,5,13,2,1,1,4,5,2,12,1,28,3,10,6,1,7,9,1,10,2,14,108,1,21,121.5135243,25.04922657
114,05,09,18,39,2,06松山區,松山區八德路3段與北寧路口,0,0,1,1,B03,7,5,5,50,4,1,1,4,4,5,13,2,1,4,3,5,2,17,1,34,3,10,3,4,7,7,1,8,1,17,100,1,22,121.5524635,25.0482345
114,05,09,18,40,2,02萬華區,萬華區成都路與漢中街口,0,0,1,1,A02,8,5,5,50,4,1,1,5,4,5,13,1,1,5,4,5,2,12,1,41,3,10,7,4,7,9,1,2,1,7,17,1,21,121.5076717,25.04235521
114,05,09,18,51,2,02萬華區,萬華區桂林路與桂林路242巷口,0,0,2,1,C03,7,5,6,50,5,1,1,5,4,5,13,1,1,9,5,5,2,16,2,36,2,8,5,1,7,5,1,10,1,12,8,1,21,121.4962725,25.0387087
114,05,09,18,59,2,04大安區,大安區敦化南路2段與敦化南路2段81巷口,0,0,1,1,F01,6,5,5,50,3,2,1,4,4,5,13,2,1,1,4,5,2,17,1,21,2,9,4,1,7,9,8,20,2,12,85,1,21,121.5491413,25.0299326
114,05,09,19,08,2,12內湖區,內湖區瑞光路與瑞光路258巷口,0,0,1,1,B03,6,5,5,50,4,1,1,4,4,5,13,2,1,5,4,5,2,17,2,66,3,10,3,4,7,7,1,8,1,17,100,1,21,121.5758777,25.0757694
114,05,09,19,12,2,02萬華區,萬華區西寧南路與開封街2段口,0,0,1,1,C03,6,5,5,50,4,1,1,4,4,5,13,1,1,8,3,5,1,17,1,25,2,9,5,1,7,12,1,10,1,14,16,1,21,121.5071036,25.0465255
114,05,09,20,58,2,03中山區,中山區民權東路2段71巷23號,0,0,2,1,C03,7,5,6,50,14,9,1,5,4,5,13,4,4,9,5,5,2,3,2,29,2,9,5,1,7,9,1,10,2,11,108,1,22,121.52771,25.06012846
114,05,09,21,26,2,03中山區,中山區錦西街8號,0,0,1,1,B01,7,5,5,50,14,18,1,5,4,5,13,1,1,9,4,5,2,3,1,68,3,10,3,4,7,9,1,4,2,1,70,1,22,121.5217878,25.0603232
114,05,09,21,52,2,07信義區,信義區基隆路1段157號,0,0,1,1,B03,7,5,5,50,14,9,1,5,4,5,13,4,4,1,4,5,2,12,1,71,2,6,7,1,7,9,1,8,2,1,108,1,21,121.5654457,25.0430562
114,05,09,22,00,2,08士林區,士林區中正路501號對面,0,0,1,1,B12,7,5,5,50,14,7,1,5,4,5,13,4,4,8,3,5,2,12,1,38,2,9,3,4,7,9,1,8,2,1,108,1,22,121.5179458,25.0919638
114,05,09,23,10,2,03中山區,中山區市民大道2段迴轉道近65號,0,0,1,1,C03,7,5,5,40,22,6,1,5,4,5,13,4,4,1,4,5,1,17,2,23,2,9,5,1,7,9,1,10,1,11,108,1,21,121.5292101,25.0465523
114,05,09,23,40,2,12內湖區,內湖區民權東路6段161號,0,0,2,1,C03,8,5,5,50,14,8,1,5,4,5,13,2,1,1,4,4,2,12,2,23,2,8,5,1,7,8,1,10,2,12,100,1,21,121.595615,25.0684923
114,05,10,05,51,2,05中正區,中正區市民大道2段與天津街口,0,0,1,1,B03,6,6,5,40,4,1,1,4,4,5,13,1,1,1,5,5,2,15,1,19,3,10,2,1,7,9,1,8,2,5,81,1,22,121.5223635,25.0478287
114,05,10,07,08,2,07信義區,信義區福德街86號,0,0,1,1,A02,7,6,5,50,14,9,1,5,4,5,13,4,4,1,4,5,2,9,1,55,3,10,3,4,7,9,1,2,2,17,44,1,21,121.5828874,25.0377703
114,05,10,07,23,2,07信義區,信義區松勤街150號,0,0,1,1,C03,7,7,5,30,14,9,1,5,4,5,13,4,4,10,5,5,2,12,2,63,3,10,5,1,7,11,1,10,1,14,10,1,21,121.5696997,25.030985
114,05,10,07,31,2,01大同區,大同區環河北路1段與南京西路口,0,0,2,1,C03,7,5,5,50,3,4,1,5,4,5,13,2,1,7,2,5,2,13,2,39,2,9,5,1,7,7,1,10,2,15,100,1,21,121.5077384,25.0539655
114,05,10,07,35,2,08士林區,士林區基河路與基河路251巷口,0,0,2,1,A02,7,6,5,50,4,1,1,5,4,5,13,2,1,5,4,5,2,17,1,50,3,10,3,4,7,9,1,2,2,5,81,1,21,121.5215862,25.0913492
114,05,10,07,45,2,12內湖區,內湖區南京東路6段與新明路298巷口,0,0,2,1,F01,6,6,5,50,4,2,1,4,4,5,8,2,1,5,4,5,2,9,1,13,2,9,4,1,7,9,8,20,2,11,70,1,21,121.5814651,25.05695674
114,05,10,07,48,2,09北投區,北投區石牌路2段榮總一公車站,0,0,1,1,C03,6,6,5,50,14,9,1,4,4,5,13,4,4,9,4,5,2,13,1,20,2,8,6,1,7,9,1,10,2,11,16,1,21,121.520721,25.1187778
114,05,10,08,28,2,10文山區,文山區新光路1段35號,0,0,1,1,C03,7,5,5,50,14,9,1,5,4,5,13,4,4,9,5,5,2,11,1,66,3,10,3,4,7,4,1,10,1,14,1,1,22,121.5737633,24.9895418
114,05,10,08,47,2,07信義區,信義區基隆路1段與忠孝東路4段口,0,0,1,1,B03,7,7,5,50,4,1,1,5,4,5,13,2,1,3,4,5,1,16,1,63,3,10,7,1,7,6,1,8,1,5,9,1,21,121.5641935,25.0410863
114,05,10,08,50,2,11南港區,南港區向陽路與市民大道7段口,0,0,2,1,C03,6,7,5,50,4,1,1,4,4,5,13,2,1,1,4,5,2,16,1,63,2,8,5,1,7,6,1,10,2,12,9,1,21,121.5956089,25.0514061
114,05,10,09,06,2,09北投區,北投區中正街與光明路口,0,0,1,1,B03,6,7,5,30,4,1,1,4,4,5,13,4,4,10,5,5,2,17,2,73,3,10,7,1,7,9,1,8,9,17,72,1,22,121.4994773,25.1326813
114,05,10,09,35,2,07信義區,信義區永吉路321巷與虎林街56巷口,0,0,1,1,F01,6,6,5,30,4,1,1,4,4,5,8,4,4,5,5,5,2,15,2,70,2,9,4,4,7,9,8,20,1,11,72,1,21,121.5755491,25.0465544
114,05,10,09,43,2,09北投區,北投區光明路136號,0,0,1,1,B03,7,6,5,50,14,9,1,4,4,5,13,4,4,5,4,5,2,12,2,47,3,10,7,1,7,13,1,8,1,15,40,1,21,121.5021306,25.13413154
114,05,10,09,55,2,04大安區,大安區信義路4段265巷31弄與信義路4段265巷口,0,0,1,1,C03,6,6,5,30,4,1,1,4,4,5,13,4,4,10,5,5,2,13,1,31,2,9,6,4,7,9,1,10,1,11,13,1,22,121.5550484,25.0346179
114,05,10,10,00,2,06松山區,松山區敦化南路1段57號,0,0,1,1,A02,6,5,5,40,14,9,1,4,4,5,13,4,4,9,4,4,2,9,2,50,3,10,7,1,7,9,1,2,1,17,44,1,21,121.5491619,25.04586086
114,05,10,10,15,2,09北投區,北投區石牌路1段166巷與西安街1段281巷口,0,0,1,1,C03,6,6,5,30,14,9,1,4,4,5,13,4,4,10,5,5,2,3,1,70,3,10,6,1,7,9,1,8,2,11,108,1,21,121.5160048,25.1111355
114,05,10,10,17,2,08士林區,士林區中山北路6段35巷與中山北路6段口,0,0,2,1,B03,6,7,5,50,4,1,1,4,4,5,13,2,1,1,4,5,1,17,1,49,3,10,7,1,7,9,1,8,1,2,99,1,21,121.5247863,25.10395421
114,05,10,12,35,2,07信義區,信義區忠孝東路5段269號,0,0,1,1,B11,6,6,5,50,14,9,1,4,4,5,13,4,4,1,4,5,2,17,1,34,3,10,3,4,7,7,1,4,1,17,100,1,22,121.5709842,25.0410184
114,05,10,12,48,2,04大安區,大安區市民大道4段與忠孝東路4段223巷口口,0,0,1,1,B03,6,6,5,40,3,1,1,4,4,5,13,1,1,10,3,5,1,17,1,41,3,10,3,4,7,6,1,8,2,5,9,1,21,121.5538156,25.0441086
114,05,10,12,50,2,11南港區,南港區忠孝東路7段570號,0,0,2,1,C03,6,6,5,40,14,8,1,4,4,5,13,4,4,1,3,4,2,13,1,44,2,9,3,4,7,9,1,10,1,11,17,1,21,121.6134488,25.0527896
114,05,10,12,53,2,10文山區,文山區景文街與景文街142巷口,0,0,1,1,B03,6,6,5,50,5,1,1,4,4,5,12,2,1,5,5,4,1,16,2,47,3,10,7,1,7,5,1,8,2,5,98,1,21,121.540806,24.9884694
114,05,10,13,21,2,09北投區,北投區文林北路80巷60弄8號,0,0,2,1,C03,6,7,5,50,14,9,1,4,4,5,13,4,4,10,5,5,2,16,1,65,2,8,3,4,7,1,1,10,2,11,19,1,21,121.5195587,25.1061452
114,05,10,13,27,2,05中正區,中正區金山南路1段79巷與金山南路1段口,0,0,2,1,B12,7,5,5,30,3,2,1,4,4,5,13,4,4,1,4,1,2,17,1,35,3,10,7,1,7,6,1,8,1,6,17,1,21,121.5280175,25.0368033
114,05,10,13,30,2,06松山區,松山區八德路2段424號,0,0,1,1,H01,6,6,5,50,14,9,1,4,4,5,13,2,1,3,4,5,2,9,2,65,2,9,4,5,8,16,8,20,10,16,121,1,22,121.5474974,25.0481676
114,05,10,15,04,2,04大安區,大安區敦化南路2段與四維路216巷口,0,0,1,1,B03,7,5,5,30,3,1,1,5,4,5,13,4,4,1,4,5,2,16,2,43,3,10,7,1,7,6,1,8,1,4,72,1,21,121.5484756,25.0257978
114,05,10,15,10,2,04大安區,大安區辛亥路2段與復興南路2段口口,0,0,1,1,B03,7,5,5,50,4,1,1,4,4,5,13,2,1,1,4,5,2,16,2,45,3,10,3,4,7,6,1,8,1,8,9,1,22,121.543869,25.0211764
114,05,10,15,34,2,04大安區,大安區辛亥路3段與基隆路3段口,0,0,1,1,C03,6,5,5,50,4,2,1,4,4,5,13,2,1,8,3,5,1,12,2,30,2,8,5,1,7,8,1,10,1,12,42,1,21,121.5471244,25.0190563
114,05,10,15,43,2,05中正區,中正區林森北路7-1號對面,0,0,2,1,C03,7,5,5,50,14,9,1,5,4,5,13,4,4,9,4,5,2,16,1,24,2,8,5,1,7,9,1,10,1,11,44,1,21,121.523584,25.04568041
114,05,10,16,13,2,01大同區,大同區錦西街與雙連街口,0,0,1,1,C03,8,5,5,50,3,1,1,5,4,5,13,1,1,9,4,5,2,13,1,32,2,7,5,1,7,9,6,18,1,11,16,1,21,121.519445,25.0601897
114,05,10,17,19,2,12內湖區,內湖區民權東路6段465號附近側附近,0,0,1,1,B03,7,6,5,50,14,9,1,5,4,5,13,4,4,1,3,1,1,12,1,19,4,11,3,4,7,10,7,19,11,15,100,2,22,121.6048573,25.0722711
114,05,10,17,26,2,03中山區,中山區農安街41號,0,0,2,1,C03,7,7,5,50,14,7,1,5,4,5,13,4,4,9,4,4,2,12,1,74,2,5,5,1,7,1,1,10,1,12,19,1,21,121.5257557,25.06486615
114,05,10,17,52,2,03中山區,中山區復興北路與長安東路2段口,0,0,1,1,C03,7,5,5,30,14,9,1,5,4,5,13,1,1,1,4,5,2,17,1,26,2,9,3,4,7,8,1,10,1,17,108,1,21,121.5439022,25.04843739
114,05,10,17,57,2,08士林區,士林區通河西街1段與重慶北路4段220巷口,0,0,1,1,B03,7,5,5,30,3,1,1,5,4,5,13,4,4,5,5,5,2,16,1,43,3,10,7,1,7,5,1,8,1,5,72,1,21,121.5122924,25.085911
114,05,10,18,40,2,10文山區,文山區興隆路2段86巷與興隆路2段78巷4弄口,0,0,1,1,B03,7,5,5,30,3,1,1,5,4,5,13,4,4,9,5,5,2,16,1,37,3,10,7,1,7,5,1,8,2,4,8,1,21,121.548673,24.9996102
114,05,10,19,34,2,12內湖區,內湖區金湖路394號附近側附近,0,0,1,1,B02,7,5,5,40,14,9,1,5,4,5,13,4,4,1,3,1,2,12,1,49,3,10,7,1,7,1,1,8,1,8,19,1,21,121.6050693,25.0735039
114,05,10,20,27,2,11南港區,南港區成福路121巷與成福路121巷43弄口,0,0,2,1,C03,6,5,5,30,4,1,1,4,4,4,8,4,4,10,5,5,2,15,1,28,2,9,5,4,7,9,1,10,1,12,75,1,21,121.5885109,25.0428566
114,05,10,20,30,2,09北投區,北投區中央北路2段與豐年路2段口,0,0,3,1,B03,8,5,5,50,3,2,1,5,4,5,13,1,1,5,4,5,2,13,1,50,3,10,3,4,7,15,1,8,9,1,108,1,21,121.49252,25.1380421
114,05,10,20,45,2,11南港區,南港區南港路2段與南港路2段41巷口,0,0,1,1,B03,7,5,5,50,3,2,1,4,4,5,13,2,1,5,4,5,2,16,1,36,3,10,7,1,7,5,1,8,2,8,8,1,22,121.6026493,25.0535848
114,05,10,21,54,2,05中正區,中正區忠孝東路1段與林森南路口,0,0,1,1,C03,6,6,5,50,4,2,1,4,4,5,13,1,1,9,4,5,1,12,2,49,2,8,6,1,7,8,1,11,2,12,100,1,22,121.5232124,25.0446114
114,05,10,22,39,2,07信義區,信義區基隆路1段與松隆路口,0,0,3,1,A12,7,5,5,50,3,1,1,5,4,5,13,1,1,3,3,5,2,17,1,30,3,10,3,4,7,10,1,3,2,5,100,1,21,121.5659088,25.0433321
114,05,10,23,07,2,06松山區,松山區長春路436號對面,0,0,1,1,B03,7,5,5,50,14,9,1,5,4,5,13,4,4,9,4,5,2,16,2,34,3,10,7,1,7,1,1,8,1,4,19,1,22,121.545239,25.0545511
114,05,11,00,55,2,04大安區,大安區和平東路3段往東莊敬隧道前,0,0,4,1,C03,7,5,5,40,14,9,1,5,4,5,13,4,4,8,3,5,1,13,1,45,2,7,5,1,7,9,1,10,1,11,108,1,21,121.5649345,25.0101521
114,05,11,01,35,2,04大安區,大安區大安路1段與大安路1段106巷口,0,0,1,1,C03,7,5,5,30,4,1,1,5,4,5,13,4,4,10,5,5,2,15,1,22,3,10,5,1,7,9,1,10,1,12,73,1,22,121.5460973,25.0401969
114,05,11,02,11,2,03中山區,中山區吉林路309號,0,0,1,1,B03,6,5,5,40,14,9,1,4,4,5,13,4,4,9,4,4,2,12,1,23,3,10,2,4,7,8,1,8,1,2,100,1,22,121.5303605,25.0633685
114,05,11,07,43,2,08士林區,士林區至善路2段與故宮路口,0,0,1,1,B03,6,6,5,50,3,2,1,4,4,5,13,2,1,1,4,1,2,16,1,66,3,10,7,1,7,6,1,8,1,8,9,1,21,121.5466996,25.09820133
114,05,11,10,07,2,01大同區,大同區延平北路2段270號,0,0,1,1,C03,6,6,5,50,14,9,1,4,4,5,13,2,1,9,4,5,2,3,2,72,3,10,6,4,7,5,1,10,1,14,70,1,21,121.5112121,25.0620924
114,05,11,10,20,2,08士林區,士林區通河西街1段與重慶北路4段口,0,0,1,1,C03,7,5,8,50,22,22,1,4,4,5,13,2,1,5,5,5,1,17,2,18,2,9,5,1,7,9,1,10,1,11,81,1,21,121.5119287,25.08752281
114,05,11,10,30,2,03中山區,中山區市民大道2段與長安東路1段30巷口東側迴轉道,0,0,1,1,B03,6,7,5,40,14,9,1,4,4,5,13,4,4,1,4,5,2,17,2,45,3,10,7,1,7,11,1,8,1,2,72,1,21,121.5266997,25.04755182
114,05,11,11,03,2,01大同區,大同區重慶北路3段與酒泉街口,0,0,1,1,H01,6,6,5,0,5,1,1,4,4,5,13,2,1,1,4,5,2,9,1,73,2,7,4,5,8,16,8,20,10,16,67,1,21,121.5140046,25.0720151
114,05,11,11,03,2,09北投區,北投區西安街1段161號前,0,0,1,1,C03,6,6,5,50,14,9,1,4,4,5,13,4,4,10,4,5,2,13,2,49,2,9,5,1,7,9,1,10,1,11,104,1,21,121.5186579,25.1096
114,05,11,12,00,2,03中山區,中山區建國北路2段與長春路口南側迴轉道,0,0,1,1,B03,6,7,5,50,14,9,1,4,4,5,13,4,4,9,4,5,2,17,1,58,3,10,7,1,7,11,1,8,1,6,72,1,21,121.5370011,25.05450509
114,05,11,12,23,2,05中正區,中正區中華路2段與愛國西路口,0,0,1,1,B03,6,6,6,50,5,2,1,4,4,5,13,1,1,1,4,5,2,17,1,32,3,10,7,1,7,5,1,8,1,2,83,1,21,121.5069683,25.0370006
114,05,11,13,08,2,02萬華區,萬華區西園路2段320巷與西園路2段320巷55弄口,0,0,1,1,C03,6,6,5,30,4,1,1,4,4,5,13,4,4,10,5,5,2,15,2,41,2,9,6,1,7,9,1,10,1,12,75,1,22,121.4909954,25.0274449
114,05,11,13,10,2,08士林區,士林區中正路士林國中前,0,0,1,1,A02,7,6,5,50,14,9,1,5,4,5,13,4,4,3,4,4,2,9,1,23,3,10,3,4,7,9,1,2,2,17,44,1,21,121.5227782,25.0945371
114,05,11,13,26,2,08士林區,士林區忠誠路1段與德行東路口,0,0,1,1,B03,6,6,5,50,4,1,1,4,4,5,13,1,1,5,5,5,2,17,2,24,3,10,7,1,7,5,1,8,1,1,71,1,26,121.5304326,25.1084544
114,05,11,15,56,2,06松山區,(近南京東路3段338巷),0,0,1,1,B01,6,6,5,50,14,7,1,4,4,5,13,4,4,1,4,4,2,17,1,69,4,11,3,4,7,6,7,19,11,15,9,2,22,121.5536342,25.0515683
114,05,11,17,11,2,01大同區,大同區延平北路1段47號,0,0,1,1,B03,6,5,5,50,14,9,1,4,4,5,13,4,4,5,5,5,2,16,1,22,3,10,7,1,7,11,1,8,1,4,10,1,21,121.5119938,25.0508032
114,05,11,17,16,2,05中正區,中正區和平西路1段34號對面,0,0,1,1,C03,6,6,5,50,14,9,1,4,4,5,13,4,4,1,4,5,2,12,1,25,2,8,6,1,7,7,1,10,1,12,44,1,21,121.5201435,25.0266807
114,05,11,17,37,2,03中山區,中山區松江路65號,0,0,2,1,C03,6,6,5,50,14,9,1,4,4,5,13,4,4,1,5,5,1,13,1,53,2,3,3,4,7,9,1,10,1,11,108,1,21,121.5330783,25.04908659
114,05,11,17,44,2,11南港區,南港區忠孝東路7段與忠孝東路7段415巷口,0,0,1,1,C03,6,5,5,50,3,1,1,4,4,5,13,2,1,3,4,5,2,16,1,18,2,6,5,4,7,4,1,10,1,14,108,1,22,121.6091069,25.0524603
114,05,11,18,40,2,08士林區,士林區福華路與中山北路5段829巷口,0,0,1,1,C03,6,5,5,50,4,1,1,4,4,5,13,4,4,5,4,5,2,16,1,62,2,9,3,4,7,4,1,10,2,15,94,1,21,121.5234606,25.10103785
114,05,11,19,29,2,10文山區,文山區木柵路1段與景美溪橋口口,0,0,1,1,,6,5,5,50,4,1,1,4,4,5,13,2,1,1,4,5,2,27,3,0,,,,,,,,,,,66,1,,121.5452644,24.9867637
114,05,11,19,50,2,12內湖區,內湖區環山路1段24巷與環山路1段口口,0,0,1,1,B03,6,5,5,50,4,1,1,4,4,5,13,1,1,10,5,5,2,17,2,69,4,11,3,4,7,9,7,19,11,17,81,2,22,121.5655541,25.0845365
114,05,11,19,52,2,10文山區,文山區木新路1段與開元街口附近,0,0,2,1,H01,6,5,5,50,3,2,1,4,4,5,13,4,4,5,4,5,2,3,2,60,2,8,4,5,8,18,8,20,10,16,121,1,22,121.5706487,24.9895124
114,05,11,22,34,2,05中正區,中正區市民大道1段與承德路1段口,0,0,2,1,C03,6,5,5,40,4,1,1,4,4,5,13,2,1,10,4,5,2,15,2,53,2,9,6,1,7,1,1,10,2,14,85,1,21,121.5164295,25.0486659
114,05,11,22,35,2,07信義區,信義區松山路421號,0,0,1,1,B11,6,5,5,50,14,9,1,4,4,5,13,1,1,5,3,5,2,13,1,45,3,10,7,1,7,9,1,4,1,1,108,1,21,121.5778802,25.0405285
114,05,12,00,05,2,03中山區,中山區中山北路1段與長安東路1段口,0,0,1,1,B03,8,5,5,50,4,1,1,5,4,5,13,2,1,5,2,5,2,17,1,49,3,10,7,1,7,5,1,8,1,17,71,1,21,121.5217044,25.0497774
114,05,12,03,11,2,02萬華區,萬華區昆明街與西寧南路50巷口,0,0,1,1,B03,7,5,5,50,3,1,1,5,4,5,13,4,4,5,4,5,2,3,1,28,3,10,7,1,7,6,1,8,1,5,70,1,21,121.5053095,25.0444292
114,05,12,03,58,2,12內湖區,內湖區內湖路1段與內湖路1段91巷口,0,0,1,1,B03,6,5,5,50,4,1,1,4,4,5,13,2,1,1,4,5,1,16,1,53,3,10,2,1,7,5,1,8,1,6,85,1,21,121.5612175,25.084498
114,05,12,05,24,2,02萬華區,萬華區環河南路1段與內江街口,0,0,1,1,B01,7,6,5,50,3,1,1,5,4,5,13,2,1,5,4,5,2,17,1,69,3,10,7,1,7,9,6,18,1,8,86,1,21,121.4999986,25.0418256
114,05,12,06,20,2,12內湖區,內湖區民權東路6段與成功路2段口,0,0,1,1,A02,7,5,5,50,4,2,1,5,4,5,13,2,1,1,4,5,1,12,1,50,3,10,7,1,7,9,1,2,2,2,44,1,21,121.5908832,25.0690468
114,05,12,06,59,2,11南港區,南港區南港路2段與南港路2段41巷口,0,0,2,1,C03,8,7,5,50,4,1,1,5,4,5,13,1,1,4,3,4,2,17,2,63,2,9,5,1,7,5,1,10,1,14,44,1,21,121.6029249,25.0535242
114,05,12,07,40,2,08士林區,士林區中正路與福港街口,0,0,2,1,C03,7,6,5,50,3,2,1,5,4,5,13,1,1,5,4,5,2,12,1,83,2,8,6,1,7,7,1,10,1,14,100,1,21,121.5177856,25.0916876
114,05,12,07,42,2,06松山區,松山區光復北路與富錦街口,0,0,1,1,B03,7,6,5,40,3,1,1,5,4,5,13,1,1,5,4,5,1,17,1,49,3,10,7,1,7,6,1,8,1,2,9,1,21,121.5549282,25.0602499
114,05,12,07,55,2,08士林區,士林區文林路740巷與德行西路94巷口,0,0,1,1,B03,7,6,5,30,4,1,1,5,4,5,13,4,4,10,5,5,2,15,1,40,3,10,7,1,7,9,1,8,2,1,44,1,22,121.5214544,25.1036255
114,05,12,08,02,2,08士林區,士林區中正路622號,0,0,3,1,C03,7,6,5,50,14,9,1,5,4,5,13,1,1,10,4,5,2,17,1,54,2,7,6,1,7,9,1,9,1,11,108,1,26,121.5086,25.0866421
114,05,12,08,03,2,10文山區,文山區辛亥路4段北往南（燈桿編號0705695旁）,0,0,1,1,B03,7,6,5,50,11,9,1,5,4,5,13,4,4,1,4,5,2,12,1,49,3,10,7,1,7,8,1,8,1,2,100,1,21,121.5582614,25.0086638
114,05,12,08,07,2,03中山區,中山區民族東路282號,0,0,4,1,C03,7,6,5,50,14,9,1,5,4,5,13,4,4,1,5,5,1,13,2,49,2,1,3,4,7,9,1,10,1,14,44,1,21,121.5356495,25.0681156
114,05,12,08,07,2,03中山區,中山區民權西路34-2號,0,0,2,1,C03,8,7,5,50,14,9,1,5,4,5,13,4,4,1,4,5,2,13,1,23,2,9,5,1,7,8,3,18,1,11,100,1,22,121.5214239,25.0627485
114,05,12,08,28,2,03中山區,中山區民生東路2段161號,0,0,2,1,C04,8,6,5,50,14,9,1,5,4,5,13,4,4,1,4,5,2,12,2,32,2,9,5,1,7,7,1,10,1,14,100,1,22,121.5362254,25.0579814
114,05,12,08,40,2,03中山區,中山區建國北路3段78號,0,0,1,1,C03,8,7,5,50,14,9,1,5,4,5,13,4,4,1,4,5,2,28,2,43,2,9,5,1,7,9,1,10,1,11,108,1,21,121.5360634,25.0658038
114,05,12,09,00,2,08士林區,士林區故宮路與故宮路48巷口口旁,0,0,2,1,C03,7,6,5,50,4,2,1,5,4,5,13,4,4,3,4,5,2,17,1,44,2,9,3,4,7,9,1,9,2,11,13,1,21,121.5476949,25.0960836
114,05,12,09,07,2,10文山區,文山區指南路2段32號旁,0,0,2,1,C03,7,6,5,40,14,19,1,5,4,5,10,4,4,10,5,5,2,1,2,25,2,8,6,1,7,9,1,10,1,11,44,1,21,121.5748084,24.987827
114,05,12,09,10,2,09北投區,北投區大業路527巷1204031號燈桿旁,0,0,1,1,C03,8,6,5,40,11,9,1,5,4,5,13,4,4,9,5,5,2,20,2,60,2,9,5,1,7,9,1,10,1,11,42,1,21,121.4781335,25.134069
114,05,12,09,14,2,07信義區,信義區松仁路與松平路口,0,0,1,1,B03,8,7,5,50,4,1,1,5,4,5,13,1,1,5,4,5,2,17,1,20,3,10,3,4,7,5,1,8,1,1,108,1,21,121.5683829,25.0304553
114,05,12,09,23,2,12內湖區,內湖區成功路3段與星雲街口口,0,0,1,1,B03,8,7,5,50,4,2,1,5,4,5,13,2,1,1,4,5,2,12,1,60,3,10,3,4,7,9,1,8,1,2,77,1,22,121.5900796,25.0772855
114,05,12,09,34,2,04大安區,大安區大安路1段169巷與大安路1段口,0,0,1,1,C03,7,6,5,50,14,9,1,5,4,5,13,4,4,5,5,5,2,16,1,83,2,9,5,1,7,7,1,10,1,14,100,1,21,121.5460411,25.0367818
114,05,12,09,52,2,05中正區,中正區羅斯福路4段與羅斯福路4段24巷口,0,0,1,1,C03,8,6,5,50,3,2,1,5,4,5,13,4,4,3,4,5,2,16,1,18,2,9,5,1,7,6,1,10,2,14,72,1,21,121.5334135,25.0155501
114,05,12,09,55,2,03中山區,中山區復興北路與南京東路3段口,0,0,1,1,C03,8,6,5,50,4,1,1,5,4,5,13,1,1,1,4,5,2,13,2,29,3,10,6,4,7,9,1,10,1,11,16,1,22,121.5439845,25.0521872
114,05,12,09,59,1,02萬華區,萬華區堤外便道自行車道(華中露營場後方),1,0,1,1,F01,8,6,5,40,22,23,1,5,4,5,13,4,4,9,5,5,2,13,1,17,2,9,4,1,7,9,8,20,1,11,108,1,16,121.4994126,25.0138939
114,05,12,10,54,2,08士林區,士林區延平北路7段106巷94弄與延平北路7段106巷口,0,0,1,1,B03,7,6,5,30,3,1,1,5,4,5,13,4,4,10,5,5,1,17,1,59,4,11,3,4,7,6,1,8,9,1,72,1,21,121.5181355,25.08711292
114,05,12,11,23,2,07信義區,信義區吳興街281巷與吳興街281巷47弄口口,0,0,1,1,C03,8,7,8,30,3,2,1,5,4,5,13,4,4,10,5,5,2,13,1,23,3,10,6,1,7,9,1,10,1,11,16,1,22,121.5656417,25.0265486
114,05,12,11,34,2,11南港區,南港區忠孝東路6段159巷與忠孝東路6段口,0,0,1,1,C03,8,6,5,30,4,1,1,5,4,5,13,4,4,10,5,5,2,15,1,43,2,6,5,1,7,9,1,10,1,14,72,1,22,121.5864726,25.0489701
114,05,12,12,08,2,12內湖區,內湖區新湖二路與新湖二路259巷口,0,0,2,1,C03,7,6,5,50,4,2,1,5,4,5,13,2,3,5,4,5,2,3,1,31,2,7,6,1,7,9,1,10,2,11,70,1,21,121.5816345,25.06390674
114,05,12,12,09,2,01大同區,大同區涼州街與保安街49巷口,0,0,3,1,C03,8,6,5,30,3,1,1,5,4,5,13,4,4,10,5,5,2,17,1,63,2,9,6,4,7,5,1,9,1,14,72,1,22,121.5118515,25.0606646
114,05,12,12,13,2,05中正區,中正區愛國西路與公園路口,0,0,1,1,B03,8,5,5,50,4,2,1,5,4,5,13,1,1,1,5,5,2,17,1,35,3,10,7,1,7,9,1,8,9,2,118,1,21,121.5146733,25.03510094