發生年度,發生月,發生日,發生時-Hours,發生分,處理別-編號,區序,肇事地點,死亡人數,2-30日死亡人數,受傷人數,當事人序號,車種,天候,光線,道路類別,速限-速度限制,道路型態,事故位置,路面狀況1,路面狀況2,路面狀況3,道路障礙1,道路障礙2,號誌1,號誌2,車道劃分-分向,車道劃分-分道1,車道劃分-分道2,車道劃分-分道3,事故類型及型態,性別,年齡,受傷程度,主要傷處,保護裝置,行動電話,車輛用途,當事者行動狀態,駕駛資格情形,駕駛執照種類,飲酒情形,車輛撞擊部位1,肇因碼-個別,個人肇逃否,職業,座標-X,座標-Y
114,05,12,12,20,2,12內湖區,內湖區潭美街與安美街口,0,0,1,1,C03,8,6,5,40,3,1,1,5,4,5,13,2,1,5,5,5,2,17,1,33,2,9,6,1,7,4,1,10,1,11,1,1,21,121.6027613,25.0610253
114,05,12,12,21,2,07信義區,信義區松信路50巷與松隆路123巷口口,0,0,1,1,C03,7,7,5,30,4,1,1,5,4,5,13,4,4,10,5,5,2,15,1,28,2,9,6,1,7,9,1,9,1,12,72,1,21,121.5715601,25.0472869
114,05,12,12,40,2,07信義區,信義區和平東路3段631巷4-6號,0,0,1,1,B03,8,7,8,30,22,22,1,5,4,5,13,4,4,10,5,5,2,11,1,70,3,10,7,1,7,9,1,8,2,4,5,1,22,121.5649013,25.0121862
114,05,12,12,42,2,06松山區,松山區堤頂大道與麥帥二橋口,0,0,1,1,B03,7,5,5,80,14,9,1,5,4,5,13,4,4,5,2,5,2,12,1,54,3,10,7,1,7,10,1,8,1,2,100,1,21,121.5699625,25.0503806
114,05,12,12,58,2,04大安區,大安區辛亥路2段與復興南路2段口,0,0,1,1,B03,8,6,5,50,5,2,1,5,4,5,13,2,1,1,4,1,1,12,1,65,3,10,3,4,7,8,1,8,1,2,100,1,22,121.542854,25.020903
114,05,12,13,37,2,05中正區,中正區中山南路與青島東路口,0,0,3,1,B03,8,6,5,50,4,1,1,5,4,5,13,2,1,5,4,5,2,15,1,47,2,7,7,1,7,9,1,8,2,4,81,1,22,121.5192461,25.04454469
114,05,12,13,53,2,09北投區,北投區懷德街與懷德街14巷口,0,0,2,1,C03,8,7,5,30,4,1,1,5,4,5,13,4,4,10,5,5,2,15,1,58,2,9,5,1,7,9,1,10,1,11,72,1,21,121.5193439,25.11159446
114,05,12,13,57,2,03中山區,中山區市民大道3段與八德路2段300巷口,0,0,1,1,B03,8,7,5,40,4,1,1,5,4,5,13,4,4,10,5,5,2,15,2,53,3,10,7,1,7,9,1,8,1,1,72,1,22,121.5428425,25.0448259
114,05,12,14,36,2,11南港區,南港區東新街170巷7弄與東新街180巷口,0,0,1,1,C03,7,6,5,30,3,2,1,5,4,5,13,4,4,5,4,5,2,17,2,46,2,9,5,1,7,6,1,10,1,11,14,1,21,121.5932213,25.0453454
114,05,12,14,43,2,06松山區,松山區健康路與塔悠路口,0,0,1,1,B02,8,6,5,50,3,2,1,5,4,5,13,2,1,1,3,5,2,17,2,59,3,10,7,1,7,6,1,8,1,1,44,1,22,121.5698871,25.054504
114,05,12,15,17,2,06松山區,松山區八德路4段與東興路口,0,0,3,1,C03,8,6,5,50,4,4,1,5,4,5,13,1,1,5,4,5,2,12,1,43,2,9,6,1,7,8,1,10,1,15,100,1,22,121.5655109,25.04895583
114,05,12,15,26,2,10文山區,文山區辛亥路7段與木柵路1段口,0,0,2,1,C03,7,6,5,50,4,1,1,5,4,5,13,1,1,10,5,5,2,17,1,62,2,9,3,4,7,5,1,10,2,12,71,1,22,121.5522957,24.9877714
114,05,12,15,28,2,05中正區,中正區青島東路與青島東路口成功高中後方,0,0,2,1,C03,7,6,5,40,3,2,1,5,4,5,13,4,4,10,4,4,2,16,1,19,2,9,6,4,7,1,1,10,2,14,19,1,22,121.5237243,25.04350119
114,05,12,15,58,2,02萬華區,萬華區西園路2段與東園街口,0,0,2,1,C03,7,6,5,50,3,1,1,5,4,5,13,1,1,1,4,5,2,13,1,74,2,8,5,1,7,9,1,10,1,13,14,1,21,121.4952548,25.0280722
114,05,12,16,09,2,09北投區,北投區吉利街125號,0,0,1,1,C03,8,6,5,30,14,9,1,5,4,5,13,4,4,9,5,5,2,12,1,76,3,10,6,1,7,4,1,10,1,12,108,1,26,121.5068127,25.1185962
114,05,12,16,13,2,02萬華區,萬華區環河快速道路北往南二層接三層匝道,0,0,1,1,B03,7,7,5,40,8,9,1,5,4,5,13,4,4,10,5,5,2,13,1,59,3,10,7,1,7,9,1,8,1,1,16,1,21,121.4953156,25.03761292
114,05,12,16,19,2,05中正區,中正區中山南路與愛國東路口往北,0,0,1,1,B02,8,6,5,50,4,2,1,5,4,5,13,2,1,5,4,5,2,12,1,48,3,10,7,1,7,9,1,8,2,2,44,1,22,121.5167377,25.03530484
114,05,12,16,21,2,02萬華區,萬華區西園路2段與西藏路口,0,0,2,1,C03,8,6,5,50,4,1,1,5,4,5,13,2,1,1,4,5,2,16,1,21,2,9,6,1,7,9,1,10,1,14,81,1,22,121.4956182,25.0286765
114,05,12,17,37,2,06松山區,松山區敦化北路與民生東路4段口,0,0,2,1,C03,8,5,5,50,5,4,1,5,4,5,13,1,1,1,4,5,2,13,1,46,2,7,6,1,7,9,1,10,1,11,16,1,22,121.549283,25.05777191
114,05,12,17,39,2,04大安區,大安區建國南路2段與建國南路2段39巷口,0,0,2,1,C03,8,6,5,30,3,2,1,5,4,5,13,4,4,1,5,5,2,16,2,75,2,9,5,1,7,5,3,18,1,11,72,1,22,121.537869,25.0326646
114,05,12,17,56,2,12內湖區,內湖區瑞光路66巷與瑞光路口,0,0,1,1,B03,7,6,5,50,4,1,1,5,4,5,13,1,1,10,5,5,2,16,1,36,3,10,7,1,7,11,1,8,2,5,10,1,21,121.5827423,25.0707341
114,05,12,18,04,2,03中山區,中山區民權東路2段與吉林路口,0,0,1,1,B02,8,6,5,50,4,1,1,5,4,5,13,2,1,1,5,5,1,13,1,35,3,10,3,4,7,9,1,8,1,1,108,1,21,121.5305516,25.06262916
114,05,12,18,20,2,12內湖區,內湖區行善路與舊宗路1段口,0,0,2,1,C03,7,6,5,50,4,2,1,5,4,5,13,1,1,5,5,5,2,17,1,35,2,9,5,1,7,9,1,10,1,11,108,1,21,121.5802443,25.0589421
114,05,12,18,35,2,06松山區,松山區延壽街72巷與健康路325巷19弄口,0,0,1,1,C03,8,6,5,30,4,1,1,5,4,5,13,4,4,10,5,5,2,17,1,77,2,9,5,1,7,5,6,10,1,15,5,1,22,121.5654726,25.0557232
114,05,12,18,40,2,08士林區,士林區芝玉路2段52巷與芝玉路2段口,0,0,2,1,C03,8,5,5,30,5,1,1,5,4,5,13,4,4,10,5,5,2,15,1,21,2,9,3,4,7,9,1,10,2,14,72,1,21,121.5347512,25.111763
114,05,12,18,40,2,10文山區,文山區萬安街與萬安街16巷口,0,0,1,1,B03,8,5,5,30,4,1,1,5,4,5,13,4,4,10,5,5,1,17,1,49,3,10,7,1,7,5,1,8,1,8,74,1,21,121.5704747,25.0010736
114,05,12,18,47,2,04大安區,大安區仁愛路4段與復興南路1段口口,0,0,1,1,C03,8,5,5,50,5,1,1,5,4,5,13,2,1,1,4,5,2,12,1,41,2,9,5,1,7,9,1,9,2,12,4,1,23,121.5436432,25.0378981
114,05,12,18,54,2,12內湖區,內湖區康寧路3段75巷與康寧路3段75巷24弄口口,0,0,2,1,C03,7,5,5,40,3,1,1,5,4,5,13,4,4,5,5,5,2,3,2,27,2,9,6,1,7,9,1,10,2,11,70,1,21,121.6091019,25.0728487
114,05,12,18,59,2,11南港區,南港區松河街(成美橋橋下),0,0,1,1,C03,7,5,8,40,14,9,1,5,4,5,13,4,4,4,5,5,2,3,2,50,3,10,5,1,7,9,1,10,11,11,70,2,21,121.5829504,25.0528302
114,05,12,19,01,2,10文山區,文山區興隆路2段21號,0,0,2,1,C03,8,5,5,50,14,9,1,5,4,5,13,4,4,1,4,5,2,12,2,39,2,9,6,1,7,9,1,10,2,11,108,1,21,121.5456784,24.998877
114,05,12,19,10,2,11南港區,南港區忠孝東路6段(近玉成街口),0,0,1,1,B03,7,5,5,50,14,8,1,5,4,5,13,4,4,1,3,4,2,12,1,47,3,10,7,1,7,8,1,8,1,5,100,1,21,121.5833452,25.046307
114,05,12,19,14,2,12內湖區,內湖區康寧路3段與無名巷口,0,0,1,1,B03,8,5,5,50,14,9,1,5,4,5,13,4,4,1,4,5,2,12,1,75,3,10,7,1,7,9,1,8,1,2,108,1,21,121.6110151,25.0663326
114,05,12,19,30,2,12內湖區,內湖區新明路298巷與南京東路6段口口,0,0,2,1,C03,8,5,5,50,4,1,1,5,4,5,13,1,1,5,4,5,2,16,1,41,2,9,6,1,7,9,6,10,1,11,44,1,21,121.5816859,25.0568758
114,05,12,19,32,2,07信義區,信義區基隆路2段與嘉興街216巷口,0,0,1,1,B03,8,5,5,50,14,9,1,5,4,5,13,2,1,1,4,5,2,13,1,32,3,10,7,1,7,9,1,8,1,5,16,1,21,121.5560167,25.0273123
114,05,12,20,04,2,05中正區,中正區福州街與牯嶺街口,0,0,2,1,C03,7,5,5,50,4,1,1,5,4,5,13,2,1,5,4,5,2,16,2,55,2,9,5,1,7,5,1,10,1,12,74,1,21,121.5177561,25.0282995
114,05,12,20,07,2,03中山區,中山區民生東路3段與遼寧街口,0,0,2,1,B01,8,5,5,50,3,2,1,5,4,5,13,2,1,1,3,5,2,13,1,68,3,10,7,4,7,11,1,4,2,7,103,1,21,121.5422598,25.0578225
114,05,12,20,10,2,11南港區,南港區經貿二路與研究院路1段口,0,0,1,1,A02,8,6,5,50,4,1,1,5,4,5,13,1,1,3,5,5,2,16,1,59,3,10,3,1,7,5,1,1,2,5,71,1,21,121.6166899,25.0551435
114,05,12,20,26,2,08士林區,士林區芝玉路2段52巷與芝玉路2段口,0,0,1,1,B03,7,5,5,30,5,1,1,5,4,4,12,4,4,10,5,5,2,16,1,52,3,10,7,1,7,5,1,8,1,4,72,1,21,121.5346797,25.11165811
114,05,12,20,29,2,04大安區,大安區信義路4段265巷與信義路4段265巷5弄口,0,0,1,1,C03,8,5,5,30,4,1,1,5,4,5,13,4,4,4,3,5,2,11,2,25,2,9,6,1,7,9,1,10,1,11,16,1,21,121.5543238,25.0337697
114,05,12,21,08,2,12內湖區,內湖區民權東路6段與瑞光路口,0,0,2,1,C03,7,5,5,50,4,1,1,5,4,5,13,2,1,1,4,5,1,12,1,20,2,8,6,1,7,8,1,10,1,12,100,1,21,121.5840327,25.0690291
114,05,12,21,49,2,04大安區,大安區市民大道4段與敦化南路1段口,0,0,1,1,B03,8,5,5,40,4,1,1,5,4,5,13,1,1,10,5,5,2,16,1,34,3,10,7,1,7,5,1,8,1,4,8,1,21,121.5490166,25.0447693
114,05,12,21,50,2,11南港區,南港區成美橋左岸河濱公園籃球場,0,0,1,1,,8,5,8,0,22,23,1,5,4,5,13,4,4,9,5,5,1,29,3,27,,,,,,,,,,,130,1,,121.5872483,25.0542063
114,05,12,22,03,2,04大安區,大安區通安街與安和路2段23巷口,0,0,2,1,C03,8,5,5,30,4,1,1,5,4,5,13,4,4,5,4,5,2,15,1,34,2,9,6,1,7,9,1,10,1,14,72,1,21,121.5533105,25.0320893
114,05,12,22,38,2,07信義區,信義區基隆路1段與基隆路1段102巷口,0,0,1,1,B03,8,5,5,50,3,2,1,5,4,5,13,4,4,9,4,5,2,17,1,27,3,10,7,1,7,6,6,18,1,5,9,1,21,121.5668044,25.0453428
114,05,12,23,41,2,04大安區,大安區和平東路1段與羅斯福路2段口,0,0,2,1,C03,8,5,5,50,4,1,1,5,4,5,13,2,1,1,4,5,2,17,1,39,2,7,5,1,7,6,3,18,1,11,9,1,21,121.5227352,25.0268339
114,05,13,01,03,2,04大安區,大安區基隆路3段22巷與基隆路3段口,0,0,1,1,B01,8,5,5,50,5,1,1,5,4,5,13,4,4,1,4,5,2,16,1,64,3,10,7,4,7,6,1,4,1,2,9,1,21,121.5471719,25.019799
114,05,13,01,48,2,09北投區,北投區陽明路1段1106104燈桿,0,0,1,1,,8,7,5,40,14,9,1,2,4,5,13,4,4,7,4,4,1,29,3,0,,,,,,,,,,,67,1,,121.5493324,25.1483858
114,05,13,06,42,2,10文山區,文山區萬美街1段與萬美街1段19巷口口,0,0,1,1,C03,8,7,5,30,3,1,1,5,4,5,13,3,1,10,5,5,2,16,2,55,2,9,5,1,7,5,1,10,2,12,72,1,21,121.5685181,25.0024842
114,05,13,06,53,2,12內湖區,內湖區舊宗路2段121巷與瑞湖街口側附近口,0,0,1,1,C03,7,7,5,50,4,2,1,5,4,5,13,2,1,4,3,5,2,16,2,41,2,9,6,1,7,9,1,10,1,11,76,1,21,121.5764283,25.0690631
114,05,13,07,30,2,08士林區,士林區文昌路與文昌路155巷口,0,0,1,1,C03,8,7,5,50,4,1,1,5,4,5,13,4,4,9,4,5,1,15,2,26,2,9,6,1,7,9,1,10,2,12,72,1,21,121.520405,25.09768981
114,05,13,07,33,2,03中山區,中山區北安路海軍司令部前,0,0,1,1,C03,7,5,5,50,14,9,1,5,4,5,13,4,4,1,4,5,2,12,1,32,2,8,6,4,7,7,1,10,1,14,100,1,21,121.5391239,25.07822288
114,05,13,07,50,2,03中山區,中山區民權東路2段與吉林路口,0,0,1,1,C03,8,7,5,50,4,2,1,5,4,5,13,1,1,1,4,5,2,13,2,47,2,8,5,1,7,9,1,10,1,11,16,1,21,121.5300105,25.0624618
114,05,13,08,02,2,12內湖區,內湖區康寧路1段156巷與康寧路1段156巷10弄口,0,0,1,1,B03,8,6,5,30,4,1,1,5,4,5,13,4,4,10,5,5,2,17,1,70,3,10,7,1,7,9,6,18,9,8,72,1,21,121.5902087,25.08202269
114,05,13,08,12,2,07信義區,信義區基隆路2段17號,0,0,1,1,C03,8,6,5,50,14,9,1,5,4,5,13,4,4,1,4,5,2,12,1,46,2,8,6,1,7,8,1,10,2,13,100,1,22,121.5595242,25.0319215
114,05,13,08,22,2,02萬華區,萬華區西園路2段270號,0,0,2,1,C03,8,7,5,50,14,9,1,5,4,5,13,4,4,1,4,5,2,16,2,58,2,8,3,4,7,6,3,18,1,11,9,1,22,121.494561,25.027735
114,05,13,08,23,2,06松山區,松山區民權東路5段與撫遠街口,0,0,1,1,A04,8,5,5,50,4,1,1,5,4,5,13,2,1,1,3,5,2,9,1,40,3,10,7,1,7,12,1,2,1,17,44,1,22,121.5659451,25.063285
114,05,13,08,30,2,01大同區,大同區重慶北路3段88號,0,0,3,1,C03,7,6,5,50,14,9,1,5,4,5,13,4,4,1,4,5,2,12,1,22,2,9,3,4,7,7,1,10,1,14,100,1,21,121.5135851,25.0663138
114,05,13,08,31,2,04大安區,大安區忠孝東路3段與建國南路1段口,0,0,1,1,C03,8,6,5,50,5,1,1,5,4,5,13,1,1,8,3,5,2,17,1,39,3,10,3,4,7,15,1,10,9,15,14,1,21,121.5367756,25.0420246
114,05,13,09,06,2,03中山區,中山區林森北路與新生北路3段88巷口,0,0,1,1,B03,7,6,5,50,4,18,1,5,4,5,13,4,4,10,4,5,2,3,1,71,3,10,3,4,7,9,1,8,9,1,70,1,22,121.5211928,25.05002003
114,05,13,09,30,2,08士林區,士林區菁山路101巷第161號燈桿前,0,0,1,1,F01,8,6,5,40,14,9,1,5,4,5,13,4,4,10,5,5,1,18,1,64,2,9,5,1,7,9,8,20,1,15,108,1,21,121.5623194,25.15510029
114,05,13,09,31,2,01大同區,大同區重慶北路1段與重慶北路1段26巷口,0,0,1,1,C03,8,6,5,50,4,2,1,5,4,5,13,1,1,5,5,5,2,17,2,34,3,10,6,1,7,8,1,10,1,15,100,1,22,121.5136071,25.0507045
114,05,13,10,00,2,09北投區,北投區中央南路1段與清江路口,0,0,1,1,C03,8,6,5,50,4,1,1,5,4,5,13,4,4,9,5,5,2,17,2,50,2,8,6,1,7,6,1,10,1,12,9,1,21,121.5013374,25.1316686
114,05,13,10,14,2,01大同區,大同區承德路2段與南京西路口,0,0,2,1,C03,8,6,5,50,4,1,1,5,4,5,13,2,1,1,4,5,2,12,1,29,2,9,3,4,7,9,1,10,1,12,108,1,21,121.5175994,25.05323381
114,05,13,10,27,2,12內湖區,內湖區康寧路1段與康寧路1段26巷口,0,0,1,1,C03,8,7,5,50,3,2,1,5,4,5,13,4,4,9,4,5,2,9,1,40,3,10,6,1,7,9,1,10,2,11,108,1,21,121.5918302,25.0804866
114,05,13,10,36,2,08士林區,士林區承德路5段與通河東街2段口,0,0,1,1,A41,8,5,5,50,14,9,1,5,4,5,13,4,4,1,4,5,2,17,4,0,4,11,3,4,7,21,7,19,11,15,119,2,22,121.5181513,25.08706755
114,05,13,11,00,2,02萬華區,萬華區中華路2段150巷與莒光路153巷口,0,0,2,1,C03,8,6,5,30,4,1,1,5,4,5,13,4,4,10,5,5,1,15,1,34,2,8,5,1,7,9,1,9,1,11,75,1,21,121.5029734,25.0303763
114,05,13,11,08,2,06松山區,松山區南京東路5段252號,0,0,1,1,B01,8,6,5,50,14,7,1,5,4,5,13,4,4,9,4,5,2,13,1,57,3,10,7,1,7,12,1,8,1,7,44,1,21,121.566295,25.0512715
114,05,13,11,30,2,10文山區,文山區景華街與景華街128巷口,0,0,2,1,C03,8,6,5,30,3,1,1,4,4,5,13,1,1,9,5,5,2,16,1,37,2,7,6,1,7,5,1,10,2,11,74,1,21,121.5470465,24.9958435
114,05,13,11,35,2,05中正區,中正區金華街與杭州南路2段口,0,0,1,1,B03,8,6,5,50,4,1,1,5,4,5,13,1,1,5,4,5,2,3,1,73,3,10,7,1,7,5,1,8,1,4,70,1,21,121.5222202,25.0308188
114,05,13,11,56,2,05中正區,中正區延平南路與中華路1段95巷口,0,0,1,1,B01,8,6,5,50,3,1,1,5,4,5,13,4,4,9,5,5,2,3,1,62,3,10,7,4,7,5,1,4,2,8,108,1,21,121.5083036,25.03773477
114,05,13,12,19,2,03中山區,中山區長春路14-1號,0,0,2,1,C03,8,7,5,40,14,8,1,5,4,5,13,4,4,9,4,4,2,1,2,33,2,9,5,1,7,9,1,10,2,11,44,1,22,121.5235812,25.054936
114,05,13,12,28,2,03中山區,中山區長安東路1段30巷與長安東路1段口,0,0,1,1,C03,7,7,5,50,4,1,1,5,4,5,13,1,1,5,2,5,1,12,1,67,2,9,5,1,7,9,1,10,1,11,76,1,21,121.5262501,25.04879539
114,05,13,12,30,2,05中正區,中正區貴陽街1段60號,0,0,2,1,C04,8,7,5,50,14,9,1,5,4,5,13,4,4,5,4,5,2,17,2,33,2,9,5,1,7,9,1,10,2,11,16,1,21,121.5104923,25.0389478
114,05,13,12,35,2,08士林區,士林區天母東路與天母東路105巷口,0,0,2,1,F02,8,6,5,50,3,1,1,5,4,5,13,1,1,1,4,5,2,17,2,78,2,9,4,1,7,1,8,20,2,14,19,1,22,121.5363891,25.1181192
114,05,13,12,36,2,08士林區,士林區中山北路7段與中山北路7段191巷口,0,0,1,1,C03,8,5,5,30,3,1,1,5,4,5,13,4,4,7,5,5,2,17,2,64,2,7,3,4,7,7,1,10,1,14,100,1,22,121.5326801,25.1247067
114,05,13,12,57,2,01大同區,大同區南京西路與重慶北路1段口,0,0,2,1,C04,8,6,5,50,5,1,1,5,4,5,13,4,4,5,5,5,2,16,1,76,3,10,6,1,7,6,1,10,2,12,9,1,21,121.5141088,25.0539869
114,05,13,13,20,2,08士林區,士林區延平北路7段與延平北路7段106巷口,0,0,2,1,C03,8,6,5,30,3,2,1,5,4,5,13,4,4,5,5,5,2,17,1,80,2,8,6,1,7,5,1,10,1,14,74,1,21,121.4975966,25.096612
114,05,13,13,40,2,08士林區,士林區中山北路4段與通河街口,0,0,1,1,C03,8,6,5,50,14,9,1,5,4,5,13,2,1,1,3,5,1,17,1,61,3,10,6,1,7,6,1,10,9,17,9,1,21,121.5242625,25.08001629
114,05,13,13,48,2,05中正區,中正區汀州路1段與西藏路口,0,0,2,1,C03,8,7,5,50,4,1,1,5,4,5,13,1,1,5,5,5,2,17,1,52,2,8,5,1,7,6,1,10,1,12,9,1,22,121.5070483,25.0308144
114,05,13,14,15,2,03中山區,中山區長春路137巷與松江路170巷口,0,0,2,1,C03,8,5,5,30,4,1,1,5,4,5,13,4,4,9,4,5,2,15,2,36,2,9,6,4,7,9,1,10,1,11,108,1,21,121.5222722,25.05812326
114,05,13,14,31,2,04大安區,大安區仁愛路4段與大安路1段口,0,0,1,1,B01,8,7,5,50,4,1,1,5,4,5,13,2,1,1,4,5,1,17,1,61,3,10,7,1,7,6,1,4,1,5,108,1,21,121.5460442,25.038208
114,05,13,14,37,2,09北投區,北投區關渡自行車道西往東,0,0,2,1,F01,8,6,8,0,14,23,1,5,4,5,13,4,4,9,4,5,2,12,1,56,2,9,5,1,7,4,8,20,1,12,108,1,21,121.4861081,25.1154174
114,05,13,15,06,2,12內湖區,內湖區民權東路6段與行愛路口,0,0,2,1,A02,8,5,5,50,5,2,1,5,4,5,13,2,1,9,4,5,2,17,2,37,3,10,7,1,7,1,1,2,2,17,19,1,21,121.5792537,25.0671039
114,05,13,15,10,2,07信義區,信義區吳興街450巷與吳興街口,0,0,1,1,B13,8,7,5,30,4,1,1,5,4,5,13,4,4,10,5,5,2,17,1,27,3,10,3,4,7,11,1,8,1,6,10,1,21,121.5686138,25.0240188
114,05,13,15,15,2,02萬華區,萬華區西園路2段127號,0,0,1,1,C03,7,7,5,50,14,9,1,5,4,5,13,4,4,1,3,5,2,12,1,37,2,9,5,1,7,7,1,10,2,14,100,1,21,121.496101,25.0295598
114,05,13,16,00,2,03中山區,中山區長安東路2段與復興北路口,0,0,1,1,C03,7,7,5,50,4,2,1,5,4,5,13,1,1,1,4,5,2,13,1,25,2,9,5,1,7,7,1,10,2,11,16,1,21,121.5439216,25.048482
114,05,13,16,00,2,10文山區,文山區木新路3段74巷與木新路3段74巷8弄口,0,0,1,1,B03,8,6,5,50,4,1,1,5,4,5,13,4,4,10,5,5,1,15,2,67,3,10,7,1,7,9,1,8,1,1,72,1,21,121.5633303,24.9828933
114,05,13,16,11,2,10文山區,文山區萬芳路與萬利街口,0,0,1,1,B03,8,5,5,50,3,1,1,5,4,5,13,2,1,10,5,5,1,17,2,20,3,10,7,1,7,5,1,8,1,6,71,1,21,121.566926,24.9990886
114,05,13,16,15,2,07信義區,信義區信安街67巷與信安街口側附近口,0,0,1,1,F02,8,7,5,0,4,1,1,5,4,5,13,2,1,5,4,4,2,16,2,70,2,9,5,4,7,5,8,20,1,11,71,1,22,121.5575891,25.0260482
114,05,13,16,26,2,03中山區,中山區天津街與南京東路1段口,0,0,1,1,C03,8,6,5,50,3,1,1,5,4,5,13,3,1,1,5,5,1,1,1,57,4,11,5,4,7,6,1,10,11,12,70,1,21,121.5235816,25.05202099
114,05,13,16,42,2,05中正區,中正區羅斯福路2段與潮州街口,0,0,2,1,C03,8,7,5,50,4,1,1,5,4,5,13,1,1,1,4,5,2,13,1,20,2,9,5,1,7,9,1,10,1,11,108,1,22,121.5207366,25.0295472
114,05,13,17,17,2,03中山區,中山區南京東路3段與遼寧街口,0,0,1,1,C03,8,7,5,50,4,2,1,5,4,5,13,1,1,1,4,5,2,13,1,60,3,10,5,1,7,9,1,10,2,11,16,1,21,121.5401024,25.0518818
114,05,13,17,35,2,01大同區,大同區台北橋機慢車道,0,0,2,1,C03,7,6,5,50,14,9,1,5,4,5,13,4,4,10,4,5,2,13,1,23,2,8,3,4,7,9,1,10,2,11,108,1,21,121.5103196,25.0631824
114,05,13,17,53,2,03中山區,中山區八德路2段與遼寧街口,0,0,1,1,B03,7,5,5,50,4,1,1,5,4,5,13,1,1,9,4,5,2,17,1,50,3,10,3,4,7,5,1,8,1,1,44,1,21,121.5419475,25.04710908
114,05,13,18,25,2,12內湖區,內湖區新明路143巷7號,0,0,2,1,C03,8,6,5,30,14,9,1,5,4,3,10,4,4,10,5,5,2,17,2,49,2,9,5,1,7,1,1,10,1,11,19,1,21,121.5896295,25.0589046
114,05,13,18,27,2,02萬華區,萬華區西園路1段與桂林路口,0,0,1,1,C03,8,6,8,50,4,1,1,5,4,5,13,1,1,9,4,5,1,10,1,82,3,10,5,1,7,9,1,10,1,11,80,1,22,121.4997348,25.0384018
114,05,13,18,27,2,11南港區,南港區忠孝東路6段與東新街口,0,0,1,1,B01,7,5,5,50,4,2,1,5,4,5,13,2,1,1,2,5,2,16,1,66,3,10,7,1,7,5,1,4,1,1,71,1,21,121.5850735,25.0480068
114,05,13,18,33,2,03中山區,中山區北安路往自強隧道機車專用道,0,0,1,1,C03,8,5,5,50,14,11,1,5,4,5,13,4,4,10,3,1,2,13,2,28,3,10,6,4,7,9,1,10,1,11,108,1,21,121.5515313,25.0861545
114,05,13,18,45,2,08士林區,士林區延平北路6段與社子街口,0,0,1,1,F01,8,6,5,50,4,2,1,5,4,5,13,2,1,9,5,5,1,9,1,78,2,8,4,1,7,6,8,20,1,12,108,1,21,121.5088406,25.08771768
114,05,13,18,50,2,04大安區,大安區復興南路2段148巷與瑞安街61巷1弄口,0,0,2,1,F01,8,5,5,50,4,1,1,5,4,5,13,4,4,10,5,5,2,16,1,17,2,8,4,1,7,5,8,20,1,14,8,1,21,121.5428164,25.0284343
114,05,13,19,04,2,02萬華區,萬華區萬大路297號,0,0,1,1,C03,7,5,5,50,14,9,1,5,4,5,13,4,4,3,4,5,2,13,1,32,2,9,5,4,7,9,1,10,1,11,108,1,22,121.5004355,25.025088
114,05,13,19,12,2,11南港區,南港區東新街與忠孝東路6段口,0,0,1,1,C03,8,5,5,50,3,1,1,5,4,5,13,1,1,1,3,5,2,13,2,54,2,7,5,1,7,12,1,11,1,13,14,1,21,121.5848171,25.0482384
114,05,13,19,18,2,04大安區,大安區和平東路3段與安和路2段口,0,0,1,1,B02,7,5,5,50,5,2,1,5,4,5,13,2,1,1,4,5,1,13,1,24,3,10,3,4,7,9,1,8,1,1,16,1,22,121.5504004,25.0243523
114,05,13,19,20,2,02萬華區,萬華區艋舺大道與西藏路口,0,0,1,1,B03,7,5,5,50,5,2,1,5,4,5,13,1,1,8,3,5,2,16,1,61,3,10,7,1,7,6,1,8,1,5,108,1,21,121.4914954,25.0292232
114,05,13,19,25,2,01大同區,大同區民權西路194號,0,0,1,1,,8,5,5,0,14,20,1,5,4,5,13,4,4,10,5,5,2,1,4,0,,,,,,,,,11,,119,2,,121.514219,25.0628462
114,05,13,19,55,2,10文山區,文山區興隆路1段與興隆路1段83巷口,0,0,1,1,C03,7,5,5,50,3,2,1,5,4,5,13,2,1,1,4,5,2,12,1,42,2,9,6,1,7,9,1,10,2,12,13,1,21,121.5412726,25.0031653
114,05,13,19,56,2,02萬華區,萬華區西寧南路69號,0,0,2,1,H01,7,5,5,50,14,9,1,5,4,5,13,4,4,8,3,5,2,3,1,39,3,10,4,5,8,16,8,20,10,16,122,1,22,121.5069825,25.0463861
114,05,13,20,00,2,08士林區,士林區三腳渡堤外停車場堤外自行車道,0,0,1,1,F01,7,5,7,30,14,23,1,5,4,5,13,4,4,10,4,5,1,17,1,14,2,9,4,1,7,9,8,20,2,11,16,1,21,121.5157396,25.0820395
114,05,13,21,19,2,04大安區,大安區忠孝東路4段與忠孝東路4段17巷口,0,0,1,1,C03,8,5,5,50,3,1,1,5,4,5,13,4,4,1,4,5,2,17,1,29,2,9,5,1,7,12,1,10,1,14,13,1,21,121.5444136,25.0417133
114,05,13,21,37,2,04大安區,大安區新生南路3段與新生南路3段76巷口,0,0,1,1,C03,7,5,5,50,3,2,1,5,4,5,13,4,4,1,4,5,1,13,2,44,2,9,3,4,7,9,1,10,1,11,108,1,22,121.5344741,25.0191494
114,05,13,21,41,2,04大安區,大安區仁愛路3段與仁愛路3段143巷口,0,0,1,1,B03,8,5,5,50,5,1,1,5,4,5,13,4,4,1,4,5,2,16,1,48,3,10,7,4,7,5,1,8,7,15,9,1,21,121.5429922,25.0381977