發生年度,發生月,發生日,發生時-Hours,發生分,處理別-編號,區序,肇事地點,死亡人數,2-30日死亡人數,受傷人數,當事人序號,車種,天候,光線,道路類別,速限-速度限制,道路型態,事故位置,路面狀況1,路面狀況2,路面狀況3,道路障礙1,道路障礙2,號誌1,號誌2,車道劃分-分向,車道劃分-分道1,車道劃分-分道2,車道劃分-分道3,事故類型及型態,性別,年齡,受傷程度,主要傷處,保護裝置,行動電話,車輛用途,當事者行動狀態,駕駛資格情形,駕駛執照種類,飲酒情形,車輛撞擊部位1,肇因碼-個別,個人肇逃否,職業,座標-X,座標-Y
114,05,13,21,52,2,05中正區,中正區牯嶺街與廈門街99巷口,0,0,2,1,C03,8,5,5,30,4,1,1,5,4,5,13,4,4,10,5,5,2,16,1,63,2,9,5,1,7,5,1,9,2,12,72,1,21,121.5190624,25.0239118
114,05,13,23,56,2,10文山區,文山區景美街與景文街口,0,0,1,1,C04,8,5,5,50,3,1,1,5,4,5,13,4,4,5,5,5,1,16,2,24,2,9,6,1,7,5,1,10,1,11,72,1,21,121.5413634,24.9915472
114,05,13,23,58,2,08士林區,士林區雨聲街與雨聲街口陽明醫院前,0,0,2,1,C03,8,6,5,30,3,1,1,5,4,5,13,2,1,5,2,5,2,16,1,19,2,9,6,1,7,5,1,10,1,12,74,1,21,121.5311047,25.1046628
114,05,14,04,25,2,08士林區,士林區菁山路66號,0,0,1,1,C03,7,5,5,40,14,9,1,5,4,5,13,4,4,6,5,5,2,13,1,60,2,8,5,1,7,9,1,10,2,11,108,1,21,121.5478667,25.13854249
114,05,14,05,15,2,01大同區,大同區赤峰街53巷與赤峰街口,0,0,1,1,C03,8,6,5,30,4,1,1,5,4,5,13,4,4,8,4,5,2,15,2,30,2,8,6,1,7,9,1,10,1,11,72,1,21,121.519692,25.0561797
114,05,14,07,06,2,02萬華區,萬華區西藏路與寶興街口,0,0,2,1,C03,8,5,5,50,3,1,1,5,4,5,13,1,1,9,4,5,2,17,1,57,3,10,6,4,7,9,1,10,1,13,44,1,21,121.4923233,25.0284207
114,05,14,07,14,2,08士林區,士林區至善路1段與福林路254巷口,0,0,1,1,B02,8,5,5,40,3,1,1,5,4,5,13,4,4,7,4,5,1,12,1,58,3,10,7,1,7,8,1,4,2,15,100,1,21,121.5380756,25.0976824
114,05,14,07,15,2,12內湖區,內湖區行善路與新湖一路339巷口,0,0,2,1,C03,8,6,5,50,4,1,1,5,4,5,13,2,1,1,4,5,2,17,1,38,2,9,6,1,7,7,7,19,1,13,100,1,21,121.5846544,25.0627503
114,05,14,07,28,2,05中正區,中正區汀州路3段與汀州路3段24巷口,0,0,2,1,C04,8,6,5,50,3,1,1,5,4,5,13,4,4,5,4,5,2,17,2,47,2,8,5,1,7,5,1,10,1,12,8,1,21,121.5286638,25.0176214
114,05,14,07,28,2,10文山區,文山區萬芳路與萬和街口口,0,0,1,1,C03,8,6,5,50,3,1,1,5,4,5,13,2,1,5,4,5,1,16,1,21,3,10,6,1,7,5,1,10,1,14,71,1,21,121.5690152,24.9988522
114,05,14,07,29,2,02萬華區,萬華區大理街170巷2-1號,0,0,1,1,C03,8,6,5,30,14,9,1,5,4,5,13,4,4,10,5,5,2,27,1,76,2,9,6,1,7,9,1,10,1,11,44,1,22,121.4937739,25.033791
114,05,14,07,31,2,11南港區,南港區忠孝東路7段596巷2號,0,0,1,1,F01,8,7,5,30,14,9,1,5,4,5,13,4,4,10,5,5,2,10,2,58,3,10,3,4,7,9,8,20,1,11,4,1,21,121.6149433,25.0527394
114,05,14,07,49,2,09北投區,北投區天母西路與磺溪便道口,0,0,1,1,C03,8,7,5,50,4,1,1,5,4,5,13,4,4,10,5,5,2,16,1,45,3,10,5,1,7,6,1,10,1,12,9,1,22,121.523726,25.1186886
114,05,14,08,20,2,02萬華區,萬華區堤外便道新二號疏散門,0,0,1,1,C03,8,6,5,30,3,1,1,5,4,5,13,4,4,9,5,5,2,15,1,62,3,10,3,4,7,9,1,10,1,14,72,1,22,121.499486,25.0165386
114,05,14,08,20,2,03中山區,中山區北安路與自強隧道(外)口,0,0,1,1,C03,8,7,5,50,14,9,1,5,4,5,13,4,4,1,4,5,2,17,1,25,3,10,5,1,7,7,1,10,1,12,100,1,21,121.5522001,25.0860168
114,05,14,08,30,2,10文山區,文山區羅斯福路6段與羅斯福路6段159巷口,0,0,3,1,C03,8,6,5,50,4,4,1,5,4,5,13,2,1,1,4,5,2,13,2,42,2,9,6,1,7,9,1,10,1,11,108,1,21,121.5410195,24.9969454
114,05,14,08,49,2,07信義區,信義區莊敬路391巷與莊敬路391巷11弄口,0,0,1,1,C04,7,7,5,30,3,1,1,5,4,5,13,4,4,9,5,5,2,16,2,35,2,9,6,4,7,6,1,11,1,14,72,1,21,121.5659777,25.0285524
114,05,14,08,53,2,04大安區,大安區辛亥路3段與復興南路2段口,0,0,1,1,C03,8,7,5,50,4,1,1,5,4,5,13,2,1,1,3,1,2,16,2,41,2,9,5,1,7,10,1,10,1,12,100,1,21,121.5434247,25.0212057
114,05,14,08,55,2,05中正區,中正區漢口街1段與開封街1段34巷口,0,0,2,1,C03,8,6,5,50,3,1,1,5,4,5,13,4,4,10,4,5,2,16,1,38,2,9,6,4,7,1,1,10,1,11,19,1,22,121.5122437,25.04520144
114,05,14,08,56,2,04大安區,大安區基隆路高架道往北（049燈桿）,0,0,4,1,B13,7,6,5,60,14,7,1,5,4,5,13,4,4,1,4,5,1,13,1,37,2,9,3,4,7,9,1,8,2,1,108,1,21,121.5418263,25.014952
114,05,14,09,01,2,02萬華區,萬華區華江橋與華江橋口往北市機車道,0,0,1,1,C03,8,7,7,40,11,11,1,5,4,5,13,4,4,1,5,5,2,18,2,24,2,8,5,1,7,6,1,10,9,14,118,1,21,121.4890086,25.0353877
114,05,14,09,01,2,07信義區,信義區永吉路257號,0,0,1,1,B03,7,5,5,50,14,8,1,5,4,5,13,4,4,1,4,4,1,17,1,44,3,10,7,1,7,8,1,8,1,6,100,1,21,121.5749492,25.0455929
114,05,14,09,03,2,01大同區,大同區民權西路120號,0,0,1,1,A04,8,5,5,50,14,9,1,5,4,5,13,4,4,1,4,5,2,12,1,62,3,10,7,4,7,8,1,2,9,2,100,2,21,121.5167801,25.0628112
114,05,14,09,11,2,03中山區,中山區松江路313巷22-1號與民權東路2段152巷口,0,0,2,1,C03,7,6,5,30,4,2,1,5,4,5,13,4,4,9,5,5,2,13,2,35,2,9,6,1,7,9,1,10,1,11,16,1,22,121.5348753,25.0616309
114,05,14,09,12,2,08士林區,士林區福林路與福林路255巷口,0,0,1,1,B03,8,5,5,50,3,1,1,5,4,5,13,4,4,5,4,5,1,17,1,59,3,10,7,1,7,11,1,8,2,5,10,1,21,121.5353584,25.0984665
114,05,14,09,31,2,05中正區,中正區中山南路與濟南路1段口,0,0,2,1,C03,8,6,5,50,4,2,1,5,4,5,13,1,1,1,4,5,2,13,2,53,2,9,6,1,7,9,1,10,9,11,108,1,22,121.518983,25.0431062
114,05,14,09,36,2,06松山區,松山區塔悠路與健康路口,0,0,2,1,C03,8,6,5,50,3,2,1,5,4,5,13,4,4,1,4,4,2,13,1,31,2,9,5,1,7,7,1,10,1,11,108,1,21,121.5698636,25.0548204
114,05,14,09,57,2,04大安區,大安區基隆路2段291巷與基隆路2段口,0,0,2,1,C03,8,7,5,50,14,9,1,5,4,5,13,4,4,8,3,5,1,12,2,54,2,8,5,1,7,15,1,10,1,12,100,1,26,121.5495123,25.0215449
114,05,14,10,09,2,07信義區,信義區永吉路200巷與永吉路200巷24弄口,0,0,1,1,G06,8,7,5,0,4,1,1,5,4,5,13,4,4,10,5,5,2,16,2,32,3,10,4,4,7,5,8,20,1,16,8,1,21,121.5726006,25.0446335
114,05,14,10,18,2,05中正區,中正區林森南路地下道,0,0,2,1,C03,7,5,5,50,6,9,1,5,4,5,13,4,4,10,2,5,2,13,1,74,2,9,6,4,7,9,1,10,2,11,16,1,22,121.5131995,25.04076226
114,05,14,10,30,2,03中山區,中山區新生北路2段與林森北路259巷口,0,0,1,1,B03,8,7,5,50,3,1,1,5,4,5,13,4,4,1,4,5,2,12,1,73,3,10,7,1,7,6,1,8,2,5,9,1,21,121.5274231,25.05431698
114,05,14,10,31,2,12內湖區,內湖區內湖路1段595號,0,0,2,1,B03,8,5,5,50,14,9,1,5,4,5,13,2,1,1,4,5,2,17,1,59,2,7,3,1,7,15,1,8,1,4,40,1,21,121.5734151,25.0807871
114,05,14,10,35,2,12內湖區,內湖區東湖路113巷與東湖路口,0,0,2,1,C03,8,6,5,50,4,1,1,5,4,5,13,2,1,5,4,5,2,17,1,24,2,9,6,1,7,6,1,10,1,13,9,1,21,121.6151394,25.0686045
114,05,14,10,40,2,06松山區,松山區三民路40號,0,0,1,1,A02,8,6,5,50,14,9,1,5,4,5,13,4,4,5,4,5,2,9,1,52,3,10,7,4,7,9,1,2,1,17,44,1,21,121.5639121,25.0533646
114,05,14,10,42,2,07信義區,信義區東興路57號對面,0,0,1,1,A02,7,5,5,50,14,9,1,5,4,5,13,4,4,5,5,5,2,12,1,54,3,10,7,1,7,9,1,2,2,2,108,1,21,121.5659762,25.0476929
114,05,14,10,50,2,03中山區,中山區吉林路315巷與吉林路口,0,0,1,1,C03,8,6,5,30,4,1,1,5,4,5,13,4,4,4,5,5,1,15,2,39,2,9,3,4,7,9,1,10,1,14,72,2,21,121.5303047,25.06357061
114,05,14,10,55,2,10文山區,文山區景明街29巷與景明街11巷6弄口第0704250燈桿,0,0,1,1,B03,8,6,5,30,11,9,1,5,4,5,13,4,4,10,5,5,2,10,2,27,3,10,7,1,7,9,1,8,1,1,5,1,22,121.5414048,25.0006349
114,05,14,11,15,2,06松山區,松山區敦化北路230號,0,0,1,1,C03,8,6,5,50,14,7,1,5,4,5,13,4,4,1,4,4,2,13,2,45,2,5,5,1,7,9,1,10,1,11,16,1,22,121.5493779,25.05921408
114,05,14,11,20,2,05中正區,中正區市民大道1段168號,0,0,1,1,C03,8,6,5,40,14,9,1,5,4,5,13,4,4,1,4,5,2,16,2,22,2,9,6,1,7,8,1,10,1,14,100,1,22,121.5186197,25.0483418
114,05,14,11,46,2,06松山區,松山區民權東路4段與敦化北路口,0,0,2,1,B03,8,6,5,50,4,1,1,5,4,5,13,2,1,3,4,4,2,17,1,65,2,7,3,4,7,5,1,8,2,5,85,1,22,121.5505972,25.061608
114,05,14,11,46,2,09北投區,北投區豐年路2段與中央北路2段237巷口,0,0,2,1,C03,8,7,5,30,3,1,1,5,4,5,13,4,4,10,5,5,2,17,1,22,2,9,3,4,7,5,1,10,1,11,72,1,26,121.4934929,25.1369016
114,05,14,12,20,2,10文山區,文山區木柵路1段17巷與木柵路1段口,0,0,1,1,C03,8,7,5,50,3,1,1,5,4,5,13,2,1,5,5,5,2,13,1,19,2,9,6,1,7,9,1,10,1,11,13,1,21,121.5439761,24.9885432
114,05,14,12,40,2,05中正區,中正區中華路1段與長沙街1段口,0,0,2,1,C03,8,6,5,50,4,1,1,5,4,5,13,1,1,10,4,4,2,16,2,62,2,9,6,4,7,7,1,10,2,11,100,1,22,121.5072976,25.0353073
114,05,14,13,09,2,04大安區,大安區基隆路4段與基隆路4段73巷口,0,0,1,1,C03,8,5,5,40,4,1,1,5,4,5,13,2,1,8,3,5,1,16,1,23,2,9,5,1,7,8,1,10,1,11,100,1,21,121.5395456,25.0129668
114,05,14,13,10,2,04大安區,大安區和平東路2段18巷與新生南路3段19巷口,0,0,1,1,B03,8,6,5,30,4,1,1,5,4,5,13,4,4,10,5,5,1,15,1,68,3,10,3,4,7,9,1,8,1,1,72,1,21,121.5364868,25.0249372
114,05,14,14,15,2,10文山區,文山區木柵路1段與和興路口口,0,0,1,1,B02,8,6,5,50,4,1,1,5,4,5,13,2,1,5,4,5,1,16,2,23,3,10,3,1,7,6,1,8,1,5,9,1,21,121.5460077,24.9866607
114,05,14,14,18,2,10文山區,文山區下崙路27-3號,0,0,1,1,F02,8,7,5,30,14,9,1,5,4,5,13,4,4,5,5,5,2,18,2,30,2,9,4,1,7,9,8,20,1,12,42,1,21,121.5578308,24.986264
114,05,14,14,20,2,07信義區,信義區松高路與逸仙路口,0,0,1,1,C03,8,6,5,50,3,2,1,5,4,5,13,2,1,4,3,4,2,17,1,62,2,8,6,1,7,6,1,10,1,11,44,1,21,121.5617467,25.0391271
114,05,14,14,52,2,04大安區,大安區基隆路4段與羅斯福路4段口,0,0,2,1,C03,8,6,5,50,4,1,1,5,4,5,13,1,1,1,5,5,2,16,1,19,2,9,6,1,7,5,1,10,1,14,96,1,21,121.5373712,25.01115163
114,05,14,14,53,2,06松山區,松山區民生東路4段與敦化北路口,0,0,2,1,B13,8,6,5,50,4,1,1,5,4,5,13,2,1,3,4,4,2,17,1,39,3,10,3,4,7,8,1,8,2,5,100,1,22,121.5490481,25.0572358
114,05,14,15,11,2,01大同區,大同區鄭州路與環河北路1段口,0,0,1,1,C03,7,6,5,50,14,9,1,5,4,5,13,4,4,8,3,5,1,17,2,64,2,9,3,4,7,7,1,10,1,14,17,1,21,121.5066491,25.0503987
114,05,14,15,35,2,06松山區,松山區復興北路81巷與復興北路口,0,0,1,1,B02,7,6,5,30,3,1,1,5,4,5,13,4,4,1,4,5,2,16,1,47,3,10,7,1,7,6,1,8,1,4,72,1,21,121.5441401,25.05119233
114,05,14,15,49,2,10文山區,文山區忠順街1段26巷27弄與忠順街1段26巷口口,0,0,1,1,B01,8,6,5,30,4,1,1,5,4,5,13,4,4,10,5,5,2,15,1,59,3,10,7,1,7,9,1,4,1,1,118,1,21,121.5598097,24.9820855
114,05,14,16,30,2,05中正區,中正區汀州路1段與西藏路口口,0,0,3,1,C03,8,6,5,50,4,1,1,5,4,5,13,1,1,5,5,5,1,16,1,62,2,7,6,1,7,5,1,10,2,12,8,1,21,121.5074173,25.030128
114,05,14,16,50,2,12內湖區,內湖區五分街與安康路口口,0,0,1,1,C03,8,7,5,30,4,1,1,5,4,5,13,4,4,9,5,5,2,15,2,59,2,9,3,4,7,6,1,10,1,14,74,1,22,121.6151523,25.0673594
114,05,14,16,51,2,04大安區,大安區信義路4段265巷與信義路4段265巷20弄口,0,0,1,1,B01,7,6,5,30,3,1,1,5,4,5,13,4,4,5,4,5,2,16,1,56,3,10,3,4,7,6,1,4,1,5,9,1,21,121.5546534,25.0344552
114,05,14,17,10,2,12內湖區,內湖區舊宗路2段207號,0,0,1,1,B03,8,5,5,50,14,9,1,5,4,5,13,4,4,9,4,5,2,12,1,65,3,10,7,1,7,8,1,8,2,2,100,1,21,121.5737934,25.0727365
114,05,14,17,15,2,10文山區,文山區景文街146巷23號,0,0,1,1,B12,8,6,5,30,14,9,1,5,4,5,13,4,4,10,5,5,2,12,1,51,3,10,7,1,7,9,1,8,11,6,108,1,21,121.5580105,24.99940989
114,05,14,17,20,2,12內湖區,內湖區成功路5段與康湖路口口,0,0,2,1,C03,8,6,5,50,3,4,1,5,4,5,13,2,1,1,4,4,2,13,2,36,2,9,5,1,7,8,1,10,1,13,100,1,21,121.6063157,25.0821204
114,05,14,17,21,2,11南港區,南港區重陽路與興華路口口,0,0,1,1,C03,8,6,5,50,4,1,1,5,4,5,13,2,1,5,5,5,2,16,1,24,2,9,3,4,7,5,1,10,1,14,44,1,22,121.6053836,25.0578084
114,05,14,18,12,2,09北投區,北投區石牌路2段與裕民四路口,0,0,2,1,C03,8,6,5,50,3,1,1,5,4,5,13,4,4,1,3,5,2,3,1,65,2,6,5,1,7,6,1,10,2,11,70,1,21,121.5157478,25.1155929
114,05,14,19,00,2,09北投區,北投區承德路7段401巷與承德路7段401巷331弄口,0,0,1,1,F01,8,5,5,30,3,1,1,5,4,5,13,4,4,10,5,5,2,3,1,61,3,10,4,1,7,9,8,20,1,11,108,1,22,121.4965304,25.1149045
114,05,14,19,15,2,09北投區,北投區大度路3段與立德路口往東55公尺處,0,0,1,1,C03,8,5,5,50,14,9,1,5,4,5,13,4,4,1,4,5,1,17,2,68,2,8,6,1,7,15,1,10,1,11,100,1,21,121.4722451,25.1229534
114,05,14,19,20,2,06松山區,松山區八德路4段與塔悠路口,0,0,1,1,A12,8,5,5,50,5,1,1,5,4,5,13,1,1,1,3,5,2,16,1,38,3,10,3,4,7,6,1,3,1,6,118,1,21,121.5724597,25.0500119
114,05,14,19,35,2,08士林區,士林區重陽橋機車道028燈桿,0,0,2,1,C03,8,5,5,50,8,11,1,5,4,5,13,4,4,1,1,5,2,13,2,31,2,9,6,1,7,9,1,10,1,11,16,1,21,121.5073344,25.0862991
114,05,14,19,49,2,08士林區,士林區士商路與基河路118巷口,0,0,2,1,C02,7,5,5,50,3,1,1,5,4,5,13,4,4,8,3,5,2,16,1,33,2,9,5,1,7,5,1,9,2,11,74,1,22,121.5210696,25.0895713
114,05,14,19,53,2,04大安區,大安區通化街與通化街98巷口,0,0,1,1,C03,8,5,5,50,4,2,1,5,4,5,13,4,4,10,5,5,2,13,2,49,2,7,3,4,7,9,1,10,1,11,108,1,21,121.5537431,25.0298511
114,05,14,19,54,2,05中正區,中正區古亭河濱公園自行車道近永福橋下,0,0,1,1,F01,7,5,8,0,22,23,1,5,4,5,13,4,4,5,5,5,1,17,1,16,3,10,4,1,7,5,8,20,1,11,8,1,22,121.5306604,25.0102913
114,05,14,20,40,2,02萬華區,萬華區西園路2段與莒光路口,0,0,2,1,F01,8,5,5,50,3,1,1,5,4,5,13,1,1,1,4,5,2,15,2,59,5,1,4,1,7,9,8,20,9,12,81,1,21,121.4967848,25.0311498
114,05,14,20,45,2,02萬華區,萬華區西園路2段與莒光路口,0,0,2,1,C03,7,5,5,50,3,1,1,5,4,4,13,2,1,1,4,5,2,17,1,38,2,9,6,1,7,5,1,10,2,12,71,1,21,121.4968649,25.0310718
114,05,14,20,55,2,10文山區,文山區景興路與景興路17巷口,0,0,2,1,C03,8,5,5,50,3,1,1,5,4,5,13,4,4,1,4,5,2,16,1,49,3,10,6,1,7,6,1,10,1,12,9,1,21,121.5447459,24.9979664
114,05,14,21,10,2,05中正區,中正區汀州路3段與羅斯福路3段284巷口,0,0,2,1,C03,8,5,5,50,4,1,1,5,4,5,13,1,1,5,5,5,2,16,2,26,2,9,5,4,7,5,1,10,2,12,71,1,21,121.5313549,25.0157226
114,05,14,21,40,2,04大安區,大安區仁愛路4段與光復南路口,0,0,2,1,C03,7,5,5,50,4,4,1,5,4,5,13,2,1,1,4,5,1,13,1,28,2,9,3,1,7,9,1,10,1,11,108,1,22,121.5571856,25.03776327
114,05,14,22,00,2,09北投區,北投區大度路3段往淡水1208619號燈桿,0,0,1,1,C03,8,5,5,50,14,12,1,5,4,5,13,4,4,1,4,5,1,18,2,33,2,9,6,1,7,15,1,10,1,12,42,1,21,121.484091,25.1222432
114,05,14,22,18,2,03中山區,中山區錦州街21號,0,0,1,1,C03,7,7,5,50,14,19,1,5,4,5,13,4,4,10,4,5,2,3,2,52,3,10,5,1,7,9,1,10,2,11,108,1,21,121.5253455,25.0604303
114,05,14,22,27,2,07信義區,信義區忠孝東路5段372巷27弄82-1號,0,0,1,1,B03,8,5,5,30,14,9,1,5,4,5,13,4,4,10,5,5,2,9,1,59,3,10,3,4,7,5,1,8,2,8,108,1,21,121.5759897,25.0395885
114,05,14,22,49,2,10文山區,文山區辛亥路4段與辛亥路4段202巷口,0,0,1,1,B03,8,5,5,50,3,1,1,5,4,5,13,4,4,1,4,5,2,13,1,45,3,10,7,1,7,9,1,8,2,8,108,1,21,121.555678,25.0025943
114,05,14,23,48,2,10文山區,文山區木新路3段與木新路3段215巷口,0,0,1,1,C03,8,5,5,30,3,2,1,5,4,5,13,4,4,10,5,5,2,16,1,42,3,10,5,1,7,6,1,10,1,11,72,1,21,121.5595793,24.9814007
114,05,15,06,04,2,05中正區,中正區杭州南路1段131號,0,0,2,1,C03,8,5,5,50,14,9,1,5,4,5,13,4,4,5,1,5,2,17,2,56,2,9,5,1,7,7,1,10,9,14,100,1,21,121.5247855,25.0370285
114,05,15,06,25,2,01大同區,大同區延平北路3段101號,0,0,2,1,F01,8,6,5,50,14,9,1,5,4,5,13,4,4,5,2,5,2,17,1,80,2,9,4,1,7,5,8,20,2,14,8,1,21,121.510903,25.06793417
114,05,15,06,27,2,07信義區,信義區吳興街156巷與吳興街156巷7弄口,0,0,1,1,B02,7,6,5,30,4,1,1,5,4,5,13,4,4,9,5,5,2,17,1,61,3,10,3,4,7,6,1,6,1,8,72,1,22,121.5615157,25.0290314
114,05,15,06,46,2,03中山區,中山區建國北路2段與長春路口,0,0,2,1,F01,7,5,5,50,4,2,1,5,4,5,13,1,1,1,3,5,1,17,2,64,2,8,4,1,7,5,8,20,1,14,8,1,21,121.5183568,25.04847309
114,05,15,06,56,2,08士林區,士林區至誠路1段與雨聲街口,0,0,1,1,B03,8,6,5,50,3,1,1,5,4,5,13,2,1,9,3,5,1,11,2,30,3,10,7,1,7,6,1,8,1,1,71,1,21,121.5336163,25.10150112
114,05,15,07,02,2,09北投區,北投區承德路7段376號立農公園地下停車場出入口,0,0,1,1,C03,7,7,5,0,14,20,4,5,4,5,13,4,4,10,5,5,2,17,2,61,2,8,5,1,7,9,1,10,1,11,88,1,22,121.5030089,25.1185077
114,05,15,07,27,2,03中山區,中山區民族西路與中山北路3段口,0,0,1,1,B03,8,6,5,50,4,1,1,5,4,5,13,4,4,5,5,5,2,16,1,30,3,10,7,1,7,5,1,8,2,4,71,1,21,121.5226695,25.0684682
114,05,15,07,35,2,03中山區,中山區民族東路與新生北路3段口,0,0,1,1,B03,8,7,5,50,4,1,1,5,4,5,13,2,1,5,2,5,2,17,1,41,3,10,7,1,7,9,1,8,1,1,16,1,21,121.5278694,25.0683216
114,05,15,07,41,2,09北投區,北投區泉源路與新民路口,0,0,1,1,B03,8,7,5,30,3,1,1,5,4,5,13,4,4,5,5,5,2,17,1,23,3,10,7,1,7,5,1,8,1,17,74,1,22,121.5150982,25.141951
114,05,15,07,44,2,10文山區,文山區福興路與福興路78巷口,0,0,2,1,C02,7,6,5,30,3,1,1,5,4,5,13,4,4,10,5,5,2,16,1,40,2,9,6,1,7,6,1,9,1,11,72,1,21,121.5498181,25.0043054
114,05,15,07,56,2,08士林區,士林區中山北路7段81巷與天玉街口,0,0,1,1,B02,8,5,5,50,14,9,1,5,4,5,13,4,4,5,5,5,2,17,2,48,3,10,3,4,7,1,1,8,1,4,19,1,22,121.5305778,25.1216414
114,05,15,08,00,2,12內湖區,內湖區永保街與安康路口,0,0,1,1,C03,8,6,5,50,3,1,1,5,4,5,13,4,4,5,4,5,2,18,2,36,2,9,5,1,7,9,1,10,1,15,44,1,21,121.6070325,25.0645691
114,05,15,08,00,2,07信義區,信義區和平東路3段與富陽街口,0,0,1,1,B01,8,7,5,50,4,1,1,5,4,5,13,1,1,9,5,5,2,16,1,54,3,10,3,4,7,6,1,4,1,2,9,1,21,121.5565264,25.0207878
114,05,15,08,04,2,09北投區,北投區石牌路2段與立農街2段口,0,0,1,1,A02,8,7,5,50,4,1,1,5,4,5,13,1,1,5,4,5,2,12,1,55,3,10,7,1,7,9,1,2,1,2,108,1,22,121.5190679,25.1188436
114,05,15,08,24,2,02萬華區,萬華區環河南路1段與內江街口,0,0,1,1,C03,8,6,5,50,4,1,1,5,4,5,13,2,1,9,4,5,2,17,1,26,3,10,6,1,7,5,1,9,1,12,8,1,22,121.5001633,25.0420616
114,05,15,08,24,2,06松山區,松山區民生東路5段與撫遠街口,0,0,1,1,C03,8,6,6,50,4,1,1,5,4,5,13,2,1,1,2,5,2,17,2,39,4,11,3,4,7,6,7,19,9,15,9,2,22,121.5684112,25.0593216
114,05,15,08,30,2,05中正區,中正區市民大道2段與金山北路口,0,0,1,1,C03,8,6,5,40,14,9,1,5,4,5,13,4,4,1,4,5,2,17,1,39,3,10,6,1,7,9,1,10,1,14,17,1,22,121.5300727,25.0460058
114,05,15,08,30,2,07信義區,信義區基隆路1段176號,0,0,1,1,C03,8,6,5,50,3,2,1,5,4,5,13,2,1,1,4,5,2,17,2,53,2,8,3,4,7,5,1,10,9,14,44,1,21,121.5653946,25.0430414
114,05,15,08,43,2,06松山區,松山區敦化北路與民生東路3段口口,0,0,1,1,B03,8,7,5,50,5,1,1,5,4,5,13,2,1,5,4,4,2,17,1,46,3,10,7,1,7,8,1,8,1,2,100,1,21,121.5488187,25.05789
114,05,15,08,50,2,08士林區,士林區忠誠路2段與忠誠路2段154巷口,0,0,2,1,C03,8,6,5,40,3,1,1,5,4,5,13,1,1,1,4,4,2,17,1,75,2,9,5,1,7,5,1,10,2,12,96,1,22,121.5328848,25.115058
114,05,15,08,54,2,05中正區,中正區羅斯福路2段30巷與羅斯福路2段48巷口,0,0,1,1,B01,8,6,5,30,4,1,1,5,4,5,10,4,4,10,5,5,1,15,1,62,3,10,7,1,7,9,1,4,2,1,72,1,21,121.5209497,25.0275326
114,05,15,09,00,2,05中正區,中正區鄭州路1段與延平北路口,0,0,1,1,C03,8,7,5,40,4,1,1,5,3,5,13,1,1,1,5,5,2,18,1,40,2,9,5,1,7,9,1,10,2,12,13,1,21,121.5120537,25.0497431
114,05,15,09,17,2,08士林區,士林區中正路與文昌路口,0,0,2,1,C03,8,5,5,50,3,2,1,5,4,5,13,2,1,3,4,5,2,13,2,56,2,7,5,1,7,1,1,10,1,11,108,1,21,121.5223077,25.09453561
114,05,15,09,19,2,03中山區,中山區北安路420號與北安路口,0,0,1,1,D03,7,6,5,50,3,1,1,5,4,5,13,4,4,1,4,5,2,16,1,25,3,10,7,1,7,1,1,8,2,2,19,1,29,121.5430129,25.0795651
114,05,15,09,19,2,12內湖區,內湖區康寧路1段與成功路4段61巷35弄口,0,0,1,1,C03,8,6,5,50,4,2,1,5,4,5,13,4,4,5,4,5,2,13,2,72,2,9,5,1,7,9,1,10,1,11,108,1,21,121.592916,25.0798349
114,05,15,09,20,2,06松山區,松山區撫遠街403巷1-1號,0,0,1,1,C03,8,6,5,50,14,9,1,5,4,5,13,4,4,9,4,5,2,17,1,71,2,9,6,1,7,1,3,18,1,13,19,1,21,121.5677452,25.06643347
114,05,15,09,28,2,03中山區,中山區松江路139號,0,0,2,1,C03,8,6,5,50,14,9,1,5,4,5,13,4,4,1,4,5,2,12,1,29,2,7,5,1,7,9,1,10,1,11,16,1,21,121.5331733,25.0551576
114,05,15,09,38,2,01大同區,大同區民族西路與承德路3段口,0,0,3,1,C02,8,6,5,50,4,1,1,5,4,5,13,2,1,5,4,5,2,17,1,35,2,9,6,4,7,6,1,9,1,12,9,1,21,121.5186409,25.0683453
114,05,15,09,40,2,03中山區,中山區中山北路1段與市民大道2段口,0,0,2,1,C03,7,5,5,40,4,1,1,5,4,5,13,1,1,1,3,5,1,17,2,66,2,8,5,1,7,7,1,10,1,12,100,1,21,121.5183568,25.04847309
114,05,15,09,45,2,07信義區,信義區基隆路2段與信義路4段450巷口口,0,0,2,1,C03,8,5,8,50,4,1,1,5,4,5,13,1,1,1,4,5,2,12,2,46,2,9,6,1,7,8,1,10,1,12,118,1,22,121.5589006,25.0320745
114,05,15,09,51,2,04大安區,大安區復興南路1段219巷與仁愛路4段27巷口,0,0,1,1,B03,8,7,5,30,4,1,1,5,4,5,13,4,4,10,5,5,2,17,1,32,3,10,7,1,7,9,1,8,1,1,72,1,21,121.5451916,25.0390134
114,05,15,10,00,2,02萬華區,萬華區桂林路與南寧路口,0,0,1,1,B03,8,6,5,50,5,1,1,5,4,5,13,2,1,1,4,5,2,17,1,66,3,10,3,4,7,9,1,8,1,2,44,1,22,121.5064972,25.0372348