發生年度,發生月,發生日,發生時-Hours,發生分,處理別-編號,區序,肇事地點,死亡人數,2-30日死亡人數,受傷人數,當事人序號,車種,天候,光線,道路類別,速限-速度限制,道路型態,事故位置,路面狀況1,路面狀況2,路面狀況3,道路障礙1,道路障礙2,號誌1,號誌2,車道劃分-分向,車道劃分-分道1,車道劃分-分道2,車道劃分-分道3,事故類型及型態,性別,年齡,受傷程度,主要傷處,保護裝置,行動電話,車輛用途,當事者行動狀態,駕駛資格情形,駕駛執照種類,飲酒情形,車輛撞擊部位1,肇因碼-個別,個人肇逃否,職業,座標-X,座標-Y
114,05,15,10,06,2,04大安區,大安區延吉街與延吉街242巷口,0,0,1,1,B01,7,6,5,50,3,1,1,5,4,5,13,4,4,5,4,5,2,16,1,56,3,10,3,4,7,5,1,4,1,1,80,1,21,121.5556304,25.0357997
114,05,15,10,15,2,04大安區,大安區基隆路4段與基隆路4段73巷口口,0,0,1,1,B02,8,7,5,40,4,1,1,5,4,5,13,2,1,1,4,4,1,17,2,29,3,10,7,1,7,6,1,8,1,1,9,1,21,121.5396275,25.0129795
114,05,15,10,37,2,03中山區,中山區南京西路12號,0,0,3,1,C03,8,7,5,50,14,9,1,5,4,5,13,4,4,1,4,5,2,13,1,25,2,8,5,1,7,9,1,10,1,11,16,1,21,121.5208502,25.052507
114,05,15,10,40,2,09北投區,北投區行義路與行義路5巷口,0,0,2,1,C03,7,7,5,40,5,18,1,5,4,5,13,4,4,5,5,5,2,3,1,71,2,9,5,1,7,9,1,10,2,11,70,1,22,121.5260309,25.124203
114,05,15,11,32,2,10文山區,文山區興隆路2段與興隆路2段244巷口,0,0,1,1,B01,8,6,5,50,3,1,1,5,4,5,13,4,4,5,5,5,2,16,1,65,3,10,7,1,7,5,1,8,1,1,72,1,21,121.5538253,25.0011115
114,05,15,11,47,2,01大同區,大同區承德路3段與承德路3段283巷口,0,0,1,1,B12,8,6,5,50,3,2,1,5,4,5,13,2,1,1,4,5,2,16,1,25,3,10,7,1,7,9,1,4,2,5,44,1,21,121.519641,25.073413
114,05,15,12,13,2,03中山區,中山區北安路與北安路458巷41弄口,0,0,1,1,B03,8,6,5,50,5,1,1,5,4,5,13,2,1,3,4,5,2,10,2,28,3,10,7,1,7,9,1,8,1,1,86,1,22,121.5472679,25.0798412
114,05,15,12,13,2,07信義區,信義區永吉路與永吉路30巷口,0,0,1,1,B03,8,6,5,50,4,2,1,5,4,5,13,2,1,1,4,5,2,16,1,40,3,10,3,4,7,6,1,8,2,6,9,1,21,121.5687831,25.0455987
114,05,15,12,15,2,08士林區,士林區中山北路5段811巷與福國路15巷口,0,0,2,1,C04,8,6,5,30,4,2,1,5,4,5,13,4,4,10,5,5,1,17,2,52,2,9,6,1,7,9,1,10,2,11,72,1,21,121.5246289,25.1009168
114,05,15,12,23,2,04大安區,大安區羅斯福路4段21號,0,0,1,1,C03,8,5,5,50,14,9,1,5,4,5,13,2,1,1,4,5,2,13,1,27,2,7,3,4,7,9,1,10,1,11,16,1,21,121.5353356,25.0139738
114,05,15,12,28,2,01大同區,大同區重慶北路3段與民權西路口,0,0,1,1,C03,7,6,5,50,4,2,1,5,4,5,13,2,1,1,4,5,2,13,2,22,2,8,6,1,7,9,1,10,1,11,16,1,21,121.5135482,25.063475
114,05,15,12,30,2,03中山區,中山區中山北路3段與中山橋口,0,0,1,1,C03,7,7,5,50,5,1,1,5,4,5,13,1,1,9,4,5,1,12,1,21,2,9,6,1,7,8,1,10,1,14,100,1,21,121.5240516,25.0727027
114,05,15,13,21,2,03中山區,中山區民權東路1段23號,0,0,1,1,C03,8,7,5,40,14,9,1,5,4,5,13,4,4,1,4,5,2,17,2,24,2,9,5,1,7,8,1,10,1,14,100,1,21,121.5239665,25.0628238
114,05,15,14,02,2,05中正區,中正區金山南路1段98號,0,0,1,1,C03,8,5,5,50,14,9,1,5,4,5,13,4,4,9,4,5,2,17,2,74,2,9,5,1,7,7,1,10,2,14,100,1,21,121.5275407,25.0357889
114,05,15,14,12,2,06松山區,松山區八德路3段198號,0,0,1,1,C03,8,5,5,30,14,9,1,5,4,5,13,2,1,4,3,5,2,13,1,21,2,9,5,1,7,9,3,18,1,11,16,1,22,121.5562961,25.0480262
114,05,15,14,19,2,04大安區,大安區羅斯福路2段35巷59號,0,0,1,1,B12,8,6,5,30,14,9,1,5,4,5,13,4,4,10,5,5,2,12,1,58,3,10,3,4,7,1,1,8,1,2,19,1,22,121.5242373,25.0276549
114,05,15,14,33,2,04大安區,大安區忠孝東路3段251巷與忠孝東路3段251巷7弄口,0,0,1,1,B03,8,7,5,30,4,1,1,5,4,5,13,4,4,10,5,5,2,17,1,38,3,10,7,1,7,9,1,2,1,1,75,1,21,121.5416521,25.0429903
114,05,15,14,55,2,08士林區,士林區延平北路6段與永平街口,0,0,1,1,B03,8,6,5,50,3,1,1,5,4,5,13,1,1,8,3,5,1,16,1,37,3,10,7,1,7,6,1,8,1,2,9,1,21,121.5053434,25.0894714
114,05,15,15,22,2,12內湖區,內湖區內湖路1段285巷65弄17號,0,0,1,1,B12,8,5,5,30,14,9,1,5,4,5,13,4,4,5,4,5,2,14,1,39,3,10,7,1,7,2,1,6,1,3,12,1,21,121.5675088,25.0844957
114,05,15,15,37,2,06松山區,松山區光復北路與民權東路4段口,0,0,2,1,A02,8,7,5,50,4,1,1,5,4,5,13,1,1,1,4,4,2,13,1,55,3,10,7,1,7,9,1,1,1,1,16,1,21,121.5542118,25.0617836
114,05,15,15,46,2,01大同區,大同區重慶北路1段與鄭州路口,0,0,1,1,B03,8,6,5,50,4,2,1,5,4,5,13,1,1,1,4,5,2,12,1,46,3,10,7,1,7,11,1,8,1,4,10,1,21,121.5133674,25.0497481
114,05,15,16,40,2,02萬華區,萬華區環河快速道路往南169桿,0,0,1,1,B13,7,7,5,60,14,9,1,5,4,5,13,4,4,1,4,5,2,13,1,24,3,10,7,1,7,9,1,8,1,1,16,1,21,121.4912425,25.0232332
114,05,15,17,00,2,12內湖區,內湖區環山路1段與內湖路1段附近口,0,0,1,1,C03,7,6,5,50,4,2,1,5,4,5,13,1,1,5,4,5,2,12,1,68,2,8,5,1,7,1,1,10,1,14,19,1,21,121.5655106,25.0827504
114,05,15,17,29,2,03中山區,中山區民生東路2段115巷與吉林路161巷口,0,0,1,1,B02,7,7,5,30,4,1,1,5,4,5,13,4,4,10,5,5,2,15,1,69,3,10,7,1,7,9,1,8,1,1,72,1,21,121.531627,25.05896372
114,05,15,17,30,2,04大安區,大安區和平東路1段與金山南路2段口,0,0,1,1,C04,8,6,5,50,3,1,1,5,4,5,13,2,1,1,4,5,2,17,2,33,2,9,3,4,7,6,1,10,1,12,17,1,22,121.5256641,25.0270699
114,05,15,17,30,2,04大安區,大安區金山南路2段與金華街口口,0,0,1,1,C03,8,7,5,50,4,2,1,5,4,5,13,2,1,1,4,5,1,17,2,23,3,10,6,1,7,7,1,10,1,13,100,1,21,121.5265836,25.03052
114,05,15,17,35,2,05中正區,中正區南海路與牯嶺街口,0,0,1,1,B03,8,7,5,30,4,1,1,5,4,1,13,1,1,10,4,5,2,16,1,68,3,10,7,1,7,5,1,8,1,4,8,1,22,121.5150176,25.0320116
114,05,15,17,42,2,12內湖區,內湖區瑞光路30號,0,0,1,1,B01,8,7,5,50,3,1,1,5,4,5,13,4,4,5,4,5,2,16,1,30,3,10,7,1,7,5,1,4,1,1,17,1,21,121.5829585,25.0700256
114,05,15,17,53,2,12內湖區,內湖區民權東路6段180巷與民權東路6段180巷41弄口,0,0,1,1,B03,8,7,8,50,4,1,1,5,4,5,13,1,1,5,5,5,2,16,1,46,3,10,7,1,7,6,1,8,1,2,9,1,21,121.5927389,25.067385
114,05,15,17,56,2,02萬華區,萬華區東園街78號,0,0,1,1,F01,7,5,5,50,14,9,1,5,4,5,13,1,1,8,3,5,2,17,1,14,2,9,4,1,7,5,8,20,1,11,45,1,15,121.4968532,25.0250208
114,05,15,18,00,2,09北投區,北投區立德路156號,0,0,2,1,C03,7,5,5,50,14,9,1,4,4,5,13,4,4,5,4,5,2,12,2,28,2,9,3,4,7,11,1,10,1,13,10,1,21,121.472774,25.1284502
114,05,15,18,03,2,11南港區,南港區市民大道7段與忠孝東路6段269巷口口,0,0,2,1,C03,8,6,5,50,14,9,1,5,4,5,13,2,1,1,4,5,2,12,2,51,2,9,3,4,7,7,1,10,1,13,14,1,22,121.5896836,25.0505579
114,05,15,18,08,2,04大安區,大安區麗水街17巷與麗水街口,0,0,1,1,B01,7,5,5,30,4,1,1,5,4,5,13,4,4,10,5,5,2,15,1,59,3,10,7,1,7,9,1,4,1,2,72,1,21,121.5284507,25.0293504
114,05,15,18,11,2,03中山區,中山區吉林路299巷1號旁,0,0,1,1,B01,8,5,5,30,14,9,1,5,4,5,13,4,4,10,5,5,2,1,1,69,3,10,7,1,7,9,1,4,2,2,108,1,21,121.5305451,25.0631135
114,05,15,18,30,2,06松山區,松山區敦化北路155巷與敦化北路155巷100弄口,0,0,1,1,C03,7,5,5,30,4,2,1,5,4,5,13,1,1,10,4,5,2,16,2,29,3,10,5,1,7,6,1,10,1,13,9,1,21,121.5521133,25.0542117
114,05,15,19,04,2,06松山區,松山區光復北路230巷與民生東路4段112巷口,0,0,2,1,F01,8,5,5,50,3,2,1,5,4,3,10,4,4,4,3,5,1,16,1,14,2,9,3,4,7,1,8,20,1,14,19,1,15,121.5546621,25.0562073
114,05,15,19,33,2,08士林區,士林區承德路5段80號,0,0,1,1,B03,7,5,5,50,14,12,1,5,4,5,13,4,4,1,4,1,2,17,1,29,3,10,7,1,7,8,1,8,1,2,100,1,21,121.5144393,25.0944204
114,05,15,19,38,2,12內湖區,內湖區成功路4段30巷47號,0,0,1,1,B03,8,5,8,30,3,2,1,5,4,5,13,4,4,5,5,5,2,3,1,48,3,10,7,1,7,9,1,8,1,1,70,1,21,121.5920134,25.0825281
114,05,15,20,38,2,05中正區,中正區羅斯福路4段與羅斯福路4段196巷口,0,0,1,1,B03,7,5,5,50,3,1,1,5,4,5,13,4,4,1,4,5,2,17,2,19,3,10,7,1,7,6,1,8,1,2,9,1,22,121.5365775,25.0119095
114,05,15,21,18,2,12內湖區,內湖區金龍路與內湖路3段18巷口,0,0,2,1,C03,7,5,5,30,3,1,1,5,4,5,13,4,4,10,5,5,2,16,2,54,2,9,5,1,7,5,1,10,1,14,73,1,21,121.5929944,25.0849004
114,05,15,22,05,2,03中山區,中山區建國高架道與民族東路口往北（民族東路上方）,0,0,1,1,B03,7,5,5,70,10,15,1,5,4,5,13,4,4,1,4,5,2,13,2,21,2,1,3,4,7,9,1,8,1,1,16,1,21,121.5337747,25.07174152
114,05,15,22,10,2,01大同區,大同區承德路3段與敦煌路口,0,0,1,1,C03,7,5,5,50,4,1,1,5,4,5,13,1,1,1,4,5,2,17,2,31,2,8,5,1,7,5,1,10,1,14,98,1,21,121.5202023,25.0752221
114,05,15,22,45,2,07信義區,信義區松隆路與松山路口側附近口,0,0,2,1,H01,7,5,5,50,14,19,1,5,4,5,13,2,1,3,4,5,2,3,1,77,2,9,4,5,8,16,8,20,10,16,122,1,22,121.577674,25.0482008
114,05,16,06,26,2,05中正區,中正區市民大道1段與中山北路1段口,0,0,1,1,C03,8,6,5,40,3,2,1,5,4,5,13,2,1,10,4,5,2,16,2,65,2,9,5,1,7,15,1,10,2,13,44,1,21,121.5201858,25.0480804
114,05,16,06,30,2,07信義區,信義區松德路與松德路12巷口,0,0,1,1,B01,8,6,5,40,3,2,1,5,4,5,13,4,4,1,3,4,2,17,1,63,3,10,3,4,7,1,1,4,1,8,19,1,21,121.5774899,25.0394401
114,05,16,06,37,2,01大同區,大同區重慶北路3段與哈密街59巷56弄口口,0,0,1,1,C03,8,6,6,50,3,1,1,4,4,5,13,4,4,1,4,5,2,17,1,21,2,9,6,1,7,9,1,10,1,14,13,1,21,121.5139769,25.0754594
114,05,16,07,02,2,01大同區,大同區民權西路與大龍街口,0,0,3,1,C03,8,6,5,50,5,1,1,5,4,5,13,2,1,5,4,5,2,15,1,46,2,9,5,1,7,9,6,18,1,11,81,1,21,121.515953,25.0628383
114,05,16,07,19,2,05中正區,中正區中華路2段39巷與中華路2段口,0,0,2,1,C03,8,6,5,50,3,1,1,5,4,5,13,4,4,1,4,5,2,17,2,65,2,9,5,1,7,8,1,10,1,12,100,1,21,121.506335,25.0351915
114,05,16,07,40,2,12內湖區,內湖區安康路22巷與潭美街口,0,0,1,1,C03,8,6,5,40,3,1,1,5,4,5,13,2,1,5,5,5,2,17,1,41,2,8,6,1,7,9,1,10,1,11,16,1,21,121.5937488,25.0609744
114,05,16,07,45,2,04大安區,大安區和平東路1段238號,0,0,1,1,F02,8,7,5,0,22,20,4,5,4,5,13,4,4,10,5,5,2,9,2,65,3,10,4,1,7,9,8,20,1,11,70,1,21,121.5344243,25.0260303
114,05,16,07,50,2,08士林區,士林區文林路770巷與克強路口,0,0,1,1,B03,8,6,5,30,4,1,1,5,4,5,13,4,4,10,5,5,2,16,2,39,3,10,7,1,7,5,1,8,1,5,72,1,21,121.5225031,25.10920473
114,05,16,07,51,2,05中正區,中正區牯嶺街13號前,0,0,2,1,C03,8,7,5,50,14,9,1,5,4,5,13,4,4,5,5,5,2,16,1,64,2,8,6,1,7,6,3,18,9,12,9,1,22,121.5157092,25.0310753
114,05,16,08,08,2,02萬華區,萬華區萬大路與萬大路186巷口,0,0,2,1,C03,8,6,5,30,4,1,1,5,4,5,13,2,1,1,4,5,2,16,2,29,2,9,6,1,7,5,1,10,1,12,98,1,22,121.5004217,25.0278469
114,05,16,08,10,2,05中正區,中正區和平西路1段106號,0,0,2,1,A02,8,7,5,50,14,10,1,5,4,5,13,4,4,2,4,5,2,9,1,58,3,10,7,1,7,1,1,1,1,17,19,1,22,121.5178287,25.0266997
114,05,16,08,20,2,02萬華區,萬華區環河南路3段與萬大路口,0,0,1,1,B12,8,5,5,50,4,1,1,5,4,5,13,1,1,9,4,5,2,17,1,30,3,10,7,4,7,9,1,8,1,2,17,1,21,121.4957834,25.01643211
114,05,16,08,22,2,01大同區,大同區重慶北路3段與民族西路口,0,0,1,1,C03,8,6,5,50,5,1,1,5,4,5,13,2,1,1,4,5,2,17,2,49,2,9,6,1,7,7,1,10,2,14,80,1,21,121.5136114,25.0688862
114,05,16,08,25,2,04大安區,大安區市民大道3段198號,0,0,1,1,C03,8,7,5,40,14,9,1,5,4,5,13,4,4,1,4,5,2,12,1,37,2,9,6,1,7,15,1,10,1,14,102,1,21,121.5386067,25.0445784
114,05,16,08,37,2,07信義區,信義區大道路與忠孝東路5段790巷70弄口,0,0,1,1,B03,8,6,5,50,3,2,1,5,4,5,13,4,4,4,5,5,2,13,2,31,3,10,3,4,7,9,1,8,1,1,108,1,21,121.5832061,25.0392409
114,05,16,08,43,2,01大同區,大同區鄭州路與延平北路1段口口,0,0,1,1,C03,8,6,5,40,4,2,1,5,4,5,13,2,1,1,5,5,2,13,2,44,2,9,6,1,7,9,1,10,1,11,16,1,21,121.5122785,25.0499044
114,05,16,08,45,2,06松山區,松山區敦化北路122號旁,0,0,1,1,B03,8,6,5,50,14,9,1,5,4,5,13,2,1,9,4,5,2,12,1,42,3,10,7,1,7,7,1,8,2,2,100,1,21,121.5484552,25.054437
114,05,16,08,53,2,12內湖區,內湖區內湖路1段與內湖路1段591巷口,0,0,2,1,C03,8,6,5,50,4,1,1,5,4,5,13,1,1,1,4,5,2,16,1,18,2,9,5,1,7,5,1,10,1,14,86,1,21,121.5732139,25.0807991
114,05,16,09,23,2,02萬華區,萬華區萬大路423巷28弄2號,0,0,2,1,H01,8,6,6,30,14,9,1,5,4,5,13,4,4,10,5,5,2,3,1,49,2,9,4,5,8,16,8,20,10,16,121,1,22,121.4999382,25.0208119
114,05,16,09,33,2,06松山區,松山區敦化北路88號,0,0,1,1,F01,7,6,5,40,14,9,1,5,4,5,13,4,4,1,4,5,2,17,1,71,2,9,4,1,7,8,8,20,1,14,100,1,21,121.5487004,25.0511723
114,05,16,09,41,2,05中正區,中正區中山南路與青島東路口,0,0,1,1,F01,8,6,5,50,4,1,1,5,4,5,13,2,1,1,4,5,2,13,1,36,3,10,4,1,7,9,8,20,9,17,44,1,21,121.5194646,25.0444462
114,05,16,09,45,2,03中山區,中山區建國北路3段93巷與建國北路3段口,0,0,1,1,B12,8,7,5,30,3,1,1,5,4,5,13,4,4,9,4,5,2,17,1,24,3,10,7,1,7,1,1,8,1,2,19,1,21,121.5366593,25.0657395
114,05,16,09,50,2,05中正區,中正區忠孝西路1段與重慶北路1段口,0,0,2,1,B02,8,7,5,50,5,1,1,5,4,5,13,2,1,7,4,5,2,16,1,47,3,10,7,1,7,6,1,15,1,6,9,1,21,121.5132643,25.0474101
114,05,16,10,12,2,10文山區,文山區景中街與景後街口,0,0,1,1,C03,8,6,5,50,4,1,1,5,4,5,13,2,1,1,4,5,2,16,1,59,3,10,6,1,7,5,1,10,2,12,71,1,21,121.5433603,24.9927352
114,05,16,10,25,2,05中正區,中正區重慶南路1段與忠孝西路1段口,0,0,2,1,B13,8,6,5,50,4,2,1,5,4,5,13,1,1,3,4,5,2,17,1,43,3,10,7,1,7,6,1,8,2,6,108,1,22,121.51324,25.0469792
114,05,16,10,26,2,02萬華區,萬華區峨眉街與康定路口,0,0,2,1,C03,8,5,5,50,4,2,1,5,4,5,13,1,1,9,4,5,2,17,1,20,2,9,6,4,7,9,1,10,2,11,13,1,21,121.5027388,25.0445171
114,05,16,10,30,2,06松山區,松山區塔悠路224號,0,0,1,1,C03,8,6,8,50,22,22,1,5,4,5,13,4,4,3,4,5,2,17,1,47,2,7,6,1,7,9,1,10,1,11,108,1,21,121.5690381,25.0583153
114,05,16,10,49,2,01大同區,大同區重慶北路1段與華陰街口,0,0,1,1,C03,8,6,5,50,4,2,1,5,4,5,13,2,1,1,4,5,2,17,1,38,3,10,6,4,7,15,1,10,11,13,100,2,21,121.5138465,25.0513688
114,05,16,11,09,2,07信義區,信義區林口街與福德街口,0,0,2,1,C03,8,5,5,50,4,2,1,5,4,5,13,2,1,1,4,5,2,3,2,52,2,7,5,1,7,6,1,10,2,11,70,1,21,121.579292,25.0362385
114,05,16,11,12,2,08士林區,士林區延平北路9段212號,0,0,2,1,C03,8,7,5,50,14,9,1,5,4,5,13,4,4,5,5,5,2,3,1,25,2,9,3,4,7,9,1,10,2,11,70,1,21,121.4712635,25.108215
114,05,16,11,18,2,07信義區,信義區基隆路1段與基隆路1段102巷口,0,0,1,1,B03,7,5,5,50,14,9,1,5,4,5,13,4,4,5,5,5,2,17,2,37,3,10,7,1,7,6,1,8,1,17,9,1,21,121.5668102,25.0453372
114,05,16,11,20,2,08士林區,士林區中山北路5段463號,0,0,1,1,C04,7,6,5,40,14,9,1,5,4,5,13,4,4,4,4,5,1,13,1,55,2,9,3,4,7,9,1,10,1,11,76,1,21,121.5276365,25.092196
114,05,16,11,43,2,05中正區,中正區羅斯福路2段48巷與羅斯福路2段30巷口,0,0,1,1,C03,8,6,5,30,4,1,1,5,4,5,10,4,4,10,5,5,1,15,1,24,2,9,5,1,7,9,1,10,1,11,72,1,21,121.520946,25.0275556
114,05,16,12,02,2,01大同區,大同區重慶北路3段236巷9號,0,0,1,1,C03,8,7,5,30,14,9,1,5,4,5,13,4,4,10,5,5,2,17,2,44,2,9,3,4,7,9,1,10,1,11,108,1,21,121.5131087,25.0705579
114,05,16,12,04,2,12內湖區,內湖區港墘路與港華街口側附近口,0,0,2,1,C03,7,7,5,50,4,1,1,5,4,5,13,2,1,1,3,5,2,16,1,46,2,9,6,1,7,5,1,10,1,12,74,1,21,121.5781523,25.0822078
114,05,16,12,10,2,08士林區,士林區承德路4段6巷與通河街76巷口,0,0,1,1,C03,8,6,5,30,4,2,1,5,4,5,13,4,4,10,5,5,2,17,2,57,2,9,6,1,7,6,1,10,1,11,94,1,26,121.5199235,25.07971417
114,05,16,12,14,2,03中山區,中山區建國北路2段188號與建國高架道口迴轉道,0,0,1,1,B01,7,7,5,50,3,18,1,5,4,5,13,2,1,9,4,5,2,3,1,63,3,10,3,4,7,5,1,4,2,1,70,1,22,121.5372564,25.05942652
114,05,16,12,24,2,12內湖區,內湖區金龍路與內湖路3段18巷口,0,0,2,1,C03,8,6,5,40,3,1,1,5,4,5,13,4,4,5,4,4,2,13,1,20,2,9,5,1,7,9,1,10,2,11,108,1,21,121.5929513,25.084889
114,05,16,12,45,2,08士林區,士林區中山北路4段與通河街口,0,0,2,1,,8,6,5,50,4,2,1,5,4,5,13,2,1,1,4,5,1,17,4,0,,,,,,,,,11,,119,2,,121.5182848,25.08718772
114,05,16,12,49,2,07信義區,信義區松高路與松智路口,0,0,1,1,B02,8,6,5,50,3,2,1,5,4,5,13,2,1,5,4,5,2,16,1,52,3,10,3,4,7,5,1,2,1,6,44,1,21,121.5655593,25.0390503
114,05,16,12,58,2,02萬華區,萬華區桂林路與康定路口,0,0,2,1,B03,8,5,5,50,4,1,1,5,4,5,13,1,1,10,5,5,2,17,1,50,3,10,3,4,7,5,1,8,1,2,98,1,21,121.501759,25.0383503
114,05,16,12,59,2,08士林區,士林區通河東街1段與大南路口,0,0,1,1,C03,8,6,5,30,4,2,1,5,4,5,13,1,1,10,5,5,1,17,1,32,3,10,6,1,7,5,1,10,2,11,71,1,21,121.5156207,25.08950254
114,05,16,13,08,2,09北投區,北投區大度路3段與關渡路口,0,0,1,1,C03,7,7,5,50,3,1,1,5,4,5,13,1,1,1,4,5,2,16,1,54,2,9,5,1,7,9,1,10,1,14,108,1,22,121.46948,25.122899
114,05,16,13,12,2,04大安區,大安區忠孝東路4段101巷與敦化南路1段160巷口口,0,0,1,1,B03,8,6,5,30,4,1,1,5,4,5,13,4,4,10,5,5,2,15,2,22,3,10,3,4,7,9,1,8,1,1,72,1,22,121.5484811,25.0435335
114,05,16,13,54,2,03中山區,中山區民生東路1段與林森北路口,0,0,3,1,C03,8,7,5,50,4,1,1,5,4,5,13,1,1,9,4,5,2,13,1,35,2,9,6,4,7,9,1,10,1,11,108,1,22,121.5258531,25.05813845
114,05,16,14,18,2,12內湖區,內湖區內湖路2段360號,0,0,1,1,B03,7,7,5,50,14,9,1,5,4,5,13,4,4,1,5,5,2,16,2,35,3,10,7,1,7,1,1,8,1,8,19,1,21,121.5905363,25.0821793
114,05,16,14,50,2,05中正區,中正區重慶南路2段與寧波西街口,0,0,1,1,B03,8,6,5,50,4,1,1,5,4,5,13,1,1,1,4,5,2,17,1,47,3,10,7,1,7,5,1,8,1,2,71,1,21,121.5153603,25.0298044
114,05,16,15,12,2,02萬華區,萬華區大理街與西園路1段口,0,0,2,1,C03,7,6,5,30,4,1,4,5,4,5,13,4,4,9,5,5,2,15,2,46,2,9,6,1,7,9,1,10,1,11,72,1,21,121.4993727,25.0344707
114,05,16,15,12,2,06松山區,松山區松河街與中坡北路口,0,0,2,1,C03,7,6,5,50,3,2,1,5,4,5,13,1,1,5,5,5,2,13,2,42,2,9,6,1,7,9,1,10,1,11,16,1,21,121.5799356,25.0521533
114,05,16,15,35,2,12內湖區,內湖區成功路3段與文德路附近口,0,0,1,1,B03,8,6,5,50,3,2,1,5,4,5,13,2,1,3,4,5,2,13,1,60,3,10,7,1,7,1,1,8,1,17,19,1,21,121.5896823,25.0786934
114,05,16,15,50,2,07信義區,信義區松山路287巷6弄與忠孝東路5段703巷1弄口,0,0,4,1,F02,7,7,5,30,3,2,1,5,4,5,13,4,4,10,5,5,2,16,1,73,2,9,4,1,7,5,8,20,1,14,8,1,21,121.578414,25.0424775
114,05,16,16,18,2,07信義區,信義區市民大道5段與東興路口,0,0,1,1,B12,8,6,5,50,14,9,1,5,4,5,13,1,1,1,4,5,2,13,1,64,3,10,7,1,7,9,1,8,1,1,108,1,21,121.5655243,25.0481678
114,05,16,16,26,2,05中正區,中正區公園路與貴陽街1段口,0,0,2,1,C03,8,6,5,50,4,1,1,5,4,5,13,1,1,10,5,5,2,16,2,48,2,8,6,1,7,5,1,10,2,14,8,1,22,121.5152264,25.03857
114,05,16,17,15,2,03中山區,中山區明水路與北安路458巷47弄口,0,0,2,1,C03,7,5,5,50,3,1,1,5,4,5,13,4,4,1,4,5,2,16,1,67,2,9,3,4,7,6,1,10,1,12,9,1,21,121.5221802,25.05806601
114,05,16,17,35,2,08士林區,士林區士東路200巷37號,0,0,2,1,C03,8,5,5,50,14,9,1,5,4,5,13,4,4,9,5,5,1,3,2,63,2,9,6,1,7,9,1,10,2,11,13,1,22,121.5338608,25.1112754
114,05,16,17,50,2,06松山區,松山區南京東路3段256巷與長安東路2段口,0,0,1,1,B03,8,5,5,30,3,1,1,5,4,5,13,4,4,9,4,5,2,17,1,43,3,10,7,1,7,5,1,8,1,8,72,1,21,121.544656,25.0482552
114,05,16,17,50,2,08士林區,士林區中正路與志成街口,0,0,1,1,B03,7,5,5,50,3,1,1,5,4,5,13,2,1,3,4,4,1,17,1,33,3,10,7,1,7,5,1,8,2,8,99,1,21,121.5302761,25.09625741
114,05,16,18,17,2,07信義區,信義區松山路與松山路540巷口,0,0,1,1,B03,8,5,5,30,4,1,1,5,4,5,13,1,1,9,4,5,2,17,1,65,3,10,3,4,7,6,1,8,9,10,77,1,21,121.5780776,25.0376954
114,05,16,18,35,2,02萬華區,萬華區東園街與東園街35巷口,0,0,1,1,B11,7,5,5,50,3,1,1,5,4,5,13,3,1,10,5,5,2,17,1,21,3,10,7,1,7,6,1,8,1,2,9,1,21,121.4957837,25.0274639
114,05,16,18,40,2,04大安區,大安區大安路1段96巷1號,0,0,1,1,C03,8,5,5,30,14,9,1,5,4,5,13,4,4,10,5,5,2,3,1,24,3,10,5,1,7,9,1,10,1,11,44,1,21,121.545744,25.0406105
114,05,16,18,58,2,09北投區,北投區大度路3段與立德路口,0,0,1,1,C03,7,5,5,50,3,1,1,5,4,5,13,2,1,1,4,5,2,13,1,33,3,10,5,1,7,9,1,10,1,12,104,1,21,121.4611803,25.13929372
114,05,16,19,05,2,04大安區,大安區辛亥路3段330號,0,0,2,1,C03,8,5,5,50,14,9,1,5,4,5,13,4,4,9,4,5,1,17,1,53,2,9,3,4,7,9,1,10,1,15,16,1,21,121.5536779,25.0133501
114,05,16,19,08,2,04大安區,大安區延吉街與光復南路308巷口,0,0,1,1,B03,7,5,5,30,4,1,1,5,4,5,13,4,4,10,5,5,2,15,1,52,3,10,7,1,7,9,1,8,1,5,75,1,21,121.5551227,25.03891
114,05,16,19,10,2,12內湖區,內湖區陽光街與陽光街202巷口,0,0,1,1,C03,7,5,5,50,4,2,1,5,4,5,13,4,4,5,5,5,2,13,1,23,2,8,5,1,7,9,1,10,1,11,16,1,21,121.5801779,25.07418138
114,05,16,19,12,2,03中山區,中山區長安東路2段與遼寧街口,0,0,1,1,B01,8,5,5,50,4,1,1,5,4,5,13,1,1,5,4,5,2,16,1,49,3,10,3,4,7,5,1,4,1,4,8,1,22,121.5420373,25.0482913
114,05,16,19,24,2,12內湖區,內湖區康樂街與康樂街162巷口,0,0,1,1,B01,7,5,5,50,3,2,1,5,4,5,13,4,4,9,5,5,2,17,1,53,3,10,7,1,7,2,1,4,1,17,12,1,21,121.6192861,25.07267511
114,05,16,19,37,2,09北投區,北投區東華街1段與東陽街口,0,0,1,1,B03,7,5,5,50,4,19,1,5,4,5,13,1,1,5,4,5,2,3,1,36,3,10,3,4,7,5,1,8,2,8,70,1,21,121.5174147,25.1122718
114,05,16,19,49,2,08士林區,士林區中山北路6段與中山北路6段口南往北第1107657號路燈桿,0,0,1,1,C03,7,5,5,50,14,9,1,5,4,5,13,4,4,1,4,5,1,29,1,82,2,9,6,1,7,9,1,10,9,14,118,1,21,121.5286823,25.11648162