發生年度,發生月,發生日,發生時-Hours,發生分,處理別-編號,區序,肇事地點,死亡人數,2-30日死亡人數,受傷人數,當事人序號,車種,天候,光線,道路類別,速限-速度限制,道路型態,事故位置,路面狀況1,路面狀況2,路面狀況3,道路障礙1,道路障礙2,號誌1,號誌2,車道劃分-分向,車道劃分-分道1,車道劃分-分道2,車道劃分-分道3,事故類型及型態,性別,年齡,受傷程度,主要傷處,保護裝置,行動電話,車輛用途,當事者行動狀態,駕駛資格情形,駕駛執照種類,飲酒情形,車輛撞擊部位1,肇因碼-個別,個人肇逃否,職業,座標-X,座標-Y
114,05,16,20,07,2,11南港區,南港區八德路4段與東新街口,0,0,1,1,B03,8,5,5,50,5,18,1,5,4,5,13,2,1,5,4,5,2,3,1,25,3,10,3,4,7,6,1,8,2,8,9,1,21,121.5822635,25.0514928
114,05,16,20,13,2,10文山區,文山區景興路18號,0,0,1,1,B03,8,5,5,50,14,18,1,5,4,5,13,4,4,1,4,5,2,3,1,59,3,10,7,1,7,9,1,8,2,4,70,1,21,121.5446738,24.9977011
114,05,16,20,38,2,03中山區,中山區北安路與大直街口側附近口,0,0,2,1,C03,8,5,5,50,4,1,1,5,4,5,13,1,1,1,4,5,2,17,1,22,2,9,3,4,7,6,1,10,1,12,9,1,21,121.5473109,25.0799639
114,05,16,20,55,2,03中山區,中山區市民大道3段與八德路2段口,0,0,1,1,C03,8,5,5,50,4,1,1,5,4,5,13,1,1,1,4,5,2,16,1,18,3,10,6,4,7,6,1,10,1,12,17,1,22,121.5347217,25.0450854
114,05,16,21,00,2,09北投區,北投區中央北路1段與光明路口,0,0,1,1,B03,7,5,5,50,5,1,1,5,4,5,13,3,1,1,4,5,2,16,1,51,3,10,7,1,7,6,1,8,2,8,72,1,21,121.5015414,25.13348343
114,05,16,21,02,2,08士林區,士林區中山北路6段與中山北路6段441巷口,0,0,1,1,B02,8,5,5,50,4,1,1,5,4,5,13,2,1,1,4,5,2,16,2,30,3,10,7,1,7,11,1,8,1,3,10,1,21,121.5272706,25.1143307
114,05,16,21,15,2,03中山區,中山區民族東路410巷與民族東路410巷2弄口,0,0,1,1,F02,7,5,5,50,4,2,1,5,4,5,13,4,4,9,5,5,2,17,1,58,3,10,4,1,7,9,8,20,11,15,108,2,22,121.5381947,25.06695106
114,05,16,21,20,2,10文山區,文山區木柵路4段與萬芳路口,0,0,1,1,B03,8,5,5,50,4,1,1,5,4,5,13,1,1,5,4,5,2,16,2,57,3,10,7,1,7,6,1,8,1,2,9,1,21,121.5716999,24.9949907
114,05,16,23,35,2,10文山區,文山區木柵路1段與辛亥路6段口,0,0,2,1,C03,8,5,5,50,4,1,1,5,4,5,13,1,1,10,5,5,2,17,1,19,2,9,6,1,7,11,1,10,1,11,10,1,21,121.5522284,24.9878134
114,05,17,05,51,2,02萬華區,萬華區西園路2段128號,0,0,1,1,C03,8,5,5,50,14,9,1,5,4,5,13,1,1,9,4,5,2,17,1,28,2,9,6,4,7,9,3,18,8,11,21,1,21,121.496432,25.030599
114,05,17,06,04,2,06松山區,松山區民權東路5段與撫遠街口,0,0,1,1,B03,7,7,5,50,4,1,1,5,4,5,13,2,1,1,4,5,2,15,1,62,3,10,7,1,7,9,1,8,2,2,81,1,26,121.5659478,25.0631209
114,05,17,06,17,2,11南港區,南港區市民大道8段與興中路口,0,0,2,1,C03,8,6,5,50,4,1,1,5,4,5,13,2,1,4,3,5,2,16,1,79,2,9,3,4,7,5,1,10,1,14,8,1,21,121.6076706,25.0533432
114,05,17,06,49,2,07信義區,信義區嘉興街與嘉興街181巷口,0,0,1,1,B03,8,6,5,30,14,9,1,5,4,5,13,4,4,6,5,5,2,17,1,33,3,10,7,1,7,5,1,8,2,8,8,1,21,121.5564826,25.0263307
114,05,17,06,50,2,08士林區,士林區基河路與大南路口,0,0,1,1,B03,8,5,5,50,4,2,1,5,4,5,13,2,1,5,4,5,2,13,1,37,3,10,7,1,7,9,1,2,2,8,16,1,21,121.5228,25.0896872
114,05,17,07,00,2,08士林區,士林區萬溪產業道路至善幹45R68B7256BB99,0,0,1,1,C03,8,6,5,30,12,9,1,5,4,5,13,4,4,10,5,5,2,10,1,64,4,11,5,4,7,15,1,10,9,11,5,1,21,121.5842918,25.11953208
114,05,17,07,06,2,03中山區,中山區民權東路1段與民權東路1段12巷口,0,0,2,1,B03,7,7,5,50,3,2,5,5,4,5,13,4,4,10,5,5,2,16,1,64,3,10,7,1,7,6,1,8,2,2,9,1,21,121.523871,25.062633
114,05,17,07,17,2,05中正區,中正區重慶南路1段與重慶南路1段5巷口,0,0,1,1,C03,8,6,5,50,4,2,1,5,4,5,13,4,4,10,4,5,2,13,1,21,3,10,6,1,7,12,1,10,2,13,44,1,21,121.5132534,25.0465525
114,05,17,07,34,2,10文山區,文山區木新路1段與指南路1段51巷口,0,0,1,1,B03,8,5,5,50,4,1,1,5,4,5,13,2,1,10,5,5,1,17,1,59,3,10,7,1,7,6,1,8,1,2,44,1,21,121.5707153,24.9887221
114,05,17,07,52,2,03中山區,中山區五常街53巷與龍江路356巷口,0,0,2,1,C03,8,7,5,50,4,1,1,5,4,5,13,4,4,5,5,5,2,15,1,77,3,10,5,1,7,9,1,10,1,11,72,1,21,121.5396258,25.0660207
114,05,17,07,54,2,04大安區,大安區潮州街與永康街口,0,0,1,1,B01,8,6,8,30,4,1,1,5,4,5,13,4,4,9,3,5,2,15,1,53,3,10,7,1,7,9,1,4,1,1,72,1,21,121.5296094,25.0283785
114,05,17,08,08,2,04大安區,大安區敦化南路1段與敦化南路1段187巷口,0,0,3,1,C03,8,7,5,50,4,2,1,5,4,5,13,2,1,5,4,5,2,12,1,33,2,9,6,1,7,9,1,10,1,12,16,1,21,121.5490906,25.0423454
114,05,17,09,46,2,07信義區,信義區信義快速道路往南,0,0,1,1,B03,7,5,5,70,6,9,1,5,4,5,13,4,4,1,3,5,1,17,1,79,2,9,3,4,6,9,1,8,2,1,16,1,21,121.5670126,25.03311178
114,05,17,09,55,2,09北投區,北投區中和街與珠海路口,0,0,1,1,H01,8,6,5,50,4,18,1,5,4,1,13,1,1,9,4,5,2,5,1,33,2,6,4,5,8,17,8,20,10,16,67,1,21,121.5025189,25.1384287
114,05,17,09,56,2,07信義區,信義區忠孝東路5段8號,0,0,2,1,B01,8,6,5,50,14,9,1,5,4,5,13,4,4,4,3,5,2,13,1,61,3,10,7,1,7,9,1,4,1,1,118,1,21,121.5650517,25.0410809
114,05,17,10,08,2,02萬華區,萬華區東園街19號,0,0,1,1,F01,7,7,5,50,14,9,1,5,4,5,13,4,4,8,5,5,2,18,1,81,2,9,4,1,7,15,8,20,2,12,42,1,21,121.4956296,25.0276953
114,05,17,10,49,2,05中正區,中正區羅斯福路1段與林森南路口口,0,0,2,1,C03,8,6,5,40,5,1,1,5,4,5,13,1,1,1,4,4,2,3,1,31,2,8,5,1,7,9,1,10,1,11,108,1,21,121.5182105,25.0330361
114,05,17,11,29,2,04大安區,大安區忠孝東路3段與復興南路1段口,0,0,1,1,C03,8,5,5,50,5,1,1,5,4,5,13,1,1,1,4,5,2,17,2,20,3,10,6,4,7,6,1,10,1,13,9,1,21,121.5436497,25.041759
114,05,17,12,10,2,01大同區,大同區寧夏路與蘭州街口,0,0,1,1,B03,8,6,5,50,4,1,1,5,4,5,13,1,1,5,5,5,2,2,1,53,3,10,7,1,7,5,1,8,2,5,70,1,21,121.5139649,25.0618142
114,05,17,12,20,2,09北投區,北投區承德路7段與洲美快速道路口,0,0,2,1,B03,8,6,5,50,5,1,1,5,4,5,13,1,1,1,4,5,2,16,1,57,3,10,7,1,7,5,1,8,2,2,98,1,21,121.4997315,25.1208125
114,05,17,12,42,2,12內湖區,內湖區民權東路6段120巷與民權東路6段120巷7弄口,0,0,2,1,C03,7,6,5,30,4,1,1,5,4,5,13,4,4,10,5,5,2,15,2,38,2,8,5,1,7,9,1,10,1,14,108,1,21,121.5872257,25.0676509
114,05,17,13,13,2,07信義區,信義區基隆路1段與基隆路1段102巷口,0,0,1,1,B03,8,6,5,50,3,1,1,5,4,5,13,4,4,1,4,1,2,16,2,45,3,10,3,4,7,6,1,8,2,2,9,1,22,121.567587,25.045248
114,05,17,13,27,2,02萬華區,萬華區西藏路125巷5號,0,0,2,1,C03,7,7,5,30,14,9,1,5,4,5,13,4,4,10,5,5,2,16,1,26,3,10,5,1,7,5,1,10,2,11,8,1,21,121.5024354,25.0290108
114,05,17,13,38,2,10文山區,文山區辛亥路4段與辛亥路4段209巷口,0,0,1,1,B12,7,6,5,50,3,1,1,5,4,5,13,4,4,1,4,5,2,16,1,42,3,10,7,1,7,6,1,8,1,5,9,1,21,121.5556031,25.0023722
114,05,17,13,58,2,03中山區,中山區新生北路2段與新生北路2段118巷口,0,0,2,1,C03,7,6,5,50,4,1,1,5,4,5,13,4,4,5,5,5,2,16,1,52,2,9,6,1,7,5,1,10,1,11,74,1,21,121.5273563,25.06076572
114,05,17,13,59,2,06松山區,松山區敦化北路155巷3號,0,0,2,1,C03,7,6,5,30,14,9,1,5,4,5,13,4,4,9,4,5,2,13,1,45,2,8,6,4,7,9,1,10,1,11,16,1,22,121.549822,25.0542758
114,05,17,14,09,2,04大安區,大安區安和路1段129號,0,0,2,1,C03,6,6,5,50,14,9,1,4,4,5,13,4,4,3,3,5,2,12,1,24,2,9,6,1,7,9,1,10,1,12,108,1,21,121.5525726,25.034415
114,05,17,14,14,2,04大安區,大安區和平東路1段與師大路口,0,0,2,1,C03,6,7,5,40,3,2,1,4,4,5,13,2,1,1,4,4,2,12,2,29,2,9,6,1,7,9,1,10,1,11,44,1,21,121.5288082,25.026453
114,05,17,14,51,2,12內湖區,內湖區永保街132號,0,0,1,1,B12,6,6,5,40,14,9,1,4,4,5,13,4,4,5,5,5,2,16,1,58,3,10,7,1,7,1,1,8,1,4,19,1,21,121.6009759,25.0637746
114,05,17,14,59,2,04大安區,大安區通安街與通化街98巷口,0,0,1,1,C03,7,5,5,30,4,1,1,4,4,5,13,4,4,10,5,5,2,15,1,42,3,10,6,1,7,9,1,10,1,17,72,1,21,121.5530903,25.0299298
114,05,17,15,31,2,06松山區,松山區延壽街與塔悠路口,0,0,1,1,B03,6,7,5,50,4,1,1,4,4,5,13,2,1,9,4,4,2,17,2,60,3,10,3,4,7,2,1,8,1,6,42,1,22,121.5695245,25.0571948
114,05,17,16,03,2,11南港區,南港區南湖大橋(北向南),0,0,2,1,C03,6,7,5,50,14,9,1,4,4,5,13,4,4,1,4,5,2,12,1,25,2,7,5,1,7,7,1,10,1,14,100,1,21,121.6133005,25.0617201
114,05,17,16,39,2,05中正區,中正區福和橋往永和,0,0,1,1,C03,6,7,5,40,14,11,1,4,4,5,13,4,4,1,4,5,2,13,1,21,3,10,5,1,7,9,1,10,1,11,16,1,21,121.5320088,25.0087546
114,05,17,16,39,2,07信義區,信義區福德街84巷與林口街66巷口,0,0,3,1,C03,6,6,5,50,3,1,1,4,4,5,13,4,4,9,4,5,2,16,1,57,2,7,6,1,7,5,1,10,1,14,8,1,21,121.5805619,25.0392052
114,05,17,16,58,2,10文山區,文山區景華街128巷與景華街128巷2弄口口,0,0,2,1,B03,6,6,5,30,4,1,1,4,4,5,13,4,4,10,5,5,2,15,1,32,3,10,7,1,7,9,3,18,2,1,72,1,21,121.5473449,24.9954372
114,05,17,17,04,2,06松山區,松山區復興北路與長春路口,0,0,1,1,C03,6,7,5,50,4,1,1,4,4,5,13,1,1,1,4,5,2,18,1,71,2,1,5,1,7,9,1,10,2,14,42,1,21,121.5442352,25.0543147
114,05,17,17,19,2,06松山區,松山區八德路3段與敦化北路口,0,0,1,1,A02,6,7,5,50,14,10,1,4,4,5,13,2,1,5,4,5,2,9,1,44,3,10,7,1,7,9,1,1,9,17,44,1,21,121.54889,25.0484041
114,05,17,17,23,2,03中山區,中山區明水路與北安路458巷47弄口,0,0,1,1,B02,6,7,5,50,3,1,1,4,4,5,13,4,4,1,4,5,2,16,2,27,3,10,7,1,7,6,1,10,1,2,9,1,21,121.5457183,25.07752865
114,05,17,17,35,2,04大安區,大安區信義路3段147巷與信義路3段147巷36弄口,0,0,1,1,B01,7,5,5,30,4,1,1,4,4,5,13,4,4,4,3,5,2,15,1,68,3,10,7,1,7,9,1,4,1,5,72,1,21,121.5420158,25.0371933
114,05,17,17,46,2,06松山區,松山區民權東路3段181號,0,0,1,1,A04,7,6,5,50,14,10,1,5,4,5,13,2,1,1,4,5,2,9,1,44,3,10,7,1,7,14,1,2,11,17,44,1,21,121.5482276,25.0619515
114,05,17,19,36,2,02萬華區,萬華區和平西路3段384號與和平西路3段382巷口,0,0,1,1,B03,7,5,5,50,4,1,1,5,4,5,13,2,1,10,5,5,2,16,1,38,3,10,3,4,7,5,1,8,1,4,8,1,22,121.4914123,25.0354047
114,05,17,20,42,2,11南港區,南港區忠孝東路6段150號,0,0,1,1,C03,7,5,5,50,14,9,1,5,4,5,13,4,4,1,4,5,2,13,2,44,2,9,6,1,7,9,3,18,9,11,108,2,21,121.585788,25.0482561
114,05,17,21,41,2,03中山區,中山區中山北路2段46巷與中山北路2段口無名巷,0,0,2,1,C03,7,5,5,30,4,1,1,5,4,5,13,4,4,8,5,5,1,16,1,18,2,9,3,4,7,9,1,10,1,12,72,1,21,121.521698,25.05545179
114,05,17,21,46,2,10文山區,文山區木新路2段與保儀路口,0,0,1,1,B03,8,5,5,50,4,1,1,5,4,5,13,1,1,10,5,5,2,17,1,44,3,10,7,1,7,14,1,8,2,7,38,1,21,121.5654611,24.982793
114,05,17,22,14,2,12內湖區,內湖區民權東路6段56巷與民權東路6段56巷1弄口,0,0,2,1,B03,7,5,6,50,4,2,1,5,4,5,13,4,4,5,4,4,1,17,1,30,3,10,7,1,7,11,1,8,1,8,10,1,21,121.5847985,25.0682882
114,05,17,22,39,2,09北投區,北投區大度路與大度路150巷口,0,0,2,1,C03,7,5,5,50,4,1,1,5,4,5,13,1,1,1,4,1,1,16,2,25,2,9,6,1,7,9,1,10,2,11,81,1,21,121.4935722,25.1217036
114,05,17,22,41,2,05中正區,中正區市民大道2段與林森北路口,0,0,1,1,B03,8,5,5,50,4,1,1,5,4,5,13,1,1,1,5,5,2,16,1,33,3,10,7,1,7,6,1,8,9,5,108,1,21,121.5243494,25.0477008
114,05,18,00,07,2,06松山區,松山區八德路3段158巷與光復南路46巷口,0,0,2,1,B03,7,5,5,30,4,1,1,5,4,5,13,4,4,10,5,5,2,15,1,24,2,1,7,1,7,9,1,8,2,1,72,1,22,121.5553642,25.0458844
114,05,18,04,48,2,03中山區,中山區大直橋南往北,0,0,2,1,C03,7,5,5,50,14,11,1,5,4,5,13,4,4,1,5,5,1,13,2,57,2,9,3,4,7,9,1,10,2,11,108,1,21,121.5444694,25.07599655
114,05,18,05,04,2,06松山區,松山區南京東路4段與光復北路口,0,0,1,1,B01,7,5,5,50,5,4,1,5,4,5,13,1,1,1,4,4,2,13,1,45,3,10,7,1,7,9,1,8,2,1,108,1,26,121.5572394,25.051497
114,05,18,05,06,2,04大安區,大安區忠孝東路4段與光復南路口,0,0,1,1,B03,8,6,5,50,4,1,1,5,4,5,13,2,1,9,4,5,1,16,1,21,3,10,3,4,7,5,1,8,1,6,71,1,21,121.557642,25.041259
114,05,18,06,24,2,05中正區,中正區中華路2段與南海路口,0,0,2,1,B03,8,6,5,50,4,1,1,5,4,5,13,1,1,5,4,4,2,17,1,37,3,10,7,1,7,5,1,8,2,2,71,1,21,121.5070765,25.0268364
114,05,18,08,40,2,02萬華區,(環河南路2段101號前),0,0,1,1,B03,8,7,5,50,4,2,1,5,4,5,13,1,1,1,5,5,2,13,1,42,3,10,7,1,7,9,1,8,1,5,,1,21,121.4941155,25.035054
114,05,18,09,04,2,07信義區,信義區基隆路1段129號,0,0,1,1,A03,8,7,5,50,14,9,1,5,4,5,13,4,4,9,4,5,2,17,1,46,3,10,7,1,7,9,1,2,1,2,44,1,21,121.5665763,25.0444401
114,05,18,09,25,2,10文山區,文山區萬利街與萬利街30巷口,0,0,1,1,B03,8,5,5,40,3,1,1,5,4,5,13,4,4,5,5,5,1,13,1,56,3,10,7,1,7,9,1,8,2,1,16,1,21,121.5654202,25.0005199
114,05,18,09,48,2,11南港區,南港區研究院路3段與研究院路3段25巷口,0,0,1,1,B01,8,7,5,50,3,2,1,5,4,5,13,4,4,4,4,5,2,12,1,65,3,10,7,1,7,11,1,8,1,4,10,1,21,121.6163675,25.035044
114,05,18,09,57,2,03中山區,中山區大佳河濱公園大直橋旁,0,0,1,1,C03,7,7,5,50,11,9,5,5,4,5,13,4,4,10,5,5,2,17,1,43,2,9,5,1,7,4,1,10,1,12,1,1,21,121.5467516,25.07651168
114,05,18,09,57,2,10文山區,文山區忠順街1段26巷與忠順街1段26巷3弄口,0,0,1,1,B01,8,6,5,30,14,9,2,5,4,5,13,4,4,10,5,5,2,17,1,66,3,10,3,4,7,9,1,4,1,1,72,1,21,121.5593492,24.9835187
114,05,18,09,59,2,07信義區,信義區和平東路3段與莊敬隧道附近側附近口,0,0,2,1,B03,8,7,5,40,14,9,1,5,4,5,13,4,4,9,4,5,2,13,1,81,3,10,7,1,7,9,1,8,1,1,108,1,21,121.5655859,25.0091878
114,05,18,10,07,2,12內湖區,內湖區陽光街（瑞陽三號公園公車站）,0,0,1,1,A02,8,5,5,50,14,9,1,5,4,5,13,4,4,5,4,5,2,17,1,50,3,10,7,1,7,1,1,2,1,17,19,1,21,121.5820682,25.074939
114,05,18,10,30,2,08士林區,士林區德行東路151號,0,0,1,1,F02,8,5,5,50,14,9,1,5,4,5,13,4,4,9,5,5,2,17,2,24,2,8,3,4,7,9,8,20,1,11,108,1,22,121.5234635,25.11559988
114,05,18,10,57,2,10文山區,文山區福和橋機車道(近燈桿編號020),0,0,2,1,C03,8,6,5,40,8,11,1,5,4,3,13,4,4,1,4,1,2,9,1,31,3,10,6,1,7,13,1,10,2,13,114,1,21,121.5328827,25.0088379
114,05,18,11,15,2,04大安區,大安區安居街9巷33號,0,0,1,1,C03,8,6,5,30,14,9,1,5,4,5,13,4,4,10,5,5,2,9,2,69,3,10,5,1,7,3,3,18,1,11,116,1,22,121.5559493,25.0203725
114,05,18,11,43,2,04大安區,大安區基隆路2段與和平東路3段口,0,0,1,1,B03,7,6,5,50,5,1,1,5,4,5,13,1,1,10,5,5,2,17,2,32,3,10,3,4,7,6,1,8,1,2,9,1,21,121.5524659,25.0244169
114,05,18,11,59,2,01大同區,大同區延平北路3段與延平北路3段23巷口,0,0,1,1,B03,8,6,5,50,5,2,1,5,4,5,13,4,4,5,5,5,2,16,1,53,3,10,7,1,7,11,1,8,2,8,10,1,21,121.511119,25.0642419
114,05,18,12,11,2,02萬華區,萬華區西寧南路與成都路口,0,0,1,1,B03,7,7,5,50,4,1,1,5,4,5,13,1,1,10,3,5,2,16,1,19,4,11,3,4,7,6,7,19,9,15,9,2,22,121.5059004,25.0427722
114,05,18,12,20,2,08士林區,士林區至善路3段336巷45號(至善幹85號電桿前),0,0,1,1,B02,8,6,5,30,11,9,1,5,4,5,12,4,4,10,5,5,1,17,1,44,3,10,3,4,7,9,1,8,1,1,5,1,21,121.5895757,25.1277802
114,05,18,12,37,2,01大同區,大同區承德路1段與長安西路口,0,0,4,1,C03,8,6,5,50,5,2,1,5,4,5,13,4,4,1,5,5,2,13,2,59,2,9,6,1,7,9,1,10,1,11,104,1,21,121.5169847,25.0511314
114,05,18,12,40,2,06松山區,松山區南京東路5段23巷與南京東路5段23巷7弄口,0,0,2,1,B03,6,6,5,30,4,1,1,4,4,5,13,4,4,10,5,5,2,15,1,50,3,10,7,1,7,9,1,8,1,2,72,1,22,121.5580187,25.0521502
114,05,18,13,00,2,08士林區,士林區中正路與基河路口,0,0,1,1,C03,8,6,5,50,4,1,1,5,4,5,13,1,1,5,4,5,2,17,2,50,2,9,6,1,7,5,1,10,2,14,8,1,22,121.5199472,25.0934634
114,05,18,13,45,2,07信義區,信義區基隆路1段與松隆路口,0,0,3,1,C03,6,6,5,50,3,1,1,4,4,5,13,1,1,1,4,5,2,13,2,29,2,8,6,4,7,9,1,10,2,11,16,1,22,121.566194,25.0429713
114,05,18,14,43,2,03中山區,中山區興安街與遼寧街口,0,0,1,1,B01,6,6,5,50,4,1,1,4,4,5,13,1,1,5,4,5,2,17,1,57,3,10,7,1,7,9,1,4,1,17,85,1,21,121.542143,25.05608021
114,05,18,14,43,2,08士林區,士林區中山北路6段334號對面,0,0,1,1,B01,7,6,5,50,14,9,1,5,4,5,13,4,4,1,4,5,1,17,1,53,3,10,7,1,7,7,1,4,2,4,100,1,21,121.5257805,25.1114541
114,05,18,15,12,2,05中正區,中正區師大路與汀州路3段附近口,0,0,1,1,B03,6,6,5,50,5,2,1,4,4,5,13,1,1,1,4,4,1,17,1,42,3,10,7,1,7,8,1,8,2,17,100,1,21,121.524902,25.0207164
114,05,18,16,00,2,11南港區,南港區忠孝東路6段與玉成街口口,0,0,1,1,B03,6,7,5,50,5,2,1,4,4,5,13,1,1,1,3,5,2,17,2,35,3,10,7,1,7,5,1,8,2,1,71,1,21,121.5828153,25.0453045
114,05,18,17,07,2,04大安區,大安區杭州南路2段與杭州南路2段25巷口,0,0,1,1,C03,6,6,5,50,3,1,1,4,4,5,13,4,4,1,5,5,2,17,2,29,2,8,5,1,7,9,1,10,2,17,44,1,22,121.5236106,25.0340667
114,05,18,17,40,2,12內湖區,內湖區成功路3段325號前,0,0,1,1,B01,8,5,5,50,14,9,1,4,4,5,13,1,1,1,3,5,1,17,1,65,3,10,3,4,7,7,1,4,1,17,100,1,21,121.5896555,25.0719656
114,05,18,17,51,2,06松山區,松山區八德路4段83號,0,0,1,1,B03,6,7,5,50,14,9,1,4,4,5,13,2,1,9,4,5,2,17,1,50,3,10,7,1,7,8,1,4,9,2,100,2,21,121.5602602,25.0485039
114,05,18,18,05,2,10文山區,文山區萬樂街與萬和街口,0,0,1,1,C03,7,5,5,40,3,1,1,4,4,5,13,4,4,5,5,5,2,13,1,24,2,9,6,1,7,9,1,9,1,11,42,1,22,121.5688223,24.9994132
114,05,18,18,31,2,03中山區,中山區復興北路與八德路2段口,0,0,1,1,C03,7,5,5,50,4,2,1,5,4,5,13,1,1,1,4,5,2,18,2,57,2,9,5,1,7,8,1,10,1,14,42,1,21,121.5438568,25.0484443
114,05,18,18,50,2,08士林區,士林區文林路594巷與士林橋口,0,0,1,1,B03,7,5,5,50,4,1,1,5,4,5,13,3,1,9,4,4,1,17,2,48,3,10,7,1,7,5,1,8,2,8,8,1,21,121.5236969,25.09844979
114,05,18,19,04,2,05中正區,中正區寶慶路與桃源街口,0,0,1,1,C03,7,5,5,50,4,2,1,4,4,5,13,1,1,10,4,5,1,12,2,46,2,9,6,1,7,1,1,21,2,14,19,1,22,121.5102762,25.0413761
114,05,18,19,23,2,03中山區,中山區錦州街6之1號,0,0,2,1,B02,7,5,5,50,14,9,1,5,4,5,13,4,4,8,5,5,1,16,1,59,3,10,3,4,7,5,1,4,1,8,80,1,21,121.5235075,25.0603607
114,05,18,19,45,2,03中山區,中山區民權東路1段與林森北路口,0,0,1,1,C04,7,5,5,50,4,1,1,5,4,5,13,1,1,1,4,5,2,18,1,21,2,9,5,1,7,9,1,10,1,14,42,1,21,121.5257329,25.0625662
114,05,18,21,00,2,01大同區,大同區忠孝橋機慢車道,0,0,1,1,C03,7,5,5,50,8,11,1,5,4,5,13,4,4,7,2,5,2,17,1,19,3,10,5,4,7,9,1,10,1,12,108,1,21,121.5077948,25.048566
114,05,18,21,52,2,03中山區,中山區林森北路85巷與長安東路1段53巷口,0,0,1,1,B03,7,5,5,30,4,1,1,5,4,5,13,4,4,10,5,5,2,17,1,28,3,10,7,1,7,9,1,8,1,1,72,1,21,121.5265745,25.049429
114,05,18,22,08,2,07信義區,信義區松仁路與松仁路95巷口,0,0,2,1,C03,7,5,5,50,3,2,1,5,4,5,13,4,4,1,4,5,2,17,1,52,2,9,6,1,7,6,1,10,1,12,9,1,22,121.5685085,25.0365893
114,05,18,22,49,2,08士林區,士林區至善路2段與至善路2段25巷口,0,0,2,1,C03,7,5,5,50,14,9,1,5,4,5,13,1,1,3,4,4,1,17,1,24,2,9,5,1,7,9,1,10,1,11,16,1,21,121.5445174,25.0973373
114,05,18,22,50,2,08士林區,士林區基河路26號,0,0,1,1,B01,7,5,5,50,14,9,1,5,4,5,13,4,4,10,4,5,2,17,2,39,3,10,7,1,7,9,1,4,1,1,107,1,26,121.5245834,25.08345193
114,05,18,23,14,2,08士林區,士林區士東路299巷職能發展學院前,0,0,2,1,C03,8,5,5,30,14,9,1,5,4,5,13,4,4,10,5,5,2,17,2,21,2,9,3,4,7,5,1,10,11,12,8,1,21,121.5375875,25.11455739
114,05,18,23,48,2,05中正區,中正區廈門街與廈門街82巷口,0,0,3,1,C03,8,5,5,30,4,1,1,5,4,5,13,4,4,9,4,5,1,17,1,24,2,9,5,1,7,5,1,10,2,12,74,1,21,121.5174174,25.0244601
114,05,19,00,13,2,02萬華區,萬華區桂林路244巷20號,0,0,1,1,C03,7,5,5,30,14,9,1,5,4,5,13,4,4,10,5,5,2,29,1,21,2,9,6,1,7,9,3,18,2,11,20,1,21,121.4947083,25.0380022
114,05,19,02,53,2,03中山區,中山區中原街與新生北路2段137巷口,0,0,1,1,B01,7,5,5,30,4,1,1,5,4,5,13,4,4,9,4,5,2,15,1,40,3,10,7,1,7,9,1,2,1,5,72,1,21,121.528936,25.0612444
114,05,19,05,07,2,04大安區,大安區和平東路3段與富陽街口,0,0,2,1,F01,8,6,5,50,5,1,1,5,4,5,13,2,1,1,4,5,1,15,1,67,2,5,4,4,7,9,8,20,1,12,81,1,21,121.5564377,25.0206323
114,05,19,06,26,2,12內湖區,內湖區東湖路43巷與康寧路3段189巷口,0,0,1,1,B03,7,7,5,30,4,1,1,5,4,5,13,4,4,9,4,5,2,16,1,69,3,10,7,1,7,5,1,8,2,8,8,1,21,121.6124844,25.0702341
114,05,19,06,34,2,05中正區,中正區愛國西路與重慶南路2段口,0,0,2,1,C03,7,7,5,50,4,2,1,5,4,5,13,4,4,1,4,1,2,12,2,63,2,9,5,1,7,9,1,10,1,14,17,1,22,121.5129404,25.0350155
114,05,19,06,50,2,03中山區,中山區民生西路17號,0,0,1,1,C03,8,6,5,50,14,9,1,5,4,5,13,4,4,5,4,5,2,12,1,52,2,9,6,1,7,7,1,10,1,14,100,1,21,121.521475,25.05781496
114,05,19,07,36,2,01大同區,大同區延平北路3段32之1號,0,0,1,1,C03,8,6,5,50,14,9,1,5,4,5,13,4,4,5,5,5,2,12,1,47,2,8,6,1,7,10,1,10,1,14,100,1,21,121.5110959,25.0643686
114,05,19,07,36,2,05中正區,中正區濟南路2段39號,0,0,1,1,C03,7,5,5,30,14,9,1,5,4,5,13,4,4,9,2,5,2,17,1,70,2,9,5,1,7,9,1,10,2,14,72,1,21,121.5300746,25.0406686
114,05,19,07,37,2,01大同區,大同區長安西路與太原路口,0,0,1,1,C03,8,6,5,50,4,1,1,5,4,5,13,1,1,5,5,5,2,17,1,35,3,10,6,1,7,5,1,10,2,14,44,1,21,121.5155042,25.0513119
114,05,19,07,37,2,09北投區,北投區中央北路4段541巷與中央北路4段口,0,0,1,1,C03,7,5,5,50,4,2,1,5,4,5,13,1,1,5,4,5,1,13,2,48,2,7,3,4,7,12,1,10,1,11,108,1,26,121.4674943,25.1277286
114,05,19,07,38,2,10文山區,文山區羅斯福路6段401巷與景文街口,0,0,3,1,C03,8,6,5,40,4,2,1,5,4,5,13,4,4,5,5,4,2,16,1,73,2,8,6,1,7,1,1,10,2,13,19,1,21,121.541322,24.991684