發生年度,發生月,發生日,發生時-Hours,發生分,處理別-編號,區序,肇事地點,死亡人數,2-30日死亡人數,受傷人數,當事人序號,車種,天候,光線,道路類別,速限-速度限制,道路型態,事故位置,路面狀況1,路面狀況2,路面狀況3,道路障礙1,道路障礙2,號誌1,號誌2,車道劃分-分向,車道劃分-分道1,車道劃分-分道2,車道劃分-分道3,事故類型及型態,性別,年齡,受傷程度,主要傷處,保護裝置,行動電話,車輛用途,當事者行動狀態,駕駛資格情形,駕駛執照種類,飲酒情形,車輛撞擊部位1,肇因碼-個別,個人肇逃否,職業,座標-X,座標-Y
114,05,19,07,44,2,05中正區,中正區重慶南路1段與襄陽路口,0,0,2,1,C03,8,6,5,50,3,1,1,5,4,5,13,2,1,10,2,5,2,17,2,18,3,10,6,1,7,5,1,10,1,17,8,1,22,121.5131944,25.04347506
114,05,19,08,11,2,03中山區,中山區新生北路2段31-3號,0,0,1,1,B03,8,7,5,50,14,9,1,5,4,5,13,4,4,1,4,5,2,13,1,70,3,10,7,1,7,9,1,8,1,1,16,1,21,121.5275419,25.0541843
114,05,19,08,36,2,03中山區,中山區松江路565號,0,0,1,1,C03,7,5,5,50,14,9,1,5,4,5,13,4,4,1,4,5,2,13,1,46,2,8,3,4,7,9,1,10,1,11,108,1,21,121.533565,25.06957333
114,05,19,08,45,2,03中山區,中山區建國南路1段9號,0,0,1,1,C03,8,7,5,50,14,9,1,5,4,5,13,4,4,1,4,5,2,17,1,24,2,8,6,1,7,8,1,10,1,11,100,1,26,121.536926,25.04568089
114,05,19,08,50,2,07信義區,信義區福德街268巷與福德街268巷29弄口,0,0,1,1,C03,8,7,5,30,4,1,1,5,4,3,10,4,4,9,4,5,2,17,1,37,2,9,5,1,7,9,1,10,1,11,72,1,21,121.5856021,25.0401063
114,05,19,09,00,2,09北投區,北投區明德路與明德路150巷口,0,0,1,1,B03,8,6,5,50,3,1,1,5,4,5,13,1,1,9,4,5,2,16,2,47,3,10,7,1,7,6,1,8,1,2,9,1,21,121.5208168,25.1106145
114,05,19,09,00,2,11南港區,南港區研究院路2段12巷58弄19號,0,0,1,1,C03,7,7,5,30,14,9,1,5,4,5,13,4,4,5,5,5,2,17,1,41,2,7,5,1,7,1,1,10,1,11,19,1,21,121.6140705,25.0463269
114,05,19,09,10,2,03中山區,中山區民權西路2號,0,0,2,1,C03,7,6,5,50,14,8,1,5,4,5,13,4,4,1,4,5,2,12,1,41,2,9,5,4,7,9,1,10,1,12,17,1,21,121.5223871,25.062802
114,05,19,09,38,2,04大安區,大安區市民高架道(西往東),0,0,1,1,A12,8,6,5,80,14,9,1,5,4,5,13,4,4,4,3,5,2,13,1,31,2,7,7,1,7,9,1,4,1,3,16,1,21,121.5393434,25.0444485
114,05,19,09,39,2,03中山區,中山區南京東路3段36號,0,0,2,1,C03,8,7,5,50,14,9,1,5,4,5,13,4,4,1,4,4,2,13,2,30,2,7,6,1,7,8,1,10,1,11,100,1,21,121.5382747,25.0518429
114,05,19,10,13,2,05中正區,中正區信義路1段與林森南路口,0,0,1,1,C03,7,5,5,50,14,9,1,5,4,5,13,4,4,9,4,5,2,17,1,23,3,10,5,1,7,8,1,10,1,13,100,1,21,121.5213449,25.0367804
114,05,19,10,15,2,03中山區,中山區北安路55號,0,0,1,1,A02,8,6,5,50,14,9,1,5,4,5,13,4,4,1,4,5,2,17,1,43,3,10,7,1,7,9,1,2,9,2,44,1,22,121.5285958,25.0777389
114,05,19,10,36,2,01大同區,大同區延平北路4段與迪化街2段268巷口,0,0,2,1,C03,8,6,5,50,5,2,1,5,4,5,13,4,4,5,5,5,2,13,1,19,2,9,6,1,7,9,1,10,1,11,16,1,21,121.5108729,25.0707838
114,05,19,11,34,2,10文山區,文山區木新路2段與恆光街口口,0,0,1,1,C03,7,6,5,50,4,1,1,5,4,5,13,2,1,5,4,4,2,12,1,74,2,9,5,1,7,7,1,10,1,13,100,1,21,121.5667882,24.9833238
114,05,19,11,54,2,01大同區,大同區延平北路3段54號,0,0,1,1,B03,7,6,5,50,14,9,1,5,4,5,13,4,4,5,2,5,2,17,1,52,3,10,7,1,7,1,1,8,11,8,19,1,21,121.5110874,25.06502962
114,05,19,12,10,2,09北投區,北投區承德路7段303號,0,0,2,1,C03,8,7,5,50,14,8,1,5,4,5,13,4,4,1,4,4,2,16,2,24,2,9,3,4,7,6,1,10,1,12,80,1,22,121.5040344,25.1169758
114,05,19,12,20,2,05中正區,中正區中山北路1段與北平西路口,0,0,2,1,C03,8,6,5,50,4,1,1,5,4,5,13,1,1,1,4,5,2,13,1,45,2,9,6,1,7,9,1,10,1,11,16,1,22,121.5202981,25.0474459
114,05,19,12,37,2,03中山區,中山區龍江路120巷與遼寧街128巷口,0,0,1,1,B01,8,7,5,50,4,2,1,5,4,5,13,2,1,10,5,5,2,17,1,69,3,10,7,1,7,6,1,4,1,8,9,1,21,121.5404664,25.0533058
114,05,19,12,50,2,07信義區,信義區忠孝東路5段428號,0,0,1,1,C03,8,6,5,50,14,9,1,5,4,5,13,1,1,1,4,5,2,29,1,70,2,9,6,1,7,15,1,10,1,14,46,1,21,121.5750195,25.0410433
114,05,19,13,56,2,04大安區,大安區仁愛路4段27巷與大安路1段84巷口,0,0,1,1,B03,8,6,5,30,4,1,1,5,4,5,13,4,4,10,5,5,2,15,1,34,3,10,7,1,7,9,1,8,1,4,72,1,21,121.5452203,25.0409991
114,05,19,14,40,2,07信義區,信義區忠孝東路5段68號,0,0,1,1,F01,7,6,8,50,22,22,1,5,4,5,13,1,1,1,4,5,2,18,2,49,2,9,4,4,7,9,8,20,1,15,116,1,22,121.566257,25.0410007
114,05,19,14,51,2,07信義區,信義區永吉路120巷27弄11號,0,0,1,1,B01,8,7,5,30,14,9,1,5,4,5,13,4,4,10,5,5,2,17,1,50,3,10,7,1,7,14,1,4,1,2,40,1,26,121.5704886,25.0446795
114,05,19,15,00,2,12內湖區,內湖區內湖路1段591巷10弄3號附近,0,0,1,1,C03,8,6,5,30,14,9,1,5,4,5,13,4,4,10,5,5,1,9,1,63,3,10,6,1,7,9,1,10,2,17,108,1,21,121.5730391,25.0815215
114,05,19,15,30,2,04大安區,大安區和平東路1段6號,0,0,1,1,C03,8,5,5,40,14,8,1,5,4,4,13,2,1,1,4,4,2,13,1,46,3,10,3,4,7,9,1,10,1,11,108,1,21,121.5229684,25.0269335
114,05,19,15,41,2,05中正區,中正區重慶南路2段與泉州街9巷口口,0,0,1,1,B12,8,6,5,30,3,1,1,5,4,5,13,4,4,1,4,5,1,17,1,50,3,10,7,1,7,15,1,8,2,17,42,1,21,121.5150033,25.0303295
114,05,19,15,45,2,09北投區,北投區中央南路2段與無名巷口,0,0,1,1,B03,8,6,5,40,3,1,1,5,4,5,13,4,4,5,5,5,2,16,1,62,3,10,7,1,7,5,1,8,1,1,74,1,21,121.5003752,25.1252493
114,05,19,15,52,2,03中山區,中山區南京西路與南京西路12巷口,0,0,2,1,C03,7,5,5,50,3,1,1,5,4,5,13,4,4,1,4,4,2,16,1,19,2,8,3,4,7,8,1,10,1,12,100,1,21,121.5214582,25.0523681
114,05,19,16,20,2,01大同區,大同區太原路與南京西路口,0,0,1,1,C03,8,6,5,50,4,2,1,5,4,5,13,2,1,8,3,4,2,17,1,22,3,10,6,1,7,5,1,10,1,13,108,1,21,121.5162434,25.0535617
114,05,19,16,20,2,09北投區,北投區湖山路1段47號,0,0,1,1,B03,8,5,5,40,14,9,1,5,4,5,13,4,4,9,4,5,1,17,1,59,3,10,7,1,7,11,1,10,2,8,10,1,21,121.5460478,25.1521949
114,05,19,16,24,2,08士林區,士林區延平北路6段與倫等街口,0,0,2,1,C03,7,7,5,40,14,18,1,5,4,5,13,1,1,1,5,5,2,3,1,35,2,7,6,1,7,9,1,10,1,11,70,1,21,121.5003479,25.0914126
114,05,19,16,40,2,05中正區,中正區和平西路1段與重慶南路3段口,0,0,2,1,C03,7,7,5,50,4,2,1,5,4,5,13,1,1,1,4,5,2,13,2,66,2,9,5,1,7,9,1,10,1,11,108,1,22,121.516456,25.027235
114,05,19,16,55,2,12內湖區,內湖區瑞光路316巷與堤頂大道2段口,0,0,1,1,C03,7,7,5,50,3,1,1,5,4,5,13,4,4,1,1,4,2,16,2,33,2,1,6,1,7,6,1,10,1,14,72,1,21,121.5719169,25.075464
114,05,19,17,02,2,04大安區,大安區基隆路3段往南,0,0,2,1,C03,8,6,5,40,14,8,1,5,4,5,13,4,4,1,4,4,2,17,1,46,2,9,3,4,7,9,1,10,1,11,108,1,21,121.5439044,25.0170741
114,05,19,17,18,2,07信義區,信義區忠孝東路5段與大道路口口,0,0,1,1,B02,8,6,5,30,5,1,1,5,4,5,13,2,1,2,4,5,2,17,1,48,3,10,3,4,7,5,1,8,1,8,4,1,22,121.5813054,25.0434146
114,05,19,17,20,2,04大安區,大安區市民大道4段與市民大道4段口迴轉道(忠孝東路4段223巷口),0,0,1,1,C03,8,6,5,40,5,1,1,5,4,5,13,2,1,1,4,5,2,17,1,23,3,10,6,1,7,5,3,18,1,13,8,1,21,121.5530359,25.04428184
114,05,19,17,29,2,04大安區,大安區信義路3段111巷與信義路3段111巷16弄口,0,0,1,1,C03,8,6,5,30,3,1,1,5,4,5,13,4,4,10,4,5,2,3,1,27,3,10,6,1,7,9,1,10,2,11,108,1,21,121.5395014,25.034395
114,05,19,17,45,2,12內湖區,內湖區瑞光路362號,0,0,1,1,B03,7,6,5,50,14,9,1,5,4,5,13,4,4,5,4,5,2,12,1,48,3,10,7,1,7,8,1,8,1,2,100,1,21,121.5719121,25.0777203
114,05,19,18,09,2,04大安區,大安區敦化南路2段與敦化南路2段63巷口,0,0,3,1,F02,8,6,5,50,5,2,1,5,4,5,13,2,1,1,4,1,1,12,1,45,2,9,3,4,7,9,8,20,1,14,32,1,22,121.549019,25.030757
114,05,19,18,25,2,07信義區,信義區吳興街220巷59弄與吳興街156巷65弄口,0,0,2,1,C03,7,5,5,30,4,1,1,5,4,5,13,4,4,9,5,5,2,17,1,31,2,9,3,4,7,5,1,10,2,11,74,1,22,121.5591143,25.027049
114,05,19,18,30,2,08士林區,士林區承德路5段與承德路5段150巷口口,0,0,3,1,C03,7,5,5,50,14,9,1,5,4,5,13,2,1,6,3,4,2,2,2,21,2,9,5,1,7,9,1,10,1,11,44,1,22,121.5131609,25.097703
114,05,19,18,40,2,12內湖區,內湖區康寧路3段189巷21弄與康寧路3段165巷口,0,0,1,1,C03,7,5,5,30,3,18,1,5,4,5,13,4,4,10,5,5,2,3,2,56,3,10,5,1,7,5,1,11,1,14,70,1,21,121.6122821,25.0713407
114,05,19,18,42,2,03中山區,中山區大佳河濱公園自行車道（近十號水門）,0,0,2,1,F01,7,5,5,0,11,23,1,5,4,5,13,4,4,5,5,4,2,17,1,19,2,9,3,4,7,6,8,20,1,11,118,1,21,121.5222737,25.05804001
114,05,19,18,45,2,08士林區,士林區福林路與雨農路口,0,0,2,1,C03,8,5,5,50,4,1,1,5,4,5,13,1,1,5,2,5,2,12,1,21,2,9,6,1,7,9,1,10,1,14,99,1,25,121.5321947,25.096592
114,05,19,19,00,2,02萬華區,萬華區長泰街與寶興街口,0,0,1,1,B03,7,5,5,50,4,1,1,5,4,5,13,2,1,5,5,5,1,17,2,52,3,10,3,4,7,9,1,8,1,1,108,1,22,121.4959821,25.021785
114,05,19,19,05,2,12內湖區,內湖區洲子街150號旁,0,0,1,1,B03,7,5,5,50,14,9,1,5,4,5,13,4,4,9,5,5,2,17,2,55,3,10,7,1,7,1,1,8,1,17,19,1,21,121.5679001,25.08163514
114,05,19,19,15,2,01大同區,大同區重慶北路1段與長安西路口,0,0,1,1,B03,7,5,5,50,4,1,1,5,4,5,13,2,1,1,4,5,2,16,1,41,3,10,3,4,7,5,1,8,1,6,71,1,21,121.5138632,25.0516349
114,05,19,20,01,2,10文山區,文山區興隆路4段與興隆路4段109巷口,0,0,1,1,C03,7,5,5,50,4,2,1,5,4,5,13,2,1,10,5,5,2,17,2,50,2,9,6,1,7,6,1,10,1,11,9,1,21,121.5610212,24.9865487
114,05,19,20,12,2,04大安區,大安區復興南路1段358號,0,0,1,1,C03,8,5,5,50,14,9,1,5,4,5,13,2,1,1,4,5,1,13,1,25,2,7,5,4,7,9,1,10,1,11,108,1,21,121.5435293,25.0353788
114,05,19,20,32,2,09北投區,北投區開明街與復興二路口口,0,0,2,1,C03,7,5,5,30,4,1,1,5,4,5,13,4,4,10,5,5,2,15,1,47,2,9,5,1,7,9,1,10,1,11,72,1,21,121.5021549,25.1413999
114,05,19,20,38,2,06松山區,松山區復興北路與民族東路口,0,0,1,1,C03,7,5,5,50,4,1,1,5,4,5,13,2,1,1,4,5,2,15,1,71,2,9,6,1,7,1,1,10,1,12,19,1,22,121.5443663,25.0662649
114,05,19,20,41,2,07信義區,信義區松高路與忠孝東路5段236巷口,0,0,1,1,B01,7,5,5,50,4,2,1,5,4,5,13,1,1,4,3,5,2,11,1,60,3,10,7,1,7,11,1,4,1,5,10,1,21,121.5717656,25.0390435
114,05,19,21,19,2,09北投區,北投區中央北路2段與中央北路2段95巷口口,0,0,3,1,B01,7,5,6,50,4,4,1,5,4,5,13,1,1,5,4,5,2,13,1,27,3,10,7,1,7,1,1,4,2,5,108,1,21,121.4951766,25.1369528
114,05,19,21,56,2,08士林區,士林區劍潭路與基河路口,0,0,1,1,B01,8,5,5,50,4,1,1,5,4,5,13,1,1,1,4,5,2,16,1,63,3,10,3,4,7,5,1,2,2,6,71,1,21,121.5247724,25.08369212
114,05,19,22,20,2,05中正區,中正區永福橋往永和,0,0,1,1,B01,7,5,5,30,8,9,1,5,4,5,12,4,4,5,4,5,2,17,1,52,3,10,7,1,7,7,1,4,1,4,100,1,21,121.5282947,25.0117548
114,05,19,22,29,2,10文山區,文山區景興路與景後街口口,0,0,1,1,B01,8,5,5,50,3,2,1,5,4,5,13,4,4,9,5,5,2,14,1,58,3,10,7,1,7,2,1,4,1,3,12,1,21,121.5421513,24.9890538
114,05,20,04,06,2,02萬華區,萬華區和平西路3段67號,0,0,1,1,B03,8,5,5,50,14,9,1,5,4,5,13,4,4,1,4,5,2,17,1,77,3,10,7,1,7,2,1,8,1,7,12,1,21,121.5020592,25.03526346
114,05,20,06,24,2,10文山區,文山區萬美街1段與萬安街口口,0,0,2,1,C03,7,7,5,40,3,1,1,5,4,5,13,1,1,10,5,5,2,16,1,38,2,8,5,1,7,5,1,10,1,11,8,1,21,121.5706125,25.002268
114,05,20,06,30,2,12內湖區,內湖區環山路2段2號,0,0,1,1,B03,7,7,5,50,14,9,1,5,4,5,13,4,4,5,4,5,2,12,2,40,3,10,7,1,7,1,1,8,2,8,19,1,21,121.5704173,25.0864842
114,05,20,06,35,2,11南港區,南港區忠孝東路7段99號275停車格,0,0,1,1,C03,8,7,5,30,14,9,1,5,4,5,13,4,4,1,4,4,2,17,1,76,2,9,6,1,7,9,1,10,2,11,108,1,21,121.5982462,25.0512265
114,05,20,06,37,2,06松山區,松山區觀山河濱公園5號水門自行車道往南160燈桿,0,0,1,1,,8,5,7,40,14,23,1,5,4,5,13,4,4,10,5,5,2,29,3,65,,,,,,,,,,,66,1,,121.5708576,25.05689093
114,05,20,07,14,2,07信義區,信義區基隆路1段與信義路4段口,0,0,1,1,B03,8,7,5,50,4,1,1,5,4,5,13,1,1,1,4,5,2,13,1,66,3,10,3,4,7,9,1,8,1,1,44,1,21,121.5594982,25.0330222
114,05,20,07,29,2,07信義區,信義區松山路與松山路292巷口,0,0,1,1,B03,8,6,5,50,3,1,1,5,4,5,13,2,1,1,4,5,2,17,1,50,3,10,7,1,7,5,1,8,1,4,8,1,21,121.5778395,25.0433376
114,05,20,07,38,2,01大同區,大同區台北橋機慢車道往新北市,0,0,1,1,C03,8,6,5,50,8,11,1,5,4,5,13,4,4,10,5,5,2,17,1,39,3,10,6,1,7,4,1,10,2,12,108,1,21,121.5077821,25.0636088
114,05,20,07,38,2,03中山區,中山區民權東路2段與民權東路2段92巷口,0,0,2,1,C03,8,6,5,50,4,1,1,5,4,5,13,1,1,3,4,5,2,17,1,33,2,9,6,1,7,6,1,10,1,12,9,1,21,121.5317164,25.06241676
114,05,20,07,39,2,09北投區,北投區實踐街與實踐街82巷口,0,0,2,1,B03,8,7,5,30,4,2,1,5,4,5,13,4,4,10,5,5,2,3,1,54,3,10,7,1,7,5,1,8,2,1,70,1,21,121.5107669,25.1152323
114,05,20,07,40,2,11南港區,南港區忠孝東路6段276號對面,0,0,1,1,B01,8,6,5,50,14,7,1,5,4,5,13,4,4,1,4,4,2,11,1,68,3,10,3,4,7,12,1,4,1,3,14,1,21,121.5888999,25.0492877
114,05,20,08,00,2,02萬華區,萬華區環河快速道路往南(中興橋前),0,0,1,1,B03,8,6,5,60,14,7,1,5,4,5,13,4,4,1,5,5,2,13,1,51,3,10,7,1,7,7,1,8,1,5,100,1,26,121.5018894,25.0454434
114,05,20,08,00,2,06松山區,松山區南京東路3段與南京東路3段338巷口,0,0,3,1,C03,8,6,5,50,3,4,1,5,4,5,13,3,1,1,4,4,2,13,2,42,2,5,6,1,7,12,1,10,1,13,42,1,22,121.5473454,25.0516898
114,05,20,08,26,2,08士林區,士林區承德路5段與士商路口,0,0,1,1,B12,8,7,5,50,4,1,1,5,4,5,13,1,1,1,5,5,2,17,1,67,3,10,7,1,7,6,1,8,1,2,9,1,21,121.5142605,25.0960563
114,05,20,08,27,2,07信義區,信義區莊敬路391巷11弄與莊敬路391巷口,0,0,1,1,C03,8,7,5,30,3,1,1,5,4,5,13,4,4,9,5,5,2,13,2,48,2,7,3,4,7,9,1,9,1,11,16,1,21,121.5659032,25.0285511
114,05,20,08,54,2,04大安區,大安區和平東路2段134號,0,0,1,1,C04,8,6,5,50,14,9,1,5,4,5,13,2,1,3,3,5,2,16,1,80,2,9,6,1,7,15,1,10,2,14,100,1,21,121.5446115,25.0247172
114,05,20,09,06,2,05中正區,中正區中華路1段23號,0,0,1,1,C03,7,7,5,50,14,9,1,5,4,5,13,4,4,9,4,5,2,12,1,54,3,10,5,1,7,9,1,10,1,14,44,1,21,121.5097076,25.04646564
114,05,20,09,15,2,08士林區,士林區延平北路7段106巷327弄33號,0,0,1,1,B03,7,5,8,30,22,22,1,5,4,5,13,4,4,10,5,5,1,17,2,52,3,10,7,1,7,1,1,8,1,5,19,1,21,121.4954166,25.1054716
114,05,20,09,20,2,12內湖區,內湖區康樂街111巷與康樂街61巷口,0,0,1,1,B12,8,6,5,30,4,1,1,5,4,5,13,4,4,10,5,5,2,17,1,53,3,10,7,1,7,9,1,8,2,2,72,1,21,121.6198097,25.0706377
114,05,20,09,26,2,02萬華區,萬華區德昌街132巷與民和街口,0,0,1,1,C03,8,7,5,30,4,1,1,5,4,5,13,4,4,10,5,5,2,15,1,64,2,9,5,1,7,9,1,10,1,12,72,1,21,121.4962616,25.0249302
114,05,20,09,30,2,12內湖區,內湖區港墘路與洲子街口,0,0,1,1,B03,8,7,5,50,4,1,1,5,4,5,13,2,1,1,4,5,2,16,1,47,3,10,3,4,7,5,1,8,2,5,71,1,21,121.575971,25.0781415
114,05,20,09,34,2,01大同區,大同區敦煌路194號,0,0,1,1,B02,8,6,5,50,14,9,1,5,4,5,13,4,4,1,5,5,2,17,2,44,3,10,7,1,7,1,1,4,2,5,19,1,21,121.5123069,25.0764283
114,05,20,09,50,2,12內湖區,內湖區康寧路1段與康寧路1段48巷口,0,0,2,1,C03,7,5,5,50,4,2,1,5,4,5,13,4,4,5,5,5,2,17,2,29,2,9,5,1,7,9,1,9,2,11,108,1,21,121.5918592,25.0803283
114,05,20,10,47,2,10文山區,文山區萬壽路(南往北B73288054電桿旁）,0,0,1,1,B03,8,6,5,30,14,9,1,5,4,5,13,4,4,10,5,5,1,12,1,20,3,10,7,1,7,1,1,8,1,8,19,1,21,121.5882921,24.9847409
114,05,20,10,54,2,06松山區,松山區塔悠路81號,0,0,2,1,B13,8,6,5,50,14,9,1,5,4,5,13,2,1,3,4,5,2,17,1,36,3,10,3,4,7,6,1,8,2,5,108,1,22,121.5704403,25.0518118
114,05,20,10,58,2,04大安區,大安區基隆路2段132巷與基隆路2段144巷口,0,0,1,1,C03,8,6,5,30,4,1,1,5,4,5,13,4,4,10,5,5,2,15,1,35,2,9,3,4,7,9,1,10,1,11,72,1,22,121.5560703,25.0282867
114,05,20,11,15,2,08士林區,士林區芝玉路1段193號,0,0,1,1,C03,8,6,5,30,11,9,1,5,4,5,13,4,4,10,5,5,2,13,2,46,2,9,6,4,7,9,1,10,2,11,16,1,21,121.5337468,25.1073526
114,05,20,11,23,2,03中山區,中山區民權東路2段與吉林路口,0,0,1,1,B03,7,7,5,50,4,1,1,5,4,5,13,4,4,10,5,5,2,17,1,68,3,10,7,1,7,6,1,8,2,5,9,1,21,121.5303147,25.062795
114,05,20,11,40,2,09北投區,北投區西安街2段與致遠三路55巷口,0,0,1,1,C03,8,6,5,50,4,2,1,5,4,5,13,2,1,1,4,5,2,12,1,62,2,7,5,1,7,8,1,10,1,14,100,1,21,121.5086326,25.1201849
114,05,20,11,42,2,10文山區,文山區保儀路155號前,0,0,2,1,F02,8,6,5,30,14,9,1,5,4,5,13,4,4,9,5,5,2,11,1,68,2,8,4,1,7,9,8,20,1,14,118,1,21,121.5663907,24.9842228
114,05,20,11,46,2,03中山區,中山區民權東路1段與新生北路2段口,0,0,1,1,C03,7,6,5,50,14,9,1,5,4,5,13,1,1,5,4,5,2,13,1,20,3,10,5,4,7,9,1,10,1,12,108,1,21,121.5285793,25.0622665
114,05,20,12,05,2,05中正區,中正區中華路1段與長沙街1段口,0,0,2,1,B01,8,6,5,50,4,1,1,5,4,5,13,1,1,1,4,5,2,16,1,43,3,10,7,1,7,6,1,4,2,6,9,1,21,121.5080166,25.0404194
114,05,20,13,40,2,03中山區,中山區南京東路2段67號,0,0,1,1,B01,8,7,5,40,14,9,1,5,4,5,13,4,4,10,5,5,2,17,1,68,3,10,7,1,7,1,1,4,11,17,19,1,21,121.5304298,25.05183438
114,05,20,13,55,2,09北投區,北投區大業路與大同街口,0,0,1,1,C03,7,5,8,50,4,2,1,5,4,5,13,1,1,5,4,5,2,17,1,35,3,10,3,4,7,5,1,10,2,11,71,1,21,121.4990959,25.1369489
114,05,20,14,37,2,04大安區,大安區大安路1段與大安路1段176巷口,0,0,1,1,B03,8,5,5,30,4,1,1,5,4,5,13,4,4,9,4,5,1,15,1,35,3,10,3,4,7,9,1,8,1,5,72,1,21,121.5460713,25.0364504
114,05,20,14,51,2,04大安區,大安區延吉街131巷50弄1號對面125號停車格,0,0,1,1,B03,8,5,5,30,14,9,1,5,4,5,13,4,4,1,5,5,2,17,2,51,3,10,3,4,7,5,1,8,1,15,80,1,21,121.5552359,25.0435384
114,05,20,14,54,2,02萬華區,萬華區青年路168巷51弄與青年路168巷口,0,0,1,1,B02,7,7,5,30,4,2,1,5,4,5,13,4,4,9,5,5,2,2,1,68,3,10,3,4,7,9,1,4,1,2,108,1,22,121.5012511,25.0195932
114,05,20,14,55,2,11南港區,南港區三重路19-11號,0,0,1,1,B13,7,6,5,50,14,9,1,5,4,5,13,4,4,5,4,5,2,12,1,49,3,10,3,4,7,7,1,8,1,15,100,1,21,121.614225,25.0585052
114,05,20,15,39,2,07信義區,信義區松山路與松德路口口,0,0,1,1,B03,8,6,5,50,5,1,1,5,4,5,13,2,1,1,4,5,2,17,1,72,3,10,3,4,7,6,1,8,9,2,74,1,21,121.5777379,25.0395894
114,05,20,16,02,2,12內湖區,內湖區內湖路1段411巷與港華街口口,0,0,1,1,B03,7,7,5,30,4,1,1,5,4,5,13,2,1,4,5,5,2,16,1,49,3,10,7,1,7,5,1,8,1,1,8,1,21,121.5718966,25.0839609
114,05,20,16,18,2,08士林區,士林區承德路5段與文林路587巷口,0,0,2,1,B01,8,6,5,60,4,2,1,5,4,5,13,2,1,1,4,4,1,17,1,54,2,9,2,1,7,15,1,4,9,1,44,1,21,121.5134765,25.0979406
114,05,20,16,18,2,11南港區,南港區南港路1段360號,0,0,2,1,C03,7,6,5,0,19,20,4,5,4,5,13,4,4,10,5,5,2,9,2,57,2,9,5,1,7,3,1,10,1,11,18,1,21,121.6067785,25.0544602
114,05,20,17,01,2,10文山區,文山區指南路2段與萬壽路口,0,0,1,1,B02,8,5,5,50,4,1,1,5,4,5,13,2,1,5,4,5,2,3,1,43,3,10,3,4,7,5,1,8,2,1,70,1,22,121.5761783,24.9876352
114,05,20,18,08,2,03中山區,中山區林森北路530號,0,0,1,1,C03,7,5,5,50,14,9,1,5,4,5,13,4,4,9,4,5,2,12,2,46,2,9,6,4,7,8,3,18,1,14,100,1,22,121.5256316,25.06204406
114,05,20,18,18,2,10文山區,文山區北新橋南往北0708833號燈桿,0,0,1,1,C03,8,6,5,50,8,9,1,5,4,5,13,4,4,1,4,5,2,12,1,31,2,9,6,1,7,8,1,10,1,12,100,1,21,121.5396698,24.9896818
114,05,20,18,24,2,08士林區,士林區延平北路7段106巷與延平北路7段口,0,0,1,1,F01,7,5,5,50,3,1,1,5,4,5,13,4,4,10,5,5,2,15,1,17,2,8,5,1,7,1,8,20,1,14,19,1,21,121.4973474,25.09669046
114,05,20,18,36,2,10文山區,文山區興隆路2段94號,0,0,1,1,B03,7,5,5,50,14,9,1,5,4,5,13,4,4,1,4,5,2,16,1,31,3,10,7,1,7,6,1,8,2,5,9,1,21,121.5494147,25.0006367
114,05,20,18,45,2,03中山區,中山區龍江路與龍江路106巷口,0,0,1,1,B03,7,6,5,50,4,1,1,5,4,5,13,4,4,5,5,5,2,16,1,55,3,10,7,1,7,5,1,8,1,1,74,1,22,121.5404655,25.0528135
114,05,20,18,50,2,03中山區,中山區八德路2段與渭水路口,0,0,1,1,F01,8,5,5,50,3,1,1,5,4,5,13,2,1,5,2,5,1,17,2,39,2,9,4,1,7,1,8,20,1,12,42,1,21,121.5353611,25.0455356
114,05,20,19,05,2,03中山區,中山區市民大道2段5巷與市民大道2段口,0,0,2,1,C03,7,5,5,40,3,2,1,5,4,5,13,4,4,1,4,5,1,17,2,60,2,9,5,1,7,9,1,10,1,11,44,1,21,121.5215727,25.04819137
114,05,20,19,06,2,03中山區,中山區民生東路3段與復興北路口,0,0,1,1,B02,8,5,5,50,4,1,1,5,4,5,13,4,4,7,2,5,2,17,1,51,3,10,7,1,7,9,1,8,1,1,108,1,21,121.5438173,25.0576894
114,05,20,19,15,2,05中正區,中正區貴陽街1段與延平南路口,0,0,2,1,C03,7,5,5,50,4,1,1,5,4,5,13,2,1,5,4,5,2,16,2,35,2,8,6,1,7,11,1,10,2,12,10,1,21,121.5088122,25.0390887
114,05,20,19,23,2,08士林區,士林區中山北路6段與德行東路口,0,0,1,1,B03,8,5,5,50,4,1,1,5,4,5,13,1,1,5,5,5,2,17,1,51,3,10,3,4,7,6,1,8,1,8,9,1,21,121.5250663,25.1065686
114,05,20,19,33,2,07信義區,信義區吳興街220巷37弄與吳興街190巷口,0,0,1,1,F01,7,5,5,30,3,2,1,5,4,5,13,4,4,10,5,5,2,17,1,18,3,10,4,1,7,1,8,20,1,11,19,1,21,121.5616198,25.0277501
114,05,20,19,58,2,09北投區,北投區育仁路103號,0,0,2,1,C03,8,5,5,30,14,9,1,5,4,5,13,4,4,9,5,5,2,16,1,24,2,9,6,1,7,5,1,10,1,12,8,1,22,121.4997962,25.1350652
114,05,20,20,11,2,09北投區,北投區吉利街與吉利街123巷口,0,0,1,1,B03,8,5,5,50,14,9,1,5,4,5,13,1,1,10,5,5,2,13,1,46,3,10,7,1,7,9,1,8,1,1,16,1,21,121.5064823,25.1187293