發生年度,發生月,發生日,發生時-Hours,發生分,處理別-編號,區序,肇事地點,死亡人數,2-30日死亡人數,受傷人數,當事人序號,車種,天候,光線,道路類別,速限-速度限制,道路型態,事故位置,路面狀況1,路面狀況2,路面狀況3,道路障礙1,道路障礙2,號誌1,號誌2,車道劃分-分向,車道劃分-分道1,車道劃分-分道2,車道劃分-分道3,事故類型及型態,性別,年齡,受傷程度,主要傷處,保護裝置,行動電話,車輛用途,當事者行動狀態,駕駛資格情形,駕駛執照種類,飲酒情形,車輛撞擊部位1,肇因碼-個別,個人肇逃否,職業,座標-X,座標-Y
114,05,20,20,19,2,06松山區,松山區南京東路4段與健康路口口,0,0,4,1,A02,7,5,5,40,4,1,1,5,4,5,13,1,1,1,4,4,2,23,1,49,3,10,7,1,7,9,1,2,2,8,108,1,21,121.5520051,25.0517856
114,05,20,20,45,2,07信義區,信義區福德街與福德街193巷口,0,0,2,1,C03,7,5,5,30,3,1,1,5,4,5,13,2,1,8,3,5,2,17,2,36,2,9,3,4,7,15,1,10,1,11,118,1,21,121.5843317,25.0383561
114,05,20,20,50,2,12內湖區,內湖區民權東路6段109號與成功路2段口引道,0,0,1,1,B01,7,5,5,50,3,2,1,5,4,5,13,4,4,1,4,5,2,16,1,38,3,10,7,1,7,6,1,4,1,5,9,1,21,121.5915411,25.0690279
114,05,20,21,04,2,08士林區,士林區延平北路6段與社中街口,0,0,1,1,C03,8,5,5,50,5,1,1,5,4,5,13,1,1,1,1,4,1,17,1,45,2,9,5,1,7,5,1,10,1,14,83,1,21,121.5011555,25.0903964
114,05,20,22,00,2,02萬華區,萬華區桂林路與康定路口,0,0,2,1,C03,8,5,5,50,4,1,1,5,4,5,13,2,1,5,4,5,2,17,1,60,2,9,6,1,7,5,1,10,1,11,8,1,21,121.5017089,25.03828518
114,05,20,22,17,2,05中正區,中正區杭州南路2段與金華街口,0,0,1,1,B02,7,5,5,50,4,1,1,5,4,5,13,1,1,5,4,5,2,17,1,19,3,10,7,1,7,11,1,8,1,8,10,1,22,121.522212,25.0308207
114,05,20,23,05,2,04大安區,大安區大安路1段與大安路1段75巷口,0,0,2,1,C03,8,5,5,50,4,1,1,5,4,5,13,4,4,9,4,5,1,15,1,30,2,7,3,4,7,9,1,10,1,11,99,1,21,121.5462059,25.0421142
114,05,21,01,00,2,10文山區,文山區新光路2段（19號大客車專用停車格）,0,0,1,1,B03,7,5,5,50,11,9,1,5,4,5,13,4,4,5,5,5,2,17,1,40,2,9,3,4,7,9,1,8,9,4,42,1,22,121.5867235,24.9995986
114,05,21,05,10,2,09北投區,北投區大度路167號前機車優先道,0,0,2,1,C03,8,6,5,50,14,12,1,5,4,5,13,1,1,1,4,1,1,17,1,36,2,9,5,1,7,6,1,10,1,13,9,1,21,121.4917641,25.1214468
114,05,21,07,24,2,01大同區,大同區錦西街51號,0,0,1,1,C03,7,6,5,50,14,9,1,5,4,5,13,4,4,7,5,5,2,17,2,33,2,8,6,1,7,5,1,10,2,11,8,1,21,121.5164877,25.0599899
114,05,21,07,31,2,02萬華區,萬華區忠孝西路2段與西寧南路口,0,0,1,1,C03,7,7,5,50,4,1,1,5,4,5,13,1,1,1,5,5,2,17,1,58,2,9,5,1,7,6,3,18,1,11,9,1,21,121.5075833,25.0484874
114,05,21,07,36,2,04大安區,大安區和平東路2段94號,0,0,2,1,C03,8,5,5,50,14,9,1,5,4,5,13,2,1,8,3,5,1,12,2,63,2,9,5,1,7,15,3,18,1,12,100,1,21,121.5405139,25.0251211
114,05,21,07,45,2,01大同區,大同區承德路2段與民權西路口,0,0,2,1,C03,8,5,5,50,4,4,1,5,4,5,13,1,1,1,4,5,2,12,2,58,2,8,5,1,7,9,1,10,1,12,108,1,21,121.5178947,25.0628237
114,05,21,07,45,2,06松山區,松山區撫遠街400巷2號,0,0,1,1,B02,7,7,5,30,14,9,1,5,4,5,13,4,4,10,5,5,2,6,1,56,3,10,7,1,7,9,1,8,9,5,44,1,26,121.5654718,25.0649109
114,05,21,07,54,2,10文山區,文山區開元街48號,0,0,1,1,C03,8,6,5,30,14,9,1,5,4,5,13,4,4,10,5,5,2,12,2,41,2,8,5,1,7,1,1,10,1,14,19,1,21,121.5701119,24.9891534
114,05,21,08,05,2,03中山區,中山區復興北路與民權東路3段口,0,0,1,1,B03,8,6,5,50,4,2,1,5,4,5,13,4,4,1,5,5,2,12,1,55,3,10,7,1,7,9,1,8,1,2,108,1,22,121.5439297,25.0623702
114,05,21,08,05,2,04大安區,大安區樂業街與樂業街108巷口,0,0,1,1,F02,8,6,5,50,3,1,1,5,4,5,13,4,4,4,3,5,2,16,2,32,2,9,4,4,7,5,8,20,2,14,8,1,21,121.5516986,25.0211895
114,05,21,08,05,2,10文山區,文山區萬樂街與萬和街口,0,0,1,1,B03,6,6,5,40,3,1,1,4,4,5,13,4,4,10,5,5,1,15,1,33,3,10,7,1,7,9,1,8,1,1,72,1,21,121.5690494,24.9994031
114,05,21,08,11,2,08士林區,士林區承德路4段344號,0,0,2,1,C03,8,7,5,40,14,7,1,5,4,5,13,4,4,1,5,5,2,17,1,36,2,7,6,1,7,7,1,10,2,14,100,1,21,121.5173952,25.09025079
114,05,21,08,11,2,07信義區,信義區松勤街107號,0,0,1,1,C03,8,7,5,50,14,9,1,5,4,5,13,4,4,9,4,5,2,16,1,18,2,9,5,4,7,4,1,10,1,12,108,1,21,121.5658222,25.0319472
114,05,21,08,15,2,12內湖區,內湖區潭美街215號,0,0,2,1,C03,7,6,5,40,3,1,1,5,4,5,13,2,1,5,5,5,2,17,2,38,4,11,5,4,7,6,1,10,9,17,9,1,21,121.5849747,25.0558971
114,05,21,08,27,2,04大安區,大安區東豐街與仁愛路4段8巷口,0,0,1,1,B03,8,6,5,30,3,2,1,5,4,3,13,4,4,5,4,5,2,17,1,51,3,10,3,4,7,5,1,8,1,17,72,1,21,121.5443933,25.0360719
114,05,21,09,00,2,08士林區,士林區中山北路5段65號北往南捷運燈具編號R150019號,0,0,1,1,C03,7,7,5,50,14,9,1,5,4,5,13,4,4,1,4,5,1,17,1,18,2,7,5,1,7,7,1,10,2,11,108,1,21,121.5253574,25.08469349
114,05,21,09,03,2,05中正區,中正區汀州路2段與重慶南路3段口,0,0,1,1,B03,7,7,5,50,4,1,1,5,4,5,13,1,1,5,5,5,2,17,2,65,3,10,7,1,7,6,1,8,1,2,9,1,22,121.5164634,25.0257066
114,05,21,09,10,2,10文山區,文山區萬芳路與萬芳路105巷口,0,0,1,1,B03,8,6,5,50,5,4,1,5,4,5,13,2,1,5,4,5,2,13,2,42,3,10,7,1,7,9,1,8,1,1,16,1,21,121.5623624,24.9974235
114,05,21,09,17,2,02萬華區,萬華區莒光路217號,0,0,1,1,C03,7,7,5,50,14,9,1,5,4,5,13,4,4,10,5,5,2,17,1,18,2,9,5,1,7,9,1,10,1,11,108,1,21,121.5014145,25.0311229
114,05,21,09,35,2,03中山區,中山區民族東路78號,0,0,1,1,C03,8,7,5,50,14,9,1,5,4,5,13,4,4,5,4,5,2,13,2,48,3,10,5,1,7,9,1,11,1,11,16,1,22,121.5276343,25.06796213
114,05,21,09,46,2,05中正區,中正區重慶南路1段與寶慶路口,0,0,3,1,B02,8,5,5,50,4,1,1,5,4,5,13,1,1,9,4,5,2,17,1,65,2,9,7,1,7,9,1,4,2,5,81,1,21,121.5131021,25.0410437
114,05,21,09,50,2,01大同區,大同區西寧北路南向北（第0802443號燈桿處）,0,0,1,1,B03,8,6,5,50,14,9,1,5,4,5,13,4,4,5,4,5,2,12,1,84,3,10,7,1,7,9,1,8,2,2,44,1,21,121.507872,25.0493759
114,05,21,10,22,2,04大安區,大安區師大路與師大路117巷口,0,0,2,1,C03,8,7,5,50,4,1,1,5,4,5,13,4,4,4,3,5,2,16,2,46,2,9,6,1,7,9,1,10,1,12,14,1,21,121.5283474,25.0221656
114,05,21,11,19,2,04大安區,大安區信義路4段265巷與仁愛路4段300巷35弄口,0,0,1,1,B01,7,6,5,30,14,9,1,5,4,5,13,4,4,5,5,5,2,17,1,63,3,10,3,4,7,15,1,4,1,4,40,1,22,121.5549419,25.03461
114,05,21,11,50,2,03中山區,中山區市民大道2段與八德路2段口,0,0,1,1,B03,7,7,5,40,4,1,1,5,4,5,13,1,1,5,4,5,2,17,1,44,3,10,3,4,7,6,1,8,1,2,9,1,21,121.5349153,25.0450475
114,05,21,12,01,2,05中正區,中正區新生高架道下八德匝道,0,0,3,1,B03,7,5,5,40,14,16,1,5,4,5,13,4,4,10,4,5,2,17,1,73,3,10,7,1,7,9,1,8,2,1,16,1,21,121.5300537,25.0440948
114,05,21,12,16,2,05中正區,中正區汀州路2段178巷與金門街24巷口,0,0,1,1,C03,8,7,5,30,4,1,1,5,4,5,13,4,4,10,5,5,2,15,2,34,2,9,5,1,7,9,1,10,2,12,75,1,22,121.521468,25.0228907
114,05,21,12,42,2,10文山區,文山區秀明路2段與秀明路2段24巷口口,0,0,1,1,C03,8,6,5,50,3,1,1,5,4,5,13,4,4,5,5,5,2,12,1,31,3,10,5,1,7,9,1,10,1,12,44,1,21,121.5744425,24.9917405
114,05,21,13,39,2,03中山區,中山區民族東路與松江路口,0,0,1,1,B03,7,5,5,50,5,1,1,5,4,5,13,1,1,1,4,4,2,16,1,26,3,10,3,4,7,11,1,8,2,2,92,1,21,121.5328946,25.0683119
114,05,21,15,45,2,01大同區,大同區延平北路4段與迪化街2段268巷口,0,0,1,1,B03,8,6,5,50,3,2,1,5,4,5,13,4,4,5,2,5,2,17,1,23,3,10,7,1,7,11,1,8,1,7,10,1,21,121.5108865,25.0706308
114,05,21,15,54,2,05中正區,中正區中華路1段與漢口街1段口,0,0,1,1,C03,8,6,5,50,4,2,1,5,4,5,13,1,1,1,4,1,1,13,1,21,2,8,6,1,7,9,1,10,1,11,44,1,22,121.5092492,25.0448961
114,05,21,15,57,2,08士林區,士林區忠誠路2段21巷與忠誠路2段21巷45弄口,0,0,1,1,C03,8,6,5,30,4,1,1,5,4,5,13,4,4,10,5,5,2,15,1,64,2,9,6,1,7,9,6,10,1,11,75,1,21,121.5330277,25.1099598
114,05,21,16,03,2,08士林區,士林區中正路與文林路口,0,0,1,1,,7,5,8,0,22,22,1,5,4,5,13,2,1,1,5,5,1,9,4,0,,,,,,,,,11,,119,2,,121.5315846,25.10526716
114,05,21,16,11,2,10文山區,文山區和平東路4段與萬寧街口,0,0,1,1,B03,7,6,5,50,4,1,1,5,4,5,13,1,1,5,5,5,2,16,1,75,3,10,7,1,7,6,1,8,1,5,9,1,21,121.5676275,25.0051665
114,05,21,16,13,2,12內湖區,內湖區康寧路3段與康寧路3段70巷口,0,0,1,1,B01,7,7,6,50,4,1,1,5,4,5,13,1,1,1,5,5,2,17,1,53,3,10,7,1,7,5,1,8,1,2,74,1,21,121.6112198,25.0704199
114,05,21,16,25,2,02萬華區,萬華區莒光路209號,0,0,1,1,B13,8,6,5,50,14,9,1,5,4,5,13,4,4,10,5,5,2,14,1,39,3,10,7,1,7,2,1,4,1,3,12,1,21,121.501735,25.0311249
114,05,21,16,29,2,05中正區,中正區中華路2段327號,0,0,1,1,C03,8,7,5,40,14,8,1,5,4,5,13,4,4,9,4,4,2,12,2,38,2,7,5,1,7,10,6,10,1,11,100,1,21,121.5063844,25.0275745
114,05,21,16,44,2,03中山區,中山區民權東路2段50號,0,0,1,1,C03,8,5,5,50,14,9,1,5,4,5,13,4,4,1,4,5,2,13,1,23,2,9,6,1,7,9,1,10,1,11,16,1,22,121.5307094,25.0624984
114,05,21,17,04,2,08士林區,士林區福林路與自祥街口,0,0,1,1,C03,8,5,5,50,3,2,1,5,4,5,13,2,1,5,4,5,2,16,1,21,3,10,5,1,7,8,1,10,1,12,100,1,21,121.5328672,25.09688948
114,05,21,17,09,2,12內湖區,內湖區行愛路與行忠路口側附近口,0,0,3,1,B03,7,7,5,50,4,1,1,5,4,5,13,2,1,4,3,5,2,16,2,27,2,3,7,1,7,5,1,8,2,1,98,1,21,121.5787975,25.0659502
114,05,21,17,30,2,03中山區,中山區市民大道2段與林森北路口,0,0,2,1,C04,7,6,5,50,4,1,1,5,4,5,13,2,1,9,4,1,2,16,1,36,2,9,6,4,7,6,1,11,1,11,9,1,22,121.5243084,25.04822813
114,05,21,17,30,2,06松山區,松山區民生東路4段與敦化北路199巷口,0,0,1,1,F01,7,6,5,50,3,1,1,5,4,5,13,1,1,1,3,5,2,17,2,39,2,9,4,1,7,5,8,20,1,12,118,1,21,121.5505031,25.0577379
114,05,21,17,39,2,08士林區,士林區雨農路30-1號,0,0,1,1,B03,8,6,5,50,14,9,1,5,4,5,13,4,4,9,5,5,1,17,2,67,3,10,7,1,7,1,1,8,2,8,19,1,21,121.5325208,25.0988794
114,05,21,17,50,2,03中山區,中山區民權東路3段與建國北路2段口,0,0,1,1,C03,7,5,5,50,4,2,1,5,4,5,13,2,1,5,5,5,2,13,1,36,2,9,6,1,7,9,1,10,2,11,16,1,22,121.5370575,25.0622881
114,05,21,19,11,2,04大安區,大安區文昌街250巷與通化街19巷口,0,0,2,1,C03,8,5,5,30,4,1,1,5,4,5,13,4,4,10,5,5,2,15,2,25,2,9,3,4,7,9,1,10,1,12,72,1,21,121.5557167,25.0316541
114,05,21,19,16,2,11南港區,南港區忠孝東路7段西往東,0,0,2,1,C03,7,5,5,50,14,7,1,5,4,5,13,4,4,1,4,4,2,13,1,29,2,8,6,1,7,9,1,10,1,11,16,1,21,121.6023427,25.0515309
114,05,21,19,18,2,12內湖區,內湖區成功路2段南向北（成功橋下）,0,0,2,1,B03,7,5,5,50,14,9,1,5,4,5,13,4,4,1,3,5,1,13,1,50,3,10,7,1,7,9,1,8,8,1,21,1,21,121.5911992,25.0612752
114,05,21,22,20,2,06松山區,松山區民權東路3段160巷與敦化北路244巷口口,0,0,1,1,B01,7,5,5,30,5,1,1,5,4,5,13,4,4,10,5,5,2,3,1,61,3,10,7,1,7,5,1,4,1,1,70,1,21,121.5480168,25.0609204
114,05,21,22,29,2,12內湖區,內湖區內湖路1段737巷50弄7號,0,0,2,1,H01,8,5,5,0,14,9,1,5,4,5,13,4,4,5,4,5,2,6,2,14,2,9,4,5,8,18,8,20,10,16,123,1,21,121.5787171,25.0805453
114,05,21,23,17,2,05中正區,中正區忠孝東路2段121巷與忠孝東路2段口,0,0,2,1,B01,7,5,5,50,3,2,1,5,4,5,13,4,4,1,4,5,2,13,1,41,3,10,7,1,7,9,1,1,2,8,76,1,21,121.5319504,25.0426306
114,05,21,23,20,2,08士林區,士林區百齡左岸河濱公園堤外停車場出入口前,0,0,1,1,B03,8,5,5,30,14,9,1,5,4,5,13,4,4,10,5,5,2,16,2,21,3,10,7,1,7,1,3,18,1,4,19,1,21,121.5113874,25.09085
114,05,22,00,19,2,09北投區,北投區中央北路3段與中央北路3段220巷口口,0,0,1,1,B03,7,5,5,50,3,1,1,5,4,5,13,1,1,10,5,5,2,12,1,38,3,10,7,1,7,11,1,8,2,17,103,1,21,121.4806588,25.1362863
114,05,22,00,30,2,06松山區,松山區民權東路4段與光復北路口,0,0,1,1,C03,8,5,5,40,4,2,1,5,4,5,13,1,1,1,4,4,2,18,1,35,2,9,5,1,7,6,1,10,1,14,42,1,26,121.5545767,25.0616617
114,05,22,05,45,2,07信義區,信義區福德街221巷248號,0,0,2,1,C03,8,7,6,30,12,9,1,5,4,5,13,4,4,10,5,5,2,18,1,75,2,9,5,1,7,6,1,10,9,12,42,1,21,121.586425,25.03118
114,05,22,06,01,2,10文山區,文山區和平東路4段與木柵路4段口,0,0,1,1,B12,8,5,5,50,3,1,1,5,4,5,13,2,1,5,4,5,2,17,1,63,3,10,3,4,7,1,1,8,1,5,19,1,22,121.5744194,24.9984681
114,05,22,06,14,2,01大同區,大同區大稻埕堤外便道三號水門外,0,0,1,1,H01,8,7,5,40,11,9,1,5,4,5,13,4,4,9,4,5,1,9,2,48,3,10,4,5,8,16,8,20,10,16,53,1,21,121.5064069,25.0518029
114,05,22,07,06,2,09北投區,北投區大度路3段與中央北路4段口,0,0,2,1,C02,8,6,5,50,4,1,1,5,4,5,13,2,1,1,4,5,2,13,1,34,2,9,5,1,7,9,1,9,1,11,16,1,21,121.4640679,25.1238821
114,05,22,07,36,2,12內湖區,內湖區內湖路2段376巷與內湖路2段口口,0,0,1,1,B03,8,7,5,30,3,1,1,5,4,5,13,4,4,5,5,5,2,17,1,44,3,10,7,1,7,1,1,8,2,8,72,1,21,121.591115,25.0826343
114,05,22,07,50,2,04大安區,大安區和平東路1段74巷口側附近,0,0,2,1,C03,8,5,5,40,14,9,1,5,4,5,13,4,4,1,4,4,2,17,1,69,2,7,3,4,7,7,1,10,1,11,108,1,21,121.5236185,25.0269283
114,05,22,08,01,2,10文山區,文山區木柵路1段381號,0,0,1,1,B03,8,5,5,50,14,9,1,5,4,5,13,4,4,5,4,5,2,16,1,46,3,10,7,1,7,11,1,8,2,8,10,1,21,121.5580954,24.9887555
114,05,22,08,10,2,12內湖區,內湖區瑞光路478巷18弄與瑞光路548巷口,0,0,2,1,C03,7,7,5,50,4,1,1,5,4,5,13,4,4,4,5,5,2,13,1,18,2,9,6,1,7,9,1,10,1,11,81,1,21,121.5672477,25.0790419
114,05,22,08,14,2,05中正區,中正區新生南路1段與信義路2段口,0,0,1,1,B03,8,7,5,50,4,1,1,5,4,5,13,1,1,1,3,1,2,13,1,24,3,10,7,1,7,9,1,8,1,1,16,1,21,121.5324229,25.0336937
114,05,22,08,16,2,03中山區,中山區長安東路1段30巷8弄與長安東路1段30巷口,0,0,1,1,C03,8,7,5,30,4,1,1,5,4,5,13,4,4,9,5,5,2,15,2,51,2,9,5,1,7,9,1,10,1,14,72,1,21,121.5261104,25.0478734
114,05,22,08,16,2,07信義區,信義區福德街與中坡南路口側附近口,0,0,1,1,C03,8,7,5,30,3,1,1,5,4,5,13,2,1,5,5,5,2,13,1,78,2,9,5,4,7,5,1,10,1,11,108,1,21,121.5840959,25.0383552
114,05,22,08,24,2,02萬華區,萬華區萬大路534巷與武成街28巷口,0,0,1,1,C03,8,5,5,30,4,1,1,5,4,5,13,4,4,10,5,5,2,15,1,74,2,1,5,4,7,9,1,10,2,11,75,1,21,121.4957391,25.019151
114,05,22,08,39,2,08士林區,士林區仰德大道2段與仰德大道2段134巷口,0,0,1,1,C03,8,6,5,30,3,2,1,5,4,5,13,1,1,5,5,5,1,13,1,23,2,9,5,1,7,9,1,10,2,11,108,1,21,121.5474497,25.109689
114,05,22,08,43,2,06松山區,松山區南京東路5段300號,0,0,2,1,C03,7,6,5,50,14,9,1,5,4,5,13,4,4,1,3,5,2,17,1,40,2,9,6,1,7,9,1,10,1,11,16,1,22,121.5674077,25.0511956
114,05,22,08,45,2,12內湖區,內湖區民權東路6段與民權東路6段191巷口,0,0,1,1,C03,7,5,5,50,4,2,1,5,4,5,13,1,1,1,5,5,2,17,1,52,3,10,5,1,7,15,1,10,1,12,17,1,21,121.5976299,25.0676131
114,05,22,08,49,2,04大安區,大安區基隆路2段291巷與樂業街72巷口,0,0,3,1,C03,8,5,5,30,4,1,1,5,4,5,13,4,4,10,5,5,1,15,1,26,2,9,5,1,7,9,1,10,1,12,72,1,21,121.5497019,25.0210898
114,05,22,08,56,2,07信義區,信義區和平東路3段燈桿0508329,0,0,1,1,C03,7,7,5,40,11,9,1,5,4,5,13,4,4,9,5,5,2,18,1,48,2,9,5,1,7,9,1,10,1,12,42,1,21,121.5650937,25.0101382
114,05,22,09,00,2,03中山區,中山區新生北路2段與民權東路1段口,0,0,1,1,G06,7,7,5,50,4,1,1,5,4,5,13,2,1,1,4,5,1,15,1,23,2,9,4,1,7,9,8,20,1,16,81,1,21,121.5275867,25.06248109
114,05,22,09,11,2,12內湖區,內湖區民權東路6段123巷28號,0,0,1,1,B03,8,6,5,30,14,9,1,5,4,5,13,4,4,9,5,5,2,17,1,25,3,10,7,1,7,9,1,8,2,5,107,1,21,121.5928905,25.0700773
114,05,22,09,20,2,01大同區,大同區延平北路3段11號,0,0,1,1,C03,8,7,5,50,14,9,1,5,4,5,13,4,4,9,4,5,2,16,2,18,3,10,5,1,7,6,1,10,1,13,9,1,21,121.5112227,25.0637734
114,05,22,09,30,2,07信義區,信義區市民大道5段燈桿編號0604024,0,0,1,1,B03,8,7,5,40,14,9,1,5,4,5,13,4,4,1,5,5,2,12,1,42,3,10,3,4,7,4,1,8,2,2,108,1,21,121.5563603,25.0543991
114,05,22,09,36,2,02萬華區,萬華區艋舺大道182號,0,0,2,1,C03,8,7,5,50,14,9,1,5,4,5,13,4,4,1,4,5,2,12,2,40,2,9,5,1,7,8,1,10,1,12,100,1,21,121.5002386,25.0328418
114,05,22,09,47,2,08士林區,士林區通河西街2段堤外便道,0,0,2,1,C03,7,6,5,50,14,9,1,5,4,5,13,4,4,9,4,5,1,16,1,74,3,10,5,1,7,5,1,10,9,17,44,2,22,121.5120993,25.08821512
114,05,22,09,49,2,05中正區,中正區市民大道2段與天津街口,0,0,1,1,B03,8,6,5,40,4,1,1,5,4,5,13,2,1,1,4,5,2,16,2,47,3,10,7,1,7,6,1,8,2,2,9,1,22,121.5223732,25.04781778
114,05,22,09,53,2,09北投區,北投區振華街與振華街22巷口,0,0,1,1,B03,8,6,5,50,3,1,1,5,4,5,13,4,4,5,5,5,2,16,1,24,3,10,7,1,7,6,1,8,1,2,9,1,21,121.5190008,25.1156801
114,05,22,09,54,2,06松山區,松山區撫遠街380巷與民權東路5段口1號旁無名巷,0,0,1,1,C03,7,6,5,30,3,2,1,5,4,5,13,4,4,4,5,5,2,17,2,52,2,9,6,1,7,5,1,10,1,11,4,1,22,121.5646925,25.0640866
114,05,22,10,00,2,03中山區,中山區明水路與樂群一路口,0,0,1,1,C03,8,7,5,50,14,9,1,5,4,5,13,1,1,1,4,5,2,13,2,37,2,9,5,1,7,9,1,10,1,11,108,1,21,121.5516304,25.0772166
114,05,22,10,23,2,05中正區,中正區仁愛路2段與臨沂街口,0,0,1,1,C03,8,6,5,50,4,4,1,5,4,5,13,1,1,10,4,1,1,13,1,37,2,8,6,1,7,9,1,10,2,11,16,1,22,121.5296171,25.038114
114,05,22,10,26,2,12內湖區,內湖區洲子街與內湖路1段360巷附近口,0,0,1,1,B02,7,6,5,50,14,9,1,5,4,5,13,4,4,5,5,5,2,17,1,45,3,10,7,1,7,14,1,8,1,2,40,1,21,121.5705385,25.0802977
114,05,22,11,02,2,03中山區,中山區北安路忠烈祠,0,0,1,1,B11,8,7,5,30,11,9,1,5,4,5,13,4,4,1,4,5,2,12,1,49,4,11,7,1,7,9,7,19,11,15,17,2,22,121.5334259,25.077925
114,05,22,11,07,2,12內湖區,內湖區東湖路與康寧路3段口,0,0,1,1,B01,8,6,5,40,3,2,1,5,4,5,13,4,4,1,4,4,2,17,1,59,3,10,7,1,7,8,1,4,1,7,44,1,21,121.6121819,25.0690684
114,05,22,11,47,2,05中正區,中正區南海路與牯嶺街口,0,0,1,1,C03,8,6,5,30,4,2,1,5,4,5,13,1,1,10,4,5,2,13,1,85,2,8,5,1,7,9,1,10,1,11,16,1,21,121.5152471,25.0321048
114,05,22,11,50,2,04大安區,大安區信義路4段與四維路口,0,0,2,1,C03,8,5,5,50,3,2,1,5,4,5,13,4,4,5,4,5,2,17,1,30,2,7,6,1,7,9,1,10,1,11,107,1,21,121.5483188,25.0334542
114,05,22,12,13,2,04大安區,大安區忠孝東路4段與敦化南路1段口,0,0,2,1,B01,7,6,5,50,4,2,1,5,4,5,13,2,1,1,4,5,2,9,2,68,3,10,3,4,7,14,1,4,1,2,38,1,22,121.5479899,25.0413778
114,05,22,13,10,2,07信義區,信義區永吉路30巷158弄與永吉路30巷口,0,0,1,1,C03,8,6,5,30,4,1,1,5,4,5,13,4,4,10,5,5,2,15,1,34,2,9,6,1,7,9,1,10,1,11,72,1,21,121.5687601,25.0423148
114,05,22,13,38,2,12內湖區,內湖區民善街與新湖一路口側附近口,0,0,1,1,B03,7,6,5,50,4,1,1,5,4,5,13,2,1,4,5,5,2,16,1,30,3,10,7,1,7,11,1,8,1,4,10,1,21,121.5762509,25.0588218
114,05,22,13,55,2,01大同區,大同區重慶北路3段236巷45弄與迪化街2段243巷口,0,0,1,1,B03,8,6,5,30,4,1,1,5,4,5,13,4,4,10,5,5,2,17,1,38,3,10,7,1,7,9,1,8,1,4,72,1,21,121.5123013,25.07131878
114,05,22,14,00,2,04大安區,大安區忠孝東路4段與延吉街口,0,0,1,1,B01,8,7,5,50,4,1,1,5,4,5,13,2,1,5,4,5,2,17,1,55,3,10,7,1,7,5,1,4,1,8,8,1,21,121.5545051,25.041311
114,05,22,14,08,2,06松山區,松山區吉祥路與光復北路11巷口,0,0,1,1,C03,7,6,5,30,5,1,1,5,4,5,13,1,1,4,3,5,2,17,1,60,3,10,6,1,7,5,1,10,1,17,71,1,21,121.5625127,25.050271
114,05,22,15,37,2,05中正區,中正區新生南路1段與仁愛路2段口,0,0,1,1,B03,8,6,5,50,4,1,1,5,4,5,13,1,1,3,4,1,1,17,1,35,3,10,7,1,7,6,1,8,2,5,9,1,22,121.5326049,25.0380718
114,05,22,16,14,2,05中正區,中正區林森南路與青島東路口,0,0,1,1,C03,8,6,5,50,4,1,1,5,4,5,13,2,1,5,4,5,2,16,1,72,3,10,5,1,7,9,1,10,11,12,4,2,21,121.5229482,25.04363561
114,05,22,16,20,2,12內湖區,內湖區南京東路6段與金莊路口口,0,0,1,1,C03,7,6,5,50,3,1,1,5,4,5,13,2,1,1,2,5,2,16,1,32,2,9,5,1,7,9,1,10,1,11,81,1,21,121.5887358,25.0614513
114,05,22,16,24,2,09北投區,北投區行義路與泉源路口,0,0,1,1,B03,8,5,5,40,4,2,1,5,4,5,13,1,1,9,4,5,1,17,1,62,3,10,7,1,7,6,1,8,2,2,9,1,21,121.5266854,25.1439707
114,05,22,17,05,2,03中山區,中山區松江路與建國北路3段口,0,0,1,1,B03,8,7,5,50,4,1,1,5,4,5,13,2,1,9,4,5,2,17,1,31,3,10,7,1,7,5,1,7,1,4,16,1,21,121.53343,25.0676006
114,05,22,17,10,2,10文山區,文山區指南路2段與萬壽路口,0,0,1,1,A02,8,5,5,40,4,2,1,5,4,5,13,4,4,9,5,5,1,9,1,51,3,10,7,1,7,14,1,2,2,2,40,1,26,121.5760348,24.9878076
114,05,22,17,14,2,09北投區,北投區東華街2段與致遠三路口6號停車格,0,0,1,1,C03,7,6,5,50,4,2,1,5,4,5,13,1,1,10,4,5,2,12,1,52,2,9,6,1,7,15,1,10,1,11,108,1,26,121.5080345,25.1207393
114,05,22,17,15,2,06松山區,松山區塔悠路與民權東路5段口,0,0,1,1,B02,7,7,5,30,3,1,1,5,4,5,13,2,1,1,4,5,2,13,1,57,3,10,7,1,7,6,1,8,1,5,108,1,26,121.5681319,25.0634075
114,05,22,17,26,2,11南港區,南港區南深路37號與南深路口,0,0,1,1,B03,8,6,5,30,3,2,1,5,4,5,13,1,1,5,4,5,2,16,1,62,3,10,3,4,7,6,1,8,1,6,9,1,21,121.621306,25.0295773
114,05,22,17,30,2,01大同區,大同區忠孝西路1段與塔城街口,0,0,2,1,C03,8,6,5,50,4,1,1,5,4,5,13,2,1,9,4,5,2,15,1,65,2,9,5,1,7,9,1,10,1,12,81,1,21,121.5101822,25.0482392
114,05,22,17,30,2,12內湖區,內湖區民權東路6段245巷與民權東路6段口,0,0,1,1,B02,7,5,5,50,4,1,1,5,4,5,13,2,1,1,4,5,2,17,2,34,3,10,7,1,7,5,1,8,1,1,108,1,21,121.6005002,25.06706
114,05,22,17,42,2,05中正區,中正區重慶南路1段與沅陵街口,0,0,1,1,B01,8,6,5,50,3,2,1,5,4,5,13,4,4,9,4,5,1,12,1,46,3,10,7,1,7,15,1,4,2,2,40,1,21,121.513133,25.0427271