發生年度,發生月,發生日,發生時-Hours,發生分,處理別-編號,區序,肇事地點,死亡人數,2-30日死亡人數,受傷人數,當事人序號,車種,天候,光線,道路類別,速限-速度限制,道路型態,事故位置,路面狀況1,路面狀況2,路面狀況3,道路障礙1,道路障礙2,號誌1,號誌2,車道劃分-分向,車道劃分-分道1,車道劃分-分道2,車道劃分-分道3,事故類型及型態,性別,年齡,受傷程度,主要傷處,保護裝置,行動電話,車輛用途,當事者行動狀態,駕駛資格情形,駕駛執照種類,飲酒情形,車輛撞擊部位1,肇因碼-個別,個人肇逃否,職業,座標-X,座標-Y
114,05,22,18,17,2,05中正區,中正區市民大道3段與新生北路1段口,0,0,1,1,C04,7,5,6,50,4,1,1,5,4,5,13,1,1,10,5,5,2,16,2,45,2,9,5,1,7,10,1,10,1,12,100,1,21,121.5327192,25.0454732
114,05,22,18,20,2,05中正區,中正區水源快速道路(靠近中正橋),0,0,1,1,C01,8,6,5,60,14,7,1,5,4,5,13,4,4,3,4,5,1,13,1,23,2,9,5,1,7,9,1,9,1,11,108,1,21,121.5150039,25.0240035
114,05,22,18,20,2,10文山區,文山區興隆路4段76號,0,0,1,1,A02,8,5,5,50,14,18,1,5,4,5,13,4,4,1,4,5,1,9,1,44,3,10,7,1,7,9,1,2,1,17,108,1,21,121.5617769,24.9840642
114,05,22,18,54,2,08士林區,士林區承德路5段與文林路587巷口,0,0,1,1,B03,7,5,5,40,4,1,1,5,4,5,13,2,1,1,4,4,2,16,1,45,3,10,7,1,7,6,1,8,1,5,9,1,21,121.5135266,25.0977712
114,05,22,19,37,2,03中山區,中山區民權西路27號,0,0,3,1,C03,6,5,5,50,14,9,1,4,4,5,13,4,4,1,4,5,2,13,1,24,2,9,6,1,7,9,1,10,1,11,16,1,21,121.521259,25.0628617
114,05,22,19,40,2,01大同區,大同區環河北路1段145號,0,0,1,1,C03,6,5,5,50,14,9,1,4,4,5,12,4,4,10,5,5,2,13,1,70,2,8,5,1,7,9,1,10,1,11,108,1,21,121.5077467,25.0546574
114,05,22,19,50,2,05中正區,中正區中山南路與常德街口,0,0,1,1,C03,6,5,5,50,3,2,1,4,4,4,13,4,4,1,4,5,2,29,1,28,2,8,5,1,7,9,1,10,2,11,108,1,21,121.5183553,25.0410186
114,05,22,20,01,2,03中山區,中山區德惠街88號,0,0,2,1,C03,6,5,5,50,14,9,1,4,4,5,13,4,4,4,3,5,2,12,2,37,2,5,6,4,7,6,3,18,2,12,9,1,21,121.5286729,25.0666022
114,05,22,20,06,2,03中山區,中山區錦州街242巷與松江路259巷口,0,0,1,1,B01,7,5,5,30,4,1,1,4,4,5,13,4,4,10,5,5,2,15,1,39,3,10,7,1,7,9,1,8,1,8,72,1,21,121.5337362,25.0595807
114,05,22,20,50,2,01大同區,大同區重慶北路3段236巷45弄與迪化街2段243巷口口,0,0,2,1,C03,7,5,5,30,4,1,1,4,4,5,13,4,4,10,5,5,2,15,2,38,2,9,6,1,7,9,1,10,1,12,44,1,21,121.5122884,25.0713132
114,05,22,21,31,2,05中正區,中正區重慶南路3段60-3號,0,0,2,1,A05,7,5,5,50,14,9,1,5,4,5,13,4,4,1,4,5,2,12,1,64,3,10,7,4,7,9,1,1,1,2,17,1,21,121.5159593,25.0269446
114,05,22,22,01,2,07信義區,信義區永吉路322號,0,0,2,1,B03,8,5,5,50,14,8,1,5,4,5,13,4,4,1,4,4,2,17,1,57,3,10,7,1,7,6,1,8,1,2,80,1,22,121.5753987,25.0454236
114,05,22,22,50,2,06松山區,松山區市民大道4段163號,0,0,1,1,C03,7,5,5,40,14,9,1,5,4,5,13,4,4,1,4,5,2,13,1,33,3,10,6,1,7,9,1,10,1,11,16,1,21,121.5517367,25.0446469
114,05,22,23,47,2,07信義區,信義區松山路與松隆路口,0,0,1,1,B03,7,5,5,50,4,1,1,5,4,5,13,2,2,1,4,5,2,15,1,22,3,10,3,4,7,11,3,18,9,4,71,1,21,121.5777839,25.0479574
114,05,23,00,07,2,10文山區,文山區羅斯福路6段與萬隆街口,0,0,2,1,H01,8,5,5,50,4,19,1,5,4,5,13,2,1,1,4,5,2,6,2,44,2,9,4,5,8,18,8,20,10,16,122,1,21,121.539575,25.0003115
114,05,23,07,34,2,06松山區,松山區民權東路3段與敦化北路口,0,0,1,1,C03,8,6,5,50,5,1,1,5,4,5,13,2,1,1,4,5,2,12,1,21,2,9,6,1,7,9,1,10,2,12,16,1,21,121.5503045,25.0615038
114,05,23,07,40,2,08士林區,士林區延平北路5段與中正路口,0,0,1,1,C03,8,7,5,50,4,1,1,5,4,5,13,2,1,1,4,5,1,17,1,48,3,10,5,1,7,5,1,10,2,14,8,1,21,121.5093476,25.08660006
114,05,23,07,40,2,08士林區,士林區中山北路5段463號,0,0,1,1,C03,8,7,5,40,3,2,1,5,4,5,13,4,4,1,5,5,1,17,2,46,2,9,5,1,7,9,1,10,1,17,44,1,21,121.52762,25.09215584
114,05,23,07,41,2,09北投區,北投區大同街與大同街208巷口,0,0,2,1,B12,8,7,5,30,5,1,1,5,4,5,13,2,1,5,5,5,1,15,1,51,3,10,7,1,7,9,1,8,1,4,72,1,22,121.4992417,25.1384782
114,05,23,07,43,2,07信義區,信義區松仁路與莊敬路423巷8弄口,0,0,2,1,C03,7,6,5,50,4,1,1,5,4,5,13,1,1,8,3,5,2,12,2,18,2,7,3,4,7,7,1,10,9,12,100,2,22,121.5682723,25.0284733
114,05,23,08,01,2,11南港區,南港區忠孝東路7段369號,0,0,1,1,B03,8,6,5,50,3,2,1,5,4,5,13,4,4,1,4,4,2,16,1,27,3,10,3,4,7,6,1,8,1,2,9,1,21,121.6042983,25.0518997
114,05,23,08,10,2,07信義區,信義區基隆路1段與松隆路口,0,0,1,1,A02,8,6,5,50,14,9,1,5,4,5,13,2,1,1,4,5,1,12,1,58,3,10,3,4,7,14,1,2,1,2,44,1,21,121.5656217,25.0433952
114,05,23,08,17,2,06松山區,松山區民權大橋往內湖7510451號電桿前,0,0,2,1,C03,8,6,5,40,14,11,1,5,4,5,13,4,4,1,4,4,2,13,1,30,2,9,5,1,7,9,1,10,1,12,16,1,21,121.5664263,25.0632159
114,05,23,08,20,2,11南港區,南港區昆陽街157巷17號,0,0,1,1,C04,8,5,5,50,14,9,1,5,4,5,13,4,4,4,3,5,2,13,1,45,3,10,3,4,7,9,1,11,1,11,16,1,21,121.5948498,25.0500771
114,05,23,08,25,2,10文山區,文山區興隆路3段與興隆路3段192巷口,0,0,1,1,A05,8,6,5,50,3,1,1,5,4,5,13,1,1,1,4,5,2,16,1,57,3,10,7,1,7,5,1,1,1,2,71,1,22,121.5588028,24.9980384
114,05,23,08,28,2,12內湖區,內湖區環東大道(南港往內湖）(環東快速道路635號燈桿),0,0,5,1,B12,8,5,5,80,14,9,1,5,4,5,13,4,4,1,4,5,1,13,1,36,2,7,7,1,7,9,1,8,2,1,16,1,21,121.5667038,25.04496713
114,05,23,08,39,2,07信義區,信義區光復南路419巷與光復南路口,0,0,2,1,B03,7,7,5,30,3,2,1,4,4,5,13,4,4,10,5,5,2,14,1,36,3,10,7,1,7,2,1,14,1,3,12,1,21,121.5577015,25.0365343
114,05,23,08,40,2,03中山區,中山區松江路與民權東路2段口,0,0,1,1,H01,8,7,5,50,5,1,1,5,4,5,13,1,1,1,4,5,2,3,2,45,2,9,4,5,8,18,8,20,10,16,121,1,21,121.5332442,25.0623121
114,05,23,08,55,2,05中正區,中正區濟南路1段1002149燈桿,0,0,1,1,C03,8,5,5,30,14,8,1,5,4,5,13,4,4,9,4,4,2,17,2,67,2,8,5,1,7,9,1,10,1,12,108,1,21,121.5197145,25.04312281
114,05,23,09,02,2,04大安區,大安區新生南路1段103巷與忠孝東路3段10巷口,0,0,1,1,C03,8,5,5,30,4,1,1,5,4,5,13,4,4,10,5,5,1,15,1,24,2,9,5,1,7,9,1,10,1,11,72,1,21,121.5333996,25.0406602
114,05,23,09,03,2,01大同區,大同區重慶北路2段與保安街口,0,0,1,1,C03,8,6,5,50,4,1,1,5,4,5,13,1,1,1,4,5,2,16,2,43,2,8,6,1,7,5,1,10,2,12,74,1,21,121.5135696,25.05919094
114,05,23,09,03,2,11南港區,南港區忠孝東路6段159巷與忠孝東路附近側附近6段口,0,0,1,1,C03,8,6,5,30,4,1,1,5,4,5,13,4,4,10,5,5,2,15,1,38,3,10,6,1,7,9,1,10,2,12,72,1,21,121.5864789,25.0489603
114,05,23,09,06,2,05中正區,中正區重慶南路2段65號,0,0,2,1,C03,8,6,5,50,14,9,1,5,4,5,13,4,4,1,4,5,1,17,1,24,2,7,6,1,7,9,1,9,2,11,16,1,21,121.5152647,25.030239
114,05,23,09,30,2,11南港區,南港區重陽路429號,0,0,1,1,C03,7,6,5,50,14,9,1,5,4,5,13,4,4,5,4,5,2,17,1,74,2,9,5,1,7,1,1,10,1,17,42,1,21,121.6093456,25.0589938
114,05,23,09,37,2,01大同區,大同區民生西路112號,0,0,1,1,B01,8,6,5,50,14,9,1,5,4,5,13,4,4,8,3,5,1,17,1,39,3,10,3,4,7,8,1,4,11,17,100,2,21,121.5195706,25.0574915
114,05,23,09,38,2,03中山區,中山區民族西路與中山北路3段口,0,0,1,1,B03,8,6,5,50,4,1,1,5,4,5,13,2,1,9,4,5,2,16,1,68,3,10,3,4,7,5,1,8,2,3,71,1,21,121.5226931,25.06856984
114,05,23,10,00,2,12內湖區,內湖區新明路143巷與潭美街口,0,0,1,1,B01,8,6,5,30,3,2,1,5,4,5,13,2,1,10,5,5,2,5,1,49,4,11,3,4,7,5,7,19,11,15,108,2,21,121.6131115,25.06745553
114,05,23,10,10,2,12內湖區,內湖區康寧路1段與星雲街口,0,0,1,1,C03,8,6,5,50,4,1,1,5,4,5,13,2,1,5,5,5,2,17,2,25,2,8,6,1,7,5,1,10,1,13,8,1,21,121.5937485,25.0794412
114,05,23,10,29,2,04大安區,大安區瑞安街71巷3號,0,0,1,1,C03,7,5,5,30,14,9,1,5,4,5,13,2,1,5,3,5,1,16,1,80,2,8,5,1,7,11,1,10,1,13,10,1,21,121.5413479,25.028246
114,05,23,10,33,2,02萬華區,萬華區西園路2段140巷與雙園街67巷口,0,0,2,1,C03,8,6,5,50,5,1,1,5,4,5,13,4,4,10,5,5,2,17,1,74,2,9,6,1,7,5,3,18,1,11,74,1,21,121.4952745,25.031288
114,05,23,10,39,2,04大安區,大安區仁愛路4段與延吉街口,0,0,1,1,B03,7,6,5,50,5,1,1,5,4,5,13,1,1,9,4,5,2,16,1,54,3,10,7,4,7,6,1,8,1,2,9,1,21,121.5555151,25.0375156
114,05,23,12,00,2,06松山區,松山區復興南路1段51號,0,0,1,1,B13,7,6,5,50,14,9,1,5,4,5,13,4,4,1,4,5,2,12,1,45,3,10,7,1,7,9,1,8,1,2,108,1,21,121.5439942,25.0454257
114,05,23,12,01,2,10文山區,文山區新光路2段燈桿0707719號對面,0,0,1,1,B03,8,6,5,50,11,9,1,5,4,5,13,4,4,4,5,5,1,12,1,43,3,10,3,4,7,15,1,8,2,2,17,1,22,121.5886009,24.9995995
114,05,23,12,05,2,03中山區,中山區民權東路3段與建國北路2段口,0,0,2,1,C03,8,6,5,50,4,1,1,5,4,5,13,2,1,8,5,5,1,13,2,56,2,3,3,4,7,9,1,10,1,11,16,1,21,121.5371031,25.06228168
114,05,23,12,08,2,03中山區,中山區龍江路與長春路口,0,0,1,1,F02,8,6,5,50,5,2,1,5,4,5,13,2,1,9,3,5,1,17,1,48,2,9,5,1,7,9,8,20,1,11,4,1,21,121.5405003,25.0547852
114,05,23,12,15,2,12內湖區,內湖區五分街14巷與康寧路3段245巷口,0,0,2,1,C03,8,6,5,50,3,1,1,5,4,5,13,4,4,5,5,5,2,17,2,43,2,9,6,1,7,5,1,10,1,14,44,1,21,121.6133717,25.0663487
114,05,23,12,23,2,03中山區,中山區中山北路2段與中山北路2段46巷口,0,0,2,1,C03,8,6,5,50,14,9,1,5,4,5,13,4,4,9,4,5,2,13,1,55,3,10,6,4,7,9,1,8,1,13,14,1,22,121.5224864,25.05535661
114,05,23,12,24,2,05中正區,中正區金門街24巷與汀州路2段182巷口,0,0,1,1,B01,8,7,5,30,4,1,1,5,4,5,13,4,4,10,5,5,2,15,1,56,3,10,7,1,7,9,1,4,1,1,75,1,22,121.522244,25.0222295
114,05,23,12,32,2,05中正區,中正區館前路46號,0,0,1,1,C03,8,5,5,50,14,9,1,5,4,5,13,4,4,10,4,5,2,12,1,22,3,10,5,1,7,9,1,10,1,12,108,1,21,121.514968,25.0439227
114,05,23,12,46,2,07信義區,信義區光復南路與菸廠路口,0,0,2,1,C03,8,6,5,50,5,4,1,5,4,5,13,1,1,3,4,5,2,13,2,60,2,8,5,1,7,9,1,10,1,12,16,1,21,121.5578476,25.0448078
114,05,23,12,51,2,11南港區,南港區三重路與園區街口,0,0,3,1,C03,7,6,5,50,3,1,1,5,4,5,13,2,1,4,3,5,2,16,2,17,2,9,3,4,7,5,2,18,9,12,8,1,21,121.6141493,25.0590758
114,05,23,13,35,2,03中山區,中山區市民大道2段與長安東路1段30巷口,0,0,1,1,B03,7,6,5,40,3,1,1,5,4,5,13,2,1,1,5,5,2,16,2,34,3,10,7,1,7,6,1,8,1,2,9,1,22,121.5260663,25.0475335
114,05,23,14,12,2,02萬華區,萬華區西藏路269巷12號號,0,0,2,1,F01,8,6,5,30,11,9,1,5,4,5,13,4,4,10,5,5,2,17,2,62,2,9,4,1,7,9,8,20,1,11,5,1,21,121.4934017,25.0281338
114,05,23,14,14,2,02萬華區,萬華區大理街116巷與大理街口側附近口,0,0,1,1,B03,8,7,5,30,4,1,1,5,4,5,13,4,4,10,5,5,2,10,1,28,3,10,3,4,7,9,1,8,1,5,72,1,22,121.4973981,25.0342343
114,05,23,14,21,2,05中正區,中正區重慶南路1段76號與武昌街1段口,0,0,9,1,B03,8,5,5,50,4,2,1,5,4,5,13,1,1,10,5,5,2,17,1,78,2,1,7,1,7,4,3,18,2,1,108,1,21,121.5131883,25.04375249
114,05,23,14,26,2,06松山區,松山區敦化北路與八德路3段口,0,0,1,1,C03,7,6,5,50,14,8,1,5,4,5,13,4,4,1,4,4,2,12,1,75,2,9,6,1,7,9,1,10,1,11,76,1,21,121.549174,25.0486743
114,05,23,14,30,2,08士林區,士林區忠誠路1段173巷與德行東路190巷口,0,0,2,1,C02,8,6,5,30,4,1,1,5,4,5,13,4,4,10,5,5,2,15,1,68,2,9,5,1,7,9,1,9,1,12,72,1,21,121.5312907,25.1080497
114,05,23,14,34,2,02萬華區,萬華區西寧南路與洛陽街口,0,0,1,1,B03,8,7,5,50,4,1,1,5,4,5,13,1,1,9,4,5,2,16,1,25,3,10,7,1,7,5,1,8,1,4,8,1,21,121.5073332,25.047553
114,05,23,14,38,2,08士林區,士林區文昌路62號與文昌路口,0,0,1,1,B13,7,5,5,50,14,9,1,5,4,5,13,4,4,5,5,5,1,9,1,58,3,10,7,1,7,9,1,8,1,2,108,1,21,121.5212942,25.0960466
114,05,23,14,43,2,09北投區,北投區榮華三路與明德路口,0,0,1,1,B03,8,6,5,30,4,1,1,5,4,5,13,3,1,5,5,5,2,16,1,59,3,10,7,1,7,6,1,8,2,8,72,1,21,121.5222939,25.114079
114,05,23,14,45,2,11南港區,南港區新民街與興東街7巷口,0,0,1,1,B03,7,6,5,30,3,2,1,5,4,5,13,4,4,5,5,5,2,16,1,47,3,10,7,1,7,9,1,10,1,2,13,1,22,121.6131338,25.0561985
114,05,23,14,59,2,09北投區,北投區立賢路168號,0,0,2,1,C03,8,6,5,50,14,5,1,5,4,5,13,3,1,1,4,5,2,16,1,73,2,9,5,1,7,5,1,10,1,14,8,1,21,121.502218,25.1142816
114,05,23,15,11,2,12內湖區,內湖區江南街與江南街65巷口,0,0,1,1,C03,8,6,5,50,4,1,1,5,4,5,13,2,1,5,5,5,2,12,1,44,3,10,6,1,7,9,1,10,2,14,108,1,21,121.5776843,25.07749531
114,05,23,15,30,2,08士林區,士林區至善路3段與至善路3段71巷口,0,0,1,1,B03,7,6,5,50,3,1,1,5,4,5,13,2,1,5,4,5,2,17,1,62,3,10,3,4,7,6,1,8,2,2,9,1,21,121.5665138,25.1134482
114,05,23,15,32,2,01大同區,大同區承德路3段與承德路3段108巷口,0,0,2,1,C03,7,6,5,50,3,2,1,5,4,5,13,4,4,1,4,5,2,13,1,33,2,9,6,4,7,9,1,10,2,11,108,1,22,121.518254,25.0669654
114,05,23,15,37,2,04大安區,大安區和平東路3段與敦化南路2段口,0,0,1,1,B03,8,5,5,50,4,1,1,5,4,5,13,1,1,10,5,5,2,17,1,42,3,10,7,1,7,5,1,8,1,5,71,1,21,121.5489686,25.0245351
114,05,23,15,50,2,12內湖區,內湖區新湖一路77號前,0,0,1,1,B03,8,7,5,50,14,9,1,5,4,5,13,4,4,9,5,5,2,16,1,42,3,10,7,1,7,1,1,8,1,1,19,1,21,121.5753221,25.05852
114,05,23,16,19,2,04大安區,大安區和平東路1段與羅斯福路2段口,0,0,1,1,B01,8,7,5,50,4,2,1,5,4,5,13,2,1,1,4,5,2,17,1,53,3,10,7,1,7,6,1,4,1,1,9,1,21,121.5223121,25.027347
114,05,23,16,45,2,08士林區,士林區文林路102號,0,0,1,1,B01,7,5,8,50,22,22,1,5,4,5,13,2,1,5,5,5,1,17,1,42,4,11,3,4,7,8,1,4,9,17,100,1,21,121.5181157,25.0870974
114,05,23,17,02,2,08士林區,士林區中山北路5段與幸福街口,0,0,1,1,B01,7,7,5,50,3,2,1,5,4,5,13,4,4,4,5,5,1,17,1,68,3,10,7,1,7,6,1,8,1,6,9,1,21,121.5278342,25.0965331
114,05,23,17,11,2,06松山區,松山區民生東路5段188號,0,0,1,1,B03,8,7,5,50,18,9,1,5,4,5,13,2,1,1,4,5,2,17,2,47,3,10,7,1,7,10,1,8,1,5,100,1,25,121.5639006,25.0588101
114,05,23,17,15,2,04大安區,大安區基隆路4段與基隆路3段155巷口口,0,0,1,1,B02,8,6,5,50,4,1,1,5,4,5,13,2,1,1,4,4,2,17,1,61,3,10,7,1,7,6,1,8,1,7,9,1,21,121.5426046,25.0156226
114,05,23,17,17,2,11南港區,南港區興中路與南港路1段278巷2弄口,0,0,2,1,C03,8,6,5,50,3,2,1,5,4,5,13,4,4,5,4,5,2,15,1,54,2,9,6,1,7,9,1,10,1,11,14,1,21,121.6076443,25.053975
114,05,23,17,20,2,07信義區,信義區光復南路419巷與光復南路口,0,0,2,1,G06,8,7,5,50,3,1,1,5,4,5,13,4,4,10,5,5,2,17,2,36,2,8,4,1,7,9,8,20,2,16,99,1,22,121.5576766,25.0365625
114,05,23,17,25,2,03中山區,中山區中山北路3段與德惠街口,0,0,1,1,C01,8,7,5,50,14,9,1,5,4,5,13,4,4,9,4,5,2,29,1,49,2,9,6,1,7,9,1,9,1,12,44,1,21,121.5224797,25.06707932
114,05,23,17,25,2,08士林區,士林區中山北路5段378巷與中山北路5段口,0,0,1,1,B12,7,6,5,50,4,1,1,5,4,5,13,2,1,4,4,5,1,9,1,64,3,10,3,4,7,5,1,6,1,4,108,1,21,121.5274285,25.0902073
114,05,23,17,35,2,10文山區,文山區信義快速道路文山隧道北往南方向,0,0,2,1,B03,8,5,5,70,6,9,1,5,4,5,13,4,4,10,4,5,2,13,1,50,2,1,2,1,7,9,1,8,1,1,108,1,21,121.5813696,25.00992524
114,05,23,17,37,2,05中正區,中正區汀州路2段與重慶南路3段口口,0,0,1,1,B03,8,6,5,50,4,1,1,5,4,5,13,1,1,5,5,5,1,17,1,76,3,10,7,1,7,9,1,8,2,2,44,1,21,121.5169915,25.0256358
114,05,23,17,37,2,09北投區,北投區東華街2段與立農街1段187巷口,0,0,2,1,C03,8,6,5,40,3,1,1,5,4,5,13,1,1,10,4,5,2,16,2,69,2,9,6,1,7,5,3,18,2,14,8,1,21,121.5048706,25.1212943
114,05,23,17,38,2,06松山區,松山區北寧路18號,0,0,1,1,B01,7,6,5,50,14,8,1,5,4,5,13,4,4,5,4,4,2,12,1,42,3,10,7,1,7,11,1,8,2,4,10,1,21,121.5526491,25.0491632
114,05,23,17,50,2,06松山區,松山區八德路3段與八德路3段106巷口,0,0,1,1,C04,7,5,5,50,4,1,1,5,4,5,13,2,1,5,4,5,2,16,1,38,2,7,5,1,7,5,1,10,1,14,71,1,22,121.5536272,25.0481599
114,05,23,18,04,2,03中山區,中山區明水路與明水路397巷口,0,0,1,1,B03,7,7,5,50,4,1,1,5,4,5,13,4,4,10,5,5,2,17,2,32,3,10,7,1,7,5,1,8,1,1,71,1,21,121.5222675,25.05804122
114,05,23,18,09,2,09北投區,北投區立德路150號,0,0,1,1,C03,8,6,5,50,14,9,1,5,4,5,13,4,4,5,4,5,2,12,2,31,3,10,6,1,7,15,1,10,1,14,108,1,21,121.4721684,25.1276907
114,05,23,18,14,2,03中山區,中山區民權東路1段67號,0,0,1,1,B01,8,5,5,50,14,9,1,5,4,5,13,1,1,9,5,1,2,13,1,59,3,10,3,4,7,9,1,4,2,1,108,1,21,121.5265856,25.0628534
114,05,23,18,14,2,08士林區,士林區福林路與福林路100巷口口,0,0,2,1,C03,8,5,5,50,3,1,1,5,4,5,13,2,1,5,5,5,2,16,2,49,2,9,6,1,7,11,1,10,1,12,10,1,21,121.5311971,25.09583027
114,05,23,18,23,2,12內湖區,內湖區舊宗路1段與行善路口,0,0,1,1,B03,8,5,5,50,4,1,1,5,4,5,13,2,1,1,4,5,2,13,2,49,3,10,7,1,7,9,1,8,1,8,76,1,21,121.5803197,25.0587426
114,05,23,18,32,2,03中山區,中山區內湖路1段32巷6號停車格,0,0,1,1,B03,8,7,5,50,14,9,1,5,4,5,13,4,4,7,5,5,2,12,1,42,3,10,7,1,7,1,1,8,1,8,19,1,21,121.5594849,25.0844224
114,05,23,19,00,2,04大安區,大安區市民大道4段100號,0,0,2,1,C03,7,5,5,40,14,9,1,5,4,5,13,4,4,10,5,5,2,12,2,48,2,9,3,4,7,5,1,10,1,14,8,1,21,121.5499457,25.0446438
114,05,23,19,23,2,03中山區,中山區渭水路20號,0,0,2,1,C03,8,5,5,50,14,7,1,5,4,5,13,4,4,9,4,4,2,3,1,41,2,9,6,1,7,9,1,10,1,11,108,1,26,121.5347527,25.04567913
114,05,23,20,32,2,05中正區,中正區長沙街1段與中華路1段口,0,0,1,1,A02,8,5,5,50,4,2,1,5,4,5,13,1,1,1,4,1,1,17,1,48,3,10,7,1,7,15,1,2,1,17,100,1,21,121.5080134,25.0406444
114,05,23,20,55,2,12內湖區,內湖區東湖路51號,0,0,1,1,C03,7,5,5,50,14,9,1,5,4,5,13,4,4,4,3,5,1,12,1,46,2,8,3,4,7,8,1,10,1,14,100,1,21,121.6145363,25.0687248
114,05,23,21,42,2,03中山區,中山區民族東路336號停車場出入口,0,0,2,1,B01,8,6,5,50,3,1,1,5,4,5,13,2,1,1,4,4,2,17,1,67,3,10,7,1,7,1,1,4,1,4,19,1,21,121.5366407,25.0681613
114,05,23,21,53,2,04大安區,大安區安和路1段27號,0,0,1,1,C03,8,5,5,50,14,9,1,5,4,3,10,4,4,1,4,5,2,17,2,29,2,9,5,1,7,9,1,10,1,12,108,1,21,121.5500288,25.0393701
114,05,23,22,08,2,10文山區,文山區木新路3段與忠順街1段26巷口,0,0,3,1,B02,8,5,5,50,3,1,2,5,4,5,13,2,1,10,5,5,2,17,1,23,2,9,3,4,7,5,1,8,1,1,71,1,21,121.5599379,24.9815413
114,05,23,22,50,2,05中正區,中正區新生南路1段與仁愛路2段口,0,0,2,1,C03,7,5,5,50,4,1,1,5,4,5,13,1,1,1,5,5,2,13,1,20,2,9,5,1,7,9,1,10,2,11,16,1,21,121.5326462,25.0385096
114,05,24,00,04,2,03中山區,中山區建國高架道往南南京上方,0,0,2,1,B03,8,5,5,70,14,9,1,5,4,5,13,4,4,1,4,5,2,12,2,40,2,7,7,1,7,8,1,8,1,5,100,1,21,121.5359103,25.04192488
114,05,24,01,04,2,04大安區,大安區樂利路86巷2號,0,0,1,1,C03,7,5,5,30,14,9,1,5,4,5,13,4,4,10,5,5,2,17,1,24,3,10,5,1,7,9,1,10,1,17,108,1,21,121.5517215,25.02534854
114,05,24,03,01,2,08士林區,士林區菁山路101巷79號,0,0,1,1,C04,7,5,5,30,11,9,1,5,4,5,13,4,4,5,5,5,1,18,1,21,2,7,6,1,7,15,1,10,2,12,42,1,22,121.5626106,25.1534436
114,05,24,04,54,2,07信義區,信義區松信路131號,0,0,1,1,B01,8,5,5,50,14,8,1,5,4,5,13,4,4,10,5,4,2,13,1,55,3,10,3,4,7,8,1,8,2,6,100,1,21,121.5721107,25.044149
114,05,24,07,00,2,03中山區,中山區北安路與大直橋口,0,0,3,1,C03,7,6,5,50,4,2,1,5,4,5,13,2,1,1,5,5,2,13,1,57,2,9,6,1,7,5,1,10,1,11,16,1,22,121.5443826,25.0795425
114,05,24,07,28,2,12內湖區,內湖區民權東路6段296巷與民權東路6段296巷31弄口,0,0,2,1,B01,7,7,5,30,4,1,1,5,4,5,13,4,4,5,5,5,2,15,1,38,3,10,7,1,7,9,1,4,1,1,72,1,21,121.6064047,25.0720431
114,05,24,08,15,2,12內湖區,內湖區金湖路與金湖路363巷口,0,0,1,1,B03,7,6,5,50,5,2,1,5,4,5,13,4,4,1,3,5,1,16,2,48,3,10,7,1,7,6,1,8,9,2,9,1,21,121.6024898,25.0735922
114,05,24,08,35,2,08士林區,士林區延平北路6段10號,0,0,1,1,B03,7,7,5,50,14,9,1,5,4,5,13,4,4,9,4,5,1,17,1,38,3,10,7,1,7,7,1,8,2,2,108,1,21,121.5091537,25.08709675
114,05,24,08,35,2,09北投區,北投區知行路與知行路293巷口,0,0,1,1,B03,6,5,5,30,4,18,1,4,4,5,13,4,4,10,5,5,2,3,2,49,3,10,3,4,7,5,1,8,2,8,70,1,21,121.467385,25.1218854
114,05,24,09,00,2,12內湖區,內湖區內湖路1段323巷與內湖路1段323巷2弄口,0,0,1,1,C03,6,5,5,50,4,2,1,4,4,5,13,4,4,9,5,5,1,12,2,70,2,9,6,1,7,1,1,10,1,14,19,1,21,121.5679796,25.0824709
114,05,24,09,15,2,07信義區,信義區虎林街120巷與忠孝東路5段295巷口,0,0,1,1,B03,7,6,5,50,4,1,1,5,4,5,13,4,4,5,5,5,2,15,1,58,3,10,7,1,7,9,1,8,1,2,72,1,21,121.5725967,25.0422378
114,05,24,09,19,2,11南港區,南港區成美橋南往北上橋處,0,0,1,1,B03,7,6,5,50,8,9,1,5,4,5,13,2,1,5,4,5,2,16,1,68,3,10,7,1,7,7,1,8,1,7,80,1,21,121.582915,25.0520006
114,05,24,09,32,2,04大安區,大安區和平東路1段與溫州街口,0,0,1,1,B03,6,6,5,50,4,1,1,4,4,5,13,2,1,5,5,5,2,2,1,56,3,10,3,4,7,5,1,8,1,5,70,1,21,121.5335355,25.026247
114,05,24,10,10,2,07信義區,信義區光復南路463號,0,0,1,1,C03,6,5,5,50,14,9,1,4,4,5,13,4,4,1,4,5,2,18,1,34,2,9,5,1,7,9,1,10,1,12,44,1,21,121.5575623,25.0334087
114,05,24,10,27,2,06松山區,松山區塔悠路與寶清街105巷口,0,0,1,1,C03,6,7,5,30,3,1,1,4,4,5,13,4,4,1,4,5,2,17,2,23,3,10,6,1,7,6,1,10,11,17,72,2,21,121.5698455,25.0535338
114,05,24,10,52,2,12內湖區,內湖區民權大橋西向東,0,0,1,1,C03,6,7,5,50,14,11,1,4,4,5,13,4,4,1,4,5,2,13,1,32,2,9,5,1,7,9,1,10,1,11,16,1,21,121.5772244,25.0663091