發生年度,發生月,發生日,發生時-Hours,發生分,處理別-編號,區序,肇事地點,死亡人數,2-30日死亡人數,受傷人數,當事人序號,車種,天候,光線,道路類別,速限-速度限制,道路型態,事故位置,路面狀況1,路面狀況2,路面狀況3,道路障礙1,道路障礙2,號誌1,號誌2,車道劃分-分向,車道劃分-分道1,車道劃分-分道2,車道劃分-分道3,事故類型及型態,性別,年齡,受傷程度,主要傷處,保護裝置,行動電話,車輛用途,當事者行動狀態,駕駛資格情形,駕駛執照種類,飲酒情形,車輛撞擊部位1,肇因碼-個別,個人肇逃否,職業,座標-X,座標-Y
114,05,24,10,54,2,04大安區,大安區基隆路2段249號,0,0,1,1,B01,6,6,5,50,14,8,1,4,4,5,13,2,1,2,3,4,2,17,1,62,3,10,7,1,7,7,1,8,9,17,100,2,21,121.5504525,25.0224312
114,05,24,11,45,2,05中正區,中正區重慶北路1段與鄭州路口,0,0,2,1,C03,7,5,5,40,4,2,1,4,4,5,13,1,1,1,4,1,2,13,1,50,2,8,5,1,7,9,1,10,9,11,108,1,21,121.5210987,25.04816558
114,05,24,12,34,2,12內湖區,內湖區內湖路3段與內湖路3段18巷口,0,0,1,1,B03,6,6,5,30,4,1,1,4,4,5,13,4,4,10,5,5,2,17,1,28,3,10,7,1,7,9,1,8,1,5,72,1,21,121.5928177,25.0846209
114,05,24,12,39,2,02萬華區,萬華區西昌街113號,0,0,1,1,H01,6,7,5,50,14,9,1,4,4,5,13,4,4,5,5,5,2,3,2,66,2,7,4,5,8,16,8,20,10,16,121,1,21,121.5006955,25.0405403
114,05,24,12,49,2,12內湖區,內湖區潭美街207號前,0,0,1,1,,6,5,5,40,14,9,1,4,4,5,13,4,4,5,5,5,2,16,4,0,4,11,3,4,7,21,7,19,11,15,119,2,22,121.5845052,25.0556533
114,05,24,12,50,2,03中山區,中山區北安路與大直街口,0,0,1,1,B03,6,6,5,50,4,1,1,4,4,5,13,1,1,1,4,5,2,17,2,36,3,10,7,1,7,12,1,8,2,17,44,1,21,121.5473246,25.0799611
114,05,24,12,59,2,01大同區,大同區重慶北路3段347號,0,0,1,1,B03,6,5,5,50,14,9,1,4,4,5,13,2,1,1,4,5,2,15,1,41,3,10,7,1,7,9,1,8,1,5,81,1,21,121.5139324,25.074781
114,05,24,13,08,2,12內湖區,內湖區行善路與行善路383巷口,0,0,1,1,B03,6,6,5,50,3,1,1,4,4,5,13,4,4,1,4,4,2,17,1,36,3,10,7,1,7,6,1,8,1,2,9,1,21,121.5854264,25.0638005
114,05,24,13,27,2,04大安區,大安區潮州街與潮州街107巷口,0,0,1,1,B02,6,6,5,30,4,1,1,4,4,5,13,4,4,10,5,5,2,15,1,22,3,10,7,1,7,9,1,8,1,1,72,1,21,121.5275419,25.0286883
114,05,24,13,45,2,02萬華區,萬華區西藏路125巷與青年路口,0,0,1,1,C03,7,5,5,30,3,1,1,4,4,5,13,1,1,8,4,5,2,17,1,30,2,9,5,4,7,12,1,10,1,14,42,1,22,121.5037042,25.0252354
114,05,24,13,52,2,08士林區,士林區仰德大道1段與仰德大道1段10巷口,0,0,1,1,C03,6,5,5,50,5,1,1,4,4,5,13,2,1,5,2,5,2,16,1,43,2,9,6,1,7,9,1,10,1,11,81,1,21,121.5376676,25.1008439
114,05,24,14,20,2,03中山區,中山區中山北路3段往北天橋下近花博美術園區,0,0,1,1,B03,7,7,5,50,14,8,1,4,4,5,13,1,1,3,4,5,1,17,2,29,4,11,3,4,7,8,1,8,9,17,100,2,21,121.5235232,25.0709821
114,05,24,14,26,2,03中山區,中山區中山北路3段53-3號,0,0,1,1,B03,7,6,5,50,14,9,1,4,4,5,13,4,4,5,5,1,2,17,1,32,3,10,7,1,7,7,1,8,1,17,100,1,22,121.5227613,25.0677185
114,05,24,14,47,2,03中山區,中山區新生北路2段與民權東路2段口,0,0,2,1,C03,7,7,5,50,4,1,1,5,4,5,13,4,4,1,4,5,2,16,2,32,2,9,6,1,7,5,1,10,1,14,98,1,21,121.5278226,25.0626509
114,05,24,16,17,2,08士林區,士林區福林路279號對面,0,0,1,1,C03,7,6,5,50,14,9,1,4,4,5,13,4,4,9,4,5,1,37,1,34,2,9,5,1,7,8,1,10,2,11,42,1,21,121.5356081,25.09861361
114,05,24,17,10,2,11南港區,南港區經貿一路137號Lala Port P4停車場出入口,0,0,1,1,B03,7,6,8,50,22,22,1,5,4,5,13,4,4,3,4,5,2,16,1,40,3,10,7,1,7,1,1,8,1,17,19,1,21,121.6182759,25.0604437
114,05,24,17,15,2,04大安區,大安區市民大道3段286號前迴轉道,0,0,1,1,B01,6,6,5,40,3,1,1,4,4,5,13,4,4,1,5,5,2,17,1,56,3,10,7,1,7,5,1,4,1,17,8,1,21,121.5429129,25.0446502
114,05,24,18,08,2,11南港區,南港區南港路1段與興華路口口,0,0,1,1,B03,6,5,5,50,4,1,1,4,4,5,13,2,1,5,4,4,2,17,1,31,3,10,7,1,7,8,1,8,1,17,100,1,21,121.6058965,25.0542521
114,05,24,18,30,2,12內湖區,內湖區陽光街與陽光街92巷14弄口,0,0,1,1,B03,6,5,5,50,3,1,1,4,4,5,13,4,4,9,5,5,2,16,1,50,3,10,7,1,7,6,1,8,2,6,9,1,21,121.5860046,25.0754484
114,05,24,18,39,2,12內湖區,內湖區舊宗路2段與舊宗路2段121巷口,0,0,1,1,B03,6,5,5,50,4,2,1,4,4,5,13,2,1,2,4,5,2,17,1,62,3,10,3,4,7,8,1,8,9,17,100,2,21,121.5797282,25.06869243
114,05,24,19,19,2,05中正區,中正區中華路2段與中華路2段309巷口,0,0,1,1,B03,6,5,5,40,3,2,1,4,4,5,13,4,4,9,4,4,2,17,1,46,3,10,7,1,7,1,1,8,2,17,19,1,22,121.5054676,25.0285058
114,05,24,20,44,2,05中正區,中正區南海路60號對面,0,0,1,1,C03,6,5,5,50,14,9,1,4,4,5,13,4,4,5,4,5,2,12,2,28,2,8,5,1,7,8,1,10,1,12,100,1,22,121.5089639,25.0300199
114,05,24,20,50,2,01大同區,大同區承德路3段與敦煌路口,0,0,1,1,B03,6,5,5,50,4,1,1,4,4,5,13,1,1,1,4,5,2,17,1,27,3,10,7,1,7,6,1,8,2,6,9,1,21,121.5202534,25.075099
114,05,24,20,55,2,01大同區,大同區承德路3段與民權西路口,0,0,1,1,C03,6,5,5,50,4,2,1,4,4,5,13,1,1,1,4,5,2,17,1,18,4,11,5,1,7,15,1,10,11,15,9,2,21,121.5184546,25.0630082
114,05,24,21,43,2,04大安區,大安區辛亥路1段與溫州街口,0,0,1,1,B01,6,5,5,30,4,1,1,4,4,5,13,2,1,1,4,4,2,17,1,61,3,10,7,1,7,9,1,4,9,17,81,1,21,121.5332209,25.0226772
114,05,24,21,52,2,03中山區,中山區新生北路3段3巷與中原街口,0,0,1,1,B03,6,5,5,30,4,1,1,4,4,5,8,4,4,9,5,5,2,16,1,26,3,10,3,4,7,6,1,8,1,5,72,1,21,121.5290069,25.06320762
114,05,24,22,00,2,03中山區,中山區長安東路2段與復興北路口,0,0,1,1,C03,6,5,5,50,4,1,1,4,4,5,13,1,1,1,4,5,2,17,1,23,2,9,5,4,7,9,1,10,1,17,44,1,21,121.5438523,25.0484539
114,05,24,22,20,2,08士林區,士林區前港街與後港街口,0,0,2,1,C03,6,5,8,30,4,1,1,4,1,5,13,4,4,10,5,5,1,17,1,31,2,9,5,1,7,9,1,10,1,12,75,1,21,121.52307,25.11564966
114,05,24,22,50,2,08士林區,士林區仰德大道1段110號,0,0,2,1,C03,6,5,5,40,14,9,1,4,4,5,13,1,1,4,5,5,2,17,1,23,2,7,6,1,7,9,1,10,2,11,81,1,21,121.5367063,25.1081113
114,05,24,23,34,2,01大同區,大同區長安西路與重慶北路1段口口,0,0,1,1,B02,7,5,5,50,4,1,1,4,4,5,13,2,1,5,5,5,2,16,1,33,3,10,7,1,7,5,1,15,1,1,8,1,21,121.5139208,25.0515876
114,05,25,00,10,2,04大安區,大安區光復南路與光復南路692巷口,0,0,1,1,B01,7,5,5,50,14,9,1,4,4,5,13,1,1,10,5,5,2,17,1,56,3,10,3,4,7,8,1,4,9,17,100,2,21,121.5573234,25.0300729
114,05,25,00,20,2,03中山區,中山區林森北路399巷與林森北路口,0,0,1,1,B03,7,5,5,30,3,18,1,4,4,5,13,1,1,9,4,5,2,3,1,31,3,10,7,1,7,6,1,4,11,1,70,2,21,121.5261334,25.0590856
114,05,25,06,10,2,01大同區,大同區鄭州路與西寧北路口,0,0,2,1,B03,6,5,5,40,4,2,1,4,4,5,13,1,1,1,4,5,2,17,1,64,3,10,3,4,7,8,1,8,9,17,100,1,21,121.5084713,25.0505728
114,05,25,06,13,2,05中正區,中正區中華路2段與愛國西路口,0,0,2,1,C03,6,7,5,50,4,1,1,4,4,5,13,1,1,1,4,5,2,13,1,33,2,9,5,1,7,9,1,10,1,11,108,1,22,121.5068095,25.0368357
114,05,25,07,52,2,08士林區,士林區凱旋路61巷4弄美國渡假村前,0,0,1,1,C03,6,6,5,30,14,9,1,4,4,5,13,4,4,10,5,5,2,11,1,26,3,10,6,1,7,9,1,10,1,14,102,1,21,121.5417917,25.1362735
114,05,25,08,26,2,03中山區,中山區建國北路2段與長春路口,0,0,1,1,B01,6,6,5,50,4,1,1,4,4,5,13,2,1,2,4,5,2,17,1,70,3,10,7,1,7,6,1,8,1,17,9,1,21,121.5370043,25.054318
114,05,25,10,18,2,01大同區,大同區酒泉街與迪化街2段口,0,0,2,1,C03,6,5,5,50,14,9,1,4,4,5,13,1,1,9,4,5,1,17,1,75,3,10,3,4,7,5,1,10,1,17,8,1,21,121.5126552,25.0721218
114,05,25,10,42,2,07信義區,信義區光復南路與仁愛路4段口,0,0,1,1,B03,6,7,5,50,4,2,1,4,4,5,13,1,1,1,4,5,2,17,1,51,3,10,3,4,7,14,1,8,1,2,40,1,21,121.557666,25.0373521
114,05,25,12,15,2,04大安區,大安區忠孝東路4段與敦化南路1段口,0,0,1,1,C03,7,5,5,50,5,1,1,4,4,5,13,1,1,3,3,5,2,17,1,27,3,10,6,1,7,8,1,10,1,17,100,1,21,121.5487702,25.0413993
114,05,25,12,35,2,04大安區,大安區基隆路3段與基隆路3段155巷口,0,0,1,1,B03,8,6,5,50,4,1,1,4,4,5,13,1,1,1,4,4,2,17,1,57,3,10,7,1,7,11,1,8,2,8,10,1,21,121.5424528,25.0157308
114,05,25,12,40,2,07信義區,信義區富陽街55巷與富陽街87巷口,0,0,1,1,C03,6,7,5,30,4,2,1,4,4,5,13,4,4,10,5,5,2,17,1,43,3,10,3,4,7,9,1,10,1,14,108,1,21,121.558748,25.0222209
114,05,25,12,44,2,08士林區,士林區百齡橋東往西,0,0,1,1,B01,6,5,5,50,8,9,1,4,4,5,13,4,4,1,4,5,2,13,1,49,2,9,7,1,7,9,1,4,1,1,16,1,21,121.5119845,25.0880221
114,05,25,12,57,2,10文山區,文山區興隆路4段(近木柵路2段),0,0,2,1,C03,7,6,8,50,22,22,1,4,4,5,13,1,1,1,5,5,2,18,1,18,2,8,3,4,7,14,1,10,2,14,42,1,22,121.56024,24.9886222
114,05,25,13,00,2,11南港區,南港區研究院路1段與研究院路1段101巷口,0,0,1,1,C03,7,6,5,50,4,2,1,4,4,5,13,1,1,5,4,5,2,17,1,86,2,8,5,1,7,5,1,10,1,14,96,1,21,121.6159985,25.0519375
114,05,25,13,02,2,11南港區,南港區舊莊街1段與舊莊街1段91巷口,0,0,1,1,C03,6,6,5,50,3,1,1,4,4,5,13,3,1,5,5,4,2,16,2,32,3,10,6,1,7,5,1,10,1,17,8,1,21,121.6191351,25.0407557
114,05,25,14,48,2,07信義區,信義區忠孝東路5段與忠孝東路5段22巷口,0,0,1,1,A02,7,6,5,50,3,2,1,4,4,5,13,1,1,4,3,5,2,17,1,64,3,10,7,1,7,6,1,2,9,17,44,1,21,121.5662856,25.0410666
114,05,25,14,49,2,05中正區,中正區重慶南路3段與汀州路2段口,0,0,1,1,B03,6,7,5,50,4,1,1,4,4,5,13,1,1,2,4,5,2,17,2,25,3,10,7,1,7,5,1,8,1,17,71,1,22,121.516256,25.0258496
114,05,25,15,10,2,10文山區,文山區和平東路4段326號,0,0,1,1,A02,6,6,5,40,14,9,1,4,4,5,13,4,4,5,5,5,2,13,1,58,3,10,7,1,7,14,1,2,2,7,44,1,21,121.5738778,24.9995696
114,05,25,15,35,2,05中正區,中正區市民大道1段與中山北路1段口,0,0,1,1,C03,8,7,5,40,4,1,1,5,4,5,13,1,1,10,5,5,2,12,1,47,3,10,5,1,7,8,1,10,2,12,100,1,26,121.5206168,25.0479537
114,05,25,16,00,2,12內湖區,內湖區瑞光路與港墘路口,0,0,1,1,B03,6,5,5,50,4,1,1,4,4,5,13,2,1,1,4,5,1,15,1,59,3,10,7,1,7,9,1,8,1,2,81,1,21,121.5749804,25.0763992
114,05,25,16,25,2,03中山區,中山區南京東路1段31巷與中山北路2段11巷口,0,0,1,1,F03,7,7,5,30,3,1,1,5,4,5,13,4,4,10,5,5,1,17,2,67,2,8,5,1,7,6,8,20,1,11,72,1,21,121.5183568,25.04847309
114,05,25,17,05,2,08士林區,士林區文林路30號,0,0,2,1,C03,8,7,5,50,14,9,1,5,4,5,13,4,4,5,4,5,1,3,2,29,2,5,6,1,7,9,1,10,2,11,70,1,21,121.5255648,25.0866519
114,05,25,17,16,2,01大同區,大同區淡水河濱自行車道,0,0,1,1,F01,7,6,8,0,22,23,1,5,4,5,13,4,4,10,5,5,2,17,1,13,3,10,3,4,7,1,8,20,1,11,19,1,21,121.5064241,25.0544372
114,05,25,17,27,2,08士林區,士林區延平北路5段與延平北路5段302巷口,0,0,1,1,C03,8,6,5,50,4,1,1,5,4,5,13,1,1,1,5,5,1,16,1,19,2,8,5,1,7,9,1,10,1,11,108,1,21,121.5095442,25.0858351
114,05,25,17,28,2,06松山區,松山區民權東路3段與敦化北路口,0,0,1,1,C03,8,5,5,50,4,1,1,5,4,5,13,1,1,9,4,5,2,12,2,41,2,9,5,4,7,6,1,10,1,14,9,1,22,121.5509476,25.0612713
114,05,25,17,43,2,06松山區,松山區長春路與長春路339巷口,0,0,1,1,B03,8,6,5,30,4,2,1,5,4,5,13,4,4,4,3,4,2,15,1,36,3,10,7,1,7,9,1,8,9,1,80,1,22,121.5447691,25.0546448
114,05,25,18,51,2,11南港區,南港區向陽路124號,0,0,1,1,C03,7,5,5,50,14,9,1,5,4,5,13,3,1,3,4,2,2,12,1,25,2,7,5,4,7,8,1,10,1,12,100,1,22,121.5950055,25.0545179
114,05,25,19,23,2,10文山區,文山區秀明路1段與久康街口口,0,0,1,1,C03,7,5,5,50,4,1,1,5,4,5,13,2,1,3,5,5,2,16,2,21,2,9,5,1,7,5,1,10,1,13,8,1,21,121.5649809,24.9898139
114,05,25,20,10,2,04大安區,大安區杭州南路2段61巷與潮州街55巷口,0,0,1,1,C03,8,5,5,30,4,1,1,5,4,5,13,4,4,10,5,5,2,15,2,19,2,9,6,1,7,9,1,10,1,12,44,1,21,121.5241866,25.0300373
114,05,25,20,15,2,03中山區,中山區龍江路292巷與龍江路口口,0,0,1,1,C03,7,5,5,30,5,1,1,5,4,5,13,4,4,9,4,5,2,17,1,62,2,9,3,4,7,9,1,10,1,14,72,1,21,121.5407499,25.0614319
114,05,25,20,25,2,07信義區,信義區忠孝東路5段215巷與虎林街120巷口口,0,0,3,1,B03,7,5,5,50,4,1,1,5,4,5,13,1,1,5,4,5,2,13,1,30,2,9,3,4,7,5,1,8,2,1,16,1,22,121.5702438,25.0423243
114,05,25,20,30,2,10文山區,文山區信義快速道路文山隧道北往南,0,0,2,1,B03,8,5,8,70,6,9,1,5,4,5,13,4,4,10,2,5,1,13,1,51,2,9,7,1,7,9,1,8,2,1,16,1,21,121.5812481,25.0095359
114,05,25,20,50,2,08士林區,士林區至善路1段與福林路254巷口,0,0,1,1,C03,7,5,5,40,3,1,1,5,4,5,13,3,1,1,4,4,2,18,1,22,2,9,6,1,7,9,1,10,1,12,108,1,25,121.5377266,25.09822325
114,05,25,21,23,2,05中正區,中正區汀州路2段與廈門街口,0,0,2,1,F01,7,5,5,50,4,1,1,5,4,5,13,1,1,5,5,5,2,17,2,21,2,8,4,1,7,5,8,20,1,14,8,1,22,121.5174371,25.0254562
114,05,25,21,41,2,05中正區,中正區中華路2段與愛國西路口,0,0,1,1,F01,8,5,5,50,5,2,1,5,4,5,13,1,1,1,4,5,2,17,1,19,3,10,4,1,7,9,8,20,1,12,81,1,16,121.5070172,25.0369989
114,05,25,21,49,2,02萬華區,萬華區西園路1段與西園路1段212巷口,0,0,1,1,A02,7,5,5,40,14,9,1,5,4,5,13,4,4,1,4,4,2,9,4,0,,,,,,,,,,,119,2,,121.4993256,25.0358472
114,05,25,22,33,2,07信義區,信義區永吉路168號,0,0,1,1,F01,7,5,5,0,22,25,1,5,4,5,13,4,4,10,5,5,2,18,1,61,2,1,4,1,7,9,8,20,7,11,21,1,22,121.5707796,25.0455223
114,05,25,23,09,2,01大同區,大同區忠孝橋機慢車道,0,0,3,1,C03,7,5,5,40,8,11,1,5,4,5,13,4,4,1,5,5,2,17,2,25,3,10,6,1,7,9,1,10,2,17,44,1,21,121.5064615,25.0490287
114,05,25,23,13,2,05中正區,中正區三元街與寧波西街口,0,0,1,1,B03,8,5,5,50,4,1,1,5,4,5,13,1,1,3,4,4,2,15,1,26,3,10,7,1,7,9,1,8,1,7,81,1,21,121.5113824,25.0280083
114,05,26,02,57,2,09北投區,北投區大業路與承德路7段口,0,0,1,1,C03,7,5,5,50,5,2,1,5,4,5,13,1,1,1,4,3,2,29,1,33,2,9,5,1,7,5,1,10,7,11,21,1,21,121.4998075,25.1207292
114,05,26,06,51,2,09北投區,北投區東昇路與東昇路12巷口,0,0,1,1,B03,6,6,5,50,4,1,1,4,4,5,13,3,1,4,5,5,1,16,1,55,3,10,7,1,7,6,1,8,2,2,9,1,21,121.523121,25.1458527
114,05,26,07,33,2,05中正區,中正區福州街與南昌路2段口,0,0,1,1,A02,6,7,5,50,4,18,1,4,4,5,13,2,1,5,5,5,2,2,2,52,3,10,7,1,7,5,1,2,9,15,44,2,21,121.5188892,25.0289081
114,05,26,07,54,2,05中正區,中正區忠孝東路2段101號,0,0,1,1,A02,6,6,5,50,14,9,1,4,4,5,13,4,4,1,4,5,2,17,1,49,3,10,7,1,7,14,1,2,9,17,38,1,21,121.5316896,25.042741
114,05,26,08,01,2,11南港區,南港區經貿二路185巷與經貿一路口,0,0,1,1,B03,6,7,5,50,3,2,1,4,4,5,13,4,4,1,4,5,2,12,1,55,3,10,7,1,7,7,1,8,1,5,100,1,21,121.6173734,25.0617621
114,05,26,08,05,2,07信義區,信義區忠孝東路5段236巷與忠孝東路5段236巷27弄口,0,0,2,1,C03,6,6,5,30,4,1,1,4,4,5,13,4,4,9,5,5,2,16,1,46,2,8,5,1,7,5,1,10,1,14,72,1,21,121.5718691,25.0385366
114,05,26,08,06,2,05中正區,中正區牯嶺街83號,0,0,1,1,F01,6,7,5,50,14,9,1,4,4,5,13,4,4,5,4,5,2,18,2,54,2,9,4,1,7,6,8,20,9,12,99,1,22,121.5183475,25.0275471
114,05,26,08,20,2,10文山區,文山區木柵路4段96之2號,0,0,2,1,C03,7,5,5,50,14,9,1,4,4,5,13,4,4,4,4,5,2,13,1,28,2,9,3,4,7,7,1,10,1,11,16,1,22,121.5751654,24.9988473
114,05,26,08,30,2,04大安區,大安區基隆路3段與辛亥路3段口,0,0,1,1,A02,6,6,5,50,14,9,1,4,4,5,12,2,1,10,5,5,2,13,1,55,3,10,3,4,7,9,1,2,1,5,44,1,21,121.5463185,25.0186849
114,05,26,08,35,2,05中正區,中正區市民高架道與市民高架道口往東 重慶北路匝道旁,0,0,2,1,C02,6,6,5,80,8,9,1,4,4,5,13,4,4,5,4,5,1,17,2,49,2,9,6,4,7,9,1,9,1,13,42,1,22,121.5312717,25.045509
114,05,26,08,40,2,03中山區,中山區復興北路376號,0,0,1,1,B03,6,7,5,50,14,9,1,4,4,5,13,4,4,1,4,5,2,12,2,55,3,10,7,1,7,1,1,8,1,4,19,1,21,121.5442439,25.0608409
114,05,26,08,53,2,09北投區,北投區天母西路101巷與天母西路口,0,0,1,1,B03,6,6,5,30,4,1,1,4,4,5,13,4,4,10,5,5,2,17,2,76,3,10,7,1,7,5,1,8,1,8,72,1,21,121.5238787,25.1186877
114,05,26,08,55,2,01大同區,大同區重慶北路2段與民權西路口,0,0,1,1,B03,6,6,5,0,4,2,1,4,4,5,13,2,1,1,5,5,2,12,1,39,3,10,7,1,7,9,1,8,2,2,44,1,22,121.5134872,25.062804
114,05,26,09,10,2,10文山區,文山區木柵路4段54號,0,0,1,1,A02,8,6,5,50,14,9,1,4,4,5,13,4,4,5,4,5,1,9,1,51,3,10,7,1,7,14,1,2,1,17,44,1,21,121.5739878,24.9975894
114,05,26,09,16,2,01大同區,大同區延平北路3段61巷8號,0,0,2,1,C04,6,5,5,30,14,9,1,4,4,5,13,4,4,10,5,5,2,3,2,74,2,9,5,1,7,1,1,11,1,11,108,1,22,121.5113882,25.0656095
114,05,26,09,45,2,11南港區,南港區南港路1段與興中路口,0,0,1,1,C03,7,6,5,50,4,2,1,4,4,5,13,1,1,5,4,5,2,17,1,73,2,7,5,1,7,9,1,10,1,11,44,1,21,121.6074487,25.0544424
114,05,26,09,52,2,08士林區,士林區至誠路1段與雨農路口,0,0,1,1,B01,7,6,5,50,3,1,1,4,4,5,13,1,1,5,4,5,1,16,2,48,3,10,3,4,7,6,1,4,1,5,9,1,22,121.5328931,25.1015067
114,05,26,10,09,2,01大同區,大同區重慶北路2段與保安街口,0,0,1,1,C03,6,7,5,50,4,2,1,4,4,3,13,1,1,5,5,5,2,13,2,56,2,9,6,1,7,9,1,10,2,11,108,1,21,121.5138641,25.0592207
114,05,26,10,20,2,08士林區,士林區延平北路6段258巷34號,0,0,1,1,C03,6,7,5,30,14,9,1,4,4,5,13,4,4,10,5,5,1,17,2,75,2,9,6,1,7,1,1,10,1,11,19,1,21,121.5232059,25.11634626
114,05,26,10,50,2,06松山區,松山區敦化南路1段與市民大道4段口,0,0,1,1,C03,6,6,5,50,4,1,1,4,4,5,13,1,1,1,3,4,2,18,2,29,2,9,6,1,7,9,1,10,11,14,42,1,21,121.5491437,25.044922
114,05,26,10,58,2,08士林區,士林區中正路與重陽橋口下迴轉道,0,0,1,1,B02,6,6,5,50,3,2,1,4,4,5,13,4,4,1,4,5,2,17,1,60,3,10,7,1,7,5,1,8,1,17,72,1,21,121.5085661,25.0866714
114,05,26,11,05,2,09北投區,北投區石牌路2段與裕民一路口,0,0,1,1,B03,6,6,5,30,4,1,1,4,4,5,13,1,1,10,5,5,2,17,1,65,3,10,7,1,7,5,1,8,1,8,71,1,21,121.5160518,25.1167218
114,05,26,11,09,2,04大安區,大安區敦化南路1段與敦化南路1段270巷口,0,0,1,1,B03,6,6,5,30,3,4,1,4,4,5,13,4,4,1,4,5,2,17,2,68,3,10,7,1,7,6,1,8,1,1,108,1,21,121.5485834,25.03887349
114,05,26,11,35,2,07信義區,信義區吳興街284巷22弄92-1號附近側附近,0,0,1,1,B12,6,7,5,30,14,9,1,4,4,5,13,4,4,10,5,5,1,17,1,37,3,10,3,4,7,1,1,4,1,17,19,1,21,121.5608734,25.0240382
114,05,26,11,38,2,07信義區,信義區嘉興街249號,0,0,1,1,C03,6,7,5,30,14,9,1,4,4,5,13,4,4,9,5,5,2,3,1,34,3,10,3,4,7,9,1,10,1,11,108,1,21,121.5635094,25.02706636
114,05,26,11,52,2,12內湖區,內湖區新明路219巷3號潭美街上,0,0,2,1,B03,7,6,5,40,14,9,1,4,4,5,13,4,4,10,4,5,1,17,2,70,3,10,7,1,7,11,1,8,1,8,10,1,21,121.5874251,25.0570778
114,05,26,12,30,2,06松山區,松山區八德路4段654號,0,0,1,1,C03,6,6,5,40,14,8,1,4,4,5,13,4,4,1,4,4,2,17,1,40,3,10,6,1,7,7,1,10,9,17,100,1,21,121.5751418,25.0499259
114,05,26,12,48,2,09北投區,北投區中央南路1段與中正街口,0,0,2,1,C03,6,6,5,50,4,1,1,4,4,5,13,4,4,5,4,5,2,3,1,23,2,8,5,1,7,9,1,10,1,11,70,1,21,121.5013315,25.13195637
114,05,26,13,00,2,08士林區,士林區劍潭路與承德路4段口,0,0,1,1,B03,6,7,5,50,4,1,1,4,4,5,13,1,1,1,5,5,2,17,1,73,3,10,7,1,7,5,1,8,1,1,71,1,21,121.5235943,25.08404912
114,05,26,13,20,2,09北投區,北投區大度路3段機車優先道往台北方向第1208577號燈桿旁,0,0,1,1,C03,6,6,5,50,14,12,1,4,4,5,13,4,4,1,4,1,1,17,2,21,2,9,5,1,7,9,1,10,1,14,118,1,21,121.4800906,25.1221802
114,05,26,14,00,2,09北投區,北投區公館路與三合街1段口,0,0,1,1,B02,6,5,5,40,4,2,1,4,4,5,13,2,1,5,4,5,2,12,1,46,3,10,7,1,7,8,1,8,1,4,100,1,21,121.5074033,25.12766833
114,05,26,14,28,2,08士林區,士林區中山北路5段與中正路口,0,0,1,1,B03,6,6,5,50,4,2,1,4,4,5,13,2,1,5,4,5,2,13,1,60,3,10,7,1,7,9,1,8,1,1,108,1,21,121.5279733,25.0956037
114,05,26,14,43,2,10文山區,文山區景華街與景華街49巷口口,0,0,1,1,F01,6,6,5,50,3,1,1,4,4,5,13,4,4,9,5,5,2,16,1,82,2,9,4,1,7,5,8,20,1,14,8,1,21,121.5429448,24.9950148
114,05,26,14,44,2,02萬華區,萬華區艋舺大道與西藏路口,0,0,1,1,C03,6,6,5,50,4,1,1,4,4,5,13,2,1,9,4,1,2,12,2,31,2,9,6,4,7,9,1,10,1,12,17,1,22,121.4915347,25.0289581
114,05,26,15,27,2,10文山區,文山區忠順街1段與忠順街1段9巷口口,0,0,1,1,C04,6,6,5,30,3,1,1,4,4,5,13,3,1,10,5,5,1,16,2,51,2,8,6,1,7,6,1,11,1,11,72,1,21,121.5569859,24.9835883
114,05,26,15,40,2,03中山區,中山區民族東路與新生北路3段口,0,0,1,1,B01,6,7,5,50,4,1,1,4,4,5,13,2,1,9,4,5,2,17,1,68,3,10,7,1,7,6,1,4,1,2,9,1,21,121.5280531,25.068466
114,05,26,15,50,2,05中正區,中正區重慶南路1段與開封街1段口,0,0,2,1,C03,6,6,5,50,4,1,1,4,4,5,13,1,1,10,4,5,2,16,2,18,2,7,6,4,7,5,1,10,2,14,8,1,22,121.5132323,25.04581484
114,05,26,15,53,2,03中山區,中山區松江路26巷與松江路口,0,0,1,1,B03,6,5,5,50,4,1,1,4,4,5,13,1,1,5,5,5,2,16,1,34,3,10,3,4,7,5,1,8,1,8,8,1,21,121.5330209,25.04701897
114,05,26,16,00,2,08士林區,士林區故宮路與故宮路48巷口,0,0,2,1,B03,6,6,5,50,4,2,1,4,4,5,13,1,1,3,4,5,2,17,1,72,3,10,3,4,7,9,1,8,1,1,108,1,21,121.5472904,25.0963936
114,05,26,16,35,2,05中正區,中正區延平南路與衡陽路口,0,0,1,1,B01,6,7,5,50,4,1,1,4,4,5,13,1,1,10,4,5,2,17,1,56,3,10,3,4,7,5,1,4,2,17,8,1,21,121.5096388,25.0421804
114,05,26,16,40,2,05中正區,中正區懷寧街與衡陽路口,0,0,1,1,C03,6,7,6,50,3,1,1,4,4,5,13,1,1,5,5,5,2,16,2,71,2,7,5,1,7,5,1,10,2,12,74,1,26,121.5140161,25.0422828
114,05,26,16,50,2,05中正區,中正區重慶南路1段136巷與重慶南路口側附近1段口,0,0,1,1,B03,6,7,5,50,3,1,1,3,4,5,13,4,4,9,4,5,2,16,2,23,3,10,7,1,7,5,1,8,1,2,74,1,27,121.5124936,25.03626