發生年度,發生月,發生日,發生時-Hours,發生分,處理別-編號,區序,肇事地點,死亡人數,2-30日死亡人數,受傷人數,當事人序號,車種,天候,光線,道路類別,速限-速度限制,道路型態,事故位置,路面狀況1,路面狀況2,路面狀況3,道路障礙1,道路障礙2,號誌1,號誌2,車道劃分-分向,車道劃分-分道1,車道劃分-分道2,車道劃分-分道3,事故類型及型態,性別,年齡,受傷程度,主要傷處,保護裝置,行動電話,車輛用途,當事者行動狀態,駕駛資格情形,駕駛執照種類,飲酒情形,車輛撞擊部位1,肇因碼-個別,個人肇逃否,職業,座標-X,座標-Y
114,05,26,17,18,2,10文山區,文山區木柵路4段157號,0,0,1,1,B03,7,5,5,50,14,9,1,4,4,5,13,4,4,4,4,5,2,17,1,54,3,10,3,4,7,6,1,8,1,2,9,1,22,121.5754643,24.9995347
114,05,26,17,42,2,12內湖區,內湖區民權東路6段11巷與瑞光路76巷口,0,0,1,1,B12,6,6,5,50,3,2,1,4,4,5,13,4,4,5,4,5,1,17,1,59,3,10,7,1,7,6,1,8,1,5,9,1,21,121.5781096,25.0675784
114,05,26,17,55,2,12內湖區,內湖區民權東路6段與民權東路6段46巷口,0,0,1,1,B03,7,5,5,50,14,9,1,4,4,5,13,4,4,1,3,5,1,17,2,75,4,11,3,4,7,8,1,8,11,17,100,2,21,121.5812594,25.0677636
114,05,26,17,57,2,02萬華區,萬華區環河南路1段與峨眉街口,0,0,1,1,B03,6,5,5,30,3,1,1,4,4,5,13,4,4,9,4,5,2,17,1,26,3,10,7,4,7,6,1,8,1,4,9,1,22,121.5012662,25.04466256
114,05,26,18,06,2,08士林區,士林區延平北路6段460號,0,0,1,1,B03,7,5,5,50,14,9,1,4,4,5,13,4,4,1,3,5,1,17,1,50,5,1,3,4,7,9,1,8,2,1,22,1,22,121.4991282,25.0927987
114,05,26,18,11,2,01大同區,大同區重慶北路2段與民生西路口,0,0,1,1,C03,6,6,5,50,5,1,1,4,4,5,13,2,1,1,4,5,2,17,2,36,3,10,5,4,7,5,1,10,9,17,8,2,21,121.5138555,25.05700497
114,05,26,18,50,2,07信義區,信義區信義路5段8號,0,0,1,1,C03,7,5,8,50,22,22,1,4,4,5,13,4,4,1,4,5,2,17,2,24,2,9,6,1,7,8,1,10,2,14,100,1,22,121.5609094,25.032978
114,05,26,18,56,2,12內湖區,內湖區舊宗路2段與舊宗路口側附近2段213巷口,0,0,1,1,B03,7,5,5,50,3,2,1,5,4,5,13,4,4,4,5,5,2,3,1,60,3,10,7,1,7,6,1,8,2,1,70,1,21,121.5736007,25.0731032
114,05,26,19,00,2,05中正區,中正區重慶南路3段與和平西路1段口,0,0,1,1,C03,6,5,5,50,5,1,1,4,4,5,13,1,1,1,4,5,2,17,1,23,2,9,6,1,7,6,1,10,1,12,108,1,21,121.5159594,25.0275689
114,05,26,19,10,2,12內湖區,內湖區內湖路1段117號對面,0,0,2,1,C03,6,5,5,40,14,8,1,4,4,5,13,4,4,1,4,4,2,17,1,49,2,9,6,1,7,9,6,18,2,13,118,1,21,121.5617008,25.0840871
114,05,26,20,13,2,06松山區,松山區市民大道4段與復興南路1段口,0,0,1,1,B03,7,5,5,40,4,1,1,5,4,5,13,2,1,1,4,5,2,17,2,48,4,11,3,4,7,7,1,8,11,17,100,2,21,121.5439791,25.044975
114,05,26,20,27,2,04大安區,大安區忠孝東路4段與敦化南路1段口,0,0,1,1,B03,7,5,5,50,4,1,1,5,4,5,13,2,1,1,4,5,2,16,1,22,3,10,7,1,7,6,1,8,1,2,80,1,21,121.5485831,25.0416563
114,05,26,20,55,2,07信義區,信義區松智路與松勤街口,0,0,1,1,B03,7,5,5,50,4,1,1,4,4,5,13,1,1,9,5,5,2,16,1,33,3,10,3,4,7,6,1,8,1,5,9,1,21,121.5653533,25.0320082
114,05,26,22,18,2,02萬華區,萬華區萬大路361號前(路面坑洞),0,0,2,1,,8,5,8,30,22,22,1,5,5,5,13,4,4,10,5,5,2,29,3,0,,,,,,,,,,,128,1,,121.4999405,25.0234141
114,05,26,22,26,2,04大安區,大安區辛亥路3段法律學院圖書館,0,0,1,1,C03,7,5,5,50,14,9,1,5,4,5,13,4,4,1,4,5,1,13,1,19,2,9,5,1,7,9,1,10,1,11,108,1,21,121.5451528,25.02031275
114,05,26,22,38,2,10文山區,文山區景文街142巷(景美國小停車場出入口),0,0,1,1,C03,8,5,5,30,14,9,1,5,4,5,13,4,4,10,5,5,2,17,1,20,2,9,6,1,7,1,1,10,1,14,19,1,21,121.5405577,24.98853121
114,05,27,01,47,2,04大安區,大安區羅斯福路5段與萬盛街口,0,0,2,1,C03,8,5,5,50,5,18,1,5,4,5,13,2,1,8,3,4,1,1,1,27,2,9,6,1,7,9,1,8,1,14,80,1,21,121.5382375,25.008165
114,05,27,03,58,2,03中山區,中山區民權東路2段與民權東路口側附近2段135巷口,0,0,1,1,B02,8,5,5,50,4,1,1,5,4,5,13,1,1,1,4,5,2,17,1,25,3,10,3,4,7,9,1,8,1,17,44,1,22,121.5349614,25.0625006
114,05,27,06,50,2,09北投區,北投區泉源路75號,0,0,1,1,C03,8,6,5,40,22,9,1,4,4,5,13,4,4,9,5,5,1,18,1,27,2,9,6,1,7,15,1,10,9,14,13,1,21,121.5194295,25.1432957
114,05,27,07,14,2,10文山區,文山區木柵路4段與萬芳路口,0,0,1,1,C03,8,6,5,50,4,1,1,5,4,5,13,2,1,10,5,5,2,13,2,61,2,8,6,1,7,9,1,10,1,11,16,1,21,121.5717531,24.9952533
114,05,27,07,20,2,10文山區,文山區老泉街0701974燈桿,0,0,1,1,C03,7,5,5,40,14,9,1,4,4,5,13,4,4,10,5,5,2,19,1,60,2,9,3,4,7,9,1,10,1,11,107,1,22,121.5589519,24.979313
114,05,27,07,43,2,11南港區,南港區忠孝東路6段與昆陽街口,0,0,3,1,C03,7,6,5,30,4,1,1,5,4,5,13,2,2,5,5,5,2,16,2,58,2,9,5,4,7,5,1,10,1,11,8,1,22,121.5940008,25.0504408
114,05,27,08,17,2,12內湖區,內湖區東湖路43巷31號,0,0,1,1,C03,7,6,5,30,14,9,1,5,4,5,13,4,4,10,5,5,2,17,1,74,3,10,5,1,7,5,1,10,9,17,8,1,21,121.6133381,25.070117
114,05,27,08,20,2,12內湖區,內湖區南京東路6段與金莊路口,0,0,2,1,C03,8,6,7,50,3,1,1,5,4,5,13,2,1,10,4,5,2,13,2,44,2,8,5,1,7,6,1,10,1,11,16,1,21,121.5884905,25.06218297
114,05,27,08,40,2,03中山區,中山區長安東路2段與遼寧街口,0,0,2,1,C03,8,6,5,50,4,1,1,5,4,5,13,2,1,5,4,5,2,16,1,58,2,9,6,1,7,5,1,10,1,11,98,1,21,121.5421731,25.0482587
114,05,27,08,45,2,02萬華區,萬華區西藏路與寶興街口,0,0,1,1,C03,7,6,5,30,5,1,1,5,4,5,13,2,1,1,4,5,2,17,1,27,3,10,6,1,7,5,1,10,1,12,8,1,21,121.492286,25.0284561
114,05,27,08,48,2,07信義區,信義區福德街與大道路口口,0,0,1,1,B03,8,6,5,50,4,2,1,5,4,5,13,2,1,1,4,5,2,17,1,35,3,10,3,4,7,6,1,8,1,8,9,1,22,121.5836169,25.038007
114,05,27,08,55,2,06松山區,松山區長春路與慶城街口,0,0,1,1,C03,7,6,5,50,4,1,1,4,4,5,13,2,1,5,5,5,2,17,1,47,2,9,5,4,7,9,1,10,1,17,44,1,22,121.5461356,25.0544508
114,05,27,09,08,2,03中山區,中山區南京東路3段與復興北路口,0,0,1,1,C03,8,7,5,50,4,2,1,5,4,5,13,2,1,1,4,4,2,17,1,37,2,8,5,1,7,9,1,10,1,14,108,1,21,121.5437124,25.0517838
114,05,27,09,39,2,01大同區,大同區民生西路186號,0,0,1,1,C03,8,6,5,50,14,9,1,5,4,5,13,4,4,5,2,5,2,17,2,49,2,9,5,4,7,9,1,10,1,12,108,1,21,121.5173018,25.05722325
114,05,27,09,44,2,12內湖區,內湖區堤頂大道2段與瑞光路478巷口,0,0,1,1,C03,8,6,5,50,4,1,1,5,4,5,13,2,1,10,4,5,2,17,1,18,2,9,6,1,7,9,1,10,1,14,108,1,21,121.5686642,25.0774888
114,05,27,11,25,2,08士林區,士林區格致路與光華路口,0,0,1,1,B02,8,7,5,30,3,3,1,5,4,5,13,4,4,10,4,5,1,17,1,24,3,10,7,1,7,9,1,8,2,8,44,1,21,121.5458904,25.13686413
114,05,27,11,26,2,01大同區,大同區民權西路144巷與民權西路102巷4弄口,0,0,2,1,C03,8,6,5,30,4,1,1,5,4,5,13,1,1,10,5,5,2,17,1,29,2,8,5,1,7,5,1,10,2,14,8,1,21,121.5159098,25.06163152
114,05,27,11,32,2,06松山區,松山區南京東路3段與敦化北路口,0,0,1,1,A04,7,6,5,50,14,10,1,5,4,5,13,2,1,1,3,4,2,9,1,35,3,10,7,1,7,14,1,1,9,15,44,1,22,121.5483774,25.0517386
114,05,27,11,45,2,07信義區,信義區基隆路1段與基隆路1段172巷口,0,0,2,1,B03,8,6,5,40,3,1,1,5,4,5,13,4,4,1,4,5,1,16,1,72,3,10,3,4,7,6,1,8,9,2,9,1,22,121.5653858,25.0430168
114,05,27,12,03,2,04大安區,大安區辛亥路2段217號,0,0,1,1,C02,8,6,5,50,14,7,1,5,4,5,13,4,4,1,3,1,2,12,1,31,2,7,5,1,7,7,1,9,1,14,100,1,22,121.5423736,25.0213616
114,05,27,12,09,2,10文山區,文山區指南路2段與新光路1段口,0,0,2,1,C03,8,6,5,40,5,1,1,5,4,5,13,2,1,10,5,5,2,16,2,51,2,9,6,1,7,5,1,10,1,12,71,1,21,121.573576,24.9881321
114,05,27,12,22,2,02萬華區,萬華區桂林路242巷與桂林路228巷11弄口,0,0,1,1,C03,8,7,5,50,5,1,1,5,4,5,13,1,1,1,4,5,2,12,1,30,2,9,3,4,7,7,1,10,1,12,77,1,22,121.4954715,25.0384275
114,05,27,12,46,2,04大安區,大安區仁愛路4段與四維路口,0,0,1,1,B03,8,5,5,30,4,2,1,5,4,5,13,4,4,8,3,5,1,16,1,69,3,10,7,1,7,6,1,8,1,8,73,1,21,121.5482214,25.0372723
114,05,27,12,55,2,07信義區,信義區莊敬路376號附近側附近,0,0,2,1,C03,8,7,5,40,14,18,1,5,4,5,13,4,4,5,4,4,2,3,1,18,2,8,5,4,7,9,1,10,2,11,44,1,21,121.5651014,25.0275604
114,05,27,13,09,2,05中正區,中正區愛國西路與公園路口,0,0,1,1,B03,8,6,5,50,4,1,1,5,4,5,13,1,1,1,4,5,1,16,2,47,3,10,7,1,7,5,1,8,2,8,8,1,22,121.5151726,25.0349786
114,05,27,13,12,2,04大安區,大安區基隆路4段73巷與基隆路4段口,0,0,1,1,B01,8,6,5,50,4,1,5,5,4,5,13,1,1,10,5,5,2,17,1,64,3,10,7,1,7,9,1,4,1,17,44,1,21,121.5394985,25.0129779
114,05,27,13,14,2,01大同區,大同區延平北路3段76號,0,0,1,1,B03,7,6,5,50,14,9,1,5,4,5,13,4,4,4,4,5,2,14,1,73,3,10,3,4,7,2,6,18,2,3,116,1,21,121.5109303,25.0656416
114,05,27,13,15,2,08士林區,士林區德行東路331巷與德行東路331巷52弄口,0,0,1,1,C03,8,6,5,30,4,1,1,5,4,5,13,4,4,10,5,5,1,16,2,44,2,9,6,1,7,9,1,10,1,11,72,1,22,121.5381429,25.1126139
114,05,27,13,32,2,04大安區,大安區金山南路2段與愛國東路口口,0,0,1,1,C03,8,6,5,50,4,1,1,5,4,5,13,2,1,3,4,5,2,15,1,22,2,8,5,1,7,6,1,10,1,11,9,1,22,121.5268731,25.0315398
114,05,27,13,37,2,06松山區,松山區民生東路4段與光復北路口,0,0,3,1,A01,7,6,5,50,4,2,1,5,4,5,13,1,1,1,3,5,2,9,1,61,3,10,3,4,7,12,1,2,1,17,118,1,21,121.5550439,25.0581991
114,05,27,13,45,2,10文山區,文山區指南路2段與萬壽路口,0,0,1,1,C03,8,6,5,40,3,1,1,5,4,3,10,3,1,10,5,5,2,13,2,43,2,7,6,1,7,9,1,10,1,11,16,1,21,121.5757698,24.9876742
114,05,27,13,45,2,10文山區,文山區羅斯福路4段與基隆路4段口口,0,0,1,1,B03,8,6,5,50,5,1,1,5,4,5,13,2,1,1,4,5,2,15,1,71,3,10,7,1,7,9,1,8,1,2,81,1,21,121.5370322,25.0109216
114,05,27,13,48,2,01大同區,大同區民生西路與萬全街口,0,0,1,1,C03,8,6,5,50,4,2,1,5,4,5,13,1,1,5,2,5,2,17,1,31,2,8,5,1,7,9,1,10,1,11,16,1,21,121.520672,25.05766835
114,05,27,13,50,2,06松山區,松山區民權大橋往松山7510489燈桿,0,0,1,1,C03,8,6,5,50,8,9,1,5,4,5,13,4,4,8,3,4,1,16,1,68,3,10,3,1,7,4,1,10,1,14,108,1,21,121.5667874,25.0634388
114,05,27,14,08,2,02萬華區,萬華區萬大路493巷與萬大路449巷10弄口,0,0,1,1,C03,7,7,5,30,4,1,5,5,4,5,13,4,4,10,5,5,2,15,2,74,2,9,3,4,7,9,3,18,1,11,72,1,22,121.4982822,25.0199008
114,05,27,14,12,2,07信義區,信義區信義路4段與基隆路2段口,0,0,1,1,C03,8,6,5,50,4,1,1,5,4,5,13,2,1,1,4,5,1,16,2,56,2,9,3,4,7,5,1,10,1,12,108,1,22,121.5593572,25.0328501
114,05,27,14,18,2,07信義區,信義區忠孝東路5段790巷28號,0,0,1,1,F03,8,7,5,30,14,9,1,5,4,5,13,4,4,10,5,5,2,11,2,43,3,10,3,4,7,9,8,20,1,11,5,1,21,121.5829351,25.0421529
114,05,27,15,00,2,09北投區,北投區學園路1號大門口往南50公尺處,0,0,2,1,C03,8,6,5,40,14,9,1,5,4,5,13,4,4,5,5,5,2,13,1,20,2,8,6,1,7,9,1,10,1,11,16,1,25,121.4658928,25.1290913
114,05,27,15,07,2,03中山區,中山區中山北路1段與長安東路1段口,0,0,1,1,B02,8,7,5,50,4,1,1,5,4,5,13,2,1,9,4,5,2,12,1,74,3,10,7,1,7,6,1,8,1,5,9,1,21,121.5216957,25.04975978
114,05,27,15,16,2,12內湖區,內湖區成功路2段與成功路2段323巷口,0,0,1,1,C03,8,7,5,50,14,9,1,5,4,5,13,1,1,1,5,5,1,17,2,70,4,11,5,1,7,15,1,10,11,15,100,2,21,121.5901512,25.0705885
114,05,27,15,30,2,09北投區,北投區明德路與明德路150巷口,0,0,1,1,B03,8,5,5,50,3,1,1,5,4,5,13,1,1,5,4,5,2,13,1,57,3,10,3,4,7,5,6,8,1,8,16,1,21,121.5207923,25.1106597
114,05,27,15,33,2,09北投區,北投區湖山路1段與湖山路2段口,0,0,1,1,B03,8,5,5,30,4,1,1,5,4,5,13,4,4,5,4,5,2,16,1,53,3,10,7,1,7,5,1,8,1,8,8,1,21,121.5398739,25.15709359
114,05,27,16,25,2,07信義區,信義區忠孝東路5段372巷與忠孝東路5段236巷3弄口,0,0,1,1,F01,7,6,5,30,4,1,1,5,4,5,13,4,4,8,3,5,2,17,1,16,2,9,3,4,7,9,8,20,1,12,72,1,21,121.5740396,25.0403545
114,05,27,16,32,2,06松山區,松山區南京東路5段123巷與南京東路5段123巷2弄口,0,0,2,1,C03,7,5,5,50,4,1,1,5,4,5,13,4,4,9,5,5,2,17,1,68,3,10,6,1,7,15,1,10,1,13,14,1,21,121.5607937,25.05207851
114,05,27,16,45,2,02萬華區,萬華區西寧南路與忠孝西路2段口,0,0,1,1,B03,8,5,5,50,4,1,1,5,4,5,13,1,1,9,4,5,2,17,1,33,3,10,7,4,7,6,1,8,1,2,9,1,21,121.5086806,25.05152844
114,05,27,16,55,2,05中正區,中正區古亭河濱公園147號燈桿,0,0,2,1,F02,8,7,8,30,22,22,1,5,4,5,13,4,4,9,5,5,1,9,1,15,2,9,4,1,7,9,8,20,2,11,108,1,21,121.5251252,25.0141668
114,05,27,16,59,2,03中山區,中山區松江路與長安東路2段口,0,0,1,1,A02,8,7,5,50,4,2,1,5,4,5,13,1,1,1,4,5,2,9,4,0,,,,,,,,,,,119,2,,121.5329551,25.0485616
114,05,27,17,11,2,10文山區,文山區老泉街與老泉街口,0,0,1,1,C03,8,6,5,40,14,9,2,5,4,5,13,3,1,10,5,5,2,18,1,28,2,9,5,4,7,9,1,10,1,11,118,1,21,121.5575981,24.9762414
114,05,27,17,12,2,05中正區,中正區博愛路與愛國西路口口,0,0,2,1,B03,8,6,5,30,4,1,1,5,4,5,13,1,1,1,5,4,1,17,1,53,3,10,7,1,7,6,1,8,2,2,17,1,21,121.5114341,25.0351168
114,05,27,17,28,2,06松山區,松山區健康路303號前人行道,0,0,1,1,F01,7,6,5,0,14,20,4,5,4,5,13,4,4,10,5,5,2,17,2,33,3,10,4,1,7,8,8,20,1,17,100,1,21,121.5648892,25.0543547
114,05,27,17,33,2,08士林區,士林區菁山路與菁山路101巷口,0,0,3,1,C03,8,6,5,50,3,1,1,5,4,5,13,4,4,5,5,5,2,16,2,20,2,7,6,1,7,6,1,10,1,14,9,1,25,121.5564329,25.14221807
114,05,27,17,55,2,04大安區,大安區忠孝東路3段與建國南路1段口,0,0,2,1,C03,7,6,5,50,4,1,1,5,4,5,13,2,1,1,2,5,2,16,1,72,2,9,3,4,7,6,1,10,1,14,99,1,22,121.5373621,25.041826
114,05,27,17,56,2,06松山區,松山區民權東路3段與民權東路3段106巷口,0,0,1,1,C03,7,5,5,50,3,1,1,5,4,5,13,4,4,1,3,5,2,17,1,21,3,10,6,1,7,6,1,10,1,14,9,1,21,121.5449543,25.061931
114,05,27,18,00,2,06松山區,松山區光復北路11巷81號,0,0,1,1,B03,7,6,5,50,14,9,1,5,4,5,13,4,4,9,5,5,2,17,2,43,3,10,7,1,7,6,1,8,1,5,9,1,21,121.5611133,25.05020966
114,05,27,18,02,2,04大安區,大安區忠孝東路4段170巷17弄與忠孝東路4段170巷口,0,0,1,1,C03,7,6,5,30,4,1,1,5,4,5,13,4,4,10,5,5,2,15,1,32,2,9,6,1,7,9,1,10,1,11,72,1,21,121.5507585,25.0399487
114,05,27,18,15,2,04大安區,大安區和平東路3段與敦化南路2段口,0,0,1,1,B03,7,7,5,50,4,2,1,5,4,5,13,2,1,8,3,1,1,15,2,41,3,10,7,1,7,15,1,8,1,5,74,1,21,121.5489436,25.0245282
114,05,27,18,16,2,12內湖區,內湖區瑞湖街與瑞光路188巷口,0,0,1,1,B03,8,6,5,50,3,2,1,5,4,5,13,4,4,10,5,5,2,12,1,59,3,10,7,1,7,9,1,8,11,5,108,2,21,121.5763246,25.0736803
114,05,27,18,19,2,10文山區,文山區羅斯福路5段8號,0,0,2,1,C03,7,5,5,50,14,9,1,5,4,5,13,4,4,1,4,5,2,13,2,58,2,8,6,1,7,9,1,10,1,11,108,1,21,121.5373298,25.00966
114,05,27,18,55,2,08士林區,士林區中正路638號,0,0,1,1,F01,7,5,5,50,14,9,1,5,4,5,13,4,4,1,4,5,1,18,1,49,2,9,4,1,7,9,8,20,9,12,44,1,21,121.5081785,25.08657867
114,05,27,18,59,2,03中山區,中山區林森北路與雙城街13巷口,0,0,1,1,C03,7,5,5,50,5,2,1,5,4,5,13,2,1,9,3,5,1,17,2,64,2,9,5,1,7,7,1,10,1,11,118,1,21,121.5256784,25.06425554
114,05,27,19,29,2,06松山區,松山區市民大道4段與復興南路1段口口,0,0,2,1,C03,7,5,5,50,4,1,1,5,4,5,13,2,1,5,4,5,2,13,1,27,2,9,5,1,7,9,1,10,2,11,16,1,21,121.5439128,25.0448737
114,05,27,19,48,2,04大安區,大安區新生南路2段龍安國小,0,0,1,1,B01,7,5,5,50,14,9,1,5,4,5,13,4,4,1,4,5,1,17,1,59,2,9,7,1,7,3,1,4,1,1,18,1,21,121.5347128,25.0236777
114,05,27,19,56,2,10文山區,文山區木柵路3段與保儀路口,0,0,1,1,B01,8,6,5,50,3,1,1,5,4,5,13,1,1,10,5,5,2,17,1,59,3,10,7,1,7,6,1,8,2,8,9,1,21,121.5685102,24.9888097
114,05,27,19,56,2,10文山區,文山區木柵路3段與保儀路口,,,1,1,B01,8,,,50,,,,,,,,,,,,,,,1,59,,,,,,,,,2,,,,,121.5685354,24.9887131
114,05,27,20,14,2,04大安區,大安區忠孝東路4段與大安路1段口口,0,0,1,1,F01,7,5,5,50,4,2,1,5,4,5,13,2,1,3,4,5,2,17,2,37,2,8,4,1,7,6,8,20,1,14,4,1,22,121.5459566,25.0416561
114,05,27,20,28,2,01大同區,大同區環河北路2段與敦煌路口,0,0,2,1,B03,7,5,5,50,3,2,1,5,4,5,13,4,4,8,3,5,1,17,1,25,2,3,3,4,7,6,1,8,2,7,9,1,21,121.5095505,25.0765675
114,05,27,20,28,2,10文山區,文山區景文街與景文街103巷口,0,0,1,1,,7,5,5,50,3,18,1,5,4,5,13,4,4,5,5,4,2,9,4,0,4,11,3,4,7,9,7,19,11,5,119,2,22,121.5411964,24.9907108
114,05,27,20,35,2,01大同區,大同區重慶北路3段190號,0,0,1,1,H01,8,5,5,50,14,9,1,5,4,5,13,4,4,1,4,5,2,3,1,84,2,8,4,5,8,20,8,20,10,16,123,1,21,121.5136057,25.0692606
114,05,27,20,35,2,11南港區,南港區中坡北路與忠孝東路5段口,0,0,2,1,C03,8,5,5,50,4,2,1,5,4,5,13,2,1,1,4,5,2,15,2,38,2,9,6,1,7,11,1,10,2,13,10,1,21,121.5820629,25.0442921
114,05,27,20,50,2,02萬華區,萬華區西園路2段320巷36弄15號,0,0,2,1,C03,7,7,5,30,14,9,1,5,4,5,13,4,4,10,5,5,2,1,2,59,2,7,5,1,7,9,1,10,1,11,5,1,21,121.4912594,25.0271898
114,05,27,21,39,2,06松山區,松山區東興路與東興路15巷口,0,0,2,1,H01,8,5,5,0,4,1,1,5,4,5,13,1,1,5,4,5,2,3,2,66,2,9,4,5,8,16,8,20,10,16,122,1,21,121.5655021,25.0500797
114,05,27,21,45,2,04大安區,大安區忠孝東路4段17巷與復興南路1段135巷口口旁,0,0,1,1,B01,7,5,5,30,4,1,1,5,4,5,13,4,4,10,5,5,2,3,1,60,3,10,7,1,7,9,1,4,1,1,70,1,22,121.5444801,25.0424828
114,05,27,22,18,2,10文山區,文山區興隆路4段與興隆路4段122巷口,0,0,1,1,B01,8,5,5,50,4,1,1,5,4,5,13,1,1,10,5,5,2,15,1,57,3,10,7,1,7,9,1,8,1,6,44,1,21,121.5623387,24.9826208
114,05,27,22,24,2,05中正區,中正區師大路241號,0,0,1,1,B12,8,5,5,50,14,7,1,5,4,3,10,4,4,1,4,4,1,9,1,54,3,10,7,1,7,2,1,2,11,3,12,1,21,121.5235052,25.0204341
114,05,27,22,26,2,09北投區,北投區中央北路3段與中央北路3段40巷口,0,0,2,1,H01,8,5,5,50,14,18,1,5,4,5,13,1,1,5,4,5,2,6,2,77,2,9,4,5,8,18,8,20,10,16,122,1,21,121.4855284,25.138245
114,05,27,22,46,2,10文山區,文山區木柵路5段與萬芳交流道口引道口,0,0,1,1,B03,7,5,5,50,3,2,1,5,4,5,13,4,4,10,4,5,1,17,1,31,3,10,7,1,7,6,1,8,2,8,9,1,22,121.5763848,25.000103
114,05,28,00,43,2,03中山區,中山區新生北路1段與長安東路1段口,0,0,1,1,B03,7,5,5,50,4,1,1,5,4,5,13,1,1,1,4,5,2,15,1,42,3,10,7,1,7,9,1,8,2,4,81,1,22,121.529495,25.0482144
114,05,28,02,05,2,03中山區,中山區長安東路1段53巷與長安東路1段口,0,0,1,1,B03,6,5,5,30,4,1,1,4,4,5,13,1,1,5,4,5,2,2,2,44,3,10,3,4,7,5,1,8,1,4,70,1,22,121.5264273,25.0486961
114,05,28,04,30,2,09北投區,北投區東華街1段34號,0,0,1,1,C03,6,5,5,30,14,9,1,4,4,5,13,2,2,10,4,5,2,29,2,23,2,9,3,4,7,10,1,10,2,11,108,1,22,121.5201963,25.1081047
114,05,28,05,00,2,12內湖區,內湖區成功橋往南港,0,0,2,1,C03,6,5,5,50,8,9,1,4,4,5,13,4,4,1,5,5,2,13,2,31,2,9,6,1,7,9,1,10,2,11,108,1,21,121.591375,25.0602755
114,05,28,07,10,2,12內湖區,內湖區民權東路6段與民權東路6段296巷口口,0,0,1,1,B03,6,6,5,50,3,18,1,4,4,5,13,2,1,5,5,5,1,3,2,50,3,10,7,1,7,5,1,8,1,1,70,1,21,121.6050852,25.0725213
114,05,28,07,24,2,01大同區,大同區安西街與延平北路2段272巷口,0,0,1,1,F01,7,6,5,30,4,1,1,5,4,5,13,4,4,10,5,5,2,17,1,113,4,11,3,4,7,21,8,20,11,15,42,2,21,121.509753,25.062081
114,05,28,07,29,2,08士林區,士林區福志路52巷與福志路14巷7弄口口,0,0,1,1,C03,8,6,5,30,3,1,1,5,4,5,13,4,4,10,5,5,2,17,1,42,3,10,6,1,7,5,1,10,1,17,72,1,21,121.5309477,25.09935624
114,05,28,07,37,2,08士林區,士林區前港街與華齡街口,0,0,2,1,B01,7,6,5,30,4,1,1,5,4,5,13,2,1,10,5,5,2,16,1,60,3,10,7,1,7,5,1,4,1,8,8,1,21,121.5193903,25.0851019
114,05,28,07,42,2,06松山區,松山區南京東路5段123巷與南京東路5段口,0,0,1,1,C03,7,5,5,50,4,1,1,5,4,5,13,2,1,1,4,1,2,17,2,66,4,11,3,4,7,21,7,19,11,15,44,2,21,121.5607561,25.051525
114,05,28,07,44,2,06松山區,松山區健康路與南京東路4段口,0,0,1,1,B03,7,6,8,50,4,2,1,5,4,5,13,1,1,4,3,5,2,13,1,51,3,10,3,4,7,9,1,8,1,5,16,1,21,121.5525806,25.0519657
114,05,28,07,45,2,03中山區,中山區內湖路1段與敬業四路口,0,0,1,1,B03,7,6,5,50,14,9,1,5,4,5,13,4,4,1,4,4,2,12,2,43,3,10,3,4,7,8,1,8,1,2,100,1,21,121.5590181,25.0847373
114,05,28,07,52,2,09北投區,北投區承德路7段與公館路口,0,0,2,1,C03,8,6,5,50,4,1,1,5,4,5,13,1,1,1,4,4,2,16,1,20,2,9,6,1,7,9,1,10,2,11,81,1,26,121.5015093,25.1195805
114,05,28,07,59,2,06松山區,松山區松河街與松河街口堤外便道口,0,0,2,1,C03,6,7,5,30,3,1,1,4,4,5,13,4,4,10,5,5,2,17,1,57,2,9,6,1,7,9,1,10,1,17,42,1,21,121.5709021,25.051643
114,05,28,07,59,2,07信義區,信義區嘉興街與嘉興街305巷口,0,0,1,1,C03,7,6,5,50,4,1,1,5,4,5,13,4,4,10,5,5,2,17,1,37,2,9,3,1,7,6,1,10,1,12,118,1,22,121.5546845,25.0233533
114,05,28,08,00,2,07信義區,信義區基隆路1段156號,0,0,1,1,C03,7,6,5,50,14,9,1,5,4,5,13,2,1,1,4,5,2,13,2,25,2,7,3,4,7,9,1,10,1,12,16,1,21,121.565778,25.0436556
114,05,28,08,04,2,04大安區,大安區基隆路2段與基隆路2段291巷口,0,0,1,1,C03,7,6,5,50,3,4,1,5,4,5,13,2,1,1,4,5,2,12,2,21,3,10,3,4,7,9,1,10,1,12,16,1,22,121.5490683,25.0213101
114,05,28,08,08,2,04大安區,大安區和平東路3段與基隆路2段口,0,0,1,1,C03,7,5,5,50,4,1,2,5,4,5,13,2,1,1,3,5,2,16,2,37,2,8,6,1,7,9,1,10,1,11,44,1,21,121.5522692,25.0240184
114,05,28,08,30,2,09北投區,北投區明德路306號,0,0,1,1,B03,7,7,5,50,14,9,1,5,4,5,13,4,4,9,5,5,2,13,1,47,3,10,7,1,7,9,1,4,1,8,16,1,22,121.5221789,25.1151294
114,05,28,08,35,2,08士林區,士林區中正路與中正路635巷口,0,0,1,1,C03,8,6,5,50,3,2,1,5,4,5,13,4,4,1,4,5,1,17,1,68,3,10,5,1,7,8,1,10,1,12,100,1,21,121.5082559,25.0862462