發生年度,發生月,發生日,發生時-Hours,發生分,處理別-編號,區序,肇事地點,死亡人數,2-30日死亡人數,受傷人數,當事人序號,車種,天候,光線,道路類別,速限-速度限制,道路型態,事故位置,路面狀況1,路面狀況2,路面狀況3,道路障礙1,道路障礙2,號誌1,號誌2,車道劃分-分向,車道劃分-分道1,車道劃分-分道2,車道劃分-分道3,事故類型及型態,性別,年齡,受傷程度,主要傷處,保護裝置,行動電話,車輛用途,當事者行動狀態,駕駛資格情形,駕駛執照種類,飲酒情形,車輛撞擊部位1,肇因碼-個別,個人肇逃否,職業,座標-X,座標-Y
114,05,28,08,38,2,09北投區,北投區中正街49巷31弄與中正街49巷口,0,0,2,1,C03,8,6,5,30,3,1,1,5,4,5,13,4,4,10,5,5,2,16,1,66,2,9,5,1,7,6,1,10,1,11,9,1,26,121.4997789,25.1316438
114,05,28,08,40,2,09北投區,北投區承德路6段與福國路口,0,0,1,1,C04,7,7,5,60,14,12,1,5,4,5,13,4,4,1,4,4,2,18,2,42,2,9,6,1,7,9,1,11,1,14,42,1,22,121.5123407,25.1000704
114,05,28,08,40,2,12內湖區,內湖區內湖路1段與基湖路口口,0,0,1,1,C03,7,6,5,50,4,1,1,5,4,5,13,2,1,1,4,5,2,16,1,57,3,10,5,1,7,6,1,10,1,12,9,1,21,121.5654221,25.0823078
114,05,28,08,50,2,11南港區,南港區忠孝東路6段與永吉路口,0,0,1,1,B03,7,6,5,50,5,2,1,5,4,5,13,1,1,1,4,5,2,16,1,59,3,10,3,4,7,6,1,8,1,5,9,1,21,121.582657,25.0453941
114,05,28,08,51,2,03中山區,中山區市民大道2段與長安東路1段30巷口,0,0,1,1,B01,8,7,5,40,3,1,1,5,4,5,13,2,1,1,4,5,2,16,1,65,3,10,7,1,7,6,1,4,1,2,9,1,21,121.5260412,25.0475752
114,05,28,08,55,2,08士林區,士林區雨農路與忠勇街口,0,0,2,1,C03,7,6,5,50,4,1,1,5,4,5,13,1,1,5,4,5,2,17,1,33,2,9,6,1,7,5,1,10,1,12,74,1,21,121.5324137,25.0984626
114,05,28,08,58,2,04大安區,大安區復興南路1段299號,0,0,1,1,B12,7,6,5,50,14,9,1,5,4,5,13,1,1,1,4,5,2,12,1,43,3,10,3,4,7,9,1,8,1,6,17,1,21,121.5437036,25.035021
114,05,28,09,03,2,08士林區,士林區通河西街1段與堤外便道口百齡左岸046電桿,0,0,1,1,C03,7,6,5,40,14,9,1,5,4,5,13,4,4,9,5,5,2,11,1,32,2,9,6,1,7,12,1,10,1,12,42,1,21,121.5147439,25.0804874
114,05,28,09,18,2,06松山區,松山區吉祥路與八德路4段181巷16弄口,0,0,1,1,C03,7,7,5,30,4,1,1,5,4,5,13,4,4,9,4,5,2,17,2,30,2,9,6,1,7,9,1,10,2,17,42,1,21,121.5626318,25.0492327
114,05,28,09,30,2,11南港區,南港區忠孝東路7段265巷與忠孝東路7段口,0,0,2,1,C03,8,6,5,30,4,1,1,5,4,5,13,2,1,1,4,5,2,16,1,20,2,7,5,1,7,6,1,10,1,12,9,1,21,121.6039327,25.0518981
114,05,28,09,35,2,05中正區,中正區公園路與凱達格蘭大道口,0,0,1,1,B03,7,6,5,50,4,1,1,5,4,5,13,1,1,5,4,5,2,16,2,59,3,10,7,1,7,6,1,8,2,1,9,1,22,121.515361,25.0397464
114,05,28,10,50,2,03中山區,中山區林森北路與中山北路2段65巷2弄口,0,0,1,1,B12,7,6,5,50,4,1,1,5,4,5,13,4,4,9,5,5,2,16,1,31,3,10,7,1,7,5,1,8,1,4,8,1,21,121.5254866,25.056629
114,05,28,10,54,2,02萬華區,萬華區大理街30號,0,0,1,1,F01,7,7,5,30,14,9,1,5,4,5,13,4,4,10,5,5,2,16,2,64,2,9,4,1,7,1,8,20,1,14,19,1,22,121.5015969,25.0346527
114,05,28,11,11,2,04大安區,大安區忠孝東路4段與延吉街口口,0,0,1,1,B03,7,6,5,50,4,1,1,5,4,5,13,2,1,1,4,5,2,16,2,64,3,10,7,1,7,6,1,8,1,5,9,1,21,121.5544772,25.0412892
114,05,28,11,20,2,05中正區,中正區愛國西路與公園路口,0,0,1,1,C03,7,5,5,50,4,2,1,5,4,5,13,2,1,1,4,5,2,12,2,46,2,9,5,1,7,9,1,10,1,11,44,1,21,121.5147333,25.03529224
114,05,28,11,30,2,03中山區,中山區建國北路1段96號,0,0,1,1,B03,7,6,5,50,14,9,1,5,4,5,13,4,4,1,4,5,2,12,2,46,3,10,7,1,7,7,1,6,1,4,100,1,21,121.5365483,25.0504522
114,05,28,11,30,2,06松山區,松山區新東街與民生東路5段口,0,0,1,1,B03,7,7,5,50,4,1,1,5,4,5,13,2,1,1,4,5,2,9,1,30,3,10,7,1,7,2,1,8,1,3,12,1,26,121.5658599,25.0591367
114,05,28,12,08,2,07信義區,信義區信安街67巷與吳興街156巷65弄口,0,0,1,1,C03,6,6,5,40,3,1,1,4,4,5,13,4,4,9,4,4,1,16,2,26,3,10,3,4,7,5,1,10,1,14,8,1,22,121.5590427,25.0259381
114,05,28,12,10,2,12內湖區,內湖區成功路5段與成功路5段35巷口,0,0,1,1,B03,7,5,6,50,4,1,1,5,4,5,13,1,1,1,5,5,2,17,1,65,3,10,7,1,7,5,1,8,1,5,74,1,21,121.6070204,25.0783144
114,05,28,12,15,2,04大安區,"大安區辛亥路2段(西往東,臺灣大學綜合體育館旁)",0,0,2,1,C03,7,6,5,50,14,9,1,5,4,3,10,4,4,1,4,5,2,17,2,67,2,9,5,1,7,9,1,10,9,11,108,1,21,121.5365782,25.0222308
114,05,28,12,15,2,09北投區,北投區尊賢街302巷與尊賢街口,0,0,2,1,C03,7,6,5,30,4,1,1,5,4,5,13,4,4,10,5,5,2,15,1,76,2,7,6,1,7,9,1,10,1,14,72,1,21,121.506769,25.1179657
114,05,28,12,16,2,08士林區,士林區芝玉路2段與芝玉路2段20巷口,0,0,3,1,C03,7,6,5,30,4,1,1,5,4,5,13,4,4,10,5,5,2,15,1,21,2,9,5,1,7,9,1,10,1,12,75,1,21,121.5344133,25.11042801
114,05,28,12,38,2,07信義區,信義區基隆路2段48號,0,0,1,1,B03,6,7,5,50,14,9,1,4,4,5,13,4,4,3,4,5,2,16,1,50,3,10,3,4,7,8,1,8,2,2,100,1,21,121.5587187,25.0317107
114,05,28,12,49,2,11南港區,南港區研究院路4段91號,0,0,1,1,B11,7,5,5,50,14,9,1,4,4,5,13,4,4,8,3,5,2,17,1,51,3,10,3,4,7,5,1,4,2,4,80,1,22,121.5973778,25.0238061
114,05,28,13,01,2,02萬華區,萬華區光復橋（往新北，剛上橋處）,0,0,1,1,B12,7,7,8,50,8,9,1,5,4,5,13,4,4,10,2,5,2,12,1,29,3,10,3,4,7,9,1,8,1,2,44,2,22,121.4902621,25.024156
114,05,28,14,30,2,08士林區,士林區基河路與美崙街口,0,0,1,1,B03,7,7,5,50,3,18,1,5,4,5,13,2,1,9,4,5,1,9,1,27,3,10,7,1,7,5,1,8,2,5,70,1,21,121.5215155,25.09134906
114,05,28,14,32,2,04大安區,大安區仁愛路4段27巷22號,0,0,1,1,B11,6,6,5,30,14,9,1,4,4,5,13,4,4,10,5,5,2,12,1,45,3,10,7,1,7,8,1,2,1,2,100,1,22,121.5451865,25.0403333
114,05,28,15,30,2,03中山區,中山區南京東路2段與松江路口,0,0,1,1,C03,7,5,5,50,4,3,1,5,4,5,13,1,1,1,4,5,2,17,1,23,3,10,3,4,7,5,1,10,1,11,76,1,21,121.5320198,25.05205646
114,05,28,15,43,2,02萬華區,萬華區廣州街209巷與廣州街口,0,0,1,1,C03,8,6,5,50,3,1,1,5,4,5,13,4,4,9,4,5,1,17,1,20,3,10,5,1,7,5,1,10,1,12,99,1,21,121.5002194,25.0366845
114,05,28,15,55,2,02萬華區,萬華區環河南路2段與雙園街口,0,0,1,1,C02,6,6,5,50,5,1,1,4,4,5,13,2,1,1,5,5,2,18,1,28,2,9,6,1,7,9,1,9,1,17,13,1,26,121.4913731,25.03200295
114,05,28,16,13,2,03中山區,中山區德惠街與雙城街口,0,0,1,1,C03,6,6,5,50,4,1,1,4,4,5,13,1,1,5,4,5,2,17,2,47,2,9,6,1,7,9,1,10,1,12,108,1,21,121.5244731,25.0667168
114,05,28,16,17,2,12內湖區,內湖區康寧路3段與東湖路口,0,0,1,1,C03,6,6,5,40,4,2,1,4,4,5,13,2,1,1,4,4,2,11,2,25,2,9,5,1,7,9,1,10,1,14,17,1,25,121.6121753,25.0691215
114,05,28,17,04,2,11南港區,南港區研究院路1段與研究院路1段151巷口,0,0,1,1,B12,7,6,5,50,3,1,1,5,4,5,13,2,1,1,5,5,2,12,1,25,3,10,3,4,7,12,1,8,1,1,108,1,22,121.6155753,25.0508115
114,05,28,17,07,2,04大安區,大安區建國南路2段與建國南路2段25巷口,0,0,2,1,C03,7,6,5,50,3,2,1,5,4,5,13,4,4,10,4,5,2,16,1,70,2,9,5,4,7,6,1,10,1,12,44,1,21,121.5381034,25.0324601
114,05,28,17,19,2,10文山區,文山區木柵路1段81號,0,0,1,1,C03,6,6,5,50,14,9,1,4,4,5,13,4,4,5,4,5,2,17,1,62,3,10,3,4,7,10,1,10,1,17,100,1,22,121.5467679,24.9869392
114,05,28,17,28,2,03中山區,中山區中原街與新生北路3段3巷口,0,0,1,1,B01,6,6,5,50,14,9,1,4,4,5,13,4,4,9,4,5,2,11,1,58,3,10,3,4,7,11,1,4,1,1,10,1,21,121.5296861,25.0630832
114,05,28,18,17,2,07信義區,信義區忠孝東路5段與松仁路口,0,0,1,1,C03,6,5,5,50,4,2,1,4,4,5,13,2,1,10,3,5,2,12,1,29,2,9,5,4,7,9,1,10,1,14,44,1,21,121.5685514,25.0408886
114,05,28,18,24,2,12內湖區,內湖區瑞光路358巷與瑞光路358巷30弄口,0,0,1,1,B03,6,5,5,50,3,1,1,4,4,5,13,4,4,9,4,5,2,15,2,47,3,10,7,1,7,1,1,8,1,1,19,1,21,121.5721651,25.0768817
114,05,28,18,40,2,02萬華區,萬華區雙園街與雙園街152巷口,0,0,2,1,F01,6,5,5,30,4,1,1,4,4,5,13,4,4,9,5,5,2,15,2,66,2,9,4,4,7,9,8,20,2,11,72,1,21,121.4918997,25.0317519
114,05,28,18,52,2,03中山區,中山區建國北路2段與建國北路2段226巷口,0,0,2,1,C03,6,5,5,50,3,2,1,4,4,5,13,4,4,1,5,5,1,17,2,27,2,8,3,4,7,9,1,10,1,14,116,1,21,121.5367474,25.06107913
114,05,28,19,00,2,12內湖區,內湖區民權東路6段11巷與民權東路6段口,0,0,1,1,C03,6,5,5,50,14,9,1,4,4,5,13,1,1,1,5,5,2,12,1,47,2,9,6,1,7,7,1,10,2,12,100,1,21,121.5780357,25.0666572
114,05,28,19,20,2,08士林區,士林區文昌路95-2號,0,0,2,1,C03,6,5,5,50,14,9,1,4,4,5,13,4,4,5,4,5,2,13,1,54,2,7,3,4,7,9,1,10,1,11,16,1,22,121.5209101,25.09663074
114,05,28,19,37,2,05中正區,中正區重慶南路2段與南海路口,0,0,1,1,B01,6,6,5,50,4,1,1,4,4,5,13,1,1,1,4,5,2,16,1,56,3,10,7,1,7,5,1,4,1,8,71,1,22,121.5144516,25.0318976
114,05,28,19,45,2,12內湖區,內湖區洲子街61號附近側附近,0,0,1,1,,7,6,5,50,14,9,1,4,4,5,13,4,4,8,5,5,2,17,4,0,4,11,3,4,7,6,7,19,11,17,119,2,21,121.5730075,25.0793136
114,05,28,20,26,2,06松山區,松山區南京東路3段261號,0,0,1,1,C03,6,5,5,40,14,8,1,4,4,5,13,4,4,1,3,4,2,18,2,40,2,9,6,1,7,12,1,10,1,14,42,1,22,121.5451425,25.0519174
114,05,28,20,39,2,05中正區,中正區中華路1段與貴陽街1段口,0,0,2,1,C03,6,5,5,50,4,2,1,4,4,5,13,2,1,5,4,4,2,13,1,30,2,9,5,1,7,9,1,10,2,11,16,1,22,121.5075793,25.03920779
114,05,28,21,15,2,08士林區,士林區中山北路4段新生高下方往中山,0,0,1,1,C03,6,5,5,50,14,9,1,4,4,5,13,4,4,1,1,5,1,18,2,28,2,9,5,1,7,9,1,10,1,17,44,1,21,121.5250534,25.0772976
114,05,28,23,02,2,05中正區,中正區新生南路1段160巷與信義路2段243巷口,0,0,2,1,C03,6,5,5,30,4,1,1,4,4,5,13,4,4,9,5,5,2,15,1,25,2,8,6,1,7,9,1,10,1,14,72,1,22,121.5311533,25.0346248
114,05,29,00,43,2,05中正區,中正區羅斯福路1段與林森南路地下道口,0,0,1,1,B01,6,5,5,30,5,1,1,4,4,5,13,1,1,3,4,4,2,4,2,63,3,10,7,1,7,5,1,4,1,1,70,1,21,121.5181675,25.0327814
114,05,29,02,30,2,02萬華區,萬華區西藏路291號,0,0,1,1,B03,6,5,5,50,14,9,1,4,4,3,10,4,4,8,3,5,1,12,1,66,3,10,7,1,7,8,1,8,9,4,100,1,21,121.4918898,25.0286209
114,05,29,06,32,2,01大同區,大同區承德路3段與敦煌路口,0,0,2,1,C03,6,6,5,50,4,1,1,4,4,5,13,2,1,1,4,5,2,17,1,40,2,9,6,4,7,5,1,10,2,14,8,1,22,121.519969,25.0752722
114,05,29,06,50,2,04大安區,大安區基隆路2段277號,0,0,1,1,C03,6,6,5,50,14,9,1,4,4,1,11,4,4,2,4,5,2,28,1,39,2,8,5,1,7,9,1,9,9,11,108,1,21,121.5498282,25.0218244
114,05,29,07,27,2,04大安區,大安區愛國東路與金山南路2段口,0,0,1,1,B01,6,6,5,30,4,1,1,4,4,5,13,1,1,1,4,5,2,16,1,60,4,11,3,4,7,21,7,19,9,15,44,2,22,121.5268154,25.0316346
114,05,29,07,46,2,05中正區,中正區寧波西街與三元街口,0,0,1,1,C03,6,7,5,30,4,2,1,4,4,5,13,1,1,10,5,5,2,11,1,50,4,11,3,4,7,8,7,19,11,11,5,2,22,121.5112699,25.0278767
114,05,29,07,53,2,09北投區,北投區公館路228巷與公館路308巷口,0,0,2,1,C03,6,7,5,30,4,1,1,4,4,5,13,4,4,10,5,5,2,15,1,18,2,9,6,1,7,9,1,10,1,12,75,1,22,121.5057274,25.1252243
114,05,29,08,10,2,09北投區,北投區無名路與承信路口,0,0,1,1,C03,6,6,5,50,4,1,1,4,4,5,13,4,4,4,1,5,2,15,1,23,2,9,6,1,7,9,1,10,2,14,72,1,21,121.5126937,25.10605117
114,05,29,08,19,2,02萬華區,萬華區西園路2段13巷與西園路2段口,0,0,2,1,C03,6,7,5,30,4,1,1,4,4,5,13,4,4,10,5,5,2,15,2,40,2,8,5,1,7,9,1,10,1,14,72,1,21,121.4981481,25.0322167
114,05,29,08,30,2,08士林區,士林區中山北路6段350號,0,0,1,1,B02,6,7,6,50,14,9,1,4,4,5,13,4,4,1,4,5,1,17,1,62,3,10,7,1,7,8,1,8,1,5,100,1,21,121.5261188,25.11193007
114,05,29,08,50,2,09北投區,北投區稻香路1204231燈桿,0,0,3,1,B03,6,6,5,40,22,9,1,4,4,5,13,4,4,4,1,5,1,11,2,44,2,9,7,1,7,15,1,8,1,8,99,1,21,121.4877137,25.14300696
114,05,29,08,52,2,03中山區,中山區中山北路3段水晶橋前,0,0,2,1,C03,6,6,5,50,14,8,1,4,4,5,13,4,4,5,4,3,2,17,1,33,3,10,6,1,7,7,1,10,1,14,100,1,21,121.5234627,25.07011674
114,05,29,08,55,2,03中山區,中山區基湖路122號,0,0,1,1,C03,6,7,5,50,14,9,1,4,4,5,13,4,4,10,4,5,2,17,2,23,2,9,5,1,7,9,1,10,1,17,118,1,21,121.5943909,25.07113014
114,05,29,09,20,2,07信義區,信義區基隆路2段與嘉興街216巷口,0,0,1,1,C03,6,6,5,50,4,1,1,4,4,5,13,2,1,1,4,5,2,17,2,30,2,8,3,4,7,9,1,10,1,14,42,1,21,121.5559752,25.0273029
114,05,29,09,27,2,04大安區,大安區忠孝東路4段306號,0,0,1,1,B03,7,6,5,50,3,2,1,4,4,5,13,4,4,1,4,5,2,17,2,38,3,10,3,4,7,8,1,8,1,17,100,1,22,121.5568331,25.0411831
114,05,29,09,38,2,06松山區,松山區八德路4段與八德路4段17巷口,0,0,1,1,B03,7,6,8,50,3,1,1,4,4,5,13,4,4,4,3,5,2,17,1,61,3,10,3,4,7,8,1,8,1,17,44,1,21,121.5584219,25.0483218
114,05,29,09,44,2,10文山區,文山區辛亥路4段與辛亥路4段21巷口,0,0,1,1,B03,6,6,5,30,3,1,1,4,4,5,13,4,4,1,4,5,2,17,2,57,3,10,7,1,7,6,1,8,2,17,72,1,21,121.5585241,25.0085089
114,05,29,09,50,2,03中山區,中山區吉林路與新生北路口側附近3段3巷口,0,0,1,1,C03,6,7,5,50,4,1,1,4,4,5,13,4,4,9,4,4,2,17,1,64,3,10,3,4,7,5,1,10,1,17,72,1,26,121.5305328,25.0632974
114,05,29,09,55,2,02萬華區,萬華區漢口街2段與環河南路1段口,0,0,1,1,B03,7,6,5,50,3,1,1,5,4,5,13,3,1,8,3,5,2,13,1,30,3,10,3,4,7,9,1,8,1,1,16,1,22,121.5036328,25.0465432
114,05,29,10,17,2,05中正區,中正區忠孝東路2段與忠孝東路2段64巷口,0,0,2,1,C03,6,7,5,40,5,2,1,4,4,5,13,1,1,2,2,4,2,16,1,23,2,9,5,1,7,9,1,10,2,11,16,1,21,121.5286176,25.0433473
114,05,29,10,17,2,05中正區,中正區忠孝東路2段64巷口側附近,,,2,1,C03,7,,,40,,,,,,,,,,,,,,,1,23,,,,,,,,,2,,,,,121.5290666,25.04349074
114,05,29,10,29,2,04大安區,大安區新生南路3段33號,0,0,1,1,C03,6,6,5,50,14,9,1,4,4,5,13,4,4,1,4,5,2,17,1,21,2,9,5,1,7,8,1,10,1,11,102,1,21,121.534695,25.0240859
114,05,29,10,31,2,12內湖區,內湖區成功路2段與成功交流道口北向南,0,0,1,1,B03,7,6,5,50,3,1,1,4,4,5,13,1,1,1,4,5,2,16,2,43,3,10,3,4,7,8,1,8,1,5,100,1,22,121.5902281,25.0649404
114,05,29,10,36,2,07信義區,信義區莊敬路423巷8弄與信義路5段150巷14弄口,0,0,1,1,C03,6,6,5,50,4,2,1,4,4,5,13,1,1,4,5,5,2,17,1,53,3,10,6,1,7,5,1,10,9,17,71,1,21,121.5683903,25.0285241
114,05,29,10,51,2,02萬華區,萬華區環河南路2段與環河南路2段175巷口,0,0,1,1,B12,6,6,5,50,4,1,1,4,4,5,13,2,1,1,4,5,2,17,1,29,3,10,7,1,7,5,1,8,1,1,8,1,21,121.492019,25.03284496
114,05,29,11,05,2,08士林區,士林區通河西街1段與無名巷口河西幹18B6350FC06電線杆,0,0,1,1,B03,6,7,5,30,3,1,1,4,4,5,13,4,4,9,4,5,1,17,1,36,3,10,7,1,7,5,1,8,2,4,74,1,21,121.5126398,25.0839469
114,05,29,11,49,2,03中山區,中山區建國北路2段96巷與建國北路2段口,0,0,1,1,C03,6,7,5,50,3,2,1,4,4,5,13,4,4,1,4,5,2,13,2,21,2,7,6,1,7,7,1,10,1,11,100,1,21,121.5366255,25.057514
114,05,29,11,50,2,03中山區,中山區民生東路3段15號,0,0,1,1,A11,6,7,5,50,14,9,1,4,4,5,13,4,4,1,4,5,2,8,1,25,3,10,7,1,7,2,1,1,9,3,42,1,21,121.5382414,25.05779992
114,05,29,12,02,2,10文山區,文山區羅斯福路5段41號,0,0,1,1,B01,6,5,4,50,14,9,1,4,4,5,13,4,4,1,4,5,2,12,1,60,3,10,7,1,7,8,1,4,11,2,100,1,21,121.5388896,25.0070455
114,05,29,12,50,2,10文山區,文山區辛亥隧道(內)第四涵洞約62公尺處(北往南),0,0,1,1,C03,6,5,5,50,6,9,1,4,4,5,13,4,4,1,2,5,1,20,2,64,2,9,6,1,7,9,1,10,2,12,42,1,21,121.5556641,25.01132383
114,05,29,12,53,2,05中正區,中正區鄭州路與重慶北路1段口,0,0,1,1,B01,6,6,5,40,4,1,1,4,4,5,13,1,1,1,4,5,1,17,1,66,3,10,7,1,7,5,1,4,11,4,8,1,21,121.5133009,25.0493098
114,05,29,13,27,2,09北投區,北投區承德路6段與承德路6段449巷口口,0,0,1,1,B11,6,6,5,60,3,1,1,4,4,5,13,4,4,1,4,5,2,17,1,28,3,10,7,1,7,6,1,4,2,5,9,1,21,121.5114112,25.1087976
114,05,29,13,32,2,06松山區,松山區南京東路4段與北寧路口,0,0,1,1,B01,6,7,5,50,4,1,1,4,4,5,13,1,1,1,4,4,2,16,1,55,3,10,7,1,7,6,1,8,1,2,9,1,26,121.5526442,25.0515591
114,05,29,13,59,2,01大同區,大同區長安西路與塔城街口,0,0,1,1,B03,6,5,5,50,4,1,1,4,4,5,13,2,1,5,4,5,2,3,2,32,3,10,7,1,7,9,1,8,2,1,70,1,21,121.5104298,25.05197873
114,05,29,14,10,2,10文山區,文山區萬樂街與萬和街口,0,0,1,1,C03,6,7,5,40,3,2,1,4,4,5,13,4,4,10,5,5,2,15,2,41,2,9,5,1,7,15,1,10,2,13,72,1,21,121.5690393,24.9993262
114,05,29,14,51,2,10文山區,文山區興隆路3段54號,0,0,1,1,B01,6,6,5,50,14,9,1,4,4,5,13,2,1,1,4,5,2,13,1,57,3,10,7,1,7,9,1,4,1,1,42,1,21,121.5558386,25.00028
114,05,29,15,04,2,11南港區,南港區忠孝東路7段與興中路口,0,0,1,1,B12,6,6,5,50,3,2,1,4,4,5,13,1,1,1,4,5,2,16,1,79,3,10,3,4,7,11,1,8,1,5,10,1,21,121.6078409,25.0522662
114,05,29,15,45,2,08士林區,士林區福林路與中山北路5段470巷口,0,0,1,1,C03,6,6,5,50,14,9,1,4,4,5,13,4,4,5,5,5,2,17,1,26,2,9,6,1,7,9,1,10,2,11,16,1,22,121.52962,25.0948128
114,05,29,16,35,2,04大安區,大安區金山南路2段200號,0,0,1,1,B01,6,6,5,50,14,9,1,4,4,5,13,4,4,9,4,5,1,9,1,63,3,10,3,4,7,14,1,4,1,5,38,1,21,121.5260053,25.0278132
114,05,29,16,42,2,09北投區,北投區吉利街142巷與尊賢街218巷23弄口口,0,0,2,1,C03,6,6,5,30,3,1,1,4,4,5,13,4,4,10,5,5,2,17,2,44,2,9,5,1,7,1,1,11,1,11,19,1,21,121.5084187,25.1158857
114,05,29,17,18,2,04大安區,大安區四維路44巷與四維路52巷19弄口,0,0,1,1,B01,7,5,5,30,4,1,1,4,4,5,13,4,4,5,4,5,2,15,1,38,3,10,7,1,7,9,1,4,1,2,75,1,21,121.5470813,25.0355544
114,05,29,17,38,2,05中正區,中正區湖口街與重慶南路2段19巷口,0,0,2,1,F01,6,5,5,30,3,2,1,4,4,5,13,4,4,10,5,5,2,9,1,16,2,9,4,1,7,6,8,20,1,12,9,1,22,121.5151565,25.0326834
114,05,29,17,39,2,02萬華區,萬華區環河快速道路二層接三層匝道,0,0,1,1,B03,6,7,5,40,10,16,1,4,4,5,13,4,4,10,5,5,2,13,1,36,3,10,7,1,7,9,3,18,1,1,108,1,21,121.5037617,25.0470384
114,05,29,17,40,2,08士林區,士林區至誠路2段與至誠路2段92巷口,0,0,1,1,C03,7,6,5,50,3,2,1,4,4,5,13,4,4,5,5,5,2,13,1,25,2,9,6,1,7,9,1,10,2,11,16,1,22,121.5276779,25.1013939
114,05,29,18,08,2,12內湖區,內湖區新湖二路345號,0,0,1,1,C03,7,5,5,40,14,9,1,4,4,5,13,4,4,5,4,5,2,12,1,28,2,9,5,1,7,1,1,10,1,14,19,1,21,121.5843689,25.0650018
114,05,29,18,35,2,07信義區,信義區松智路17號,0,0,1,1,C03,6,5,5,50,14,9,1,4,4,5,13,4,4,5,2,5,2,18,2,28,2,9,6,1,7,7,1,8,1,17,116,1,21,121.5653811,25.0342587
114,05,29,19,20,2,11南港區,南港區市民大道8段與興中路口,0,0,1,1,B01,7,5,5,50,4,2,2,4,4,5,13,2,1,5,4,5,2,3,1,63,3,10,7,1,7,5,1,4,2,1,70,1,21,121.6076462,25.0535139
114,05,29,19,40,2,07信義區,信義區信義路4段與基隆路2段口,0,0,1,1,A02,7,5,5,50,4,1,1,5,4,5,13,2,1,1,4,5,2,12,1,62,3,10,7,1,7,9,1,6,1,2,108,1,21,121.5594545,25.0329493
114,05,29,19,55,2,07信義區,信義區松德路159號對面(人行道),0,0,1,1,F01,7,5,8,0,22,20,1,5,4,5,13,4,4,10,5,5,2,2,1,18,3,10,4,1,7,9,8,20,1,11,118,1,21,121.5744932,25.0369364
114,05,29,21,10,2,03中山區,中山區林森北路與中山北路2段45巷口口,0,0,1,1,C03,7,5,5,50,4,1,1,5,4,5,13,1,1,5,4,5,2,3,1,38,2,9,3,4,7,9,1,10,9,17,44,1,21,121.5253877,25.0543302
114,05,29,21,25,2,04大安區,大安區愛國東路與金華街183巷口、金華街199巷,0,0,1,1,B01,7,5,5,30,4,2,1,5,4,5,13,1,1,5,5,5,2,17,1,55,3,10,7,1,7,9,1,4,2,1,108,2,21,121.5277109,25.0315327
114,05,29,21,34,2,07信義區,信義區信義路6段與松德路口,0,0,1,1,B03,7,5,5,50,5,2,1,5,4,5,13,1,1,5,5,5,2,16,2,63,3,10,7,1,7,9,1,8,1,2,81,1,21,121.5745023,25.0333271
114,05,29,21,42,2,07信義區,信義區松仁路2號,0,0,2,1,C03,8,5,5,50,14,9,1,5,4,5,13,4,4,9,4,5,2,17,1,51,2,9,5,1,7,7,1,10,1,14,100,1,21,121.5684191,25.0405104
114,05,29,23,07,2,04大安區,大安區復興南路1段107巷與大安路1段口,0,0,1,1,B01,6,5,5,30,4,1,1,4,4,5,13,4,4,9,4,5,1,15,1,51,3,10,3,4,7,9,1,4,1,5,72,1,21,121.5461742,25.0435934
114,05,30,02,41,2,04大安區,大安區忠孝東路4段與忠孝東路4段77巷口,0,0,2,1,B12,6,6,5,30,4,2,1,4,4,5,13,2,1,10,5,5,2,9,1,76,3,10,7,1,7,6,1,5,1,5,70,1,21,121.5471083,25.0416589
114,05,30,04,02,2,07信義區,信義區松廉路（信義廣場地下停車場）,0,0,1,1,C03,7,5,8,50,22,22,1,5,4,5,13,4,4,8,5,5,2,17,1,18,2,8,5,1,7,1,1,10,1,12,19,1,21,121.5664179,25.0340091
114,05,30,05,18,2,02萬華區,萬華區西藏路(西園路2段161號),0,0,1,1,C03,7,5,5,50,11,9,2,4,4,5,13,4,4,1,5,5,2,18,2,27,2,9,5,1,7,15,1,10,9,14,44,1,21,121.4959701,25.0287874
114,05,30,05,30,2,02萬華區,萬華區萬大路493巷與萬大路493巷48弄口,0,0,1,1,B12,7,7,5,30,4,1,1,5,4,5,13,4,4,9,5,5,2,16,2,46,3,10,3,4,7,5,1,8,9,4,72,1,22,121.4991696,25.01983
114,05,30,07,43,2,06松山區,松山區八德路4段692號,0,0,3,1,C03,8,7,5,40,14,9,1,5,4,5,13,4,4,1,4,5,2,13,2,31,2,9,5,1,7,7,1,10,1,11,13,1,25,121.577287,25.049494
114,05,30,09,20,2,03中山區,中山區北安路與大直街口,0,0,1,1,B03,8,6,5,50,4,1,1,5,4,5,13,1,1,1,4,5,2,12,1,70,3,10,3,4,7,8,1,8,1,6,108,1,22,121.5474226,25.0799787
114,05,30,09,50,2,07信義區,信義區吳興街197號,0,0,2,1,C03,8,7,5,50,14,9,1,5,4,5,13,4,4,9,5,5,2,9,2,52,3,10,5,1,7,9,1,10,11,14,108,1,21,121.5626403,25.0283474
114,05,30,10,51,2,08士林區,士林區德行東路109巷87號,0,0,1,1,C03,8,7,5,30,14,9,1,5,4,5,13,4,4,9,5,5,1,17,2,68,2,9,6,1,7,1,1,10,1,14,19,1,21,121.5286583,25.11040195
114,05,30,11,00,2,03中山區,中山區松江路194巷與松江路口,0,0,1,1,B01,8,5,5,30,3,1,1,5,4,5,8,4,4,10,5,5,2,15,1,60,3,10,3,4,7,9,1,4,1,5,99,1,21,121.5329016,25.0573926