發生年度,發生月,發生日,發生時-Hours,發生分,處理別-編號,區序,肇事地點,死亡人數,2-30日死亡人數,受傷人數,當事人序號,車種,天候,光線,道路類別,速限-速度限制,道路型態,事故位置,路面狀況1,路面狀況2,路面狀況3,道路障礙1,道路障礙2,號誌1,號誌2,車道劃分-分向,車道劃分-分道1,車道劃分-分道2,車道劃分-分道3,事故類型及型態,性別,年齡,受傷程度,主要傷處,保護裝置,行動電話,車輛用途,當事者行動狀態,駕駛資格情形,駕駛執照種類,飲酒情形,車輛撞擊部位1,肇因碼-個別,個人肇逃否,職業,座標-X,座標-Y
114,05,30,11,55,2,07信義區,信義區基隆路1段與松壽路口,0,0,1,1,C03,8,6,5,50,14,9,1,5,4,5,13,1,1,1,4,5,2,13,1,30,2,9,5,1,7,9,1,10,2,11,16,1,21,121.5613512,25.035773
114,05,30,12,16,2,07信義區,信義區信義路5段詮營停車場出入口,0,0,1,1,B03,7,6,6,50,14,9,1,5,4,5,13,4,4,3,4,5,2,16,2,37,3,10,7,1,7,6,1,8,1,5,9,1,21,121.5649966,25.0328147
114,05,30,12,22,2,06松山區,松山區塔悠路與松河街口,0,0,1,1,C03,8,7,5,50,3,1,1,5,4,5,13,2,1,1,4,5,2,13,1,64,2,8,5,1,7,9,1,10,1,11,16,1,21,121.5709894,25.0509903
114,05,30,13,11,2,11南港區,南港區南港路2段與興華路口,0,0,2,1,C03,8,6,5,50,4,1,1,5,4,5,13,2,1,5,5,4,2,16,2,24,2,7,5,1,7,5,1,10,1,12,71,1,22,121.6061693,25.0543065
114,05,30,13,14,2,04大安區,大安區信義路2段198巷與永康街13巷口口,0,0,1,1,C03,8,6,5,30,4,1,1,5,4,5,13,4,4,10,5,5,2,15,2,24,2,9,5,1,7,9,1,10,1,11,72,1,21,121.5305488,25.0327524
114,05,30,14,45,2,05中正區,中正區和平西路1段134號對面,0,0,1,1,B03,8,6,5,50,14,9,1,5,4,5,13,4,4,1,4,5,2,12,2,59,3,10,7,1,7,8,1,8,1,2,100,1,21,121.5166059,25.0272039
114,05,30,14,49,2,11南港區,南港區三重路與經貿二路口,0,0,1,1,B03,8,7,5,50,3,1,1,5,4,5,13,4,4,5,4,5,2,16,1,52,3,10,7,1,7,6,1,8,1,2,9,1,21,121.6143394,25.0600263
114,05,30,15,13,2,04大安區,大安區仁愛路3段與仁愛路3段118巷口,0,0,2,1,B03,8,6,5,50,4,1,1,5,4,5,13,2,1,1,4,1,1,15,1,74,2,1,3,4,7,9,1,8,2,1,44,1,21,121.539767,25.0380872
114,05,30,15,25,2,02萬華區,萬華區萬大路與西藏路口,0,0,1,1,C03,8,7,5,50,4,4,1,5,4,5,13,1,1,9,4,4,2,17,1,64,2,8,5,1,7,14,1,9,1,14,42,1,21,121.5004846,25.0296296
114,05,30,16,13,2,10文山區,文山區興隆路4段與下崙路口,0,0,1,1,C03,8,7,5,50,4,1,1,5,4,5,13,1,1,10,5,5,2,18,1,83,2,1,5,1,7,5,1,10,1,12,42,1,21,121.5607735,24.9866434
114,05,30,16,33,2,06松山區,松山區復興南路1段31-1號,0,0,1,1,C03,7,6,5,50,14,9,1,5,4,5,13,4,4,1,4,5,2,17,4,0,,,,,,,,,11,,119,2,,121.5440421,25.0464068
114,05,30,16,40,2,03中山區,中山區民權西路36號,0,0,2,1,C03,8,6,5,50,14,9,1,5,4,5,13,4,4,1,4,5,2,12,2,43,2,8,6,1,7,9,1,10,1,12,108,1,22,121.5213909,25.06269
114,05,30,16,55,2,10文山區,文山區三福街4巷與羅斯福路6段159巷口,0,0,1,1,B01,8,6,5,30,4,1,1,5,4,5,10,4,4,10,5,5,2,15,1,66,3,10,7,1,7,9,1,4,2,1,72,1,21,121.5428115,24.9969676
114,05,30,17,09,2,03中山區,中山區中山北路2段與民權東路1段口,0,0,3,1,C03,7,6,5,50,4,3,1,5,4,5,13,2,1,5,5,1,2,11,2,30,2,8,6,1,7,9,1,10,1,12,16,1,22,121.5228256,25.0624831
114,05,30,17,09,2,05中正區,中正區和平西路2段與延平南路口,0,0,1,1,B03,8,7,5,40,4,1,1,5,4,5,13,1,1,1,4,4,2,17,1,38,3,10,7,1,7,6,1,8,1,2,9,1,22,121.5071266,25.0320107
114,05,30,17,10,2,04大安區,大安區大安路1段與大安路1段176巷口,0,0,1,1,F01,8,6,5,30,3,1,1,5,4,5,13,4,4,5,5,5,2,29,1,74,2,1,4,1,7,9,8,20,1,17,42,1,21,121.5459542,25.03645082
114,05,30,17,20,2,03中山區,中山區八德路2段與八德路2段167巷口,0,0,2,1,B03,8,7,5,50,4,1,1,5,4,5,13,1,1,5,4,5,2,16,2,44,3,10,7,1,7,5,1,8,1,1,98,1,22,121.5380626,25.0463465
114,05,30,17,32,2,03中山區,中山區樂群一路往東近敬業三路,0,0,1,1,C03,7,7,5,50,14,9,1,5,4,5,13,4,4,3,4,5,1,13,1,40,2,9,5,1,7,9,1,10,1,11,108,1,21,121.5564829,25.07716623
114,05,30,17,43,2,04大安區,大安區忠孝東路4段285號,0,0,1,1,A02,7,5,5,50,14,9,1,5,4,5,13,4,4,1,3,5,2,12,1,53,3,10,7,1,7,9,1,2,1,6,44,1,21,121.553892,25.0415039
114,05,30,19,05,2,07信義區,信義區忠孝東路4段515號,0,0,1,1,C03,8,5,5,50,14,9,1,5,4,5,13,4,4,1,4,5,2,13,2,65,3,10,6,1,7,9,1,10,2,11,16,1,21,121.5583966,25.0414404
114,05,30,19,25,2,12內湖區,內湖區潭美街777號,0,0,1,1,C03,8,5,5,40,14,9,1,5,3,5,13,4,4,8,3,5,1,18,1,27,2,9,3,4,7,9,1,10,1,12,108,1,21,121.6089199,25.0631739
114,05,30,21,16,2,06松山區,松山區民權東路4段西往東第0201187號燈桿,0,0,2,1,B03,8,5,5,40,14,8,1,5,4,5,13,4,4,3,4,4,2,17,2,54,3,10,7,1,7,2,1,8,1,7,12,1,21,121.5607919,25.0624356
114,05,30,21,30,2,09北投區,北投區河美街241-2號,0,0,1,1,,7,5,7,0,14,23,1,5,4,5,13,4,4,9,5,5,1,27,3,36,,,,,,,,,10,,66,1,,121.498655,25.1008016
114,05,30,21,58,2,09北投區,北投區北投路1段與大業路280巷口,0,0,3,1,B03,8,5,5,50,4,1,1,5,4,5,13,2,1,5,4,4,2,12,2,39,2,8,7,1,7,11,1,8,2,4,10,1,21,121.5004176,25.1277484
114,05,30,22,03,2,02萬華區,萬華區堤外便道自行車道（燈桿華中435）,0,0,1,1,F01,7,5,7,0,14,23,1,5,4,5,13,4,4,10,5,5,2,18,1,17,2,9,4,1,7,9,8,20,1,14,44,1,21,121.4898702,25.02538549
114,05,30,22,38,2,11南港區,南港區市民大道8段與南港路2段178巷口,0,0,1,1,C03,7,5,5,50,3,2,1,5,4,5,13,3,1,5,4,5,2,3,1,30,3,10,6,1,7,9,1,10,2,14,16,1,22,121.5997374,25.0521222
114,05,30,23,08,2,12內湖區,內湖區康樂街111巷與康樂街61巷口,0,0,1,1,B02,8,5,5,30,4,1,1,5,4,5,13,4,4,10,5,5,2,15,1,39,3,10,7,1,7,9,1,8,2,5,72,1,21,121.6192044,25.070529
114,05,30,23,38,2,10文山區,文山區和平東路4段與和平東路4段66巷口,0,0,1,1,,8,5,5,40,4,2,1,5,4,5,13,2,1,10,5,5,1,27,3,0,,,,,,,,,,,66,1,,121.5669672,25.0056629
114,05,31,00,54,2,02萬華區,萬華區廣州街263號,0,0,1,1,B03,8,5,6,50,14,9,1,5,4,5,13,4,4,9,4,5,1,9,1,35,3,10,7,1,7,11,1,8,1,8,10,1,21,121.4964653,25.0367542
114,05,31,02,02,2,01大同區,大同區承德路2段與民權西路口,0,0,1,1,B01,8,5,5,50,4,1,1,5,4,5,13,2,1,9,4,5,2,16,1,47,3,10,7,1,7,1,1,4,1,5,19,1,21,121.5182002,25.0626856
114,05,31,07,19,2,10文山區,文山區景後街與景興路202巷口,0,0,1,1,C03,8,6,5,50,4,18,1,5,4,5,13,3,1,9,5,5,2,3,2,72,3,10,6,1,7,9,3,18,2,11,70,1,21,121.5429394,24.9921508
114,05,31,08,14,2,02萬華區,萬華區萬大路與萬大路186巷口,0,0,1,1,F01,8,7,5,30,5,1,1,5,4,5,13,2,1,1,4,5,2,15,2,82,2,9,3,4,7,15,8,20,1,12,98,1,22,121.5004191,25.0278783
114,05,31,09,13,2,07信義區,信義區吳興街284巷22弄與吳興街284巷24弄口,0,0,1,1,C03,8,7,5,30,4,1,1,5,4,5,13,4,4,10,5,5,2,15,2,40,3,10,6,1,7,9,1,10,1,12,72,1,22,121.5614021,25.02385777
114,05,31,09,35,2,03中山區,中山區市民大道3段與松江路口,0,0,1,1,C03,8,6,5,40,5,1,1,5,4,5,13,2,1,8,3,5,1,17,2,23,2,9,5,1,7,9,1,10,9,11,16,1,21,121.533045,25.0455368
114,05,31,09,39,2,07信義區,信義區忠孝東路5段與松仁路口,0,0,1,1,B12,8,6,7,50,14,9,1,5,4,5,13,1,1,1,4,5,2,13,1,54,3,10,7,1,7,15,1,8,1,5,16,1,22,121.5682053,25.0410108
114,05,31,09,42,2,01大同區,大同區錦西街48號,0,0,1,1,C03,7,6,5,50,14,9,1,5,4,5,13,4,4,4,4,5,2,12,1,30,2,9,3,4,7,9,1,10,1,14,72,1,21,121.5202974,25.0603261
114,05,31,10,06,2,08士林區,士林區至善路2段與故宮路口,0,0,2,1,C03,8,6,5,30,4,2,1,5,4,1,13,2,1,1,4,5,1,17,2,58,2,7,5,1,7,6,3,18,1,14,9,1,21,121.5473181,25.09855048
114,05,31,10,20,2,03中山區,中山區龍江路與長春路口,0,0,2,1,C03,8,7,5,50,4,1,1,5,4,5,13,1,1,9,5,5,2,16,1,85,2,7,5,1,7,5,1,10,1,11,8,1,21,121.5405165,25.05418466
114,05,31,10,28,2,04大安區,大安區樂業街68號,0,0,1,1,B02,8,5,5,30,14,9,1,5,4,1,13,2,1,8,3,5,1,16,2,68,3,10,7,1,7,9,1,8,1,5,42,1,21,121.5505239,25.0220174
114,05,31,10,45,2,02萬華區,萬華區環河南路1段與康定路口,0,0,1,1,B03,8,5,8,50,22,22,1,5,4,5,13,1,1,10,5,5,2,17,2,39,3,10,3,4,7,6,1,8,1,6,9,1,21,121.5031848,25.046072
114,05,31,12,15,2,12內湖區,內湖區民權東路6段90巷5弄17號,0,0,2,1,C03,8,6,5,30,14,9,1,5,4,5,13,4,4,10,5,4,2,3,1,56,2,9,5,1,7,9,1,10,1,11,108,1,21,121.5862292,25.0685028
114,05,31,12,16,2,01大同區,大同區延平北路2段272巷與安西街口口,0,0,2,1,C03,8,6,5,30,4,1,1,5,4,5,13,4,4,10,5,5,2,15,2,23,2,8,6,1,7,9,1,10,1,11,72,1,21,121.5097538,25.0620837
114,05,31,12,23,2,08士林區,士林區菁山路與無名巷口礦寮一公車站旁無名巷口燈桿1111122前,0,0,1,1,B03,7,7,5,30,3,1,1,5,4,5,13,4,4,8,5,5,2,17,2,45,3,10,3,4,7,5,1,6,1,8,74,1,22,121.558984,25.1427197
114,05,31,12,45,2,03中山區,中山區建國北路3段與農安街口,0,0,1,1,B03,8,7,5,50,4,1,1,5,4,5,13,1,1,1,4,5,2,16,1,66,3,10,7,1,7,9,1,8,1,2,81,1,21,121.5368079,25.06453717
114,05,31,13,24,2,01大同區,大同區延平北路3段與延平北路3段18巷口,0,0,1,1,C03,8,6,5,50,5,1,1,5,4,5,13,4,4,5,5,5,2,16,1,53,3,10,5,1,7,5,1,10,2,14,8,1,21,121.5111593,25.0639235
114,05,31,13,45,2,09北投區,北投區大業路與永興路1段口,0,0,1,1,C03,8,7,5,50,3,2,1,5,4,5,13,4,4,10,5,5,2,16,2,35,3,10,5,1,7,6,1,10,2,13,72,1,21,121.4982899,25.1369753
114,05,31,14,00,2,09北投區,北投區中和街與中和街441巷口,0,0,1,1,B11,8,7,5,30,4,1,1,5,4,5,13,3,1,5,5,5,2,15,1,42,3,10,7,1,7,9,1,4,1,4,72,1,22,121.4977038,25.1442735
114,05,31,14,13,2,01大同區,大同區鄭州路與西寧北路口口,0,0,1,1,B01,8,5,5,50,5,1,1,5,4,5,13,2,1,1,4,5,2,13,1,56,3,10,7,1,7,1,1,8,2,5,44,1,22,121.5081768,25.0505646
114,05,31,15,08,2,02萬華區,萬華區和平西路3段與桂林路246巷口,0,0,2,1,B03,8,7,5,30,4,1,1,5,4,5,13,1,1,10,5,5,2,17,1,40,3,10,7,1,7,6,1,8,1,6,17,1,21,121.4910406,25.0357243
114,05,31,15,17,2,06松山區,松山區八德路4段245巷與八德路4段245巷32弄口口,0,0,2,1,C03,8,7,5,30,4,1,1,5,4,5,13,2,1,5,5,5,2,16,2,49,2,9,6,1,7,5,3,18,1,11,8,1,21,121.5645292,25.0499873
114,05,31,15,30,2,02萬華區,萬華區青年路126號,0,0,1,1,A02,8,6,5,30,14,9,1,5,4,5,13,4,4,5,5,5,2,9,1,64,3,10,7,1,7,1,1,2,1,17,42,1,26,121.5025887,25.02245671
114,05,31,15,51,2,12內湖區,內湖區內湖路1段與內湖路1段91巷口,0,0,1,1,F01,8,7,5,0,4,2,1,5,4,5,13,1,1,1,4,5,2,3,1,73,3,10,4,1,7,5,8,20,1,14,108,1,21,121.5687669,25.0792125
114,05,31,15,52,2,07信義區,信義區信義路5段與松德路口,0,0,1,1,C03,8,7,5,30,4,1,1,5,4,5,13,1,1,9,4,3,2,17,1,58,3,10,5,1,7,6,1,10,9,14,99,2,21,121.5744911,25.0333655
114,05,31,16,10,2,08士林區,士林區中山北路5段與中正路口,0,0,3,1,C03,7,5,8,50,22,22,1,5,4,5,13,2,1,1,5,4,1,13,1,51,2,9,5,1,7,9,1,10,1,11,16,1,21,121.5276429,25.09565179
114,05,31,16,25,2,07信義區,信義區忠孝東路5段345巷與忠孝東路5段423巷5弄口,0,0,2,1,C03,8,6,5,30,4,1,1,5,4,5,13,4,4,10,5,5,2,15,1,35,2,9,6,1,7,9,1,10,2,12,72,1,21,121.5740638,25.0417985
114,05,31,16,30,2,03中山區,中山區民權東路1段67號,0,0,1,1,C03,7,6,5,50,14,7,1,5,4,5,13,4,4,1,4,4,2,13,1,36,2,8,6,1,7,9,1,10,1,11,16,1,22,121.5259894,25.0625967
114,05,31,16,42,2,03中山區,中山區民權東路2段與新生北路3段口,0,0,3,1,C03,8,6,5,50,5,1,1,5,4,5,13,2,1,8,3,5,1,17,2,67,2,9,5,1,7,9,1,10,1,11,17,1,21,121.5276346,25.06271809
114,05,31,16,48,2,05中正區,中正區羅斯福路2段172-2號,0,0,1,1,F01,8,6,5,0,14,20,2,5,5,5,13,4,4,10,5,5,2,18,2,36,2,9,4,1,7,9,8,20,11,14,108,1,21,121.523465,25.0253882
114,05,31,17,15,2,02萬華區,萬華區環河南路2段與桂林路口,0,0,2,1,B03,8,6,5,50,4,1,1,5,4,5,13,2,1,1,5,5,2,16,1,32,3,10,7,1,7,6,3,18,1,5,98,1,26,121.4970582,25.03853412
114,05,31,17,20,2,07信義區,信義區松信路與虎林街120巷口,0,0,2,1,C03,8,7,8,50,4,2,1,5,4,5,13,1,1,5,4,5,2,16,2,25,2,9,3,4,7,6,1,10,2,11,5,1,21,121.5718388,25.0422302
114,05,31,18,16,2,07信義區,信義區松隆路161號,0,0,1,1,A02,7,7,5,50,14,7,1,5,4,5,13,1,1,1,4,5,1,9,1,61,3,10,3,4,7,1,1,2,9,17,44,1,21,121.5745308,25.0483171
114,05,31,18,30,2,02萬華區,萬華區西藏路272號,0,0,2,1,C03,7,5,5,50,14,9,1,5,4,5,13,4,4,3,3,5,2,13,2,56,4,11,5,1,7,1,3,18,11,13,19,1,22,121.5012156,25.0296237
114,05,31,19,29,2,04大安區,大安區復興南路2段與復興南路2段193巷口,0,0,1,1,B03,8,5,5,50,4,1,1,5,4,5,13,2,1,10,5,5,2,17,1,63,3,10,3,4,7,5,1,10,1,6,71,1,21,121.5435668,25.0265352
114,05,31,20,07,2,02萬華區,萬華區康定路與桂林路口,0,0,2,1,C01,8,5,5,50,4,2,1,5,4,5,13,1,1,5,4,5,2,17,2,22,2,1,5,1,7,5,1,10,1,11,71,1,21,121.5018113,25.0384955
114,05,31,23,10,2,12內湖區,內湖區內湖路1段737巷37號前,0,0,1,1,C03,8,5,5,30,14,9,1,5,4,5,13,4,4,9,5,5,2,9,1,47,3,10,6,1,7,2,1,11,7,13,21,1,21,121.578708,25.07983705
114,06,01,00,07,2,10文山區,文山區木柵路5段與木柵路5段21巷口口,0,0,2,1,C03,7,5,5,50,3,1,1,5,4,3,13,4,4,10,5,5,2,15,1,31,2,7,3,4,7,11,1,10,1,11,44,1,22,121.5814417,25.002364
114,06,01,07,21,2,01大同區,大同區民權西路與蘭州街口,0,0,2,1,F01,8,6,5,50,5,1,1,5,4,5,13,2,1,1,4,5,2,15,2,31,2,1,2,1,7,9,8,20,2,11,81,1,21,121.5146102,25.063098
114,06,01,09,11,2,03中山區,中山區北安路與大直街口,0,0,1,1,B03,8,7,5,50,4,1,1,5,4,5,13,1,1,5,5,5,2,2,1,73,3,10,7,1,7,5,1,8,2,8,70,1,22,121.5493854,25.0841857
114,06,01,09,33,2,09北投區,北投區義理街與義理街49巷口,0,0,1,1,B03,8,7,5,30,4,1,1,5,4,5,13,4,4,10,4,5,1,17,1,48,3,10,7,1,7,9,1,8,2,1,14,1,21,121.5155606,25.1169355
114,06,01,10,42,2,07信義區,信義區忠孝東路5段673號,0,0,1,1,B03,8,6,5,50,14,9,1,5,4,5,13,4,4,1,4,5,2,17,1,61,3,10,3,4,7,4,1,8,2,2,108,1,22,121.5797437,25.0419808
114,06,01,11,23,2,01大同區,大同區華陰街121號與太原路23巷口,0,0,1,1,C03,8,6,5,50,3,2,1,5,4,5,13,4,4,9,5,5,2,17,2,28,2,7,6,1,7,5,1,10,1,14,44,1,21,121.5163476,25.0500352
114,06,01,11,59,2,05中正區,中正區南海路與牯嶺街口,0,0,1,1,B03,8,6,5,30,4,1,1,5,4,5,13,1,1,10,4,5,2,17,1,47,3,10,7,1,7,5,1,8,2,4,8,1,21,121.5150264,25.0320109
114,06,01,12,14,2,12內湖區,內湖區舊宗路2段與舊宗路2段213巷口,0,0,1,1,B03,8,7,5,50,3,1,1,5,4,5,13,4,4,1,4,5,2,16,1,53,3,10,7,1,7,6,1,8,1,2,9,1,21,121.5736044,25.0730384
114,06,01,12,15,2,09北投區,北投區光明路與光明路72巷口,0,0,3,1,C03,8,6,5,50,4,1,1,5,4,5,13,4,4,9,5,5,2,16,1,50,2,8,5,1,7,7,1,10,1,12,100,1,21,121.5002929,25.1329337
114,06,01,13,13,2,04大安區,大安區安居街與樂業街口,0,0,1,1,C03,8,7,5,50,4,2,1,5,4,5,13,1,1,4,5,5,2,9,2,69,3,10,5,1,7,9,1,10,1,11,42,1,22,121.553564,25.0195865
114,06,01,14,05,2,07信義區,信義區和平東路3段391巷8弄與和平東路3段341巷口,0,0,1,1,C03,7,6,5,30,4,1,1,5,4,5,13,4,4,10,5,5,2,17,1,49,2,9,3,1,7,9,1,10,1,11,72,1,22,121.557,25.0210371
114,06,01,14,20,2,04大安區,大安區基隆路3段與基隆路3段155巷口,0,0,1,1,C03,8,5,5,50,4,1,1,5,4,5,13,2,1,10,5,5,2,29,1,72,2,9,3,4,7,15,1,10,1,15,42,1,21,121.5424505,25.0157519
114,06,01,14,30,2,10文山區,文山區木柵路2段138巷與興隆路4段105巷口口,0,0,1,1,B03,8,6,5,50,4,1,1,5,4,5,13,2,1,5,5,5,1,13,2,41,3,10,7,1,7,9,1,8,1,5,108,1,21,121.5623033,24.9876467
114,06,01,14,47,2,07信義區,信義區松智路與松智路9巷口口,0,0,2,1,B01,8,5,8,50,22,22,1,5,4,5,13,4,4,5,4,5,2,17,1,56,3,10,2,1,7,6,1,4,1,2,9,1,21,121.5655968,25.0378721
114,06,01,15,36,2,12內湖區,內湖區文德路206號,0,0,1,1,C03,8,7,5,50,14,9,1,5,4,5,13,1,1,1,4,5,1,17,1,27,3,10,6,1,7,8,1,10,1,13,100,1,21,121.5833491,25.0784556
114,06,01,16,05,2,12內湖區,內湖區民權東路6段與行忠路171巷口,0,0,1,1,C03,8,5,8,50,3,1,1,5,4,5,13,4,4,1,4,5,2,17,1,30,2,9,5,1,7,9,1,10,1,14,14,1,21,121.5811325,25.0676555
114,06,01,16,15,2,01大同區,大同區忠孝西路2段與塔城街口,0,0,1,1,B01,8,5,5,50,4,2,1,5,4,5,13,1,1,5,4,5,2,12,1,40,3,10,7,1,7,9,1,4,1,2,17,1,21,121.5101965,25.048578
114,06,01,16,40,2,07信義區,信義區忠孝東路4段與逸仙路口,0,0,1,1,F01,8,7,8,50,4,1,1,5,4,5,13,2,1,3,4,5,2,17,1,37,3,10,4,4,7,9,8,20,2,11,42,1,21,121.5614265,25.0411144
114,06,01,16,51,2,10文山區,文山區萬隆街與溪洲街137巷23弄口,0,0,1,1,C03,8,6,5,30,4,1,1,5,4,5,13,4,4,10,5,5,2,17,2,19,3,10,6,1,7,9,1,10,1,17,75,1,21,121.5366183,25.0009219
114,06,01,17,40,2,03中山區,中山區市民大道1段與中山北路1段口,0,0,1,1,C03,8,7,5,40,14,9,1,5,4,5,13,4,4,1,4,5,2,12,1,31,3,10,5,1,7,9,1,10,1,12,44,1,21,121.5203368,25.0482277
114,06,01,17,52,2,03中山區,中山區龍江路356巷與五常街53巷口,0,0,2,1,C03,7,7,5,50,4,1,1,5,4,5,13,4,4,4,5,5,1,17,1,54,2,7,5,1,7,5,1,10,1,14,8,1,21,121.5183568,25.04847309
114,06,01,18,30,2,07信義區,信義區信安街200號,0,0,1,1,C03,8,6,5,50,14,9,1,5,4,5,13,4,4,9,5,5,2,17,1,53,2,7,6,1,7,9,1,10,9,12,108,1,22,121.5548431,25.0225978
114,06,01,18,36,2,01大同區,大同區鄭州路與西寧北路口,0,0,1,1,B03,7,5,5,40,4,1,1,5,4,5,13,1,1,5,2,5,2,17,1,48,3,10,7,1,7,9,1,8,1,1,16,1,21,121.5081823,25.05054548
114,06,01,20,40,2,07信義區,信義區福德街與林口街口,0,0,1,1,B12,8,5,5,50,4,1,1,5,4,5,13,1,1,1,4,5,2,3,1,68,3,10,3,4,7,5,1,8,2,1,70,1,22,121.5791446,25.0364504
114,06,01,21,12,2,03中山區,中山區敬業二路美福飯店車道口,0,0,1,1,B01,8,5,5,50,14,9,1,5,4,5,13,4,4,5,5,5,2,17,1,60,3,10,7,1,7,8,1,4,1,17,100,1,21,121.554348,25.0803849
114,06,01,21,28,2,10文山區,文山區木新路2段與恆光街口,0,0,2,1,C03,8,5,5,50,4,2,1,5,4,5,13,1,1,5,5,4,2,17,1,64,2,3,5,1,7,11,1,10,1,12,10,1,21,121.566653,24.9832653
114,06,01,21,30,2,02萬華區,萬華區萬大路512號對面,0,0,1,1,B03,8,5,5,50,14,9,1,5,4,5,13,4,4,1,2,5,2,17,2,54,3,10,7,1,7,15,1,8,1,4,100,1,21,121.4971234,25.018888
114,06,01,21,35,2,01大同區,大同區台北橋機慢車道往西分岔前,0,0,2,1,C03,8,5,7,50,8,11,1,5,4,5,13,4,4,8,3,5,2,12,1,71,2,9,5,1,7,7,1,10,1,13,100,1,21,121.5085489,25.0635391
114,06,01,22,22,2,06松山區,松山區南京東路4段東往西第0205830燈桿,0,0,1,1,C04,8,5,5,50,14,9,1,5,5,5,13,4,4,3,5,4,2,18,2,38,2,9,6,1,7,9,1,10,1,12,42,1,21,121.5520454,25.0517464
114,06,01,23,40,2,03中山區,中山區南京東路3段與復興北路口,0,0,1,1,B03,8,5,5,50,4,1,1,5,4,5,13,2,1,1,4,4,2,16,1,41,3,10,7,1,7,6,1,8,2,2,9,1,21,121.5439447,25.051744
114,06,01,23,43,2,03中山區,中山區中山北路3段與民族西路口,0,0,1,1,B02,7,5,5,50,4,1,1,5,4,5,13,1,1,1,3,5,1,1,1,29,3,10,7,1,7,6,1,8,1,1,70,1,21,121.5183568,25.04847309
114,06,01,23,49,2,07信義區,信義區林口街166號,0,0,2,1,C01,7,5,5,40,11,7,1,5,4,5,13,4,4,5,5,4,2,13,1,57,2,7,6,4,7,9,1,9,2,11,16,1,21,121.580543,25.040227
114,06,02,00,20,2,03中山區,中山區中山北路2段與民權東路1段口,0,0,4,1,B03,8,5,6,50,4,1,1,5,4,5,13,2,1,1,3,4,2,16,1,38,2,7,7,4,7,5,1,8,2,6,71,1,21,121.5227213,25.0628521
114,06,02,01,07,2,11南港區,南港區南港路1段81號,0,0,1,1,C03,8,5,5,50,14,9,1,5,4,5,13,4,4,5,4,5,2,17,1,27,2,9,6,1,7,12,1,10,2,12,116,1,21,121.6154795,25.0551992
114,06,02,01,40,2,08士林區,士林區延平北路7段106巷與延平北路7段106巷94弄口,0,0,1,1,F01,7,5,5,30,3,2,1,5,4,5,13,4,4,10,5,5,1,17,1,77,2,9,4,1,7,6,8,20,2,11,72,1,22,121.4962459,25.0991314
114,06,02,03,00,2,04大安區,大安區忠孝東路4段與光復南路口口,0,0,2,1,C03,8,5,5,50,4,1,1,5,4,5,13,2,1,1,4,5,2,13,1,20,2,9,3,4,7,9,1,10,1,11,81,1,22,121.5579703,25.0412668
114,06,02,04,40,2,09北投區,北投區東華街2段與致遠三路口,0,0,1,1,A11,7,5,5,50,4,1,1,5,4,5,13,2,1,10,4,5,2,3,1,30,3,10,7,1,7,9,1,2,2,1,70,1,21,121.5115591,25.1198131
114,06,02,04,41,2,07信義區,信義區松平路77號,0,0,1,1,B03,7,5,8,30,22,22,1,5,4,5,13,4,4,9,4,5,2,17,1,58,3,10,3,4,7,1,1,8,2,1,19,1,22,121.5673674,25.030561
114,06,02,07,40,2,12內湖區,內湖區東湖路115號,0,0,3,1,C03,8,7,5,50,14,9,1,5,4,5,13,1,1,4,3,5,1,17,2,45,2,9,6,1,7,9,1,10,11,14,44,1,21,121.6157844,25.0684309
114,06,02,07,42,2,03中山區,中山區北安路海軍司令部,0,0,1,1,C03,7,6,5,50,14,9,1,5,4,5,13,1,1,1,4,5,2,13,1,18,2,9,5,4,7,9,1,10,1,11,16,1,22,121.5369568,25.08075332
114,06,02,07,58,2,02萬華區,萬華區堤外便道機車專用道北往南近忠孝橋,0,0,3,1,H01,8,6,7,30,14,11,1,5,4,5,13,4,4,10,5,5,2,9,1,33,3,10,4,5,8,16,8,20,1,16,121,1,21,121.4955844,25.0369441
114,06,02,08,04,2,05中正區,中正區愛國西路與羅斯福路1段口口,0,0,2,1,C03,8,6,5,50,4,1,1,5,4,5,13,1,1,1,4,5,1,17,2,57,2,8,6,1,7,9,3,18,1,14,16,1,21,121.5168896,25.0343633
114,06,02,08,05,2,01大同區,大同區民樂街115號,0,0,1,1,C03,8,7,5,50,14,9,1,5,4,5,13,4,4,9,4,5,2,17,1,54,3,10,3,4,7,10,1,10,1,12,100,1,21,121.5106245,25.0575185
114,06,02,08,17,2,04大安區,大安區信義路4段25號,0,0,1,1,B11,8,6,5,50,14,9,1,5,4,5,13,4,4,1,4,5,2,13,1,49,3,10,7,1,7,9,1,4,1,5,16,1,21,121.5447329,25.033418
114,06,02,08,23,2,05中正區,中正區金山南路1段91號,0,0,1,1,B03,7,7,5,50,14,9,1,5,4,5,13,4,4,1,4,1,2,12,1,56,3,10,7,1,7,14,1,8,2,6,44,1,21,121.5281555,25.03758932
114,06,02,08,25,2,10文山區,文山區福和河濱公園(福和40號燈桿）,0,0,1,1,F01,8,6,8,0,22,22,1,5,4,5,13,4,4,9,5,5,1,2,1,46,3,10,4,1,7,9,8,20,2,11,76,1,21,121.55796,24.99942457