發生年度,發生月,發生日,發生時-Hours,發生分,處理別-編號,區序,肇事地點,死亡人數,2-30日死亡人數,受傷人數,當事人序號,車種,天候,光線,道路類別,速限-速度限制,道路型態,事故位置,路面狀況1,路面狀況2,路面狀況3,道路障礙1,道路障礙2,號誌1,號誌2,車道劃分-分向,車道劃分-分道1,車道劃分-分道2,車道劃分-分道3,事故類型及型態,性別,年齡,受傷程度,主要傷處,保護裝置,行動電話,車輛用途,當事者行動狀態,駕駛資格情形,駕駛執照種類,飲酒情形,車輛撞擊部位1,肇因碼-個別,個人肇逃否,職業,座標-X,座標-Y
114,06,02,08,43,2,04大安區,大安區忠孝東路4段300號,0,0,1,1,C03,8,6,5,50,14,9,1,5,4,5,13,4,4,3,4,5,2,13,1,24,2,8,5,1,7,9,1,10,1,11,16,1,22,121.5563739,25.0413124
114,06,02,09,25,2,07信義區,信義區松勤街與松平路99巷口,0,0,2,1,C03,7,6,5,50,3,1,1,5,4,5,13,4,4,4,5,5,2,13,1,18,2,9,6,1,7,9,1,10,1,11,44,1,21,121.5677065,25.0319301
114,06,02,09,28,2,07信義區,信義區永吉路321巷與虎林街56巷口,0,0,1,1,B01,7,6,5,30,4,1,1,5,4,5,13,4,4,9,3,5,2,17,1,26,3,10,3,4,7,9,1,8,1,17,80,1,21,121.5755234,25.0465271
114,06,02,09,45,2,05中正區,中正區和平西路1段34號,0,0,1,1,C03,8,6,5,40,14,8,1,5,4,5,13,4,4,1,4,4,1,17,1,36,2,8,6,1,7,9,1,10,1,11,108,1,21,121.5208545,25.0266293
114,06,02,09,45,2,05中正區,中正區重慶南路2段8巷16弄與重慶南路2段8巷口,0,0,1,1,C03,8,6,5,30,3,1,1,5,4,1,13,4,4,10,5,5,2,24,1,30,2,9,5,1,7,9,1,10,2,11,108,1,23,121.5095378,25.0337483
114,06,02,10,02,2,05中正區,中正區羅斯福路4段與基隆路4段口,0,0,1,1,B03,8,7,5,50,4,1,1,5,4,5,13,1,1,1,4,5,2,13,1,76,3,10,7,1,7,3,1,8,1,1,18,1,22,121.536992,25.0110972
114,06,02,10,05,2,03中山區,中山區民族東路與中山北路3段口,0,0,1,1,C03,7,7,5,50,4,1,1,5,4,5,13,1,1,3,4,5,1,17,1,19,3,10,5,1,7,7,1,10,1,12,100,1,21,121.5230408,25.06850254
114,06,02,10,20,2,11南港區,南港區重陽路532號,0,0,1,1,B03,8,7,5,40,14,8,1,5,4,5,13,4,4,9,5,4,2,17,1,29,3,10,7,1,7,1,1,8,1,8,19,1,21,121.6126866,25.061516
114,06,02,10,36,2,09北投區,北投區大度路與承德路7段口西往東,0,0,1,1,B03,8,5,5,50,4,2,1,5,4,5,13,1,1,9,4,5,1,12,1,77,3,10,7,1,7,9,3,18,1,1,16,1,21,121.4991638,25.1210808
114,06,02,10,47,2,02萬華區,萬華區雙園街18巷與雙園街口,0,0,1,1,C03,8,6,5,30,5,1,1,5,4,5,13,4,4,10,5,5,1,17,2,69,2,8,5,1,7,5,1,10,1,12,74,1,21,121.4945333,25.0295727
114,06,02,11,05,2,07信義區,信義區忠孝東路5段236巷與松高路口,0,0,1,1,B03,8,6,5,50,4,1,1,5,4,5,13,1,1,9,4,5,2,17,2,63,3,10,3,4,7,5,1,8,1,8,8,1,22,121.5718496,25.0389433
114,06,02,11,19,2,02萬華區,萬華區桂林路與桂林路242巷口,0,0,1,1,C03,8,7,5,50,5,2,1,5,4,5,13,1,2,1,5,5,2,13,2,31,2,9,5,1,7,12,1,10,1,11,16,1,21,121.4958513,25.0387103
114,06,02,11,27,2,04大安區,大安區基隆路4段與羅斯福路4段口,0,0,2,1,C03,8,6,5,50,5,1,1,5,4,5,13,1,1,1,3,5,2,17,1,29,2,9,6,1,7,5,1,10,1,11,96,1,21,121.5374179,25.0111829
114,06,02,11,27,2,07信義區,信義區松德路265號對面,0,0,1,1,C03,8,7,5,40,14,9,1,5,4,5,13,4,4,9,4,5,2,17,1,71,2,6,3,4,7,10,1,10,1,13,100,1,22,121.5745722,25.0331916
114,06,02,11,35,2,05中正區,中正區思源街1號(自來水園區前),0,0,2,1,C03,8,6,5,50,14,9,1,5,4,5,13,4,4,3,4,5,2,13,2,31,2,9,5,1,7,9,1,10,1,11,108,1,21,121.5317149,25.0145479
114,06,02,11,50,2,02萬華區,萬華區西藏路125巷與雙和街口,0,0,3,1,C03,8,7,5,30,4,1,1,5,4,5,13,1,1,10,5,5,2,16,1,71,2,9,5,1,7,5,1,10,1,14,9,1,21,121.5027104,25.027927
114,06,02,11,57,2,03中山區,中山區復興南路1段與市民大道4段口,0,0,1,1,B12,8,6,5,40,4,1,1,5,4,5,13,2,1,1,4,5,2,16,1,37,3,10,7,1,7,5,1,8,1,4,8,1,21,121.5437404,25.0449038
114,06,02,12,07,2,05中正區,中正區羅斯福路3段6號,0,0,1,1,B03,8,7,8,50,14,9,1,5,4,5,13,1,1,1,4,5,2,17,1,68,3,10,7,1,7,14,1,8,1,2,38,1,22,121.5249182,25.0235268
114,06,02,12,10,2,01大同區,大同區民權西路148號,0,0,1,1,C03,8,6,5,50,14,9,1,5,4,5,13,4,4,1,4,5,2,17,1,52,3,10,5,4,7,9,1,10,2,17,44,1,21,121.515867,25.0626167
114,06,02,12,17,2,03中山區,中山區建國北路3段與民權東路3段口迴轉道,0,0,1,1,B03,8,6,5,50,3,2,1,5,4,5,13,2,1,8,5,5,1,13,1,41,3,10,3,4,7,9,1,8,1,1,16,1,21,121.5370923,25.06368389
114,06,02,12,26,2,12內湖區,內湖區內湖路3段60巷10弄與內湖路3段60巷8弄口,0,0,1,1,C03,8,7,5,30,4,1,1,5,4,5,13,4,4,5,5,5,1,15,1,68,3,10,6,1,7,9,1,10,1,11,72,1,21,121.5916833,25.0879154
114,06,02,12,33,2,05中正區,中正區金山南路1段79巷與金山南路1段口口,0,0,1,1,B03,8,5,5,30,3,2,1,5,4,5,13,4,4,1,4,4,1,17,1,41,3,10,7,1,7,6,1,8,1,8,72,1,21,121.5280024,25.0368699
114,06,02,12,37,2,02萬華區,萬華區中華路1段114巷與漢中街口,0,0,1,1,B13,8,6,5,30,4,1,4,5,4,5,13,4,4,10,5,5,1,3,1,25,3,10,7,1,7,9,1,8,1,1,108,1,21,121.5074156,25.0440178
114,06,02,12,41,2,07信義區,信義區松平路與松平路99巷口,0,0,2,1,C03,8,6,5,30,3,1,1,5,4,5,13,4,4,9,5,5,2,17,1,90,2,9,3,1,7,6,1,10,2,12,9,1,22,121.567645,25.030472
114,06,02,12,45,2,08士林區,士林區中山北路5段376號,0,0,7,1,A02,7,7,6,50,14,9,1,5,4,5,13,4,4,1,3,5,1,23,1,58,3,10,7,1,7,9,1,2,2,1,108,1,21,121.5275999,25.0899903
114,06,02,13,09,2,09北投區,北投區石牌路2段與石牌路2段99巷口,0,0,1,1,B03,8,6,5,50,3,1,1,5,4,5,13,3,1,5,4,5,2,16,1,70,3,10,7,1,7,5,1,8,2,1,72,1,21,121.5169248,25.1177898
114,06,02,14,20,2,08士林區,士林區仰德大道2段與仰德大道2段134巷口,0,0,2,1,C03,8,6,5,0,14,9,1,5,4,5,13,4,4,5,5,5,1,13,1,18,2,9,6,1,7,9,1,10,2,11,108,1,22,121.5473286,25.109545
114,06,02,14,21,2,03中山區,中山區新生北路2段與新生北路2段5巷口,0,0,2,1,C03,8,6,5,50,3,1,1,5,4,5,13,4,4,9,4,5,2,13,1,32,2,9,6,4,7,9,1,10,1,11,16,1,22,121.5277102,25.05284238
114,06,02,15,30,2,04大安區,大安區基隆路2段與和平東路3段口,0,0,1,1,B03,8,5,5,50,4,2,1,5,4,5,13,2,1,1,4,5,2,17,1,32,3,10,3,4,7,6,1,8,1,5,9,1,21,121.5527844,25.0247062
114,06,02,15,32,2,03中山區,中山區中山北路1段128號,0,0,2,1,C03,8,6,5,50,14,9,1,5,4,5,13,4,4,1,4,5,2,16,1,20,2,9,6,1,7,9,1,10,1,14,108,1,21,121.5220835,25.0510075
114,06,02,15,49,2,04大安區,大安區復興南路2段336號,0,0,2,1,B02,8,6,5,50,14,9,1,5,4,5,13,2,1,1,4,4,2,17,1,55,3,10,7,1,7,10,1,8,1,6,100,1,22,121.5433237,25.0227777
114,06,02,15,51,2,05中正區,中正區南昌路1段與重慶南路2段7巷口口,0,0,1,1,C03,8,6,5,50,4,1,1,5,4,5,13,4,4,5,5,5,1,15,2,59,2,8,6,1,7,9,1,10,1,11,72,1,21,121.5150953,25.0342505
114,06,02,15,56,2,11南港區,南港區研究院路1段2號,0,0,1,1,C03,8,7,5,50,14,9,1,5,4,5,13,4,4,9,4,5,2,12,1,73,2,9,3,4,7,10,1,10,2,14,100,1,21,121.616474,25.0544189
114,06,02,16,02,2,01大同區,大同區環河北路1段與忠孝西路2段口,0,0,1,1,B03,8,6,5,50,5,1,1,5,4,5,13,1,1,5,4,5,2,12,1,74,3,10,7,1,7,15,1,8,2,4,44,1,21,121.5061047,25.0488643
114,06,02,16,23,2,04大安區,大安區師大路80巷與浦城街口,0,0,1,1,B03,8,6,5,30,4,1,1,5,4,5,13,4,4,10,5,5,2,17,2,42,3,10,7,1,7,5,1,8,1,1,72,1,21,121.5267921,25.0234082
114,06,02,16,25,2,09北投區,北投區雙全街與大業路口,0,0,1,1,B01,8,7,5,50,4,1,1,5,4,5,13,1,1,1,4,5,2,16,1,54,3,10,7,1,7,5,1,4,2,8,80,1,21,121.5012286,25.1370456
114,06,02,16,51,2,04大安區,大安區市民大道4段與忠孝東路4段205巷口,0,0,1,1,B03,8,6,5,40,3,1,1,5,4,5,13,4,4,8,3,5,2,17,2,44,3,10,3,4,7,6,1,8,1,6,9,1,21,121.5519393,25.0443793
114,06,02,16,52,2,04大安區,大安區和平東路2段175巷與瑞安街81巷口,0,0,2,1,C03,7,6,5,30,4,1,1,5,4,5,13,4,4,10,5,5,2,15,1,18,2,9,6,1,7,9,1,10,1,11,44,1,21,121.5417117,25.027854
114,06,02,16,55,2,07信義區,信義區永吉路與松信路口口,0,0,1,1,B01,7,5,8,50,4,1,1,5,4,5,13,1,1,1,4,5,2,17,1,64,3,10,7,1,7,9,1,8,1,2,44,1,21,121.5719611,25.0455377
114,06,02,17,10,2,01大同區,大同區民生西路與西寧北路口,0,0,1,1,C03,8,7,5,50,4,1,1,5,4,5,13,2,1,5,4,5,2,17,2,28,2,9,3,4,7,5,1,10,1,14,8,1,21,121.5089637,25.0568695
114,06,02,17,14,2,09北投區,北投區公館路與公館路423巷口口,0,0,1,1,C03,8,6,5,50,3,1,1,5,4,5,13,4,4,10,5,5,2,16,1,55,3,10,5,1,7,5,1,10,9,13,8,2,21,121.5024446,25.1209241
114,06,02,17,18,2,08士林區,士林區至善路2段321號與至善路2段口衛理女中前,0,0,1,1,C03,8,5,5,50,3,1,1,5,4,5,13,1,1,3,4,5,2,16,1,20,2,9,5,1,7,9,1,10,1,11,108,1,21,121.5524022,25.1015548
114,06,02,17,50,2,12內湖區,內湖區民權大橋與民權東路6段口,0,0,2,1,C03,7,7,5,40,14,11,1,5,4,5,13,4,4,1,2,5,2,13,2,33,2,8,5,1,7,9,1,10,1,11,16,1,21,121.5777963,25.0666264
114,06,02,18,10,2,02萬華區,萬華區西藏路與寶興街口,0,0,1,1,F01,8,5,5,50,5,18,1,5,4,5,13,1,1,5,5,5,2,3,1,15,3,10,4,4,7,9,8,20,1,11,70,1,21,121.4923583,25.02827295
114,06,02,18,31,2,01大同區,大同區民生西路與雙連街口,0,0,1,1,C03,8,6,5,30,14,9,1,5,4,5,13,2,1,9,5,5,2,13,2,58,4,11,3,4,7,21,7,19,11,15,16,2,22,121.5192097,25.0575413
114,06,02,18,36,2,10文山區,文山區忠順街2段與恆光街17巷口,0,0,2,1,C03,8,5,5,30,3,2,1,5,4,5,13,4,4,10,5,5,2,16,1,70,2,8,5,1,7,5,1,10,1,14,72,1,21,121.567307,24.9846282
114,06,02,19,03,2,07信義區,信義區莊敬路與莊敬路197巷口,0,0,1,1,B01,7,5,5,50,4,1,1,5,4,5,13,1,1,5,5,5,2,13,1,57,3,10,7,1,7,5,1,4,1,1,108,1,21,121.5612734,25.0308387
114,06,02,19,07,2,01大同區,大同區環河北路1段與長安西路口,0,0,3,1,B03,8,6,5,50,14,10,1,5,4,5,13,2,1,9,4,5,2,12,1,53,3,10,3,4,7,9,1,8,9,15,17,1,21,121.5072488,25.0521413
114,06,02,19,07,2,09北投區,北投區大度路3段305號對面,0,0,1,1,B03,8,5,5,50,8,8,1,5,4,5,13,4,4,3,4,4,2,12,1,55,3,10,7,1,7,4,1,8,1,2,108,1,21,121.4658451,25.1234717
114,06,02,21,00,2,03中山區,中山區林森北路與民生東路1段口,0,0,2,1,B13,7,5,5,50,4,18,1,5,4,5,13,2,1,5,4,5,2,3,1,58,3,10,3,4,7,5,1,8,1,1,70,1,21,121.5264046,25.0577963
114,06,02,22,45,2,11南港區,南港區興中路與南港路1段口,0,0,2,1,C03,8,5,5,50,4,1,1,5,4,5,13,1,1,4,3,5,2,17,2,46,2,9,5,1,7,5,1,10,1,11,8,1,21,121.6074998,25.0545225
114,06,02,22,55,2,09北投區,北投區大度路往淡水1208632號燈桿,0,0,1,1,C03,8,5,5,50,14,12,1,5,4,5,13,4,4,1,4,5,1,18,1,61,2,9,6,1,7,21,1,10,1,12,42,1,26,121.4895264,25.1219172
114,06,02,23,10,2,09北投區,北投區竹子湖路往金山距馬槽橋1公里處,0,0,1,1,C03,8,5,5,40,22,9,1,5,4,5,13,4,4,4,5,5,2,18,1,18,2,9,6,1,7,15,1,10,1,12,118,1,25,121.56046,25.1826008
114,06,03,04,29,2,02萬華區,萬華區和平西路3段與環河南路2段口,0,0,1,1,B12,7,5,5,50,5,1,1,5,4,5,13,2,1,1,4,5,2,17,1,47,3,10,7,1,7,5,1,8,1,2,83,1,21,121.4943304,25.0354516
114,06,03,06,25,2,08士林區,士林區中正路601號與重慶北路4段口,0,0,1,1,C03,7,7,5,50,3,2,1,5,4,5,13,4,4,9,4,5,1,17,2,60,2,3,6,1,7,9,1,10,2,14,44,1,21,121.5099491,25.0866105
114,06,03,07,00,2,03中山區,中山區中山北路2段與民生西路口,0,0,2,1,C03,7,7,5,50,4,1,1,5,4,5,13,1,1,1,3,1,1,17,1,49,2,8,6,1,7,8,1,10,1,12,100,1,21,121.5207582,25.05010601
114,06,03,07,19,2,12內湖區,內湖區康寧路1段與康寧路1段214巷口,0,0,1,1,B03,8,6,5,30,3,2,1,5,4,5,13,4,4,10,5,5,2,17,2,52,3,10,7,1,7,5,1,8,1,7,72,2,21,121.5955646,25.07857701
114,06,03,07,33,2,10文山區,文山區一壽街與一壽街17巷口口,0,0,1,1,B03,7,6,5,30,4,1,1,5,4,5,13,4,4,10,5,5,2,15,2,46,3,10,7,1,7,9,1,8,1,8,72,1,21,121.5566972,24.9794431
114,06,03,07,39,2,09北投區,北投區大興街與清江路口,0,0,1,1,C03,7,6,5,50,4,1,1,5,4,5,13,1,1,9,5,5,2,16,2,56,3,10,6,1,7,5,1,10,1,11,71,1,21,121.5020186,25.1307798
114,06,03,07,44,2,12內湖區,內湖區環山路3段與內湖路2段103巷附近口,0,0,1,1,C03,7,6,5,50,14,9,1,5,4,5,13,4,4,5,4,5,2,13,2,68,2,3,6,1,7,9,1,10,2,11,16,1,22,121.5804521,25.0847318
114,06,03,07,46,2,03中山區,中山區吉林路與錦州街口,0,0,1,1,C03,8,7,5,50,4,2,1,5,4,5,13,1,1,7,4,5,2,17,1,50,3,10,5,1,7,1,1,10,1,11,19,1,21,121.5302736,25.0604995
114,06,03,07,55,2,09北投區,北投區光明路與中央南路1段口,0,0,1,1,B03,7,6,5,50,4,1,1,5,4,5,13,3,1,9,5,5,2,13,1,43,3,10,7,1,7,5,1,8,1,1,44,1,21,121.5014957,25.13333847
114,06,03,08,20,2,02萬華區,萬華區中華路1段與開封街2段口,0,0,1,1,B01,7,6,5,50,4,1,1,5,4,5,13,2,1,1,4,5,2,3,1,61,4,11,3,4,7,5,7,19,11,15,70,2,21,121.5091978,25.04607549
114,06,03,08,25,2,03中山區,中山區建國北路2段3巷47號,0,0,1,1,B03,8,7,5,30,14,9,1,5,4,5,13,4,4,10,5,5,2,17,2,44,3,10,7,1,7,6,1,8,1,2,9,1,21,121.5386996,25.05241689
114,06,03,08,36,2,04大安區,大安區建國南路1段與市民大道3段口,0,0,1,1,C03,7,6,5,50,14,9,1,5,4,5,13,2,1,1,4,5,2,17,1,63,3,10,5,1,7,7,1,10,1,12,100,1,21,121.5368929,25.0444226
114,06,03,08,37,2,06松山區,松山區八德路3段74巷3弄與八德路3段74巷口,0,0,1,1,C03,7,6,5,30,4,1,1,5,4,2,13,4,4,10,5,5,2,16,1,73,2,9,6,1,7,9,1,10,1,12,72,1,21,121.5524579,25.0476301
114,06,03,09,00,2,05中正區,中正區中華路1段與中華路1段9巷口,0,0,1,1,B03,8,6,5,50,4,2,1,5,4,5,13,2,1,1,4,5,2,12,1,54,3,10,7,1,7,9,1,8,2,2,118,1,22,121.5099057,25.04700801
114,06,03,09,13,2,04大安區,大安區辛亥路1段136號迴轉道,0,0,2,1,C03,8,6,5,30,22,9,1,5,4,5,13,4,4,1,4,5,2,17,1,73,2,9,5,1,7,5,3,18,2,13,72,1,21,121.533513,25.0222214
114,06,03,09,25,2,04大安區,大安區忠孝東路4段147巷與敦化南路1段187巷口,0,0,1,1,C03,7,6,5,30,4,1,1,5,4,5,13,4,4,10,5,5,2,15,1,48,2,9,5,1,7,9,1,10,1,14,72,1,21,121.5496511,25.0425943
114,06,03,10,00,2,01大同區,大同區市民大道1段209號,0,0,1,1,B01,7,6,5,40,14,9,1,5,4,5,13,4,4,1,5,5,2,13,1,57,3,10,7,1,7,9,1,4,2,1,44,1,21,121.5183121,25.0485876
114,06,03,10,06,2,10文山區,文山區木新路1段與指南路1段51巷口口旁,0,0,1,1,B12,7,6,5,50,3,2,1,5,4,5,13,2,1,5,4,5,2,12,1,75,3,10,7,1,7,9,1,8,2,2,17,2,21,121.5706974,24.9884804
114,06,03,10,15,2,01大同區,大同區市民大道1段與承德路1段口,0,0,1,1,C03,6,6,5,40,5,2,1,4,4,5,13,2,1,1,4,5,2,13,1,28,2,8,6,1,7,9,1,10,1,11,16,1,21,121.5168249,25.0488335
114,06,03,10,20,2,10文山區,文山區指南路3段38巷5-2號,0,0,2,1,C03,8,6,5,30,11,9,1,5,4,5,13,4,4,10,5,5,2,11,2,23,3,10,6,1,7,9,1,10,1,14,17,1,21,121.5830615,24.97752075
114,06,03,10,23,2,12內湖區,內湖區內湖路1段737巷51弄與內湖路1段737巷41弄口,0,0,1,1,C03,7,6,6,30,3,1,1,5,4,5,13,4,4,5,5,5,2,3,1,61,3,10,6,1,7,9,1,10,1,11,70,1,22,121.5795699,25.0803457
114,06,03,10,33,2,09北投區,北投區石牌路2段與天母西路口口,0,0,2,1,B03,6,6,5,50,3,1,1,4,4,5,13,3,1,10,5,5,2,16,2,63,2,2,7,1,7,5,1,8,1,5,72,1,21,121.5219492,25.1192353
114,06,03,10,40,2,02萬華區,萬華區貴陽街2段96巷與永福街口,0,0,2,1,C03,6,7,5,30,4,1,1,4,4,5,13,4,4,10,5,5,2,15,2,26,2,9,5,1,7,9,1,10,1,14,72,1,21,121.5030586,25.0387424
114,06,03,10,45,2,08士林區,士林區士東路與忠誠路2段口,0,0,1,1,C03,6,6,5,50,5,2,1,4,4,5,13,2,1,1,4,5,1,13,2,24,2,9,5,1,7,9,1,10,2,11,16,1,21,121.5309378,25.11229308
114,06,03,11,12,2,02萬華區,萬華區東園街140巷與東園街154巷9弄口,0,0,1,1,C03,6,6,5,30,4,1,1,4,4,5,13,4,4,10,5,5,2,15,1,113,4,11,5,1,7,9,7,19,11,11,72,1,22,121.49698,25.02334149
114,06,03,11,13,2,05中正區,中正區杭州南路1段71巷與銅山街6巷口,0,0,1,1,B03,7,7,5,30,3,1,1,4,4,5,13,4,4,10,4,5,2,16,1,65,3,10,7,1,7,9,1,8,2,1,72,1,21,121.5265795,25.03933491
114,06,03,12,05,2,12內湖區,內湖區舊宗路2段121巷與瑞湖街口,0,0,1,1,B03,6,6,5,50,4,1,1,4,4,5,13,1,1,10,5,5,2,16,1,30,3,10,7,1,7,6,1,8,1,5,9,1,21,121.5764401,25.0690886
114,06,03,12,26,2,09北投區,北投區承德路7段立農國小站,0,0,1,1,C03,6,6,5,60,14,9,1,4,4,5,13,4,4,1,4,5,2,17,2,31,3,10,6,1,7,1,1,10,1,17,19,1,21,121.5035588,25.1174415
114,06,03,12,50,2,12內湖區,內湖區行愛路與新湖三路口,0,0,1,1,C03,7,6,5,50,4,1,1,4,4,5,13,2,1,5,4,4,2,13,1,20,2,8,6,1,7,9,1,10,1,11,108,1,22,121.5794941,25.0649475
114,06,03,13,25,2,12內湖區,內湖區民權東路6段與行愛路口,0,0,1,1,B02,6,7,5,50,4,1,1,4,4,5,13,2,1,5,2,5,2,16,1,42,3,10,7,1,7,6,1,8,2,2,9,1,21,121.5786466,25.066596
114,06,03,13,28,2,07信義區,信義區忠孝東路5段63號,0,0,1,1,C03,6,6,5,50,14,9,1,4,4,5,13,1,1,1,4,5,2,17,1,26,2,7,3,4,7,8,1,10,2,13,100,1,21,121.5668223,25.0411947
114,06,03,15,09,2,07信義區,信義區富陽街與富陽街87巷口,0,0,1,1,F02,7,5,5,50,3,2,1,5,4,5,13,4,4,10,5,5,2,17,1,37,3,10,4,4,7,5,8,20,1,17,8,1,21,121.5564958,25.0213437
114,06,03,15,32,2,12內湖區,內湖區成功路2段221號,0,0,1,1,C03,6,6,5,50,14,9,1,4,4,5,13,2,1,3,4,5,2,17,1,43,2,8,6,1,7,9,1,10,1,11,16,1,21,121.5906483,25.0673724
114,06,03,15,43,2,07信義區,信義區基隆路1段35巷7弄與松隆路123巷口口,0,0,1,1,C03,7,5,8,30,4,1,1,4,4,5,13,4,4,5,4,5,2,17,1,46,2,9,5,1,7,6,1,10,1,14,72,1,22,121.5715557,25.0478773
114,06,03,15,46,2,02萬華區,萬華區萬大路與萬大路344巷口,0,0,1,1,B03,7,7,5,30,3,1,1,5,4,5,13,4,4,1,4,5,2,16,1,42,3,10,7,1,7,6,1,8,1,2,9,1,21,121.4999746,25.0238
114,06,03,15,55,2,08士林區,士林區中正路與中正路口第1100136號路燈桿,0,0,1,1,B12,6,7,5,50,4,1,1,4,4,5,13,4,4,1,4,5,1,17,1,53,3,10,7,1,7,7,1,8,2,4,108,1,21,121.520913,25.09401254
114,06,03,16,18,2,04大安區,大安區基隆路2段與敦化南路2段口口,0,0,1,1,B03,6,6,5,50,3,2,1,4,4,5,13,4,4,1,4,5,2,17,1,28,3,10,7,1,7,7,1,8,9,17,100,1,22,121.5484811,25.0206605
114,06,03,17,11,2,03中山區,中山區濱江街353-2號,0,0,2,1,B02,7,7,5,50,14,8,1,5,4,5,13,4,4,1,4,4,2,12,1,42,3,10,7,1,7,8,1,8,1,2,100,1,21,121.5499467,25.0723086
114,06,03,17,17,2,04大安區,大安區忠孝東路3段與新生南路1段口,0,0,1,1,C03,7,6,5,50,4,4,1,5,4,5,13,1,1,1,1,5,2,13,1,19,2,8,5,1,7,9,1,10,1,11,108,1,21,121.5329673,25.0420227
114,06,03,17,30,2,03中山區,中山區北安路458巷47弄25號,0,0,2,1,C03,7,7,5,50,4,2,1,5,4,5,13,4,4,4,5,5,1,15,2,42,2,7,5,1,7,9,1,10,1,11,75,1,21,121.5212473,25.04995343
114,06,03,17,30,2,12內湖區,內湖區金湖路347巷與金湖路口旁,0,0,1,1,B12,6,6,5,50,4,2,1,4,4,5,13,1,1,1,5,1,2,11,1,43,3,10,3,1,7,8,7,19,9,2,100,2,21,121.6015722,25.0743962
114,06,03,17,31,2,11南港區,南港區研究院路2段與研究院路2段150巷口,0,0,1,1,C03,6,5,5,50,3,2,1,4,4,5,13,3,1,5,4,5,2,17,2,31,2,8,3,4,7,9,1,10,1,14,42,1,21,121.6169849,25.0384118
114,06,03,17,35,2,07信義區,信義區忠孝東路5段790巷57弄與忠孝東路5段790巷口口,0,0,2,1,C03,7,5,8,30,4,1,1,4,4,5,13,4,4,9,5,5,2,15,1,46,2,9,5,1,7,9,1,10,1,12,72,1,22,121.5834528,25.0407472
114,06,03,17,43,2,10文山區,文山區辛亥路6段與木柵路1段口,0,0,1,1,C04,7,6,5,50,4,1,1,4,4,5,13,1,1,10,5,5,2,17,2,52,2,8,3,4,7,15,1,11,1,12,118,1,22,121.5523148,24.98775121
114,06,03,18,13,2,04大安區,大安區金華街與潮州街55巷口口,0,0,1,1,F01,6,5,5,50,4,1,1,4,4,5,13,4,4,5,4,5,2,17,1,14,3,10,4,1,7,5,8,20,1,17,74,1,15,121.5243143,25.0305363
114,06,03,18,23,2,06松山區,松山區東興路5號,0,0,1,1,C03,8,5,5,50,14,9,1,5,4,5,13,4,4,5,4,5,2,13,1,32,3,10,5,1,7,12,1,10,1,11,16,1,21,121.5654714,25.05057
114,06,03,18,28,2,12內湖區,內湖區環山路1段9巷9號,0,0,1,1,B03,6,5,5,30,3,1,1,4,4,5,13,4,4,10,5,5,2,17,2,65,3,10,7,1,7,11,1,8,1,8,10,1,21,121.5663381,25.0830032
114,06,03,18,39,2,08士林區,士林區自強隧道(外)與故宮路口,0,0,1,1,C03,6,5,5,40,14,9,1,4,4,5,13,4,4,10,4,5,2,13,1,27,3,10,6,1,7,9,1,10,2,11,16,1,22,121.5488296,25.0953183
114,06,03,18,40,2,09北投區,北投區北投路1段與中央南路1段口,0,0,2,1,C03,6,5,5,50,4,1,1,4,4,5,13,1,1,5,4,5,2,16,2,19,2,8,6,1,7,6,1,10,1,13,9,1,25,121.5004958,25.1276962
114,06,03,18,44,2,03中山區,中山區民族東路與新生北路3段口,0,0,3,1,C03,7,5,5,50,14,9,1,5,4,5,13,4,4,5,4,5,2,12,1,33,2,8,3,4,7,4,1,10,1,15,108,1,21,121.5262884,25.06838151
114,06,03,18,58,2,10文山區,文山區木柵路1段與富山路口,0,0,2,1,C04,7,6,5,50,5,2,1,5,4,5,13,2,1,5,4,5,2,17,2,47,2,9,6,1,7,8,1,10,1,14,100,1,21,121.553944,24.9881089
114,06,03,19,00,2,07信義區,信義區松仁路275巷與松仁路253巷4弄口,0,0,1,1,C03,7,5,5,30,4,1,1,5,4,5,13,4,4,10,5,5,2,15,2,31,2,9,6,1,7,9,1,10,1,12,72,1,21,121.5698202,25.0249942
114,06,03,19,48,2,05中正區,中正區重慶南路1段與漢口街1段口,0,0,2,1,C03,7,5,5,50,4,1,1,5,4,5,13,2,1,10,4,5,2,16,2,41,2,9,5,1,7,5,1,10,1,14,8,1,21,121.5132942,25.0451852
114,06,03,21,17,2,04大安區,大安區永康街17巷與信義路2段198巷口,0,0,2,1,C03,7,5,5,30,4,1,1,5,4,5,13,4,4,10,5,5,1,15,1,32,2,8,3,4,7,9,1,10,1,14,72,1,21,121.5307053,25.0323749
114,06,03,21,32,2,01大同區,大同區台北橋往北市方向,0,0,1,1,B03,8,5,5,60,8,9,1,5,4,5,13,4,4,9,4,5,2,17,1,37,3,10,7,4,7,8,1,8,6,8,4,1,21,121.5089776,25.0632834
114,06,03,21,48,2,08士林區,士林區至善路2段411號對面,0,0,1,1,C03,7,5,5,50,14,9,1,5,4,5,13,4,4,1,4,5,1,17,1,46,2,9,6,1,7,10,6,21,2,11,100,1,21,121.5574693,25.1070694
114,06,03,22,42,2,06松山區,松山區市民大道4段105號,0,0,1,1,C03,8,5,5,40,14,9,1,5,4,5,13,4,4,1,4,5,2,13,1,28,3,10,6,4,7,6,1,10,1,14,44,1,21,121.5481862,25.04506069
114,06,04,01,10,2,07信義區,信義區和平東路3段134號燈桿,0,0,1,1,C03,7,5,5,40,11,9,1,4,4,5,13,4,4,5,5,5,2,29,1,20,2,9,6,1,7,9,1,10,1,12,44,1,21,121.5652889,25.0099691