發生年度,發生月,發生日,發生時-Hours,發生分,處理別-編號,區序,肇事地點,死亡人數,2-30日死亡人數,受傷人數,當事人序號,車種,天候,光線,道路類別,速限-速度限制,道路型態,事故位置,路面狀況1,路面狀況2,路面狀況3,道路障礙1,道路障礙2,號誌1,號誌2,車道劃分-分向,車道劃分-分道1,車道劃分-分道2,車道劃分-分道3,事故類型及型態,性別,年齡,受傷程度,主要傷處,保護裝置,行動電話,車輛用途,當事者行動狀態,駕駛資格情形,駕駛執照種類,飲酒情形,車輛撞擊部位1,肇因碼-個別,個人肇逃否,職業,座標-X,座標-Y
114,06,04,02,03,2,01大同區,大同區環河北路1段183號,0,0,2,1,C03,6,5,5,50,14,9,1,4,4,5,13,4,4,9,4,5,2,17,1,18,2,9,5,1,7,9,1,10,2,11,108,1,21,121.508001,25.05581132
114,06,04,04,44,2,05中正區,中正區中華路2段與中華路2段39巷口,0,0,1,1,A12,6,5,5,30,3,1,1,4,4,5,13,4,4,1,4,5,2,17,1,41,3,10,7,1,7,6,1,6,2,8,72,1,22,121.5063633,25.0353191
114,06,04,05,45,2,03中山區,中山區建國北路3段113巷與建國北路3段113巷7弄口,0,0,1,1,C03,6,5,5,30,5,1,1,4,4,5,13,3,1,5,4,5,2,15,2,28,2,9,3,4,7,9,1,10,1,11,72,1,21,121.536417,25.06674534
114,06,04,06,07,2,02萬華區,萬華區水源路往西燈桿編號036,0,0,1,1,C03,6,6,5,50,14,9,1,4,4,5,13,4,4,5,5,5,2,17,1,40,4,11,3,1,7,9,7,19,9,15,44,2,21,121.5062464,25.0213413
114,06,04,06,37,2,02萬華區,萬華區桂林路與梧州街口,0,0,1,1,C03,6,6,5,30,3,2,1,4,4,5,13,4,4,10,4,4,1,17,1,54,4,11,3,4,7,6,7,19,9,11,72,1,22,121.4976752,25.0384747
114,06,04,07,25,2,12內湖區,內湖區康寧路3段189巷12弄與康寧路3段189巷口,0,0,1,1,B03,6,6,5,30,4,1,1,4,4,5,13,4,4,10,5,5,2,3,1,75,3,10,7,1,7,9,1,8,11,8,70,1,21,121.6125269,25.0702799
114,06,04,07,36,2,07信義區,信義區逸仙路與松高路口,0,0,1,1,C03,6,5,5,50,3,2,1,4,4,5,13,2,1,5,4,5,2,17,2,41,2,9,6,1,7,9,1,10,1,12,42,1,22,121.5615303,25.0395434
114,06,04,07,41,2,05中正區,中正區中華路2段75巷20號,0,0,1,1,C03,6,6,5,50,14,9,1,4,4,5,13,4,4,9,4,5,2,13,1,23,2,8,5,1,7,9,1,10,1,11,108,1,21,121.5069859,25.033619
114,06,04,07,49,2,02萬華區,萬華區洛陽街25號,0,0,1,1,H02,6,6,5,30,14,9,1,4,4,5,13,4,4,9,4,5,1,9,2,42,3,10,3,5,7,20,8,20,10,16,126,1,22,121.5086711,25.0472521
114,06,04,07,51,2,09北投區,北投區福國路與承真街口附近,0,0,1,1,C03,6,7,5,50,14,9,1,4,4,5,13,4,4,1,4,5,2,12,2,62,2,9,5,1,7,7,1,10,2,12,100,1,21,121.5070189,25.1012768
114,06,04,08,00,2,02萬華區,萬華區環河南路1段111號,0,0,1,1,C03,6,6,5,50,14,9,1,4,4,5,13,4,4,9,4,5,2,13,1,29,2,7,6,1,7,10,1,9,1,14,100,1,22,121.5005788,25.043112
114,06,04,08,30,2,07信義區,信義區松仁路186號,0,0,1,1,B12,6,7,5,50,14,8,1,4,4,5,13,4,4,9,4,4,2,16,1,39,3,10,3,4,7,5,1,8,9,17,118,1,21,121.5684051,25.0280749
114,06,04,08,30,2,07信義區,信義區基隆路2段187號,0,0,2,1,C03,6,6,5,50,14,9,1,4,4,5,13,4,4,8,3,5,2,17,1,19,2,9,3,4,7,9,1,10,1,11,16,1,21,121.5532066,25.0248859
114,06,04,08,37,2,12內湖區,內湖區內湖路1段與內湖路1段285巷口,0,0,1,1,C03,6,6,5,50,3,2,1,4,4,5,13,2,1,1,4,4,2,17,2,28,2,9,6,1,7,9,1,10,1,11,16,1,21,121.5674769,25.08210775
114,06,04,08,52,2,08士林區,士林區中正路212巷與中正路口,0,0,1,1,C03,6,6,5,50,4,1,1,4,4,5,13,1,1,10,3,2,1,13,1,40,2,8,5,1,7,9,1,10,1,11,16,1,21,121.5264495,25.0955003
114,06,04,08,54,2,04大安區,大安區市民大道4段56號,0,0,1,1,C03,6,5,5,40,14,9,1,4,4,5,13,2,1,10,1,5,2,17,1,36,3,10,3,4,7,15,1,10,1,17,80,1,21,121.5464409,25.0449758
114,06,04,09,26,2,07信義區,信義區莊敬路322號,0,0,1,1,B03,6,6,5,50,14,9,1,4,4,5,13,4,4,10,3,5,2,12,2,68,3,10,3,4,7,8,1,8,2,5,100,1,21,121.5633051,25.0278956
114,06,04,09,37,2,10文山區,文山區信義快速道路(南往北中間車道文山隧道內）,0,0,2,1,B13,6,5,5,70,6,9,1,5,4,5,13,4,4,10,1,5,2,13,1,39,2,8,7,1,7,9,1,8,2,1,16,1,21,121.5769565,25.0228234
114,06,04,09,48,2,01大同區,大同區鄭州路與塔城街口,0,0,3,1,C03,6,6,5,40,5,2,1,4,4,5,13,1,1,1,5,5,2,13,1,36,2,8,6,1,7,9,1,10,1,11,108,1,21,121.5103166,25.0500622
114,06,04,10,12,2,01大同區,大同區重慶北路3段320號,0,0,1,1,C03,6,7,5,50,14,9,1,4,4,5,13,4,4,1,4,5,2,17,2,32,2,9,3,4,7,15,1,10,1,11,108,1,21,121.5137178,25.074557
114,06,04,10,26,2,08士林區,士林區前港街與後港街口,0,0,1,1,B03,6,6,5,30,4,2,1,4,4,5,13,4,4,9,5,5,1,15,1,51,3,10,7,1,7,9,1,8,2,1,13,1,21,121.5213913,25.0847181
114,06,04,10,30,2,08士林區,士林區至善路1段東吳大學錢穆故居公車站,0,0,1,1,B03,7,7,5,50,14,7,1,4,4,5,13,4,4,1,3,4,1,12,1,49,3,10,3,4,7,7,1,8,1,17,100,1,22,121.541849,25.0971893
114,06,04,10,57,2,08士林區,士林區大南路與華齡街口,0,0,2,1,F01,6,7,5,50,3,2,1,4,4,5,13,4,4,5,5,5,1,17,2,94,2,9,4,1,7,5,8,20,1,11,8,1,21,121.5193351,25.09624719
114,06,04,11,15,2,03中山區,中山區復興北路與長春路口,0,0,1,1,C03,6,5,5,50,4,4,1,4,4,5,13,2,1,1,5,5,2,18,1,31,2,2,6,1,7,9,1,10,9,14,116,1,21,121.5439895,25.0547512
114,06,04,11,18,2,07信義區,信義區基隆路2段83號,0,0,1,1,C03,6,7,5,50,22,9,1,4,4,5,13,4,4,9,2,4,2,13,1,26,2,8,3,4,7,7,1,10,1,11,116,1,21,121.5578641,25.0300805
114,06,04,11,30,2,01大同區,大同區承德路1段與華陰街口,0,0,2,1,C03,6,6,5,50,4,1,1,4,4,5,13,1,1,1,4,5,1,16,1,56,2,9,6,1,7,9,1,9,1,11,108,1,21,121.5166595,25.0500158
114,06,04,11,44,2,09北投區,北投區大興街與清江路口,0,0,1,1,C03,6,7,5,50,4,1,1,4,4,5,13,2,1,10,5,5,2,16,1,70,2,8,5,1,7,5,1,10,1,12,71,1,21,121.5020318,25.1307871
114,06,04,12,08,2,04大安區,大安區辛亥路3段55號號,0,0,1,1,B03,6,6,5,50,14,9,1,4,4,5,13,4,4,9,4,5,1,17,1,47,3,10,3,4,7,8,1,6,1,17,100,1,22,121.5444299,25.0213304
114,06,04,12,09,2,08士林區,士林區至善路2段90號旁,0,0,1,1,C03,6,6,5,30,14,9,1,4,4,5,13,4,4,1,4,5,1,3,2,42,2,9,5,1,7,9,1,10,2,17,44,1,21,121.5454006,25.09744254
114,06,04,12,09,2,09北投區,北投區承德路7段34號前,0,0,1,1,C03,6,6,5,60,14,9,1,4,4,5,13,4,4,1,4,1,2,17,2,54,2,9,5,1,7,9,1,10,1,14,116,1,21,121.5111418,25.1109757
114,06,04,12,12,2,02萬華區,萬華區環河南路1段與武昌街2段口,0,0,1,1,C03,6,5,8,50,22,22,1,4,4,5,13,1,1,10,5,5,2,17,2,65,3,10,3,4,7,15,3,18,1,11,108,1,21,121.5027331,25.0457244
114,06,04,12,16,2,12內湖區,內湖區陽光街240號,0,0,1,1,B12,6,6,5,50,3,1,1,4,4,5,13,4,4,5,4,5,2,17,1,48,4,11,3,4,7,9,1,6,11,2,42,2,21,121.5785219,25.0734866
114,06,04,12,30,2,06松山區,松山區復興北路367號,0,0,1,1,B01,6,6,5,50,14,9,1,4,4,5,13,4,4,9,4,5,2,12,1,46,3,10,7,1,7,7,1,4,1,4,100,1,22,121.5443139,25.06163926
114,06,04,12,45,2,12內湖區,內湖區潭美街與安康路22巷口,0,0,1,1,C03,6,6,5,40,3,1,1,4,4,5,13,2,1,5,5,5,2,17,1,62,2,8,6,1,7,9,1,10,1,17,14,1,21,121.5938294,25.0610258
114,06,04,12,49,2,07信義區,信義區逸仙路50巷6號,0,0,1,1,C03,7,7,5,30,14,9,1,4,4,5,13,4,4,10,5,5,2,17,1,53,2,8,5,4,7,1,1,10,1,11,118,1,21,121.5622806,25.0405891
114,06,04,13,47,2,06松山區,松山區塔悠路與南京東路5段口,0,0,1,1,B02,6,5,5,50,5,2,1,4,4,5,13,2,1,9,4,5,2,17,1,22,3,10,7,1,7,11,1,8,1,2,10,1,22,121.5704666,25.0517352
114,06,04,14,23,2,02萬華區,萬華區康定路與康定路56巷口,0,0,1,1,C03,8,6,5,50,3,1,1,5,4,3,10,4,4,5,5,5,2,7,1,57,3,10,6,1,7,9,1,10,1,11,44,1,26,121.5025206,25.04272783
114,06,04,14,28,2,03中山區,中山區民生東路2段139號,0,0,1,1,C03,7,6,5,50,14,9,1,5,4,5,13,4,4,8,3,5,2,12,1,54,2,9,6,4,7,4,1,10,4,15,17,1,21,121.5327189,25.0580152
114,06,04,15,13,2,04大安區,大安區和平東路1段與新生南路3段口,0,0,1,1,A31,6,5,5,50,4,1,1,4,4,5,13,2,1,10,5,5,2,17,1,43,3,10,3,4,7,6,1,5,2,17,33,1,21,121.5346967,25.0259694
114,06,04,15,32,2,04大安區,大安區建國南路1段與建國南路1段175巷口口,0,0,2,1,C03,6,6,5,50,4,1,1,4,4,5,13,2,1,1,4,4,2,17,1,49,2,9,5,1,7,9,1,10,1,11,81,1,21,121.5376848,25.0408043
114,06,04,15,33,2,07信義區,信義區吳興街與吳興街600巷口,0,0,1,1,C03,6,6,5,50,3,1,1,4,4,5,13,4,4,5,5,5,2,18,1,26,2,9,3,4,7,5,1,8,1,14,42,1,21,121.5688617,25.021934
114,06,04,15,38,2,02萬華區,萬華區中華路2段300巷13弄25號,0,0,2,1,B03,7,7,5,30,14,9,1,4,4,5,13,4,4,10,5,5,2,16,2,43,3,10,7,1,7,1,1,8,1,1,19,1,21,121.5035902,25.0293989
114,06,04,15,40,2,12內湖區,內湖區民權東路6段與民權東路6段280巷口口,0,0,1,1,B03,6,5,5,50,3,2,1,4,4,5,13,4,4,1,4,4,2,17,2,33,3,10,7,1,7,6,1,8,1,17,9,1,21,121.6049206,25.0720546
114,06,04,15,45,2,12內湖區,內湖區港墘路與瑞光路口,0,0,1,1,B03,7,6,5,50,4,18,1,4,4,5,13,2,1,1,4,5,2,3,1,72,3,10,7,1,7,6,1,8,1,1,70,1,21,121.5750093,25.0762663
114,06,04,15,49,2,03中山區,中山區錦州街與錦州街30巷口,0,0,1,1,C03,8,6,5,50,3,1,2,5,4,5,13,4,4,5,5,5,2,16,2,57,2,9,6,1,7,6,1,10,2,12,9,1,21,121.5247399,25.060288
114,06,04,15,50,2,12內湖區,內湖區民權東路6段8號,0,0,3,1,B03,7,6,5,50,14,9,1,5,4,5,13,4,4,10,4,5,2,17,1,41,3,10,7,1,7,9,1,8,2,1,45,1,21,121.5749564,25.06551262
114,06,04,16,10,2,07信義區,信義區光復南路501號,0,0,1,1,B01,7,5,5,50,14,9,1,4,4,5,13,4,4,1,4,5,2,17,1,55,3,10,7,1,7,14,1,4,1,2,40,1,22,121.5575498,25.0322712
114,06,04,16,15,2,02萬華區,萬華區桂林路與昆明街口,0,0,2,1,C03,7,7,5,50,4,1,1,5,4,5,13,1,1,9,1,5,2,16,1,55,2,9,5,1,7,6,1,10,1,12,99,1,21,121.5037772,25.0379979
114,06,04,16,42,2,05中正區,中正區林森南路與濟南路1段口,0,0,1,1,A02,8,6,5,0,4,2,1,5,4,5,13,1,1,5,4,5,2,9,1,56,3,10,7,4,7,15,1,2,11,17,44,1,21,121.5209966,25.04782674
114,06,04,16,43,2,05中正區,中正區中山南路與凱達格蘭大道口,0,0,1,1,B03,8,6,5,50,5,1,1,5,4,5,13,2,1,5,4,5,2,15,1,27,3,10,7,1,7,9,1,8,2,5,81,1,22,121.517531,25.03864203
114,06,04,17,23,2,01大同區,大同區重慶北路2段與民權西路口,0,0,3,1,C03,7,6,5,50,4,1,1,5,4,5,13,1,1,1,4,5,2,17,1,19,2,9,5,1,7,9,1,10,1,11,16,1,21,121.5136058,25.0629258
114,06,04,17,25,2,08士林區,士林區通河西街2段與社中街152巷口,0,0,1,1,C03,7,7,6,40,3,1,1,5,4,5,13,4,4,5,1,5,1,16,2,55,2,9,5,1,7,1,1,8,1,14,19,1,21,121.5113629,25.09045107
114,06,04,17,48,2,02萬華區,萬華區萬大路120號,0,0,1,1,A02,7,5,5,50,14,9,1,4,4,5,13,1,1,9,3,4,2,13,1,57,3,10,7,1,7,9,1,2,1,5,44,1,21,121.5004809,25.0297113
114,06,04,18,01,2,05中正區,中正區公園路與襄陽路口,0,0,1,1,B12,8,5,5,50,3,2,1,5,4,5,13,2,1,4,4,5,1,17,1,50,3,10,7,1,7,6,1,8,1,2,17,1,21,121.5165708,25.043054
114,06,04,18,12,2,10文山區,文山區辛亥路4段與辛亥路4段77巷口,0,0,2,1,C03,7,5,5,50,3,1,1,5,4,5,13,2,1,1,4,5,2,16,2,63,2,9,6,1,7,5,1,10,2,11,44,1,21,121.5586827,25.0073889
114,06,04,18,20,2,06松山區,松山區健康路131號,0,0,1,1,B01,7,6,5,50,14,9,1,5,4,5,13,2,1,1,4,4,2,15,1,62,3,10,7,4,7,15,1,4,1,5,8,1,21,121.5577073,25.05386
114,06,04,18,22,2,03中山區,中山區長春路與新生北路2段口口,0,0,1,1,B03,7,7,5,50,4,1,2,5,4,5,13,1,1,5,4,5,2,17,1,64,3,10,3,4,7,6,1,1,1,5,9,1,21,121.5273477,25.0548584
114,06,04,18,32,2,05中正區,中正區羅斯福路4段22號,0,0,1,1,C03,7,5,5,50,14,9,1,5,4,5,13,4,4,1,4,5,2,12,2,34,2,9,5,1,7,7,1,10,2,14,100,1,22,121.533201,25.0157386
114,06,04,18,40,2,03中山區,中山區林森北路與市民大道2段口,0,0,2,1,C03,7,5,5,40,4,1,1,4,4,5,13,1,1,1,4,5,2,13,1,32,2,9,3,4,7,9,1,10,1,11,108,1,21,121.5240725,25.04790867
114,06,04,19,12,2,02萬華區,萬華區雙和街31巷與中華路2段416巷口,0,0,1,1,C03,7,5,5,30,4,2,1,5,4,5,13,2,1,10,5,5,2,17,1,56,2,9,5,1,7,6,1,10,1,11,5,1,22,121.5020586,25.0265436
114,06,04,19,16,2,02萬華區,萬華區西園路1段艋舺公園地下停車場口,0,0,1,1,B03,7,5,8,40,22,22,1,5,4,5,13,4,4,10,5,5,2,17,2,52,3,10,7,1,7,1,1,8,1,8,19,1,21,121.4993774,25.0362274
114,06,04,19,29,2,06松山區,松山區八德路4段829巷與八德路4段口,0,0,2,1,C03,6,6,5,30,3,1,1,4,4,5,13,4,4,5,4,5,2,13,1,58,3,10,6,1,7,9,1,10,2,11,108,1,22,121.5793373,25.05140511
114,06,04,19,36,2,09北投區,北投區文林北路22號,0,0,2,1,H01,7,6,5,50,14,9,1,4,4,5,13,4,4,2,3,5,1,9,2,78,2,9,4,5,8,20,8,20,10,16,121,1,21,121.5186529,25.1046683
114,06,04,19,44,2,12內湖區,內湖區洲子街與瑞光路393巷口,0,0,1,1,B03,6,5,5,50,4,1,1,4,4,5,13,1,1,10,5,5,2,3,1,63,4,11,3,4,7,5,7,19,11,8,70,2,21,121.5734369,25.07914
114,06,04,20,00,2,03中山區,中山區八德路2段314號,0,0,1,1,C03,6,5,5,50,14,9,1,4,4,5,13,4,4,9,4,5,2,12,2,29,3,10,6,1,7,10,1,10,1,13,100,1,21,121.5426966,25.04718331
114,06,04,21,17,2,08士林區,士林區中山北路5段與福林路口,0,0,2,1,C03,6,5,5,50,4,1,1,4,4,5,13,2,1,5,4,5,2,3,1,58,2,9,6,1,7,6,1,10,1,11,70,1,21,121.528267,25.0938573
114,06,04,21,19,2,03中山區,中山區民權東路3段與復興北路口,0,0,1,1,C03,6,5,5,50,11,9,1,4,4,5,13,4,4,1,4,5,2,12,2,59,2,9,3,4,7,9,1,10,1,14,118,1,21,121.5435219,25.0623527
114,06,04,21,22,2,03中山區,中山區民權東路2段54號前,0,0,1,1,B03,6,5,5,50,14,9,1,4,4,5,13,4,4,1,4,5,2,17,1,42,3,10,3,4,7,15,1,8,1,4,40,1,21,121.5308017,25.0624446
114,06,04,21,54,2,05中正區,中正區羅斯福路4段164號,0,0,3,1,C03,6,5,5,50,14,9,1,4,4,5,13,4,4,1,4,5,2,17,1,45,2,9,5,1,7,9,1,10,2,12,108,1,22,121.5362875,25.0124549
114,06,04,22,15,2,07信義區,信義區市民大道5段與市民大道5段口迴轉道,0,0,1,1,C03,6,5,5,40,4,2,1,4,4,5,13,3,1,1,3,5,2,17,1,39,2,9,6,1,7,5,1,10,1,14,71,1,21,121.5673845,25.048657
114,06,04,22,27,2,06松山區,松山區健康路325巷25弄與健康路325巷口,0,0,1,1,B01,6,5,5,30,4,1,1,4,4,5,13,4,4,9,4,5,2,15,1,66,3,10,7,4,7,9,1,4,2,1,72,1,21,121.5671497,25.0564784
114,06,04,23,07,2,05中正區,中正區羅斯福路4段196巷與汀州路3段口,0,0,1,1,B03,6,5,5,30,4,1,1,4,4,5,13,4,4,5,4,5,2,17,1,45,3,10,7,1,7,5,1,8,1,17,72,1,21,121.5359815,25.0115206
114,06,04,23,11,2,05中正區,中正區中華路2段與愛國西路口,0,0,3,1,C03,6,5,5,50,5,2,1,4,4,5,13,1,1,1,4,5,2,13,1,51,2,8,5,1,7,9,1,10,2,14,16,1,22,121.5067899,25.0367384
114,06,04,23,19,2,02萬華區,萬華區華中橋機車道往新北（燈桿7010489）,0,0,2,1,C03,6,5,7,40,8,11,1,4,4,5,13,4,4,1,3,5,2,13,2,52,2,9,5,1,7,21,1,10,1,15,108,1,21,121.4954083,25.01385027
114,06,05,00,19,2,04大安區,大安區基隆路2段190號,0,0,2,1,C03,7,5,5,50,14,9,1,4,4,5,13,1,1,3,3,5,1,16,2,30,2,9,5,1,7,6,1,10,1,14,80,1,21,121.5521107,25.0240408
114,06,05,02,13,2,02萬華區,萬華區和平西路3段與梧州街口,0,0,1,1,H01,7,5,5,0,3,1,1,5,4,5,13,1,1,1,3,5,2,3,1,63,2,9,4,5,8,16,8,20,10,16,122,1,21,121.4975179,25.0353018
114,06,05,07,12,2,05中正區,中正區愛國東路與寧波東街口,0,0,1,1,B03,6,6,5,50,3,1,1,4,4,5,13,1,1,1,4,4,2,3,2,47,3,10,7,1,7,6,1,8,1,1,70,1,21,121.5204982,25.0331941
114,06,05,07,25,2,09北投區,北投區珠海路1204469號燈桿,0,0,2,1,B03,7,7,5,30,14,9,1,4,4,5,13,4,4,9,5,5,2,17,2,49,3,10,7,1,7,14,1,8,2,2,40,1,22,121.5034278,25.1391104
114,06,05,07,29,2,06松山區,松山區延壽街與新中街口,0,0,1,1,C03,6,6,5,50,3,2,1,4,4,5,13,1,1,4,3,5,2,18,2,36,2,9,6,1,7,9,1,10,11,12,118,1,23,121.5605118,25.0566544
114,06,05,07,35,2,07信義區,信義區信義路5段與基隆路2段口,0,0,1,1,C03,7,5,5,50,4,2,1,4,4,5,13,2,1,1,4,5,2,17,1,28,3,10,6,1,7,9,1,10,1,14,118,1,22,121.5596196,25.0329322
114,06,05,07,45,2,05中正區,中正區市民大道1段逸仙公園北側,0,0,1,1,C04,6,6,5,40,14,9,1,4,4,5,13,4,4,1,4,5,2,13,2,48,2,8,5,1,7,9,1,11,1,11,16,1,22,121.5199161,25.04809842
114,06,05,07,57,2,04大安區,大安區和平東路1段與和平東路1段50巷口,0,0,1,1,C03,7,6,5,50,4,2,1,5,4,5,13,1,1,10,5,5,2,13,1,36,2,8,5,1,7,9,1,10,1,14,16,1,21,121.5237861,25.0269339
114,06,05,08,20,2,02萬華區,萬華區環河快速道路二層接三層匝道,0,0,1,1,C02,6,6,5,40,10,16,1,4,4,5,13,4,4,10,5,5,2,18,1,59,2,9,3,4,7,9,1,9,1,17,118,1,22,121.5037955,25.0470122
114,06,05,08,25,2,08士林區,士林區德行東路與德行東路190巷口,0,0,1,1,C03,6,6,5,50,3,1,1,4,4,5,13,4,4,10,5,5,1,17,2,29,2,9,5,1,7,11,1,10,2,17,44,1,21,121.531049,25.1086486
114,06,05,08,30,2,04大安區,大安區仁愛路3段與建國南路1段口,0,0,1,1,C03,6,6,5,50,4,2,1,4,4,5,13,1,1,4,4,5,2,18,1,44,2,8,5,1,7,12,1,10,9,14,42,1,21,121.5377778,25.0382273
114,06,05,08,40,2,07信義區,信義區基隆路2段22號,0,0,2,1,C03,6,5,5,50,14,9,1,4,4,5,13,4,4,1,4,5,2,17,1,23,2,9,6,1,7,8,1,10,1,12,100,1,22,121.5589977,25.0322275
114,06,05,08,45,2,04大安區,大安區市民大道4段與敦化南路1段口,0,0,1,1,C03,6,6,5,40,4,1,1,4,4,5,13,1,1,10,5,5,2,17,1,23,3,10,5,1,7,6,1,10,9,17,9,1,21,121.5481858,25.0447142
114,06,05,09,00,2,06松山區,松山區敦化南路1段與八德路3段12巷52弄口,0,0,2,1,C03,6,6,5,50,3,2,1,4,4,5,13,2,1,1,4,4,2,13,1,23,2,9,6,1,7,12,1,10,2,14,16,1,22,121.5491391,25.04616531
114,06,05,09,40,2,04大安區,大安區師大路與和平東路1段口,0,0,1,1,C03,6,6,5,50,14,9,1,4,4,5,13,2,1,1,4,5,2,13,2,50,3,10,5,1,7,9,1,10,1,11,44,1,21,121.5286985,25.0266728
114,06,05,09,41,2,06松山區,松山區市民大道4段與八德路3段106巷口,0,0,2,1,B03,6,5,5,40,4,1,1,4,4,5,13,1,1,9,4,5,2,17,1,43,3,10,7,1,7,6,1,8,1,5,9,1,21,121.5544174,25.04459658
114,06,05,10,05,2,10文山區,文山區樟新街與樟新街56巷口,0,0,1,1,B03,7,6,5,30,4,1,1,4,4,5,13,4,4,10,5,5,2,16,1,19,3,10,7,1,7,5,1,8,1,8,118,1,21,121.5557941,24.9776819
114,06,05,10,31,2,09北投區,北投區石牌路2段與立農街2段口,0,0,1,1,B03,7,7,5,50,3,2,1,4,4,5,13,1,1,5,4,5,2,17,1,81,2,3,7,1,7,9,1,8,9,5,42,1,22,121.5189325,25.1187348
114,06,05,10,33,2,03中山區,中山區林森北路與長春路口,0,0,1,1,B01,7,6,5,50,4,1,1,5,4,5,13,1,1,9,4,5,2,3,1,63,3,10,3,4,7,5,1,4,2,1,70,1,22,121.5254689,25.05496065
114,06,05,11,02,2,08士林區,士林區光華路61巷4弄文化大學停車場出入口,0,0,1,1,B03,8,6,5,50,11,9,1,5,4,5,13,4,4,9,4,5,1,17,1,46,4,11,3,4,7,4,1,4,9,17,1,2,21,121.5397461,25.13416094
114,06,05,11,10,2,12內湖區,內湖區民權東路6段與民權東路6段56巷口,0,0,1,1,C03,6,6,5,50,4,1,1,4,4,5,13,1,1,1,4,5,2,18,2,27,2,9,6,1,7,9,1,10,1,14,44,1,21,121.5850931,25.0685437
114,06,05,11,28,2,12內湖區,內湖區康寧路3段與康寧路3段165巷口,0,0,1,1,B03,6,6,5,50,4,1,1,4,4,4,8,1,1,1,4,5,1,17,1,49,3,10,7,1,7,5,6,18,1,1,8,1,26,121.6113471,25.0704562
114,06,05,11,40,2,03中山區,中山區建國高架道,0,0,1,1,C02,7,6,5,40,14,9,1,5,4,5,13,4,4,8,3,5,2,13,1,29,2,8,6,4,7,9,1,9,1,11,108,1,22,121.5367009,25.04836829
114,06,05,11,50,2,11南港區,南港區經貿二路與經貿二路105巷口,0,0,2,1,C03,7,6,5,50,4,1,1,5,4,5,13,2,1,3,2,5,2,12,1,32,2,8,5,4,7,10,1,10,1,12,100,1,22,121.6169465,25.0580367
114,06,05,11,58,2,10文山區,文山區新光路1段與新光路1段159巷口,0,0,1,1,B03,7,6,5,50,14,9,1,4,4,5,13,1,1,5,4,5,2,12,2,35,3,10,7,1,7,11,1,8,2,8,10,1,21,121.5737379,24.9925309
114,06,05,13,54,2,10文山區,文山區秀明路1段201號,0,0,1,1,C03,6,6,5,50,14,9,1,4,4,5,13,1,1,3,4,4,2,17,1,53,3,10,6,1,7,11,1,10,1,12,10,1,21,121.5695791,24.9917437
114,06,05,14,00,2,05中正區,中正區濟南路2段7號,0,0,2,1,C03,6,7,5,50,14,9,1,4,4,5,13,4,4,9,4,5,2,13,1,18,2,9,6,1,7,9,1,10,2,11,16,1,26,121.5269552,25.0413927
114,06,05,14,12,2,06松山區,松山區民生東路5段與民生東路5段212巷口,0,0,1,1,C03,6,6,5,50,4,2,1,4,4,5,13,2,1,8,3,5,2,12,2,58,2,8,5,1,7,8,1,10,1,14,100,1,21,121.5651092,25.0589752
114,06,05,14,20,2,03中山區,中山區中山北路2段與長春路口,0,0,2,1,C03,7,6,5,50,4,1,1,5,4,5,13,1,1,7,3,5,2,13,1,29,3,10,6,4,7,9,1,10,1,13,44,1,22,121.5227284,25.05847047
114,06,05,14,23,2,08士林區,士林區仰德大道3段25號,0,0,1,1,C03,6,7,5,40,11,9,1,4,4,5,13,4,4,4,5,5,1,18,1,23,2,9,5,1,7,5,1,10,1,12,13,1,21,121.5509129,25.11617078
114,06,05,15,22,2,03中山區,中山區中原街與新生北路2段149巷口,0,0,1,1,C03,6,6,5,30,4,1,1,4,4,5,13,4,4,9,4,5,2,15,2,37,2,9,6,1,7,9,1,10,1,11,72,1,21,121.5289757,25.06204562
114,06,05,15,22,2,09北投區,北投區湖底路1209326燈桿,0,0,1,1,C03,6,7,5,30,11,9,1,4,4,5,13,4,4,10,5,5,2,10,1,19,2,9,3,4,7,9,1,10,1,14,13,1,25,121.5342985,25.1485637
114,06,05,15,28,2,10文山區,文山區忠順街2段10號（車庫車道出入口）,0,0,1,1,G06,6,6,5,50,14,9,1,4,4,5,13,4,4,9,4,5,2,17,2,45,2,9,3,4,7,1,8,20,1,16,19,1,21,121.5621536,24.9845512
114,06,05,15,31,2,12內湖區,內湖區民權東路6段280巷與民權東路6段280巷45弄口,0,0,1,1,C03,7,5,5,30,3,2,1,4,4,5,13,4,4,10,5,5,1,17,1,64,2,9,3,4,7,9,1,10,1,17,42,1,21,121.6067183,25.0709384
114,06,05,16,19,2,04大安區,大安區仁愛路4段與敦化南路1段口,0,0,1,1,B03,6,6,5,50,5,1,1,4,4,5,13,2,1,10,5,5,2,17,1,72,3,10,3,4,7,5,1,8,11,17,98,1,22,121.5487904,25.0370517
114,06,05,16,20,2,04大安區,大安區仁愛路4段27巷與大安路1段106巷口,0,0,1,1,B03,6,6,5,30,4,1,1,4,4,5,13,4,4,10,5,5,2,15,1,32,3,10,7,1,7,9,1,8,1,4,72,1,21,121.5452116,25.0402181