發生年度,發生月,發生日,發生時-Hours,發生分,處理別-編號,區序,肇事地點,死亡人數,2-30日死亡人數,受傷人數,當事人序號,車種,天候,光線,道路類別,速限-速度限制,道路型態,事故位置,路面狀況1,路面狀況2,路面狀況3,道路障礙1,道路障礙2,號誌1,號誌2,車道劃分-分向,車道劃分-分道1,車道劃分-分道2,車道劃分-分道3,事故類型及型態,性別,年齡,受傷程度,主要傷處,保護裝置,行動電話,車輛用途,當事者行動狀態,駕駛資格情形,駕駛執照種類,飲酒情形,車輛撞擊部位1,肇因碼-個別,個人肇逃否,職業,座標-X,座標-Y
114,06,07,12,32,2,04大安區,大安區光復南路116巷7號,0,0,3,1,B03,8,6,5,30,22,9,1,5,4,5,13,4,4,10,5,5,2,16,1,31,2,1,7,1,7,6,1,8,1,2,14,1,21,121.5562157,25.043013
114,06,07,13,04,2,05中正區,中正區汀州路2段226號,0,0,1,1,B02,7,7,5,50,14,9,1,5,4,5,13,4,4,9,5,5,2,17,1,41,3,10,7,1,7,14,1,8,2,8,40,1,21,121.5240852,25.0221146
114,06,07,13,07,2,09北投區,北投區大度路燈桿編號1208537,0,0,1,1,C03,8,6,5,50,14,9,1,5,4,3,10,4,4,1,4,5,1,24,2,59,2,9,5,1,7,9,1,11,1,11,108,1,21,121.4951554,25.1211626
114,06,07,13,08,2,02萬華區,萬華區西藏路與西藏路125巷口,0,0,1,1,B03,6,7,5,50,3,2,1,4,4,5,13,1,1,1,4,5,2,1,1,48,3,10,7,1,7,5,1,8,1,1,70,1,21,121.5022138,25.0297736
114,06,07,13,12,2,09北投區,北投區中央北路3段50巷與中央北路3段口,0,0,2,1,C03,8,5,5,50,14,7,1,5,4,5,13,4,4,4,4,4,2,16,1,84,2,9,5,1,7,11,1,10,1,14,10,1,21,121.4853527,25.1382133
114,06,07,13,15,2,02萬華區,萬華區桂林路與華西街口,0,0,1,1,B01,6,6,5,50,4,1,1,4,4,5,13,2,1,5,4,4,2,16,1,60,3,10,7,1,7,11,1,4,1,8,10,1,21,121.4984484,25.03850863
114,06,07,13,30,2,06松山區,松山區南京東路5段196號,0,0,2,1,F01,6,7,8,0,22,25,4,4,4,5,13,4,4,10,5,5,2,9,1,13,2,8,4,1,7,9,8,20,1,15,116,1,21,121.564193,25.05132239
114,06,07,13,58,2,04大安區,大安區仁愛路4段71巷與敦化南路1段236巷口,0,0,1,1,B02,6,7,5,30,4,1,1,4,4,5,13,4,4,10,5,5,2,15,1,66,3,10,3,4,7,9,1,8,1,1,72,1,21,121.5471574,25.0405648
114,06,07,14,30,2,08士林區,士林區士東路301號,0,0,1,1,C04,8,6,5,30,14,9,1,5,4,5,13,4,4,1,5,5,1,13,2,19,2,9,3,4,7,9,1,10,1,11,16,1,21,121.5375829,25.1141082
114,06,07,14,50,2,06松山區,松山區民生東路5段與撫遠街口,0,0,1,1,B03,6,6,5,50,4,1,1,4,4,5,13,1,1,8,3,5,1,16,1,51,3,10,3,1,7,5,1,8,1,4,8,1,21,121.5684738,25.0591784
114,06,07,15,14,2,01大同區,大同區重慶北路2段與保安街口,0,0,1,1,B03,6,6,5,50,4,1,1,4,4,5,13,1,1,5,2,5,2,9,2,69,3,10,7,1,7,5,1,8,1,8,70,1,21,121.5136649,25.0593429
114,06,07,15,14,2,03中山區,中山區復興北路386號,0,0,1,1,A02,6,6,5,50,14,9,1,4,4,5,13,4,4,1,4,5,2,9,2,56,3,10,7,1,7,1,1,2,1,17,44,1,21,121.5440926,25.06122926
114,06,07,15,19,2,03中山區,中山區松江路532號,0,0,1,1,B03,6,7,5,50,14,9,1,4,4,5,13,4,4,1,4,5,2,12,1,36,3,10,7,1,7,8,1,8,1,2,100,1,21,121.5331583,25.0671959
114,06,07,15,26,2,06松山區,松山區迎風河濱公園基七號疏散門,0,0,1,1,C03,6,6,5,30,14,9,1,4,4,5,13,4,4,9,4,5,2,17,1,51,2,8,6,4,7,9,1,9,1,17,116,1,22,121.5519285,25.07292562
114,06,07,15,29,2,03中山區,中山區林森北路661號,0,0,1,1,A05,6,6,6,50,14,9,1,4,4,5,13,1,1,9,4,5,2,12,1,68,3,10,7,1,7,11,1,4,2,8,98,1,21,121.5257443,25.0679507
114,06,07,16,00,2,02萬華區,萬華區環河南路1段與峨眉街口,0,0,1,1,B02,6,6,5,30,3,1,1,4,4,5,13,4,4,5,5,5,2,16,1,37,3,10,7,1,7,6,1,8,1,5,9,1,26,121.5016195,25.044848
114,06,07,16,10,2,07信義區,信義區基隆路2段23號,0,0,2,1,B03,7,6,5,50,14,9,1,4,4,5,13,1,1,3,4,5,2,17,1,45,3,10,3,4,7,8,1,8,2,17,100,1,21,121.5589696,25.0318744
114,06,07,16,53,2,01大同區,大同區延平北路4段與敦煌路口,0,0,1,1,B03,6,6,5,50,4,2,1,4,4,5,13,2,1,8,3,5,1,17,2,22,3,10,3,4,7,5,1,8,1,17,74,1,21,121.5120694,25.0764182
114,06,07,16,55,2,04大安區,大安區和平東路2段265巷與復興南路2段193巷口,0,0,1,1,C03,7,7,5,30,4,1,1,4,4,5,13,4,4,10,5,5,2,15,1,24,2,9,6,1,7,9,1,10,1,14,72,1,21,121.5440461,25.0265514
114,06,07,17,10,2,12內湖區,內湖區內湖路2段與成功路4段182巷口,0,0,2,1,B03,7,6,5,50,3,1,1,5,4,5,13,4,4,5,5,5,2,16,1,37,3,10,7,1,7,5,1,8,1,4,8,1,21,121.5934481,25.0845074
114,06,07,17,14,2,07信義區,信義區和平東路3段513號,0,0,1,1,C03,6,7,5,50,14,9,1,4,4,5,13,1,1,1,4,5,2,18,1,31,2,9,3,4,7,9,1,8,1,14,42,1,21,121.5602102,25.0170837
114,06,07,17,17,2,10文山區,文山區木新路3段45巷與木新路3段95巷7弄口,0,0,2,1,B03,7,5,5,30,4,1,1,4,4,5,13,4,4,10,5,5,2,16,1,63,3,10,3,4,7,9,1,8,9,17,44,2,21,121.5643896,24.9817719
114,06,07,18,06,2,02萬華區,萬華區忠孝西路2段(忠孝橋旁西向東平面車道),0,0,1,1,F01,7,7,5,50,14,9,1,4,4,5,13,4,4,1,5,5,2,17,1,76,2,1,4,1,7,8,8,20,1,13,100,1,21,121.5070218,25.0486119
114,06,07,18,42,2,03中山區,中山區吉林路175號,0,0,1,1,B03,7,5,5,40,14,9,1,5,4,5,13,4,4,9,4,5,2,16,1,65,3,10,7,1,7,11,1,8,1,2,10,1,21,121.5302879,25.0594943
114,06,07,18,45,2,07信義區,信義區忠孝東路4段與忠孝東路4段553巷口,0,0,1,1,B03,7,5,5,50,4,1,1,4,4,5,13,1,1,3,4,4,2,13,1,47,3,10,7,1,7,5,1,7,2,6,118,1,21,121.5628045,25.0411987
114,06,07,18,50,2,10文山區,文山區木柵路5段041燈桿,0,0,1,1,C03,8,5,5,50,14,9,1,5,4,5,13,4,4,5,4,5,1,16,2,52,2,8,5,1,7,7,3,18,1,14,100,1,21,121.5855165,25.0031446
114,06,07,19,04,2,07信義區,信義區松德路與虎林街口,0,0,2,1,C03,7,5,5,50,4,18,1,5,4,5,13,1,1,1,3,4,2,1,1,57,2,9,5,1,7,9,1,10,1,11,70,1,21,121.5766348,25.0387906
114,06,07,19,47,2,05中正區,中正區中華路1段與漢口街1段口,0,0,1,1,B03,7,5,5,50,4,1,1,5,4,5,13,1,1,1,4,5,2,15,1,45,3,10,7,1,7,9,1,8,2,6,42,1,22,121.5093268,25.0451718
114,06,07,19,53,2,03中山區,中山區市民大道2段與長安東路1段30巷口,0,0,3,1,C03,7,5,5,40,14,9,1,5,4,5,13,4,4,1,5,5,2,12,1,20,2,9,6,1,7,9,1,10,1,14,13,1,22,121.5258557,25.0475359
114,06,07,20,50,2,03中山區,中山區建國北路2段80號,0,0,1,1,B01,7,5,5,50,14,9,1,5,4,5,13,2,1,1,5,5,1,13,1,49,3,10,3,4,7,9,1,2,1,5,108,1,21,121.5366721,25.05527705
114,06,07,20,55,2,09北投區,北投區北投路1段與中央南路2段口,0,0,1,1,B01,7,5,5,50,4,1,1,5,4,5,13,2,1,5,2,5,2,16,1,66,3,10,7,1,7,8,1,4,1,6,101,1,22,121.5004944,25.1276935
114,06,07,21,28,2,05中正區,中正區西藏路與中華路2段315巷5弄口,0,0,2,1,C03,8,5,5,30,3,1,1,5,4,5,13,1,1,3,5,5,2,13,1,33,3,10,5,1,7,14,1,10,1,13,44,1,21,121.5052826,25.0303119
114,06,07,21,29,2,11南港區,南港區南港路1段與南港路1段277巷口口,0,0,1,1,B01,8,5,5,50,3,1,1,5,4,5,13,2,1,5,4,5,2,16,1,41,3,10,7,1,7,5,1,2,1,6,71,1,21,121.6086095,25.0546461
114,06,07,22,01,2,03中山區,中山區市民高架道市民高架408燈桿,0,0,1,1,B03,8,5,5,80,14,9,1,5,4,5,13,4,4,1,4,5,2,13,1,61,3,10,7,1,7,9,1,8,2,1,16,1,21,121.5278162,25.04696711
114,06,07,22,17,2,09北投區,北投區崗山路與崗山路5巷口,0,0,1,1,B01,7,5,5,30,5,1,1,5,4,5,13,4,4,10,5,5,1,15,1,50,3,10,7,1,7,9,1,4,1,1,72,1,22,121.4868025,25.1402829
114,06,07,22,53,2,03中山區,中山區北安路與大直街口,0,0,1,1,C03,7,5,5,50,14,9,1,5,4,5,13,2,1,1,5,5,1,12,1,24,2,9,3,4,7,9,1,10,1,14,44,1,21,121.5473508,25.07995634
114,06,07,23,30,2,05中正區,中正區重慶南路3段與和平西路1段口,0,0,1,1,C03,8,6,5,50,5,1,1,5,4,5,13,1,1,1,5,5,2,13,1,20,2,9,5,1,7,9,1,10,1,11,108,1,21,121.5161089,25.02711514
114,06,08,01,22,2,10文山區,文山區羅斯福路5段214號,0,0,1,1,C03,8,5,5,50,14,9,1,5,4,5,13,4,4,1,4,5,2,17,1,30,2,9,5,1,7,9,1,10,11,11,108,2,21,121.5386313,25.002623
114,06,08,04,56,2,04大安區,大安區通安街與安和路2段35巷口,0,0,1,1,C03,8,6,5,30,4,1,1,5,4,5,13,4,4,10,3,5,2,15,1,47,2,9,6,1,7,9,1,10,1,11,72,1,21,121.5532947,25.0317084
114,06,08,05,32,2,06松山區,松山區敦化南路1段內側車道0205644號燈桿,0,0,1,1,,8,7,5,50,14,7,1,5,4,5,13,1,1,1,4,1,2,17,4,0,4,11,3,4,7,21,7,19,11,15,119,2,22,121.5488951,25.0462719
114,06,08,06,35,2,08士林區,士林區中山北路5段733巷與中山北路5段699巷8弄口,0,0,1,1,C03,7,6,5,30,3,2,1,5,4,5,13,4,4,10,5,5,2,17,2,22,2,8,6,1,7,5,1,10,9,12,8,1,22,121.5265012,25.0983863
114,06,08,07,41,2,03中山區,中山區中山北路2段與民生東路1段口,0,0,2,1,C03,8,6,5,50,4,1,1,5,4,5,13,1,1,5,4,3,2,13,1,64,2,9,6,1,7,9,1,10,1,11,16,1,21,121.5229802,25.05794266
114,06,08,08,00,2,12內湖區,內湖區內湖路3段143巷與內湖路3段191巷口,0,0,1,1,B01,7,6,5,30,4,1,1,5,4,5,13,4,4,10,5,5,2,15,1,68,3,10,7,1,7,9,1,4,2,2,75,1,21,121.5884686,25.0878088
114,06,08,08,20,2,02萬華區,萬華區富民路21號,0,0,1,1,C03,8,6,5,50,14,9,1,5,4,5,13,4,4,10,5,5,2,12,2,76,2,9,5,1,7,9,1,10,1,12,17,1,21,121.4979365,25.01908248
114,06,08,08,58,2,05中正區,中正區永福橋往台北市方向,0,0,1,1,C04,8,6,5,50,14,9,1,5,3,5,13,4,4,5,5,5,1,29,2,53,2,8,6,1,7,9,1,10,2,11,42,1,21,121.5300154,25.0132478
114,06,08,09,25,2,07信義區,信義區和平東路3段433號,0,0,1,1,F02,7,5,5,50,14,9,1,5,4,5,13,4,4,8,3,5,2,29,2,30,2,9,3,4,7,15,8,20,1,12,44,1,21,121.5582105,25.0192337
114,06,08,10,00,2,03中山區,中山區德惠街與雙城街口側附近口,0,0,1,1,B01,8,7,6,50,4,1,1,5,4,5,13,1,1,5,4,5,2,13,1,38,3,10,3,4,7,9,1,10,1,1,44,1,21,121.5242346,25.0666823
114,06,08,10,15,2,02萬華區,萬華區馬場町河濱公園自行車道(3010228燈桿旁),0,0,2,1,H01,7,5,8,50,22,22,1,5,4,5,13,4,4,10,5,5,2,9,2,70,2,9,4,5,8,20,8,20,1,16,60,1,21,121.5082729,25.022158
114,06,08,10,53,2,10文山區,文山區忠順街1段與忠順街1段41巷口,0,0,1,1,B03,7,6,5,30,3,1,1,5,4,5,13,4,4,9,5,5,2,17,1,50,3,10,3,4,7,6,1,8,1,2,9,1,22,121.5587086,24.98403372
114,06,08,11,02,2,11南港區,南港區八德路4段與玉成街口,0,0,1,1,B03,8,6,5,30,4,1,1,5,4,5,13,1,1,5,4,5,2,15,1,54,3,10,3,4,7,9,1,7,2,8,81,1,21,121.5816054,25.0511158
114,06,08,11,16,2,03中山區,中山區復興北路62號,0,0,2,1,C03,8,6,5,50,14,9,1,5,4,5,13,2,1,1,4,5,2,16,1,32,2,9,6,4,7,6,1,10,9,12,9,1,21,121.5437912,25.0507276
114,06,08,11,38,2,03中山區,中山區八德路2段300巷與八德路2段300巷42弄口,0,0,2,1,C03,7,7,5,30,3,1,1,5,4,5,13,4,4,10,5,5,2,17,1,56,2,9,5,1,7,5,1,10,1,13,8,1,21,121.5364266,25.04841017
114,06,08,12,00,2,08士林區,士林區基河路與基河路240巷口,0,0,1,1,B03,8,6,5,50,4,2,1,5,4,5,13,1,1,10,4,5,1,17,1,62,3,10,7,1,7,11,1,8,1,2,10,1,21,121.5214579,25.091538
114,06,08,12,20,2,10文山區,文山區木柵路2段與興隆路4段口,0,0,1,1,B03,8,5,5,50,4,1,1,5,4,5,13,2,1,10,5,5,2,16,1,32,3,10,7,1,7,5,1,8,2,2,71,1,22,121.5602112,24.9887064
114,06,08,12,20,2,12內湖區,內湖區星雲街15巷18弄與星雲街15巷口,0,0,2,1,C03,8,7,5,30,4,1,1,5,4,5,13,4,4,10,5,5,2,15,2,51,2,9,5,1,7,9,1,10,1,11,72,1,21,121.5902677,25.0787925
114,06,08,12,27,2,05中正區,中正區臨沂街與臨沂街69巷口,0,0,1,1,F01,7,5,5,30,4,1,1,5,4,5,13,4,4,10,4,5,2,15,2,55,2,9,4,1,7,9,8,20,1,12,4,1,21,121.5281886,25.0357987
114,06,08,12,34,2,08士林區,士林區基河路與承德路4段195巷口,0,0,1,1,B03,7,6,5,50,4,2,1,5,4,5,13,1,1,9,4,5,1,16,1,60,3,10,3,4,7,5,1,8,6,1,71,1,21,121.5233234,25.0889054
114,06,08,12,37,2,03中山區,中山區樂群一路與基湖路口,0,0,1,1,C03,8,7,5,50,3,1,1,5,4,5,13,2,1,1,4,5,2,16,1,26,2,9,6,1,7,5,1,10,1,11,83,1,21,121.5631777,25.0761386
114,06,08,12,38,2,10文山區,文山區新光路1段31巷與新光路1段口,0,0,1,1,B03,7,6,5,30,5,2,1,5,4,5,13,1,1,10,5,5,2,17,1,72,3,10,3,4,7,6,1,8,1,2,9,1,22,121.5737712,24.9893536
114,06,08,13,32,2,01大同區,大同區淡水河濱自行車道(3011908燈桿）,0,0,2,1,F01,8,6,7,0,14,23,1,5,4,5,13,4,4,9,4,5,2,17,1,16,2,8,4,1,7,15,8,20,1,11,4,1,21,121.5082789,25.0586362
114,06,08,14,00,2,03中山區,中山區民權東路3段與建國北路2段口,0,0,1,1,B03,8,6,5,50,4,1,1,5,4,5,13,1,1,1,4,5,2,16,2,69,3,10,7,1,7,6,1,8,2,5,9,1,21,121.5373001,25.0622397
114,06,08,14,55,2,02萬華區,萬華區萬大路與萬大路470巷口,0,0,1,1,F01,7,7,5,30,3,2,1,5,4,5,13,4,4,9,5,5,2,9,2,51,3,10,4,1,7,15,8,20,1,11,108,1,21,121.4975746,25.0200132
114,06,08,14,55,2,03中山區,中山區林森北路與南京東路1段口,0,0,2,1,B01,7,7,5,50,4,1,1,5,4,5,13,1,1,1,2,5,2,16,1,71,2,1,7,1,7,5,1,7,2,8,8,1,21,121.5253683,25.05208253
114,06,08,15,28,2,06松山區,松山區市民大道5段與東興路口,0,0,1,1,B03,6,7,5,50,4,1,1,4,4,5,13,1,1,1,4,4,2,16,1,58,3,10,7,4,7,5,1,8,1,6,83,1,21,121.5657842,25.0483609
114,06,08,15,48,2,06松山區,松山區八德路2段378號,0,0,1,1,B03,7,5,5,50,14,9,1,4,4,5,13,4,4,1,3,5,2,17,1,61,3,10,3,4,7,13,1,8,1,4,40,1,22,121.5460817,25.04803
114,06,08,15,58,2,06松山區,松山區南京東路5段與東興路口,0,0,3,1,C03,7,6,5,50,3,1,1,4,4,5,13,1,1,9,4,5,2,17,1,36,2,9,5,1,7,21,1,10,1,12,81,1,22,121.5653284,25.0514685
114,06,08,16,59,2,09北投區,北投區中央北路4段48號,0,0,1,1,B03,7,6,5,50,22,9,1,5,4,5,13,3,1,4,4,5,2,16,2,54,3,10,7,1,7,15,1,8,1,8,118,1,28,121.4773916,25.1346277
114,06,08,17,40,2,07信義區,信義區松山路263號,0,0,2,1,B03,7,6,5,50,14,9,1,4,4,5,13,4,4,1,4,5,2,13,1,42,3,10,3,4,7,9,1,8,2,5,44,1,21,121.5782764,25.0436461
114,06,08,18,02,2,01大同區,大同區民族西路與民族西路31巷口,0,0,1,1,B03,8,6,5,50,4,1,1,5,4,5,13,1,1,5,4,5,2,12,1,55,4,11,3,4,7,9,1,8,11,2,108,2,22,121.5195983,25.0685859
114,06,08,18,58,2,04大安區,大安區忠孝東路3段1號,0,0,1,1,B01,8,5,5,50,14,9,1,5,4,5,13,4,4,1,4,5,2,12,1,54,3,10,7,1,7,7,1,4,1,8,100,1,21,121.5382829,25.04178
114,06,08,19,49,2,04大安區,大安區市民大道4段與忠孝東路4段223巷口,0,0,2,1,F01,8,5,5,0,14,9,1,5,4,5,13,2,1,10,5,5,2,11,2,25,2,8,4,1,7,11,8,20,1,11,11,1,21,121.5531074,25.0442097
114,06,08,20,20,2,12內湖區,內湖區瑞光路258巷與瑞光路口,0,0,1,1,B01,7,5,5,50,4,1,1,5,4,5,13,1,1,9,4,5,2,17,1,44,3,10,7,1,7,5,1,4,1,17,71,1,21,121.5763865,25.0756177
114,06,08,20,23,2,09北投區,北投區石牌路1段166巷與西安街1段281巷口,0,0,1,1,C03,8,5,5,30,4,2,1,5,4,5,13,4,4,10,4,5,1,29,1,59,2,9,6,1,7,9,1,10,8,11,21,1,21,121.5160249,25.1112091
114,06,08,20,30,2,03中山區,中山區長春路與松江路口,0,0,1,1,B03,8,5,5,50,4,1,1,5,4,5,13,1,1,9,4,5,2,16,1,39,3,10,3,4,7,6,3,18,2,2,9,1,22,121.5329581,25.0547432
114,06,08,20,35,2,04大安區,大安區和平東路1段143號,0,0,3,1,C03,8,7,5,50,14,9,1,5,4,5,13,2,1,1,5,5,2,17,2,23,2,9,3,4,7,1,1,10,1,12,116,1,21,121.5303928,25.0265442
114,06,08,21,09,2,04大安區,大安區忠孝東路4段216巷與安和路1段49巷口,0,0,1,1,B03,8,5,5,30,4,1,1,5,4,5,13,4,4,4,3,5,2,3,1,59,3,10,7,1,7,6,1,8,11,6,70,2,21,121.5529109,25.0384673
114,06,08,21,47,2,12內湖區,內湖區康寧路3段269號,0,0,2,1,B03,7,5,5,50,14,9,1,5,4,5,13,4,4,1,4,5,2,13,1,25,3,10,3,4,7,7,3,18,2,1,100,1,22,121.6110821,25.0661783
114,06,08,23,49,2,09北投區,北投區中央北路4段與中央北路4段577巷口,0,0,3,1,C03,7,5,5,50,3,1,1,5,4,5,13,1,1,9,4,5,2,16,1,20,2,7,6,1,7,9,1,10,1,11,81,1,21,121.4666706,25.1271561
114,06,09,06,55,2,02萬華區,萬華區艋舺大道與長順街口,0,0,1,1,C04,8,5,5,30,3,2,1,5,4,5,13,4,4,10,5,5,2,17,2,59,2,9,3,4,7,6,1,11,1,14,72,1,21,121.4924962,25.0299179
114,06,09,07,21,2,05中正區,中正區鄭州路與重慶北路1段口,0,0,1,1,C03,8,7,5,40,4,2,1,5,4,5,13,1,1,10,5,5,2,13,1,57,2,7,5,1,7,15,1,10,2,14,42,1,26,121.5135578,25.0492152
114,06,09,07,26,2,09北投區,北投區大業路527巷51號對面,0,0,1,1,B03,8,6,5,50,3,1,1,5,4,5,13,4,4,5,5,5,2,16,1,45,3,10,7,1,7,9,1,8,9,7,14,2,21,121.4906816,25.1371543
114,06,09,07,36,2,07信義區,信義區基隆路1段35巷7弄與永吉路127巷口口,0,0,1,1,B03,8,5,8,30,4,1,1,5,4,5,13,4,4,10,5,5,2,9,1,35,3,10,7,1,7,5,1,8,2,8,108,1,22,121.5704891,25.0479906
114,06,09,07,42,2,06松山區,松山區市民大道5段67號,0,0,1,1,B03,8,7,5,40,14,9,1,5,4,5,13,4,4,1,4,5,2,17,1,58,3,10,7,1,7,6,1,8,2,5,9,1,21,121.5609748,25.04654231
114,06,09,07,43,2,04大安區,大安區仁愛路4段122巷60號,0,0,1,1,B03,8,6,5,30,14,9,1,5,4,5,13,4,4,9,5,5,1,2,1,71,3,10,3,4,7,9,1,8,1,5,108,1,21,121.5501998,25.0335661
114,06,09,07,55,2,03中山區,中山區中山北路2段與民權東路1段口,0,0,2,1,C03,8,7,5,50,4,2,1,5,4,5,13,1,1,1,4,5,2,13,2,20,2,8,6,1,7,12,1,10,1,14,44,1,21,121.5230749,25.06289022
114,06,09,08,00,2,07信義區,信義區忠孝東路5段236巷2弄與忠孝東路5段236巷口,0,0,1,1,F01,8,7,8,50,4,2,1,5,4,5,13,4,4,5,4,5,2,16,1,14,3,10,4,4,7,1,8,20,1,11,19,1,21,121.5718218,25.0404333
114,06,09,08,02,2,03中山區,中山區樂群二路與堤頂大道2段口,0,0,1,1,C03,8,6,5,50,4,1,1,5,4,5,13,1,1,1,5,1,2,13,2,45,2,8,5,1,7,9,1,10,1,11,16,1,22,121.5625422,25.0803703
114,06,09,08,05,2,07信義區,信義區中坡南路與中坡南路98巷口,0,0,1,1,B03,8,7,8,30,4,1,1,5,4,5,13,1,1,5,4,5,2,13,1,50,3,10,3,4,7,11,1,8,1,1,10,1,21,121.584365,25.0421813
114,06,09,08,24,2,06松山區,松山區南京東路3段與南京東路3段269巷口,0,0,2,1,C03,8,5,5,30,3,1,1,5,4,5,13,4,4,9,4,4,2,17,1,28,2,8,6,1,7,6,1,10,1,11,72,1,21,121.5453932,25.05189504
114,06,09,08,25,2,08士林區,士林區延平北路6段511巷與無名巷口,0,0,1,1,C02,7,6,5,30,3,2,1,5,4,5,13,4,4,10,5,5,2,17,1,34,3,10,5,1,7,5,1,9,1,11,74,1,22,121.5006068,25.0905545
114,06,09,08,34,2,01大同區,大同區重慶北路3段與哈密街口,0,0,1,1,B12,8,6,5,50,4,2,1,5,4,5,13,2,1,8,3,5,1,16,1,27,3,10,3,4,7,6,1,8,1,2,9,1,21,121.5139432,25.0728786
114,06,09,08,35,2,04大安區,大安區羅斯福路4段與基隆路4段口,0,0,2,1,C03,8,6,5,50,5,2,1,5,4,5,13,1,1,9,4,5,1,13,1,56,2,8,3,4,7,9,1,10,1,12,108,1,21,121.5375183,25.0115827
114,06,09,08,40,2,03中山區,中山區明水路與樂群一路口,0,0,1,1,B12,8,7,5,50,14,9,1,5,4,5,13,1,1,1,4,5,2,12,1,52,3,10,7,1,7,9,1,8,9,6,42,1,21,121.544371,25.07950989
114,06,09,08,41,2,10文山區,文山區老泉街與老泉街口(河堤旁抽水站）,0,0,1,1,C03,8,6,5,40,3,1,1,5,4,5,13,4,4,10,5,5,2,17,1,23,3,10,3,4,7,9,1,10,1,12,108,1,22,121.5670414,24.9797655
114,06,09,09,04,2,07信義區,信義區忠孝東路5段236巷3弄17號,0,0,1,1,C03,8,6,5,30,14,9,1,5,4,5,13,4,4,10,5,5,2,10,1,26,2,9,6,1,7,12,1,10,1,11,13,1,21,121.5723198,25.0404286
114,06,09,09,09,2,03中山區,中山區長春路與長春路163巷口,0,0,1,1,B03,7,6,5,50,5,2,1,5,4,5,13,2,1,8,3,4,1,17,1,67,3,10,3,4,7,10,1,8,9,2,17,2,22,121.5336529,25.0548543
114,06,09,09,10,2,03中山區,中山區天津街與中山北路1段121巷口,0,0,1,1,B03,7,7,5,30,4,1,1,5,4,5,13,4,4,10,5,5,2,15,1,42,3,10,7,1,7,9,1,8,1,1,72,1,21,121.5232322,25.05112299
114,06,09,09,15,2,07信義區,信義區莊敬路441號,0,0,1,1,B03,8,5,5,40,14,7,1,5,4,5,13,4,4,9,5,4,2,17,1,44,3,10,7,1,7,1,1,8,1,8,19,1,21,121.5669974,25.0270766
114,06,09,09,35,2,04大安區,大安區建國南路1段與忠孝東路3段口,0,0,2,1,C03,8,5,5,40,4,1,1,5,4,5,13,1,1,1,4,5,2,12,1,56,2,9,6,1,7,7,1,10,1,12,100,1,21,121.5367424,25.0419163
114,06,09,09,39,2,01大同區,大同區環河北路1段與歸綏街口,0,0,1,1,C03,8,6,5,30,3,1,1,5,4,5,13,4,4,9,4,5,2,17,1,73,2,9,5,1,7,6,1,10,1,14,72,1,21,121.5085199,25.0582379
114,06,09,09,39,2,11南港區,南港區向陽路與南港路2段口157號,0,0,2,1,C03,8,6,5,50,14,9,1,5,4,5,13,4,4,9,4,5,2,12,1,65,3,10,5,4,7,8,1,10,2,12,100,1,21,121.5949915,25.0539135
114,06,09,09,50,2,08士林區,士林區社中街與社正路口,0,0,1,1,C03,8,5,5,50,4,1,1,5,4,5,13,1,1,5,4,5,2,17,1,56,3,10,6,1,7,9,1,10,2,13,81,1,22,121.5106175,25.0889201
114,06,09,09,55,2,07信義區,信義區松仁路9號,0,0,1,1,B01,8,5,8,50,22,22,1,5,4,5,13,4,4,1,4,5,2,17,1,47,3,10,7,1,7,1,1,4,2,17,19,1,21,121.5686347,25.0385001
114,06,09,10,25,2,12內湖區,內湖區文德路與內湖路2段口,0,0,1,1,B03,8,6,5,30,3,1,1,5,4,5,13,4,4,1,4,5,2,17,1,51,3,10,7,1,7,6,1,8,2,4,72,1,21,121.5791913,25.0786405
114,06,09,10,37,2,03中山區,中山區北安路458巷41弄與北安路口,0,0,1,1,C03,7,7,5,50,5,1,1,5,4,5,13,1,1,3,4,5,1,17,2,43,3,10,5,1,7,5,1,10,11,17,96,1,21,121.5470443,25.07981971
114,06,09,11,20,2,03中山區,中山區建國高架道往北長安東路匝道,0,0,2,1,C03,8,7,5,40,8,11,1,5,4,5,13,4,4,1,5,3,2,13,1,27,2,7,6,1,7,9,1,10,1,11,13,1,21,121.5476418,25.04815244
114,06,09,11,31,2,10文山區,文山區景仁街與景仁街77巷口,0,0,1,1,C03,8,6,5,30,4,1,1,5,4,5,13,4,4,10,5,5,2,15,1,43,2,7,6,1,7,9,1,10,1,12,72,1,21,121.5378453,24.9983837
114,06,09,11,34,2,11南港區,南港區南港路1段與惠民街口,0,0,1,1,B03,6,7,5,50,3,1,1,4,4,5,13,1,1,9,4,5,2,16,2,55,3,10,3,4,7,5,1,8,1,2,8,1,21,121.6102828,25.0549977
114,06,09,11,40,2,10文山區,文山區萬慶街與景福街242巷口,0,0,2,1,C03,8,6,5,30,4,1,1,5,4,5,13,4,4,10,5,5,2,15,1,26,2,8,6,1,7,9,1,10,1,14,72,1,21,121.5394084,24.9927342
114,06,09,11,56,2,02萬華區,萬華區堤外便道北往南（桂林-長順）,0,0,1,1,C03,7,7,5,40,14,9,1,5,4,5,13,4,4,10,5,5,2,18,1,73,2,9,5,1,7,9,6,18,1,14,116,1,21,121.4954174,25.038747