發生年度,發生月,發生日,發生時-Hours,發生分,處理別-編號,區序,肇事地點,死亡人數,2-30日死亡人數,受傷人數,當事人序號,車種,天候,光線,道路類別,速限-速度限制,道路型態,事故位置,路面狀況1,路面狀況2,路面狀況3,道路障礙1,道路障礙2,號誌1,號誌2,車道劃分-分向,車道劃分-分道1,車道劃分-分道2,車道劃分-分道3,事故類型及型態,性別,年齡,受傷程度,主要傷處,保護裝置,行動電話,車輛用途,當事者行動狀態,駕駛資格情形,駕駛執照種類,飲酒情形,車輛撞擊部位1,肇因碼-個別,個人肇逃否,職業,座標-X,座標-Y
114,06,18,18,12,2,07信義區,信義區市民大道6段與松隆路329巷口,0,0,1,1,B03,8,6,5,40,3,1,1,5,4,5,13,2,1,10,4,5,2,16,1,31,3,10,7,1,7,6,1,8,2,5,9,1,21,121.5791936,25.0488767
114,06,18,18,14,2,09北投區,北投區公館路334巷與三合街1段117巷口,0,0,1,1,C03,8,5,5,30,4,1,1,5,4,5,13,4,4,10,5,5,1,17,2,24,2,8,5,1,7,9,1,10,2,11,72,1,21,121.5047358,25.1246431
114,06,18,18,20,2,03中山區,中山區民權東路2段與民權東路2段71巷口,0,0,1,1,C03,8,7,5,50,4,1,1,5,4,5,13,1,1,1,4,5,2,12,1,29,3,10,5,1,7,9,1,10,2,14,44,1,21,121.5317085,25.062634
114,06,18,18,20,2,08士林區,士林區中山北路6段405巷86號,0,0,1,1,C03,7,7,5,50,12,9,1,5,4,5,13,4,4,9,4,5,2,17,1,33,3,10,6,1,7,9,1,10,9,11,44,1,21,121.5261369,25.1171803
114,06,18,18,29,2,08士林區,士林區通河街76巷與承德路4段10巷口,0,0,1,1,B03,8,6,5,30,4,1,1,5,4,5,13,4,4,4,1,5,1,15,2,38,3,10,7,1,7,9,1,8,2,2,72,1,21,121.5201233,25.0801336
114,06,18,18,44,2,08士林區,士林區德行東路331巷54弄與德行東路331巷口,0,0,1,1,C03,7,6,5,30,4,1,1,5,4,5,13,4,4,10,5,5,1,15,1,59,2,9,3,4,7,9,1,10,1,11,72,1,21,121.538114,25.1129493
114,06,18,19,33,2,04大安區,大安區和平東路1段與金山南路2段口,0,0,2,1,C03,7,5,5,50,3,1,1,5,4,5,13,2,1,1,2,5,2,16,2,50,2,9,3,4,7,9,3,18,1,12,81,1,22,121.5261211,25.0266251
114,06,18,20,47,2,12內湖區,內湖區南京東路6段與堤頂大道1段口口,0,0,1,1,C03,7,5,5,50,5,1,1,5,4,5,13,2,1,1,5,5,1,16,1,18,2,9,6,1,7,5,1,10,1,12,71,1,21,121.5760314,25.0546718
114,06,18,22,30,2,03中山區,中山區中山北路2段與民權西路口,0,0,1,1,B03,7,5,5,50,4,1,1,5,4,5,13,1,1,1,4,1,2,16,1,19,3,10,3,4,7,6,3,18,2,2,99,1,22,121.5222029,25.06277152
114,06,19,04,00,2,09北投區,北投區洲美快速道路,0,0,1,1,B03,8,5,5,80,10,9,1,5,4,5,13,4,4,1,3,5,1,35,1,29,2,9,3,4,7,9,1,8,2,5,108,1,26,121.4988601,25.1002204
114,06,19,05,30,2,02萬華區,萬華區環河南路2段與貴陽街2段口,0,0,1,1,B03,8,7,5,50,5,2,1,5,4,5,13,1,1,8,3,5,2,17,2,53,4,11,3,4,7,5,7,19,11,17,83,2,22,121.4978001,25.0401023
114,06,19,06,45,2,03中山區,中山區建國北路2段80號,0,0,2,1,C03,8,7,5,50,14,9,1,5,4,5,13,4,4,1,4,5,2,17,1,71,2,9,5,1,7,9,1,10,1,13,73,1,22,121.5221674,25.05793777
114,06,19,06,50,2,10文山區,文山區景福街137號,0,0,1,1,B03,8,6,5,30,14,9,1,5,4,5,13,4,4,10,5,5,2,12,1,33,3,10,7,1,7,9,1,8,1,2,17,1,21,121.5350088,24.99779743
114,06,19,07,10,2,07信義區,信義區福德街221巷15號,0,0,1,1,C03,8,6,5,30,14,9,1,5,4,5,13,4,4,7,5,5,2,17,2,59,2,9,5,1,7,9,1,10,1,17,4,1,21,121.5852479,25.0368908
114,06,19,07,11,2,11南港區,南港區舊莊街1段1號,0,0,1,1,C03,8,7,5,50,14,9,1,5,4,5,13,2,1,4,3,5,2,12,2,66,2,7,5,1,7,8,1,10,9,13,100,2,22,121.617202,25.0421845
114,06,19,07,22,2,03中山區,中山區新生北路3段35號前,0,0,1,1,C03,8,7,5,50,14,9,1,5,4,5,13,4,4,1,4,5,2,17,1,29,2,9,3,4,7,9,6,10,1,11,107,1,21,121.5279527,25.06502557
114,06,19,07,45,2,09北投區,北投區石牌路1段188號,0,0,1,1,C03,8,6,5,50,22,9,1,5,4,5,13,4,4,5,4,5,2,12,2,67,2,9,5,1,7,10,1,10,2,14,100,1,21,121.5146557,25.1149947
114,06,19,07,57,2,08士林區,士林區文林路與美德街口口,0,0,2,1,C03,7,7,5,50,3,1,1,5,4,5,13,1,1,8,3,5,2,16,1,60,2,9,5,1,7,5,1,10,9,11,8,1,22,121.5252078,25.0933438
114,06,19,08,08,2,06松山區,松山區民生東路5段與民生東路5段260巷口,0,0,3,1,H01,8,6,5,50,4,1,1,5,4,5,13,2,1,3,4,5,2,9,1,42,2,9,4,5,8,18,8,20,10,16,122,1,21,121.5672252,25.0591263
114,06,19,08,11,2,01大同區,大同區延平北路2段與民生西路口,0,0,1,1,C03,8,6,5,50,4,2,1,5,4,5,13,2,1,5,4,5,2,17,2,79,2,8,5,1,7,5,1,10,1,12,83,1,21,121.5115755,25.0569718
114,06,19,08,35,2,09北投區,北投區文林北路與文林北路75巷口,0,0,2,1,C03,8,7,5,50,4,2,1,5,4,5,13,2,1,1,4,4,2,13,1,25,2,9,6,1,7,9,1,10,1,11,16,1,22,121.5173329,25.1054493
114,06,19,08,36,2,05中正區,中正區中華路1段與愛國西路口,0,0,2,1,C03,7,7,5,50,4,2,1,5,4,5,13,1,1,1,4,1,2,12,1,33,2,7,5,1,7,9,1,10,1,12,108,1,21,121.5072928,25.03517727
114,06,19,08,40,2,07信義區,信義區基隆路汽機車混合地下道,0,0,1,1,C04,8,5,5,30,7,9,1,5,4,5,13,4,4,9,4,5,2,29,1,21,2,9,5,1,7,9,1,10,7,14,21,1,21,121.5643819,25.0408004
114,06,19,08,44,2,01大同區,大同區南京西路與承德路1段口口,0,0,2,1,C03,8,5,5,50,5,1,1,5,4,5,13,2,1,1,4,5,2,13,1,27,2,8,5,1,7,12,1,10,1,13,16,1,22,121.5174575,25.0532952
114,06,19,08,56,2,07信義區,信義區松高路與松智路口口,0,0,1,1,C03,8,6,5,50,14,9,1,5,4,5,13,1,1,4,5,5,2,12,1,36,2,7,6,1,7,8,1,10,1,12,100,1,21,121.5657008,25.0391997
114,06,19,09,07,2,06松山區,松山區富錦街581巷與撫遠街口,0,0,2,1,C03,8,5,5,30,3,1,1,5,4,5,13,4,4,1,3,5,2,15,2,59,2,9,5,1,7,9,1,10,2,11,80,1,22,121.5662175,25.0627344
114,06,19,09,15,2,05中正區,中正區襄陽路與懷寧街口,0,0,1,1,B03,8,7,5,50,4,1,1,5,4,5,12,1,1,4,4,5,2,17,1,27,3,10,7,1,7,5,1,8,1,8,71,1,21,121.5140433,25.0434015
114,06,19,09,46,2,07信義區,信義區忠孝東路5段215巷25號,0,0,1,1,C03,8,6,5,50,14,9,1,5,4,5,13,1,1,5,5,5,2,11,2,33,2,9,5,1,7,1,1,10,1,14,19,1,21,121.5702188,25.0420973
114,06,19,10,00,2,03中山區,中山區北安路與自強隧道(外)口圓環,0,0,1,1,F01,8,7,5,50,18,9,1,5,4,5,13,1,1,10,5,5,2,17,2,61,2,7,4,1,7,15,8,20,1,13,99,1,21,121.5508959,25.08545102
114,06,19,10,04,2,05中正區,中正區和平西路1段與福州街口,0,0,1,1,C03,8,6,5,50,5,2,1,5,4,5,13,1,1,3,4,5,2,17,1,19,2,9,5,1,7,6,1,10,1,13,17,1,21,121.5164847,25.0276521
114,06,19,10,22,2,09北投區,北投區中和街與中和街455巷口,0,0,2,1,B01,8,7,5,30,4,1,1,5,4,5,13,4,4,10,5,5,2,16,2,47,3,10,7,1,7,6,1,4,1,8,72,1,22,121.496818,25.1446548
114,06,19,10,25,2,02萬華區,萬華區堤外便道自行車道（3014756燈桿）,0,0,3,1,C03,8,7,7,30,14,23,1,5,4,5,13,4,4,10,5,5,2,10,1,54,2,1,5,4,7,9,3,18,1,11,44,1,22,121.4888763,25.03526306
114,06,19,10,25,2,08士林區,士林區劍潭路與基河路口,0,0,1,1,B03,8,6,5,50,4,1,1,5,4,5,13,2,1,1,4,5,2,17,2,71,3,10,3,4,7,5,1,8,2,2,44,1,21,121.5247184,25.0840681
114,06,19,10,43,2,05中正區,中正區忠孝東路1段112號,0,0,1,1,,8,7,5,0,22,20,4,5,4,5,13,4,4,10,5,5,2,2,4,0,,,,,,,,,,,119,2,,121.5252319,25.0441909
114,06,19,10,58,2,01大同區,大同區鄭州路與鄭州路143巷口,0,0,3,1,B02,8,6,5,40,3,1,1,5,4,5,13,4,4,1,4,5,2,17,1,20,3,10,7,1,7,8,1,8,1,8,100,1,21,121.5097451,25.0503699
114,06,19,11,52,2,11南港區,南港區福山街與大坑街口,0,0,1,1,C03,8,6,5,30,4,1,1,5,4,5,13,4,4,10,5,5,2,15,1,52,2,8,5,1,7,9,1,10,1,14,108,1,22,121.6175538,25.045948
114,06,19,11,55,2,01大同區,大同區承德路3段與敦煌路口,0,0,1,1,A11,7,6,5,50,4,1,1,5,4,5,13,2,1,1,4,5,2,13,1,24,3,10,3,4,7,9,1,3,1,1,108,1,21,121.5197544,25.0752455
114,06,19,12,27,2,03中山區,中山區基湖路與基湖路145巷口,0,0,1,1,B03,8,7,5,30,4,1,1,5,4,5,13,4,4,10,5,5,2,16,1,24,3,10,7,1,7,6,1,10,1,8,72,1,22,121.563906,25.0782922
114,06,19,12,28,2,03中山區,中山區長安東路2段33號,0,0,1,1,C03,8,6,5,50,14,9,1,5,4,5,13,4,4,5,4,5,2,13,1,34,2,9,5,4,7,9,1,10,1,11,108,1,21,121.5312536,25.0485106
114,06,19,12,31,2,02萬華區,萬華區西藏路125巷31號,0,0,2,1,C03,8,6,5,30,14,9,1,5,4,5,13,4,4,10,5,5,2,12,2,36,2,8,6,1,7,11,1,10,1,14,10,1,21,121.5058746,25.03456116
114,06,19,12,54,2,07信義區,信義區虎林街242巷46號,0,0,1,1,H02,8,6,5,50,14,9,1,5,4,5,13,4,4,10,5,5,2,9,1,85,3,10,4,5,7,19,8,20,10,17,126,1,21,121.5770545,25.0360594
114,06,19,13,07,2,09北投區,北投區大度路3段與中央北路4段口,0,0,1,1,B12,8,5,5,50,4,2,1,5,4,5,13,1,1,9,4,5,1,11,1,54,3,10,7,1,7,9,1,8,2,4,44,1,21,121.4645697,25.123998
114,06,19,13,49,2,07信義區,信義區光復南路421巷6弄與光復南路419巷口,0,0,2,1,B02,7,6,5,30,4,2,1,5,4,5,8,4,4,10,5,5,2,16,1,60,3,10,3,4,7,5,1,8,2,5,44,1,21,121.5584132,25.0364497
114,06,19,14,35,2,08士林區,士林區復興橋與福林路口,0,0,1,1,C03,8,7,5,30,5,2,1,5,4,5,13,4,4,1,5,5,1,17,1,52,3,10,5,1,7,6,1,10,1,14,72,1,21,121.5367776,25.09970125
114,06,19,14,48,2,02萬華區,萬華區艋舺大道與西園路2段140巷口,0,0,2,1,B03,8,6,5,50,5,1,1,5,4,5,13,2,1,1,5,5,2,16,1,74,3,10,7,1,7,5,1,8,1,5,8,1,21,121.4951059,25.03152093
114,06,19,15,00,2,06松山區,松山區八德路4段與八德路4段624巷口,0,0,2,1,F01,7,6,5,40,3,2,1,5,4,5,13,4,4,1,3,4,2,17,2,61,2,9,4,1,7,5,8,20,1,11,118,1,21,121.5740898,25.0498453
114,06,19,15,23,2,11南港區,與陸軍後勤指揮部口(忠孝東路6段372號前),0,0,1,1,B03,8,7,5,50,14,7,1,5,4,5,13,2,1,1,3,5,2,17,2,50,3,10,7,1,7,11,1,8,1,1,10,1,21,121.5918121,25.0497343
114,06,19,16,00,2,08士林區,士林區社中路298巷4弄與通河西街2段116巷口,0,0,2,1,B12,8,6,5,30,4,1,1,5,4,5,13,4,4,10,5,5,1,15,1,63,3,10,7,1,7,9,1,8,1,7,44,1,21,121.5071922,25.0929669
114,06,19,16,02,2,04大安區,大安區忠孝東路4段26巷與忠孝東路4段口,0,0,1,1,C03,7,5,5,50,4,2,1,5,4,5,13,4,4,1,4,1,1,13,1,52,2,9,5,1,7,9,1,10,1,11,16,1,21,121.5443153,25.0415305
114,06,19,16,09,2,09北投區,北投區光明路178號,0,0,1,1,C03,7,5,5,50,14,9,1,5,4,5,13,3,1,9,4,5,1,17,2,73,3,10,6,1,7,1,1,10,1,11,19,1,21,121.5032487,25.135702
114,06,19,16,15,2,02萬華區,萬華區忠孝橋往臺北市,0,0,1,1,B03,8,6,5,50,8,9,1,5,4,5,13,4,4,1,5,5,2,13,1,31,3,10,7,1,7,9,3,18,1,1,108,1,22,121.5069799,25.0487583
114,06,19,16,33,2,04大安區,大安區仁愛路3段與仁愛路3段5巷口,0,0,2,1,B03,8,6,5,50,14,9,1,5,4,5,13,4,4,1,4,5,1,12,1,47,3,10,3,4,7,9,1,8,1,2,108,1,21,121.5333614,25.0383389
114,06,19,16,40,2,03中山區,中山區民權東路2段與吉林路口,0,0,2,1,C03,8,6,5,50,4,1,1,5,4,5,13,1,1,1,4,5,2,12,1,34,3,10,5,1,7,7,1,10,1,12,100,1,22,121.5302971,25.062457
114,06,19,16,48,2,08士林區,士林區延平北路5段13號前,0,0,1,1,B01,8,6,5,50,14,9,1,5,4,5,13,4,4,3,4,5,2,12,1,69,3,10,7,1,7,8,1,4,1,2,100,1,21,121.5110989,25.07940273
114,06,19,17,06,2,07信義區,信義區松仁路與忠孝東路5段口,0,0,1,1,C03,8,6,8,50,4,2,1,5,4,5,13,1,1,1,4,5,2,12,1,25,2,8,3,4,7,10,1,9,1,14,100,1,22,121.5685511,25.0409669
114,06,19,17,25,2,11南港區,南港區南港路3段與中坡北路口口,0,0,1,1,F03,8,6,5,25,4,1,1,5,4,5,13,2,1,5,4,5,2,15,1,18,2,9,5,1,7,9,8,20,1,11,85,1,21,121.5802005,25.0515201
114,06,19,17,34,2,09北投區,北投區大度路3段185號,0,0,1,1,C03,8,7,5,50,14,9,1,5,4,5,13,4,4,1,4,5,2,16,1,34,3,10,5,1,7,1,3,18,1,13,19,1,22,121.4708119,25.1227699
114,06,19,17,35,2,10文山區,文山區新光路2段19號,0,0,2,1,C03,8,7,5,50,18,9,1,5,4,5,13,3,1,10,4,5,1,13,1,21,2,9,5,1,7,6,1,10,2,12,108,1,22,121.5834943,25.0005222
114,06,19,17,41,2,12內湖區,內湖區成功路2段與成功路口側附近2段312巷口,0,0,1,1,C03,8,7,8,30,3,2,1,5,4,5,13,4,4,1,4,5,2,17,2,55,2,2,5,1,7,6,1,10,1,14,72,1,21,121.5905742,25.0670664
114,06,19,18,12,2,09北投區,北投區公館路與西安街2段口,0,0,1,1,C03,8,7,5,50,5,1,1,5,4,5,13,2,1,9,5,5,2,16,2,73,2,9,3,4,7,5,1,10,2,14,8,1,26,121.5027108,25.121533
114,06,19,18,31,2,12內湖區,內湖區民權東路6段25號附近側附近,0,0,2,1,C03,7,5,5,50,14,9,1,5,4,5,13,4,4,1,3,4,2,13,2,27,2,9,6,1,7,9,1,10,1,11,16,1,21,121.5830911,25.0684886
114,06,19,18,45,2,03中山區,中山區民生東路2段53號,0,0,2,1,B03,7,5,5,50,14,9,1,5,4,5,13,1,1,9,4,5,2,17,1,49,3,10,3,4,7,6,1,8,1,17,9,1,21,121.5293563,25.05801813
114,06,19,18,48,2,03中山區,中山區北安路與明水路口,0,0,1,1,C03,7,5,5,50,5,1,1,5,4,5,13,1,1,1,4,5,1,17,1,40,2,9,5,1,7,15,1,10,1,12,81,1,21,121.5524206,25.08546644
114,06,19,18,59,2,02萬華區,萬華區艋舺大道208號,0,0,1,1,C03,7,5,5,40,22,12,1,5,4,5,13,4,4,10,3,4,2,16,1,28,2,9,5,1,7,9,1,10,1,11,13,1,21,121.4992948,25.0328919
114,06,19,19,35,2,12內湖區,內湖區瑞光路76巷與民權東路6段15巷口,0,0,2,1,B03,8,5,5,50,4,1,1,5,4,5,13,2,1,5,4,5,2,17,1,50,2,2,7,1,7,5,1,8,2,8,42,1,21,121.578688,25.0683156
114,06,19,19,45,2,09北投區,北投區明德路18巷與文林北路94巷口,0,0,1,1,C03,8,5,5,30,4,1,1,5,4,5,13,4,4,10,5,5,2,16,1,23,3,10,5,1,7,9,1,10,1,11,75,1,22,121.5184651,25.10640938
114,06,19,19,47,2,07信義區,信義區松德路與信義路5段口,0,0,1,1,C04,7,5,5,40,4,2,1,5,4,5,13,2,1,1,4,5,2,17,1,50,3,10,6,1,7,5,1,10,2,13,83,1,22,121.5743076,25.0335136
114,06,19,20,00,2,03中山區,中山區民權東路2段152巷與錦州街口,0,0,2,1,C04,7,5,5,30,14,9,1,5,4,5,13,4,4,9,4,5,2,9,2,74,2,9,5,1,7,9,1,8,1,11,108,1,21,121.5348667,25.06052933
114,06,19,20,12,2,03中山區,中山區中山北路3段59號,0,0,2,1,B01,7,5,5,30,14,9,1,5,4,5,13,4,4,10,5,5,2,16,2,41,3,10,7,1,7,1,1,4,1,5,19,1,22,121.5236652,25.0686937
114,06,19,20,39,2,12內湖區,內湖區民權東路6段120巷3弄10號附近側附近,0,0,1,1,B03,7,5,5,40,14,9,1,5,4,5,13,4,4,8,5,5,2,16,1,50,3,10,7,1,7,8,1,8,1,2,100,1,21,121.5878201,25.0680485
114,06,19,22,45,2,08士林區,士林區中山北路6段與忠誠路1段口,0,0,1,1,C03,8,5,5,50,3,2,1,5,4,5,13,1,1,1,4,5,1,16,2,21,2,9,3,4,7,5,1,10,1,14,8,1,21,121.524992,25.1040976
114,06,20,00,05,2,05中正區,中正區重慶南路2段與南海路口,0,0,2,1,C03,8,7,5,50,4,1,1,5,4,5,13,2,1,10,4,5,2,16,1,20,2,8,5,1,7,5,1,10,1,13,8,1,21,121.514459,25.0319054
114,06,20,04,30,2,02萬華區,萬華區桂林路與西園路1段口,0,0,1,1,B01,7,5,6,50,4,18,1,5,4,5,13,1,1,9,4,5,2,2,1,56,3,10,7,1,7,5,1,8,1,1,70,1,21,121.4997222,25.0383688
114,06,20,05,25,2,05中正區,中正區重慶南路3段與廈門街114巷口,0,0,1,1,C03,8,7,5,50,4,1,1,5,4,5,13,1,1,2,4,5,2,13,2,61,2,9,6,1,7,9,1,10,1,12,44,1,22,121.5169766,25.023076
114,06,20,07,22,2,12內湖區,內湖區內湖路1段與內湖路1段91巷口,0,0,2,1,C03,8,6,5,50,4,1,1,5,4,5,13,2,1,1,4,5,2,17,2,50,3,10,5,1,7,5,1,10,1,13,8,1,21,121.5613755,25.08438109
114,06,20,07,40,2,11南港區,南港區東新街89巷與東新街77巷15弄口,0,0,1,1,C01,8,7,5,30,4,2,1,5,4,5,13,4,4,10,5,5,2,15,1,56,2,5,6,1,7,9,1,9,1,11,72,1,21,121.5888382,25.0473436
114,06,20,07,49,2,07信義區,信義區吳興街220巷與吳興街220巷37弄口,0,0,1,1,B01,8,6,5,50,14,9,1,5,4,5,13,1,1,4,5,5,2,16,1,54,3,10,7,1,7,8,1,4,1,2,100,1,21,121.562364,25.0270393
114,06,20,07,52,2,04大安區,大安區泰順街與泰順街26巷口,0,0,1,1,B03,8,6,5,30,3,1,1,5,4,5,13,4,4,9,5,5,2,16,2,39,3,10,7,1,7,5,1,8,1,1,72,1,21,121.5314407,25.0251089
114,06,20,08,10,2,04大安區,大安區和平東路2段118巷口側附近,0,0,1,1,B03,8,6,5,50,14,9,1,5,4,5,13,1,1,1,4,5,2,17,1,70,3,10,7,1,7,9,1,8,1,5,108,1,21,121.5428729,25.0248754
114,06,20,08,15,2,09北投區,北投區大度路185號,0,0,2,1,C03,8,6,5,50,14,9,1,5,4,5,13,4,4,8,3,5,2,17,1,20,2,9,6,1,7,6,1,10,1,12,9,1,21,121.4706512,25.12283984
114,06,20,08,25,2,12內湖區,內湖區新湖三路與舊宗路1段口,0,0,1,1,B03,8,7,5,50,4,1,1,5,4,5,13,1,1,4,5,5,2,17,1,42,4,11,3,4,7,5,1,8,11,15,74,2,22,121.5765699,25.06355318
114,06,20,08,33,2,04大安區,大安區敦化南路2段11巷14弄5號,0,0,1,1,B03,7,5,5,30,14,9,1,5,4,5,13,4,4,10,4,5,1,9,2,33,3,10,7,1,7,9,1,8,1,2,77,1,21,121.5501659,25.032473
114,06,20,08,34,2,07信義區,信義區松仁路與莊敬路423巷8弄口,0,0,1,1,B03,8,6,5,50,4,1,1,5,4,5,13,1,1,9,4,5,2,16,1,64,3,10,7,1,7,5,1,8,1,1,71,1,21,121.5682819,25.0285184
114,06,20,08,36,2,11南港區,南港區南深路與南深路口無名巷,0,0,1,1,A12,7,6,5,30,3,2,1,5,4,5,13,4,4,5,4,5,2,17,1,53,3,10,7,1,7,6,1,7,2,5,108,1,21,121.62169,25.0307661
114,06,20,08,53,2,09北投區,北投區民族街43巷與溫泉路68巷6弄口,0,0,1,1,C03,8,6,5,30,3,1,1,5,4,5,13,4,4,10,5,5,2,17,2,58,3,10,5,1,7,1,1,11,1,11,19,1,21,121.5059496,25.1340406
114,06,20,08,53,2,07信義區,信義區和平東路3段645號,0,0,1,1,C03,7,7,5,40,14,9,1,5,4,5,13,1,1,9,4,5,2,17,2,60,2,8,5,1,7,9,1,10,1,12,108,1,21,121.5634798,25.0126602
114,06,20,08,55,2,09北投區,北投區中央南路1段與民權街口,0,0,2,1,C03,8,7,5,50,3,1,1,5,4,5,13,4,4,5,5,5,2,13,1,70,3,10,6,1,7,9,1,10,1,11,108,1,22,121.5010462,25.1292322
114,06,20,08,57,2,02萬華區,萬華區堤外便道近開封街二段,0,0,1,1,C03,8,7,7,40,11,11,1,5,4,5,13,4,4,9,5,5,2,16,1,68,3,10,3,4,7,7,1,10,9,11,108,1,22,121.50413,25.0474093
114,06,20,08,58,2,02萬華區,萬華區中華路2段416巷與萬大路277巷37弄口,0,0,1,1,B03,8,6,5,30,4,1,1,5,4,5,13,1,1,10,5,5,2,17,1,78,3,10,7,1,7,5,1,8,1,8,71,1,21,121.5022338,25.0265742
114,06,20,09,14,2,08士林區,士林區中山北路5段與劍潭路口,0,0,1,1,B03,8,5,5,50,4,1,1,5,4,5,13,2,1,1,4,5,1,3,1,48,4,11,3,4,7,9,7,19,11,15,81,2,22,121.5254879,25.0843535
114,06,20,09,16,2,09北投區,北投區文林北路214號,0,0,1,1,B03,8,6,5,50,14,8,1,5,4,5,13,4,4,8,3,4,2,16,1,78,3,10,7,1,7,8,1,8,1,2,100,1,21,121.5145742,25.1078563
114,06,20,10,07,2,07信義區,信義區福德街221巷與無名巷口215號電線桿,0,0,1,1,C03,8,7,5,30,3,1,1,5,4,5,13,4,4,10,5,5,2,17,1,75,2,9,5,1,7,11,1,10,1,14,42,1,21,121.5851345,25.03393776
114,06,20,10,10,2,01大同區,大同區酒泉街201號,0,0,1,1,B03,7,6,5,50,14,9,1,5,4,5,13,4,4,4,4,5,2,16,1,53,3,10,3,4,7,11,1,8,1,4,118,1,21,121.5119861,25.0720903
114,06,20,10,15,2,10文山區,文山區景中街26號,0,0,1,1,F01,8,6,5,50,14,9,1,5,4,5,13,4,4,1,4,5,2,12,1,21,2,9,4,1,7,10,8,20,1,14,101,1,21,121.542053,24.9928575
114,06,20,10,29,2,03中山區,中山區新生北路2段9號,0,0,1,1,C03,8,6,5,50,14,9,1,5,4,5,13,4,4,1,4,5,2,13,1,48,2,7,6,1,7,9,1,8,1,11,16,1,22,121.5275453,25.05306749
114,06,20,10,41,2,06松山區,松山區八德路3段與延吉街口,0,0,1,1,A02,7,6,5,50,5,1,1,5,4,5,13,1,1,8,3,5,2,17,1,47,3,10,3,4,7,6,1,2,1,2,118,1,21,121.5533883,25.0481381
114,06,20,11,15,2,05中正區,中正區公園路54號,0,0,1,1,B03,8,6,5,50,14,9,1,5,4,5,13,1,1,5,4,5,2,13,1,59,3,10,2,1,7,9,1,8,1,1,42,1,21,121.515699,25.0401271
114,06,20,11,28,2,05中正區,中正區愛國東路與杭州南路2段口,0,0,1,1,C03,8,7,5,50,4,2,1,5,4,5,13,1,1,1,4,5,2,17,1,28,3,10,5,1,7,8,1,10,2,17,100,1,22,121.5227181,25.0321184
114,06,20,11,43,2,05中正區,中正區汀州路2段238號,0,0,2,1,C03,8,6,5,50,14,9,1,5,4,5,13,4,4,9,4,5,2,16,1,33,2,8,5,1,7,5,1,10,1,12,8,1,21,121.5247921,25.02161714
114,06,20,11,47,2,08士林區,士林區中山北路4段新生高架北往南,0,0,3,1,B01,8,5,5,50,10,9,1,5,4,5,13,4,4,2,4,5,2,13,1,65,3,10,2,4,7,9,1,4,1,1,16,1,22,121.5274731,25.06980452
114,06,20,11,48,2,10文山區,文山區秀明路1段103巷6弄與秀明路1段103巷8弄口口,0,0,1,1,B03,8,6,5,30,4,1,1,5,4,5,13,4,4,10,5,5,2,14,1,48,3,10,7,1,7,2,1,8,1,3,12,1,21,121.5659698,24.9913371
114,06,20,11,59,2,05中正區,中正區中山南路往南（靠近捷運中正紀念堂6號出入口）,0,0,1,1,C03,8,7,5,50,14,9,1,5,4,5,13,4,4,1,4,1,2,12,1,19,2,9,6,1,7,7,1,10,2,14,100,1,21,121.5155608,25.03700419
114,06,20,12,00,2,08士林區,士林區天母東路8巷與中山北路6段776巷口,0,0,1,1,B03,8,6,5,30,4,1,1,5,4,5,13,3,1,10,5,5,2,17,2,56,3,10,3,4,7,11,1,8,1,4,10,1,21,121.5300486,25.1140801
114,06,20,12,20,2,09北投區,北投區紗帽路20-3號,0,0,1,1,C03,8,7,5,30,11,9,1,5,4,5,13,4,4,10,5,5,1,12,1,73,2,9,6,1,7,9,1,10,1,14,5,1,22,121.5329152,25.1417589
114,06,20,13,20,2,01大同區,大同區赤峰街與赤峰街47巷口,0,0,1,1,C03,8,6,5,30,4,1,1,5,4,5,13,4,4,10,5,5,2,15,2,22,2,9,6,1,7,9,1,10,1,11,72,1,21,121.5196279,25.0553251
114,06,20,13,35,2,06松山區,松山區光復北路與健康路口,0,0,1,1,B03,8,7,5,50,4,1,1,5,4,5,13,1,1,1,4,5,2,16,1,60,3,10,7,1,7,5,1,8,1,6,85,1,21,121.5565949,25.0535823
114,06,20,13,43,2,03中山區,中山區松江路299號,0,0,1,1,,7,5,5,50,14,9,1,5,4,5,13,4,4,1,3,5,1,17,4,26,3,10,3,1,7,6,1,10,11,17,119,2,21,121.5211315,25.05015937
114,06,20,13,47,2,12內湖區,內湖區民權東路6段與民權東路6段56巷口,0,0,2,1,B03,8,7,8,50,4,1,1,5,4,5,13,1,1,1,4,5,2,17,1,50,3,10,7,1,7,6,1,8,1,6,9,1,21,121.5840075,25.0685952
114,06,20,14,28,2,12內湖區,內湖區民權東路6段180巷與民權東路6段180巷4弄口,0,0,2,1,F01,8,5,5,30,3,1,1,5,4,5,13,4,4,9,4,5,2,16,1,67,2,9,4,1,7,5,8,20,2,11,80,1,21,121.5927539,25.0684598
114,06,20,14,30,2,12內湖區,內湖區民權東路6段191巷20弄與民權東路6段191巷口,0,0,1,1,B03,8,7,5,40,3,1,1,5,4,5,13,4,4,5,5,5,2,12,1,66,3,10,7,1,7,11,1,8,1,8,10,1,21,121.5978895,25.0681456
114,06,20,14,43,2,07信義區,信義區崇德街與嘉興街口口,0,0,2,1,C03,8,6,5,50,4,1,1,5,4,5,13,2,1,5,5,5,2,16,1,70,2,7,6,1,7,5,1,10,1,11,71,1,26,121.555549,25.0241538