發生年度,發生月,發生日,發生時-Hours,發生分,處理別-編號,區序,肇事地點,死亡人數,2-30日死亡人數,受傷人數,當事人序號,車種,天候,光線,道路類別,速限-速度限制,道路型態,事故位置,路面狀況1,路面狀況2,路面狀況3,道路障礙1,道路障礙2,號誌1,號誌2,車道劃分-分向,車道劃分-分道1,車道劃分-分道2,車道劃分-分道3,事故類型及型態,性別,年齡,受傷程度,主要傷處,保護裝置,行動電話,車輛用途,當事者行動狀態,駕駛資格情形,駕駛執照種類,飲酒情形,車輛撞擊部位1,肇因碼-個別,個人肇逃否,職業,座標-X,座標-Y
114,06,22,16,55,2,05中正區,中正區汀州路1段與西藏路口口,0,0,2,1,C04,8,6,5,50,4,1,1,5,4,5,13,1,1,5,5,5,1,16,2,45,2,8,6,1,7,5,1,8,2,11,8,1,21,121.5068351,25.0309453
114,06,22,17,24,2,05中正區,中正區師大路與汀州路2段口,0,0,1,1,B01,8,6,5,50,5,1,1,5,4,5,13,1,1,1,4,4,2,13,1,44,3,10,7,1,7,6,1,4,1,5,16,1,21,121.5252205,25.0212291
114,06,22,17,32,2,09北投區,北投區中央北路3段與中央北路3段92巷口,0,0,1,1,B03,8,5,5,50,4,1,1,5,4,5,13,4,4,9,5,5,2,13,1,63,3,10,3,4,7,9,1,8,2,5,108,1,22,121.4843163,25.1377421
114,06,22,18,22,2,04大安區,大安區忠孝東路4段與復興南路1段口,0,0,1,1,B01,8,5,5,50,4,2,1,5,4,5,13,2,1,1,4,1,2,17,1,47,3,10,7,1,7,9,1,4,1,1,16,1,21,121.5436882,25.0419409
114,06,22,19,03,2,07信義區,信義區忠孝東路5段423巷與無名巷口,0,0,2,1,C03,7,5,5,30,4,1,1,5,4,5,13,2,1,8,3,5,2,17,1,22,2,7,3,4,7,15,1,10,1,11,71,1,21,121.5753999,25.0408099
114,06,22,19,28,2,11南港區,南港區東新街108巷20號對面,0,0,1,1,F01,8,5,5,30,14,9,1,5,4,5,13,4,4,5,2,5,2,12,1,12,2,9,4,1,7,9,8,20,11,12,44,1,22,121.5879245,25.0454519
114,06,22,20,03,2,03中山區,中山區民族東路與濱江街180巷口,0,0,2,1,C03,8,5,5,50,4,1,1,5,4,5,13,2,1,10,5,5,2,13,2,31,2,7,6,1,7,9,3,18,9,11,16,1,21,121.5381255,25.06820975
114,06,22,20,20,2,12內湖區,內湖區康寧路3段與東湖路口,0,0,2,1,C03,7,5,5,50,4,1,1,5,4,5,13,1,1,1,4,5,2,16,2,19,2,8,5,1,7,6,1,10,1,14,74,1,21,121.6120561,25.0689773
114,06,22,20,40,2,04大安區,大安區新生南路3段與新生南路3段98巷口,0,0,1,1,C03,7,5,5,50,14,9,1,5,4,5,13,4,4,1,4,5,1,18,2,55,2,9,3,4,7,9,1,10,1,12,42,1,22,121.5334899,25.0170856
114,06,22,20,44,2,12內湖區,內湖區民權東路6段26號,0,0,1,1,C03,8,5,5,50,14,9,1,5,4,5,13,4,4,1,5,5,2,13,1,19,2,9,6,1,7,9,1,10,2,11,16,1,21,121.5791233,25.0668244
114,06,22,21,05,2,10文山區,文山區木新路3段與一壽街口口,0,0,1,1,B03,8,5,5,50,3,1,1,5,4,5,13,2,1,5,4,5,1,16,1,36,3,10,7,1,7,6,1,8,1,2,9,1,21,121.5563777,24.980546
114,06,22,21,09,2,12內湖區,內湖區江南街與江南街65巷口口,0,0,1,1,B03,8,5,5,50,4,2,1,5,4,5,13,1,1,5,5,5,2,17,1,42,3,10,7,1,7,13,1,8,2,8,40,1,21,121.5777174,25.0775103
114,06,22,22,22,2,06松山區,松山區北寧路與北寧路60巷口口,0,0,1,1,B03,8,5,5,50,3,2,1,5,4,5,13,4,4,8,4,5,2,12,1,47,3,10,7,1,7,11,1,8,1,4,10,1,21,121.5526936,25.0508297
114,06,22,22,30,2,09北投區,北投區承德路7段與大度路口,0,0,1,1,B03,8,5,5,50,5,2,1,5,4,5,13,4,4,5,2,3,1,17,1,38,3,10,3,4,7,6,1,8,2,6,9,1,21,121.4990469,25.1213379
114,06,22,23,02,2,04大安區,大安區羅斯福路4段與基隆路4段口,0,0,1,1,B11,7,5,5,50,5,1,1,5,4,5,13,4,4,10,4,5,2,17,1,26,3,10,3,4,7,9,7,19,9,17,30,1,22,121.5373663,25.0112427
114,06,23,05,16,2,10文山區,文山區和平東路4段030電桿旁,0,0,1,1,C03,8,5,5,40,11,9,1,2,4,5,13,4,4,5,5,5,1,18,2,58,2,9,3,4,7,9,1,10,9,12,44,1,21,121.5719568,25.001803
114,06,23,06,52,2,07信義區,信義區吳興街394巷與吳興街320巷口,0,0,1,1,B03,8,7,5,30,3,2,1,5,4,5,13,4,4,10,5,5,2,10,1,53,3,10,3,4,7,9,1,8,1,5,44,1,21,121.5651446,25.0249449
114,06,23,07,33,2,04大安區,大安區仁愛路3段123巷26弄與仁愛路3段123巷口,0,0,1,1,B03,7,6,5,30,4,2,1,5,4,5,13,4,4,10,5,5,2,12,1,52,3,10,3,4,7,9,1,8,1,8,5,1,22,121.541981,25.0389535
114,06,23,07,51,2,05中正區,中正區市民大道2段與林森北路口,0,0,1,1,B03,8,5,5,40,14,6,1,5,4,5,13,4,4,9,4,5,2,17,2,48,3,10,7,1,7,5,1,8,1,8,8,1,21,121.5237404,25.0477718
114,06,23,07,56,2,05中正區,中正區汀州路2段與金門街12巷23弄口口,0,0,2,1,C03,8,6,5,30,4,1,1,5,4,5,13,4,4,5,5,5,1,3,2,45,2,8,6,1,7,9,1,10,2,11,70,1,28,121.5234912,25.0226458
114,06,23,08,00,2,05中正區,中正區重慶北路1段與北平西路口旁,0,0,1,1,C03,8,5,5,30,4,2,1,5,4,5,13,2,1,1,4,5,2,12,1,61,2,7,5,1,7,9,1,10,1,14,17,1,21,121.5134229,25.048508
114,06,23,08,01,2,09北投區,北投區明德路與榮華二路口,0,0,1,1,B03,8,7,5,30,3,1,1,5,4,5,13,3,1,5,5,5,2,1,1,70,3,10,7,1,7,5,1,6,9,1,70,1,22,121.5221304,25.1136134
114,06,23,08,10,2,06松山區,松山區八德路4段453巷與八德路4段口,0,0,1,1,B03,8,7,5,50,4,1,1,5,4,5,13,1,1,9,4,5,2,17,1,40,3,10,7,1,7,5,1,8,2,5,71,1,21,121.5706461,25.0498909
114,06,23,08,10,2,09北投區,北投區大度路1208553號燈桿,0,0,2,1,C03,8,6,5,50,14,12,1,5,4,5,13,4,4,1,4,1,1,13,2,36,2,8,6,1,7,9,1,10,1,11,108,1,21,121.4876355,25.1217159
114,06,23,08,20,2,04大安區,大安區基隆路2段與和平東路3段口口,0,0,1,1,B03,8,6,5,50,4,1,1,5,4,5,13,2,1,1,4,5,2,16,2,56,3,10,3,4,7,6,1,8,1,2,9,1,22,121.5532817,25.0249349
114,06,23,08,40,2,08士林區,士林區文林路與德行西路口,0,0,2,1,,7,6,5,50,4,1,1,5,4,5,13,1,1,1,4,4,1,16,4,0,,,,,,,,,11,,119,2,,121.5194968,25.1032305
114,06,23,08,44,2,05中正區,中正區羅斯福路2段168號,0,0,1,1,C03,8,7,5,50,14,9,1,5,4,5,13,4,4,1,4,5,2,12,2,39,2,9,5,4,7,1,1,10,9,11,19,1,21,121.5235039,25.0254051
114,06,23,08,45,2,02萬華區,萬華區中興橋,0,0,1,1,C03,8,5,7,40,8,16,1,5,4,5,13,4,4,10,4,5,2,17,1,25,3,10,5,4,7,9,1,10,1,11,16,1,21,121.5003895,25.04261126
114,06,23,08,50,2,04大安區,大安區信義路3段31巷與新生南路1段157巷口,0,0,2,1,C03,8,6,5,30,4,1,1,5,4,5,13,4,4,10,5,5,2,15,2,28,2,9,6,4,7,9,1,10,1,11,72,1,22,121.5346242,25.0349795
114,06,23,08,59,2,06松山區,松山區市民大道4段與光復南路32巷16弄口,0,0,1,1,B01,7,6,5,40,3,2,1,5,4,5,13,4,4,1,3,5,2,17,1,44,3,10,7,1,7,6,1,4,1,2,44,1,21,121.5567038,25.0450387
114,06,23,09,14,2,01大同區,大同區鄭州路與塔城街口,0,0,1,1,C03,8,6,5,40,4,1,1,5,4,5,13,1,1,1,4,5,2,17,2,29,2,9,6,1,7,7,1,10,1,12,100,1,21,121.5106445,25.0502623
114,06,23,09,24,2,04大安區,大安區仁愛路3段與新生南路1段口,0,0,1,1,B12,8,7,5,50,4,2,1,5,4,5,13,2,1,8,3,3,1,12,1,62,3,10,7,1,7,7,1,8,1,5,100,1,26,121.5329519,25.0382439
114,06,23,09,30,2,11南港區,南港區研究院路3段與研究院路3段25巷口,0,0,1,1,A04,8,7,5,50,3,1,1,5,4,5,13,4,4,5,4,5,2,9,1,64,3,10,7,1,7,12,1,2,1,17,44,1,21,121.6164241,25.0350778
114,06,23,09,34,2,09北投區,北投區福善路與河美街口,0,0,1,1,C03,8,5,5,30,3,2,1,5,4,5,13,4,4,7,4,5,1,17,2,18,2,9,5,1,7,5,1,10,1,12,72,1,21,121.5116056,25.0986361
114,06,23,09,35,2,12內湖區,內湖區內湖路1段91巷27號,0,0,1,1,C03,8,7,5,30,3,2,1,5,4,5,13,4,4,10,5,5,2,16,1,47,3,10,5,1,7,1,1,10,1,11,19,1,21,121.5628969,25.0870222
114,06,23,10,30,2,06松山區,松山區南京東路3段256巷與南京東路3段256巷20弄口,0,0,1,1,B03,7,6,5,30,3,2,1,5,4,5,13,4,4,10,4,5,2,17,1,33,3,10,7,1,7,5,1,8,1,4,8,1,21,121.5447328,25.0507307
114,06,23,10,30,2,08士林區,士林區士林橋與文林路594巷口,0,0,2,1,C03,7,6,5,50,4,1,1,5,4,5,13,3,1,5,5,4,2,17,1,27,2,9,3,4,7,5,1,10,9,12,8,1,21,121.5237312,25.0984844
114,06,23,10,33,2,02萬華區,萬華區忠孝西路2段與西寧南路口,0,0,1,1,B03,8,7,5,50,4,2,1,5,4,5,13,1,1,1,5,5,2,13,1,53,3,10,7,1,7,12,1,8,1,4,44,1,21,121.5074162,25.0485837
114,06,23,10,48,2,10文山區,文山區景興路282巷與景美街口,0,0,2,1,H01,8,6,5,30,4,1,1,5,4,5,13,4,4,10,5,5,2,3,2,65,2,9,4,5,8,16,8,20,10,16,121,1,21,121.5413345,24.9897967
114,06,23,11,00,2,05中正區,中正區和平西路2段102號對面植物園前,0,0,2,1,C03,8,6,5,50,14,9,1,5,4,5,13,4,4,1,4,5,1,17,1,81,3,10,6,1,7,7,1,10,1,17,100,1,21,121.5090272,25.0307046
114,06,23,11,19,2,09北投區,北投區天母西路與天母西路120巷口,0,0,1,1,B03,8,5,5,30,3,2,1,5,4,5,13,4,4,10,4,5,1,12,2,71,3,10,7,1,7,1,1,8,1,5,19,1,21,121.5228128,25.1188812
114,06,23,11,35,2,06松山區,松山區敦化北路60巷與敦化北路口,0,0,1,1,B02,8,7,5,50,3,1,1,5,4,5,13,4,4,1,4,4,2,16,2,46,3,10,7,1,7,6,1,8,1,2,9,1,26,121.5486777,25.0509908
114,06,23,11,43,2,07信義區,信義區基隆路2段131-4號,0,0,1,1,B01,7,7,5,30,14,9,1,5,4,5,13,4,4,10,4,5,2,17,1,47,3,10,3,4,7,6,1,4,1,2,17,1,21,121.5566849,25.0280211
114,06,23,11,47,2,02萬華區,萬華區環河南路1段與成都路口,0,0,1,1,B01,8,6,5,50,3,1,1,5,4,5,13,3,1,8,3,5,1,17,1,62,3,10,7,1,7,5,1,8,1,2,71,1,21,121.500849,25.0439277
114,06,23,12,18,2,11南港區,南港區成福路與玉成街口,0,0,2,1,C03,8,6,5,50,3,2,1,5,4,5,13,4,4,5,4,5,2,16,1,53,3,10,6,1,7,5,1,10,2,11,74,1,21,121.5867542,25.0430949
114,06,23,12,34,2,12內湖區,內湖區麥帥一橋內湖往松山機車道上橋處,0,0,2,1,C03,7,6,8,30,22,22,1,5,4,5,13,4,4,10,5,5,2,16,2,37,3,10,5,1,7,6,1,10,1,14,72,1,21,121.5758138,25.0543788
114,06,23,13,13,2,01大同區,大同區延平北路2段與歸綏街口,0,0,1,1,B03,8,6,5,50,4,2,1,5,4,5,13,2,1,9,4,5,2,1,2,47,3,10,7,1,7,5,1,8,1,5,70,1,21,121.5116005,25.0581326
114,06,23,14,16,2,09北投區,北投區北投路2段15號,0,0,1,1,B03,8,7,5,50,14,9,1,5,4,5,13,2,1,5,3,5,2,12,1,59,3,10,7,1,7,7,1,8,1,4,44,1,21,121.4983234,25.1316347
114,06,23,14,53,2,07信義區,信義區莊敬路446號,0,0,1,1,F01,6,6,8,0,22,25,4,4,4,5,13,4,4,10,5,5,2,18,2,62,2,8,4,1,7,9,8,20,2,11,42,1,21,121.5672655,25.0268839
114,06,23,15,09,2,02萬華區,萬華區堤外便道北往南（燈桿龍山012）,0,0,1,1,C03,7,7,7,40,14,11,1,5,4,5,13,4,4,8,3,5,2,12,1,40,3,10,5,1,7,9,1,10,1,12,108,1,21,121.4972918,25.0400182
114,06,23,15,56,2,03中山區,中山區中山北路3段與新生高架道口橋下,0,0,1,1,C03,7,7,5,50,5,1,1,4,4,5,13,4,4,9,5,5,2,13,1,26,2,9,5,4,7,7,1,10,2,14,100,1,22,121.5242303,25.07231289
114,06,23,16,05,2,06松山區,松山區三民路與南京東路5段口,0,0,1,1,C03,6,6,5,50,4,1,1,4,4,5,13,1,1,1,4,4,2,17,2,26,2,9,6,1,7,5,1,10,1,14,96,1,22,121.5636572,25.0514188
114,06,23,16,10,2,07信義區,信義區基隆路2段與和平東路3段口,0,0,1,1,B03,6,6,5,50,4,2,1,4,4,5,13,2,1,1,4,5,2,13,1,37,3,10,7,1,7,1,1,8,2,1,44,1,21,121.5528533,25.0246451
114,06,23,16,15,2,06松山區,松山區延壽街402巷2弄與延壽街424巷口,0,0,1,1,F01,6,6,5,30,4,1,1,4,4,5,13,4,4,10,5,5,2,15,1,14,2,9,4,1,7,9,8,20,2,11,4,1,15,121.5565268,25.0557608
114,06,23,16,20,2,06松山區,松山區敦化北路131號,0,0,1,1,H01,6,6,5,0,14,20,4,4,4,5,13,4,4,10,5,5,2,9,2,68,3,10,4,5,8,16,8,20,10,16,67,1,21,121.5492697,25.0526286
114,06,23,16,26,2,03中山區,中山區北安路554巷47號,0,0,1,1,C03,6,7,5,50,14,9,1,4,4,5,13,2,1,5,5,5,2,12,2,48,2,8,6,1,7,7,1,10,1,12,100,1,21,121.5501185,25.0800453
114,06,23,16,42,2,04大安區,大安區和平東路3段與和平東路3段70巷口,0,0,1,1,C03,7,6,5,30,4,1,1,4,4,5,13,1,1,9,4,5,1,16,2,59,3,10,3,4,7,9,3,18,1,15,108,1,21,121.550296,25.0245138
114,06,23,16,57,2,04大安區,大安區敦化南路1段與敦化南路1段233巷口口,0,0,1,1,B03,8,6,5,50,4,1,1,4,4,5,13,4,4,8,3,5,1,15,2,40,3,10,3,4,7,15,1,8,2,2,9,1,21,121.5496271,25.0404309
114,06,23,16,58,2,05中正區,中正區濟南路1段與紹興南街口,0,0,1,1,B03,6,5,5,50,4,2,1,4,4,5,13,1,1,9,4,4,2,17,2,50,3,10,7,1,7,11,1,8,1,2,98,1,21,121.5243795,25.04201892
114,06,23,17,10,2,05中正區,中正區徐州路5號,0,0,1,1,B01,7,5,5,50,14,9,1,4,4,5,13,4,4,9,4,4,2,17,1,69,3,10,7,1,7,15,1,4,2,17,42,1,21,121.5202809,25.0414756
114,06,23,17,32,2,02萬華區,萬華區莒光路315號,0,0,1,1,C03,8,7,5,0,22,20,1,5,4,5,13,4,4,10,5,5,2,8,2,44,3,10,5,1,7,1,1,10,1,11,116,1,21,121.4981027,25.0310035
114,06,23,17,33,2,03中山區,中山區北安路111號,0,0,1,1,B03,8,7,5,50,14,10,1,5,4,5,13,4,4,3,4,5,2,17,1,36,3,10,7,1,7,1,1,8,2,4,19,1,21,121.5313842,25.0782273
114,06,23,18,05,2,07信義區,信義區莊敬路303號,0,0,2,1,C04,7,6,5,50,14,7,1,5,4,5,13,4,4,9,4,4,2,17,1,41,2,8,3,1,7,9,1,9,1,11,44,1,22,121.5632534,25.0283473
114,06,23,18,30,2,06松山區,松山區民權東路3段與敦化北路口,0,0,2,1,C03,8,5,5,50,4,1,1,5,4,5,13,1,1,1,4,5,2,16,1,22,2,8,6,1,7,9,1,10,1,11,5,1,22,121.5505243,25.0614198
114,06,23,18,50,2,01大同區,大同區鄭州路與西寧北路口,0,0,1,1,B03,8,5,5,50,4,1,1,5,4,5,13,2,1,5,4,5,2,13,1,30,3,10,7,1,7,9,1,8,1,1,108,1,21,121.5075523,25.0508165
114,06,23,19,26,2,05中正區,中正區汀州路1段與泉州街口,0,0,2,1,C03,8,5,5,50,4,2,1,5,4,5,13,1,1,5,5,5,2,17,2,46,2,9,5,1,7,5,1,10,1,12,71,1,22,121.5137446,25.0263073
114,06,23,20,26,2,07信義區,信義區松仁路與松仁路202巷口,0,0,1,1,C03,7,5,5,30,3,1,1,5,4,5,13,4,4,8,3,4,2,16,1,31,3,10,6,1,7,5,1,10,1,11,72,1,21,121.5683238,25.027293
114,06,23,21,14,2,03中山區,中山區大直街與北安路口,0,0,1,1,C03,7,5,5,50,5,1,1,5,4,5,13,1,1,5,4,5,2,16,1,22,2,9,3,4,7,5,1,10,1,14,96,1,21,121.5472248,25.0799136
114,06,23,23,06,2,01大同區,大同區台北橋機慢車道7010743號燈桿附近,0,0,2,1,C03,8,5,5,40,10,11,1,5,4,5,13,4,4,9,4,5,2,13,2,41,3,10,6,1,7,15,1,10,2,17,30,1,22,121.5098202,25.0630746
114,06,23,23,51,2,03中山區,中山區中山北路2段92號,0,0,2,1,A05,7,5,5,50,14,9,5,5,4,5,13,4,4,10,5,5,2,29,1,60,3,10,7,1,7,15,1,7,2,2,108,1,21,121.5227208,25.0583927
114,06,24,01,37,2,05中正區,中正區中山南路與仁愛路1段口,0,0,1,1,,8,6,5,50,5,2,1,5,4,4,13,1,1,6,4,5,2,18,3,0,,,,,,,,,,,129,1,,121.5180075,25.0395746
114,06,24,05,31,2,07信義區,信義區吳興街與吳興街432巷口,0,0,1,1,B03,7,5,5,30,4,1,1,5,4,5,13,4,4,8,3,5,2,17,2,29,3,10,3,4,7,9,1,4,1,1,72,1,21,121.5681414,25.0242637
114,06,24,06,05,2,10文山區,文山區木柵路4段149巷32號,0,0,2,1,C03,8,6,5,30,14,9,2,5,4,5,13,4,4,10,5,5,2,17,2,67,2,9,5,1,7,9,1,10,1,11,5,1,21,121.5183568,25.04847309
114,06,24,06,09,2,08士林區,士林區承德路4段百齡高中地下停車場人行道,0,0,1,1,F01,7,5,5,0,14,20,1,5,4,5,13,4,4,10,5,5,2,18,1,42,2,9,4,1,7,9,8,20,2,12,42,1,22,121.5235079,25.0856525
114,06,24,07,15,2,08士林區,士林區延平北路6段與社中街口,0,0,1,1,C03,8,6,5,50,5,1,1,5,4,5,13,2,1,1,4,5,1,12,1,73,4,11,3,4,7,5,7,19,11,15,8,2,22,121.5180139,25.08712161
114,06,24,07,19,2,04大安區,大安區羅斯福路4段與基隆路4段口,0,0,1,1,C03,7,6,5,50,4,1,1,5,4,5,13,1,1,1,4,5,2,16,2,70,2,9,5,1,7,7,1,10,1,12,100,1,21,121.5375959,25.0112361
114,06,24,07,32,2,04大安區,大安區基隆路4段與基隆路4段73巷口,0,0,1,1,B03,8,6,5,50,3,1,1,5,4,5,13,2,1,10,5,5,2,16,2,46,3,10,3,4,7,6,1,8,1,2,9,1,22,121.5395809,25.0129984
114,06,24,07,35,2,02萬華區,萬華區萬大路187巷與萬大路187巷1弄口,0,0,1,1,C03,8,6,5,30,3,1,1,5,4,5,13,4,4,10,5,5,1,17,1,68,2,8,3,4,7,6,1,10,1,11,42,1,22,121.5009582,25.0280866
114,06,24,07,40,2,08士林區,士林區延平北路5段與中正路口,0,0,1,1,C03,8,7,5,50,4,1,1,5,4,5,13,2,1,9,4,5,1,17,1,78,3,10,5,1,7,9,1,10,2,11,108,1,21,121.5092797,25.0865896
114,06,24,07,57,2,09北投區,北投區士科路與軟橋街口,0,0,1,1,B03,7,7,5,50,3,1,1,5,4,5,13,4,4,5,4,5,2,16,1,41,3,10,7,1,7,5,1,4,1,5,74,1,21,121.5150538,25.0997612
114,06,24,07,59,2,01大同區,大同區重慶北路2段與南京西路口,0,0,1,1,B03,8,6,5,50,5,2,1,5,4,5,13,2,1,1,4,5,2,17,1,49,3,10,7,1,7,7,7,19,11,17,100,2,21,121.5142507,25.0542744
114,06,24,08,04,2,11南港區,南港區東新街97-2號,0,0,1,1,C03,8,6,5,50,14,9,1,5,4,5,13,4,4,5,5,5,2,13,1,20,2,9,6,1,7,9,1,10,1,11,108,1,21,121.589345,25.0465892
114,06,24,08,08,2,04大安區,大安區信義路4段與敦化南路1段口,0,0,3,1,C03,8,6,5,50,4,1,1,5,4,5,13,2,1,1,5,5,2,16,1,59,2,9,6,1,7,5,1,9,1,13,8,1,21,121.5489938,25.03338
114,06,24,08,14,2,09北投區,北投區承德路6段與文承路口口,0,0,2,1,C03,8,6,5,60,3,1,1,5,4,5,13,1,1,1,4,4,2,13,1,56,2,9,5,1,7,9,1,10,1,11,16,1,21,121.5118052,25.1050554
114,06,24,08,14,2,07信義區,信義區和平東路3段與和平東路3段463巷口,0,0,1,1,B03,8,6,5,50,3,2,1,5,4,5,13,3,1,1,4,5,1,13,2,65,3,10,3,4,7,7,1,8,1,1,100,1,22,121.5591165,25.0183754
114,06,24,08,15,2,04大安區,大安區麗水街與金華街199巷3弄口口,0,0,1,1,B03,8,6,5,30,5,1,1,5,4,5,13,4,4,9,5,5,2,17,1,36,3,10,3,4,7,1,1,8,9,17,19,1,21,121.5286216,25.03064348
114,06,24,08,20,2,08士林區,士林區重慶北路4段與重慶北路4段190巷口口,0,0,1,1,B03,8,6,5,40,3,1,1,5,4,5,13,4,4,1,3,4,1,12,2,47,3,10,7,1,7,6,1,8,1,2,9,1,21,121.5118312,25.0847687
114,06,24,08,23,2,09北投區,北投區陽明路1段與建國街口教師中心公車站,0,0,1,1,C03,8,5,5,40,3,2,1,5,4,5,13,1,1,7,4,5,1,17,2,28,2,9,5,1,7,9,1,10,1,14,44,1,21,121.5494449,25.1495943
114,06,24,08,25,2,03中山區,中山區龍江路與龍江路356巷口,0,0,1,1,B03,8,6,5,50,4,2,1,5,4,5,13,2,1,5,5,5,2,16,1,61,3,10,7,1,7,6,1,8,1,2,17,1,21,121.5409408,25.0661148
114,06,24,08,25,2,08士林區,士林區通河東街2段10巷5弄與無名巷口,0,0,1,1,C03,8,6,5,30,4,1,1,5,4,5,13,4,4,10,5,5,1,15,1,18,3,10,6,1,7,9,1,10,1,11,72,1,21,121.5181808,25.08708572
114,06,24,08,29,2,07信義區,信義區松平路99巷與松勤街口,0,0,1,1,B03,8,7,5,30,3,1,1,5,4,5,13,4,4,10,5,5,2,16,1,48,3,10,3,4,7,6,1,8,2,1,72,1,21,121.5676885,25.0318855
114,06,24,08,59,2,09北投區,北投區復興三路512巷16弄50號,0,0,1,1,B03,7,7,5,30,14,9,1,5,4,5,13,4,4,10,5,5,1,10,1,60,3,10,7,1,7,9,1,8,1,8,5,1,21,121.4986675,25.1614555
114,06,24,09,00,2,05中正區,中正區博愛路168號,0,0,3,1,C03,8,5,5,50,14,9,1,5,4,5,13,4,4,9,5,5,2,17,1,61,2,8,6,1,7,7,1,10,1,13,100,1,21,121.5112815,25.0399275
114,06,24,09,21,2,03中山區,中山區民族東路與龍江路口,0,0,1,1,B01,8,6,5,50,4,1,1,5,4,5,13,1,1,1,4,5,2,16,1,64,3,10,7,1,7,5,1,4,1,6,74,1,21,121.5409987,25.0680463
114,06,24,09,25,2,05中正區,中正區和平西路2段102號對面,0,0,1,1,B01,8,7,5,50,14,9,1,5,4,5,13,4,4,3,4,5,2,12,1,68,3,10,7,1,7,7,1,4,1,2,100,1,21,121.5086239,25.0309369
114,06,24,09,25,2,08士林區,士林區至善路1段與至善路1段138巷口,0,0,1,1,C03,8,7,5,50,14,7,1,5,4,5,13,1,1,1,5,5,2,13,1,73,2,1,6,1,7,9,1,10,1,11,16,1,21,121.5398368,25.09733778
114,06,24,09,37,2,04大安區,大安區基隆路2段176號,0,0,1,1,C03,8,6,5,50,14,9,1,5,4,5,13,4,4,1,4,5,2,16,1,59,3,10,6,4,7,8,1,10,1,12,17,1,22,121.5537391,25.025531
114,06,24,09,40,2,12內湖區,內湖區民權大橋西向東,0,0,1,1,C03,7,6,5,40,14,11,1,5,4,4,13,4,4,1,4,4,1,24,1,65,2,9,5,1,7,9,1,10,1,14,108,1,21,121.5698336,25.0639255
114,06,24,10,10,2,08士林區,士林區德行東路331巷51弄與士東路286巷口,0,0,2,1,C04,8,7,5,30,4,1,1,5,4,5,13,4,4,7,1,5,1,15,2,61,2,9,5,1,7,9,1,11,1,14,72,1,21,121.5374568,25.11223287
114,06,24,10,20,2,06松山區,松山區光復北路與南京東路5段23巷7弄口,0,0,1,1,B01,8,6,5,50,4,1,1,5,4,5,13,4,4,5,4,5,2,16,1,60,3,10,7,1,7,8,1,4,1,8,100,1,22,121.5571095,25.0523347
114,06,24,10,24,2,12內湖區,內湖區潭美街558號對面,0,0,1,1,C03,8,7,5,40,14,9,1,4,3,5,13,4,4,9,4,5,2,12,2,34,2,9,6,1,7,9,1,10,1,14,44,1,21,121.5991882,25.0607318
114,06,24,11,59,2,07信義區,信義區和平東路3段565號,0,0,1,1,F01,8,7,5,40,14,9,1,5,4,5,13,4,4,5,4,5,1,16,2,61,2,9,4,1,7,5,8,20,1,12,80,1,21,121.561707,25.0150714
114,06,24,12,25,2,02萬華區,萬華區中華路2段與廣州街口,0,0,1,1,B01,8,5,8,50,22,22,1,5,4,5,13,1,1,10,5,5,2,17,1,64,3,10,3,4,7,7,1,4,1,6,100,1,21,121.5063632,25.0359602
114,06,24,12,50,2,03中山區,中山區北安路476號,0,0,1,1,C03,8,7,5,50,14,9,1,5,4,5,13,4,4,9,4,5,2,17,1,55,3,10,5,1,7,9,1,10,1,14,17,1,21,121.5444837,25.07940814
114,06,24,13,39,2,09北投區,北投區杏林二路與杏林二路60巷口,0,0,2,1,C03,8,7,5,30,4,1,1,5,4,5,13,4,4,10,5,5,2,16,1,62,2,9,5,1,7,5,1,9,1,11,72,1,21,121.4970292,25.1423709
114,06,24,14,17,2,04大安區,大安區和平東路2段與建國南路2段口,0,0,1,1,F01,8,6,5,50,4,1,1,5,4,5,13,1,1,1,4,5,2,15,1,76,2,9,4,1,7,9,8,20,1,14,81,1,21,121.5379955,25.0255859
114,06,24,14,21,2,03中山區,中山區錦西街與民生西路3巷口,0,0,1,1,B01,8,7,5,30,4,1,1,5,4,5,13,4,4,5,2,5,2,17,1,64,3,10,7,1,7,9,1,4,1,1,72,1,21,121.521858,25.0603598
114,06,24,14,36,2,08士林區,士林區中正路與中正路口迴轉道,0,0,1,1,B03,8,6,5,50,3,2,1,5,4,5,13,4,4,10,3,5,1,16,1,42,3,10,7,1,7,9,1,8,1,1,44,1,21,121.5096006,25.0867059
114,06,24,14,56,2,08士林區,士林區承德路5段與士商路口,0,0,1,1,B02,7,6,5,50,4,2,1,5,4,5,13,1,1,3,4,5,1,16,2,28,3,10,3,4,7,6,1,8,1,2,9,1,21,121.514232,25.0960451
114,06,24,15,37,2,06松山區,松山區健康路208號,0,0,1,1,B11,8,6,5,40,14,8,1,5,4,5,13,2,1,1,3,4,2,17,1,53,3,10,7,1,7,13,1,4,1,4,40,1,21,121.560451,25.0538804
114,06,24,15,43,2,12內湖區,內湖區民權東路6段191巷62弄與民權東路6段175巷口,0,0,1,1,B03,8,7,5,30,3,1,1,5,4,5,13,4,4,10,5,5,2,16,2,58,3,10,7,1,7,5,1,8,2,4,8,1,21,121.5972004,25.0696248