發生年度,發生月,發生日,發生時-Hours,發生分,處理別-編號,區序,肇事地點,死亡人數,2-30日死亡人數,受傷人數,當事人序號,車種,天候,光線,道路類別,速限-速度限制,道路型態,事故位置,路面狀況1,路面狀況2,路面狀況3,道路障礙1,道路障礙2,號誌1,號誌2,車道劃分-分向,車道劃分-分道1,車道劃分-分道2,車道劃分-分道3,事故類型及型態,性別,年齡,受傷程度,主要傷處,保護裝置,行動電話,車輛用途,當事者行動狀態,駕駛資格情形,駕駛執照種類,飲酒情形,車輛撞擊部位1,肇因碼-個別,個人肇逃否,職業,座標-X,座標-Y
114,06,27,23,57,2,12內湖區,內湖區內湖路3段18巷與金龍路口,0,0,1,1,G06,7,5,5,30,4,1,1,5,4,5,13,4,4,9,5,4,2,16,2,15,2,9,2,1,7,1,8,20,2,16,19,1,21,121.593024,25.0848946
114,06,28,00,53,2,07信義區,信義區信義路4段與信義路4段450巷口,0,0,1,1,B03,7,5,5,50,3,2,1,5,4,5,13,2,1,1,3,5,2,17,1,29,3,10,7,1,7,6,1,8,2,5,9,1,22,121.5574779,25.0329872
114,06,28,01,00,2,01大同區,大同區台北橋機慢車道往台北第282523號燈桿,0,0,3,1,C03,8,5,7,40,14,11,1,5,4,5,13,4,4,1,4,5,1,17,1,64,2,9,5,1,7,8,3,18,1,13,80,1,21,121.5086831,25.0632699
114,06,28,01,08,2,04大安區,大安區基隆路2段與臨江街口,0,0,1,1,C03,7,5,5,50,3,1,1,5,4,5,13,4,4,3,4,5,2,12,2,56,2,7,6,4,7,7,1,10,1,12,100,1,21,121.5573334,25.0294059
114,06,28,01,32,2,03中山區,中山區南京東路1段132巷8號,0,0,1,1,B01,7,5,5,30,14,9,1,5,4,5,13,4,4,10,5,5,2,2,4,0,,,,,,,,,11,,119,2,,121.527031,25.05113824
114,06,28,02,40,2,03中山區,中山區民權東路2段與新生北路2段口,0,0,1,1,B01,8,5,5,50,5,1,1,5,4,5,13,1,1,1,4,5,2,11,1,48,3,10,7,1,7,5,1,4,2,6,98,1,21,121.5278881,25.0626989
114,06,28,03,55,2,08士林區,士林區至善路1段至善公園旁,0,0,1,1,C03,8,5,5,40,14,8,1,5,4,5,13,4,4,1,4,4,2,18,2,49,2,9,3,4,7,9,3,18,2,12,44,1,21,121.5384508,25.0979237
114,06,28,05,54,2,08士林區,士林區至誠路1段與雨農橋口,0,0,1,1,A05,8,6,5,50,3,2,1,5,4,5,13,2,1,1,4,5,1,17,1,61,3,10,7,1,7,5,1,2,11,17,42,2,21,121.5329118,25.1015071
114,06,28,07,21,2,02萬華區,萬華區西園路2段與西藏路口,0,0,1,1,,8,6,5,50,4,1,1,5,4,5,13,1,1,8,3,5,1,17,4,0,,,,,,,,,11,,119,2,,121.4955468,25.0285952
114,06,28,07,30,2,02萬華區,萬華區忠孝西路2段與昆明街口,0,0,1,1,B03,8,7,5,30,4,1,1,5,4,5,13,1,1,9,5,5,2,15,1,65,3,10,7,1,7,9,1,8,1,2,81,1,21,121.506477,25.0487494
114,06,28,08,03,2,08士林區,士林區延平北路7段106巷延平河濱NO.288燈桿,0,0,1,1,C03,8,6,5,40,14,9,1,5,4,5,13,4,4,10,5,5,1,17,1,32,2,9,5,1,7,9,1,10,2,14,5,1,21,121.497223,25.09683404
114,06,28,08,40,2,03中山區,中山區大佳河濱公園與大佳河濱公園口東往西,0,0,1,1,B03,7,7,5,50,3,1,5,5,4,5,13,4,4,10,5,5,2,17,1,71,3,10,7,1,7,6,1,8,2,5,9,1,21,121.5466514,25.0733916
114,06,28,08,44,2,02萬華區,萬華區青年路68巷與青年路口,0,0,1,1,C03,8,6,5,30,3,1,1,5,4,5,13,2,1,9,4,5,1,17,2,69,3,10,5,1,7,9,1,10,1,11,108,1,21,121.5028174,25.02369
114,06,28,09,44,2,03中山區,中山區建國北路3段113巷與民族東路口,0,0,2,1,B03,8,5,5,50,3,1,1,5,4,5,13,1,1,5,5,5,2,16,2,67,3,10,3,4,7,6,1,8,1,2,9,1,21,121.5358845,25.06818749
114,06,28,09,48,2,09北投區,北投區磺港路146號,0,0,1,1,,7,7,5,0,14,9,1,5,4,1,13,4,4,10,5,5,2,18,3,41,,,,,,,,,,,67,1,,121.5030321,25.1290605
114,06,28,10,13,2,05中正區,中正區中山南路與愛國東路口,0,0,1,1,C03,8,7,5,50,11,9,1,5,4,5,13,4,4,1,4,5,2,13,1,25,2,9,5,1,7,9,1,9,1,11,108,1,21,121.516702,25.0353485
114,06,28,10,16,2,05中正區,中正區中山南路與愛國東路口,0,0,1,1,C03,8,5,5,50,4,2,1,5,4,5,13,2,1,1,5,1,2,12,1,25,2,9,5,1,7,9,1,10,1,14,108,1,21,121.5167115,25.0354188
114,06,28,10,30,2,05中正區,中正區重慶北路1段與鄭州路口,0,0,2,1,C03,8,6,5,40,4,2,1,5,4,5,13,1,1,6,4,1,2,12,1,24,2,9,5,1,7,1,1,10,1,14,19,1,22,121.5135819,25.0492364
114,06,28,10,51,2,10文山區,文山區溪口街32-1號,0,0,1,1,C03,8,6,5,50,14,9,1,5,4,5,13,4,4,10,5,5,2,17,1,66,2,9,5,1,7,12,1,10,2,11,42,1,21,121.540099,24.9947853
114,06,28,11,09,2,08士林區,士林區社中街與延平北路6段258巷口,0,0,2,1,C03,8,6,5,50,3,2,1,5,4,5,13,4,4,5,5,5,2,17,1,47,2,7,6,1,7,9,1,10,1,12,118,1,21,121.5027822,25.0919451
114,06,28,11,18,2,02萬華區,萬華區堤外便道南往北（華中-長順）（燈桿華中433）,0,0,2,1,C03,8,7,5,40,14,9,1,5,4,5,13,4,4,10,5,5,2,13,1,23,2,9,5,1,7,4,1,10,1,11,108,1,21,121.5071458,25.03516681
114,06,28,11,23,2,08士林區,士林區故宮路往南1101852燈桿前,0,0,1,1,B03,7,7,5,50,14,9,1,5,4,5,13,4,4,1,3,5,2,12,2,76,3,10,3,4,7,7,1,8,2,2,100,1,22,121.5484749,25.0954951
114,06,28,11,28,2,01大同區,大同區環河北路1段349號,0,0,2,1,B03,8,6,5,50,14,9,1,5,4,5,13,4,4,1,4,5,2,17,1,45,3,10,7,4,7,9,1,8,1,2,17,1,21,121.5086205,25.0607413
114,06,28,11,30,2,03中山區,中山區長安東路2段189之6號公車站,0,0,1,1,A02,8,6,5,50,14,9,1,5,4,5,13,4,4,9,3,5,1,9,1,47,3,10,7,1,7,14,1,2,9,17,44,1,21,121.5425674,25.048351
114,06,28,11,31,2,07信義區,信義區市民大道5段44號,0,0,2,1,C03,8,6,5,40,14,9,1,5,4,5,13,4,4,1,1,4,2,13,2,23,2,9,6,1,7,9,1,10,9,11,118,1,21,121.5675868,25.03285526
114,06,28,11,49,2,09北投區,北投區大度路1208546號燈桿,0,0,1,1,A12,8,7,5,70,14,9,1,5,4,5,13,4,4,1,4,1,2,13,1,52,3,10,7,1,7,9,1,7,1,1,16,1,21,121.4887067,25.1217428
114,06,28,12,00,2,10文山區,文山區興隆路3段與萬芳路口,0,0,1,1,C03,8,6,5,50,4,1,1,5,4,5,13,2,1,1,2,5,2,12,2,68,2,9,6,1,7,8,1,10,2,14,100,1,21,121.5598479,24.9968042
114,06,28,12,04,2,01大同區,大同區重慶北路1段與長安西路口,0,0,1,1,B01,8,6,5,50,4,1,1,5,4,5,13,1,1,1,4,5,2,17,1,63,3,10,7,1,7,5,1,4,1,2,71,1,21,121.5139735,25.051573
114,06,28,12,16,2,01大同區,大同區民權西路245巷與延平北路3段18巷口,0,0,2,1,C03,8,6,5,30,4,1,1,5,4,5,13,4,4,10,5,5,2,15,1,26,2,9,6,4,7,9,1,10,2,14,72,1,21,121.5103491,25.0639451
114,06,28,13,22,2,07信義區,信義區忠孝東路4段553巷6弄2號,0,0,1,1,B01,7,6,5,50,14,9,1,5,4,5,13,4,4,8,5,5,2,12,1,48,3,10,7,1,7,13,1,4,1,4,40,1,21,121.562776,25.0421918
114,06,28,13,23,2,08士林區,士林區延平北路7段與延平北路7段106巷口,0,0,2,1,C03,8,6,5,30,3,1,1,5,4,5,13,4,4,5,5,5,2,16,1,27,2,9,6,1,7,5,1,10,1,14,74,1,21,121.497575,25.0966154
114,06,28,13,39,2,03中山區,中山區南京東路3段與復興北路口,0,0,2,1,C03,8,7,5,50,4,4,5,5,4,5,13,4,4,10,5,5,2,13,1,65,2,9,5,1,7,9,1,10,2,11,108,1,21,121.5476419,25.04814352
114,06,28,13,39,2,05中正區,中正區汀州路3段與汀州路3段24巷口口,0,0,2,1,B03,8,6,5,50,3,1,1,5,4,5,13,4,4,5,5,5,1,17,1,61,3,10,7,1,7,6,1,8,2,2,9,1,21,121.5288314,25.0173112
114,06,28,14,48,2,12內湖區,內湖區文德路210巷30弄與陽光街92巷口,0,0,1,1,C03,8,6,5,30,4,1,1,5,4,5,13,4,4,5,5,5,2,15,1,58,2,9,5,1,7,9,1,10,1,12,72,1,21,121.5852494,25.076489
114,06,28,15,32,2,09北投區,北投區光明路182號,0,0,2,1,C03,8,7,5,50,14,9,1,5,4,5,13,1,1,9,4,5,2,13,1,58,2,9,3,4,7,9,1,10,7,11,21,1,21,121.5032617,25.1357797
114,06,28,15,38,2,05中正區,中正區杭州南路1段與忠孝東路1段口,0,0,1,1,C03,7,5,5,50,4,2,1,5,4,5,13,2,1,3,4,5,2,13,1,25,2,9,5,1,7,9,1,9,1,11,13,1,21,121.5267304,25.0438727
114,06,28,15,50,2,07信義區,信義區忠孝東路5段47號,0,0,2,1,C03,8,6,5,50,14,9,1,5,4,5,13,1,1,1,4,5,2,13,2,29,2,8,5,1,7,9,1,10,1,11,108,1,22,121.5662656,25.0411964
114,06,28,15,59,2,02萬華區,萬華區昆明街74巷與漢口街2段90巷口,0,0,2,1,C03,8,7,5,30,4,1,1,5,4,5,13,4,4,10,5,5,2,15,1,19,2,9,5,1,7,9,1,10,1,11,14,1,21,121.5042241,25.0458075
114,06,28,16,21,2,07信義區,信義區忠孝東路4段515號,0,0,1,1,B03,7,6,5,50,14,9,1,5,4,5,13,4,4,3,3,5,2,12,1,46,3,10,7,1,7,7,1,8,1,8,100,1,21,121.5584738,25.0414243
114,06,28,16,32,2,07信義區,信義區市民大道6段與虎林街口,0,0,1,1,C03,8,6,5,40,14,9,1,5,4,5,13,1,1,1,4,5,2,13,1,55,2,8,5,1,7,9,1,10,1,11,108,1,22,121.5758028,25.0491612
114,06,28,16,35,2,12內湖區,內湖區舊宗路1段279號,0,0,1,1,A02,8,7,5,50,14,9,1,5,4,5,13,1,1,1,5,5,1,9,1,65,3,10,7,1,7,15,1,2,9,17,44,1,21,121.577015,25.0633241
114,06,28,16,36,2,06松山區,松山區新東街41-2號,0,0,2,1,C03,8,6,5,50,14,9,1,5,4,5,13,4,4,5,5,5,2,2,2,33,2,9,5,1,7,9,1,10,1,11,44,1,21,121.5655584,25.0607142
114,06,28,16,38,2,05中正區,中正區汀州路3段104巷9號,0,0,1,1,F03,7,7,5,30,14,9,1,5,4,5,13,4,4,10,5,5,2,17,1,39,3,10,5,1,7,5,8,20,11,17,8,2,22,121.5332888,25.0138417
114,06,28,17,10,2,12內湖區,內湖區環山路3段與內湖路2段103巷口,0,0,1,1,B03,7,6,5,50,3,2,1,5,4,5,13,2,1,5,4,5,2,17,2,70,3,10,7,1,7,5,1,8,1,8,71,1,21,121.5811925,25.08464005
114,06,28,17,16,2,04大安區,大安區金山南路2段與潮州街口,0,0,1,1,B03,8,6,5,50,4,2,1,5,4,5,13,2,1,5,5,5,2,17,1,68,3,10,3,4,7,11,1,8,1,17,10,1,21,121.5262478,25.0288297
114,06,28,17,32,2,12內湖區,內湖區成功交流道西南角,0,0,1,1,B03,8,6,5,50,18,9,1,5,4,5,13,2,2,1,4,5,2,17,1,81,3,10,7,1,7,7,1,8,1,2,100,1,21,121.5904646,25.06497162
114,06,28,17,50,2,04大安區,大安區建國高架道與建國高架道口往北忠孝匝道前,0,0,1,1,C02,8,7,5,70,14,9,1,5,4,5,13,4,4,1,4,5,1,17,1,46,2,9,6,1,7,8,1,9,1,11,100,1,21,121.5366894,25.0441387
114,06,28,18,08,2,02萬華區,萬華區環河南路1段與峨眉街口,0,0,2,1,B03,8,7,5,30,3,2,1,5,4,5,13,4,4,5,4,5,2,17,1,29,3,10,7,1,7,6,1,8,1,2,9,1,21,121.5015346,25.044786
114,06,28,18,17,2,03中山區,中山區吉林路與民生東路2段口,0,0,1,1,B03,7,5,5,50,5,2,1,5,4,5,13,2,1,8,1,5,1,17,1,50,4,11,3,4,7,8,7,19,11,15,100,2,22,121.5301758,25.05813828
114,06,28,18,50,2,11南港區,南港區忠孝東路7段382號,0,0,3,1,B01,7,5,5,50,14,9,1,5,4,5,13,4,4,1,4,5,2,12,1,57,3,10,7,1,7,8,1,4,1,5,108,1,21,121.60741,25.0521068
114,06,28,19,10,2,01大同區,大同區民生西路111號,0,0,1,1,C03,8,5,5,50,14,9,1,5,4,5,13,4,4,5,5,5,2,12,2,19,2,7,6,1,7,8,1,10,1,13,100,1,21,121.5188197,25.0574787
114,06,28,20,18,2,06松山區,松山區民權東路4段與富錦街107巷口,0,0,1,1,B03,8,5,5,50,3,1,1,5,4,5,13,4,4,1,2,4,2,16,1,46,3,10,7,4,7,6,1,8,2,2,9,1,21,121.5521814,25.0615153
114,06,28,20,21,2,10文山區,文山區興隆路3段112巷4弄42號,0,0,2,1,C03,8,5,5,50,14,9,1,5,4,5,10,1,1,9,5,5,2,17,1,20,2,7,6,1,7,5,1,10,2,11,8,1,25,121.5558103,24.9991344
114,06,28,20,49,2,05中正區,中正區汀州路1段與南海路口,0,0,2,1,C03,7,5,5,50,4,1,1,5,4,5,13,1,1,5,4,5,2,16,2,46,2,7,6,1,7,5,1,10,1,11,71,1,21,121.5085203,25.0289757
114,06,28,21,35,2,12內湖區,內湖區新明路298巷與新明路298巷14弄口,0,0,2,1,B03,7,5,5,50,3,1,1,5,4,5,13,4,4,5,4,5,1,16,2,52,3,10,7,1,7,11,1,8,1,5,10,1,21,121.5818733,25.0565164
114,06,28,21,40,2,04大安區,大安區安居街９巷與安居街口,0,0,1,1,C03,8,5,5,50,4,1,1,5,4,5,13,4,4,10,5,5,2,15,1,34,3,10,3,4,7,9,1,10,1,11,75,1,21,121.5551202,25.0211322
114,06,28,21,45,2,11南港區,南港區研究院路1段與市民大道8段口,0,0,1,1,B03,7,5,5,50,5,2,1,5,4,5,13,1,1,5,4,5,2,17,1,61,3,10,7,1,7,1,1,8,1,8,108,1,21,121.6164461,25.0544379
114,06,28,21,57,2,07信義區,信義區忠孝東路5段510號,0,0,1,1,C03,7,5,8,50,22,22,1,5,4,5,13,4,4,1,4,5,2,17,2,26,3,10,6,1,7,7,1,10,1,17,100,1,22,121.5788311,25.0411018
114,06,28,22,35,2,03中山區,中山區林森北路與中山北路2段39巷口,0,0,1,1,B02,8,5,5,50,4,2,1,5,4,5,13,1,1,9,4,5,2,17,1,52,3,10,7,1,7,8,1,8,1,4,100,1,21,121.525476,25.0540228
114,06,28,22,54,2,05中正區,中正區新生南路1段與濟南路2段口,0,0,1,1,B02,8,5,5,50,4,1,1,5,4,5,13,1,1,1,5,1,2,17,1,28,3,10,7,1,7,5,1,8,2,1,83,1,21,121.5326809,25.0402228
114,06,28,23,08,2,07信義區,信義區忠孝東路4段與逸仙路口,0,0,1,1,C03,8,5,5,50,14,9,1,5,4,5,13,1,1,1,4,5,2,17,1,45,2,9,5,1,7,9,1,10,1,12,108,1,22,121.561775,25.0411148
114,06,29,00,51,2,05中正區,中正區市民大道3段與金山北路口,0,0,2,1,C03,7,5,5,40,4,1,1,5,4,5,13,1,1,1,4,1,2,13,1,40,3,10,5,1,7,10,1,10,1,12,100,1,21,121.5307679,25.04592952
114,06,29,01,46,2,01大同區,大同區鄭州路與西寧北路口,0,0,1,1,C03,7,5,5,40,4,2,1,5,4,5,13,2,1,1,4,5,2,17,1,22,3,10,3,4,7,7,1,10,1,12,100,1,21,121.5083088,25.0506024
114,06,29,02,30,2,08士林區,士林區中正路與中正路586巷口,0,0,1,1,B01,8,5,5,50,14,9,1,5,4,5,13,4,4,9,4,5,2,16,1,52,3,10,7,1,7,7,1,4,1,8,108,1,21,121.5101039,25.08713258
114,06,29,05,53,2,09北投區,北投區中央南路1段與光明路口,0,0,1,1,C03,8,7,5,50,4,1,1,5,4,5,13,3,1,5,5,5,2,15,2,30,2,9,6,1,7,9,1,8,1,14,72,1,22,121.5015419,25.1331687
114,06,29,07,34,2,09北投區,北投區中央南路1段與清江路口,0,0,2,1,C03,8,7,5,30,4,1,1,5,4,5,13,4,4,5,5,5,2,16,2,74,2,9,5,1,7,9,1,10,9,14,72,1,21,121.5013379,25.131745
114,06,29,08,00,2,04大安區,大安區通化街與通化街24巷口口,0,0,1,1,B12,8,7,5,30,4,1,1,5,4,5,13,4,4,5,5,5,1,17,1,59,3,10,7,1,7,9,1,4,1,1,72,1,21,121.5542943,25.0316784
114,06,29,08,50,2,12內湖區,內湖區環山路3段與內湖路2段103巷口口,0,0,2,1,C03,7,6,5,50,14,9,1,5,4,5,13,4,4,5,4,5,2,13,1,33,2,9,6,1,7,10,6,10,1,11,100,1,22,121.5813128,25.0846725
114,06,29,08,55,2,06松山區,松山區民權東路5段30號,0,0,2,1,C03,8,7,5,50,14,9,1,5,4,5,13,4,4,1,4,5,2,13,1,30,2,9,5,1,7,9,1,10,1,11,44,1,26,121.5641004,25.062887
114,06,29,10,55,2,01大同區,大同區環河北路2段397號,0,0,1,1,C01,8,5,5,50,9,9,1,5,4,5,13,4,4,10,4,5,2,12,1,54,2,9,5,1,7,7,1,9,2,11,100,1,21,121.5082722,25.0785457
114,06,29,11,15,2,08士林區,士林區文林路755號前,0,0,3,1,C03,8,6,5,50,14,9,1,5,4,5,13,2,1,10,5,5,2,16,1,22,2,9,6,1,7,1,1,10,1,12,19,1,21,121.5195134,25.10320572
114,06,29,11,20,2,10文山區,文山區木柵路1段與光輝路口,0,0,3,1,C03,8,7,5,50,14,9,1,5,4,5,13,1,1,5,5,5,2,12,1,67,2,9,6,1,7,9,1,10,1,11,108,1,21,121.5552196,24.9881638
114,06,29,11,25,2,02萬華區,萬華區和平西路3段85號,0,0,1,1,B02,8,7,5,50,14,7,1,5,4,5,13,1,1,1,3,5,2,13,1,22,2,7,7,1,7,15,1,8,5,8,108,1,21,121.5015363,25.0352516
114,06,29,11,31,2,03中山區,中山區北安路與自強隧道(外)口往北,0,0,1,1,B03,8,7,5,50,14,9,1,5,4,5,13,4,4,10,4,5,2,13,1,68,3,10,7,1,7,9,1,8,2,1,76,1,21,121.5502759,25.08443631
114,06,29,12,00,2,08士林區,士林區大西路62號,0,0,2,1,C03,8,6,5,30,14,9,1,5,4,5,13,4,4,10,5,5,1,17,1,48,2,9,5,1,7,1,1,10,2,12,19,1,21,121.5247017,25.09130406
114,06,29,12,06,2,12內湖區,內湖區民權東路6段56巷與金豐街口,0,0,1,1,C03,8,6,5,50,5,1,1,5,4,5,13,1,1,1,3,5,1,16,1,24,2,9,6,1,7,5,1,10,1,14,99,1,21,121.5856735,25.0663248
114,06,29,13,03,2,08士林區,士林區大南路89號士林市場側門,0,0,1,1,C03,8,6,5,0,14,9,1,5,4,5,13,4,4,10,5,5,2,16,1,38,3,10,6,1,7,1,1,10,1,14,19,1,21,121.5243173,25.0889948
114,06,29,13,07,2,02萬華區,萬華區民和街與德昌街132巷口,0,0,2,1,C03,8,7,5,30,4,1,1,5,4,5,13,4,4,10,5,5,2,15,1,47,2,5,5,1,7,9,1,10,1,12,72,1,21,121.4962491,25.0249397
114,06,29,13,50,2,03中山區,中山區明水路與樂群二路口,0,0,2,1,B03,8,7,5,50,4,18,5,5,4,5,13,4,4,10,5,5,2,3,1,39,3,10,7,1,7,5,1,8,1,1,70,1,21,121.5521836,25.07979916
114,06,29,14,05,2,02萬華區,萬華區堤外便道南往北（長順-桂林）（燈桿雙園043）,0,0,1,1,C03,8,7,5,40,14,9,1,5,4,5,13,4,4,10,5,5,2,17,1,86,2,9,5,1,7,9,6,18,2,11,108,1,21,121.4887684,25.03322493
114,06,29,14,10,2,06松山區,松山區敦化南路1段21號,0,0,1,1,C03,8,6,5,50,14,9,1,5,4,5,13,4,4,1,4,4,2,13,2,22,2,7,6,1,7,9,1,10,1,11,16,1,22,121.5491483,25.04665785
114,06,29,14,28,2,08士林區,士林區福林路與雨農路口,0,0,1,1,C03,8,6,5,50,5,2,1,5,4,5,13,2,1,1,4,5,1,17,1,64,2,8,5,1,7,8,1,9,2,13,100,1,21,121.5323669,25.0966659
114,06,29,14,30,2,06松山區,松山區民權東路3段與敦化北路口,0,0,3,1,C03,8,6,5,50,5,2,1,5,4,5,13,2,1,9,4,5,2,13,1,40,2,9,6,1,7,9,1,10,1,11,16,1,22,121.5510889,25.06159549
114,06,29,14,35,2,08士林區,士林區中正路與福林路口口,0,0,2,1,B02,7,7,5,50,4,1,1,5,4,5,13,2,1,8,3,5,2,16,2,23,3,10,3,4,7,6,1,8,1,2,9,1,22,121.5318712,25.0964174
114,06,29,14,42,2,02萬華區,萬華區堤外便道北往南近貴陽疏散門,0,0,2,1,C03,8,7,7,40,3,1,1,5,4,5,13,2,1,3,4,5,2,13,2,58,2,9,3,4,7,9,1,10,1,14,108,1,22,121.499143,25.0415633
114,06,29,14,45,2,07信義區,信義區信義路5段與松德路口,0,0,1,1,C03,7,6,5,50,5,1,1,5,4,5,13,1,1,3,1,5,2,12,2,53,2,8,6,1,7,6,1,10,1,11,99,1,21,121.5745182,25.0334016
114,06,29,15,19,2,08士林區,士林區格致路與菁山路口,0,0,1,1,C03,8,6,5,40,4,2,1,5,4,5,13,1,1,10,4,5,1,17,2,23,2,9,6,1,7,9,1,10,2,11,16,1,21,121.5465648,25.1377228
114,06,29,16,08,2,12內湖區,內湖區成功路4段219號,0,0,1,1,B03,7,5,5,40,14,8,1,5,4,5,13,4,4,1,3,4,1,12,1,72,3,10,3,4,7,10,1,8,1,2,100,1,21,121.5964032,25.0843839
114,06,29,18,19,2,05中正區,中正區寧波西街與三元街口,0,0,2,1,B03,8,7,5,50,4,2,1,5,4,5,13,1,1,1,4,5,2,13,1,74,3,10,7,1,7,3,1,8,2,1,18,1,22,121.511733,25.0279335
114,06,29,19,00,2,12內湖區,內湖區成功路2段與成功路2段486巷口,0,0,1,1,C04,7,5,5,50,3,1,1,5,4,5,13,2,1,1,1,5,1,16,2,32,3,10,6,1,7,5,1,9,1,13,8,1,21,121.5899084,25.072913
114,06,29,20,13,2,01大同區,大同區民族西路與重慶北路3段口,0,0,1,1,C04,8,5,5,50,5,2,1,5,4,5,13,4,4,5,5,5,2,12,1,30,3,10,5,1,7,8,1,10,2,13,100,1,21,121.514083,25.0686461
114,06,29,20,30,2,03中山區,中山區北安路與明水路口,0,0,4,1,C03,8,5,5,50,3,1,1,5,4,5,13,2,1,7,2,5,2,17,2,53,2,9,5,1,7,9,1,10,1,14,16,1,21,121.5388926,25.0776712
114,06,29,20,58,2,10文山區,文山區老泉街45巷0701801號燈桿,0,0,2,1,B03,8,6,5,30,14,9,1,5,4,5,13,4,4,10,5,5,2,21,2,41,2,9,7,1,7,9,1,8,1,8,105,1,21,121.5674323,24.9789871
114,06,29,21,41,2,02萬華區,萬華區萬大路423巷與青年路口,0,0,1,1,B01,8,5,5,30,3,2,1,5,4,5,13,1,1,9,4,5,2,17,1,46,2,8,7,4,7,1,1,4,1,8,19,1,21,121.5025635,25.02188667
114,06,29,22,28,2,01大同區,大同區錦西街與民權西路102巷口,0,0,2,1,C04,8,5,5,50,5,2,1,5,4,5,13,4,4,5,5,5,2,17,1,27,2,7,6,1,7,6,1,10,1,11,108,1,21,121.5175988,25.0602813
114,06,29,22,38,2,07信義區,信義區嘉興街與嘉興街181巷口,0,0,1,1,B03,7,5,5,30,3,2,1,5,4,5,13,4,4,4,5,5,2,2,2,77,3,10,7,1,7,5,1,10,1,1,70,1,21,121.5565491,25.0263182
114,06,29,23,22,2,06松山區,松山區長安東路2段與復興北路口口,0,0,1,1,B03,7,5,5,50,4,1,1,5,4,5,13,2,1,5,4,5,2,16,1,30,3,10,3,1,7,6,1,8,2,2,9,1,21,121.5440759,25.0483511
114,06,30,01,19,2,07信義區,信義區光復南路與光復南路290巷口,0,0,1,1,B01,7,5,5,50,5,1,1,5,4,5,13,1,1,1,3,5,2,17,1,54,3,10,7,1,7,11,1,4,2,1,10,1,21,121.5576762,25.0394983
114,06,30,05,44,2,10文山區,文山區興隆路2段244巷與辛亥路5段口,0,0,1,1,B03,8,6,5,30,4,2,1,5,4,5,13,2,1,5,5,5,2,13,1,82,3,10,7,1,7,9,1,7,2,1,104,1,21,121.5538875,24.9999258
114,06,30,05,55,2,07信義區,信義區基隆路汽機車混合地下道往北,0,0,1,1,,7,5,5,30,7,11,1,5,4,4,12,4,4,10,4,5,2,29,3,0,,,,,,,,,,,130,1,,121.5641639,25.0403984
114,06,30,07,41,2,02萬華區,萬華區堤外便道往北(龍山094號燈桿),0,0,1,1,C03,8,6,5,40,11,12,1,5,4,5,13,4,4,2,4,5,2,17,2,44,3,10,6,1,7,15,1,10,1,17,35,1,22,121.5037683,25.04711268
114,06,30,07,50,2,08士林區,士林區中正路與中正路586巷口,0,0,2,1,F01,8,6,8,50,5,2,1,5,4,5,13,4,4,1,5,5,1,17,2,67,2,8,4,1,7,5,8,20,1,11,99,1,21,121.5099185,25.08702176
114,06,30,07,55,2,10文山區,文山區木柵路5段43巷(燈桿0706842）,0,0,1,1,C03,8,7,5,30,11,9,1,5,4,5,13,4,4,5,5,5,2,29,1,23,2,9,5,1,7,9,1,10,2,14,44,1,21,121.5897946,25.008385
114,06,30,08,01,2,05中正區,中正區林森北路7-1號,0,0,2,1,C03,8,7,5,50,14,9,1,5,4,5,13,4,4,5,2,5,2,16,1,54,2,9,5,1,7,9,1,10,2,12,4,1,26,121.5236303,25.0458385
114,06,30,08,05,2,12內湖區,內湖區瑞光路與瑞光路188巷口,0,0,2,1,B12,8,6,5,50,4,1,1,5,4,5,13,1,1,5,4,5,2,15,1,68,3,10,7,1,7,11,1,7,1,5,71,1,21,121.5779351,25.0744665
114,06,30,08,06,2,01大同區,大同區環河北路1段與鄭州路口,0,0,3,1,C03,7,7,5,50,4,1,1,5,4,5,13,1,1,1,4,5,2,13,1,28,2,9,6,1,7,9,1,10,1,11,108,1,21,121.5069303,25.0508039
114,06,30,08,10,2,12內湖區,內湖區東湖路113巷與東湖路口,0,0,1,1,C03,7,5,5,50,4,1,1,5,4,5,13,1,1,4,3,5,1,13,2,41,2,9,3,4,7,9,1,10,1,11,16,1,21,121.6151065,25.0686371
114,06,30,08,30,2,06松山區,松山區八德路2段366巷與八德路2段366巷40弄口,0,0,1,1,C03,8,6,5,30,4,2,1,5,4,5,13,4,4,10,5,5,2,16,2,64,3,10,6,1,7,5,1,10,1,14,8,1,22,121.5459971,25.0463231
114,06,30,08,31,2,04大安區,大安區和平東路3段70巷與和平東路3段口,0,0,1,1,B03,8,7,5,50,3,2,1,5,4,5,13,2,1,1,4,5,2,17,1,67,3,10,7,1,7,9,1,4,1,2,108,1,21,121.5500839,25.0244449
114,06,30,08,35,2,04大安區,大安區和平東路1段與泰順街口口,0,0,1,1,B01,8,7,5,50,4,2,1,5,4,5,13,2,1,1,4,5,1,17,1,44,3,10,7,1,7,7,1,4,1,2,100,1,21,121.5315221,25.0263011
114,06,30,08,43,2,03中山區,中山區中山北路2段與民生西路口,0,0,1,1,C03,8,5,5,50,4,1,1,5,4,5,13,1,1,5,5,5,2,12,1,25,3,10,6,1,7,9,1,10,1,14,44,1,22,121.5225824,25.0578676