發生年度,發生月,發生日,發生時-Hours,發生分,處理別-編號,區序,肇事地點,死亡人數,2-30日死亡人數,受傷人數,當事人序號,車種,天候,光線,道路類別,速限-速度限制,道路型態,事故位置,路面狀況1,路面狀況2,路面狀況3,道路障礙1,道路障礙2,號誌1,號誌2,車道劃分-分向,車道劃分-分道1,車道劃分-分道2,車道劃分-分道3,事故類型及型態,性別,年齡,受傷程度,主要傷處,保護裝置,行動電話,車輛用途,當事者行動狀態,駕駛資格情形,駕駛執照種類,飲酒情形,車輛撞擊部位1,肇因碼-個別,個人肇逃否,職業,座標-X,座標-Y
114,07,03,10,00,2,12內湖區,內湖區內湖路2段170號旁,0,0,1,1,B03,8,6,5,50,14,9,1,5,4,5,13,4,4,9,5,5,2,16,1,50,3,10,7,1,7,1,1,8,2,8,80,1,21,121.5843123,25.080428
114,07,03,10,00,2,07信義區,信義區光復南路419號,0,0,1,1,B03,8,7,5,50,14,9,1,5,4,5,13,2,1,9,4,4,2,17,2,59,3,10,3,3,7,9,1,8,2,1,81,1,21,121.5575803,25.036417
114,07,03,11,11,2,10文山區,文山區興隆路2段301巷21弄與興隆路2段275巷口口,0,0,1,1,C03,8,6,5,30,3,1,1,5,4,5,13,4,4,10,5,5,2,16,1,44,3,10,6,1,7,5,1,10,1,14,44,1,21,121.552954,25.002544
114,07,03,11,17,2,11南港區,南港區南港路2段與南港路2段38巷口,0,0,1,1,B03,8,7,5,40,3,2,1,5,4,5,13,2,1,9,4,4,2,16,1,42,3,10,7,1,7,11,1,8,1,8,71,1,21,121.6050147,25.0540666
114,07,03,11,25,2,09北投區,北投區明德路與榮華三路口,0,0,1,1,B03,8,7,5,50,3,1,1,5,4,5,13,3,1,9,4,5,2,17,1,26,3,10,3,4,7,5,1,8,2,1,72,1,26,121.5222616,25.1140404
114,07,03,11,45,2,05中正區,中正區和平西路1段與牯嶺街口,0,0,1,1,B12,8,6,5,50,4,2,1,5,4,5,13,1,1,1,4,5,2,12,1,47,3,10,7,1,7,9,1,8,1,7,17,1,21,121.5192633,25.0264029
114,07,03,11,48,2,11南港區,南港區玉成街247之1號,0,0,1,1,C03,7,7,5,50,14,9,1,5,4,5,13,4,4,5,4,5,2,17,1,34,3,10,5,1,7,1,1,10,1,11,19,1,21,121.5862733,25.0429082
114,07,03,12,03,2,09北投區,北投區育仁路與七星街口,0,0,1,1,B03,8,7,5,30,3,1,1,5,4,5,13,4,4,5,5,5,2,16,2,71,3,10,7,1,7,6,1,8,1,1,74,1,22,121.5010732,25.1367185
114,07,03,12,12,2,05中正區,中正區金山南路1段與臨沂街32巷口,0,0,1,1,B01,8,6,5,50,3,1,1,5,4,5,13,4,4,3,4,5,2,16,1,35,3,10,7,1,7,6,1,4,9,5,9,1,22,121.5289962,25.0398434
114,07,03,12,49,2,04大安區,大安區基隆路3段與辛亥路3段口,0,0,1,1,C03,8,6,5,50,5,1,1,5,4,5,13,1,1,1,4,5,1,12,2,35,2,8,6,4,7,7,1,10,1,12,100,1,21,121.5468597,25.0194401
114,07,03,14,01,2,01大同區,大同區承德路1段與太原路133巷口,0,0,1,1,B03,8,7,5,50,3,2,1,5,4,5,13,4,4,1,4,5,1,17,1,34,3,10,3,4,7,6,1,8,1,5,9,1,21,121.5174652,25.0528591
114,07,03,14,25,2,08士林區,士林區仰德大道1段下山過華興中學,0,0,1,1,B03,8,6,5,40,12,9,1,5,4,5,13,4,4,4,5,5,2,17,1,66,3,10,7,1,7,9,1,8,11,2,118,2,21,121.5369718,25.10660251
114,07,03,14,40,2,06松山區,松山區復興北路369號,0,0,1,1,B03,8,6,8,50,22,22,1,5,4,5,13,4,4,3,4,5,2,17,1,31,3,10,7,1,7,6,1,8,1,5,9,1,21,121.5446854,25.0622544
114,07,03,14,49,2,04大安區,大安區辛亥路2段41號,0,0,1,1,B12,7,5,5,50,14,8,1,5,4,5,13,4,4,1,4,4,2,17,1,24,3,10,7,1,7,8,1,8,1,17,42,1,26,121.5361103,25.0226775
114,07,03,15,58,2,04大安區,大安區樂業街94巷與樂業街口,0,0,1,1,B03,8,5,5,50,4,2,1,5,4,3,13,4,4,9,4,5,2,17,1,71,3,10,3,4,7,1,1,8,1,8,19,1,21,121.5513272,25.0215321
114,07,03,16,01,2,03中山區,中山區民生東路2段與吉林路口,0,0,1,1,B03,7,6,5,50,4,1,1,5,4,5,13,1,1,9,4,5,2,16,2,64,3,10,3,4,7,5,1,8,2,1,71,1,22,121.529879,25.05805119
114,07,03,16,24,2,07信義區,信義區忠孝東路5段143號對面,0,0,2,1,C03,8,5,5,50,14,9,1,5,4,5,13,2,1,1,4,5,2,13,2,66,2,8,3,4,7,9,1,10,1,11,108,1,22,121.5681712,25.0409924
114,07,03,16,25,2,10文山區,文山區指南路2段197巷路燈編號0707817,0,0,1,1,B03,8,6,5,30,11,9,1,5,4,5,13,4,4,10,5,5,2,29,1,74,2,7,7,1,7,9,1,8,2,5,131,1,21,121.5782563,24.9873489
114,07,03,16,32,2,05中正區,中正區八德路1段與臨沂街口,0,0,1,1,B01,8,6,5,50,3,1,1,5,4,5,13,2,1,5,4,5,2,16,1,57,3,10,7,1,7,11,1,4,2,4,10,1,22,121.5307191,25.04388959
114,07,03,16,45,2,10文山區,文山區木柵路1段與辛亥路6段口,0,0,1,1,B03,8,6,5,50,4,1,1,5,4,5,13,1,1,5,4,5,2,16,1,48,3,10,7,1,7,6,1,8,1,2,9,1,21,121.5523815,24.9878817
114,07,03,16,49,2,01大同區,大同區民生西路305號,0,0,2,1,C03,8,5,5,50,14,9,1,5,4,5,13,4,4,9,5,5,2,13,1,18,2,9,5,1,7,9,1,10,2,11,108,1,21,121.5133468,25.0569605
114,07,03,16,50,2,01大同區,大同區鄭州路145號,0,0,1,1,B03,8,6,5,40,14,9,1,5,4,5,13,4,4,1,5,5,2,13,1,24,3,10,7,1,7,9,1,8,1,5,16,1,21,121.5090645,25.0504796
114,07,03,16,56,2,01大同區,大同區民族西路與大龍街177巷口,0,0,1,1,B01,8,6,5,50,5,1,1,5,4,5,13,2,1,5,4,5,2,17,1,53,3,10,7,1,7,11,1,8,1,2,10,1,21,121.5168486,25.06857148
114,07,03,17,00,2,10文山區,文山區木柵路2段與木柵路2段204巷口,0,0,1,1,C03,8,6,5,30,3,1,1,5,4,5,13,4,4,10,5,5,2,16,1,43,3,10,6,1,7,5,1,10,1,14,72,1,21,121.5639026,24.9887335
114,07,03,17,05,2,02萬華區,萬華區水源路0905252燈桿前,0,0,1,1,B03,7,6,5,30,14,9,1,5,4,5,13,4,4,5,5,5,1,17,1,67,3,10,3,4,7,13,1,8,1,8,40,1,22,121.505767,25.0210764
114,07,03,17,05,2,04大安區,大安區和平東路3段與基隆路2段口,0,0,1,1,B03,8,5,5,50,5,2,1,5,4,5,13,2,1,1,4,5,2,17,1,68,3,10,3,4,7,9,1,8,1,5,108,1,21,121.5520975,25.0243465
114,07,03,17,08,2,10文山區,文山區木新路3段172巷與忠順街1段26巷27弄口,0,0,3,1,C03,8,6,5,30,4,1,1,5,4,5,13,4,4,10,5,5,2,15,1,83,2,9,6,1,7,9,3,18,1,11,72,1,21,121.5606046,24.9822474
114,07,03,17,23,2,08士林區,士林區重慶北路4段238號與重慶北路4段口,0,0,1,1,B03,8,5,5,50,14,9,1,5,4,5,13,2,1,9,4,5,2,12,1,31,3,10,2,1,7,7,1,8,1,5,100,1,21,121.5112035,25.08644347
114,07,03,17,25,2,04大安區,大安區復興南路1段107巷與復興南路1段107巷5弄口,0,0,1,1,B03,8,7,5,30,4,2,1,5,4,5,13,4,4,10,5,5,1,17,1,72,3,10,3,4,7,14,1,8,1,4,40,1,22,121.5450876,25.0435499
114,07,03,17,31,2,08士林區,士林區雨聲街90號,0,0,1,1,C03,7,6,5,30,14,9,1,5,4,5,12,4,4,5,5,5,2,17,1,19,2,8,6,1,7,15,1,8,1,11,99,1,21,121.5301582,25.1045675
114,07,03,17,35,2,09北投區,北投區中央南路1段與崇仁路1段口,0,0,1,1,C03,8,5,5,50,3,1,1,5,4,5,13,3,1,5,4,5,2,17,2,44,2,9,3,4,7,9,1,10,2,11,72,1,21,121.5012344,25.1284218
114,07,03,17,53,2,10文山區,文山區木新路3段71號,0,0,1,1,C03,8,5,5,40,14,8,1,5,4,5,13,4,4,5,4,4,1,13,2,47,3,10,5,1,7,9,1,10,9,13,44,2,21,121.5632506,24.9822319
114,07,03,17,58,2,11南港區,南港區永吉路601號,0,0,1,1,F01,8,7,5,40,14,7,1,5,4,5,13,4,4,1,4,4,2,12,2,78,2,9,4,1,7,7,8,20,1,14,100,1,21,121.5821494,25.0453878
114,07,03,18,13,2,03中山區,中山區民生東路2段與建國北路2段口,0,0,2,1,C04,7,7,5,50,14,9,1,5,4,5,13,1,1,9,4,5,2,13,2,32,2,7,6,4,7,9,1,10,1,11,108,1,22,121.536563,25.05791886
114,07,03,18,19,2,08士林區,士林區中正路580號,0,0,1,1,C03,8,5,5,50,14,9,1,5,4,5,13,4,4,1,4,5,2,12,1,59,2,9,6,1,7,7,1,10,1,14,100,1,21,121.5105615,25.0872072
114,07,03,18,38,2,04大安區,大安區忠孝東路3段與建國南路1段口,0,0,1,1,B03,8,5,5,50,4,2,1,5,4,5,13,2,1,1,4,5,1,16,1,43,4,11,3,4,7,6,7,19,11,15,85,2,22,121.536718,25.0419075
114,07,03,18,44,2,09北投區,北投區行義路與同德街口,0,0,1,1,C03,7,5,5,40,4,2,1,5,4,5,13,1,1,9,5,5,2,13,1,33,3,10,6,1,7,9,3,18,1,11,118,1,21,121.5268399,25.125184
114,07,03,19,00,2,06松山區,松山區八德路4段72巷與八德路4段106巷4弄口,0,0,1,1,B03,8,5,5,30,5,1,1,5,4,5,13,4,4,10,5,5,2,15,1,33,3,10,7,1,7,9,1,8,1,1,80,1,22,121.5601832,25.04746353
114,07,03,19,03,2,06松山區,松山區八德路4段620號,0,0,1,1,A02,7,5,5,40,14,8,1,5,4,5,13,4,4,1,4,4,2,9,1,56,3,10,7,1,7,3,1,2,1,17,42,1,21,121.573812,25.049887
114,07,03,20,20,2,03中山區,中山區天津街46號,0,0,1,1,B03,7,7,5,50,14,9,1,5,4,5,13,4,4,10,5,5,2,12,1,40,3,10,7,1,7,9,1,8,1,2,108,1,21,121.5225125,25.0496624
114,07,03,23,13,2,08士林區,士林區光華路61巷4弄(下東勢3+300),0,0,1,1,C03,8,5,5,30,14,9,1,5,4,5,13,4,4,10,5,5,1,17,1,19,2,7,6,1,7,9,1,10,1,11,13,1,21,121.5385098,25.1336613
114,07,03,23,54,2,05中正區,中正區羅斯福路1段與寧波西街口,0,0,1,1,B01,8,5,5,50,4,1,1,5,4,5,13,1,1,1,4,5,2,15,1,63,3,10,7,1,7,9,1,4,2,5,81,1,21,121.5190263,25.031555
114,07,04,00,12,2,05中正區,中正區重慶南路2段與南海路口,0,0,1,1,C03,7,5,5,50,4,1,1,5,3,5,13,1,1,1,4,5,2,18,1,44,2,9,5,1,7,5,1,10,1,14,44,1,22,121.5144357,25.031813
114,07,04,03,01,2,09北投區,北投區石牌路2段與天母西路口口,0,0,1,1,C03,7,5,5,50,3,1,1,5,4,5,13,3,1,10,5,5,2,17,1,18,3,10,5,1,7,6,1,10,1,12,9,1,21,121.521924,25.119205
114,07,04,07,00,2,03中山區,中山區民權東路3段與建國北路2段口,0,0,1,1,C03,8,7,5,50,4,1,1,5,4,5,13,2,1,7,2,5,2,17,2,68,2,9,5,1,7,6,1,8,1,14,99,1,21,121.5373047,25.0622954
114,07,04,07,22,2,08士林區,士林區承德路4段與承德路4段179巷口,0,0,1,1,C03,8,6,5,50,3,2,1,5,4,5,13,3,1,1,4,5,2,11,2,72,2,8,6,1,7,7,3,18,1,14,100,1,21,121.5224497,25.0876017
114,07,04,07,25,2,05中正區,中正區愛國東路82號,0,0,1,1,C04,8,6,5,40,14,8,1,5,4,5,13,4,4,1,4,4,1,29,1,49,2,8,5,1,7,9,1,10,2,12,42,1,21,121.5194267,25.0335938
114,07,04,08,00,2,04大安區,大安區忠孝東路4段335號,0,0,1,1,A04,8,5,5,50,14,9,1,5,4,5,13,4,4,1,4,5,2,17,1,49,3,10,3,4,7,7,1,2,11,17,100,1,21,121.5572157,25.041408
114,07,04,08,11,2,12內湖區,內湖區堤頂大道2段407巷32號,0,0,2,1,C03,8,6,5,50,14,9,1,5,4,5,13,4,4,5,5,5,2,16,2,54,2,8,5,1,7,5,1,10,1,12,8,1,21,121.5642953,25.0813865
114,07,04,08,12,2,11南港區,南港區忠孝東路7段537號,0,0,1,1,C03,8,6,5,50,14,5,1,5,4,5,13,4,4,1,4,4,2,17,1,49,2,9,3,4,7,15,1,10,1,11,42,1,22,121.612986,25.0528961
114,07,04,08,25,2,11南港區,南港區南港路3段與南港路3段47巷口,0,0,1,1,B12,8,7,5,50,3,2,1,5,4,5,13,4,4,9,4,5,2,16,1,61,3,10,7,1,7,5,1,8,2,6,74,1,21,121.5901418,25.0534415
114,07,04,08,30,2,05中正區,中正區羅斯福路1段與南昌路1段59巷口口,0,0,2,1,C03,8,6,5,40,3,2,1,5,4,5,13,4,4,1,4,4,1,17,2,30,2,8,6,1,7,9,1,10,2,11,16,1,21,121.5187398,25.0316923
114,07,04,08,35,2,10文山區,文山區興隆路2段與興隆路2段22巷口,0,0,1,1,C03,8,6,5,50,3,1,1,5,4,5,13,4,4,1,4,5,2,13,1,47,2,8,6,1,7,9,1,9,1,11,16,1,21,121.5454918,24.9987255
114,07,04,08,37,2,01大同區,大同區承德路2段與錦西街口,0,0,2,1,F02,8,6,5,50,4,1,1,5,4,5,13,2,1,1,5,5,2,17,2,65,2,3,2,4,7,9,8,20,1,15,118,1,22,121.518295,25.0601876
114,07,04,08,46,2,07信義區,信義區吳興街252號與吳興街220巷口,0,0,1,1,B01,8,7,5,50,4,1,1,5,4,5,13,2,1,9,4,5,2,17,1,56,3,10,7,1,7,5,1,4,1,6,8,1,22,121.5623011,25.0270203
114,07,04,09,00,2,04大安區,大安區辛亥路3段157巷32號,0,0,1,1,C03,8,6,5,50,5,1,1,5,4,5,13,2,1,4,3,5,2,17,1,30,3,10,6,1,7,9,1,10,11,17,4,1,21,121.5508141,25.0182174
114,07,04,09,00,2,09北投區,北投區中央北路2段與中央北路2段257巷口,0,0,2,1,C03,8,6,5,50,5,1,1,5,4,5,13,2,1,4,4,5,2,16,1,40,2,9,5,1,7,5,6,18,1,12,71,1,21,121.4911826,25.1384831
114,07,04,09,06,2,04大安區,大安區浦城街13巷26號,0,0,1,1,B03,8,5,5,30,14,9,1,5,4,5,13,4,4,10,5,5,2,17,2,46,3,10,3,4,7,14,1,8,11,2,44,2,22,121.5278139,25.0244547
114,07,04,09,19,2,10文山區,文山區景福街133巷16號,0,0,1,1,C03,8,6,5,30,14,9,1,5,4,5,13,4,4,10,5,5,2,17,2,68,2,7,6,1,7,1,1,10,2,14,19,1,21,121.5366171,24.99603743
114,07,04,09,20,2,04大安區,大安區辛亥路3段200號對面,0,0,2,1,B03,8,5,5,50,14,9,1,5,4,5,13,1,1,8,3,5,1,13,1,60,3,10,7,1,7,1,1,8,11,17,19,2,21,121.5491585,25.0178409
114,07,04,09,20,2,07信義區,信義區信義路5段108號,0,0,1,1,B03,8,6,5,50,14,9,1,5,4,5,13,4,4,3,3,5,2,12,1,20,3,10,7,1,7,8,1,8,1,5,100,1,21,121.5678004,25.0327925
114,07,04,09,24,2,08士林區,士林區忠誠路1段與忠誠路1段171巷口,0,0,3,1,C03,8,6,5,30,5,1,1,5,4,5,13,1,1,10,5,5,2,17,1,43,2,9,6,1,7,5,1,10,1,11,85,1,26,121.5300215,25.1076175
114,07,04,09,55,2,04大安區,大安區市民大道4段與忠孝東路4段101巷口,0,0,2,1,B03,8,6,5,30,3,1,1,5,4,5,13,4,4,1,4,5,2,17,1,21,3,10,3,4,7,6,1,8,1,8,72,1,22,121.5475927,25.0449201
114,07,04,10,00,2,04大安區,大安區信義路4段374號,0,0,2,1,B03,8,7,5,50,14,9,1,5,4,3,13,4,4,1,4,5,2,17,2,41,3,10,3,4,7,8,1,8,1,3,44,1,21,121.5548376,25.0330719
114,07,04,10,31,2,07信義區,信義區莊敬路205號,0,0,1,1,B01,8,7,5,40,14,8,1,5,4,5,13,4,4,9,4,4,2,17,1,67,3,10,7,1,7,1,1,4,2,15,19,1,22,121.5615676,25.0304792
114,07,04,11,04,2,08士林區,士林區天母東路120號對面,0,0,1,1,B03,8,6,5,50,14,9,1,5,4,5,13,4,4,1,4,5,1,17,1,49,3,10,7,1,7,1,1,8,1,7,19,1,21,121.5381643,25.11822051
114,07,04,11,16,2,04大安區,大安區復興南路2段171巷與和平東路2段265巷口,0,0,1,1,C03,7,6,5,30,4,1,1,5,4,5,13,4,4,10,5,5,2,15,2,56,2,9,3,4,7,9,1,10,1,11,72,1,22,121.5440815,25.0277191
114,07,04,12,02,2,08士林區,士林區永平街與永平街20巷口,0,0,1,1,B01,8,6,5,50,3,1,1,5,4,5,13,4,4,10,5,5,1,16,1,65,3,10,7,1,7,5,1,8,2,8,74,1,21,121.5052026,25.0900591
114,07,04,12,09,2,04大安區,大安區敦化南路1段263號,0,0,1,1,B03,8,5,5,50,14,9,1,5,4,5,13,4,4,10,5,5,2,16,1,47,3,10,3,4,7,8,1,8,1,2,100,1,21,121.5490781,25.0365122
114,07,04,12,12,2,08士林區,士林區基河路300巷與士商路口,0,0,1,1,C03,8,6,5,50,3,1,1,5,4,5,13,4,4,5,5,5,2,16,2,48,2,9,6,1,7,5,1,10,1,12,72,1,21,121.5181275,25.0930615
114,07,04,12,30,2,05中正區,中正區和平西路1段12號前,0,0,2,1,C03,8,7,5,40,14,8,1,5,4,5,13,4,4,2,4,4,2,12,2,58,2,9,6,1,7,1,1,10,1,14,19,1,22,121.521697,25.0268695
114,07,04,12,31,2,07信義區,信義區莊敬路325巷與莊敬路289巷4弄口口,0,0,1,1,C03,8,6,5,30,3,1,1,5,4,5,13,4,4,9,5,5,2,17,1,62,2,8,6,1,7,9,1,10,1,12,4,1,22,121.5639101,25.0283215
114,07,04,12,56,2,08士林區,士林區中正路與中正路223巷口,0,0,1,1,B01,8,6,5,50,4,1,1,5,4,5,13,1,1,10,3,5,1,16,1,52,3,10,7,1,7,11,1,4,2,2,10,1,21,121.5263391,25.0954011
114,07,04,13,13,2,03中山區,中山區建國北路3段113巷與民族東路410巷2弄口,0,0,1,1,B02,8,7,5,50,5,1,1,5,4,5,13,3,1,5,4,5,2,16,2,46,3,10,3,4,7,5,1,2,1,1,72,1,21,121.5362299,25.0667258
114,07,04,13,20,2,05中正區,中正區濟南路2段與忠孝東路2段134巷口,0,0,1,1,C03,8,7,5,50,4,2,1,5,4,5,13,4,4,5,5,5,2,13,1,33,2,9,6,1,7,9,1,10,2,11,16,1,21,121.5317135,25.0402963
114,07,04,13,42,2,10文山區,文山區羅斯福路6段276巷與萬慶街13巷口,0,0,1,1,C03,8,6,5,30,4,1,1,5,4,5,13,4,4,10,5,5,2,15,2,62,2,9,5,1,7,9,1,10,2,14,72,1,21,121.5395748,24.9914592
114,07,04,13,55,2,03中山區,中山區建國北路2段7號,0,0,1,1,B03,8,6,5,50,14,9,1,5,4,5,13,4,4,1,4,5,2,12,1,41,3,10,3,4,7,6,1,8,1,6,9,1,21,121.5376858,25.0532124
114,07,04,14,02,2,04大安區,大安區金山南路2段與金山南路2段185巷口,0,0,1,1,B02,8,6,5,50,3,2,1,5,4,5,13,4,4,1,4,5,2,16,2,45,3,10,3,4,7,6,1,8,1,5,9,1,21,121.5266556,25.0284605
114,07,04,14,48,2,10文山區,文山區木柵路3段37號,0,0,1,1,B01,8,5,5,50,14,9,1,5,4,5,13,4,4,5,5,5,2,9,1,56,3,10,7,1,7,9,1,4,11,1,44,2,21,121.5659995,24.9884796
114,07,04,15,00,2,03中山區,中山區八德路2段與安東街口,0,0,1,1,B03,7,7,5,50,5,1,1,5,4,5,13,2,1,5,2,5,2,17,1,56,3,10,7,1,7,11,1,8,1,1,10,1,21,121.5416743,25.0470583
114,07,04,15,00,2,10文山區,文山區景興路85巷與景華街121巷7弄口口,0,0,2,1,C04,8,6,5,30,4,1,1,5,4,5,13,4,4,10,5,5,2,15,1,57,2,9,6,1,7,9,1,9,2,14,72,1,21,121.5461273,24.9959276
114,07,04,15,06,2,08士林區,士林區中山北路5段86號與無名巷口,0,0,1,1,B03,8,6,5,50,5,1,1,5,4,5,13,2,1,3,3,3,2,17,1,42,3,10,7,1,7,6,1,8,1,2,9,1,21,121.5256338,25.08401488
114,07,04,15,50,2,12內湖區,內湖區新明路298巷23號,0,0,1,1,C03,7,5,5,50,14,9,1,5,4,5,13,1,1,4,3,5,1,13,1,40,2,9,3,4,7,9,1,10,1,11,16,1,21,121.5817393,25.0567626
114,07,04,16,33,2,02萬華區,萬華區柳州街與桂林路口,0,0,1,1,F02,8,6,5,50,4,2,1,5,4,5,13,2,1,5,4,5,1,17,1,43,3,10,3,4,7,5,8,20,1,14,8,1,22,121.5052479,25.037779
114,07,04,17,00,2,01大同區,大同區民生西路與延平北路2段口,0,0,1,1,C03,8,6,5,50,4,1,1,5,4,5,13,2,1,5,2,5,2,17,1,69,2,8,5,4,7,6,1,10,1,12,16,1,21,121.5122689,25.0569863
114,07,04,17,28,2,06松山區,松山區敦化北路與南京東路4段口,0,0,1,1,C03,8,6,5,50,4,1,1,5,4,5,13,2,1,3,4,4,2,17,1,73,2,7,6,4,7,9,1,10,6,14,17,1,22,121.5491885,25.05207
114,07,04,17,30,2,12內湖區,內湖區瑞光路76巷與瑞光路112巷口,0,0,1,1,C03,7,5,5,50,5,2,1,5,4,5,13,1,1,5,4,5,1,17,1,61,3,10,5,1,7,5,1,10,11,14,8,1,21,121.5802863,25.070352
114,07,04,17,32,2,04大安區,大安區羅斯福路2段與和平東路1段口,0,0,1,1,C03,8,6,5,50,4,2,1,5,4,5,13,1,1,9,4,5,1,17,1,53,2,9,3,4,7,8,1,10,1,11,100,1,21,121.5226832,25.0268312
114,07,04,17,35,2,07信義區,信義區基隆路1段與信義路4段口口,0,0,1,1,C03,7,5,8,50,4,2,1,5,4,5,13,1,1,1,4,5,2,17,2,63,2,8,6,1,7,9,1,10,1,17,108,1,21,121.5596133,25.0333437
114,07,04,17,38,2,01大同區,大同區承德路3段與撫順街口,0,0,1,1,A02,8,6,5,50,3,1,1,5,4,5,13,4,4,1,4,5,2,9,1,56,3,10,7,1,7,9,1,2,9,15,44,1,21,121.5184474,25.0633669
114,07,04,17,40,2,09北投區,北投區石牌路1段與承德路7段口,0,0,1,1,C03,8,7,5,50,3,1,1,5,4,5,13,2,1,1,4,5,2,17,1,28,2,9,6,1,7,5,1,10,1,14,44,1,22,121.5093958,25.1121682
114,07,04,18,01,2,08士林區,士林區文林路615巷與文林路615巷6弄口,0,0,2,1,C03,7,7,5,30,3,2,1,5,4,5,13,4,4,9,5,5,2,16,2,34,2,9,5,1,7,5,1,10,1,11,8,1,22,121.522497,25.0993416
114,07,04,18,02,2,03中山區,中山區南京西路12號,0,0,1,1,B01,7,5,5,50,14,7,1,5,4,5,13,4,4,1,4,4,2,17,1,70,3,10,7,1,7,1,1,4,1,4,19,1,21,121.5213303,25.05242143
114,07,04,18,10,2,03中山區,中山區堤頂大道2段179號對面,0,0,1,1,C03,7,7,6,40,14,11,1,5,4,1,11,4,4,1,2,4,2,28,1,37,2,9,6,1,7,9,1,10,9,11,108,1,21,121.5694535,25.07700125
114,07,04,18,10,2,04大安區,大安區光復南路280巷43號,0,0,1,1,C03,8,7,5,30,14,9,1,5,4,3,13,4,4,10,5,5,2,17,1,23,2,9,3,4,7,12,1,10,1,14,42,1,21,121.5559213,25.039816
114,07,04,18,30,2,06松山區,松山區八德路4段與東興路口,0,0,1,1,B03,8,5,5,50,4,1,1,5,4,5,13,2,1,9,4,5,2,15,1,63,3,10,7,1,7,15,1,8,1,1,71,1,22,121.5655052,25.0490261
114,07,04,18,37,2,05中正區,中正區市民大道2段與金山北路口,0,0,2,1,C03,8,5,5,40,4,2,1,5,4,5,13,1,1,1,5,5,2,17,1,26,2,7,6,1,7,6,1,10,1,13,9,1,21,121.530551,25.04597028
114,07,04,18,50,2,03中山區,中山區中山北路2段與南京西路口,0,0,1,1,C03,8,7,5,50,4,2,1,5,4,5,13,1,1,9,4,5,2,12,1,27,2,8,6,1,7,9,1,10,1,11,44,1,21,121.5221073,25.05235658
114,07,04,19,11,2,06松山區,松山區民生東路3段109號,0,0,2,1,B03,7,5,5,50,14,9,1,5,4,5,13,2,1,1,3,5,2,13,1,32,2,8,7,1,7,9,1,3,1,1,16,1,22,121.5457719,25.05786
114,07,04,19,14,2,02萬華區,萬華區堤外便道DSR404,0,0,2,1,C03,8,5,7,40,14,11,1,5,4,5,13,4,4,9,5,5,2,17,2,33,2,9,5,1,7,15,1,10,1,11,44,1,21,121.5050512,25.048126
114,07,04,19,29,2,02萬華區,萬華區中華路1段與桂林路口,0,0,1,1,B01,8,5,8,50,22,22,1,5,4,5,13,1,1,10,5,5,2,17,1,58,3,10,3,4,7,9,1,8,1,1,76,1,21,121.5068311,25.0377512
114,07,04,19,33,2,04大安區,大安區安居街5號,0,0,1,1,C03,8,5,5,50,14,9,1,5,4,5,13,4,4,10,5,5,2,3,1,43,3,10,5,1,7,9,1,10,1,11,108,1,22,121.5552819,25.0212756
114,07,04,19,40,2,04大安區,大安區羅斯福路2段35巷19弄與杭州南路2段93巷口,0,0,1,1,C03,8,5,5,30,4,2,1,5,4,5,13,4,4,10,5,5,1,16,1,44,3,10,5,4,7,5,1,10,1,11,8,1,21,121.5230156,25.0284977
114,07,04,20,00,2,08士林區,士林區承德路4段與大南路口,0,0,1,1,F02,7,5,5,50,4,2,1,5,4,5,13,1,1,5,5,5,2,17,1,60,2,7,4,1,7,15,8,20,1,11,100,1,22,121.5211813,25.0886563
114,07,04,20,30,2,03中山區,中山區龍江路229巷與遼寧街口,0,0,1,1,C03,7,5,5,30,3,1,1,5,4,5,13,4,4,10,5,5,2,18,1,46,2,7,3,4,7,6,1,10,9,17,118,1,21,121.5364591,25.05485717
114,07,04,21,44,2,09北投區,北投區承德路7段與承德路7段1巷口口,0,0,2,1,C03,7,5,5,60,3,1,1,5,4,5,13,1,1,1,4,5,2,13,1,46,2,7,5,1,7,9,1,10,1,11,108,1,21,121.510483,25.1110669
114,07,04,22,20,2,06松山區,松山區民權東路5段與無名巷口,0,0,2,1,B03,8,5,5,50,3,1,1,5,4,5,13,1,1,1,4,5,2,16,2,26,3,10,7,1,7,5,1,8,2,2,71,1,22,121.5648278,25.0631702
114,07,04,22,36,2,06松山區,松山區塔悠路與南京東路5段口口,0,0,2,1,C03,7,5,5,50,4,2,1,5,4,5,13,2,1,1,3,5,2,17,1,19,2,8,6,1,7,5,1,9,1,14,44,1,22,121.5703498,25.0514865
114,07,04,23,11,2,01大同區,大同區民權西路194號,0,0,2,1,C03,8,5,5,50,14,9,1,5,4,5,13,4,4,1,4,5,2,16,1,19,2,7,5,1,7,6,1,10,2,12,9,1,21,121.5140218,25.0628762
114,07,05,00,23,2,10文山區,文山區景後街97號,0,0,2,1,C03,8,5,5,50,14,9,1,5,4,5,13,4,4,9,5,5,2,17,1,33,2,9,6,1,7,2,1,9,1,12,12,1,21,121.5427304,24.99174461
114,07,05,01,00,2,12內湖區,內湖區金湖路386號,0,0,1,1,B03,7,5,5,40,14,7,1,5,4,5,13,4,4,3,4,4,1,12,1,36,3,10,7,1,7,7,1,8,1,4,100,1,21,121.6049913,25.0735049