發生年度,發生月,發生日,發生時-Hours,發生分,處理別-編號,區序,肇事地點,死亡人數,2-30日死亡人數,受傷人數,當事人序號,車種,天候,光線,道路類別,速限-速度限制,道路型態,事故位置,路面狀況1,路面狀況2,路面狀況3,道路障礙1,道路障礙2,號誌1,號誌2,車道劃分-分向,車道劃分-分道1,車道劃分-分道2,車道劃分-分道3,事故類型及型態,性別,年齡,受傷程度,主要傷處,保護裝置,行動電話,車輛用途,當事者行動狀態,駕駛資格情形,駕駛執照種類,飲酒情形,車輛撞擊部位1,肇因碼-個別,個人肇逃否,職業,座標-X,座標-Y
114,07,07,13,29,2,04大安區,大安區仁愛路4段與忠孝東路4段216巷口口,0,0,1,1,B01,6,6,5,30,5,1,1,4,4,5,13,2,1,4,3,5,1,17,1,48,3,10,3,4,7,15,1,4,1,4,44,1,21,121.5533475,25.038137
114,07,07,13,53,2,01大同區,大同區民權西路與延平北路2段口,0,0,1,1,B12,6,6,5,50,5,2,1,4,4,5,13,1,1,1,5,5,2,17,1,54,3,10,3,4,7,5,1,8,11,17,98,2,21,121.5112413,25.0628122
114,07,07,13,58,2,06松山區,松山區市民大道4段與敦化南路1段口,0,0,1,1,C03,6,6,5,40,4,2,1,4,4,5,13,1,1,1,4,5,2,13,1,69,2,9,6,1,7,9,1,10,2,11,76,1,21,121.5493314,25.044921
114,07,07,14,15,2,07信義區,信義區松勇路與松高路口,0,0,1,1,C03,6,7,5,50,4,1,1,4,4,5,13,1,1,5,5,5,2,18,1,59,2,9,3,4,7,9,1,10,9,14,42,1,21,121.5697754,25.0388774
114,07,07,14,16,2,03中山區,中山區錦州街與林森北路口,0,0,1,1,B13,6,6,5,50,4,1,1,4,4,5,13,2,1,4,5,5,2,16,1,36,3,10,7,4,7,5,1,3,2,1,71,1,21,121.5255769,25.0603138
114,07,07,14,36,2,03中山區,中山區錦州街與合江街口,0,0,1,1,B11,6,6,5,50,4,1,1,4,4,5,13,1,1,5,5,5,2,16,1,52,3,10,3,4,7,5,1,4,1,1,71,1,22,121.5392319,25.0602318
114,07,07,15,12,2,08士林區,士林區中山北路6段與忠誠路1段口,0,0,1,1,B03,6,7,5,50,14,9,1,4,4,5,13,2,1,1,3,5,1,12,1,52,3,10,3,4,7,9,1,8,1,2,17,1,21,121.5247932,25.1037012
114,07,07,15,22,2,05中正區,中正區林森南路地下道,0,0,1,1,C03,6,7,5,50,7,9,1,4,4,5,13,4,4,10,4,5,2,12,2,31,2,9,5,1,7,7,1,10,1,11,44,1,21,121.5188532,25.0335146
114,07,07,15,33,2,03中山區,中山區南京西路8號,0,0,2,1,C03,7,5,5,50,14,9,1,5,4,5,13,4,4,3,4,4,2,13,1,45,2,8,3,4,7,9,1,10,9,11,118,1,21,121.5211731,25.05009864
114,07,07,16,15,2,12內湖區,內湖區成功路2段與成功路2段498巷口,0,0,1,1,B03,6,7,5,50,3,2,1,4,4,5,13,2,1,1,4,5,2,17,1,44,4,11,3,4,7,11,1,8,11,17,10,2,22,121.5898003,25.0735186
114,07,07,16,35,2,08士林區,士林區忠誠路2段154巷與忠誠路2段口,0,0,1,1,B03,7,6,5,50,3,1,1,4,4,5,13,2,1,1,4,4,1,17,1,50,3,10,7,1,7,5,1,2,1,5,8,1,21,121.5328021,25.1150234
114,07,07,17,10,2,04大安區,大安區復興南路2段與復興南路2段308巷口,0,0,1,1,B03,7,6,5,50,3,2,1,5,4,3,10,1,1,1,4,4,2,16,2,75,3,10,7,1,7,6,1,8,1,2,9,1,21,121.5433144,25.0236318
114,07,07,17,20,2,12內湖區,內湖區環山路1段7號,0,0,2,1,C03,7,5,5,50,3,2,1,5,4,5,13,4,4,5,4,4,2,17,1,62,3,10,5,1,7,6,1,10,2,13,9,1,21,121.5656056,25.0829376
114,07,07,17,41,2,09北投區,北投區石牌路1段146號前,0,0,1,1,B03,8,6,5,50,14,9,1,5,4,5,13,4,4,5,4,5,2,12,1,52,3,10,7,1,7,7,1,8,1,7,100,1,21,121.5131053,25.1143713
114,07,07,18,34,2,12內湖區,內湖區內湖路1段與內湖路1段203巷口,0,0,1,1,B03,6,5,5,50,4,2,1,4,4,5,13,2,1,1,4,5,2,17,1,49,3,10,7,1,7,7,1,8,2,17,100,1,21,121.5632722,25.08330474
114,07,07,18,40,2,11南港區,南港區南港路1段28號旁,0,0,1,1,A02,6,6,8,50,14,9,1,4,4,5,13,4,4,9,4,5,2,9,1,42,3,10,3,4,7,1,1,2,9,17,36,1,21,121.6184016,25.055054
114,07,07,18,43,2,01大同區,大同區延平北路3段與延平北路3段66巷口,0,0,2,1,C03,7,6,5,30,3,2,1,4,4,5,13,4,4,8,3,5,1,16,1,37,3,10,3,4,7,5,1,10,2,11,72,1,21,121.5110393,25.0654888
114,07,07,18,52,2,03中山區,中山區吉林路313號,0,0,1,1,B03,7,5,5,50,14,7,1,4,4,5,13,4,4,8,5,4,1,12,1,26,3,10,3,4,7,11,1,8,1,4,10,1,21,121.5303039,25.06356223
114,07,07,18,54,2,05中正區,中正區重慶南路3段與和平西路1段口,0,0,1,1,B03,8,5,5,50,5,1,1,5,4,5,13,1,1,1,4,5,2,17,1,27,3,10,7,1,7,6,1,8,11,6,44,2,21,121.5161607,25.0271394
114,07,07,19,26,2,03中山區,中山區內湖路1段與內湖路1段32巷口,0,0,1,1,B03,7,5,5,50,3,2,1,5,4,5,13,4,4,1,4,5,2,12,1,47,3,10,7,1,7,9,1,8,2,2,44,1,21,121.5589834,25.08498087
114,07,07,19,35,2,08士林區,士林區基河路與基河路188巷口,0,0,2,1,C03,6,5,5,50,3,18,1,4,4,5,13,4,4,5,4,5,2,3,2,19,2,9,3,4,7,9,1,10,2,11,70,1,21,121.5232117,25.11583529
114,07,07,19,45,2,01大同區,大同區民權西路與延平北路3段口,0,0,2,1,C03,8,5,5,50,4,1,1,5,4,5,13,2,1,8,3,5,2,16,2,21,2,8,6,1,7,5,1,10,1,13,8,1,21,121.5111462,25.0630237
114,07,07,20,19,2,12內湖區,內湖區內湖路2段179巷與金龍隧道口,0,0,1,1,C03,7,5,5,50,3,1,1,4,4,5,13,2,1,5,5,5,2,16,2,25,3,10,5,1,7,6,1,10,1,13,9,1,21,121.5853024,25.0842925
114,07,07,20,50,2,11南港區,南港區南港路1段與興中路口,0,0,2,1,A05,7,5,5,50,4,2,1,5,4,5,13,2,1,5,3,4,2,17,1,63,3,10,7,1,7,5,1,2,1,17,8,1,21,121.6075737,25.0544788
114,07,07,20,50,2,07信義區,信義區松仁路與吳興街365巷口,0,0,1,1,B01,7,5,5,50,3,2,1,5,4,5,13,4,4,5,2,5,2,17,1,66,3,10,7,1,7,9,1,4,2,8,108,1,21,121.5685386,25.0264443
114,07,07,21,25,2,03中山區,中山區新生北路2段與民生東路1段口,0,0,1,1,B03,7,5,5,50,5,1,1,5,4,5,13,1,1,1,4,5,2,12,1,70,3,10,7,1,7,5,1,8,1,8,8,1,21,121.5274648,25.0579929
114,07,07,21,55,2,04大安區,大安區辛亥路3段55號,0,0,1,1,A12,7,5,5,50,14,9,1,5,4,4,13,4,4,3,3,5,2,17,1,46,3,10,7,1,7,9,1,7,1,17,30,1,27,121.5451119,25.0209159
114,07,07,22,13,2,10文山區,文山區辛亥路4段106號對面,0,0,2,1,C03,8,5,5,50,11,9,1,5,4,5,13,3,1,3,4,5,2,12,1,25,2,9,6,1,7,15,1,10,2,14,102,1,21,121.5573555,25.0054134
114,07,07,22,30,2,03中山區,中山區五常街53巷18號,0,0,2,1,C03,7,5,5,50,14,9,1,5,4,5,13,4,4,8,5,5,1,16,1,43,2,9,3,4,7,5,1,10,2,14,8,1,21,121.5396372,25.06517057
114,07,07,23,45,2,02萬華區,萬華區環河南路1段與康定路口,0,0,2,1,C03,8,5,5,50,3,1,1,5,4,5,13,1,1,8,3,5,1,13,1,21,2,8,5,1,7,9,1,10,1,11,16,1,21,121.5034133,25.0463714
114,07,08,03,20,2,03中山區,中山區林森北路353巷與民生東路1段70巷口,0,0,2,1,B01,8,5,5,30,4,1,1,5,4,5,13,4,4,10,4,5,2,17,1,44,2,9,7,1,7,9,1,4,2,4,72,1,21,121.5264218,25.0570332
114,07,08,04,12,2,02萬華區,萬華區興義街與西園路2段320巷36弄口,0,0,1,1,C03,7,5,5,30,4,1,1,5,4,5,13,4,4,10,5,5,2,15,1,63,2,9,5,1,7,9,1,10,1,12,72,1,21,121.4917815,25.0266665
114,07,08,04,23,2,01大同區,大同區延平北路2段與民生西路口,0,0,1,1,C03,7,5,5,50,4,2,1,5,4,5,13,1,1,5,2,5,2,17,1,20,2,9,5,1,7,6,1,10,1,12,42,1,21,121.511404,25.05694671
114,07,08,07,20,2,01大同區,大同區塔城街30號,0,0,1,1,B03,8,7,5,50,14,9,1,5,4,5,13,4,4,5,4,5,2,17,2,63,3,10,3,4,7,11,1,8,1,4,10,1,21,121.5105137,25.050925
114,07,08,07,26,2,07信義區,信義區基隆路2段69號,0,0,1,1,C03,7,6,5,50,14,9,1,5,4,5,13,4,4,10,3,5,2,13,1,45,3,10,5,4,7,9,1,10,9,13,44,2,21,121.5581171,25.0304549
114,07,08,07,56,2,01大同區,大同區民權西路與民權西路160巷口,0,0,1,1,B03,8,6,5,50,3,1,1,5,4,5,13,4,4,1,4,5,2,17,2,49,3,10,7,1,7,6,1,8,1,5,9,1,21,121.5156199,25.0628456
114,07,08,08,08,2,12內湖區,內湖區新湖三路與新湖三路219巷口,0,0,2,1,C03,8,6,5,50,4,1,1,5,4,5,13,4,4,5,5,5,2,15,2,45,2,9,5,1,7,9,1,10,2,14,72,1,21,121.5807867,25.0655097
114,07,08,08,34,2,03中山區,中山區明水路581巷12弄9號,0,0,1,1,B03,7,7,6,30,14,9,1,5,4,5,13,4,4,9,4,5,2,13,2,21,3,10,7,1,7,9,1,8,1,1,108,1,21,121.5514619,25.07987478
114,07,08,08,40,2,09北投區,北投區明德路與明德路18巷口,0,0,1,1,B03,7,6,5,30,4,1,1,5,4,5,13,4,4,5,5,5,2,3,1,84,3,10,7,1,7,5,1,8,2,1,70,1,21,121.5175667,25.1069404
114,07,08,08,47,2,02萬華區,萬華區西園路2段與艋舺大道口,0,0,1,1,B03,7,6,5,50,4,1,1,5,4,5,13,2,1,1,4,5,2,16,1,43,3,10,7,1,7,6,1,8,1,5,9,1,21,121.4977405,25.0330717
114,07,08,08,50,2,06松山區,松山區八德路4段與東興路口,0,0,2,1,C03,7,6,5,50,4,2,1,5,4,5,13,1,1,5,4,5,2,13,1,23,2,8,5,1,7,9,1,10,1,11,16,1,21,121.5654759,25.049195
114,07,08,09,16,2,04大安區,大安區和平東路1段123號,0,0,1,1,B03,8,5,5,50,14,9,1,5,4,5,13,4,4,10,5,5,2,13,1,55,3,10,3,4,7,7,1,8,3,5,100,1,21,121.5272889,25.0267379
114,07,08,09,18,2,06松山區,松山區三民路與富錦街口口,0,0,1,1,C03,8,7,5,30,4,2,1,5,4,5,13,2,1,1,4,5,2,13,1,50,2,9,6,1,7,9,1,10,1,11,108,1,21,121.5631783,25.0611625
114,07,08,09,34,2,12內湖區,內湖區金湖路與康寧路1段口,0,0,1,1,B01,7,7,5,50,3,1,1,5,4,5,13,2,1,1,4,4,2,16,1,63,3,10,3,4,7,11,1,1,2,1,10,1,21,121.5995375,25.0791579
114,07,08,09,38,2,07信義區,信義區松仁路228巷與松仁路228巷7弄口,0,0,2,1,C03,7,6,5,30,3,2,1,5,4,5,13,4,4,10,5,5,2,16,2,53,2,9,5,1,7,5,1,10,1,14,8,1,21,121.5686928,25.0253508
114,07,08,09,40,2,12內湖區,內湖區瑞光路與陽光街口,0,0,1,1,C03,7,6,5,50,4,1,1,5,4,5,13,1,1,10,5,5,2,13,1,28,2,7,6,1,7,9,1,10,2,11,108,1,21,121.5791522,25.073709
114,07,08,09,45,2,03中山區,中山區林森北路與雙城街3巷口,0,0,1,1,B03,7,7,5,50,3,2,1,5,4,5,13,4,4,9,5,5,2,16,2,56,3,10,7,1,7,11,1,8,1,8,10,1,21,121.525684,25.06337585
114,07,08,09,47,2,06松山區,松山區南京東路5段與寶清街口,0,0,2,1,C03,8,7,5,50,4,1,1,5,4,5,13,2,1,1,4,5,2,15,1,23,2,7,5,1,7,9,1,10,1,11,44,1,25,121.5684342,25.0514266
114,07,08,09,54,2,10文山區,文山區保儀路與無名巷口,0,0,3,1,C03,8,6,5,30,3,1,1,5,4,5,13,4,4,9,5,5,2,17,1,32,2,8,6,1,7,1,1,10,1,14,19,1,21,121.5663918,24.9842377
114,07,08,10,02,2,05中正區,中正區金山南路1段與齊東街口,0,0,1,1,B03,7,5,5,50,4,1,1,5,4,5,13,4,4,9,4,5,2,15,1,46,3,10,7,1,7,9,1,4,1,5,75,1,21,121.5296138,25.0426541
114,07,08,10,28,2,02萬華區,萬華區萬大路與萬大路186巷口,0,0,2,1,C03,7,6,5,30,4,1,1,5,4,5,13,2,1,1,4,5,2,16,1,68,2,9,6,4,7,5,1,10,1,12,98,1,22,121.5003893,25.0278544
114,07,08,10,35,2,03中山區,中山區新生北路3段與民族東路口,0,0,1,1,B12,8,5,5,50,4,1,1,5,4,5,13,1,1,1,4,5,2,16,1,42,3,10,3,4,7,6,1,8,1,2,9,1,21,121.5278139,25.0680562
114,07,08,11,15,2,06松山區,松山區光復南路與八德路4段口,0,0,2,1,C03,8,5,5,50,14,9,1,5,4,5,13,4,4,4,3,5,2,13,1,62,2,9,5,1,7,9,1,10,2,12,108,1,22,121.5580236,25.0481452
114,07,08,11,26,2,03中山區,中山區建國北路3段與民權東路3段口,0,0,3,1,C03,8,6,5,50,4,4,1,5,4,5,13,1,1,5,4,4,2,13,1,39,2,9,5,4,7,9,1,10,1,11,16,1,21,121.5369255,25.0625201
114,07,08,12,21,2,07信義區,信義區東興路37號,0,0,1,1,B12,7,6,5,50,14,9,1,5,4,5,13,4,4,3,4,5,2,17,1,31,3,10,7,1,7,14,1,8,9,17,30,1,21,121.5660058,25.0480072
114,07,08,12,24,2,02萬華區,萬華區萬大路349號,0,0,2,1,C03,7,6,5,30,14,9,1,5,4,5,13,4,4,1,4,5,2,12,1,52,2,9,6,1,7,10,3,18,2,14,100,1,22,121.4999542,25.0235858
114,07,08,12,25,2,06松山區,松山區民生東路4段99號,0,0,1,1,C03,8,6,5,50,14,9,1,5,4,5,13,1,1,1,4,5,2,12,2,33,2,9,5,1,7,9,1,10,1,11,16,1,21,121.5523963,25.0580693
114,07,08,12,53,2,10文山區,文山區木新路3段335號,0,0,1,1,A02,7,5,5,50,14,9,1,5,4,5,13,1,1,5,4,5,2,9,1,33,3,10,3,4,7,12,1,2,9,17,42,1,21,121.5561876,24.9805389
114,07,08,13,00,2,08士林區,士林區仰德大道1段與復興橋口,0,0,1,1,C03,8,6,5,50,4,2,1,5,4,5,13,1,1,5,2,5,2,13,2,64,2,7,6,1,7,9,1,10,2,11,108,1,22,121.5375029,25.1006112
114,07,08,13,34,2,09北投區,北投區崇仁路1段與清江路245巷口口,0,0,2,1,B03,8,6,5,30,4,1,1,5,4,5,13,4,4,10,5,5,2,10,2,55,3,10,7,1,7,9,1,8,2,1,4,1,21,121.5015859,25.1259578
114,07,08,13,59,2,12內湖區,內湖區康寧路1段與康寧路1段255巷口口,0,0,2,1,C03,7,6,5,40,3,2,1,5,4,5,13,4,4,8,5,5,2,13,1,44,2,9,6,1,7,9,1,10,1,11,16,1,26,121.5980026,25.0786671
114,07,08,14,20,2,08士林區,士林區士林橋7010086號電燈桿,0,0,2,1,C03,8,6,5,40,8,8,1,5,4,5,13,4,4,5,5,4,2,13,1,45,2,9,5,1,7,9,1,9,1,12,16,1,26,121.5236986,25.098297
114,07,08,14,25,2,08士林區,士林區忠誠路2段與士東路口,0,0,1,1,B03,7,6,5,50,5,1,1,5,4,5,13,1,1,1,3,1,1,16,1,64,3,10,7,1,7,11,1,8,1,4,10,1,21,121.531312,25.1124465
114,07,08,14,56,2,08士林區,士林區延平北路9段堤外自行車道 延平河濱176燈桿,0,0,1,1,F01,8,6,5,30,22,23,1,5,4,5,13,4,4,9,5,5,1,17,4,0,,,,,,,,,,,119,2,,121.4675052,25.10992771
114,07,08,15,00,2,07信義區,信義區松山路與忠孝東路5段口,0,0,1,1,C03,7,6,5,50,4,2,1,5,4,5,13,2,1,3,4,5,2,12,1,20,2,9,6,4,7,7,1,10,2,14,100,1,21,121.5777407,25.0405949
114,07,08,15,41,2,04大安區,大安區信義路3段與新生南路2段口,0,0,2,1,C03,7,6,5,40,4,1,1,5,4,5,13,2,1,10,5,5,2,13,1,38,2,8,3,4,7,9,1,10,1,11,16,1,21,121.5329112,25.033507
114,07,08,15,46,2,04大安區,大安區延吉街131巷與延吉街131巷1弄口,0,0,1,1,C03,7,5,5,30,4,1,1,5,4,5,13,4,4,10,5,5,2,15,1,20,2,7,5,1,7,9,3,18,1,11,72,1,21,121.5544743,25.0426227
114,07,08,16,08,2,03中山區,中山區市民大道3段與八德路2段210巷口口,0,0,1,1,B03,7,7,5,40,3,1,1,5,4,5,13,1,1,1,4,5,2,17,1,65,3,10,3,4,7,6,1,8,1,2,9,1,21,121.539533,25.0447709
114,07,08,16,26,2,02萬華區,萬華區和平西路3段與南寧路口,0,0,1,1,C03,8,5,8,40,22,22,1,5,4,5,13,1,1,10,5,5,2,17,2,51,2,9,3,4,7,9,1,10,1,11,108,1,21,121.5034831,25.0351097
114,07,08,16,30,2,05中正區,中正區忠孝東路2段與金山南路1段口,0,0,2,1,C03,7,5,5,50,14,9,1,5,4,5,13,1,1,9,2,5,2,17,2,62,2,7,5,1,7,7,1,10,2,12,100,1,21,121.5298713,25.0432709
114,07,08,16,57,2,11南港區,南港區南港路1段263號,0,0,1,1,C03,8,6,5,50,14,9,1,5,4,5,13,4,4,5,4,5,2,13,1,28,3,10,5,4,7,9,1,9,1,13,44,1,22,121.609334,25.054775
114,07,08,17,25,2,12內湖區,內湖區成功路3段168號,0,0,1,1,C03,8,5,5,50,14,7,1,5,4,5,13,4,4,1,4,4,2,17,2,19,2,9,6,1,7,7,1,10,2,13,42,1,21,121.5905731,25.0804499
114,07,08,17,29,2,09北投區,北投區石牌路2段與西安街2段口,0,0,1,1,B03,8,6,5,50,4,1,1,5,4,5,13,1,1,1,4,5,2,13,1,74,3,10,7,1,7,9,1,8,1,1,16,1,21,121.514811,25.115169
114,07,08,17,30,2,04大安區,大安區忠孝東路4段216巷內,0,0,1,1,B01,7,6,5,30,14,9,1,5,4,5,13,4,4,5,4,5,2,17,1,67,3,10,7,1,7,14,1,4,1,2,38,1,21,121.5530082,25.0410318
114,07,08,17,30,2,08士林區,士林區忠義街與忠義街91巷口,0,0,1,1,B03,8,6,5,40,3,2,1,5,4,5,13,3,1,5,5,5,2,12,1,44,3,10,2,1,7,14,1,8,1,8,40,1,21,121.5322488,25.1062822
114,07,08,17,30,2,12內湖區,內湖區民權大橋東往西,0,0,2,1,C03,7,5,5,30,14,11,1,5,4,5,13,4,4,1,5,5,2,17,1,52,2,9,5,1,7,9,1,10,2,11,44,1,21,121.5554859,25.0569651
114,07,08,17,40,2,05中正區,中正區林森南路與青島東路口,0,0,1,1,B03,8,5,5,50,4,2,1,5,4,5,13,1,1,9,4,5,2,17,1,41,3,10,7,1,7,9,1,8,1,1,108,1,21,121.5229511,25.043641
114,07,08,18,02,2,01大同區,大同區台北橋機慢車道西向東,0,0,1,1,C03,8,6,5,40,12,11,1,5,4,5,13,4,4,1,4,5,2,13,2,67,2,9,5,1,7,9,3,18,2,11,108,1,21,121.5104519,25.0629456
114,07,08,18,07,2,03中山區,中山區民權東路3段39巷與復興北路514巷口,0,0,1,1,B03,7,6,5,30,3,1,1,5,4,5,13,4,4,9,5,5,2,3,1,71,3,10,7,1,7,5,1,8,1,5,70,1,22,121.542521,25.0659793
114,07,08,18,07,2,12內湖區,內湖區瑞光路76巷與民權東路6段11巷口,0,0,2,1,C03,8,5,5,50,3,1,1,5,4,5,13,4,4,5,4,5,2,17,1,24,2,9,6,1,7,5,1,10,1,11,72,1,21,121.5784658,25.0678636
114,07,08,18,20,2,12內湖區,內湖區內湖路1段與內湖路1段591巷口,0,0,1,1,C03,7,6,5,50,4,1,1,5,4,5,13,1,1,1,4,5,1,17,2,57,2,9,5,1,7,9,1,10,1,11,42,1,21,121.5733199,25.080765
114,07,08,18,27,2,12內湖區,內湖區康寧路3段225號,0,0,1,1,C04,7,7,5,50,14,9,1,5,4,5,13,1,1,1,4,5,1,17,2,32,2,8,6,1,7,1,1,8,1,11,19,1,21,121.6117003,25.0675281
114,07,08,18,30,2,06松山區,松山區民權大橋東往西下橋處第3根燈桿,0,0,1,1,B03,8,5,5,50,8,7,1,5,4,5,13,4,4,1,4,5,2,13,1,51,3,10,7,1,7,9,1,8,1,5,16,1,22,121.5681831,25.06383384
114,07,08,18,49,2,12內湖區,內湖區舊宗路2段與國道一號口南下出口,0,0,1,1,B03,7,5,5,50,4,1,1,5,4,5,13,1,1,1,4,5,2,17,1,61,3,10,7,1,7,6,1,8,9,17,71,1,21,121.5748595,25.0707712
114,07,08,18,55,2,04大安區,大安區杭州南路2段與潮州街口,0,0,1,1,C03,7,5,5,50,4,1,1,5,4,5,13,2,1,5,4,5,2,16,2,18,2,9,6,1,7,5,1,10,1,13,8,1,21,121.5220205,25.0295823
114,07,08,18,59,2,12內湖區,內湖區內湖路2段179號附近側附近,0,0,1,1,B03,8,5,5,50,14,9,1,5,4,5,13,4,4,5,4,5,2,17,2,46,3,10,7,1,7,15,1,8,1,4,40,1,21,121.5864498,25.0811179
114,07,08,19,00,2,10文山區,文山區指南路3段與指南路3段38巷口口,0,0,1,1,C03,8,5,5,30,3,1,1,5,4,5,13,4,4,10,5,5,1,11,1,21,3,10,6,1,7,14,1,10,1,14,44,1,21,121.5825242,24.9794384
114,07,08,19,29,2,06松山區,松山區民權東路4段180號,0,0,1,1,B03,7,5,5,50,14,9,1,5,4,5,13,4,4,1,4,4,2,17,1,21,3,10,7,1,7,8,1,8,2,5,100,1,21,121.5580317,25.0620346
114,07,08,20,26,2,07信義區,信義區嘉興街與文昌街口,0,0,2,1,C03,7,5,5,30,5,1,1,5,4,5,13,4,4,10,5,5,2,17,1,52,2,8,5,1,7,15,1,10,1,14,44,1,21,121.5585787,25.0321801
114,07,08,21,00,2,08士林區,士林區福港街149巷15弄與華齡街185巷口口,0,0,1,1,C03,7,5,5,30,3,1,1,4,4,5,13,4,4,9,5,5,2,17,2,64,3,10,5,1,7,5,3,18,1,11,72,1,22,121.5190351,25.0876696
114,07,08,21,09,2,05中正區,中正區新生南路1段與仁愛路2段口,0,0,1,1,,7,5,5,50,4,2,1,4,3,1,13,1,1,1,4,5,2,28,3,0,,,,,,,,,,,65,1,,121.532628,25.0383838
114,07,08,21,18,2,08士林區,士林區中山北路6段與忠誠路1段口,0,0,1,1,B03,6,5,5,50,4,2,1,4,4,5,13,2,1,1,2,5,2,3,1,74,4,11,3,4,7,6,7,19,11,8,70,2,22,121.5250365,25.103948
114,07,08,21,26,2,05中正區,中正區中華路1段與漢口街1段口,0,0,1,1,B12,7,5,5,50,4,2,1,4,4,5,13,1,1,1,4,1,2,17,4,0,,,,,,,,,,,119,2,,121.5092987,25.04511249
114,07,08,22,53,2,02萬華區,萬華區內江街與雅江街口,0,0,1,1,C03,6,5,5,50,4,1,1,4,4,5,13,4,4,9,5,5,2,17,2,23,2,8,5,1,7,12,1,10,1,14,42,1,21,121.501598,25.0417317
114,07,09,00,21,2,07信義區,信義區基隆路2段與基隆路2段197巷口,0,0,1,1,,6,5,5,50,14,9,1,4,4,5,13,1,1,8,5,5,2,29,3,0,,,,,,,,,,,67,1,,121.5529395,25.0246492
114,07,09,00,32,2,12內湖區,內湖區民權東路6段100號10號汽車格,0,0,1,1,F01,6,5,5,50,14,9,1,4,4,5,13,4,4,9,4,4,2,13,1,20,2,9,6,2,7,9,8,20,2,11,64,1,21,121.5863952,25.0688823
114,07,09,00,42,2,03中山區,中山區內湖路1段與堤頂大道2段口,0,0,1,1,B01,7,5,5,50,3,1,1,4,4,5,13,1,1,1,2,5,1,17,1,62,4,11,3,3,7,6,1,4,9,2,9,1,22,121.5608484,25.08439493
114,07,09,00,48,1,07信義區,信義區松德路132號,1,0,0,1,B03,6,6,5,30,14,20,1,4,4,5,13,4,4,10,5,5,2,9,4,0,,,,,,,,,11,,119,2,,121.5745009,25.0372329
114,07,09,03,18,2,02萬華區,萬華區水源路207-2號,0,0,2,1,C03,6,5,5,40,14,9,1,4,4,5,13,4,4,9,5,5,2,3,1,69,2,3,5,4,7,9,1,10,1,11,108,1,21,121.5030361,25.01937933
114,07,09,07,06,2,07信義區,信義區基隆路1段與松壽路口,0,0,1,1,C03,6,6,5,50,14,9,1,4,4,5,13,1,1,1,3,5,2,17,1,32,2,9,3,4,7,9,1,10,1,14,116,1,22,121.5613415,25.0357154
114,07,09,07,15,2,07信義區,信義區吳興街281巷11弄與吳興街281巷口,0,0,1,1,B03,6,6,5,30,3,1,1,4,4,5,13,4,4,10,5,5,2,16,1,57,3,10,3,4,7,5,1,8,2,8,8,1,21,121.5646421,25.0265074
114,07,09,07,28,2,05中正區,中正區中華路2段33號,0,0,1,1,C03,6,6,5,50,14,9,1,4,4,5,13,4,4,1,4,5,2,13,1,46,2,7,5,1,7,9,1,10,2,11,108,1,21,121.506531,25.0355428
114,07,09,07,29,2,09北投區,北投區北投路2段與大興街口,0,0,1,1,B03,6,6,5,50,4,2,1,4,4,5,13,1,1,5,4,4,2,17,2,41,3,10,7,1,7,15,1,8,9,17,42,2,28,121.4996244,25.1302435
114,07,09,07,32,2,05中正區,中正區重慶南路2段與寧波西街口口,0,0,1,1,B03,6,6,5,50,4,1,1,4,4,5,13,1,1,1,4,5,2,12,1,35,3,10,3,4,7,7,1,8,1,2,42,1,21,121.5153442,25.029755
114,07,09,07,35,2,10文山區,文山區木柵路1段與木柵路1段70巷口,0,0,1,1,C03,6,5,5,50,14,9,1,4,4,5,13,2,1,5,4,5,2,12,1,61,3,10,6,1,7,9,1,11,2,12,108,2,26,121.5484935,24.9871341
114,07,09,08,08,2,12內湖區,內湖區康寧路1段與康寧路1段195巷口,0,0,2,1,C03,6,6,5,30,3,2,1,4,4,5,13,4,4,9,5,5,2,13,2,62,2,9,5,1,7,9,1,10,2,11,16,1,21,121.596899,25.0784485
114,07,09,08,15,2,12內湖區,內湖區民權東路6段37號旁,0,0,1,1,C03,6,6,5,50,14,9,1,4,4,5,13,1,1,1,5,5,2,12,1,19,2,7,6,1,7,8,1,10,2,14,100,1,21,121.584905,25.06892
114,07,09,08,35,2,04大安區,大安區和平東路2段與新生南路3段口,0,0,1,1,C03,6,6,5,50,14,9,1,4,4,5,13,4,4,3,4,5,2,17,4,0,4,11,3,4,7,21,7,19,11,15,119,2,22,121.5349329,25.0254972
114,07,09,08,40,2,08士林區,士林區承德路5段與士商路口,0,0,1,1,B12,6,7,5,40,4,2,1,4,4,5,13,1,1,1,4,4,1,17,1,36,3,10,7,1,7,6,1,8,1,5,9,1,21,121.5142406,25.0960299
114,07,09,09,46,2,06松山區,松山區民生東路4段64號,0,0,1,1,A04,6,5,5,50,14,9,1,4,4,5,13,4,4,1,3,5,2,9,1,59,3,10,7,1,7,9,1,2,9,15,44,1,22,121.5519675,25.0579142
114,07,09,10,07,2,07信義區,信義區吳興街486號與吳興街口,0,0,1,1,B03,6,6,5,30,4,1,1,4,4,5,13,3,1,8,5,5,2,16,2,24,3,10,3,4,7,6,1,8,1,8,72,1,22,121.5697471,25.0233783