發生年度,發生月,發生日,發生時-Hours,發生分,處理別-編號,區序,肇事地點,死亡人數,2-30日死亡人數,受傷人數,當事人序號,車種,天候,光線,道路類別,速限-速度限制,道路型態,事故位置,路面狀況1,路面狀況2,路面狀況3,道路障礙1,道路障礙2,號誌1,號誌2,車道劃分-分向,車道劃分-分道1,車道劃分-分道2,車道劃分-分道3,事故類型及型態,性別,年齡,受傷程度,主要傷處,保護裝置,行動電話,車輛用途,當事者行動狀態,駕駛資格情形,駕駛執照種類,飲酒情形,車輛撞擊部位1,肇因碼-個別,個人肇逃否,職業,座標-X,座標-Y
114,07,09,10,08,2,06松山區,松山區寶清街30巷與寶清街口,0,0,2,1,C03,6,7,5,30,4,1,1,4,4,5,13,4,4,5,5,5,2,15,1,47,2,8,5,1,7,9,1,10,1,12,72,1,21,121.5682015,25.051919
114,07,09,10,26,2,02萬華區,萬華區堤外便道(近華中橋),0,0,2,1,C03,6,5,5,40,14,9,1,4,4,5,13,4,4,10,5,5,2,17,1,27,2,7,5,4,7,11,1,10,1,14,10,1,21,121.4923581,25.01964696
114,07,09,10,30,2,02萬華區,萬華區華中橋往新北市機車道近7010471燈桿,0,0,2,1,C03,6,6,5,40,8,11,1,4,4,5,13,4,4,1,4,1,2,12,1,23,2,8,6,1,7,9,1,10,1,11,16,1,21,121.4954209,25.0157797
114,07,09,10,43,2,12內湖區,內湖區安美街165號,0,0,1,1,B03,6,6,5,30,14,9,1,4,4,5,13,4,4,10,5,5,2,17,2,29,3,10,7,1,7,1,1,8,1,7,19,1,21,121.6006528,25.0599663
114,07,09,11,19,2,09北投區,北投區石牌路2段與石牌路2段90巷口,0,0,1,1,B03,6,6,5,50,3,1,1,4,4,5,13,4,4,5,4,5,2,3,1,67,3,10,7,1,7,5,1,8,2,8,42,1,21,121.5164765,25.1171182
114,07,09,11,24,2,04大安區,大安區羅斯福路2段79號,0,0,1,1,B01,7,5,5,50,14,9,1,4,4,5,13,4,4,3,1,5,2,17,1,58,3,10,7,1,7,8,1,4,1,7,100,1,21,121.5232595,25.0260453
114,07,09,11,50,2,03中山區,中山區龍江路53號對面,0,0,1,1,B03,7,7,5,50,14,9,1,5,4,5,13,4,4,1,4,5,2,17,1,79,3,10,3,4,7,14,1,8,1,2,40,1,21,121.5403924,25.0493932
114,07,09,11,52,2,07信義區,信義區基隆路2段107-4號,0,0,1,1,C03,6,6,5,50,14,9,1,4,4,5,13,4,4,1,4,5,2,17,2,35,2,9,6,1,7,9,1,10,1,14,44,1,22,121.5574231,25.0293199
114,07,09,12,11,2,12內湖區,內湖區新明路與新明路321巷口,0,0,1,1,C03,6,6,5,50,3,2,1,4,4,5,13,2,1,5,4,5,2,17,1,30,3,10,5,1,7,5,1,10,1,14,8,1,21,121.5845689,25.05686765
114,07,09,12,15,2,08士林區,士林區天母東路8巷21號,0,0,1,1,C03,6,6,5,30,14,9,1,4,4,5,13,4,4,10,5,5,1,3,1,31,3,10,5,1,7,9,1,10,2,12,108,1,21,121.5317667,25.117264
114,07,09,12,36,2,07信義區,信義區基隆路車行地下道,0,0,1,1,B13,6,7,5,50,14,9,1,4,4,5,13,4,4,1,3,5,2,13,1,40,3,10,7,1,7,9,1,8,1,1,16,1,22,121.5656375,25.0430738
114,07,09,12,41,2,03中山區,中山區吉林路與吉林路329巷口,0,0,1,1,B01,6,5,5,50,4,1,1,4,4,5,13,4,4,9,4,4,2,17,1,40,3,10,3,4,7,5,1,4,1,17,74,1,21,121.5303376,25.06391756
114,07,09,12,43,2,03中山區,中山區長安東路2段與吉林路口,0,0,2,1,C03,7,6,5,50,5,1,1,4,4,5,13,1,1,9,4,5,2,17,1,48,3,10,5,4,7,8,1,10,1,17,100,1,21,121.5305299,25.0483237
114,07,09,13,14,2,10文山區,文山區景興路與景後街149巷口,0,0,1,1,B03,7,6,5,30,3,1,1,4,4,5,13,4,4,10,5,5,2,17,1,58,3,10,7,1,7,5,1,8,1,17,72,1,21,121.5427705,24.9899968
114,07,09,13,23,2,12內湖區,內湖區民權東路6段99號,0,0,1,1,C03,7,6,5,50,14,7,1,5,4,5,13,4,4,1,4,4,2,13,1,24,2,9,6,1,7,9,1,10,1,11,16,1,21,121.5889104,25.0690908
114,07,09,13,36,2,05中正區,中正區信義路2段與連雲街口,0,0,1,1,C03,7,6,5,50,4,1,1,4,4,5,13,2,1,5,4,5,2,13,1,20,3,10,6,1,7,9,1,10,1,11,44,1,22,121.5300119,25.03379575
114,07,09,13,44,2,02萬華區,萬華區貴陽街2段116號,0,0,1,1,A02,7,6,5,50,14,9,1,5,4,5,13,4,4,8,3,5,1,9,1,58,3,10,7,1,7,15,1,2,9,17,108,1,21,121.5025972,25.039953
114,07,09,14,25,2,08士林區,士林區中山北路6段與福國路口,0,0,1,1,B03,6,6,5,50,4,2,1,4,4,5,13,1,1,10,4,5,1,13,2,24,3,10,7,1,7,7,1,8,1,5,100,1,21,121.5249093,25.1023828
114,07,09,14,41,2,04大安區,大安區忠孝東路4段與敦化南路1段口,0,0,1,1,C03,6,5,5,50,14,9,1,4,4,5,13,2,1,10,5,5,2,17,1,21,2,8,3,4,7,9,1,10,1,14,118,1,21,121.5483466,25.0414396
114,07,09,15,00,2,03中山區,中山區建國北路2段與民權東路3段口口,0,0,2,1,C04,7,7,5,50,4,1,1,5,4,5,13,2,1,1,4,5,2,17,2,64,2,9,3,4,7,7,1,11,1,12,100,1,21,121.5372784,25.0623933
114,07,09,15,43,2,03中山區,中山區農安街204巷與民權東路2段135巷29弄口,0,0,1,1,C03,6,6,5,30,4,1,1,4,4,5,13,4,4,10,5,5,2,17,2,32,2,9,6,1,7,5,1,10,1,12,72,1,22,121.5362299,25.0642501
114,07,09,15,45,2,04大安區,大安區仁愛路3段與復興南路1段口,0,0,1,1,C03,6,5,5,50,4,2,1,4,4,5,13,4,4,10,5,5,2,18,2,62,2,9,3,4,7,9,1,10,1,14,42,1,21,121.5436273,25.0375563
114,07,09,16,00,2,07信義區,信義區松山路654號旁,0,0,1,1,H01,6,6,5,50,14,9,1,4,4,5,13,3,1,5,4,5,2,3,2,15,2,9,4,5,8,18,8,20,10,16,121,1,16,121.5802344,25.0338822
114,07,09,16,29,2,11南港區,南港區玉成街48號,0,0,2,1,C03,7,7,5,30,14,9,1,4,4,5,13,4,4,5,4,5,2,17,1,48,2,9,5,1,7,5,1,10,1,11,8,1,21,121.5815368,25.0482368
114,07,09,16,43,2,03中山區,中山區北安路與大直橋口,0,0,1,1,B03,6,7,5,50,4,2,1,4,4,5,13,1,1,1,4,5,2,17,2,62,3,10,7,1,7,6,1,8,2,15,17,1,22,121.5447674,25.0797303
114,07,09,16,50,2,03中山區,中山區北安路與北安路759巷口口,0,0,1,1,C03,6,7,5,50,4,2,1,4,4,5,13,1,1,1,4,5,2,13,1,38,2,7,3,4,7,9,1,10,1,14,16,1,21,121.5528851,25.0857805
114,07,09,16,54,2,07信義區,信義區忠孝東路5段71巷3弄與忠孝東路5段71巷口,0,0,2,1,C03,6,6,5,30,4,1,1,4,4,5,13,4,4,10,5,5,2,15,1,45,2,7,3,4,7,9,1,10,2,12,72,1,21,121.5673148,25.0416261
114,07,09,17,08,2,07信義區,信義區莊敬路與莊敬路423巷口,0,0,1,1,B02,6,5,5,50,4,1,1,4,4,5,13,2,1,5,4,5,1,17,1,36,3,10,7,1,7,6,1,8,1,17,9,1,21,121.5666143,25.0272116
114,07,09,17,15,2,03中山區,中山區林森北路與南京東路1段口,0,0,1,1,C03,6,5,5,50,4,2,1,4,4,5,13,1,1,1,4,4,2,13,1,59,2,8,5,1,7,9,1,10,1,14,42,1,22,121.5253464,25.0523767
114,07,09,17,26,2,08士林區,士林區至善路2段266巷與至善路2段口口,0,0,1,1,B03,6,6,5,50,3,1,1,4,4,5,13,2,1,3,4,5,2,17,2,48,3,10,7,1,7,11,1,8,1,7,10,1,21,121.5508993,25.1005761
114,07,09,17,38,2,05中正區,中正區仁愛路2段與杭州南路1段口,0,0,1,1,,7,5,5,50,4,2,1,4,4,5,13,1,1,9,2,5,2,17,4,0,,,,,7,15,7,19,11,,119,2,,121.5252424,25.0383986
114,07,09,17,41,2,11南港區,南港區南港路1段277巷,0,0,1,1,B03,6,7,5,50,14,9,1,4,4,5,13,4,4,4,5,5,2,14,1,65,3,10,7,1,7,2,1,8,1,7,12,1,21,121.6086619,25.0543808
114,07,09,17,53,2,04大安區,大安區忠孝東路4段216巷與安和路1段49巷口,0,0,1,1,B03,6,6,5,30,5,1,1,4,4,3,10,4,4,9,5,5,2,17,1,48,3,10,7,4,7,9,1,8,1,17,72,1,21,121.5529106,25.0384978
114,07,09,18,28,2,11南港區,南港區成福路與玉成街235巷口,0,0,1,1,B03,6,7,5,50,3,2,1,4,4,5,13,4,4,9,5,5,2,3,1,50,3,10,7,4,7,9,1,8,2,1,108,1,21,121.5866601,25.0436227
114,07,09,18,32,2,03中山區,中山區龍江路356巷8號,0,0,1,1,B03,6,5,5,50,14,9,1,4,4,5,13,4,4,9,4,5,2,9,2,30,3,10,7,1,7,9,1,15,1,1,76,1,21,121.5405894,25.06604769
114,07,09,18,34,2,03中山區,中山區新生北路2段與民生東路2段口,0,0,1,1,C03,7,5,5,50,4,1,1,4,4,5,13,2,1,1,5,5,1,17,1,22,3,10,6,4,7,15,1,10,11,17,100,2,21,121.5277772,25.05806784
114,07,09,18,42,2,06松山區,松山區健康路183號,0,0,1,1,C03,6,5,5,30,14,7,1,4,4,5,13,4,4,9,4,4,2,17,2,54,3,10,5,1,7,6,1,10,2,17,72,1,22,121.5614313,25.0540934
114,07,09,19,16,2,01大同區,大同區鄭州路與環河北路1段口,0,0,1,1,B03,6,5,5,50,4,2,1,4,4,5,13,1,1,5,2,5,2,17,1,40,3,10,7,1,7,7,1,8,11,17,100,1,21,121.5067539,25.0506113
114,07,09,19,35,2,02萬華區,萬華區環河快速道路往南6011214燈桿,0,0,2,1,B03,6,5,5,60,10,7,1,4,4,5,13,4,4,1,4,5,2,12,1,35,3,10,7,1,7,9,1,8,1,1,44,1,21,121.4925677,25.03732927
114,07,09,20,24,2,12內湖區,內湖區瑞光路與陽光街265巷口,0,0,1,1,C03,6,5,5,50,3,2,1,4,4,5,13,4,4,5,4,5,2,12,1,71,2,9,5,1,7,9,1,10,2,14,44,1,21,121.5794605,25.073435
114,07,09,20,30,2,03中山區,中山區民族東路與松江路口,0,0,1,1,B03,7,5,5,50,5,1,1,4,4,5,13,1,1,1,4,5,1,12,2,54,4,11,3,4,7,9,1,8,11,2,108,2,22,121.5358794,25.06812322
114,07,09,20,35,2,10文山區,文山區興隆路4段122巷與興隆路4段122巷8弄口,0,0,1,1,C03,6,5,5,30,3,1,1,4,4,5,13,4,4,10,5,5,2,3,2,59,3,10,3,4,7,9,3,18,9,12,108,1,22,121.5616896,24.98246357
114,07,09,21,44,2,04大安區,大安區羅斯福路3段279號,0,0,1,1,B03,7,5,5,50,14,9,1,4,4,5,13,4,4,1,4,5,2,17,1,57,3,10,3,4,7,1,1,8,11,17,19,2,21,121.5310214,25.018108
114,07,09,22,10,2,02萬華區,萬華區環河南路1段67號,0,0,1,1,C03,6,7,5,50,14,9,1,4,4,3,13,4,4,9,4,5,2,17,1,58,2,9,5,1,7,9,1,10,6,11,21,1,21,121.5019347,25.045092
114,07,09,22,35,2,01大同區,大同區民生西路與雙連街口,0,0,1,1,B03,8,6,5,50,14,9,1,5,4,5,13,2,1,9,5,5,2,12,1,50,3,10,7,4,7,9,1,8,1,7,17,1,22,121.519262,25.0575359
114,07,09,23,32,2,04大安區,大安區和平東路3段632巷與和平東路3段606巷口,0,0,1,1,B03,6,5,5,30,3,1,1,4,4,5,13,4,4,10,5,5,2,17,2,28,3,10,7,1,7,6,1,8,1,5,42,1,21,121.5618013,25.0124796
114,07,10,00,03,2,02萬華區,萬華區水源快速道路,0,0,1,1,B12,6,5,5,60,14,9,1,4,4,5,13,4,4,10,5,5,2,35,1,43,2,9,7,1,7,15,1,8,1,8,42,1,21,121.5051491,25.0203268
114,07,10,00,12,2,05中正區,中正區汀州路3段與羅斯福路4段90巷口,0,0,1,1,B03,6,5,5,50,4,1,1,4,4,5,13,1,1,5,5,5,2,16,1,53,3,10,7,1,7,5,6,18,9,2,71,1,22,121.5344772,25.0135356
114,07,10,07,35,2,03中山區,中山區內湖路1段東,0,0,1,1,C03,7,7,5,40,11,9,1,5,4,5,13,4,4,1,4,5,2,17,2,45,2,9,3,4,7,9,1,10,2,14,17,1,21,121.5593114,25.0849128
114,07,10,07,45,2,05中正區,中正區忠孝東路2段與金山南路1段口,0,0,1,1,C03,7,5,5,50,4,1,1,4,4,5,13,1,1,9,4,5,2,17,2,23,3,10,5,1,7,5,1,10,2,14,8,1,21,121.5297707,25.0431222
114,07,10,08,05,2,03中山區,中山區四平街與四平街134巷口,0,0,1,1,B03,6,7,5,30,4,1,1,4,4,5,13,4,4,5,5,5,2,16,1,32,3,10,7,1,7,5,1,8,1,5,72,1,22,121.5360075,25.0536329
114,07,10,08,15,2,12內湖區,內湖區金豐街與石潭路131巷口,0,0,1,1,C03,6,5,5,50,3,4,1,4,4,5,13,2,1,5,5,5,1,13,1,29,4,11,3,4,7,21,7,19,11,15,108,2,21,121.5888131,25.0647218
114,07,10,08,27,2,06松山區,松山區健康路35巷與光復北路190巷口,0,0,2,1,H02,6,6,5,30,3,2,1,4,4,5,13,4,4,10,5,5,2,9,2,43,3,10,4,5,7,19,8,20,10,16,126,1,21,121.5539922,25.0546211
114,07,10,08,31,2,12內湖區,內湖區金湖路與民權東路6段口引道,0,0,1,1,C03,7,7,5,50,4,2,1,4,4,5,13,4,4,1,5,5,2,9,1,26,3,10,5,1,7,9,1,10,1,11,70,1,21,121.6056098,25.07335481
114,07,10,08,33,2,07信義區,信義區吳興街與吳興街口,0,0,2,1,C04,7,7,5,30,3,1,1,4,4,5,13,3,1,5,5,5,2,17,2,71,2,9,3,4,7,5,1,8,2,11,72,1,21,121.5697563,25.0234098
114,07,10,08,35,2,10文山區,文山區木柵路4段與木柵路4段159巷口,0,0,1,1,B12,7,6,5,50,3,2,1,4,4,5,13,1,1,5,4,5,2,17,1,62,3,10,3,4,7,7,7,19,9,17,100,1,22,121.5757184,24.9998016
114,07,10,08,40,2,02萬華區,萬華區富民路5號,0,0,1,1,C03,8,7,5,50,14,7,1,5,4,5,13,4,4,9,3,5,2,3,2,36,3,10,6,1,7,9,1,10,1,14,108,1,22,121.4975837,25.0192249
114,07,10,08,45,2,04大安區,大安區和平東路2段107巷與和平東路2段口,0,0,1,1,B03,6,6,5,50,3,1,1,4,4,5,13,1,1,3,4,4,2,17,2,42,3,10,7,4,7,11,1,8,1,17,10,1,21,121.5402953,25.0252488
114,07,10,08,55,2,05中正區,中正區重慶南路3段與和平西路1段口,0,0,1,1,B03,6,6,5,50,5,1,1,4,4,5,13,1,1,3,4,5,2,16,1,39,3,10,7,1,7,6,1,8,1,2,9,1,21,121.516103,25.027183
114,07,10,09,12,2,03中山區,中山區中山北路3段53號,0,0,1,1,C03,6,7,5,50,14,9,1,4,4,5,13,4,4,9,4,5,2,17,1,30,3,10,6,1,7,9,1,10,1,13,42,1,21,121.5227711,25.06784422
114,07,10,09,14,2,02萬華區,萬華區環河快速高架道南往北近長沙街二段,0,0,1,1,B03,6,6,8,70,14,7,1,4,4,5,13,4,4,10,5,5,2,12,1,29,3,10,7,1,7,7,1,8,1,8,100,1,21,121.508058,25.056052
114,07,10,09,30,2,03中山區,中山區樂群二路與敬業四路口側附近口,0,0,1,1,C03,6,7,5,50,3,1,1,4,4,5,13,1,1,1,4,5,2,17,1,51,2,7,3,4,7,9,1,10,1,17,13,1,21,121.5603131,25.0798673
114,07,10,09,35,2,01大同區,大同區民權西路157-1號,0,0,1,1,C03,6,6,5,50,14,9,1,4,4,5,13,4,4,1,4,5,2,17,2,43,3,10,5,4,7,9,1,10,1,17,30,1,21,121.5168158,25.0628832
114,07,10,09,38,2,07信義區,信義區基隆路2段115號,0,0,1,1,C03,7,7,5,50,14,9,1,5,4,5,13,4,4,2,4,5,2,13,1,27,2,9,3,4,7,9,1,10,1,11,108,1,22,121.5571291,25.0288741
114,07,10,10,00,2,03中山區,中山區北安路與大直街口,0,0,1,1,C03,8,6,5,50,4,1,1,5,4,5,13,1,1,9,4,5,2,16,1,23,2,9,6,4,7,9,1,10,1,14,42,1,22,121.5471445,25.07985049
114,07,10,10,47,2,04大安區,大安區基隆路2段與基隆路口側附近2段291巷口口,0,0,1,1,B03,6,6,5,50,3,1,1,4,4,5,13,4,4,1,4,5,2,17,1,63,3,10,7,1,7,6,1,8,1,5,9,1,22,121.5493589,25.0213846
114,07,10,11,20,2,05中正區,中正區徐州路與徐州路口台大急診室前,0,0,1,1,B03,6,6,5,50,3,2,1,4,4,5,13,4,4,9,5,4,2,17,1,50,3,10,7,4,7,6,6,1,11,17,9,1,22,121.5199274,25.0415732
114,07,10,11,40,2,05中正區,中正區杭州南路1段與杭州南路1段6巷口,0,0,1,1,B01,7,5,5,30,4,1,1,4,4,5,13,4,4,9,4,5,2,17,1,60,3,10,7,1,7,5,1,4,1,17,72,1,21,121.5266508,25.0434363
114,07,10,11,53,2,05中正區,中正區徐州路48號,0,0,2,1,C03,7,6,5,50,14,8,1,4,4,5,13,4,4,9,4,4,2,17,2,42,2,7,5,1,7,1,3,18,2,14,19,1,22,121.5251102,25.04034688
114,07,10,12,00,2,01大同區,大同區重慶北路2段與民生西路口,0,0,1,1,C03,7,6,5,50,4,2,1,4,4,5,13,1,1,5,4,5,2,13,1,51,3,10,6,1,7,9,1,10,1,11,16,1,21,121.5142256,25.0570531
114,07,10,12,04,2,09北投區,北投區東華街2段138號,0,0,1,1,C03,7,6,5,50,14,9,1,4,4,5,13,4,4,1,4,5,2,17,1,28,2,9,6,1,7,9,1,10,2,12,118,1,21,121.5121626,25.1194294
114,07,10,12,09,2,04大安區,大安區濟南路3段與濟南路3段5巷口,0,0,1,1,C03,7,5,5,30,4,1,1,4,4,5,13,4,4,5,4,5,2,17,1,35,3,10,5,1,7,9,1,10,9,17,72,1,21,121.5333881,25.0398696
114,07,10,12,22,2,12內湖區,內湖區堤外便道與五分街口,0,0,1,1,C03,6,6,5,50,4,2,1,4,4,5,13,2,1,5,5,5,2,17,2,25,2,8,6,1,7,4,1,10,1,12,94,1,21,121.6178367,25.06580191
114,07,10,12,24,2,05中正區,中正區中正橋往台北,0,0,1,1,C03,6,6,5,40,8,11,4,4,4,1,13,4,4,1,4,1,2,29,1,29,2,1,5,1,7,9,1,10,1,14,108,1,21,121.5168486,25.022422
114,07,10,12,40,2,07信義區,信義區基隆路2段與信義路5段口,0,0,1,1,C03,6,7,5,50,4,1,1,4,4,5,13,2,1,3,4,5,2,12,2,19,2,8,6,1,7,6,1,10,1,14,99,1,22,121.5595465,25.0328809
114,07,10,12,46,2,05中正區,中正區中山北路1段與忠孝西路1段口,0,0,2,1,C03,7,6,5,50,4,1,1,4,4,5,13,2,1,5,2,5,2,12,1,50,2,7,5,1,7,6,6,10,2,14,99,1,22,121.5194802,25.04569536
114,07,10,12,53,1,09北投區,北投區致遠一路1段46巷與西安街1段口,1,0,0,1,B13,6,5,5,50,4,18,1,4,4,5,13,2,1,5,4,5,2,3,1,35,3,10,7,1,7,5,1,8,2,8,70,1,21,121.5180987,25.11037417
114,07,10,13,15,2,04大安區,大安區忠孝東路4段與延吉街口,0,0,1,1,C03,6,6,5,50,4,2,1,4,4,5,13,2,1,5,4,5,2,17,1,37,2,8,6,1,7,9,1,10,1,15,108,1,21,121.5543977,25.04161827
114,07,10,13,29,2,01大同區,大同區民權西路133巷與承德路3段24巷口,0,0,1,1,C03,6,6,5,30,3,1,1,4,4,5,13,4,4,10,5,5,2,18,2,41,2,9,5,1,7,9,1,10,2,14,116,1,21,121.5171587,25.064234
114,07,10,13,43,2,04大安區,大安區瑞安街5號與無名巷口,0,0,1,1,F01,6,6,5,30,4,1,1,4,4,5,13,4,4,10,5,5,2,17,1,75,3,10,4,1,7,7,8,20,1,17,100,1,21,121.5439436,25.0324377
114,07,10,13,51,2,03中山區,中山區建國高架道往北0.4K處,0,0,2,1,B03,7,7,5,70,14,9,1,5,4,5,13,4,4,2,4,5,2,13,1,28,3,10,7,1,7,9,1,8,1,1,108,1,21,121.5352467,25.06662013
114,07,10,14,00,2,05中正區,中正區中山南路與忠孝西路1段口,0,0,1,1,C03,7,5,5,50,4,2,1,4,4,5,13,1,1,9,4,5,2,17,1,37,2,9,5,1,7,15,1,10,1,11,44,1,21,121.5194506,25.0457085
114,07,10,14,18,2,11南港區,南港區成福路14號,0,0,1,1,B03,6,6,5,30,14,9,1,4,4,5,13,4,4,5,5,5,2,16,2,35,3,10,3,4,7,6,1,8,1,2,9,1,22,121.5860722,25.045717
114,07,10,14,22,2,02萬華區,萬華區東園街35巷與東園街口65號停車場出入口,0,0,1,1,C03,6,5,5,30,3,1,1,4,4,5,13,4,4,9,5,5,2,17,2,25,2,9,3,4,7,9,1,10,1,14,116,1,22,121.4968884,25.0272964
114,07,10,14,25,2,07信義區,信義區信義路5段91巷15弄與松勇路53巷口,0,0,1,1,B03,6,6,5,30,3,2,1,4,4,5,13,4,4,9,5,5,2,17,2,80,3,10,7,1,7,1,1,8,2,5,19,1,22,121.5734682,25.034154
114,07,10,14,30,2,12內湖區,內湖區瑞光路112巷與瑞光路口,0,0,1,1,B01,6,6,5,50,3,1,1,4,4,5,13,1,1,10,5,5,2,3,1,58,3,10,7,1,7,5,1,4,2,1,70,1,21,121.5807259,25.0722968
114,07,10,14,39,2,04大安區,大安區復興南路2段與復興南路2段148巷口,0,0,1,1,B03,6,6,5,50,4,2,1,4,4,5,13,2,1,1,4,5,2,17,1,52,3,10,3,4,7,1,1,4,1,17,19,1,21,121.5433291,25.0278916
114,07,10,15,07,2,04大安區,大安區忠孝東路4段248巷與忠孝東路4段216巷33弄口,0,0,1,1,B13,6,5,5,30,4,1,1,4,4,5,13,4,4,10,5,5,2,15,1,30,2,8,3,4,7,9,1,8,1,1,14,1,21,121.5540626,25.0393994
114,07,10,15,19,2,04大安區,大安區光復南路116巷與光復南路108巷5弄口,0,0,3,1,C03,6,6,5,30,4,1,1,4,4,5,13,4,4,10,5,5,2,15,1,27,2,9,6,1,7,9,1,10,1,14,72,1,21,121.5570791,25.0430426
114,07,10,15,29,2,06松山區,松山區復興北路35號,0,0,1,1,C03,6,6,5,50,14,9,1,4,4,5,13,2,1,1,4,5,2,17,2,46,2,9,5,4,7,9,1,9,2,14,42,1,21,121.5441256,25.0501138
114,07,10,15,30,2,04大安區,大安區基隆路4段北往南,0,0,1,1,F01,6,6,5,40,14,8,1,4,3,5,13,4,4,1,3,4,2,29,1,25,2,9,4,1,7,9,8,20,1,17,44,1,21,121.5397968,25.0135872
114,07,10,15,51,2,06松山區,松山區南京東路5段與南京東路5段23巷口,0,0,1,1,B03,6,6,5,40,3,1,1,4,4,5,13,2,1,1,3,4,2,17,1,67,3,10,7,1,7,6,1,8,1,1,9,1,22,121.5579909,25.0516843
114,07,10,16,15,2,12內湖區,內湖區民權東路6段190巷38號,0,0,1,1,B03,6,6,5,30,14,9,1,4,4,5,13,1,1,9,5,5,2,17,1,33,3,10,7,1,7,9,1,8,2,2,108,1,21,121.5943089,25.0672042
114,07,10,16,16,2,03中山區,中山區市民大道3段與安東街16巷18弄口,0,0,1,1,C03,6,6,5,40,3,2,1,4,4,5,13,4,4,1,4,5,2,17,1,27,2,9,6,1,7,7,1,10,1,17,100,1,22,121.5407317,25.0445144
114,07,10,16,19,2,10文山區,文山區興隆路4段與木新路3段口路口,0,0,1,1,B03,6,7,5,50,3,1,1,4,4,5,13,2,1,10,5,5,2,17,1,49,3,10,7,1,7,5,1,8,1,17,44,1,21,121.5625259,24.9822009
114,07,10,16,30,2,06松山區,松山區市民大道4段東往西0205067燈桿,0,0,1,1,B03,6,6,5,40,14,9,1,4,4,5,13,4,4,1,4,5,2,16,1,44,3,10,7,1,7,6,1,8,1,15,9,1,22,121.5455029,25.04516271
114,07,10,16,30,2,10文山區,文山區景隆街21號,0,0,1,1,B03,6,6,5,50,14,9,1,4,4,3,10,4,4,9,5,5,2,17,1,34,3,10,7,1,7,1,1,8,2,8,19,1,21,121.5416595,24.9996645
114,07,10,16,45,2,01大同區,大同區長安西路185號,0,0,1,1,B03,6,5,5,50,14,9,1,4,4,5,13,1,1,9,4,5,1,13,1,40,4,11,3,4,7,9,6,18,11,1,108,2,22,121.5134909,25.0517323
114,07,10,16,51,2,01大同區,大同區大龍街與哈密街口,0,0,1,1,C03,6,6,5,30,4,1,4,4,4,5,13,2,1,5,2,5,2,17,1,59,2,9,5,4,7,9,1,10,1,14,42,1,21,121.5156933,25.0724973
114,07,10,17,27,2,11南港區,南港區興中路北往南064燈桿,0,0,1,1,B01,6,7,5,50,14,9,1,4,4,5,13,4,4,9,4,5,2,17,1,60,3,10,7,1,7,1,1,4,1,17,19,1,21,121.6078327,25.0526831
114,07,10,17,33,2,01大同區,大同區台北橋機慢車道,0,0,1,1,C03,6,6,5,50,8,11,1,4,4,5,13,4,4,1,4,5,2,17,1,52,3,10,5,4,7,8,1,10,1,13,100,1,21,121.5081671,25.0635149
114,07,10,17,51,2,11南港區,南港區南港路2段178巷與市民大道8段口口,0,0,1,1,B03,7,6,5,50,3,1,1,4,4,5,13,2,1,1,5,5,2,16,1,36,3,10,3,4,7,5,1,8,1,2,71,1,22,121.5996099,25.0521659
114,07,10,18,03,2,07信義區,信義區松山路與松山路149巷口,0,0,1,1,H01,6,6,5,50,3,1,1,4,4,5,13,1,1,1,4,5,2,3,1,30,3,10,4,5,8,18,8,20,10,16,122,1,22,121.5784985,25.0465793
114,07,10,18,10,2,02萬華區,萬華區昆明街與昆明街96巷口,0,0,1,1,C03,6,6,5,50,3,1,1,4,4,5,13,4,4,10,5,5,2,17,1,29,3,10,6,1,7,5,1,10,1,17,8,1,26,121.5052575,25.04468492
114,07,10,18,17,2,03中山區,中山區興安街與合江街口,0,0,1,1,C03,6,6,5,50,4,1,1,4,4,5,13,1,1,5,5,5,2,17,1,19,3,10,6,4,7,5,1,10,1,17,71,1,22,121.539139,25.0561268
114,07,10,18,22,2,04大安區,大安區敦化南路1段與敦化南路1段190巷口,0,0,2,1,B01,7,6,5,50,4,2,1,4,4,5,13,1,1,1,4,5,2,12,1,59,3,10,7,1,7,7,1,8,1,6,100,1,21,121.5488313,25.0425831
114,07,10,18,49,2,07信義區,信義區松壽路20巷,0,0,1,1,B01,7,5,5,50,14,9,1,4,4,5,13,4,4,9,4,5,2,9,1,63,3,10,7,1,7,14,1,4,2,2,38,1,21,121.5675275,25.0361054
114,07,10,19,05,2,04大安區,大安區基隆路2段與和平東路3段口,0,0,1,1,C03,8,5,5,50,4,1,1,5,4,5,13,1,1,10,5,5,2,17,2,23,3,10,6,1,7,6,1,10,1,12,9,1,21,121.5527722,25.02469
114,07,10,19,16,2,12內湖區,內湖區民權東路6段與民權東路6段248巷口,0,0,1,1,B03,7,5,5,50,3,1,1,4,4,5,13,2,1,1,4,4,2,16,1,51,3,10,7,1,7,11,1,4,1,4,10,1,21,121.6013855,25.0674953
114,07,10,19,34,2,03中山區,中山區長春路與林森北路口,0,0,1,1,A05,8,5,5,50,4,18,1,5,4,5,13,2,1,5,5,5,2,3,1,44,3,10,7,1,7,5,1,2,9,1,70,1,21,121.5254834,25.0550303
114,07,10,19,38,2,09北投區,北投區立德路111號,0,0,1,1,C03,7,5,5,50,14,9,1,5,4,5,13,4,4,5,4,5,2,17,1,21,2,9,6,1,7,9,1,9,1,17,42,1,21,121.471807,25.1263107