發生年度,發生月,發生日,發生時-Hours,發生分,處理別-編號,區序,肇事地點,死亡人數,2-30日死亡人數,受傷人數,當事人序號,車種,天候,光線,道路類別,速限-速度限制,道路型態,事故位置,路面狀況1,路面狀況2,路面狀況3,道路障礙1,道路障礙2,號誌1,號誌2,車道劃分-分向,車道劃分-分道1,車道劃分-分道2,車道劃分-分道3,事故類型及型態,性別,年齡,受傷程度,主要傷處,保護裝置,行動電話,車輛用途,當事者行動狀態,駕駛資格情形,駕駛執照種類,飲酒情形,車輛撞擊部位1,肇因碼-個別,個人肇逃否,職業,座標-X,座標-Y
114,07,10,19,48,2,07信義區,信義區松山路與松德路口,0,0,1,1,B03,6,5,5,50,4,1,1,4,4,5,13,2,1,7,4,5,2,17,1,28,3,10,7,1,7,5,1,8,1,8,80,1,21,121.5778991,25.0395778
114,07,10,20,44,2,03中山區,中山區龍江路與五常街口,0,0,1,1,B03,6,5,5,40,4,1,1,4,4,5,13,2,1,4,5,5,2,16,1,46,3,10,7,4,7,5,1,8,2,4,8,1,21,121.540951,25.0643023
114,07,10,21,15,2,05中正區,中正區中山南路與信義路1段口,0,0,1,1,C03,7,5,5,50,5,2,1,5,4,5,13,1,1,1,4,1,1,12,1,18,2,9,5,1,7,7,1,10,1,14,99,1,21,121.5181432,25.0386269
114,07,10,21,20,2,05中正區,中正區寶慶路與懷寧街口,0,0,1,1,C03,7,5,5,50,3,1,1,4,4,5,13,4,4,5,4,5,2,16,1,30,2,9,5,1,7,5,1,10,2,12,72,1,22,121.5124375,25.04170481
114,07,10,22,34,2,08士林區,士林區仰德大道1段16號,0,0,1,1,B03,6,5,5,40,12,9,1,4,4,5,13,4,4,9,4,5,1,17,1,19,3,10,7,1,7,9,1,8,2,5,108,1,21,121.5377777,25.1011469
114,07,10,23,01,2,08士林區,士林區格致路與愛富二街口,0,0,2,1,C03,6,5,5,40,4,1,1,4,4,5,13,2,1,5,5,5,2,16,1,19,2,9,6,1,7,5,3,18,1,14,8,1,21,121.5464586,25.1389689
114,07,11,01,35,2,10文山區,文山區木柵路1段與和興路口,0,0,1,1,B12,6,5,5,50,14,9,1,4,4,5,13,1,1,5,4,5,1,13,1,30,2,9,7,1,7,9,1,8,2,1,16,1,21,121.5457489,24.9867115
114,07,11,04,39,2,02萬華區,萬華區德昌街235巷12號,0,0,1,1,C03,6,5,5,30,14,9,1,4,4,5,13,4,4,5,5,5,2,3,1,78,3,10,6,1,7,9,1,10,1,11,108,1,21,121.4928657,25.0231184
114,07,11,06,28,2,03中山區,中山區市民大道3段與建國南路1段口,0,0,1,1,C03,7,7,5,40,5,2,1,4,4,5,13,1,1,1,4,5,2,17,1,42,2,9,5,1,7,9,1,10,1,12,13,1,21,121.5371257,25.0448365
114,07,11,07,18,2,07信義區,信義區基隆路1段396號,0,0,1,1,C03,7,7,5,50,14,9,1,5,4,5,13,4,4,3,4,5,2,12,1,58,3,10,3,4,7,8,1,10,2,13,100,1,22,121.5599572,25.0338266
114,07,11,07,32,2,03中山區,中山區北安路與明水路口,0,0,1,1,C03,6,7,5,50,4,2,1,4,4,5,13,1,1,1,4,5,2,13,1,61,2,9,5,1,7,9,1,10,2,11,16,1,22,121.552347,25.0858286
114,07,11,07,50,2,06松山區,松山區復興北路167號,0,0,2,1,C04,7,5,5,50,14,9,1,5,4,5,13,4,4,1,3,5,2,17,1,28,2,9,6,1,7,9,1,10,2,11,20,1,22,121.544208,25.05398444
114,07,11,07,55,2,07信義區,信義區忠孝東路4段559巷24號,0,0,1,1,B03,8,7,5,30,14,9,1,5,4,5,13,4,4,10,5,5,2,17,1,44,3,10,3,4,7,6,1,8,9,6,9,2,21,121.563648,25.0426868
114,07,11,08,23,2,09北投區,北投區中央北路3段148巷與中央北路3段40巷19弄口,0,0,1,1,C03,6,6,5,30,3,1,1,4,4,5,13,4,4,10,5,5,2,17,1,79,2,8,5,1,7,6,1,10,1,14,108,1,26,121.4826063,25.13784727
114,07,11,08,45,2,02萬華區,萬華區環河南路1段與忠孝西路2段口,0,0,1,1,B12,7,7,5,50,3,1,1,5,4,5,13,2,1,9,4,5,2,16,1,65,3,10,3,4,7,7,1,7,1,8,100,1,22,121.5060711,25.0488175
114,07,11,08,55,2,05中正區,中正區仁愛路2段13號,0,0,1,1,B12,6,7,5,50,14,9,1,4,4,5,13,4,4,1,4,5,2,17,1,44,3,10,7,1,7,8,1,8,2,2,100,1,21,121.5265592,25.0383923
114,07,11,08,55,2,09北投區,北投區西安街1段與西安街1段165巷口,0,0,2,1,C03,6,6,5,50,3,1,1,4,4,5,13,4,4,10,4,5,2,3,2,49,2,8,6,1,7,9,1,11,1,14,70,1,21,121.5186372,25.10960891
114,07,11,09,00,2,08士林區,士林區承德路5段陽明高中旁,0,0,1,1,B03,7,7,5,60,14,8,1,5,4,5,13,4,4,1,4,4,1,17,1,38,3,10,7,1,7,7,1,14,2,17,100,1,22,121.5161138,25.0915875
114,07,11,09,10,2,05中正區,中正區杭州南路1段115號,0,0,1,1,B01,7,5,5,50,14,9,1,4,4,5,13,4,4,9,4,5,2,17,1,68,3,10,7,1,7,8,1,4,11,17,100,1,21,121.5249571,25.0372273
114,07,11,09,12,2,08士林區,士林區中山北路5段465號,0,0,1,1,C03,7,6,5,50,14,9,1,4,4,5,8,4,4,4,3,5,1,17,1,36,4,11,3,4,7,6,1,10,9,11,108,2,21,121.5275844,25.0921883
114,07,11,09,14,2,03中山區,中山區龍江路298巷與合江街口,0,0,1,1,B01,8,7,5,30,4,1,1,5,4,5,13,4,4,10,5,5,1,15,1,61,3,10,7,1,7,9,1,8,1,8,72,1,21,121.5393119,25.06195774
114,07,11,09,17,2,10文山區,文山區指南路1段96巷2號,0,0,1,1,C03,7,6,5,30,11,9,1,4,4,5,13,4,4,10,5,5,2,18,2,29,2,9,3,4,7,9,1,10,2,14,42,1,21,121.5576019,24.99934387
114,07,11,09,20,2,07信義區,信義區基隆路1段與永吉路口,0,0,1,1,C03,8,7,5,50,5,1,1,5,4,5,13,1,1,1,4,5,2,12,1,28,3,10,3,4,7,8,1,10,2,12,100,1,21,121.5672955,25.0456321
114,07,11,09,30,2,04大安區,大安區基隆路高架道南往北第43號燈桿,0,0,2,1,B03,7,5,5,60,14,9,1,5,4,5,13,4,4,10,5,5,2,13,1,36,2,2,3,4,7,9,1,8,1,1,108,1,21,121.5507979,25.02290109
114,07,11,09,40,2,12內湖區,內湖區成功路4段58號,0,0,1,1,B03,6,5,5,50,14,9,1,4,4,5,13,4,4,1,4,4,1,12,1,19,3,10,7,1,7,9,3,18,1,2,108,1,21,121.5925123,25.0823795
114,07,11,10,29,2,02萬華區,萬華區環河南路2段與雙園街口,0,0,1,1,B03,6,6,5,50,5,2,1,4,4,5,13,2,1,1,4,5,2,17,1,54,4,11,3,4,7,1,1,7,11,17,19,2,22,121.4915398,25.03229901
114,07,11,11,02,2,02萬華區,萬華區華中橋上橋處機車專用道往新北,0,0,2,1,C03,6,6,7,40,14,11,1,4,4,5,13,4,4,10,5,5,2,29,1,40,2,9,5,1,7,8,1,10,1,11,99,1,21,121.4966638,25.0185138
114,07,11,11,08,2,08士林區,士林區延平北路7段106巷與延平北路7段106巷94弄口,0,0,1,1,B12,6,6,5,30,3,1,1,4,4,5,13,4,4,10,5,5,2,16,1,37,3,10,7,1,7,6,1,7,1,8,72,1,26,121.4962461,25.0991209
114,07,11,11,20,2,05中正區,中正區市民大道1段與市民大道1段口台北地下街Y6出口,0,0,1,1,A02,7,6,5,40,4,2,1,5,4,5,13,4,4,10,4,5,2,9,1,59,3,10,7,1,7,8,1,2,2,17,118,1,21,121.5176862,25.04837043
114,07,11,11,30,2,05中正區,中正區重慶南路1段29巷與漢口街1段口無名巷,0,0,1,1,C03,8,7,5,30,4,1,1,5,4,5,13,4,4,10,5,5,2,15,1,20,3,10,5,1,7,9,1,10,2,11,75,1,26,121.5139347,25.04548519
114,07,11,11,44,2,03中山區,中山區民權東路1段12巷與民權東路1段口口,0,0,1,1,B03,7,7,5,50,3,1,1,5,4,5,13,4,4,1,4,5,2,17,1,42,3,10,3,4,7,6,6,8,1,2,9,1,21,121.5235717,25.0626233
114,07,11,12,08,2,01大同區,大同區迪化街1段34號,0,0,1,1,C03,7,6,5,30,14,9,1,4,4,5,13,4,4,10,5,5,2,17,1,30,3,10,5,4,7,9,3,18,2,12,100,1,21,121.5099847,25.054088
114,07,11,12,10,2,06松山區,松山區民權東路4段200號,0,0,1,1,C03,6,6,5,40,14,8,1,4,4,5,13,4,4,1,4,4,2,13,1,25,2,8,6,1,7,9,7,19,1,11,108,1,22,121.5620961,25.06264315
114,07,11,12,13,2,03中山區,中山區中山北路3段與民族東路口,0,0,1,1,B03,7,7,5,50,4,2,1,5,4,5,13,1,1,9,4,5,2,16,2,41,3,10,7,1,7,5,1,8,1,8,8,1,21,121.5230029,25.0685898
114,07,11,12,34,2,03中山區,中山區建國北路2段與長春路口,0,0,1,1,B12,7,6,5,50,4,1,1,5,4,5,13,2,1,1,5,5,1,13,1,59,3,10,3,4,7,9,1,8,1,1,108,1,21,121.5366579,25.05493523
114,07,11,12,40,2,08士林區,士林區中山北路5段626號,0,0,1,1,C03,7,6,5,50,14,9,1,5,4,5,13,4,4,5,4,5,1,13,2,26,2,9,6,1,7,9,1,10,1,12,16,1,26,121.5277537,25.096821
114,07,11,13,11,2,09北投區,北投區中和街與中和街398巷口,0,0,1,1,B03,7,6,5,50,5,1,1,4,4,5,13,3,1,9,5,5,2,3,1,51,3,10,7,1,7,9,1,8,2,1,70,1,21,121.4981876,25.1433691
114,07,11,13,35,2,08士林區,士林區基河路與劍潭路口,0,0,1,1,A04,8,5,5,50,14,9,1,5,4,5,13,4,4,9,4,5,1,9,1,46,3,10,7,1,7,9,1,2,9,17,44,1,21,121.5247443,25.0845239
114,07,11,14,21,2,05中正區,中正區寧波西街與詔安街口,0,0,1,1,B03,8,6,5,30,4,1,1,5,4,5,13,1,1,10,5,5,2,15,2,72,3,10,7,1,7,9,1,8,2,2,81,1,21,121.5105558,25.0259139
114,07,11,14,23,2,01大同區,大同區安西街與涼州街口,0,0,1,1,B03,7,6,5,30,4,1,1,5,4,5,13,4,4,5,2,5,2,17,1,69,3,10,7,4,7,9,1,8,1,5,72,1,21,121.5098166,25.05995
114,07,11,14,47,2,08士林區,士林區社中街與社正路口,0,0,2,1,C03,7,6,5,50,4,1,1,5,4,5,13,1,1,10,1,5,1,15,1,42,2,7,5,1,7,9,1,10,1,12,81,1,21,121.510609,25.0890153
114,07,11,14,58,2,09北投區,北投區石牌路2段358號,0,0,1,1,C03,8,6,5,50,14,9,1,5,4,5,13,4,4,9,5,5,2,13,2,39,2,9,6,2,7,9,1,10,2,11,108,1,21,121.525147,25.1233277
114,07,11,14,59,2,07信義區,信義區東興路與市民大道5段口,0,0,1,1,C03,8,7,5,40,4,1,1,5,4,5,13,2,1,1,3,5,2,16,2,39,2,9,3,4,7,5,1,10,1,12,98,1,22,121.565844,25.0482232
114,07,11,15,12,2,09北投區,北投區中央北路4段與大度路3段口,0,0,2,1,C03,7,7,5,50,4,1,1,5,4,5,13,2,1,5,4,5,2,12,1,71,2,9,5,1,7,9,1,10,1,14,108,1,22,121.4648905,25.1243428
114,07,11,15,17,2,04大安區,大安區愛國東路19號,0,0,1,1,B02,7,5,5,50,14,8,1,5,4,5,13,4,4,8,3,4,1,16,1,29,3,10,7,1,7,8,1,8,1,5,100,1,21,121.5238175,25.0322282
114,07,11,16,02,2,06松山區,松山區南京東路5段285號,0,0,1,1,B03,7,6,5,50,14,9,1,5,4,5,13,2,1,1,3,5,2,17,1,41,3,10,7,1,7,10,1,8,1,2,100,1,21,121.565973,25.0514395
114,07,11,16,25,2,11南港區,南港區忠孝東路6段與忠孝東路6段口281號旁無名巷口,0,0,1,1,B01,7,6,5,50,3,1,1,5,4,5,13,2,1,1,3,4,1,11,1,34,3,10,3,4,7,15,1,4,2,6,71,1,21,121.5911746,25.0498458
114,07,11,16,35,2,07信義區,信義區基隆路汽機車混合地下道,0,0,1,1,C03,7,6,5,30,7,11,1,5,4,5,13,4,4,5,4,5,2,17,2,48,3,10,3,4,7,15,1,10,2,15,42,1,21,121.5617366,25.0362424
114,07,11,16,44,2,05中正區,中正區重慶南路3段與廈門街34巷口,0,0,1,1,C03,8,7,5,50,5,2,1,5,4,5,13,4,4,1,4,5,2,13,2,33,2,9,5,2,7,9,1,10,1,11,16,1,21,121.516317,25.0261723
114,07,11,17,00,2,03中山區,中山區林森北路與中山北路2段77巷口,0,0,1,1,B13,7,7,5,50,4,1,1,5,4,5,13,4,4,10,5,5,1,17,1,34,3,10,7,1,7,5,1,8,1,7,73,1,21,121.5255143,25.05757623
114,07,11,17,19,2,01大同區,大同區延平北路3段與延平北路3段17巷口,0,0,2,1,C03,7,6,5,30,5,1,1,5,4,5,13,4,4,10,5,5,2,16,1,81,2,8,6,1,7,6,1,10,1,14,72,1,21,121.5111771,25.0638635
114,07,11,17,40,2,08士林區,士林區至誠路2段40號,0,0,1,1,B03,6,5,5,40,14,9,1,4,4,5,13,4,4,9,5,5,2,16,1,24,3,10,7,1,7,6,1,8,1,5,9,1,21,121.5288701,25.1018015
114,07,11,17,42,2,11南港區,南港區經貿二路66號東側附近,0,0,1,1,B03,8,6,5,40,14,8,1,5,4,5,13,4,4,1,4,4,2,16,1,45,3,10,3,4,7,6,1,8,2,6,9,1,22,121.616623,25.0571337
114,07,11,17,54,2,02萬華區,萬華區桂林路與柳州街口,0,0,1,1,C03,7,6,8,50,4,1,1,5,4,5,13,1,1,9,5,5,2,17,2,46,3,10,5,1,7,1,1,10,1,17,19,1,21,121.5050997,25.0378859
114,07,11,18,30,2,04大安區,大安區信義路4段42號前,0,0,1,1,B03,7,6,5,50,14,9,1,5,4,5,13,4,4,8,3,5,1,17,2,24,3,10,7,1,7,14,1,8,1,5,40,1,26,121.5448363,25.0332403
114,07,11,19,05,2,09北投區,北投區北投路1段與北投路1段91巷口,0,0,2,1,C03,7,5,5,50,3,2,1,5,4,5,13,4,4,5,4,4,2,16,1,59,2,9,3,4,7,11,1,10,2,12,44,1,26,121.5000689,25.1293969
114,07,11,19,08,2,06松山區,松山區延壽街119巷與三民路110巷口,0,0,1,1,B03,7,5,5,30,3,1,1,4,3,5,13,4,4,10,5,5,2,17,1,45,3,10,3,4,7,6,1,8,1,17,9,1,21,121.5647784,25.05809433
114,07,11,19,49,2,04大安區,大安區建國南路1段迴轉道,0,0,1,1,B01,7,5,5,50,22,6,1,5,4,5,13,4,4,5,4,5,1,13,1,56,3,10,7,1,7,6,1,4,1,1,108,1,21,121.536723,25.0437472
114,07,11,20,08,2,03中山區,中山區松江路330巷與錦州街175巷口,0,0,1,1,F01,8,5,5,30,4,1,1,5,4,5,13,4,4,10,5,5,2,16,2,60,2,8,4,4,7,9,8,20,1,11,4,1,21,121.5308379,25.0611929
114,07,11,21,26,2,06松山區,松山區民權大橋東往西河堤上方,0,0,2,1,C03,7,5,5,40,14,11,1,5,4,5,13,4,4,1,3,5,2,13,1,31,2,9,6,4,7,9,1,10,1,11,16,1,21,121.5687853,25.06405793
114,07,11,22,14,2,03中山區,中山區林森北路與民權東路1段口,0,0,1,1,B01,8,5,5,50,14,9,1,5,4,5,13,2,1,4,5,5,2,16,1,57,3,10,7,4,7,15,1,4,2,8,100,1,21,121.5256721,25.0630336
114,07,11,23,31,2,03中山區,中山區南京西路15號,0,0,1,1,C03,8,5,5,50,14,9,1,5,4,5,13,4,4,8,5,5,2,12,2,18,2,9,6,4,7,1,1,10,2,14,19,1,21,121.5210227,25.052563
114,07,12,01,00,2,04大安區,大安區仁愛路4段與敦化南路1段口,0,0,2,1,B03,7,5,5,50,4,1,1,5,4,5,13,2,1,1,4,1,2,16,1,31,2,9,7,1,7,6,1,8,1,6,9,1,21,121.5490445,25.0370408
114,07,12,01,39,2,02萬華區,萬華區永福街65號,0,0,1,1,C03,8,5,5,20,14,9,1,5,4,5,13,4,4,10,5,5,2,17,1,53,2,9,5,4,7,9,1,10,2,14,17,1,21,121.5033069,25.03861992
114,07,12,03,17,2,03中山區,中山區中山北路1段與長安東路1段口,0,0,1,1,C03,8,5,5,50,4,1,1,5,4,5,13,2,1,10,5,5,2,17,1,32,2,1,6,1,7,11,1,10,9,12,42,1,23,121.5218421,25.0499301
114,07,12,04,40,2,05中正區,中正區中山南路與濟南路1段口,0,0,3,1,B01,7,5,5,50,4,2,1,5,4,5,13,1,1,1,4,5,2,13,1,63,3,10,7,1,7,9,1,4,2,1,108,1,21,121.5189924,25.04309531
114,07,12,04,55,2,05中正區,中正區中山南路與忠孝東路1段口,0,0,2,1,C03,8,5,5,50,4,18,1,5,4,5,13,1,1,5,4,1,1,9,1,51,2,9,5,1,7,9,1,10,2,11,70,1,21,121.5196471,25.0454168
114,07,12,06,40,2,11南港區,南港區南港路1段與中南街口,0,0,1,1,C03,7,7,5,50,3,2,1,5,4,5,13,2,1,5,4,5,2,13,1,39,2,9,6,1,7,9,1,10,1,15,16,1,21,121.6154049,25.0552745
114,07,12,07,11,2,11南港區,南港區市民大道7段與忠孝東路6段185巷巷口,0,0,1,1,C03,8,7,5,30,4,1,1,5,4,5,13,4,4,5,5,5,2,15,1,22,2,8,5,1,7,9,1,10,1,11,99,1,21,121.5870031,25.0500474
114,07,12,07,35,2,05中正區,中正區漢口街1段3號,0,0,2,1,C03,8,6,5,50,14,9,1,5,4,5,13,4,4,10,4,5,2,16,1,59,2,9,6,1,7,5,1,10,2,14,8,1,22,121.5147408,25.0451738
114,07,12,07,55,2,03中山區,中山區錦州街與民權東路2段152巷口,0,0,1,1,F02,8,6,5,50,4,1,1,5,4,5,13,2,1,5,5,5,2,17,2,59,3,10,5,1,7,1,8,20,1,17,19,1,22,121.5347285,25.0602983
114,07,12,08,26,2,04大安區,大安區臨江街78號,0,0,1,1,C03,7,5,5,30,14,9,4,5,4,5,13,4,4,10,5,5,2,1,1,63,3,10,5,1,7,9,1,10,1,14,108,1,21,121.5553553,25.0299095
114,07,12,08,40,2,05中正區,中正區館前路28號,0,0,1,1,B01,7,6,5,50,14,9,1,5,4,5,13,4,4,10,4,5,2,17,1,67,3,10,7,4,7,14,1,4,1,6,38,1,21,121.515101,25.0446119
114,07,12,08,54,2,04大安區,大安區仁愛路4段48巷與四維路6巷口,0,0,2,1,C03,7,6,5,30,4,1,1,5,4,5,13,4,4,10,5,5,2,15,1,44,2,8,6,4,7,9,1,10,1,11,75,1,22,121.5470802,25.0371937
114,07,12,09,58,2,06松山區,松山區八德路4段與基隆路1段口,0,0,1,1,C03,8,6,5,50,14,9,1,5,4,5,13,2,1,9,4,5,2,13,1,47,2,9,6,1,7,9,1,10,1,11,108,1,21,121.5688765,25.0492837
114,07,12,10,47,2,05中正區,中正區羅斯福路4段108巷與羅斯福路4段口,0,0,1,1,B12,8,6,5,50,3,1,1,5,4,5,13,4,4,3,4,5,2,17,1,52,3,10,7,1,7,6,1,8,2,5,9,1,21,121.5354247,25.0135236
114,07,12,11,19,2,06松山區,松山區民權東路5段與三民路口,0,0,1,1,B03,8,6,5,30,4,1,1,5,4,5,13,2,1,3,4,5,2,17,1,61,3,10,3,4,7,5,1,8,2,1,8,1,22,121.5628714,25.062853
114,07,12,11,26,2,12內湖區,內湖區成功路3段與星雲街口,0,0,2,1,B03,8,5,5,40,4,1,1,5,4,5,13,2,1,5,4,5,2,16,1,35,3,10,7,1,7,6,1,8,2,2,9,1,21,121.5902327,25.0777731
114,07,12,12,14,2,05中正區,中正區汀州路3段與羅斯福路4段24巷口,0,0,2,1,C03,8,6,5,50,4,1,1,5,4,5,13,1,1,5,2,5,2,17,2,26,2,9,5,1,7,5,1,10,2,12,8,1,21,121.5325024,25.0149312
114,07,12,12,21,2,04大安區,大安區基隆路2段172號,0,0,1,1,B01,8,6,5,50,14,18,1,5,4,5,13,2,1,3,4,5,2,3,1,61,3,10,7,1,7,9,1,4,1,5,70,1,22,121.5549415,25.0265084
114,07,12,13,13,2,02萬華區,萬華區峨眉街與成都路133巷口,0,0,1,1,B01,8,5,8,30,4,1,1,5,4,5,13,4,4,10,5,5,2,17,1,66,3,10,3,4,7,11,1,4,1,4,72,1,21,121.5038151,25.0442541
114,07,12,13,15,2,04大安區,大安區信義路4段374號,0,0,1,1,B03,7,6,5,50,14,9,1,5,4,5,13,4,4,1,4,5,2,17,1,73,3,10,7,1,7,6,1,8,1,3,9,1,21,121.5554662,25.033045
114,07,12,13,25,2,10文山區,文山區木新路3段50巷與木新路3段50巷7弄口,0,0,2,1,C03,8,7,5,30,4,1,1,5,4,5,13,4,4,10,5,5,2,15,1,48,2,9,6,1,7,9,1,10,1,12,72,1,21,121.5640474,24.9830411
114,07,12,13,30,2,03中山區,中山區中山北路2段與南京西路口,0,0,4,1,C03,7,6,5,50,4,1,1,5,4,5,13,1,1,1,4,1,2,9,1,53,2,9,5,1,7,7,1,10,2,15,100,1,21,121.5224058,25.052223
114,07,12,13,33,2,04大安區,大安區新生南路3段與新生南路3段19巷口,0,0,1,1,B02,7,6,5,30,3,1,1,5,4,5,13,4,4,1,4,5,2,16,1,56,3,10,3,4,7,6,1,4,1,1,9,1,22,121.5348985,25.0249769
114,07,12,13,41,2,01大同區,大同區南京西路與南京西路185巷口,0,0,2,1,C03,8,6,5,50,5,2,1,5,4,5,13,4,4,5,5,5,1,13,2,29,2,9,6,1,7,9,1,10,1,11,108,1,21,121.5122438,25.0539149
114,07,12,13,45,2,08士林區,士林區德行東路109巷17弄與德行東路109巷口旁,0,0,1,1,F01,7,6,5,30,3,2,1,5,4,3,10,4,4,10,5,5,2,17,2,55,2,9,4,4,7,15,8,20,1,11,5,1,21,121.5281145,25.1082792
114,07,12,13,55,2,12內湖區,內湖區瑞光路2號,0,0,1,1,C03,8,6,5,50,14,9,1,5,4,5,13,4,4,5,4,5,2,13,1,49,2,9,5,1,7,10,1,10,1,11,100,1,21,121.583727,25.0693649
114,07,12,13,59,2,10文山區,文山區辛亥路6段與木柵路1段口,0,0,2,1,C03,8,7,5,50,4,1,1,5,4,5,13,1,1,10,5,5,2,16,1,23,2,8,5,1,7,5,1,10,1,12,74,1,21,121.5524086,24.9878042
114,07,12,14,05,2,03中山區,中山區市民大道2段與林森北路口,0,0,1,1,B03,7,6,5,40,4,1,1,5,4,5,13,2,1,1,5,5,1,16,1,24,3,10,3,4,7,6,1,8,1,6,9,1,21,121.5242973,25.04791839
114,07,12,14,09,2,03中山區,中山區林森北路與林森北路383巷口,0,0,2,1,C03,8,7,5,30,3,1,1,5,4,3,13,4,4,10,5,5,2,16,2,20,2,9,5,1,7,5,1,10,1,11,72,1,22,121.5255645,25.0585661
114,07,12,14,25,2,05中正區,中正區臨沂街與金山南路1段73巷口,0,0,2,1,C03,7,7,5,30,4,1,1,5,4,5,13,4,4,10,5,5,2,15,2,58,2,8,5,1,7,9,1,10,1,11,75,1,21,121.5289173,25.036966
114,07,12,14,26,2,01大同區,大同區南京西路與南京西路185巷口,0,0,2,1,C03,8,6,5,50,5,2,1,5,4,5,13,4,4,5,5,5,1,13,2,57,2,8,6,1,7,9,1,10,1,11,16,1,21,121.5122485,25.0539087
114,07,12,14,35,2,01大同區,大同區忠孝西路1段與塔城街口,0,0,2,1,C03,8,6,5,50,4,1,1,5,4,5,13,2,1,1,4,5,2,16,2,43,2,9,6,1,7,5,1,10,1,14,8,1,21,121.510108,25.0480464
114,07,12,15,19,2,01大同區,大同區民生西路300-4號,0,0,1,1,B03,7,6,5,50,14,9,1,5,4,5,13,4,4,5,4,5,2,17,2,29,3,10,7,4,7,5,1,8,1,8,8,1,21,121.5125858,25.0568863
114,07,12,16,05,2,07信義區,信義區基隆路汽機車混合地下道,0,0,1,1,C03,7,5,5,30,7,9,1,5,4,5,13,1,1,10,4,5,2,13,2,24,2,8,6,1,7,9,3,18,1,11,108,1,21,121.5613215,25.0361084
114,07,12,16,10,2,04大安區,大安區忠孝東路4段與忠孝東路4段223巷口,0,0,1,1,A04,8,6,5,50,4,2,1,5,4,3,13,2,1,1,4,5,2,17,1,63,3,10,3,4,7,9,1,1,1,17,44,1,21,121.5524783,25.0416542
114,07,12,16,18,2,04大安區,大安區仁愛路4段71巷與仁愛路4段口,0,0,1,1,B03,6,6,5,30,3,1,1,4,4,5,13,4,4,10,5,5,2,16,2,58,3,10,3,4,7,6,1,8,1,7,72,1,21,121.5470996,25.0380999
114,07,12,16,30,2,11南港區,南港區惠民街與興東街口,0,0,2,1,C03,7,7,5,30,3,1,1,5,4,5,13,2,1,5,4,5,2,12,1,48,2,8,5,1,7,7,1,10,1,14,100,1,21,121.6101207,25.0564778
114,07,12,16,40,2,07信義區,信義區松高路16號附近側附近,0,0,1,1,F01,7,7,8,50,22,22,1,5,4,5,13,4,4,10,5,5,2,9,1,25,3,10,4,1,7,15,8,20,1,14,42,1,22,121.567139,25.0391056
114,07,12,16,54,2,07信義區,信義區松山路與松隆路口,0,0,3,1,B03,6,5,5,50,4,2,1,4,4,5,13,1,1,1,4,5,2,16,1,40,3,10,7,1,7,6,1,8,1,5,9,1,21,121.5778712,25.0479853
114,07,12,17,04,2,07信義區,信義區光復南路與光復南路419巷口,0,0,1,1,B03,6,7,5,50,4,2,1,4,4,5,13,1,1,3,4,5,2,17,1,69,3,10,3,4,7,10,1,8,2,17,100,1,21,121.5576269,25.0364474
114,07,12,17,05,2,05中正區,中正區忠孝東路2段與臨沂街口,0,0,1,1,B03,6,7,5,50,4,2,1,4,4,5,13,1,1,1,4,5,2,17,1,48,3,10,7,1,7,6,1,8,1,17,9,1,21,121.530898,25.0429298
114,07,12,17,41,2,06松山區,松山區塔悠路99號加油站出入口,0,0,1,1,B03,6,7,5,30,14,9,1,4,4,5,13,4,4,1,4,5,2,17,1,72,3,10,7,1,7,1,1,8,2,8,19,1,21,121.5700051,25.0540005
114,07,12,18,29,2,09北投區,北投區大度路3段189-3號,0,0,1,1,A11,7,6,5,50,14,9,1,5,4,5,13,4,4,1,4,5,2,17,1,57,3,10,7,1,7,1,1,1,2,7,19,1,26,121.4703139,25.12289622
114,07,12,19,00,2,02萬華區,萬華區西園路2段與東園街口,0,0,3,1,B01,6,6,5,50,3,1,1,4,4,5,13,2,1,1,4,4,2,17,1,62,3,10,7,1,7,10,1,4,1,6,100,1,21,121.4952373,25.0280547
114,07,12,20,14,2,04大安區,大安區敦化南路1段270巷與仁愛路4段71巷口,0,0,1,1,B03,6,6,5,30,4,1,1,4,4,5,13,4,4,10,5,5,2,15,1,35,3,10,7,1,7,9,1,8,9,1,72,1,21,121.5471253,25.0389778
114,07,12,20,35,2,03中山區,中山區民生東路2段101號,0,0,1,1,B03,7,5,5,50,14,9,1,5,4,5,13,4,4,5,4,4,2,12,1,50,3,10,3,4,7,11,1,10,1,4,99,1,21,121.5306702,25.0577003
114,07,12,20,51,2,05中正區,中正區忠孝東路2段與金山南路1段口,0,0,1,1,B01,9,5,5,50,4,1,1,4,4,5,13,1,1,1,4,5,1,17,1,65,3,10,7,1,7,6,1,4,1,5,9,1,21,121.5300165,25.0432632
114,07,12,21,13,2,07信義區,信義區永吉路與永吉路225巷口,0,0,1,1,B03,6,5,5,50,4,1,1,4,4,5,13,1,1,1,4,4,2,17,2,39,3,10,3,4,7,6,1,8,1,2,9,1,21,121.574254,25.045619
114,07,12,21,35,2,07信義區,信義區光復南路100號對面,0,0,2,1,F01,7,5,5,0,19,20,4,4,4,5,13,4,4,10,5,5,2,16,1,40,2,8,3,4,7,9,8,20,2,15,44,1,22,121.5580512,25.0436622