發生年度,發生月,發生日,發生時-Hours,發生分,處理別-編號,區序,肇事地點,死亡人數,2-30日死亡人數,受傷人數,當事人序號,車種,天候,光線,道路類別,速限-速度限制,道路型態,事故位置,路面狀況1,路面狀況2,路面狀況3,道路障礙1,道路障礙2,號誌1,號誌2,車道劃分-分向,車道劃分-分道1,車道劃分-分道2,車道劃分-分道3,事故類型及型態,性別,年齡,受傷程度,主要傷處,保護裝置,行動電話,車輛用途,當事者行動狀態,駕駛資格情形,駕駛執照種類,飲酒情形,車輛撞擊部位1,肇因碼-個別,個人肇逃否,職業,座標-X,座標-Y
114,07,12,22,00,2,10文山區,文山區景文街與景美街口,0,0,1,1,B03,7,5,5,50,5,1,1,4,4,5,13,2,1,5,5,4,2,12,1,54,3,10,7,1,7,8,1,8,1,17,100,1,21,121.5408172,24.9884847
114,07,12,22,06,2,05中正區,中正區忠孝東路1段55號,0,0,1,1,B03,6,5,5,50,14,9,1,4,4,5,13,4,4,3,4,5,1,17,1,45,3,10,7,1,7,1,1,8,2,17,19,1,22,121.5262049,25.0442193
114,07,12,22,15,2,07信義區,信義區仁愛路4段與逸仙路口,0,0,1,1,C03,6,5,5,50,4,2,1,4,4,5,13,1,1,1,4,5,2,18,2,44,2,9,3,4,7,9,1,10,1,12,44,1,21,121.5617498,25.0376271
114,07,12,22,32,2,03中山區,中山區中原街75號,0,0,1,1,B03,7,5,5,50,14,9,1,4,4,5,13,4,4,9,5,5,2,11,1,20,3,10,7,1,7,4,1,8,1,4,1,1,21,121.5289124,25.0588174
114,07,12,23,18,2,07信義區,信義區松勇路3號,0,0,1,1,B03,7,6,5,50,14,9,1,4,4,5,13,4,4,5,4,5,2,17,1,30,3,10,3,4,7,9,1,8,1,17,116,1,21,121.5697887,25.0396529
114,07,12,23,59,2,03中山區,中山區林森北路與南京東路1段口,0,0,1,1,B01,7,5,5,50,4,1,1,5,4,5,13,2,1,1,4,5,2,16,1,65,3,10,7,1,7,5,1,4,1,5,71,1,21,121.525326,25.0521141
114,07,13,00,42,2,03中山區,中山區樂群二路與敬業四路口,0,0,1,1,B01,8,5,5,50,3,1,1,5,4,5,13,2,1,10,5,5,2,16,1,51,3,10,7,1,7,5,1,4,1,6,71,1,21,121.5211551,25.05026338
114,07,13,05,02,2,09北投區,北投區承德路7段與承德路7段344巷口,0,0,1,1,C03,7,5,5,60,3,4,1,5,4,5,13,2,1,1,4,5,2,13,1,46,3,10,5,1,7,9,1,10,2,11,108,1,21,121.5035715,25.1174607
114,07,13,05,50,2,11南港區,南港區南深路37號與南深路口,0,0,1,1,B03,8,6,6,30,3,1,1,5,4,5,13,2,1,4,3,4,1,16,1,25,3,10,3,4,7,5,1,8,1,1,8,1,21,121.6212627,25.0296955
114,07,13,07,29,2,05中正區,中正區北平西路與館前路口,0,0,1,1,C03,8,7,5,30,11,9,1,5,4,5,13,4,4,9,4,5,2,18,1,27,2,9,6,1,7,5,1,10,2,14,44,1,21,121.5149807,25.047627
114,07,13,08,48,2,10文山區,文山區萬壽路與萬壽路75巷口,0,0,1,1,F02,7,5,5,30,3,1,1,5,4,5,13,4,4,10,5,5,2,16,2,49,2,9,2,4,7,6,8,20,2,13,9,1,22,121.5873024,24.9860189
114,07,13,10,19,2,04大安區,大安區忠孝東路4段205巷與敦化南路1段161巷口,0,0,1,1,C03,7,6,5,30,4,1,1,5,4,5,13,4,4,10,5,5,2,15,1,22,2,7,5,1,7,9,1,10,1,11,72,1,21,121.5519414,25.0434948
114,07,13,10,20,2,05中正區,中正區重慶南路1段141號,0,0,1,1,C03,8,7,5,50,14,9,1,5,4,5,13,4,4,5,4,5,2,17,1,62,2,9,5,1,7,9,1,10,2,12,108,1,21,121.5131786,25.041677
114,07,13,10,25,2,07信義區,信義區松山路342號,0,0,1,1,C03,8,6,5,50,14,9,1,5,4,5,13,4,4,8,3,5,2,17,2,67,2,9,6,1,7,1,1,10,1,13,19,1,21,121.5777889,25.0414628
114,07,13,10,30,2,09北投區,北投區石牌路2段與振興街口,0,0,1,1,B01,8,7,5,50,3,2,1,5,4,5,13,2,1,5,4,5,2,3,1,66,3,10,7,1,7,1,1,4,1,1,70,1,22,121.5214644,25.1190051
114,07,13,10,53,2,05中正區,中正區中華路2段與大埔街口口,0,0,1,1,B03,8,6,5,50,4,2,1,5,4,5,13,1,1,5,4,5,1,17,1,36,3,10,7,1,7,9,1,8,1,2,108,1,21,121.5049573,25.0327007
114,07,13,11,41,2,03中山區,中山區中山北路2段60號,0,0,2,1,C03,7,6,5,50,14,9,1,5,4,5,13,4,4,1,3,1,1,12,2,47,2,9,3,4,7,9,1,10,1,11,16,1,21,121.5227188,25.05660815
114,07,13,11,57,2,04大安區,大安區臥龍街188巷與辛亥路3段157巷12弄口,0,0,1,1,B03,8,6,5,30,3,1,1,5,4,5,13,4,4,10,5,5,2,17,1,67,3,10,3,4,7,5,1,8,1,4,8,1,21,121.5506389,25.0167148
114,07,13,12,15,2,10文山區,文山區木柵路3段48巷與木柵路3段48巷1弄口,0,0,1,1,B01,8,7,5,50,4,1,1,5,4,5,13,4,4,9,5,5,2,13,1,45,3,10,7,1,7,6,1,4,1,7,44,1,21,121.5654897,24.9879673
114,07,13,12,44,2,04大安區,大安區辛亥路2段195號,0,0,2,1,C03,7,6,5,40,14,8,1,5,4,5,13,4,4,1,4,4,2,17,1,39,2,9,5,1,7,1,1,10,1,13,19,1,21,121.541858,25.0215894
114,07,13,12,53,2,08士林區,士林區通河西街2段116巷與通河西街2段口,0,0,1,1,B03,7,6,5,40,3,1,1,5,4,5,13,4,4,5,5,5,1,17,1,53,3,10,7,1,7,11,1,8,2,8,10,1,21,121.5072841,25.0929744
114,07,13,13,08,2,09北投區,北投區西安街2段與立農街1段口口,0,0,2,1,B03,8,6,5,50,4,1,1,5,4,5,13,1,1,10,5,5,2,11,1,58,3,10,7,1,7,9,3,18,9,6,17,2,21,121.5115794,25.1193339
114,07,13,13,30,2,09北投區,北投區承德路6段與承德路7段口,0,0,2,1,C03,8,7,5,60,5,2,1,5,4,5,13,2,1,1,4,5,2,13,1,69,2,9,5,1,7,9,1,10,9,11,118,1,21,121.5109081,25.1105256
114,07,13,14,37,2,02萬華區,萬華區西園路1段與西園路1段136巷口,0,0,2,1,C03,8,5,5,30,3,1,1,5,4,5,13,4,4,10,5,5,2,17,2,61,3,10,3,4,7,11,3,18,1,17,72,1,21,121.4995875,25.0378699
114,07,13,14,45,2,09北投區,北投區陽明路1段與陽明路1段口口,0,0,1,1,B02,8,6,5,40,3,1,1,5,4,5,13,3,1,10,5,5,2,16,1,55,3,10,7,1,7,6,1,15,2,6,9,1,21,121.5493792,25.1491287
114,07,13,15,20,2,09北投區,北投區泉源路1209703號燈桿,0,0,1,1,C02,7,7,5,50,14,9,1,5,4,5,13,4,4,4,5,5,2,16,1,45,2,9,6,1,7,9,1,9,1,11,118,1,21,121.5235313,25.1451408
114,07,13,15,32,2,12內湖區,內湖區內湖路3段18巷與內湖路3段口,0,0,1,1,C03,8,7,5,30,4,1,1,5,4,5,13,4,4,5,5,5,2,16,1,48,2,9,5,1,7,9,1,10,1,11,4,1,21,121.5927314,25.0846037
114,07,13,15,43,2,12內湖區,內湖區成功路5段與大湖街166巷口,0,0,1,1,B03,8,7,5,50,4,1,1,5,4,5,13,1,1,1,4,5,2,16,1,66,3,10,7,1,7,6,1,8,1,2,9,1,21,121.601188,25.0843066
114,07,13,17,13,2,07信義區,信義區忠孝東路5段494號,0,0,1,1,B01,8,6,5,50,14,9,1,5,4,5,13,4,4,3,3,5,2,17,1,70,3,10,3,4,7,8,1,8,1,6,100,1,21,121.5781723,25.0409139
114,07,13,17,53,2,01大同區,大同區長安西路與西寧北路口,0,0,2,1,C03,7,6,5,50,4,1,1,5,4,5,13,2,1,5,4,5,2,17,1,76,2,9,5,1,7,5,1,10,1,12,71,1,22,121.5086055,25.0519739
114,07,13,17,54,2,02萬華區,萬華區萬大路423巷101弄與無名巷口,0,0,1,1,B02,7,7,5,30,14,9,1,5,4,5,13,4,4,10,5,5,2,2,1,59,3,10,7,1,7,2,1,4,9,17,118,1,21,121.5023575,25.02228087
114,07,13,18,05,2,06松山區,松山區新中街與新中街10巷口,0,0,1,1,B03,8,7,5,30,3,1,1,5,4,5,13,4,4,9,4,5,2,17,1,64,3,10,7,1,7,5,1,8,2,1,72,1,21,121.5604537,25.0596935
114,07,13,18,50,2,09北投區,北投區大度路2號,0,0,2,1,C03,8,5,5,50,14,9,1,5,4,5,13,4,4,1,4,5,2,12,1,41,2,9,5,1,7,8,1,10,2,12,100,1,21,121.4986608,25.1213563
114,07,13,19,20,2,08士林區,士林區基河路與小西街口,0,0,1,1,B03,8,5,5,50,3,1,1,5,4,5,13,4,4,5,4,5,2,13,1,50,3,10,3,4,7,1,1,8,1,5,19,1,21,121.5231267,25.0891864
114,07,13,19,27,2,03中山區,中山區新生北路3段與新生北路3段19巷口,0,0,1,1,B01,7,5,5,50,3,2,1,5,4,5,13,4,4,1,4,5,2,17,1,47,3,10,3,4,7,8,1,4,1,7,100,1,21,121.5279224,25.0640268
114,07,13,20,05,2,08士林區,士林區中山北路5段與文林路口,0,0,1,1,B03,8,6,5,50,14,9,1,5,4,5,13,4,4,9,4,1,1,13,1,50,3,10,7,1,7,9,1,8,2,1,108,1,21,121.5254887,25.0853621
114,07,13,20,08,2,05中正區,中正區南昌路1段與南海路口,0,0,1,1,B01,8,5,5,30,4,2,1,5,4,5,13,1,1,10,4,5,2,13,1,63,3,10,7,1,7,9,1,8,1,1,16,1,21,121.5167195,25.0324617
114,07,13,20,15,2,04大安區,大安區四維路154巷19號與無名巷口,0,0,1,1,B03,8,6,5,30,3,1,1,5,4,5,13,4,4,9,5,5,2,16,1,26,3,10,7,1,7,6,1,8,1,5,9,1,21,121.5469678,25.0310303
114,07,13,21,04,2,02萬華區,萬華區忠孝西路2段與西寧南路口,0,0,1,1,B02,8,5,5,50,4,2,1,5,4,5,13,1,1,1,4,5,2,17,1,28,3,10,7,1,7,6,1,15,1,5,99,1,21,121.5074999,25.0485021
114,07,13,21,15,2,04大安區,大安區基隆路2段172號,0,0,1,1,C03,7,5,5,50,14,9,1,5,4,5,13,4,4,1,4,5,2,13,1,20,2,9,5,1,7,9,1,10,1,11,108,1,21,121.5545324,25.0261861
114,07,13,22,49,2,04大安區,大安區復興南路2段與復興南路2段340巷口,0,0,2,1,F01,7,5,5,30,3,1,1,5,4,5,13,3,1,9,4,5,1,15,1,19,2,9,3,4,7,15,8,20,1,14,98,1,21,121.5445731,25.03736117
114,07,13,23,03,2,10文山區,文山區景文街與景美街口,0,0,1,1,B03,8,5,5,50,5,2,1,5,4,5,13,2,1,5,5,5,2,16,1,18,3,10,7,1,7,5,1,8,1,8,71,1,21,121.5409117,24.9883598
114,07,14,02,00,2,01大同區,大同區延平北路4段與延平北路4段294巷口口,0,0,1,1,C03,8,5,5,50,5,1,1,5,4,5,13,2,1,1,4,4,2,15,1,53,2,9,5,1,7,12,6,10,2,11,4,1,22,121.5120923,25.0771576
114,07,14,05,30,2,10文山區,文山區萬壽路57號旁,0,0,2,1,C03,7,6,5,40,14,9,1,5,4,5,13,4,4,9,5,5,2,5,1,47,2,9,6,1,7,9,1,10,2,11,108,1,21,121.5789817,24.9891439
114,07,14,07,26,2,01大同區,大同區甘州街與涼州街口,0,0,1,1,B03,8,6,5,50,3,1,1,5,4,5,13,4,4,5,5,5,2,16,2,61,3,10,7,1,7,5,1,8,2,8,8,1,21,121.5127231,25.0607484
114,07,14,07,27,2,04大安區,大安區基隆路2段180-2號,0,0,1,1,B01,7,6,5,50,14,9,1,5,4,5,13,4,4,1,4,5,2,9,1,47,3,10,7,1,7,14,1,4,1,6,44,1,21,121.5533265,25.0251725
114,07,14,07,43,2,05中正區,中正區和平西路1段與牯嶺街口,0,0,1,1,B03,8,6,5,50,4,1,1,5,4,5,13,1,1,1,4,5,2,17,1,57,3,10,7,1,7,5,1,8,2,2,71,1,21,121.5189742,25.0265358
114,07,14,07,46,2,04大安區,大安區和平東路1段與羅斯福路2段口,0,0,2,1,C03,7,5,5,50,4,1,1,5,4,5,13,2,1,3,1,5,2,12,1,18,2,9,6,1,7,9,1,10,1,12,44,1,21,121.5226925,25.026892
114,07,14,07,48,2,06松山區,松山區復興北路與民權東路3段口,0,0,3,1,C03,8,6,5,50,4,1,1,5,4,5,13,2,1,3,4,5,2,17,1,27,2,9,6,4,7,9,1,10,2,12,81,1,22,121.5443458,25.0619594
114,07,14,07,49,2,09北投區,北投區立賢路與洲美街口,0,0,1,1,B01,7,5,5,50,4,2,1,5,4,5,13,1,1,9,4,5,1,17,1,68,3,10,7,1,7,11,1,4,1,4,44,1,21,121.4986598,25.1119329
114,07,14,08,07,2,02萬華區,萬華區中華路2段與艋舺大道口,0,0,1,1,B03,7,6,5,50,3,1,1,5,4,5,13,2,1,1,4,5,1,17,2,46,3,10,3,4,7,7,1,8,1,17,100,1,22,121.5057483,25.0345846
114,07,14,08,22,2,05中正區,中正區中山南路與凱達格蘭大道口,0,0,1,1,C03,6,6,5,50,5,2,1,4,4,5,13,1,1,1,4,5,2,12,1,32,2,9,6,1,7,8,1,10,1,12,96,1,22,121.5173413,25.0393492
114,07,14,08,30,2,05中正區,中正區金門街24巷與金門街12巷23弄口口,0,0,1,1,B02,8,6,5,30,4,1,1,5,4,5,13,4,4,10,5,5,1,15,2,56,3,10,7,1,7,9,1,8,2,5,75,1,21,121.5220479,25.0219511
114,07,14,08,45,2,12內湖區,內湖區文德路101巷3弄與文德路101巷口,0,0,3,1,C03,7,6,6,50,14,9,1,5,4,5,13,4,4,9,5,5,2,12,2,31,2,9,6,1,7,4,1,10,1,14,1,1,22,121.5833303,25.0789876
114,07,14,08,58,2,12內湖區,內湖區江南街65巷與無名巷口,0,0,1,1,C04,8,7,5,30,3,1,1,5,4,5,13,4,4,4,5,5,1,17,2,32,2,9,6,1,7,5,1,8,1,11,72,1,21,121.5780954,25.077226
114,07,14,09,07,2,05中正區,中正區中山南路與濟南路1段口,0,0,1,1,C03,7,5,5,50,3,2,1,5,4,5,13,1,1,9,4,5,2,17,1,17,3,10,5,1,7,9,2,18,2,11,16,1,21,121.5187947,25.0434806
114,07,14,09,17,2,03中山區,中山區建國北路3段與農安街口,0,0,1,1,C03,7,7,5,50,3,1,1,5,4,5,13,1,1,5,5,5,1,17,2,78,2,9,5,1,7,9,1,10,1,14,81,1,21,121.536975,25.06508076
114,07,14,09,19,2,09北投區,北投區致遠一路2段與致遠一路2段70巷口,0,0,2,1,C04,8,6,5,50,4,1,1,5,4,5,13,4,4,4,1,5,2,17,2,60,2,9,6,1,7,5,1,10,1,11,74,1,21,121.5136055,25.1121266
114,07,14,10,00,2,06松山區,松山區市民大道6段與松信路口,0,0,2,1,C03,8,6,5,40,4,1,1,5,4,5,13,2,1,3,4,5,2,17,1,50,2,8,6,4,7,5,1,10,1,14,8,1,22,121.5722762,25.049449
114,07,14,10,17,2,04大安區,大安區建國南路2段與建國南路2段151巷口,0,0,3,1,C03,7,6,5,50,3,4,1,5,4,5,13,1,1,1,5,5,2,17,1,62,2,9,5,1,7,12,1,10,1,14,42,1,21,121.5374782,25.0289842
114,07,14,10,30,2,10文山區,文山區木柵路4段20-1號旁,0,0,1,1,B12,8,6,5,50,14,9,1,5,4,5,13,4,4,4,4,5,2,17,1,63,3,10,7,1,7,8,1,8,9,3,27,1,21,121.5727035,24.99649777
114,07,14,10,34,2,11南港區,南港區成福路211巷4號,0,0,1,1,B03,8,6,5,30,14,9,1,5,4,5,13,4,4,5,5,5,2,12,1,40,3,10,3,4,7,1,1,8,1,8,19,1,22,121.5895392,25.0399294
114,07,14,10,47,2,10文山區,文山區辛亥路6段與懷恩隧道口,0,0,2,1,C03,7,5,5,50,14,9,1,5,4,1,11,4,4,3,4,5,2,12,1,64,2,1,5,4,7,8,1,10,1,14,100,1,22,121.5516142,24.9914362
114,07,14,10,51,2,04大安區,大安區仁愛路4段與敦化南路1段口,0,0,1,1,B01,8,6,5,50,18,9,1,5,4,5,13,1,1,10,4,5,2,17,1,30,3,10,7,4,7,5,1,4,1,7,8,1,21,121.5497012,25.0378954
114,07,14,10,54,2,04大安區,大安區信義路4段與四維路口,0,0,1,1,B02,7,6,5,50,3,2,1,5,4,5,13,4,4,1,4,5,1,16,1,55,3,10,3,4,7,5,1,4,1,8,8,1,21,121.547995,25.0333994
114,07,14,11,05,2,11南港區,南港區成福路16號附近,0,0,1,1,B03,7,7,5,50,14,9,1,5,4,5,13,4,4,4,5,5,2,12,2,39,3,10,7,1,7,8,1,8,1,5,80,1,21,121.5860605,25.0457105
114,07,14,11,12,2,05中正區,中正區詔安街與汀州路1段226巷口,0,0,2,1,C03,8,6,5,30,4,1,1,5,4,5,13,4,4,10,5,5,2,17,1,51,2,7,5,1,7,5,1,10,1,14,8,1,21,121.5091386,25.027034
114,07,14,11,35,2,12內湖區,內湖區康寧路3段與安康路口,0,0,1,1,B03,8,6,5,30,4,1,1,5,4,5,13,2,1,10,5,5,2,13,1,38,3,10,7,1,7,9,1,8,2,5,108,1,21,121.6108543,25.0657254
114,07,14,11,55,2,07信義區,信義區永吉路120巷與永吉路30巷119弄口,0,0,1,1,C03,8,5,5,30,4,2,1,5,4,5,13,4,4,9,4,5,2,17,1,38,2,9,6,1,7,9,1,10,1,11,72,1,22,121.5702073,25.0431134
114,07,14,12,52,2,02萬華區,萬華區西園路1段與西園路1段72巷口,0,0,1,1,B03,8,7,5,50,4,1,1,5,4,5,13,3,1,9,5,5,2,17,1,25,3,10,7,1,7,11,6,4,1,8,10,1,21,121.4998613,25.0394077
114,07,14,12,55,2,05中正區,中正區中山南路與仁愛路1段口,0,0,1,1,B03,7,6,5,50,5,1,1,5,4,5,13,1,1,1,4,5,2,16,1,55,3,10,7,1,7,6,6,8,1,2,9,1,22,121.5178311,25.0394185
114,07,14,13,12,2,04大安區,大安區和平東路3段與敦化南路2段口,0,0,1,1,B03,8,6,5,50,4,1,1,5,4,5,13,2,1,1,4,5,1,16,2,35,3,10,3,4,7,5,1,8,2,6,71,1,21,121.5489442,25.0245168
114,07,14,13,32,2,12內湖區,內湖區文德路66巷14弄4號,0,0,1,1,C03,7,7,5,50,14,9,1,5,4,5,13,4,4,9,5,5,2,16,1,63,2,9,5,1,7,1,1,10,1,12,19,1,21,121.5813969,25.0771176
114,07,14,13,32,2,07信義區,信義區松高路66號,0,0,1,1,B03,8,6,5,30,14,9,1,5,4,5,13,4,4,8,5,5,2,16,1,31,3,10,3,4,7,5,1,8,2,8,8,1,21,121.5697933,25.0384184
114,07,14,14,00,2,05中正區,中正區金山北路（橋下迴轉道）,0,0,1,1,B03,7,6,5,50,14,6,1,5,4,5,13,4,4,1,4,5,2,16,1,49,3,10,2,1,7,5,1,8,2,4,44,1,22,121.5304109,25.0454884
114,07,14,14,20,2,04大安區,大安區忠孝東路4段與忠孝東路4段147巷口,0,0,1,1,A12,8,6,5,50,3,2,1,5,4,5,13,4,4,3,4,5,1,12,1,57,3,10,3,4,7,9,1,7,11,6,44,1,21,121.5495531,25.0415766
114,07,14,14,40,2,01大同區,大同區重慶北路1段與鄭州路口,0,0,1,1,B03,8,6,5,50,14,9,1,5,4,5,13,2,1,9,5,5,2,17,2,43,3,10,7,4,7,6,1,8,1,5,9,1,21,121.5132553,25.0495985
114,07,14,14,51,2,06松山區,松山區撫遠街與富錦街581巷口,0,0,2,1,C03,7,7,5,40,14,8,1,5,4,5,13,4,4,9,4,4,2,13,1,47,2,9,5,1,7,9,1,10,2,11,16,1,22,121.5662081,25.0625638
114,07,14,14,54,2,05中正區,中正區南海路93巷與南海路口,0,0,2,1,C03,8,6,5,50,4,2,1,5,4,5,13,1,1,5,4,5,2,17,1,21,2,9,5,1,7,9,1,10,2,11,42,1,21,121.5081882,25.0284281
114,07,14,15,04,2,08士林區,士林區社中街與社中街156巷口,0,0,1,1,C03,8,5,5,30,5,1,1,5,4,5,13,4,4,5,5,5,2,15,1,53,3,10,6,1,7,9,1,10,2,11,72,1,21,121.5096724,25.0904971
114,07,14,15,12,2,10文山區,文山區忠順街1段9巷與光輝路口,0,0,1,1,C03,7,5,5,30,4,1,1,5,4,5,13,3,1,10,5,5,2,15,2,47,2,9,5,4,7,9,1,10,1,11,118,1,22,121.5566157,24.9849849
114,07,14,16,00,2,08士林區,士林區延平北路7段與無名巷口,0,0,1,1,B03,7,6,5,30,4,2,1,5,4,5,13,1,1,10,5,5,1,17,1,25,3,10,7,1,7,6,1,8,2,5,44,1,22,121.4975725,25.0937571
114,07,14,16,21,2,06松山區,松山區吉祥路與八德路4段245巷32弄口,0,0,1,1,B03,7,6,5,30,3,1,1,5,4,5,13,4,4,9,4,5,2,17,1,46,3,10,7,1,7,5,1,8,2,8,8,1,21,121.5625203,25.0498455
114,07,14,16,35,2,01大同區,大同區延平北路4段231號,0,0,1,1,C03,8,6,5,50,14,9,1,5,4,5,13,4,4,5,4,5,2,17,1,20,2,9,5,1,7,9,1,9,1,12,42,1,21,121.5118394,25.075451
114,07,14,16,37,2,03中山區,中山區樂群三路200號,0,0,1,1,B03,7,7,5,50,14,7,1,5,4,5,13,4,4,10,4,4,2,17,2,49,3,10,7,1,7,1,1,8,2,5,19,1,21,121.5568913,25.08279414
114,07,14,16,44,2,07信義區,信義區基隆路1段與松隆路口,0,0,1,1,B03,8,6,5,50,5,2,1,5,4,5,13,1,1,3,3,5,2,16,1,37,3,10,3,4,7,6,1,8,2,5,9,1,21,121.565733,25.043458
114,07,14,17,20,2,12內湖區,內湖區新明路305號,0,0,1,1,C03,8,7,5,50,14,9,1,5,4,5,13,4,4,5,4,4,2,17,1,51,2,9,5,1,7,7,1,10,2,13,100,1,21,121.5848387,25.0570922
114,07,14,17,33,2,07信義區,信義區崇德街與富陽街口口,0,0,1,1,C03,8,6,5,50,14,9,1,5,4,5,13,4,4,8,3,5,2,17,1,84,3,10,5,1,7,9,1,10,9,14,108,2,21,121.5562031,25.023829
114,07,14,17,40,2,12內湖區,內湖區民權大橋西向東 7510470號燈桿,0,0,2,1,C03,8,5,5,50,8,7,1,5,3,5,13,4,4,1,4,4,2,17,2,33,2,9,6,1,7,9,1,10,1,17,13,1,21,121.5772066,25.0663178
114,07,14,17,41,2,02萬華區,萬華區西園路1段196號,0,0,1,1,B01,8,7,5,40,14,9,1,5,4,5,13,4,4,5,4,5,2,9,1,54,3,10,7,1,7,14,1,4,1,2,38,1,21,121.499286,25.0360578
114,07,14,17,45,2,12內湖區,內湖區新湖一路與舊宗路1段口,0,0,1,1,B03,8,6,5,50,4,1,1,5,4,5,13,1,1,5,5,5,2,13,1,45,3,10,7,1,7,1,6,8,1,1,108,1,21,121.5793284,25.0603554
114,07,14,17,50,2,12內湖區,內湖區康寧路1段255巷與康寧路1段口,0,0,2,1,C03,7,6,5,40,3,1,1,5,4,5,13,4,4,10,5,5,2,16,1,62,2,8,6,1,7,4,1,10,2,11,1,1,21,121.5981286,25.0787154
114,07,14,17,57,2,05中正區,中正區汀州路2段與同安街口,0,0,2,1,C03,8,6,5,50,4,2,1,5,4,5,13,1,1,5,4,5,2,17,1,23,2,7,5,1,7,9,1,10,1,11,16,1,21,121.5218113,25.024019
114,07,14,18,03,2,09北投區,北投區文林北路80巷與西安街1段口,0,0,1,1,B12,8,7,5,30,3,2,1,5,4,5,13,4,4,10,4,5,2,16,1,69,3,10,3,4,7,6,1,8,2,4,72,1,26,121.5204063,25.107053
114,07,14,18,38,2,05中正區,中正區館前路與忠孝西路1段口,0,0,1,1,C03,8,5,5,50,4,1,1,5,4,5,13,2,1,3,4,5,2,12,2,23,2,9,5,1,7,8,1,10,2,12,100,1,22,121.5150341,25.04689897
114,07,14,18,51,2,05中正區,中正區重慶南路1段與愛國西路口,0,0,1,1,C03,7,5,5,50,4,2,1,5,4,5,13,1,1,1,4,1,2,18,2,30,2,8,5,1,7,9,1,10,2,11,44,1,21,121.5071772,25.03515909
114,07,14,19,05,2,04大安區,大安區安和路1段67號,0,0,1,1,B03,7,5,5,50,14,9,1,5,4,5,13,4,4,1,4,5,2,13,1,47,3,10,3,4,7,1,1,8,1,8,19,1,22,121.5516843,25.0372403
114,07,14,19,10,2,04大安區,大安區和平東路3段286號,0,0,1,1,C03,8,6,5,50,14,9,1,5,4,5,13,4,4,1,4,5,2,13,1,52,2,7,6,1,7,9,1,10,1,11,16,1,21,121.556124,25.020927
114,07,14,19,15,2,10文山區,文山區指南路2段177號,0,0,2,1,B03,7,5,5,40,14,9,1,5,4,5,13,4,4,9,5,5,2,17,1,20,3,10,7,1,7,11,1,8,1,3,10,1,21,121.5776309,24.9872967
114,07,14,20,39,2,06松山區,松山區八德路3段106巷與市民大道4段口,0,0,2,1,C03,8,5,5,40,4,1,1,5,4,5,13,1,1,8,3,5,1,13,1,43,2,9,3,1,7,9,1,10,1,11,16,1,21,121.5545926,25.0445707
114,07,14,20,53,2,05中正區,中正區南海路與牯嶺街口,0,0,2,1,C03,7,5,5,30,4,1,4,5,4,5,13,1,1,1,4,5,2,17,1,47,2,8,5,1,7,5,1,10,9,14,8,1,22,121.5149759,25.0320014
114,07,14,21,58,2,04大安區,大安區忠孝東路4段與敦化南路1段口,0,0,2,1,C03,7,5,5,50,4,1,1,5,4,5,13,2,1,10,5,5,2,16,1,26,2,9,6,4,7,6,1,10,2,12,9,1,23,121.5485579,25.0414146
114,07,14,22,22,2,04大安區,大安區市民大道4段與光復南路72巷23弄口,0,0,1,1,B03,7,5,5,40,4,1,1,5,4,3,10,1,1,1,5,5,2,17,1,30,3,10,7,1,7,6,1,8,1,3,9,1,21,121.5566033,25.0447299
114,07,14,22,45,2,07信義區,信義區基隆路1段102巷與基隆路1段口,0,0,1,1,B03,7,5,5,50,3,2,1,5,4,5,13,4,4,10,5,5,2,17,2,31,3,10,7,1,7,6,1,8,1,2,9,1,21,121.5668218,25.0453526
114,07,15,00,10,2,05中正區,中正區忠孝東路1段84巷與忠孝東路1段口,0,0,1,1,B03,8,5,5,30,3,1,1,5,4,5,13,4,4,1,4,5,2,16,1,34,3,10,7,1,7,6,1,8,2,8,72,1,22,121.524254,25.04452764
114,07,15,06,55,2,07信義區,信義區忠孝東路5段790巷與忠孝東路5段口,0,0,1,1,B03,8,6,5,30,3,1,1,5,4,5,13,4,4,1,5,5,2,16,2,39,3,10,3,4,7,6,1,8,2,1,72,1,21,121.5818169,25.0438758
114,07,15,08,01,2,12內湖區,內湖區成功路5段與金湖路口,0,0,1,1,C03,7,6,5,50,4,2,1,5,4,5,13,2,1,1,4,5,2,17,1,27,2,9,5,1,7,8,1,9,1,14,100,1,21,121.6053668,25.07343187
114,07,15,08,05,2,12內湖區,內湖區民權東路6段123巷8號,0,0,1,1,B03,8,6,5,30,22,9,1,5,4,5,13,4,4,9,5,5,2,17,1,61,3,10,7,1,7,1,1,8,1,1,19,1,21,121.5928113,25.0693449
114,07,15,08,30,2,07信義區,信義區松高路9號,0,0,1,1,B03,7,5,5,50,14,9,1,5,4,5,13,4,4,5,5,5,2,12,1,65,3,10,7,1,7,10,1,8,1,2,100,1,21,121.564457,25.03924
114,07,15,08,37,2,06松山區,松山區市民大道6段往西0204126燈桿,0,0,2,1,H01,8,5,5,40,14,9,1,5,4,5,13,4,4,10,3,5,2,6,2,35,2,9,4,5,8,18,8,20,10,16,121,1,21,121.5783477,25.0495215
114,07,15,08,40,2,08士林區,士林區萬溪產業道路,0,0,1,1,C03,7,5,5,30,11,9,1,5,4,5,13,4,4,10,5,5,2,11,1,39,2,9,6,1,7,9,1,10,2,11,13,1,21,121.5997308,25.13741809
114,07,15,09,03,2,08士林區,士林區承德路4段3巷與承德路4段口,0,0,2,1,C03,8,6,5,30,4,1,1,5,4,1,13,4,4,10,5,5,2,17,1,20,2,9,6,1,7,9,1,10,2,12,72,1,21,121.5216421,25.0789735