發生年度,發生月,發生日,發生時-Hours,發生分,處理別-編號,區序,肇事地點,死亡人數,2-30日死亡人數,受傷人數,當事人序號,車種,天候,光線,道路類別,速限-速度限制,道路型態,事故位置,路面狀況1,路面狀況2,路面狀況3,道路障礙1,道路障礙2,號誌1,號誌2,車道劃分-分向,車道劃分-分道1,車道劃分-分道2,車道劃分-分道3,事故類型及型態,性別,年齡,受傷程度,主要傷處,保護裝置,行動電話,車輛用途,當事者行動狀態,駕駛資格情形,駕駛執照種類,飲酒情形,車輛撞擊部位1,肇因碼-個別,個人肇逃否,職業,座標-X,座標-Y
114,07,15,09,06,2,01大同區,大同區西寧北路與長安西路口,0,0,1,1,C03,8,6,5,50,4,1,1,5,4,5,13,2,1,8,1,5,1,16,2,27,2,9,6,4,7,9,1,10,2,11,4,1,21,121.5085472,25.0519874
114,07,15,09,39,2,04大安區,大安區敦化南路2段與四維路170巷口,0,0,1,1,B03,8,6,5,50,4,1,5,5,4,5,13,1,1,10,5,5,2,17,1,25,3,10,7,1,7,5,1,8,1,6,71,1,21,121.5485212,25.0281614
114,07,15,09,43,2,06松山區,松山區民生東路5段與塔悠路口,0,0,1,1,B12,8,7,5,50,3,1,1,5,4,5,13,1,1,9,4,4,2,15,1,65,3,10,7,1,7,9,1,8,1,2,81,1,22,121.5690892,25.0593299
114,07,15,10,12,2,02萬華區,萬華區永福街與貴陽街2段82巷口,0,0,1,1,F03,8,5,5,30,3,1,1,5,4,5,13,4,4,10,5,5,2,17,1,77,2,9,5,4,7,6,8,20,1,14,72,1,21,121.5032973,25.03864284
114,07,15,10,17,2,06松山區,松山區敦化北路158號,0,0,2,1,C03,8,5,5,50,14,7,1,5,4,5,13,4,4,1,3,4,2,13,2,25,2,9,3,4,7,9,1,10,2,11,16,1,22,121.5487384,25.0555677
114,07,15,11,05,2,07信義區,信義區松山路與松德路口口,0,0,1,1,B03,8,7,5,50,4,2,1,5,4,5,13,2,1,3,2,5,2,16,1,59,3,10,3,4,7,6,1,8,1,7,80,1,22,121.5776323,25.0395352
114,07,15,12,29,2,05中正區,中正區博愛路與廣州街口,0,0,1,1,C03,8,7,5,30,4,1,1,5,4,5,13,3,1,1,4,5,2,16,2,42,2,8,6,1,7,5,1,10,1,11,72,1,22,121.5106924,25.0349358
114,07,15,12,40,2,04大安區,大安區大安路2段146號,0,0,2,1,B03,8,5,5,50,14,9,1,5,4,5,13,2,1,8,3,5,1,16,1,38,2,8,7,1,7,11,1,8,1,4,10,1,21,121.5460426,25.0295104
114,07,15,12,59,2,10文山區,文山區新光路2段100號,0,0,1,1,C03,7,5,5,50,14,9,1,5,4,5,13,4,4,9,5,5,2,20,1,44,2,9,5,4,7,9,1,10,1,12,44,1,22,121.5962398,25.0008568
114,07,15,13,30,2,12內湖區,內湖區內湖路1段285巷59弄14號,0,0,2,1,B13,8,6,5,30,14,9,1,5,4,5,13,4,4,10,5,5,2,17,1,41,2,7,3,1,7,14,1,8,1,17,108,1,21,121.5676664,25.0838264
114,07,15,13,40,2,05中正區,中正區重慶南路1段與重慶南路1段136巷口,0,0,1,1,C03,8,5,5,50,3,1,1,5,4,5,13,4,4,8,5,5,2,17,1,29,3,10,5,1,7,6,1,10,2,12,9,1,26,121.5124968,25.0363141
114,07,15,13,47,2,09北投區,北投區大業路548號,0,0,1,1,B03,8,6,5,50,14,9,1,5,4,5,13,4,4,1,4,5,2,17,1,46,3,10,2,1,7,13,1,8,1,8,40,1,22,121.4967678,25.1351778
114,07,15,13,52,2,05中正區,中正區思源街與汀州路3段口,0,0,1,1,F01,8,7,5,50,3,1,1,5,4,5,13,2,1,3,4,5,2,17,1,23,3,10,4,1,7,11,8,20,1,17,11,1,21,121.5321299,25.0151911
114,07,15,14,00,2,04大安區,大安區和平東路1段與師大路口,0,0,1,1,C03,8,5,6,50,4,1,1,5,4,5,13,2,1,10,5,5,2,17,2,67,2,9,3,4,7,11,1,10,1,15,10,1,21,121.5282251,25.0267191
114,07,15,14,00,2,06松山區,松山區民生東路5段與民生東路5段36巷口,0,0,2,1,B03,8,6,5,50,3,1,1,5,4,5,13,1,1,1,4,5,2,16,1,55,3,10,7,1,7,5,1,8,2,5,42,1,22,121.556983,25.0583739
114,07,15,14,09,2,06松山區,松山區延壽街357號,0,0,1,1,B03,8,7,5,50,14,9,1,5,4,5,13,4,4,5,4,5,2,17,2,52,3,10,7,1,7,11,1,8,1,4,10,1,22,121.5588908,25.0565157
114,07,15,14,31,2,03中山區,中山區中山北路1段與中山北路1段121巷口,0,0,1,1,C03,8,6,5,50,3,3,1,5,4,5,13,4,4,8,5,5,2,16,1,19,2,7,6,4,7,9,1,10,1,14,44,1,21,121.5224534,25.0513626
114,07,15,14,34,2,07信義區,信義區信義路6段與信義路6段15巷口,0,0,1,1,B12,8,7,5,50,4,1,1,5,4,5,13,2,1,5,4,5,2,16,1,42,3,10,3,4,7,5,1,4,1,8,71,1,22,121.575495,25.0342648
114,07,15,14,41,2,04大安區,大安區杭州南路2段與杭州南路2段59巷口,0,0,1,1,B03,8,6,5,50,14,9,1,5,4,5,13,4,4,9,4,5,1,16,1,86,3,10,3,4,7,1,1,8,2,8,19,1,21,121.5223975,25.0313885
114,07,15,14,44,2,07信義區,信義區松山路393巷1號,0,0,1,1,B03,8,6,5,30,14,9,1,5,4,5,13,4,4,10,5,5,2,3,1,50,3,10,7,1,7,9,1,8,1,10,70,1,21,121.5784758,25.0417922
114,07,15,14,50,2,10文山區,文山區興隆路2段與辛亥路5段口,0,0,2,1,C03,8,6,5,50,4,1,1,5,4,5,13,2,1,1,2,5,2,17,2,73,3,10,6,1,7,8,1,10,2,17,99,1,21,121.5544743,25.0008218
114,07,15,14,54,2,07信義區,信義區松仁路與松壽路口,0,0,1,1,B03,8,5,5,50,3,2,1,5,4,5,13,1,1,5,4,5,2,17,1,54,3,10,7,1,7,11,1,8,1,8,44,1,21,121.5682246,25.0358633
114,07,15,15,40,2,08士林區,士林區大南路與小西街口,0,0,1,1,B12,8,6,5,30,4,2,1,5,4,5,13,4,4,10,5,5,1,17,1,24,3,10,7,1,7,9,1,8,2,2,72,1,21,121.5233517,25.0897581
114,07,15,15,40,2,09北投區,北投區溫泉路與溫泉路30巷口,0,0,1,1,C03,8,6,5,30,3,1,1,5,4,5,13,4,4,10,5,5,2,18,2,57,2,7,6,1,7,15,1,10,1,12,42,1,21,121.5034999,25.1338749
114,07,15,16,28,2,12內湖區,內湖區新明路與新明路174巷口口,0,0,1,1,C03,8,6,5,50,14,9,1,5,4,5,13,2,1,5,4,5,2,13,2,36,3,10,6,1,7,9,1,10,1,11,108,1,21,121.5856526,25.0574594
114,07,15,16,39,2,01大同區,大同區民權西路與蘭州街口,0,0,1,1,C03,8,6,5,50,14,9,1,5,4,5,13,2,1,9,5,5,2,17,1,36,3,10,6,4,7,5,3,18,1,13,118,1,21,121.5148685,25.0630647
114,07,15,16,45,2,08士林區,士林區雨聲街40號,0,0,1,1,C03,7,7,5,30,14,9,1,5,4,5,13,4,4,9,4,5,1,17,2,23,2,9,6,1,7,1,1,10,2,12,19,1,22,121.5290549,25.1021598
114,07,15,16,46,2,08士林區,士林區承德路4段1101902燈桿,0,0,1,1,B03,8,7,5,40,14,8,1,5,4,5,13,4,4,1,5,4,2,17,2,37,3,10,7,1,7,7,1,8,1,6,100,1,21,121.5233326,25.0861012
114,07,15,17,00,2,12內湖區,內湖區東湖路43巷與東湖路113巷5弄口,0,0,1,1,B03,7,7,5,30,3,1,1,5,4,5,13,4,4,10,5,5,2,17,1,48,3,10,7,1,7,15,1,8,2,7,44,1,21,121.6141221,25.0692886
114,07,15,17,10,2,11南港區,南港區大坑街與研究院路2段61巷口,0,0,2,1,C03,7,7,5,30,4,1,1,5,4,5,13,2,1,4,5,5,2,17,1,30,2,9,6,1,7,9,1,10,1,11,44,1,21,121.6181272,25.0454615
114,07,15,17,12,2,08士林區,士林區承德路5段與士商路口,0,0,1,1,B03,8,6,5,40,4,1,1,5,4,5,13,2,1,1,4,3,1,16,2,46,3,10,7,1,7,6,1,8,1,2,9,1,21,121.5142457,25.09614212
114,07,15,17,19,2,04大安區,大安區新生南路2段與永康街23巷口,0,0,1,1,B02,8,6,5,40,3,2,1,5,4,5,13,4,4,1,2,5,1,16,1,39,3,10,3,4,7,6,1,8,1,5,9,1,21,121.5329605,25.0321868
114,07,15,17,30,2,08士林區,士林區中正路重陽橋上橋機慢車專用道(燈桿編號7010266號),0,0,2,1,C03,7,7,5,50,12,11,1,5,4,5,13,4,4,10,3,5,1,17,1,19,2,9,5,1,7,9,1,10,2,11,16,1,21,121.506617,25.0861002
114,07,15,17,31,2,07信義區,信義區基隆路2段與信義路5段口,0,0,2,1,A02,8,6,8,50,22,22,1,5,4,5,13,2,1,1,4,5,2,9,1,57,3,10,3,4,7,8,1,2,1,17,42,1,22,121.5599506,25.0333232
114,07,15,17,40,2,09北投區,北投區永興路1段32巷與大同街204巷口,0,0,2,1,C04,8,6,5,30,4,1,1,5,4,5,13,4,4,10,5,5,2,15,1,45,2,9,5,1,7,9,1,10,2,14,72,1,22,121.5001364,25.1380474
114,07,15,17,40,2,10文山區,文山區辛亥路7段13號,0,0,1,1,C03,8,6,5,40,14,8,1,5,4,5,13,4,4,5,4,4,2,17,2,49,3,10,6,1,7,9,1,10,9,11,108,1,21,121.5528301,24.9869489
114,07,15,17,45,2,10文山區,文山區仙岩路12之1號號,0,0,1,1,B01,8,6,5,50,5,2,1,5,4,5,13,4,4,9,5,5,2,17,1,51,3,10,2,1,7,14,1,4,1,4,40,1,21,121.5482901,24.9985086
114,07,15,18,07,2,03中山區,中山區民權東路3段與復興北路口,0,0,1,1,C03,8,6,5,50,14,9,1,5,4,5,13,4,4,3,4,5,2,12,2,55,2,9,6,1,7,8,1,10,1,14,100,1,21,121.5439244,25.06240121
114,07,15,18,20,2,10文山區,文山區萬美街2段與萬美街2段2巷口,0,0,1,1,B03,7,6,5,40,3,1,1,5,4,5,13,4,4,5,5,5,1,16,2,68,3,10,7,1,7,5,1,8,1,8,8,1,21,121.562353,25.0035286
114,07,15,19,15,2,01大同區,大同區重慶北路2段219號,0,0,1,1,F01,8,5,5,50,14,9,1,5,4,5,13,4,4,1,5,5,2,12,1,60,2,8,2,1,7,9,8,20,1,11,5,1,21,121.5136509,25.0612299
114,07,15,19,20,2,12內湖區,內湖區舊宗路2段與舊宗路2段121巷口,0,0,3,1,C03,8,5,5,50,4,1,1,5,4,5,13,1,1,3,4,5,2,13,2,20,2,9,5,1,7,9,1,10,1,11,16,1,25,121.5747967,25.0689731
114,07,15,19,31,2,05中正區,中正區開封街1段與懷寧街口,0,0,1,1,C03,8,5,5,50,4,2,1,5,4,5,13,3,1,10,4,5,1,13,1,29,3,10,6,1,7,9,1,10,2,11,16,1,22,121.5143385,25.0459768
114,07,15,19,32,2,12內湖區,內湖區民權東路6段123巷21弄與民權東路6段135巷口口,0,0,2,1,C03,8,5,5,30,4,1,1,5,4,5,13,4,4,9,5,5,2,15,1,24,2,9,6,1,7,9,1,10,1,12,72,1,21,121.5941469,25.0696521
114,07,15,20,52,2,06松山區,松山區民生東路5段127號,0,0,1,1,A04,7,5,5,50,14,9,1,5,4,5,13,4,4,1,4,5,2,9,1,55,3,10,7,1,7,1,1,2,2,6,36,1,22,121.5608842,25.0587627
114,07,15,21,54,2,03中山區,中山區市民大道2段49號,0,0,4,1,C03,7,5,5,40,14,9,1,5,4,5,13,4,4,1,4,5,2,13,1,35,3,10,6,1,7,12,1,10,1,13,42,1,21,121.5289476,25.04678202
114,07,16,05,30,2,08士林區,士林區中山北路6段290巷7弄與德行東路109巷63弄口,0,0,2,1,C03,8,6,5,30,4,2,1,5,4,5,13,4,4,10,5,5,1,15,2,42,2,6,5,1,7,9,1,10,2,11,72,1,21,121.5275486,25.1095966
114,07,16,07,27,2,03中山區,中山區長春路61號,0,0,1,1,C03,7,7,5,40,14,7,1,5,4,5,13,4,4,10,4,4,2,17,1,41,3,10,5,1,7,5,3,18,1,14,80,1,21,121.5263411,25.05495327
114,07,16,07,32,2,07信義區,信義區基隆路1段與永吉路口,0,0,1,1,C03,8,7,5,50,5,2,1,5,4,5,13,2,1,1,3,5,2,13,2,33,2,9,6,1,7,9,1,10,1,11,16,1,22,121.567185,25.0455177
114,07,16,07,49,2,02萬華區,萬華區西園路2段與西園路2段11巷口,0,0,1,1,B03,8,6,5,50,4,2,1,5,4,5,13,2,1,1,4,5,2,12,1,70,3,10,3,4,7,8,1,8,1,2,100,1,22,121.4972774,25.0317952
114,07,16,08,09,2,07信義區,信義區基隆路2段23號,0,0,1,1,C03,8,5,5,50,14,9,1,5,4,5,13,4,4,1,4,5,2,17,1,48,3,10,6,1,7,8,1,10,9,12,100,2,21,121.5589187,25.0317965
114,07,16,08,12,2,11南港區,南港區中坡南路7號,0,0,1,1,C03,8,6,5,40,14,8,1,5,4,5,13,4,4,5,5,4,2,13,2,29,2,9,6,1,7,9,1,10,1,11,16,1,21,121.5824816,25.0437901
114,07,16,08,24,2,01大同區,大同區大龍街與大龍街187巷口,0,0,2,1,F03,8,6,5,50,3,1,1,5,4,5,13,4,4,9,5,5,2,17,1,78,2,8,5,1,7,9,8,20,2,12,16,1,21,121.5159185,25.0692108
114,07,16,08,26,2,03中山區,中山區松江路與民權東路2段口,0,0,2,1,A04,8,6,5,50,14,9,1,5,4,5,13,4,4,8,5,5,2,13,1,59,3,10,7,4,7,9,1,1,2,1,108,1,21,121.5331263,25.062737
114,07,16,08,30,2,03中山區,中山區民族東路與吉林路口,0,0,1,1,B03,8,7,5,50,14,9,1,5,4,5,13,4,4,10,4,5,2,12,2,33,3,10,7,1,7,7,1,8,2,5,100,1,21,121.5310153,25.06834623
114,07,16,08,43,2,12內湖區,內湖區金湖路與金湖路14巷口,0,0,2,1,B03,8,6,5,50,4,2,1,5,4,5,13,2,1,2,5,5,2,17,2,42,3,10,7,1,7,9,1,8,2,1,81,1,21,121.5954534,25.08376993
114,07,16,08,45,2,02萬華區,萬華區內江街與環河南路1段口,0,0,1,1,C03,8,6,5,50,3,1,1,5,4,5,13,2,1,4,4,5,1,17,2,39,3,10,3,4,7,5,1,10,1,14,8,1,22,121.5001481,25.0419976
114,07,16,08,54,2,04大安區,大安區杭州南路2段與杭州南路2段93巷口,0,0,1,1,C03,8,6,5,50,3,1,1,5,4,5,13,4,4,10,5,5,2,17,1,61,3,10,6,1,7,6,1,10,1,11,9,1,21,121.5221666,25.0284807
114,07,16,08,55,2,10文山區,文山區木新路2段與木新路2段66巷口,0,0,3,1,C03,8,7,5,50,5,1,1,5,4,5,13,4,4,5,4,5,2,13,2,23,2,9,6,1,7,9,1,10,2,11,16,1,21,121.5706142,24.9856461
114,07,16,09,16,2,09北投區,北投區大興街23巷與大興街口,0,0,2,1,C03,8,5,5,50,4,1,1,5,4,5,13,3,1,7,4,5,1,17,2,39,2,8,5,1,7,5,1,10,1,13,44,1,21,121.4984742,25.1299517
114,07,16,09,22,2,03中山區,中山區龍江路與龍江路286巷口,0,0,2,1,C03,8,7,5,50,4,2,1,5,4,5,13,4,4,5,5,5,2,13,2,22,2,9,6,1,7,9,1,10,2,11,108,1,21,121.540744,25.0611525
114,07,16,09,30,2,03中山區,中山區中山北路4段中山橋,0,0,1,1,C03,8,7,5,50,14,9,1,5,4,5,13,4,4,9,4,5,2,17,1,34,2,9,5,1,7,9,1,10,1,11,16,1,21,121.524044,25.07257995
114,07,16,09,30,2,05中正區,中正區和平西路2段100號對面,0,0,1,1,B03,8,7,5,50,14,9,1,5,4,5,13,4,4,1,4,5,2,16,1,56,3,10,7,1,7,6,1,8,1,6,42,1,21,121.509868,25.0302669
114,07,16,09,36,2,01大同區,大同區台北橋機慢車道標誌龍門架旁,0,0,2,1,B12,8,5,5,50,14,11,2,5,4,5,13,4,4,9,4,5,1,13,1,55,3,10,7,4,7,9,3,18,9,17,97,2,21,121.5087302,25.0634991
114,07,16,09,36,2,02萬華區,萬華區德昌街64號,0,0,1,1,C03,7,7,5,30,14,9,1,5,4,5,13,4,4,10,5,5,2,12,1,69,3,10,5,1,7,7,1,10,1,14,100,1,21,121.498423,25.0248686
114,07,16,09,42,2,02萬華區,萬華區西藏路與雙園街60巷口,0,0,1,1,C03,7,7,5,50,5,1,1,5,4,5,13,2,1,9,5,5,2,16,1,73,2,9,3,4,7,5,1,10,9,12,8,1,22,121.4923982,25.0286897
114,07,16,09,46,2,02萬華區,萬華區西藏路125巷與雙和街口,0,0,1,1,H01,8,7,5,30,4,1,1,5,4,5,13,1,1,10,5,5,2,9,1,70,3,10,4,5,8,20,8,20,10,16,54,1,21,121.5024663,25.0279772
114,07,16,11,36,2,02萬華區,萬華區西園路2段與艋舺大道口,0,0,2,1,B03,7,7,5,50,4,1,1,5,4,5,13,1,1,1,3,5,2,16,1,53,3,10,7,1,7,6,1,8,1,6,9,1,21,121.4980285,25.0330949
114,07,16,11,38,2,04大安區,大安區光復南路與文昌街口,0,0,1,1,B12,7,5,5,30,4,1,1,5,4,5,13,2,1,1,4,5,2,2,1,37,3,10,7,1,7,5,1,8,1,1,70,1,21,121.5573642,25.0320638
114,07,16,11,52,2,02萬華區,萬華區中興橋(往北市方向)機車道,0,0,1,1,C03,8,6,5,30,11,12,1,5,4,5,13,4,4,9,5,5,2,17,1,28,2,9,6,1,7,9,1,10,9,12,17,1,21,121.5006583,25.0443834
114,07,16,11,54,2,07信義區,信義區莊敬路391巷1號,0,0,1,1,B03,7,6,5,30,14,9,1,5,4,5,13,4,4,10,5,5,2,2,2,46,3,10,3,4,7,15,1,8,1,5,108,1,22,121.5657392,25.0281877
114,07,16,12,01,2,10文山區,文山區萬樂街與萬利街2巷口口,0,0,1,1,C03,8,7,5,30,3,1,1,5,4,5,13,4,4,10,5,5,2,16,1,38,3,10,5,1,7,5,1,10,1,11,72,1,21,121.5683034,24.9994811
114,07,16,12,05,2,01大同區,大同區長安西路與長安西路145巷口,0,0,2,1,C03,8,6,5,50,3,2,1,5,4,5,13,2,2,9,4,5,2,17,2,41,2,9,6,4,7,5,1,10,1,12,71,1,21,121.5148546,25.0514313
114,07,16,12,50,2,01大同區,大同區承德路3段與敦煌路口,0,0,1,1,B03,7,6,5,50,4,1,1,5,4,5,13,2,1,9,4,5,2,16,1,68,3,10,7,1,7,6,1,8,1,5,82,1,21,121.5200618,25.0753168
114,07,16,12,55,2,12內湖區,內湖區康樂街48巷與康樂街口,0,0,2,1,C03,7,6,6,50,3,1,1,5,4,5,13,4,4,9,5,5,2,16,2,63,2,9,6,1,7,5,1,10,2,12,74,1,22,121.6184105,25.0688536
114,07,16,13,05,2,02萬華區,萬華區環河南路2段276-5號與無名巷口,0,0,2,1,A11,7,7,5,30,4,2,1,5,4,5,13,4,4,10,5,5,2,13,1,29,2,1,7,1,7,6,1,3,1,5,108,1,21,121.4916358,25.0324459
114,07,16,13,05,2,05中正區,中正區重慶南路1段與衡陽路口,0,0,2,1,C03,7,6,5,50,4,1,1,5,4,5,13,1,1,10,2,5,2,16,2,50,2,9,6,4,7,5,1,10,2,14,8,1,22,121.5209351,25.04776763
114,07,16,13,25,2,03中山區,中山區大直街與北安路621巷口口,0,0,1,1,B01,6,7,5,50,4,1,1,4,4,5,13,1,1,5,4,5,2,3,1,73,3,10,3,4,7,5,1,4,9,5,70,1,21,121.5464392,25.0829322
114,07,16,13,40,2,05中正區,中正區忠孝西路1段與重慶南路1段口,0,0,1,1,C03,6,6,5,50,4,2,1,4,4,5,13,1,1,10,5,5,2,12,1,40,2,9,6,1,7,8,1,10,1,13,100,1,21,121.5133202,25.0472741
114,07,16,13,49,2,09北投區,北投區石牌路1段71巷與致遠二路5巷口,0,0,2,1,C03,7,6,5,30,4,1,1,5,4,5,13,4,4,10,5,5,2,15,2,61,2,8,5,1,7,9,1,10,2,12,72,1,21,121.5110553,25.114108
114,07,16,14,00,2,05中正區,中正區中華路2段與汀州路1段口,0,0,1,1,B03,6,7,5,50,4,2,1,4,4,5,13,1,1,9,4,5,2,13,1,35,3,10,7,1,7,9,1,8,1,5,108,1,21,121.5050489,25.0328449
114,07,16,14,00,2,07信義區,信義區吳興街與吳興街269巷口,0,0,1,1,C03,6,7,8,30,4,1,1,4,4,5,13,4,4,9,5,5,2,15,1,64,2,9,3,4,7,9,1,10,9,12,72,1,21,121.5639183,25.0267538
114,07,16,14,05,2,07信義區,信義區松仁路89號,0,0,1,1,C03,6,6,5,50,14,9,1,4,4,5,13,4,4,1,5,5,2,12,1,52,3,10,3,4,7,8,1,10,9,13,100,2,22,121.5684996,25.0366888
114,07,16,14,09,2,04大安區,大安區信義路4段與安和路2段口,0,0,1,1,B01,6,6,5,50,4,1,1,4,4,5,13,1,1,1,3,5,2,2,1,64,,,,,,,,,9,,119,2,,121.5526434,25.0331491
114,07,16,14,23,2,12內湖區,內湖區堤頂大道2段與瑞光路478巷口,0,0,1,1,B03,6,6,4,50,14,9,1,4,4,5,13,2,1,10,2,5,2,13,1,37,3,10,7,1,7,9,1,8,2,1,108,1,21,121.568738,25.07791224
114,07,16,14,31,2,05中正區,中正區中華路2段與和平西路2段口口,0,0,1,1,C03,6,6,5,50,4,1,1,4,4,5,13,1,1,1,4,5,2,17,1,22,3,10,5,1,7,15,1,10,1,17,100,1,26,121.5052948,25.0332879
114,07,16,14,51,2,03中山區,中山區中山北路2段39巷與南京東路1段13巷口,0,0,1,1,B03,6,7,5,30,3,1,1,4,4,5,13,4,4,10,5,5,2,17,1,73,3,10,7,1,7,6,1,8,1,8,72,1,21,121.523783,25.0539639
114,07,16,15,05,2,08士林區,士林區延平北路5段250號,0,0,2,1,C03,6,5,8,50,22,22,1,4,4,5,13,2,1,1,5,5,1,17,1,70,2,9,5,1,7,5,1,10,1,13,80,1,21,121.5099221,25.08458061
114,07,16,15,32,2,06松山區,松山區八德路2段與八德路2段437巷口,0,0,1,1,B01,6,7,5,50,4,1,1,4,4,5,13,2,1,9,4,5,2,17,1,50,3,10,7,1,7,5,1,4,9,17,80,1,22,121.5468301,25.0482641
114,07,16,15,33,2,09北投區,北投區福美路與承善街口,0,0,1,1,C03,6,6,5,30,4,1,1,4,4,5,13,4,4,5,4,5,2,15,1,38,2,8,5,1,7,9,1,10,2,11,72,1,21,121.5052409,25.1004849
114,07,16,15,34,2,01大同區,大同區酒泉街77號,0,0,1,1,B01,6,6,5,50,14,9,1,4,4,5,13,4,4,5,4,5,2,17,1,39,3,10,3,4,7,1,1,4,2,17,19,1,21,121.5166513,25.0719686
114,07,16,15,38,2,04大安區,大安區信義路4段187號,0,0,1,1,B03,6,6,5,50,14,9,1,4,4,5,13,4,4,1,4,5,2,17,1,60,3,10,7,1,7,5,1,8,1,17,44,1,21,121.5509373,25.03337308
114,07,16,15,50,2,04大安區,大安區仁愛路4段258號,0,0,1,1,B03,6,6,5,50,14,9,1,4,4,5,13,4,4,10,4,5,2,17,2,45,3,10,7,1,7,1,1,8,1,17,19,1,22,121.552474,25.0375828
114,07,16,16,07,2,08士林區,士林區大南路與華齡街口口,0,0,1,1,C03,7,7,5,30,3,1,1,5,4,5,13,4,4,8,3,5,2,16,2,36,2,8,5,1,7,5,1,10,2,11,74,1,22,121.5198425,25.0886353
114,07,16,16,36,2,06松山區,松山區寧安街60巷與南京東路4段52巷口,0,0,1,1,C03,7,6,5,30,4,1,1,5,4,5,13,4,4,10,5,5,2,15,1,63,2,9,5,1,7,9,1,10,1,11,72,1,21,121.5536635,25.0508111
114,07,16,16,40,2,11南港區,南港區重陽路499號,0,0,1,1,B03,7,6,5,50,14,7,1,4,4,5,13,4,4,9,5,4,2,16,2,48,3,10,3,4,7,1,1,8,2,4,19,1,21,121.6124647,25.0613652
114,07,16,17,10,2,11南港區,南港區忠孝東路6段與玉成街口,0,0,1,1,B03,7,6,5,50,5,1,1,4,4,5,13,2,1,1,4,5,2,16,1,43,3,10,3,4,7,5,1,8,1,2,71,1,21,121.5827608,25.0452348
114,07,16,17,11,2,03中山區,中山區樂群一路往西（敬業三路至基湖路之間）,0,0,1,1,F01,7,7,5,0,14,20,1,4,4,5,13,4,4,10,5,5,2,18,2,47,2,9,4,1,7,6,8,20,1,12,44,1,21,121.5564879,25.07728628
114,07,16,17,13,2,04大安區,大安區新生南路3段76巷與新生南路口側附近3段口對面台大停車場出入口,0,0,1,1,B03,8,6,5,50,22,8,1,5,4,5,13,4,4,10,5,4,2,17,1,51,3,10,7,1,7,6,1,8,1,6,9,1,22,121.5338888,25.019111
114,07,16,17,13,2,08士林區,(重慶北路四段78號旁),0,0,1,1,C03,7,6,5,50,4,1,1,5,4,5,13,1,1,1,4,5,2,17,1,22,2,9,6,1,7,9,1,10,1,14,108,1,21,121.5129673,25.0820062
114,07,16,17,20,2,07信義區,信義區松仁路123號與松勇路口,0,0,1,1,C03,6,6,5,30,3,2,4,4,4,5,13,4,4,10,5,5,2,18,1,38,2,9,6,1,7,9,1,10,9,14,44,1,22,121.5696897,25.0345135
114,07,16,17,25,2,07信義區,信義區基隆路1段與忠孝東路5段口,0,0,2,1,C03,6,6,5,50,4,1,1,4,4,5,13,1,1,3,4,3,2,12,1,48,2,9,6,1,7,7,1,10,2,12,100,1,21,121.5646483,25.0411346
114,07,16,17,30,2,03中山區,中山區民權東路2段95號前,0,0,1,1,B03,8,5,5,50,14,9,1,5,4,5,13,4,4,1,4,5,2,17,2,45,3,10,3,4,7,9,1,8,1,17,108,1,21,121.5323697,25.0625991
114,07,16,17,30,2,09北投區,北投區中和街與秀山路口,0,0,2,1,C03,7,5,5,50,4,1,1,5,4,5,13,2,1,5,4,5,2,16,1,68,2,8,5,1,7,5,1,10,1,12,71,1,21,121.5233422,25.11584006
114,07,16,17,45,2,07信義區,信義區信安街67巷與吳興街156巷65弄口,0,0,1,1,B03,7,6,5,30,3,2,1,5,4,5,13,4,4,5,5,5,2,17,2,27,3,10,3,4,7,6,1,8,1,2,9,1,22,121.5590658,25.025989
114,07,16,17,54,2,06松山區,松山區八德路3段10號,0,0,1,1,B01,7,7,5,50,14,9,1,5,4,5,13,4,4,5,4,5,2,17,1,58,3,10,7,1,7,11,1,4,1,4,80,1,22,121.5499723,25.0482006
114,07,16,17,59,2,07信義區,信義區基隆路1段與松壽路口口,0,0,1,1,A02,7,6,5,50,14,9,1,5,4,5,13,1,1,6,4,5,2,16,1,54,3,10,7,1,7,6,1,2,2,2,9,1,21,121.5614851,25.035923
114,07,16,18,01,2,08士林區,士林區承德路5段80號,0,0,1,1,C03,8,5,5,40,14,8,1,5,4,5,13,4,4,1,4,1,1,17,1,34,3,10,5,1,7,9,1,10,2,17,42,1,21,121.5143792,25.09469814
114,07,16,18,19,2,02萬華區,萬華區昆明街152號,0,0,3,1,C03,8,6,5,50,14,9,1,5,4,5,13,4,4,9,4,5,2,17,1,48,2,8,6,1,7,2,3,18,1,13,12,1,21,121.5047346,25.0425545
114,07,16,18,20,2,12內湖區,內湖區瑞光路66巷與瑞光路26巷36弄口,0,0,1,1,C03,7,5,5,50,4,1,1,5,4,5,13,2,1,5,5,5,2,17,2,37,2,9,6,1,7,5,1,10,1,14,44,1,21,121.5810722,25.069739
114,07,16,18,58,2,06松山區,松山區市民大道4段與光復南路66巷口,0,0,2,1,C03,8,5,5,40,3,2,1,5,4,5,13,4,4,9,4,5,2,13,1,38,3,10,6,1,7,9,1,10,1,11,108,1,22,121.5567395,25.04503206
114,07,16,19,25,2,08士林區,士林區承德路4段與劍潭路口口,0,0,1,1,B03,8,5,5,50,4,1,1,5,4,5,13,1,1,1,3,4,1,11,1,40,3,10,7,1,7,5,1,8,1,1,71,1,21,121.5235681,25.08376652