發生年度,發生月,發生日,發生時-Hours,發生分,處理別-編號,區序,肇事地點,死亡人數,2-30日死亡人數,受傷人數,當事人序號,車種,天候,光線,道路類別,速限-速度限制,道路型態,事故位置,路面狀況1,路面狀況2,路面狀況3,道路障礙1,道路障礙2,號誌1,號誌2,車道劃分-分向,車道劃分-分道1,車道劃分-分道2,車道劃分-分道3,事故類型及型態,性別,年齡,受傷程度,主要傷處,保護裝置,行動電話,車輛用途,當事者行動狀態,駕駛資格情形,駕駛執照種類,飲酒情形,車輛撞擊部位1,肇因碼-個別,個人肇逃否,職業,座標-X,座標-Y
114,07,24,09,44,2,02萬華區,萬華區桂林路與桂林路54巷口,0,0,1,1,B03,6,7,5,50,3,1,1,4,4,5,13,4,4,5,4,5,2,17,2,49,3,10,7,1,7,1,1,6,2,8,108,1,21,121.5042801,25.0379429
114,07,24,09,44,2,03中山區,中山區明水路與大直橋口下,0,0,1,1,C03,7,7,5,50,14,9,1,5,4,5,13,3,1,10,4,5,1,13,1,46,2,8,6,1,7,9,1,10,2,12,108,1,22,121.5444684,25.077429
114,07,24,09,44,2,04大安區,大安區辛亥路1段與羅斯福路3段口,0,0,1,1,C03,6,6,5,50,4,1,1,4,4,5,13,1,1,3,3,5,1,13,1,34,2,9,5,1,7,9,1,10,1,11,16,1,21,121.5295554,25.0195145
114,07,24,09,54,2,03中山區,中山區建國北路3段與五常街口,0,0,1,1,B12,7,6,5,50,3,1,1,5,4,5,13,4,4,10,4,5,2,17,1,57,3,10,3,4,7,6,1,8,1,1,9,1,22,121.5373136,25.0618032
114,07,24,09,58,2,03中山區,中山區長春路與建國北路2段口,0,0,2,1,B03,6,7,5,50,5,1,1,4,4,5,13,1,1,1,4,5,2,16,1,51,3,10,7,1,7,5,1,8,2,1,71,1,21,121.5371083,25.0548772
114,07,24,10,00,2,06松山區,松山區民權東路4段往西 光復北路前第二燈桿,0,0,1,1,A12,8,6,5,50,14,9,1,5,4,5,13,4,4,9,4,4,1,13,1,43,3,10,7,4,7,9,1,3,1,1,16,1,22,121.5553726,25.0619977
114,07,24,10,50,2,04大安區,大安區忠孝東路4段101巷與市民大道4段口口,0,0,1,1,B03,8,7,5,40,3,1,1,5,4,5,13,4,4,1,4,5,1,17,1,74,3,10,7,1,7,6,1,4,1,8,72,1,21,121.5481649,25.0448178
114,07,24,11,23,2,02萬華區,萬華區柳州街64號,0,0,1,1,C03,8,5,5,50,14,9,1,5,4,5,13,4,4,5,2,5,2,13,2,42,2,8,5,4,7,9,1,10,1,11,108,1,21,121.5051799,25.0380305
114,07,24,11,50,2,09北投區,北投區大業路527巷88號與大業路527巷口,0,0,1,1,B03,6,5,5,40,3,1,1,4,4,5,13,4,4,9,4,5,2,13,1,42,3,10,3,4,7,9,1,8,1,5,108,1,26,121.4864572,25.1355739
114,07,24,12,04,2,06松山區,松山區復興南路1段43號,0,0,1,1,F01,7,6,5,0,14,9,1,5,4,5,13,4,4,1,3,5,2,17,1,75,2,1,4,1,7,9,8,20,1,15,44,1,21,121.5439855,25.04597038
114,07,24,12,29,2,03中山區,中山區民生東路2段93巷與民生東路口,0,0,1,1,B13,6,5,8,30,3,1,1,4,4,5,13,4,4,9,4,5,2,16,1,51,3,10,3,4,7,6,1,8,2,4,72,1,21,121.5308016,25.05792118
114,07,24,12,45,2,10文山區,文山區指南路2段106號,0,0,1,1,B03,6,6,5,50,14,9,1,4,4,5,13,4,4,9,5,5,2,16,2,54,3,10,7,1,7,1,1,8,2,4,19,1,21,121.5796882,24.9857385
114,07,24,12,53,2,05中正區,中正區仁愛路1段往西接近景福門,0,0,1,1,C03,8,6,5,50,14,9,1,5,4,5,13,4,4,5,4,5,2,12,1,32,2,9,5,1,7,7,1,10,2,14,100,1,22,121.5186139,25.03927935
114,07,24,13,35,2,11南港區,南港區成福路與東新街108巷口,0,0,1,1,B12,7,6,5,30,4,1,1,5,4,5,13,2,1,4,3,5,2,2,1,63,3,10,3,4,7,5,1,8,2,8,70,1,21,121.5868071,25.0445096
114,07,24,14,00,2,08士林區,士林區中山北路5段與劍潭路口,0,0,1,1,B03,6,7,5,50,3,1,1,4,4,5,13,2,1,1,4,1,1,17,1,77,3,10,7,1,7,6,1,8,2,5,99,1,21,121.525353,25.0842139
114,07,24,14,05,2,01大同區,大同區安西街與延平北路2段272巷口,0,0,1,1,B13,6,6,5,30,5,1,1,4,4,5,13,4,4,10,5,5,2,15,1,51,3,10,7,1,7,9,1,4,2,5,72,1,21,121.5097531,25.0620812
114,07,24,14,12,2,03中山區,中山區市民大道2段與中山北路1段口11號前,0,0,1,1,C03,7,6,5,40,14,9,1,4,4,5,13,4,4,9,4,5,2,17,1,27,3,10,6,4,7,8,1,10,1,17,100,1,22,121.5211933,25.04857881
114,07,24,14,28,2,12內湖區,內湖區新湖三路與舊宗路1段口,0,0,1,1,F02,7,6,5,50,4,2,1,5,4,5,13,4,4,1,4,5,2,12,1,69,2,9,4,1,7,8,8,20,1,13,100,1,21,121.576604,25.0638522
114,07,24,14,33,2,02萬華區,萬華區忠孝橋機慢車道(環河快速道路下方),0,0,2,1,C03,6,6,5,40,8,8,1,4,4,5,13,4,4,1,5,1,2,17,1,22,2,9,6,1,7,9,1,10,1,11,108,1,22,121.5056632,25.049013
114,07,24,14,50,2,03中山區,中山區市民大道2段與新生北路1段口,0,0,2,1,C03,8,7,5,40,4,1,1,5,4,5,13,2,1,9,4,5,2,9,1,26,2,9,5,1,7,9,1,10,1,11,70,1,21,121.530548,25.046205
114,07,24,15,16,2,04大安區,大安區忠孝東路4段與大安路1段口,0,0,1,1,B03,8,6,5,50,4,1,1,5,4,5,13,1,1,9,4,5,1,12,1,49,3,10,3,4,7,9,1,8,1,17,17,1,21,121.5461751,25.0415943
114,07,24,15,30,2,10文山區,文山區木柵路1段與富山路口口,0,0,2,1,C03,7,6,5,50,3,1,1,5,4,5,13,2,1,10,5,5,1,17,1,42,3,10,5,1,7,5,1,10,9,15,74,1,21,121.5538558,24.9880185
114,07,24,15,45,2,03中山區,中山區北安路與大直街口,0,0,1,1,B03,7,7,5,50,4,1,1,4,4,5,13,1,1,10,4,5,2,12,1,26,3,10,7,1,7,9,1,8,1,2,17,1,21,121.546914,25.0798503
114,07,24,15,51,2,10文山區,文山區忠順街1段26巷與忠順街1段口,0,0,1,1,B03,7,5,5,30,3,18,1,4,4,5,13,2,1,10,5,5,2,3,2,69,3,10,3,4,7,5,1,8,1,5,70,1,22,121.5590842,24.9840986
114,07,24,15,54,2,05中正區,中正區中山南路與青島東路口,0,0,1,1,B01,7,5,5,50,4,1,1,5,4,5,13,2,1,9,4,4,2,16,1,68,3,10,7,1,7,5,1,4,1,5,71,1,21,121.5192592,25.0445537
114,07,24,16,13,2,06松山區,松山區民權東路5段68號,0,0,2,1,C03,8,6,5,50,14,9,1,5,4,5,13,4,4,1,4,5,2,13,1,38,2,8,6,1,7,9,1,9,2,11,16,1,21,121.5661171,25.0629105
114,07,24,16,19,2,05中正區,中正區南海路與惠安街口,0,0,1,1,B03,7,7,5,50,3,1,1,5,4,5,13,1,1,5,4,4,2,16,1,52,3,10,7,1,7,6,1,8,1,8,9,1,22,121.5079612,25.0281436
114,07,24,16,34,2,03中山區,中山區朱崙街與南京東路3段216巷口,0,0,1,1,F01,8,6,5,30,4,1,1,5,4,5,13,4,4,4,5,5,2,15,1,69,2,9,4,4,7,9,8,20,2,12,72,1,21,121.5433729,25.0499603
114,07,24,16,37,2,02萬華區,萬華區環河南路1段與漢口街2段口,0,0,1,1,C03,6,6,5,40,3,1,1,4,4,5,13,3,1,9,4,5,2,16,1,30,3,10,6,1,7,6,1,10,1,12,9,1,22,121.5035744,25.0464027
114,07,24,16,39,2,07信義區,信義區忠孝東路5段與松仁路口口,0,0,1,1,C03,8,6,5,50,4,1,1,5,4,5,13,2,1,1,4,5,2,17,1,30,2,9,6,1,7,5,1,10,1,11,8,1,22,121.568544,25.0409435
114,07,24,17,03,2,03中山區,中山區錦州街與民生東路2段159巷口,0,0,2,1,F01,8,6,5,30,4,1,1,4,4,5,13,4,4,5,4,5,2,15,2,72,2,9,4,4,7,9,8,20,1,13,72,1,21,121.5366337,25.0603913
114,07,24,17,10,2,10文山區,文山區辛亥路7段與木柵路1段口,0,0,2,1,C03,6,7,5,50,4,1,1,4,4,5,13,1,1,10,5,5,2,16,2,30,2,9,5,1,7,5,1,10,1,11,8,1,21,121.5523158,24.9878327
114,07,24,17,22,2,04大安區,大安區辛亥路3段11號,0,0,1,1,C03,7,6,5,50,14,9,1,5,4,5,13,4,4,9,4,5,1,13,2,29,2,7,3,4,7,7,1,10,1,11,108,1,21,121.5441736,25.0214033
114,07,24,17,22,2,10文山區,文山區萬壽路75-6號,0,0,1,1,B03,6,6,5,40,14,9,1,4,4,5,13,4,4,10,5,5,2,13,1,47,2,9,7,1,7,9,1,8,2,1,108,1,21,121.5882312,24.9849417
114,07,24,17,38,2,10文山區,文山區萬和街與萬樂街口口,0,0,1,1,F02,6,5,5,50,14,9,1,4,4,5,13,4,4,5,5,5,2,29,2,24,2,9,4,1,7,9,8,20,1,12,45,1,21,121.5690497,24.9994507
114,07,24,17,48,2,01大同區,大同區環河北路1段與鄭州路口,0,0,1,1,C03,6,6,5,50,14,9,1,4,4,5,13,4,4,4,4,5,2,13,1,30,2,9,3,4,7,9,1,10,1,11,108,1,21,121.5064927,25.0499618
114,07,24,18,08,2,07信義區,信義區中坡南路與中坡南路31巷口,0,0,1,1,B03,7,6,5,30,4,1,1,5,4,5,13,4,4,4,4,4,2,17,1,35,3,10,7,1,7,9,1,8,1,1,72,1,21,121.5832203,25.043096
114,07,24,18,20,2,09北投區,北投區東華街2段與致遠三路口,0,0,1,1,B03,6,5,5,50,4,2,1,4,4,5,13,2,1,1,4,5,2,3,1,54,3,10,7,1,7,6,1,8,2,1,70,1,21,121.5115833,25.1198371
114,07,24,18,20,2,07信義區,信義區松仁路28號停車場出入口,0,0,1,1,C03,6,6,5,50,14,9,1,4,4,5,13,2,1,1,4,5,2,17,1,68,2,8,6,1,7,8,1,10,1,13,100,1,22,121.5683601,25.0398204
114,07,24,18,32,2,12內湖區,內湖區康寧路3段189巷15號,0,0,1,1,C03,8,6,5,30,14,9,1,5,4,5,13,4,4,10,5,5,2,17,1,27,2,7,5,1,7,2,1,10,1,12,12,1,21,121.6126678,25.070404
114,07,24,18,41,2,08士林區,士林區中正路與福港街口,0,0,1,1,C03,6,5,5,30,4,2,1,4,4,5,13,1,1,10,4,5,1,17,1,18,3,10,6,1,7,7,1,10,2,12,100,1,21,121.5175111,25.09194062
114,07,24,19,14,2,06松山區,松山區八德路4段36巷與光復南路17巷口,0,0,2,1,C03,6,5,5,30,4,1,1,4,4,5,13,4,4,10,5,5,2,15,1,27,2,8,6,1,7,9,1,10,2,11,75,1,21,121.5592323,25.0473566
114,07,24,19,15,2,03中山區,中山區民權東路1段與林森北路口,0,0,1,1,C03,6,5,5,50,4,1,1,4,4,5,13,1,1,3,4,5,2,17,1,39,2,7,6,1,7,8,1,10,2,13,100,1,21,121.5254717,25.06260057
114,07,24,19,38,2,09北投區,北投區大度路3段與立德路口,0,0,1,1,B01,6,5,5,50,14,9,1,4,4,5,13,4,4,3,4,5,2,16,1,65,3,10,7,1,7,8,1,4,9,5,100,2,22,121.4704708,25.123056
114,07,24,20,20,2,07信義區,信義區基隆路1段149號,0,0,1,1,B01,6,5,5,50,14,9,1,4,4,5,13,4,4,1,4,5,2,17,1,64,3,10,7,1,7,14,1,4,1,2,40,1,22,121.5654874,25.0425582
114,07,24,20,39,2,02萬華區,萬華區雙園街18巷與雙園街口,0,0,2,1,C03,6,5,5,50,5,2,1,4,4,5,13,4,4,9,4,5,1,2,1,45,2,9,5,1,7,9,1,10,2,11,108,1,21,121.4947285,25.0293872
114,07,24,20,42,2,04大安區,大安區新生南路1段與新生南路1段139巷口,0,0,1,1,B03,6,5,5,50,4,1,1,4,4,5,13,1,1,3,3,5,1,16,1,47,3,10,7,1,7,5,1,8,1,2,118,1,21,121.5328972,25.0366459
114,07,24,21,05,2,03中山區,中山區龍江路與興安街口,0,0,2,1,C03,6,5,5,50,4,1,1,4,4,5,13,1,1,9,5,5,2,17,1,68,2,1,6,1,7,5,3,18,1,12,8,1,21,121.5473467,25.04821052
114,07,24,21,22,2,06松山區,松山區市民大道4段與八德路2段366巷口,0,0,1,1,B03,7,5,5,40,4,1,1,5,4,5,13,1,1,1,4,5,2,12,2,22,3,10,7,1,7,15,1,8,2,8,17,1,21,121.5460192,25.0451846
114,07,24,21,52,2,07信義區,信義區基隆路2段117號,0,0,2,1,C03,6,5,5,50,14,9,1,4,4,5,13,4,4,1,4,5,2,17,2,36,2,8,6,1,7,9,1,10,1,14,118,1,22,121.5568467,25.028382
114,07,24,22,00,2,04大安區,大安區延吉街與光復南路346巷口,0,0,2,1,C03,6,5,5,30,4,1,1,4,4,5,13,4,4,8,3,5,2,15,1,63,2,9,5,1,7,9,1,10,1,12,72,1,21,121.555293,25.0384573
114,07,24,22,25,2,05中正區,中正區重慶南路3段與寧波西街口,0,0,1,1,B03,7,5,5,50,4,2,1,5,4,5,13,1,1,1,4,5,2,17,1,23,3,10,7,1,7,7,1,8,1,4,100,1,22,121.51526,25.0299767
114,07,24,22,30,2,02萬華區,萬華區環河南路1段39號,0,0,1,1,B03,6,5,5,40,14,9,1,4,4,5,13,1,1,9,4,5,2,17,1,27,3,10,7,4,7,1,1,8,1,17,19,1,21,121.502848,25.04595155
114,07,24,22,33,2,03中山區,中山區復興南路1段與八德路2段口,0,0,1,1,C03,6,5,5,50,4,1,1,4,4,5,13,1,1,5,4,5,2,12,2,21,2,9,3,4,7,8,1,8,1,12,100,1,21,121.5446567,25.04778327
114,07,24,23,14,2,04大安區,大安區仁愛路3段12號附近側附近,0,0,1,1,B03,7,5,5,50,14,9,1,5,4,5,13,4,4,1,4,5,2,17,1,33,3,10,3,4,7,1,6,8,1,15,19,1,22,121.5330054,25.03818703
114,07,24,23,22,2,04大安區,大安區仁愛路4段與敦化南路1段口,0,0,1,1,B03,7,5,5,50,18,9,1,4,4,5,13,1,1,10,5,5,2,12,1,75,3,10,7,1,7,7,1,8,1,2,100,1,21,121.5486351,25.0374239
114,07,24,23,33,2,09北投區,北投區承德路6段與文承路口口,0,0,2,1,C03,6,5,5,60,14,7,1,4,4,5,13,1,1,1,4,4,2,13,1,30,2,9,5,2,7,9,1,9,1,11,64,1,21,121.5118082,25.1050537
114,07,24,23,44,2,07信義區,信義區基隆路2段79巷與基隆路2段79巷1弄口,0,0,1,1,C03,6,5,5,30,4,1,1,4,4,5,13,4,4,5,2,5,2,15,1,28,2,8,6,1,7,9,1,9,1,14,72,1,21,121.5584107,25.0300616
114,07,25,00,54,2,09北投區,北投區承德路6段往北投方向,0,0,3,1,C03,6,5,5,60,14,7,1,4,4,5,13,4,4,1,4,4,2,17,1,28,2,9,5,1,7,9,1,9,2,11,108,1,21,121.5117919,25.1077574
114,07,25,01,49,2,03中山區,中山區林森北路與南京東路1段口,0,0,1,1,B01,6,5,5,50,4,1,1,4,4,5,13,1,1,1,2,5,2,16,1,50,3,10,7,1,7,5,1,4,1,8,8,1,21,121.5248919,25.0522542
114,07,25,02,03,2,09北投區,北投區東華街2段與東華街2段300巷口南往北,0,0,2,1,C03,6,6,5,50,3,2,1,4,4,5,13,4,4,9,4,5,1,3,1,27,2,8,6,1,7,9,1,10,2,11,108,1,21,121.5069421,25.1209258
114,07,25,06,52,2,07信義區,信義區福德街161號,0,0,1,1,A02,6,7,5,30,14,9,1,4,4,5,13,4,4,1,3,1,2,9,1,28,3,10,3,4,7,3,1,2,1,17,44,1,21,121.5833836,25.0377504
114,07,25,07,49,2,06松山區,松山區麥帥二橋往內湖剛進橋第一根橋柱,0,0,2,1,B12,6,7,5,60,10,9,1,4,4,5,13,4,4,1,4,5,2,13,1,62,3,10,7,1,7,9,1,8,2,1,16,1,21,121.5708349,25.05556394
114,07,25,07,50,2,12內湖區,內湖區大湖街大湖幹27號電桿,0,0,1,1,C03,6,6,5,30,11,9,1,4,4,5,13,4,4,10,5,5,1,11,1,42,2,9,5,1,7,15,1,10,1,14,17,1,21,121.6049193,25.0967447
114,07,25,08,00,2,03中山區,中山區復興北路與遼寧街185巷口,0,0,1,1,B03,8,7,5,50,4,2,1,4,4,5,13,4,4,1,4,5,2,12,1,52,3,10,7,1,7,9,1,8,1,6,44,1,21,121.5440115,25.0531614
114,07,25,08,03,2,04大安區,大安區敦化南路2段77號,0,0,1,1,B01,6,6,5,50,14,9,1,4,4,5,13,4,4,1,4,5,1,17,1,63,3,10,3,4,7,15,1,4,11,17,44,1,21,121.5490985,25.0306869
114,07,25,08,13,2,08士林區,士林區至誠路2段與雨聲街口,0,0,1,1,A02,6,6,5,50,4,1,1,4,4,5,13,1,1,4,3,5,1,16,1,58,3,10,7,1,7,6,1,2,1,5,9,1,21,121.5291082,25.1018544
114,07,25,08,22,2,10文山區,文山區萬安街與萬安街16巷口口,0,0,1,1,C03,6,7,5,30,4,1,1,4,4,5,13,4,4,10,5,5,2,17,2,45,3,10,5,1,7,4,1,10,9,17,4,1,21,121.5704127,25.0010663
114,07,25,08,31,2,09北投區,北投區東華街1段與東華街1段438巷口,0,0,1,1,C03,6,6,5,50,3,2,1,4,4,5,13,4,4,1,5,5,2,13,1,51,2,9,5,1,7,9,1,10,1,11,108,1,21,121.5179181,25.1116221
114,07,25,08,35,2,12內湖區,內湖區陽光街321巷與舊宗路2段171巷口,0,0,1,1,B03,6,7,5,50,4,1,1,4,4,5,13,2,1,5,5,5,2,16,1,71,3,10,7,1,7,5,1,8,1,2,83,1,21,121.5763791,25.0712423
114,07,25,08,38,2,03中山區,中山區樂群二路202號大直美堤花園一,0,0,1,1,A02,7,6,5,50,5,2,1,4,4,5,13,2,2,8,3,5,2,9,1,55,3,10,7,1,7,9,1,2,9,17,44,1,21,121.5594311,25.0798148
114,07,25,08,38,2,04大安區,大安區和平東路1段與師大路口,0,0,2,1,H01,6,6,5,0,4,2,1,4,4,5,13,1,1,9,4,5,1,3,1,39,2,7,4,5,8,18,8,20,10,16,121,1,21,121.5284897,25.0263204
114,07,25,08,40,2,05中正區,中正區重慶南路1段29巷與開封街1段14巷口,0,0,2,1,C03,6,5,5,40,4,1,1,4,4,5,13,4,4,9,2,5,2,17,1,21,2,8,5,1,7,9,1,10,2,11,80,1,21,121.5138085,25.0454979
114,07,25,08,49,2,03中山區,中山區北安路與敬業二路口,0,0,2,1,C03,7,7,5,50,14,9,1,4,4,5,13,4,4,1,3,5,1,17,1,28,2,8,5,1,7,9,1,10,1,17,44,1,21,121.5210879,25.05013507
114,07,25,08,54,2,10文山區,文山區羅斯福路4段與羅斯福路4段206巷口,0,0,1,1,B03,6,6,5,50,3,1,1,4,4,5,13,4,4,1,4,5,2,13,1,57,3,10,7,1,7,6,1,8,9,3,44,1,21,121.5468928,25.00010542
114,07,25,08,59,2,03中山區,中山區南京東路2段與建國北路1段口,0,0,1,1,C03,6,6,5,50,14,9,1,4,4,5,13,2,1,8,3,4,2,13,2,40,2,8,6,4,7,9,1,10,2,11,16,1,21,121.5369284,25.0518789
114,07,25,09,18,2,11南港區,南港區松河街342號,0,0,1,1,B12,6,7,5,40,14,9,1,4,4,5,13,4,4,5,4,5,2,17,1,46,3,10,7,1,7,1,1,8,1,6,19,1,21,121.5858757,25.0536719
114,07,25,09,25,2,03中山區,中山區林森北路與農安街口,0,0,1,1,B03,6,7,5,50,4,1,1,4,4,5,13,1,1,4,5,5,1,17,1,25,3,10,7,1,7,5,1,8,1,4,8,1,21,121.5257048,25.06504811
114,07,25,09,29,2,02萬華區,萬華區萬大路618巷36號,0,0,1,1,B03,6,7,5,30,14,9,1,4,4,5,13,4,4,10,5,5,2,17,2,53,3,10,7,1,7,9,1,8,1,5,77,1,21,121.4943885,25.0180409
114,07,25,09,40,2,08士林區,士林區中山北路6段179號,0,0,1,1,C03,6,6,5,50,14,9,1,4,4,5,13,4,4,1,4,5,2,12,1,68,2,9,3,4,7,7,1,10,1,14,100,1,21,121.5250779,25.10776008
114,07,25,09,54,2,05中正區,中正區寧波西街與牯嶺街口,0,0,1,1,B03,6,6,5,50,4,1,1,4,4,5,13,1,1,10,4,5,2,13,1,39,3,10,7,1,7,9,1,8,1,1,108,1,21,121.5163036,25.0300555
114,07,25,10,00,2,12內湖區,內湖區洲子街96號,0,0,2,1,C03,6,6,5,50,14,9,1,4,4,5,13,4,4,9,5,5,2,17,1,51,2,9,6,1,7,9,1,10,2,11,42,1,21,121.5712511,25.0799706
114,07,25,10,20,2,03中山區,中山區中山北路3段181號,0,0,2,1,C03,8,7,5,50,14,9,1,4,4,5,13,4,4,9,4,5,2,12,1,32,2,9,6,1,7,9,1,10,1,12,17,1,26,121.523094,25.06899709
114,07,25,11,04,2,03中山區,中山區合江街84-1號,0,0,1,1,B02,6,6,5,40,14,9,1,4,4,5,13,4,4,9,4,5,2,1,1,45,3,10,3,4,7,9,1,4,2,1,108,1,21,121.5391768,25.0572623
114,07,25,11,18,2,05中正區,中正區中正橋,0,0,2,1,C03,6,7,5,50,14,9,1,4,4,5,13,4,4,3,4,5,2,12,1,69,2,8,5,1,7,7,1,10,1,12,100,1,21,121.5166943,25.0226859
114,07,25,11,22,2,05中正區,中正區思源街與汀州路3段口,0,0,1,1,B12,6,6,5,50,3,1,1,4,4,5,13,1,1,3,4,5,2,17,1,32,3,10,7,1,7,6,1,8,1,6,9,1,21,121.532096,25.0148747
114,07,25,11,23,2,04大安區,大安區羅斯福路3段277號,0,0,1,1,C03,6,6,5,50,14,9,1,4,4,5,13,4,4,1,4,5,2,13,1,22,2,7,6,1,7,9,1,10,1,11,16,1,21,121.5310953,25.0180291
114,07,25,12,06,2,01大同區,大同區鄭州路與延平北路1段口,0,0,1,1,B03,6,6,5,40,5,2,1,4,4,5,13,1,1,1,5,5,2,17,1,59,4,11,3,4,7,6,1,8,11,17,118,2,21,121.5118353,25.0497945
114,07,25,12,30,2,04大安區,大安區仁愛路4段169號,0,0,1,1,,6,6,5,0,14,20,4,4,4,5,13,4,4,10,5,5,2,18,3,59,,,,,,,,,,,67,1,,121.5521041,25.0380645
114,07,25,12,34,2,02萬華區,萬華區環河快速高架道(第6011007號燈桿),0,0,3,1,B12,6,6,5,70,10,9,1,4,4,5,13,4,4,9,4,5,2,17,1,51,2,1,7,1,7,9,6,18,1,1,108,1,21,121.4971436,25.0262997
114,07,25,13,10,2,05中正區,中正區泉州街與和平西路1段口口,0,0,1,1,B03,6,6,5,50,5,1,1,4,4,5,13,1,1,5,5,5,1,16,2,57,3,10,7,1,7,5,1,8,11,1,71,1,21,121.5147115,25.0281312
114,07,25,13,25,2,01大同區,大同區大龍街與酒泉街口,0,0,2,1,C03,6,5,5,50,4,1,1,4,4,5,13,1,1,5,5,5,2,16,1,23,2,9,5,1,7,5,1,10,2,14,71,1,21,121.5158727,25.0719934
114,07,25,13,44,2,09北投區,北投區大度路3段與關渡路口,0,0,1,1,B03,6,7,5,50,3,1,1,4,4,5,13,2,1,3,4,5,1,16,2,19,3,10,7,1,7,6,1,8,1,5,9,1,22,121.469488,25.1228948
114,07,25,14,15,2,03中山區,中山區建國北路1段73號,0,0,1,1,B03,6,7,5,50,14,9,1,4,4,5,13,4,4,9,4,5,2,17,1,62,3,10,7,1,7,7,1,8,1,2,100,1,21,121.540491,25.04834345
114,07,25,14,18,2,05中正區,中正區羅斯福路3段與辛亥路1段口,0,0,2,1,C03,6,6,5,50,4,1,1,4,4,5,13,1,1,3,4,5,2,13,1,53,2,9,5,1,7,9,1,10,1,11,108,1,21,121.5292213,25.0195789
114,07,25,14,36,2,08士林區,士林區社子街與社子街126巷口,0,0,1,1,B03,6,5,5,30,4,1,1,4,4,5,13,4,4,9,5,5,2,16,2,52,3,10,7,1,7,6,1,8,1,8,72,1,21,121.5052231,25.0880628
114,07,25,15,11,2,11南港區,南港區向陽路191號,0,0,1,1,B01,6,5,5,50,14,9,1,4,4,5,13,4,4,1,4,5,2,12,1,57,3,10,3,4,7,8,1,4,1,4,100,1,21,121.5933741,25.0567467
114,07,25,15,24,2,05中正區,中正區福州街與福州街43巷口,0,0,1,1,B01,6,7,5,50,3,1,1,4,4,5,10,4,4,3,4,5,2,16,1,51,3,10,7,1,7,5,1,4,1,2,99,1,21,121.5149806,25.0270264
114,07,25,15,32,2,03中山區,中山區吉林路136號與新生北路2段45巷口,0,0,1,1,B03,6,6,5,50,4,2,1,4,4,5,13,4,4,8,5,4,2,17,1,41,3,10,7,4,7,5,1,8,11,17,72,2,21,121.5301002,25.0556526
114,07,25,15,50,2,06松山區,松山區民權東路3段190號,0,0,1,1,B03,6,6,5,50,14,9,1,4,4,5,13,4,4,9,4,5,1,17,1,71,3,10,7,1,7,7,1,8,1,17,100,1,22,121.5503007,25.0614676
114,07,25,16,05,2,10文山區,文山區政大一街與政大三街口,0,0,2,1,C03,6,6,5,30,3,1,1,4,4,5,13,4,4,10,5,5,1,13,1,37,2,9,6,1,7,9,1,10,1,11,108,1,21,121.5820747,24.9853127
114,07,25,16,16,2,07信義區,信義區忠孝東路5段423巷與虎林街120巷口口,0,0,1,1,,6,6,5,30,4,1,1,4,4,5,13,4,4,9,5,5,2,17,4,0,,,,,,,,,,,119,2,,121.5754082,25.0421765
114,07,25,16,18,2,11南港區,南港區三重路與園區街口,0,0,1,1,B03,7,6,5,50,3,1,1,4,4,5,13,2,1,4,4,5,2,16,2,19,3,10,3,4,7,5,1,8,2,1,8,1,21,121.6141718,25.0589995
114,07,25,16,25,2,08士林區,士林區中山北路6段與中山北路6段236巷口,0,0,1,1,B03,6,6,5,30,5,2,1,4,4,5,13,4,4,10,5,5,1,14,2,66,3,10,7,1,7,2,1,8,1,3,12,1,21,121.5254317,25.1088541
114,07,25,16,30,2,07信義區,信義區信義路5段1號,0,0,1,1,C03,6,5,5,50,14,9,1,4,4,5,13,4,4,9,4,5,2,18,1,20,2,9,3,4,7,9,1,10,9,17,118,1,21,121.5602293,25.0330305
114,07,25,16,52,2,05中正區,中正區中山南路與徐州路口,0,0,1,1,C03,7,6,5,50,3,1,1,4,4,5,13,1,1,10,4,5,2,17,1,32,2,9,6,4,7,9,1,10,2,14,16,1,22,121.5213179,25.0411838
114,07,25,17,02,2,04大安區,大安區通化街171巷與通化街171巷30弄口,0,0,1,1,B01,7,6,5,30,4,1,1,5,4,5,13,4,4,9,4,5,1,14,1,58,3,10,3,4,7,2,1,1,1,7,12,1,21,121.555119,25.0276942
114,07,25,17,05,2,09北投區,北投區承德路7段與公館路口,0,0,1,1,B03,6,5,5,50,4,1,1,4,4,5,13,1,1,5,4,5,2,17,1,69,3,10,3,4,7,6,1,8,1,8,9,1,21,121.5013837,25.1196989
114,07,25,17,30,2,12內湖區,內湖區民權東路6段與民權東路6段46巷口口,0,0,1,1,B03,6,6,5,50,4,1,1,4,4,5,13,2,1,1,4,5,2,17,1,57,3,10,7,1,7,6,1,8,1,6,9,1,21,121.5815582,25.0678647
114,07,25,17,35,2,08士林區,士林區中山北路5段與福林路口,0,0,2,1,A02,6,6,5,50,14,9,1,4,4,5,13,4,4,8,5,5,1,17,1,36,2,8,7,1,7,15,1,2,2,5,118,1,21,121.5280118,25.0930265
114,07,25,17,40,2,10文山區,文山區和平東路4段燈桿編號0706287往南5公尺處,0,0,1,1,C03,6,6,5,40,11,9,1,4,4,5,13,1,1,5,5,5,1,18,2,33,2,9,6,1,7,9,1,10,1,14,116,1,21,121.5720202,25.0017108
114,07,25,18,03,2,03中山區,中山區樂群一路與敬業三路口,0,0,1,1,C03,7,7,5,50,3,2,1,4,4,5,13,2,1,1,2,5,2,17,1,52,2,9,6,1,7,7,1,10,1,13,93,1,21,121.5562268,25.0771367