發生年度,發生月,發生日,發生時-Hours,發生分,處理別-編號,區序,肇事地點,死亡人數,2-30日死亡人數,受傷人數,當事人序號,車種,天候,光線,道路類別,速限-速度限制,道路型態,事故位置,路面狀況1,路面狀況2,路面狀況3,道路障礙1,道路障礙2,號誌1,號誌2,車道劃分-分向,車道劃分-分道1,車道劃分-分道2,車道劃分-分道3,事故類型及型態,性別,年齡,受傷程度,主要傷處,保護裝置,行動電話,車輛用途,當事者行動狀態,駕駛資格情形,駕駛執照種類,飲酒情形,車輛撞擊部位1,肇因碼-個別,個人肇逃否,職業,座標-X,座標-Y
114,07,25,18,40,2,03中山區,中山區建國北路3段93巷與建國北路3段口,0,0,1,1,B03,6,5,5,50,4,1,1,4,4,5,13,4,4,9,4,5,2,17,1,44,3,10,3,4,7,6,1,8,1,4,108,1,22,121.536783,25.0655738
114,07,25,18,55,2,03中山區,中山區植福路170號,0,0,1,1,C03,6,5,5,50,14,9,1,4,4,5,13,4,4,5,5,5,2,17,1,61,4,11,3,4,7,15,1,10,11,15,44,2,22,121.558981,25.0838994
114,07,25,19,50,2,05中正區,中正區廈門街與廈門街114巷口,0,0,1,1,B03,6,5,5,50,3,1,1,4,4,5,13,2,1,5,5,5,2,1,1,55,3,10,7,1,7,5,1,8,1,8,70,1,22,121.5173585,25.0232206
114,07,25,20,00,2,04大安區,大安區仁愛路4段與敦化南路1段口,0,0,1,1,B03,6,5,5,50,5,1,1,4,4,5,13,2,1,1,4,4,1,17,2,43,3,10,3,4,7,5,1,8,1,4,8,1,22,121.5494905,25.03819377
114,07,25,20,01,2,12內湖區,內湖區內湖路1段387巷與內湖路1段387巷3弄口,0,0,1,1,C03,6,7,5,30,3,1,1,4,4,5,13,4,4,5,5,5,2,17,1,68,2,8,5,1,7,5,1,10,1,11,72,1,21,121.5703743,25.0823645
114,07,25,20,15,2,03中山區,中山區民權東路3段與龍江路口,0,0,1,1,C03,6,5,5,50,4,2,1,4,4,5,13,1,1,1,4,5,2,17,1,52,2,9,5,1,7,9,1,10,2,14,79,1,22,121.5408947,25.0625178
114,07,25,20,24,2,05中正區,中正區金山北路新生高架下迴轉道,0,0,1,1,C03,6,5,5,30,14,9,1,4,4,5,13,4,4,1,5,5,2,13,2,24,2,9,5,1,7,9,1,10,1,11,16,1,22,121.5304006,25.04548931
114,07,25,20,42,2,08士林區,士林區至誠路1段62巷與至誠路1段62巷10弄口,0,0,1,1,B03,6,5,5,30,3,1,1,4,4,5,13,1,1,10,5,5,1,17,1,50,3,10,7,1,7,5,1,8,11,17,44,2,29,121.53632,25.1014852
114,07,25,20,50,2,10文山區,文山區羅斯福路6段142巷與景仁街口,0,0,1,1,B01,6,5,5,30,4,1,1,4,4,5,13,4,4,10,5,5,2,15,1,51,3,10,7,1,7,9,1,4,1,5,72,1,21,121.5403871,24.9963275
114,07,25,20,51,2,03中山區,中山區林森北路72號,0,0,1,1,F01,6,5,5,0,22,25,4,4,4,5,13,4,4,10,5,5,2,2,2,47,3,10,4,1,7,9,8,20,1,11,88,1,22,121.5245337,25.0493976
114,07,25,21,00,2,03中山區,中山區北安路與北安路458巷41弄口口,0,0,1,1,C03,6,5,5,50,3,1,1,4,4,5,13,1,1,1,4,1,2,17,1,31,3,10,3,4,7,9,1,10,1,11,42,1,21,121.5472621,25.0797529
114,07,25,21,36,2,03中山區,中山區市民大道3段與建國南路1段口,0,0,1,1,C03,6,5,5,50,4,1,1,4,4,5,13,1,1,1,4,5,2,16,1,26,2,9,6,1,7,5,1,10,1,14,8,1,22,121.5368858,25.044837
114,07,25,21,36,2,04大安區,大安區忠孝東路4段205巷與敦化南路1段187巷口,0,0,2,1,C03,6,5,5,30,4,1,1,4,4,5,13,4,4,10,3,5,2,15,1,30,2,9,6,1,7,9,1,10,1,12,75,1,21,121.5519349,25.0425602
114,07,25,21,37,2,05中正區,中正區忠孝東路2段往西華山園區前,0,0,1,1,C03,6,5,5,50,14,9,1,4,4,5,13,2,1,3,4,5,2,17,1,72,2,9,5,1,7,9,1,10,6,12,21,1,22,121.5288066,25.0435408
114,07,25,21,37,2,05中正區,中正區愛國東路與杭州南路2段口,0,0,1,1,B03,6,5,5,50,4,2,1,4,4,5,13,1,1,5,4,5,2,16,1,39,3,10,7,1,7,5,1,8,1,1,108,1,21,121.5224941,25.0321664
114,07,25,21,49,2,03中山區,中山區植福路與敬業二路口,0,0,1,1,B01,6,5,5,50,14,9,1,4,4,5,13,1,1,5,5,5,2,16,1,42,3,10,7,1,7,5,1,4,1,5,8,1,22,121.5545863,25.0839356
114,07,25,21,50,2,07信義區,信義區富陽街28號,0,0,2,1,H01,8,5,5,50,14,9,1,4,4,5,13,4,4,8,3,5,2,9,2,53,2,9,4,5,8,16,8,20,10,16,121,1,21,121.5562651,25.0232822
114,07,25,22,08,2,03中山區,中山區中山北路2段139號,0,0,1,1,B03,6,5,5,50,14,9,1,4,4,5,13,4,4,9,4,5,2,17,2,48,3,10,7,1,7,1,1,8,1,8,19,1,21,121.52282,25.06204124
114,07,25,22,10,2,08士林區,士林區延平北路6段418號,0,0,1,1,B03,6,5,8,50,22,22,1,4,4,5,13,4,4,1,4,5,1,17,1,40,3,10,7,1,7,9,1,8,8,5,21,2,21,121.5001397,25.0917473
114,07,25,22,53,2,04大安區,大安區敦化南路1段166號,0,0,1,1,B03,6,5,5,50,14,9,1,4,4,5,13,4,4,1,4,5,1,12,1,34,3,10,3,4,7,1,1,8,11,17,19,1,21,121.5486264,25.0432648
114,07,25,23,25,2,04大安區,大安區和平東路3段與嘉興街口,0,0,1,1,B03,6,5,5,50,4,1,1,4,4,5,13,2,1,10,5,5,2,17,2,39,3,10,3,4,7,11,1,8,1,2,10,1,22,121.5540217,25.0228725
114,07,26,00,15,2,11南港區,南港區忠孝東路6段與玉成街口,0,0,1,1,B03,6,5,5,50,5,1,1,4,4,5,13,1,1,1,4,5,2,16,1,41,3,10,3,4,7,5,1,8,1,1,8,1,21,121.5827589,25.0452026
114,07,26,00,25,2,06松山區,松山區南京東路5段162號,0,0,1,1,B03,6,5,5,40,14,8,1,4,4,5,13,4,4,9,4,4,2,17,2,50,3,10,7,1,7,13,1,8,1,7,38,1,22,121.5629971,25.05137371
114,07,26,04,20,2,02萬華區,萬華區康定路與內江街口,0,0,1,1,B01,6,5,5,50,4,1,1,4,4,5,13,2,1,5,5,5,2,17,1,64,3,10,7,1,7,5,7,19,11,17,8,2,22,121.5023115,25.0417249
114,07,26,05,33,2,12內湖區,內湖區內湖路1段411巷與內湖路1段387巷3弄口,0,0,2,1,C03,7,6,6,30,4,1,1,4,4,5,13,4,4,5,5,5,2,15,1,43,2,9,6,1,7,9,1,10,1,11,72,1,22,121.5711035,25.0821515
114,07,26,06,02,2,07信義區,信義區忠孝東路5段236巷2弄與松勇路口側附近口,0,0,1,1,C03,7,5,8,30,22,22,1,4,4,5,13,4,4,9,4,5,2,17,2,39,2,9,6,1,7,9,1,10,2,14,13,1,22,121.569921,25.0404943
114,07,26,06,42,2,10文山區,文山區木柵路4段與和平東路4段口,0,0,1,1,B03,7,5,5,50,3,1,1,5,4,5,13,2,1,4,4,5,2,16,1,47,3,10,3,4,7,6,1,8,1,2,9,1,22,121.5746836,24.9981911
114,07,26,07,05,2,05中正區,中正區羅斯福路1段與寧波西街口,0,0,1,1,C03,7,7,5,40,4,2,1,5,4,5,13,1,1,1,4,4,2,2,1,57,3,10,5,1,7,5,6,10,1,11,108,1,21,121.5190724,25.0318283
114,07,26,08,10,2,12內湖區,內湖區南京東路6段459號,0,0,1,1,B02,8,6,5,30,14,9,1,5,4,5,13,4,4,10,4,5,2,17,1,68,3,10,7,1,7,6,1,8,1,5,9,1,21,121.5872173,25.061003
114,07,26,08,18,2,03中山區,中山區民生東路1段與民生東路1段23巷口,0,0,1,1,B03,7,7,5,50,4,1,1,5,4,5,13,4,4,10,4,5,2,17,2,62,3,10,7,1,7,11,1,8,2,4,10,1,21,121.5238929,25.05808246
114,07,26,08,33,2,03中山區,中山區錦州街與錦州街30巷口,0,0,1,1,B03,7,7,5,30,3,1,1,5,4,5,13,4,4,5,5,5,2,17,1,39,3,10,7,1,7,5,1,2,2,1,72,1,21,121.5247829,25.0603137
114,07,26,08,49,2,01大同區,大同區延平北路4段與酒泉街口,0,0,1,1,B03,8,7,5,50,4,2,1,5,4,5,13,2,1,5,4,4,2,17,1,30,3,10,3,4,7,6,1,10,1,1,9,1,21,121.5110198,25.0721125
114,07,26,09,43,2,11南港區,南港區忠孝東路6段與永吉路口,0,0,2,1,C03,7,7,5,50,5,2,1,5,4,5,13,2,1,1,4,5,2,16,1,25,2,9,6,1,7,6,1,10,1,12,9,1,21,121.5826554,25.045401
114,07,26,09,52,2,03中山區,中山區長安西路與長安西路5巷口,0,0,2,1,C03,7,7,5,50,14,9,1,5,4,5,13,4,4,10,4,5,2,13,2,24,2,9,5,1,7,9,1,10,1,11,16,1,21,121.5207451,25.05005882
114,07,26,10,12,2,03中山區,中山區民權東路2段與中原街口,0,0,1,1,C03,8,7,5,50,4,2,1,5,4,5,13,2,1,1,4,5,2,13,1,53,2,9,6,1,7,9,1,10,1,11,16,1,21,121.5291805,25.0626766
114,07,26,10,17,2,01大同區,大同區台北橋機慢車道,0,0,1,1,C03,8,6,5,40,8,11,1,5,4,5,13,4,4,1,5,5,1,13,2,23,2,8,6,1,7,9,1,10,1,11,16,1,21,121.5084657,25.0633049
114,07,26,10,28,2,06松山區,松山區南京東路4段52巷8-1號,0,0,1,1,B03,7,6,5,30,14,24,1,5,4,5,13,4,4,9,5,5,2,2,2,64,3,10,3,4,7,9,1,8,11,2,108,1,22,121.5535766,25.05079548
114,07,26,11,00,2,03中山區,中山區大直街與北安路口,0,0,1,1,B12,8,7,5,50,5,1,1,5,4,5,13,2,1,9,4,5,2,17,1,47,3,10,7,1,7,9,1,8,1,2,17,1,21,121.5473534,25.0799487
114,07,26,11,06,2,12內湖區,內湖區潭美街與新明路143巷口,0,0,1,1,C03,7,7,5,40,3,1,1,5,4,5,13,1,1,9,5,5,2,17,1,61,3,10,5,1,7,5,1,10,1,14,71,1,21,121.5897727,25.0586486
114,07,26,12,03,2,01大同區,大同區民生西路198號,0,0,1,1,B02,8,6,5,50,14,9,1,5,4,5,13,4,4,5,4,5,2,17,1,46,3,10,7,1,7,7,1,8,2,8,100,1,21,121.5161518,25.0570708
114,07,26,12,14,2,03中山區,中山區龍江路與龍江路21巷口,0,0,1,1,F01,8,6,5,20,4,1,1,5,4,5,13,4,4,4,5,5,2,16,2,24,2,9,4,4,7,5,8,20,2,12,74,1,21,121.5404219,25.0477418
114,07,26,12,40,2,12內湖區,內湖區康寧路3段245巷與康寧路3段口,0,0,1,1,C03,8,6,5,50,3,2,1,5,4,5,13,4,4,1,4,5,2,17,2,18,2,9,6,1,7,7,1,10,1,14,100,1,21,121.611497,25.0671166
114,07,26,14,00,2,01大同區,大同區延平北路1段與甘谷街口,0,0,1,1,B12,8,6,5,50,4,1,1,5,4,5,13,4,4,5,4,5,2,17,1,47,3,10,7,1,7,6,1,8,1,5,9,1,21,121.5118073,25.05276881
114,07,26,14,13,2,08士林區,士林區芝玉路2段與芝玉路2段84巷口,0,0,1,1,B02,8,6,5,30,4,1,1,5,4,5,13,4,4,10,5,5,2,15,1,66,3,10,3,4,7,9,1,8,1,8,72,1,21,121.5351021,25.1122539
114,07,26,15,26,2,09北投區,北投區怡和巷4弄與大業路65巷1弄口,0,0,1,1,C03,8,7,5,30,4,1,1,5,4,5,13,4,4,10,5,5,2,15,2,64,2,9,6,1,7,9,1,10,1,12,75,1,22,121.4963246,25.1222716
114,07,26,15,45,2,07信義區,信義區信義路5段與市府路口,0,0,1,1,C03,7,6,5,50,3,1,1,5,4,5,13,1,1,1,4,5,2,18,1,34,2,8,3,4,7,6,1,10,2,12,44,1,22,121.563545,25.033083
114,07,26,16,42,2,11南港區,南港區研究院路3段112號,0,0,2,1,C03,8,7,5,50,14,9,1,5,5,5,13,4,4,5,5,5,2,9,1,18,2,7,5,1,7,9,1,10,1,17,14,1,21,121.6129908,25.0336972
114,07,26,16,50,2,09北投區,北投區西安街2段與立農街1段口,0,0,1,1,B03,7,7,5,50,5,1,1,5,4,5,13,2,1,10,4,5,2,17,2,57,3,10,7,1,7,5,1,4,1,8,8,1,22,121.5115211,25.1194753
114,07,26,16,55,2,07信義區,信義區忠孝東路5段與忠孝東路5段743巷口,0,0,1,1,,7,6,5,50,5,1,1,5,4,5,13,2,1,1,4,5,2,17,4,0,,,,,,,,,,,119,2,,121.5812714,25.0433677
114,07,26,17,17,2,12內湖區,內湖區星雲街14號,0,0,1,1,B03,7,6,5,40,14,9,1,5,4,5,13,4,4,5,4,5,2,17,1,70,3,10,3,1,7,14,1,8,1,4,40,1,21,121.5903501,25.0776938
114,07,26,17,20,2,09北投區,北投區公館路與公館路423巷口,0,0,2,1,B03,7,5,5,30,3,1,1,5,4,5,13,4,4,5,4,5,2,17,1,49,3,10,3,4,7,5,1,8,2,4,73,1,21,121.5024582,25.1208524
114,07,26,17,35,2,03中山區,中山區中山北路1段與長安東路1段口,0,0,1,1,C03,7,6,5,50,4,1,1,5,4,5,13,1,1,5,4,5,2,12,1,26,3,10,5,4,7,8,1,10,1,12,80,1,21,121.5217294,25.0497555
114,07,26,18,15,2,06松山區,松山區民權東路4段東往西（燈桿0203185號）,0,0,1,1,A02,8,7,5,50,14,8,1,5,4,5,13,4,4,1,4,5,2,9,1,45,3,10,7,1,7,9,1,2,1,17,118,1,26,121.5553949,25.0620316
114,07,26,19,38,2,06松山區,松山區光復北路11巷與光復北路11巷口33號旁無名巷,0,0,1,1,B03,8,5,5,30,3,1,1,5,4,5,13,4,4,9,4,5,2,15,1,65,3,10,7,4,7,15,1,8,2,4,74,1,21,121.559624,25.0498112
114,07,26,19,59,2,09北投區,北投區中央北路4段與大度路3段口口,0,0,1,1,B03,7,5,5,50,4,1,1,5,4,5,13,2,1,10,5,5,2,16,2,30,3,10,7,1,7,5,1,8,1,8,8,1,21,121.464383,25.1238391
114,07,26,20,49,2,04大安區,大安區基隆路2段與和平東路3段口,0,0,2,1,B02,8,5,5,50,5,1,1,5,4,5,13,2,1,1,4,5,2,16,1,34,3,10,7,1,7,6,1,15,1,5,9,1,21,121.5525038,25.0244563
114,07,26,20,55,2,05中正區,中正區杭州南路1段與青島東路口,0,0,1,1,B03,8,5,5,50,3,2,1,5,4,5,13,1,1,10,5,5,2,3,1,49,3,10,2,1,7,5,1,8,2,1,70,1,22,121.5264061,25.0428031
114,07,26,21,52,2,07信義區,信義區松山路與松山路615巷口,0,0,2,1,C03,7,5,5,30,4,1,1,5,4,5,12,4,4,8,3,5,2,17,2,23,2,9,3,4,7,15,1,10,1,11,74,1,21,121.5783324,25.0366928
114,07,26,22,55,2,02萬華區,萬華區長沙街2段與康定路口,0,0,2,1,C03,8,5,5,50,4,1,1,5,4,5,13,1,1,9,4,5,2,17,1,18,2,8,5,4,7,5,1,10,1,12,71,1,21,121.5021552,25.04051723
114,07,26,23,23,2,09北投區,北投區東華街1段50號,0,0,2,1,B03,8,5,5,30,14,9,1,5,4,5,13,4,4,10,5,5,2,12,1,23,3,10,7,1,7,15,1,8,2,4,100,1,22,121.5197029,25.1088566
114,07,26,23,43,2,02萬華區,萬華區中華路1段與成都路口,0,0,3,1,C03,7,5,5,50,5,1,1,5,4,5,13,1,1,1,3,1,2,16,1,34,2,9,5,1,7,9,1,10,1,11,44,1,21,121.5081319,25.0423796
114,07,26,23,45,2,04大安區,大安區和平東路1段與金山南路2段口,0,0,4,1,B03,8,5,5,50,4,2,1,5,4,5,13,1,1,10,4,5,2,13,1,27,2,9,7,1,7,10,3,18,2,1,100,1,21,121.5258106,25.0267539
114,07,26,23,50,2,04大安區,大安區市民大道4段與光復南路口,0,0,1,1,B03,7,5,5,50,5,1,1,5,4,5,13,2,1,10,5,5,2,15,2,47,3,10,3,4,7,6,1,8,1,1,9,1,22,121.5576379,25.0449731
114,07,26,23,51,2,02萬華區,萬華區寶興街與寶興街65巷口,0,0,1,1,C03,8,5,5,50,4,18,1,5,4,5,13,4,4,9,4,5,2,3,1,49,3,10,5,1,7,9,1,10,11,15,70,2,21,121.4941373,25.0264799
114,07,26,23,54,2,06松山區,松山區敦化北路317號,0,0,2,1,B02,7,5,5,40,14,8,1,5,4,5,13,4,4,8,3,4,2,9,1,34,2,9,7,1,7,9,1,8,2,5,42,1,21,121.5500644,25.0593648
114,07,27,01,40,2,08士林區,士林區陽明路1段33號,0,0,1,1,C01,7,5,8,40,22,22,1,4,4,5,13,4,4,4,5,5,1,12,1,57,3,10,3,4,7,9,1,9,11,15,108,1,21,121.5491167,25.15187303
114,07,27,02,56,2,09北投區,北投區竹子湖路燈桿1208383,0,0,1,1,C03,7,5,5,50,11,9,1,5,4,5,13,4,4,5,5,5,2,21,1,18,2,8,5,1,7,9,1,10,1,11,108,1,21,121.5444247,25.1606964
114,07,27,04,20,2,02萬華區,萬華區昆明街與內江街口,0,0,1,1,B01,7,5,5,50,4,1,1,5,4,5,13,1,1,10,3,5,2,3,1,41,3,10,7,1,7,5,1,4,1,1,70,1,21,121.504524,25.0415925
114,07,27,06,35,2,11南港區,南港區松河街與重陽路203巷口口,0,0,2,1,C03,7,7,5,40,3,1,1,5,4,5,13,4,4,4,5,5,2,17,1,50,2,7,5,1,7,5,1,10,2,15,8,1,21,121.6002837,25.0583375
114,07,27,06,44,2,12內湖區,內湖區環山路1段67號前,0,0,1,1,B03,7,5,5,50,14,9,1,5,4,5,13,4,4,5,4,5,2,16,2,63,3,10,7,1,7,1,1,8,2,6,19,1,21,121.5683817,25.086379
114,07,27,07,37,2,09北投區,北投區大度路與承德路7段口,0,0,2,1,C03,7,6,5,50,5,2,1,5,4,5,13,2,1,1,5,5,2,13,1,32,2,9,5,1,7,9,1,10,1,11,16,1,21,121.499372,25.1207419
114,07,27,08,09,2,12內湖區,內湖區陽光街與瑞光路口,0,0,1,1,B03,8,6,5,50,4,1,1,5,4,5,13,1,1,5,4,5,2,16,1,69,3,10,7,1,7,5,1,8,1,1,8,1,21,121.5792793,25.0736715
114,07,27,08,25,2,12內湖區,內湖區文德路101巷與文德路口,0,0,1,1,B03,8,6,5,50,4,1,1,5,4,5,13,2,1,1,4,5,2,17,1,31,3,10,7,1,7,5,1,8,1,8,74,1,21,121.5836376,25.0783717
114,07,27,08,32,2,02萬華區,萬華區堤外便道與堤外便道口(果菜市場新2號疏散門),0,0,2,1,C03,8,6,5,40,3,1,1,5,4,5,13,4,4,5,4,5,2,17,2,73,2,9,6,1,7,1,6,18,1,14,19,1,21,121.4995054,25.0165648
114,07,27,08,54,2,06松山區,松山區光復北路與民生東路5段口,0,0,1,1,B03,8,6,5,50,4,1,1,5,4,5,13,2,1,8,3,5,1,16,1,29,3,10,3,1,7,9,1,8,1,8,81,1,21,121.5553505,25.058227
114,07,27,09,00,2,01大同區,大同區承德路3段與承德路3段122巷口,0,0,1,1,B03,8,6,5,50,5,2,1,5,4,5,13,2,1,1,4,5,2,17,1,64,3,10,7,1,7,7,1,8,1,4,100,1,21,121.5183015,25.06729563
114,07,27,10,06,2,07信義區,信義區信義路5段與松仁路口側附近口,0,0,1,1,B03,8,7,5,50,4,2,1,5,4,5,13,2,1,1,4,5,2,13,1,27,3,10,3,4,7,9,1,8,2,1,16,1,21,121.5686134,25.0329642
114,07,27,10,28,2,11南港區,南港區東新街西往東（東新幹30電桿旁）,0,0,1,1,B03,8,6,5,50,14,9,1,5,4,5,13,4,4,9,5,5,2,16,1,51,3,10,3,4,7,11,1,4,1,4,10,1,21,121.5904273,25.0463904
114,07,27,10,49,2,07信義區,信義區福德街與中坡南路口口,0,0,1,1,A02,7,6,5,30,14,9,1,5,4,5,13,1,1,4,5,5,2,9,1,56,3,10,7,1,7,9,1,2,2,17,44,1,21,121.5839251,25.0381919
114,07,27,10,54,2,07信義區,信義區忠孝東路5段68號旁,0,0,1,1,B03,7,6,5,50,14,9,1,5,4,5,13,4,4,3,1,5,2,13,2,30,3,10,3,4,7,9,1,8,1,1,16,1,21,121.5681716,25.0409638
114,07,27,10,59,2,03中山區,中山區建國高架道往南（八德路上方）,0,0,3,1,B03,7,5,5,70,10,16,1,5,4,5,13,4,4,1,4,5,2,13,1,64,3,10,3,4,7,9,1,8,1,1,16,1,21,121.537166,25.04122344
114,07,27,11,18,2,04大安區,大安區和平東路2段與復興南路2段口,0,0,1,1,B03,7,7,5,50,4,2,1,5,4,5,13,1,1,1,4,5,2,17,1,52,3,10,7,1,7,8,1,8,1,7,44,1,21,121.5437919,25.0249276
114,07,27,11,54,2,07信義區,信義區基隆路2段33號,0,0,1,1,B03,7,6,5,50,14,9,1,5,4,5,13,4,4,3,3,5,2,17,1,48,3,10,3,4,7,8,1,8,1,5,100,1,21,121.5587732,25.0315325
114,07,27,12,45,2,10文山區,文山區和興路10-1號,0,0,2,1,B03,7,5,5,30,14,9,1,5,4,5,13,4,4,10,5,5,1,13,1,52,3,10,7,1,7,9,1,8,1,1,108,1,21,121.5462838,24.9858752
114,07,27,13,31,2,12內湖區,內湖區民權東路6段206巷121弄與民權東路6段206巷143弄口,0,0,2,1,C03,8,5,5,30,3,1,1,5,4,5,13,4,4,5,2,5,2,17,1,48,2,9,6,1,7,5,1,10,9,17,42,1,21,121.597038,25.06568433
114,07,27,13,49,2,11南港區,南港區興中路與興中路56巷口口,0,0,1,1,B03,7,6,5,50,4,1,1,5,4,5,13,4,4,5,5,5,2,16,1,46,3,10,7,1,7,6,1,8,1,5,9,1,21,121.6070422,25.0563965
114,07,27,13,51,2,05中正區,中正區金山北路與八德路1段口,0,0,4,1,B03,8,7,5,50,4,18,1,5,4,5,13,2,1,9,4,5,2,3,1,42,2,1,7,1,7,6,1,8,2,8,70,1,21,121.5297766,25.0436676
114,07,27,14,07,2,07信義區,信義區信義路5段150巷與松勤街140巷口,0,0,1,1,F01,8,7,5,0,14,20,4,5,4,5,13,4,4,10,5,5,2,18,2,69,2,9,4,1,7,15,8,20,1,12,42,1,21,121.5635218,25.02705717
114,07,27,14,55,2,04大安區,大安區仁愛路3段123巷13弄與仁愛路3段143巷口口,0,0,1,1,F01,7,6,5,30,4,2,1,5,4,5,13,4,4,10,5,5,2,12,2,54,2,9,3,4,7,7,8,20,1,14,100,1,22,121.5429275,25.0398568
114,07,27,14,58,2,09北投區,北投區大度路3段與關渡路口,0,0,1,1,B02,7,5,5,50,3,1,1,5,4,5,13,1,1,1,4,5,2,16,1,25,3,10,2,1,7,6,1,8,1,2,9,1,21,121.4695657,25.12256652
114,07,27,15,38,2,10文山區,文山區木柵路3段102巷與保儀路口口,0,0,1,1,F01,8,6,5,30,4,1,1,5,4,5,13,4,4,10,5,5,2,15,2,62,3,10,2,1,7,9,8,20,1,14,72,1,21,121.5679638,24.9863722
114,07,27,15,48,2,03中山區,中山區民族東路與松江路口,0,0,1,1,B03,8,6,5,50,4,1,1,5,4,5,13,1,1,1,4,4,2,16,1,42,3,10,3,4,7,6,1,8,1,5,80,1,22,121.5332945,25.0683258
114,07,27,15,54,2,07信義區,信義區松山路與忠孝東路5段口,0,0,3,1,C03,7,6,5,50,4,1,1,5,4,5,13,2,1,1,4,5,2,16,1,48,2,9,6,1,7,6,1,10,2,12,9,1,21,121.5777346,25.0409532
114,07,27,16,21,2,01大同區,大同區酒泉街168號,0,0,1,1,A02,8,5,5,50,14,9,1,5,4,5,13,4,4,9,4,5,2,9,1,40,3,10,7,1,7,1,1,2,1,17,36,1,21,121.511603,25.0720688
114,07,27,16,54,2,02萬華區,萬華區萬大路186巷與萬大路口,0,0,1,1,C03,8,6,5,30,5,1,1,5,4,5,13,1,1,8,3,5,1,17,2,48,2,8,5,1,7,5,1,10,1,12,98,1,21,121.5003862,25.0278574
114,07,27,17,19,2,03中山區,中山區新生北路3段87巷與德惠街105巷口,0,0,3,1,C03,6,6,5,30,4,1,1,4,4,5,13,4,4,10,5,5,2,17,2,16,2,9,6,1,7,9,2,18,1,11,72,1,22,121.5294527,25.067374
114,07,27,17,32,2,11南港區,南港區興中路與興中路28巷口口,0,0,1,1,C03,8,6,5,50,3,1,1,5,4,5,13,4,4,5,5,5,2,16,2,65,2,9,6,1,7,5,1,10,1,14,8,1,21,121.6072818,25.0555223
114,07,27,17,53,2,10文山區,文山區木柵路4段與木柵路4段149巷口口,0,0,1,1,B03,8,6,5,50,3,1,1,5,4,5,13,2,1,5,5,5,2,12,1,50,3,10,7,1,7,7,1,8,1,2,100,1,21,121.5750231,24.9985932
114,07,27,18,18,2,07信義區,信義區福德街與林口街口,0,0,2,1,F03,7,5,5,50,4,1,1,5,4,5,13,1,1,9,4,5,2,15,1,14,2,8,5,1,7,11,8,20,2,12,71,1,21,121.5792133,25.0362263
114,07,27,18,22,2,03中山區,中山區中山北路2段45巷35號,0,0,1,1,C03,7,6,5,30,14,9,1,5,4,5,13,4,4,10,5,5,1,12,1,66,2,9,3,4,7,1,1,10,1,14,19,1,21,121.5248786,25.05439389
114,07,27,18,53,2,04大安區,大安區信義路3段與信義路3段111巷口,0,0,1,1,B03,7,5,5,30,4,1,1,5,4,5,13,2,1,10,4,1,2,16,2,24,3,10,3,4,7,5,1,8,1,8,8,1,22,121.5395643,25.0335024
114,07,27,19,10,2,08士林區,士林區重慶北路4段與重慶北路4段1巷口,0,0,1,1,B03,7,5,5,50,4,1,1,5,4,5,13,4,4,1,2,4,2,17,1,43,3,10,3,4,7,10,1,8,1,2,100,1,21,121.5133042,25.0799219
114,07,27,21,14,2,10文山區,文山區指南路2段137號,0,0,1,1,C03,6,5,5,50,14,9,1,4,4,5,13,4,4,9,4,5,1,17,1,41,2,9,6,1,7,9,1,10,1,11,108,1,21,121.5754676,24.9877259
114,07,27,21,15,2,03中山區,中山區林森北路與德惠街口,0,0,1,1,B03,6,5,5,50,4,1,1,4,4,5,13,1,1,9,4,5,2,3,1,64,3,10,7,1,7,5,1,8,2,1,70,1,21,121.5258066,25.0666772
114,07,27,21,51,2,06松山區,松山區復興北路與民權東路3段口,0,0,1,1,B03,6,5,5,50,4,1,1,4,4,5,13,2,1,3,4,5,2,9,1,39,3,10,3,4,7,6,1,8,2,1,70,1,22,121.5444714,25.0619884
114,07,27,21,54,2,09北投區,北投區崇仁路1段與崇仁路1段34巷口,0,0,1,1,B03,6,5,5,30,3,1,1,4,4,5,13,4,4,9,5,5,2,16,1,26,3,10,7,1,7,1,1,1,2,8,19,1,22,121.5013716,25.12719628
114,07,27,23,40,2,03中山區,中山區復興北路6號,0,0,1,1,B03,6,5,5,50,14,9,1,4,4,5,13,2,1,1,5,5,1,17,1,61,3,10,3,4,7,1,1,8,1,17,19,1,21,121.5438251,25.0479935
114,07,28,06,51,2,09北投區,北投區中和街與泉源路口,0,0,1,1,B03,7,6,5,50,5,2,1,5,4,5,13,2,1,5,4,5,2,17,1,43,3,10,7,1,7,5,1,8,2,1,8,1,21,121.503853,25.1372878
114,07,28,06,57,2,02萬華區,萬華區康定路與廣州街口,0,0,1,1,A12,7,6,5,50,4,1,1,5,4,5,13,2,1,9,4,5,2,16,1,39,3,10,3,4,7,5,1,2,2,8,8,1,21,121.5014672,25.0366541
114,07,28,07,04,2,11南港區,南港區忠孝東路6段126號附近側附近,0,0,2,1,C03,7,7,5,50,14,7,1,5,4,5,13,4,4,1,3,5,2,12,1,64,2,9,6,1,7,8,1,10,2,14,100,1,21,121.5849128,25.0477933
114,07,28,07,30,2,06松山區,松山區敦化北路4巷與敦化北路口,0,0,1,1,B03,7,7,5,50,3,1,1,5,4,5,13,1,1,1,4,1,2,16,1,38,3,10,7,1,7,6,1,8,1,3,44,1,22,121.5491988,25.0499742