發生年度,發生月,發生日,發生時-Hours,發生分,處理別-編號,區序,肇事地點,死亡人數,2-30日死亡人數,受傷人數,當事人序號,車種,天候,光線,道路類別,速限-速度限制,道路型態,事故位置,路面狀況1,路面狀況2,路面狀況3,道路障礙1,道路障礙2,號誌1,號誌2,車道劃分-分向,車道劃分-分道1,車道劃分-分道2,車道劃分-分道3,事故類型及型態,性別,年齡,受傷程度,主要傷處,保護裝置,行動電話,車輛用途,當事者行動狀態,駕駛資格情形,駕駛執照種類,飲酒情形,車輛撞擊部位1,肇因碼-個別,個人肇逃否,職業,座標-X,座標-Y
114,07,29,18,52,2,01大同區,大同區昌吉街與重慶北路3段口口,0,0,2,1,C03,8,5,5,50,4,1,1,5,4,5,13,2,1,10,4,5,2,13,1,45,2,9,5,1,7,12,1,10,2,11,44,1,21,121.5133566,25.0659712
114,07,29,19,12,2,04大安區,大安區和平東路3段與敦化南路2段口,0,0,1,1,B12,8,5,5,50,4,2,1,5,4,5,13,2,1,1,3,1,1,16,1,50,3,10,7,1,7,6,1,8,1,2,98,1,21,121.5489664,25.0245267
114,07,29,19,55,2,06松山區,松山區八德路4段429號,0,0,1,1,B03,8,5,5,50,14,9,1,5,4,5,13,4,4,1,3,5,2,17,2,59,3,10,3,1,7,13,1,8,1,4,40,1,22,121.5698818,25.0499298
114,07,29,20,45,2,09北投區,北投區大度路3段與立德路口,0,0,1,1,B03,8,5,5,50,3,2,1,5,4,5,13,1,1,1,4,5,1,13,1,56,3,10,7,1,7,9,1,8,1,1,108,1,22,121.4717935,25.122964
114,07,29,21,23,2,10文山區,文山區興隆路2段244巷3號,0,0,1,1,B03,8,5,5,50,14,9,1,5,4,5,13,4,4,9,5,5,2,17,2,57,3,10,7,1,7,9,1,8,1,4,44,1,21,121.5536893,25.0007742
114,07,29,21,35,2,08士林區,士林區中山北路5段與中山北路5段698巷口,0,0,4,1,B03,7,5,5,50,5,2,1,5,4,5,13,1,1,1,4,5,2,17,1,24,2,1,7,1,7,5,1,8,2,4,8,1,22,121.5274252,25.0977045
114,07,29,21,41,2,08士林區,士林區延平北路7段106巷東往西（延平河濱248號燈桿）,0,0,2,1,F01,7,5,5,30,14,9,1,4,5,5,13,4,4,10,5,5,1,17,1,34,2,8,3,4,7,9,8,20,1,11,108,1,22,121.4901249,25.11076827
114,07,29,23,31,2,05中正區,中正區中華路1段與貴陽街1段口,0,0,1,1,B01,8,5,5,50,4,1,1,5,4,5,13,1,1,1,4,1,1,12,1,39,3,10,7,1,7,8,1,4,2,5,80,1,21,121.5076216,25.0392028
114,07,30,00,27,2,01大同區,大同區忠孝西路2段與西寧北路口,0,0,3,1,C03,8,5,5,50,4,1,1,2,4,5,13,2,1,5,4,5,2,17,1,30,3,10,5,1,7,6,1,10,9,17,37,1,21,121.5077944,25.0494389
114,07,30,03,49,2,05中正區,中正區和平西路1段與晉江街口,0,0,2,1,C03,7,5,5,50,5,18,1,5,4,5,13,2,1,1,4,5,2,3,1,78,2,9,6,1,7,9,1,10,2,12,70,1,22,121.5208563,25.0268536
114,07,30,05,50,2,09北投區,北投區紗帽路1206397號燈桿,0,0,2,1,C03,7,7,5,30,14,9,1,3,4,5,13,4,4,5,5,5,1,18,2,18,2,9,5,1,7,9,1,10,1,14,108,1,21,121.5435871,25.14294
114,07,30,06,23,2,06松山區,松山區市民大道6段往西0207287號燈桿,0,0,1,1,F01,8,5,5,40,14,9,1,5,4,5,13,4,4,1,3,5,2,13,1,41,2,9,3,1,7,7,8,20,5,13,100,1,22,121.5750009,25.0494383
114,07,30,06,57,2,01大同區,大同區台北橋機慢車道（往台北）,0,0,2,1,C03,8,6,7,40,14,11,1,5,4,5,13,4,4,8,5,5,1,13,1,58,2,9,3,4,7,9,1,10,1,11,118,1,21,121.5091438,25.0631948
114,07,30,06,57,2,07信義區,信義區基隆路1段與松隆路口,0,0,1,1,B02,8,6,5,50,5,18,1,5,4,5,13,2,1,1,4,5,2,3,1,55,3,10,7,1,7,6,1,8,2,5,70,1,21,121.5660919,25.0433166
114,07,30,07,34,2,01大同區,大同區台北橋機慢車道西向東(燈桿編號282593),0,0,2,1,C03,8,6,5,40,8,11,1,5,4,5,13,4,4,3,5,5,2,17,2,41,2,8,5,4,7,9,1,10,1,11,108,1,21,121.5068607,25.0634517
114,07,30,07,36,2,07信義區,信義區信義路6段15巷與松德路169巷口,0,0,2,1,B03,8,6,5,30,4,1,1,5,4,5,13,4,4,5,2,5,2,15,1,36,3,10,7,1,7,9,1,8,1,1,72,1,21,121.5751892,25.0360966
114,07,30,07,37,2,09北投區,北投區大度路3段與關渡路口,0,0,1,1,B03,8,5,5,50,3,1,1,5,4,5,13,1,1,3,4,2,2,17,2,53,3,10,3,4,7,6,1,8,2,6,9,1,21,121.4694746,25.1229005
114,07,30,07,50,2,05中正區,(忠孝東路1段47號前),0,0,1,1,B01,8,6,5,30,3,1,1,5,4,5,13,4,4,1,4,5,2,16,1,47,3,10,7,1,7,6,1,4,1,8,72,1,21,121.5259816,25.0442685
114,07,30,07,55,2,03中山區,中山區松江路552號與建國北路3段口,0,0,1,1,C03,8,6,5,50,5,2,1,5,4,5,13,2,1,8,3,5,1,17,1,54,2,9,5,1,7,9,1,10,1,14,42,1,21,121.5331812,25.06767231
114,07,30,07,57,2,09北投區,北投區大業路與大業路452巷口,0,0,3,1,B03,7,5,5,60,4,1,1,5,4,5,13,2,1,1,4,4,2,16,1,62,3,10,7,1,7,11,1,8,1,15,10,1,21,121.4965405,25.13102052
114,07,30,08,11,2,08士林區,士林區福志路與雨農路口,0,0,1,1,C03,8,7,5,50,4,1,1,5,4,5,13,2,1,5,4,5,1,17,2,36,2,9,5,1,7,5,1,10,1,13,8,1,21,121.5324017,25.09841566
114,07,30,08,12,2,06松山區,松山區民生東路5段69巷11號與民生東路5段69巷2弄口,0,0,2,1,C03,8,6,5,30,3,2,1,5,4,5,13,4,4,10,4,5,2,16,2,41,2,9,5,1,7,6,1,10,1,12,72,1,22,121.558233,25.05921151
114,07,30,08,14,2,05中正區,中正區中華路2段33號(和平醫院前),0,0,1,1,B03,8,6,5,50,14,9,1,5,4,5,13,1,1,1,5,5,2,17,2,41,3,10,7,1,7,1,1,8,1,8,19,1,21,121.506623,25.0358308
114,07,30,08,17,2,06松山區,松山區南京東路5段與南京東路5段66巷口,0,0,1,1,C03,8,6,5,50,4,2,1,5,4,5,13,2,1,3,4,4,1,16,1,54,3,10,6,1,7,6,1,10,1,13,9,1,22,121.5607744,25.0513743
114,07,30,08,18,2,10文山區,文山區木柵路4段31之6號,0,0,1,1,F01,7,5,5,50,14,9,1,5,4,5,13,2,1,4,4,5,2,13,1,18,2,9,3,4,7,9,8,20,1,11,108,1,22,121.5715958,24.99401918
114,07,30,08,19,2,01大同區,大同區民生西路與民生西路171巷口,0,0,2,1,C03,8,6,5,50,5,1,1,5,4,5,13,4,4,5,5,5,2,17,2,33,2,9,6,1,7,5,1,10,2,14,8,1,21,121.5172545,25.0572398
114,07,30,08,25,2,12內湖區,內湖區民權東路6段300號,0,0,3,1,C03,8,6,5,50,18,9,1,5,4,5,13,4,4,5,4,5,2,17,1,24,3,10,6,1,7,6,1,10,1,12,9,1,21,121.6055367,25.0729021
114,07,30,08,26,2,03中山區,中山區松江路與民族東路口,0,0,2,1,C03,8,7,5,50,4,1,1,5,4,5,13,1,1,1,4,5,2,16,1,19,2,9,5,1,7,6,1,10,1,11,9,1,22,121.5331396,25.0677534
114,07,30,09,00,2,04大安區,大安區和平東路3段2號,0,0,2,1,C03,8,6,5,50,14,9,1,5,4,5,13,2,1,10,5,5,2,13,2,46,2,9,6,1,7,9,1,10,1,14,16,1,21,121.5464774,25.0246514
114,07,30,09,20,2,03中山區,中山區民族西路往東大同大學旁,0,0,1,1,C03,8,7,5,50,14,9,1,5,4,1,13,4,4,9,4,5,2,24,1,59,2,9,6,1,7,7,1,10,1,11,108,1,21,121.5213906,25.06837176
114,07,30,09,30,2,02萬華區,萬華區忠孝西路2段與忠孝西路2段16巷口,0,0,1,1,B03,8,7,5,50,3,1,1,5,4,5,13,4,4,1,4,5,2,16,1,57,3,10,3,4,7,6,1,8,1,2,9,1,22,121.5085513,25.0482478
114,07,30,09,35,2,01大同區,大同區錦西街與錦西街52巷口,0,0,2,1,C03,8,6,5,30,3,2,1,5,4,5,13,4,4,9,4,5,2,15,2,71,2,8,5,1,7,9,1,10,1,11,72,1,21,121.5198515,25.0602921
114,07,30,09,47,2,12內湖區,內湖區潭美街785號與潭美街口,0,0,1,1,B03,7,5,5,40,3,1,1,5,4,5,13,3,1,4,1,5,1,16,1,48,3,10,3,4,7,11,1,8,11,4,10,1,21,121.6093812,25.0633325
114,07,30,09,55,2,03中山區,中山區雙城街25巷2-1號,0,0,1,1,C03,8,6,5,30,14,9,1,5,4,5,13,4,4,10,5,5,2,17,1,23,2,9,6,1,7,9,1,10,1,14,4,1,22,121.5245348,25.0662194
114,07,30,09,56,2,05中正區,中正區金山南路1段與濟南路2段口,0,0,1,1,B01,8,6,5,50,4,1,1,5,4,5,13,1,1,3,4,5,2,3,1,68,3,10,7,1,7,5,1,4,2,8,70,1,21,121.5291298,25.0407643
114,07,30,10,01,2,03中山區,中山區民族東路480號,0,0,1,1,C03,8,5,5,50,14,9,1,5,4,5,13,4,4,1,4,5,2,13,2,45,2,9,3,4,7,9,1,10,2,11,108,1,21,121.5414933,25.06803184
114,07,30,10,14,2,11南港區,南港區南港路3段256巷與南港路3段口,0,0,2,1,C03,8,6,5,50,3,1,1,5,4,5,13,4,4,4,3,5,2,15,1,24,2,7,3,4,7,9,1,10,4,11,14,1,21,121.5838309,25.0520863
114,07,30,10,30,2,12內湖區,內湖區新湖三路36號,0,0,1,1,B12,8,6,5,50,14,9,2,5,4,5,13,4,4,5,5,5,2,17,1,51,3,10,3,4,7,5,1,4,1,4,8,1,22,121.5759299,25.0631737
114,07,30,10,38,2,10文山區,文山區木柵路1段156號,0,0,1,1,B03,7,5,5,50,14,9,1,5,4,5,13,4,4,5,4,5,2,12,1,74,3,10,3,4,7,8,1,8,1,2,100,1,22,121.5516187,24.9876686
114,07,30,10,40,2,10文山區,文山區興隆路4段與下崙路口,0,0,1,1,A02,8,7,5,50,4,2,1,5,4,5,13,1,1,1,4,5,2,9,1,44,3,10,7,1,7,1,1,1,2,17,19,1,21,121.560859,24.986789
114,07,30,10,43,2,05中正區,中正區和平西路1段與福州街口,0,0,1,1,C03,8,6,5,50,5,1,1,5,4,5,13,1,1,1,4,5,2,13,1,44,2,9,5,1,7,9,1,10,2,11,108,1,21,121.5159385,25.027337
114,07,30,10,44,2,12內湖區,內湖區康樂街與康樂街口側附近72巷口,0,0,2,1,C03,7,6,5,50,4,1,1,5,4,5,13,2,1,8,5,5,2,16,2,25,2,8,6,1,7,5,1,10,1,12,71,1,21,121.6186641,25.0694421
114,07,30,10,52,2,05中正區,中正區漢口街1段110之2號,0,0,2,1,C03,8,6,5,30,14,9,1,5,4,5,13,4,4,10,4,5,2,16,2,44,2,9,5,1,7,1,1,10,2,13,19,1,21,121.5108795,25.0451473
114,07,30,11,25,2,06松山區,松山區敦化北路199巷5號,0,0,1,1,B03,8,5,5,50,14,9,1,5,4,5,13,4,4,9,4,5,2,17,1,49,3,10,7,1,7,1,1,8,1,4,19,1,21,121.55107,25.05701192
114,07,30,12,07,2,12內湖區,內湖區內湖路1段594號前,0,0,1,1,,8,5,5,50,14,9,1,5,4,5,13,4,4,1,4,5,2,17,4,0,,,,,,,,,,,119,2,,121.5776118,25.0790036
114,07,30,12,11,2,08士林區,士林區中正路與基河路口,0,0,1,1,B03,8,7,5,50,4,2,1,5,4,5,13,2,1,9,4,5,1,17,1,46,3,10,7,1,7,9,1,8,2,4,44,1,21,121.5202768,25.0931163
114,07,30,12,30,2,09北投區,北投區復興三路1207965號燈桿,0,0,1,1,C04,8,6,5,50,12,9,1,5,4,5,13,4,4,9,5,5,1,18,1,18,2,7,6,1,7,9,1,10,9,14,42,1,21,121.5021931,25.154081
114,07,30,12,32,2,05中正區,中正區金山南路1段與臨沂街6巷口,0,0,1,1,C03,8,7,5,40,4,2,1,5,4,5,13,4,4,7,5,5,2,13,1,45,2,7,6,4,7,9,1,10,2,11,108,1,26,121.529795,25.04252225
114,07,30,12,40,2,12內湖區,內湖區金湖路392號,0,0,1,1,C03,8,6,5,50,14,9,1,5,4,5,13,4,4,1,4,5,2,13,1,75,2,9,5,1,7,9,1,11,1,11,108,1,21,121.6053498,25.0734738
114,07,30,13,46,2,01大同區,大同區市民高架道京站旁,0,0,1,1,B03,8,6,5,50,10,7,1,5,4,5,13,4,4,1,5,5,1,13,1,35,3,10,7,1,7,9,1,8,1,1,16,1,21,121.518081,25.0485669
114,07,30,14,00,2,04大安區,大安區基隆路2段與和平東路3段口,0,0,1,1,B01,8,6,6,50,5,1,1,5,4,5,13,2,1,10,5,5,2,16,1,64,3,10,3,4,7,6,1,4,1,5,9,1,21,121.5522792,25.0240087
114,07,30,15,32,2,08士林區,士林區百齡橋東向西,0,0,2,1,C03,8,6,5,50,8,9,1,5,4,5,13,4,4,8,3,5,1,13,1,47,2,9,5,1,7,9,1,10,1,11,16,1,21,121.5149108,25.0901807
114,07,30,16,10,2,05中正區,中正區思源街16號,0,0,1,1,C03,8,6,5,50,14,9,1,5,4,5,13,1,1,1,4,5,2,17,1,53,4,11,3,4,7,11,7,19,11,15,10,2,22,121.5301332,25.0135094
114,07,30,16,43,2,01大同區,大同區寧夏路與涼州街口,0,0,1,1,C03,8,5,5,50,4,1,1,5,4,5,13,2,1,5,5,5,2,15,1,69,2,9,5,1,7,9,1,10,9,11,81,1,21,121.5153938,25.0608083
114,07,30,16,47,2,09北投區,北投區承德路7段384號,0,0,1,1,A02,8,6,5,60,14,9,1,5,4,5,13,4,4,1,4,5,2,17,1,32,3,10,7,1,7,6,1,2,1,2,9,1,21,121.5022971,25.1189965
114,07,30,17,00,2,04大安區,大安區大安路1段與忠孝東路4段口,0,0,1,1,C03,8,6,5,50,5,1,1,5,4,5,13,1,1,8,3,5,2,12,1,69,2,9,3,4,7,8,1,10,1,14,100,1,21,121.5462598,25.041645
114,07,30,17,08,2,09北投區,北投區明德路與振華街口,0,0,1,1,B03,7,7,5,50,4,1,1,5,4,5,13,2,1,5,5,5,2,17,1,55,3,10,7,1,7,9,1,8,1,1,108,1,22,121.5200811,25.1156411
114,07,30,17,15,2,08士林區,士林區士商路與基河路188巷口,0,0,2,1,B03,8,6,5,30,14,9,1,5,4,5,13,4,4,9,5,5,2,17,1,76,3,10,7,1,7,1,1,8,2,7,19,1,22,121.521425,25.089826
114,07,30,17,15,2,08士林區,士林區中山北路5段557號,0,0,2,1,C03,8,6,5,50,14,9,1,5,4,5,13,4,4,10,5,5,1,17,1,46,2,9,5,1,7,9,1,10,2,11,108,1,21,121.5279074,25.0953135
114,07,30,17,29,2,05中正區,中正區林森南路與青島東路口,0,0,2,1,C03,8,6,5,50,4,4,1,5,4,5,13,1,1,5,4,5,2,13,2,35,3,10,6,1,7,9,1,10,2,12,16,1,22,121.5230047,25.0438694
114,07,30,17,40,2,01大同區,大同區環河北路2段與民生西路口,0,0,2,1,A02,8,6,5,50,4,1,1,5,4,5,13,2,1,8,3,5,1,12,1,47,3,10,2,1,7,9,1,2,9,2,107,2,21,121.5078844,25.0568435
114,07,30,17,54,2,09北投區,北投區天母西路與天母西路120巷口,0,0,2,1,C03,7,6,5,30,3,2,1,5,4,5,13,4,4,10,5,5,2,3,2,42,2,9,6,1,7,5,1,10,1,11,70,1,21,121.5227781,25.1188989
114,07,30,18,02,2,04大安區,大安區安和路2段與安和路2段59巷口,0,0,2,1,C03,8,6,5,50,4,1,1,5,4,5,13,2,1,1,4,5,2,15,1,45,2,9,6,1,7,9,1,10,1,12,81,1,21,121.5523535,25.0309425
114,07,30,18,14,2,12內湖區,內湖區大湖隧道西向東,0,0,2,1,C03,7,5,5,50,6,12,1,5,4,5,13,4,4,4,5,5,2,13,1,21,2,9,5,1,7,9,1,10,1,11,16,1,21,121.6091007,25.0807966
114,07,30,18,19,2,12內湖區,內湖區民權東路6段90巷與民權東路6段90巷16弄口,0,0,1,1,B03,8,5,5,30,4,1,1,5,4,5,13,4,4,5,5,5,2,17,2,62,3,10,7,1,7,5,1,8,1,8,72,1,21,121.5860339,25.067986
114,07,30,18,24,2,06松山區,松山區民生東路5段146號,0,0,1,1,B03,7,5,5,50,14,9,1,5,4,5,13,4,4,1,3,5,2,12,2,55,3,10,7,1,7,8,1,8,1,15,100,1,22,121.5618199,25.0586856
114,07,30,18,28,2,05中正區,中正區羅斯福路4段24巷6-1號,0,0,1,1,B01,8,5,5,50,14,9,1,5,4,5,13,4,4,5,4,5,2,12,1,37,3,10,3,4,7,4,1,4,11,2,108,1,21,121.5328788,25.0151884
114,07,30,18,30,2,01大同區,大同區南京西路208號對面(日新國小旁),0,0,2,1,F01,7,5,5,0,14,20,4,5,4,5,13,4,4,10,5,5,2,9,1,39,2,7,4,4,7,9,8,20,1,11,70,1,22,121.5168991,25.0535857
114,07,30,18,45,2,06松山區,松山區民權東路4段121號,0,0,2,1,C03,8,5,5,50,14,7,1,5,4,5,13,2,1,1,3,4,2,13,1,39,2,9,5,1,7,9,1,10,1,11,108,1,22,121.5594245,25.0624368
114,07,30,19,15,2,01大同區,大同區鄭州路與西寧北路口,0,0,1,1,C03,7,5,5,40,14,9,1,5,4,5,13,4,4,10,4,5,2,17,1,48,4,11,3,4,7,7,7,19,11,15,100,2,22,121.5077628,25.0506667
114,07,30,19,41,2,10文山區,文山區木柵路4段與秀明路1段口,0,0,1,1,B12,8,6,5,50,14,9,1,5,4,5,13,1,1,5,4,5,2,12,1,46,3,10,7,1,7,9,1,8,2,2,77,1,21,121.5710679,24.9916352
114,07,30,20,05,2,12內湖區,內湖區民權大橋西向東第7510459燈桿,0,0,3,1,B03,8,5,5,50,8,7,1,5,4,5,13,4,4,1,4,4,2,13,1,42,3,10,7,1,7,9,1,7,1,1,108,1,21,121.5695156,25.0638598
114,07,30,20,24,2,09北投區,北投區大度路2號,0,0,1,1,C03,8,5,5,50,14,12,1,5,4,5,13,2,1,1,4,3,1,23,1,18,2,9,5,1,7,9,1,10,1,11,108,1,21,121.4982009,25.121379
114,07,30,21,08,2,04大安區,大安區復興南路1段與大安路1段116巷口,0,0,1,1,B02,7,5,5,50,4,1,1,5,4,5,13,2,1,10,5,5,2,15,1,63,2,4,3,4,7,11,1,8,1,5,10,1,21,121.5437847,25.0400298
114,07,30,21,30,2,05中正區,中正區汀州路2段243號,0,0,1,1,B01,8,5,5,30,14,9,1,5,4,5,13,4,4,5,4,5,2,13,1,64,3,10,7,1,7,9,1,4,1,1,16,1,21,121.5229321,25.023126
114,07,30,21,51,2,02萬華區,萬華區環河快速道路(6011210燈桿）,0,0,2,1,B02,8,5,5,60,14,7,1,5,4,5,13,4,4,1,3,5,2,13,1,33,3,10,7,1,7,9,1,8,1,1,16,1,21,121.496006,25.039117
114,07,30,21,51,2,04大安區,大安區仁愛路4段與大安路1段口,0,0,1,1,B03,8,5,5,50,4,1,1,5,4,5,13,1,1,1,4,5,2,12,1,67,4,11,3,4,7,6,7,19,11,15,9,2,21,121.5460875,25.0381289
114,07,30,22,10,2,11南港區,南港區三重路與三重路41巷口,0,0,1,1,B03,8,5,5,30,3,1,1,5,4,5,13,4,4,5,4,5,2,16,2,47,3,10,3,4,7,6,1,8,2,6,72,1,21,121.614327,25.0599552
114,07,30,22,53,2,02萬華區,萬華區西園路2段與西藏路口,0,0,1,1,C03,8,5,5,50,4,1,1,5,4,5,13,1,1,8,3,5,1,17,1,37,3,10,5,1,7,5,1,10,1,14,8,1,21,121.4957402,25.0287322
114,07,31,06,26,2,02萬華區,萬華區桂林路228巷9弄與桂林路242巷口,0,0,1,1,C03,8,7,5,30,3,2,1,5,4,5,10,4,4,1,4,5,2,17,1,60,2,6,5,1,7,6,1,10,1,14,73,1,21,121.4957437,25.0385591
114,07,31,06,26,2,08士林區,士林區中山北路6段與克強路口,0,0,1,1,C03,7,7,5,50,4,1,1,5,4,5,13,1,1,1,5,5,1,17,2,51,2,9,5,1,7,15,1,10,1,13,100,1,21,121.5253466,25.1088369
114,07,31,06,31,2,10文山區,文山區興隆路1段與興隆路1段251巷口,0,0,1,1,H01,8,6,5,50,3,19,1,5,4,5,13,2,1,1,4,5,2,3,2,63,3,10,4,5,8,16,8,20,10,16,122,1,21,121.5439312,24.9995354
114,07,31,06,33,2,03中山區,中山區八德路2段312巷與復興南路1段口,0,0,1,1,B11,7,6,5,30,3,1,1,5,4,5,13,4,4,1,5,5,1,16,2,25,3,10,3,4,7,6,1,4,1,1,9,1,21,121.5437288,25.04555567
114,07,31,07,20,2,03中山區,中山區中山北路4段與北安路口,0,0,1,1,C03,8,6,5,50,3,1,1,5,4,5,13,2,1,1,4,5,2,18,1,23,2,9,6,1,7,9,1,10,9,12,44,1,21,121.5269172,25.0767926
114,07,31,07,25,2,06松山區,松山區南京東路4段與健康路口口,0,0,3,1,C03,7,6,5,40,4,1,1,5,4,5,13,2,1,1,4,4,2,9,1,67,2,8,6,1,7,9,1,10,1,11,108,1,21,121.5525111,25.05176139
114,07,31,07,42,2,04大安區,大安區仁愛路3段與新生南路1段口,0,0,1,1,C03,8,7,5,50,14,9,1,5,4,5,13,4,4,1,5,5,2,13,1,25,2,8,6,1,7,9,1,10,1,11,108,1,21,121.5329214,25.0376188
114,07,31,07,50,2,04大安區,大安區復興南路2段210巷與復興南路2段210巷5弄口,0,0,1,1,B03,7,7,5,30,4,1,5,5,4,5,13,4,4,10,5,5,1,15,1,25,3,10,7,1,7,9,1,8,1,1,72,1,21,121.5427486,25.0265109
114,07,31,07,53,2,05中正區,中正區羅斯福路3段100-13號,0,0,1,1,B03,7,7,5,50,14,9,1,5,4,5,13,1,1,1,4,5,2,17,1,50,3,10,7,1,7,7,1,8,2,17,100,1,22,121.5273775,25.0212956
114,07,31,08,05,2,04大安區,大安區忠孝東路4段與延吉街口,0,0,1,1,C03,8,6,5,50,14,9,1,5,4,5,13,4,4,10,5,5,2,13,1,19,2,8,6,1,7,9,1,10,1,11,108,1,21,121.5541086,25.0412963
114,07,31,08,09,2,11南港區,南港區研究院路3段299號,0,0,2,1,C03,8,7,5,50,11,9,1,5,4,5,13,4,4,5,4,5,2,10,1,24,2,7,5,1,7,15,1,10,2,11,102,1,21,121.6101695,25.0308889
114,07,31,08,15,2,10文山區,文山區興隆路4段與興隆路4段122巷口,0,0,1,1,B03,8,6,5,30,4,2,1,5,4,5,13,2,1,10,5,5,2,12,2,60,3,10,7,1,7,1,1,8,9,2,108,1,21,121.5621895,24.9825828
114,07,31,08,44,2,06松山區,松山區南京東路5段與光復北路口口,0,0,1,1,C03,8,6,5,50,4,1,1,5,4,5,13,2,1,5,4,5,2,17,1,64,3,10,6,1,7,6,1,10,1,17,71,1,21,121.5573038,25.0517731
114,07,31,08,55,2,03中山區,中山區德惠街與新生北路3段口,0,0,1,1,B03,8,6,5,30,14,9,1,5,4,5,13,4,4,1,5,5,2,13,1,46,3,10,3,4,7,9,1,8,1,1,108,1,22,121.5272002,25.0667613
114,07,31,09,00,2,03中山區,中山區林森北路與長安東路1段口,0,0,1,1,C03,8,7,5,50,4,1,1,5,4,5,13,1,1,1,4,5,2,12,1,23,3,10,5,1,7,6,1,10,2,12,9,1,21,121.5245115,25.0492232
114,07,31,09,12,2,01大同區,大同區南京西路66號,0,0,1,1,B01,8,6,5,50,14,8,1,5,4,5,13,4,4,8,3,4,1,17,1,44,3,10,3,4,7,10,1,4,2,2,100,1,21,121.5187104,25.0529494
114,07,31,09,45,2,08士林區,士林區劍潭路與基河路口,0,0,1,1,B03,8,6,5,50,5,1,1,5,4,5,13,2,1,1,3,5,2,16,1,61,3,10,7,1,7,5,1,8,1,6,71,1,21,121.5247519,25.08383924
114,07,31,09,50,2,11南港區,南港區松河街與南港路3段80巷口,0,0,1,1,C03,7,6,5,40,3,2,1,5,4,5,13,4,4,4,1,5,2,13,2,30,2,8,3,4,7,9,1,10,2,11,16,1,22,121.5899826,25.0559775
114,07,31,09,51,2,03中山區,中山區復興北路與長安東路2段口,0,0,1,1,B03,7,7,5,30,4,1,1,5,4,5,13,1,1,9,4,5,2,16,1,69,3,10,7,1,7,5,1,8,1,2,8,1,21,121.5436277,25.04835821
114,07,31,09,58,2,03中山區,中山區建國北路2段3巷47號,0,0,1,1,B02,8,5,5,30,14,9,1,5,4,5,13,4,4,10,5,5,2,12,1,68,3,10,7,1,7,8,1,8,1,2,44,1,21,121.5384825,25.0525191
114,07,31,10,05,2,03中山區,中山區北安路往東忠烈祠,0,0,2,1,A12,8,6,5,50,11,9,1,5,4,5,13,4,4,1,4,5,2,17,1,39,3,10,7,1,7,9,1,7,1,17,44,1,21,121.5331839,25.0779113
114,07,31,10,40,2,03中山區,中山區市民大道3段189號,0,0,2,1,C03,8,6,5,40,14,9,1,5,4,5,13,4,4,1,4,5,2,13,1,19,2,9,6,1,7,9,1,10,1,11,108,1,22,121.5473758,25.04818854
114,07,31,11,05,2,08士林區,士林區至善路1段與臨溪路口口,0,0,1,1,C03,7,6,5,50,14,5,1,5,4,5,13,4,4,1,3,4,1,12,1,18,2,9,6,1,7,8,1,10,1,14,100,1,21,121.541557,25.09725495
114,07,31,11,28,2,01大同區,大同區民生西路與西寧北路口,0,0,1,1,B12,8,6,5,50,5,1,1,5,4,5,13,1,1,5,5,5,2,16,1,63,3,10,7,1,7,6,1,8,2,2,9,1,21,121.5089039,25.0568443
114,07,31,11,45,2,09北投區,北投區東華街2段與致遠三路55巷口,0,0,1,1,B03,8,5,6,50,4,1,1,5,4,5,12,1,1,5,4,4,2,17,1,60,3,10,3,4,7,15,1,8,1,2,108,1,21,121.5096333,25.1204238
114,07,31,12,20,2,11南港區,南港區重陽路363號,0,0,1,1,B03,8,6,5,50,14,7,1,5,4,5,13,4,4,8,3,4,2,10,1,75,3,10,3,4,7,9,1,8,2,1,108,1,22,121.6078191,25.0583328
114,07,31,12,44,2,07信義區,信義區基隆路2段59號,0,0,1,1,C03,8,6,5,50,14,9,1,5,4,5,13,4,4,9,4,5,2,13,2,34,2,9,6,1,7,9,1,10,1,11,16,1,21,121.5581096,25.0304986
114,07,31,13,41,2,02萬華區,萬華區萬大路與萬大路506巷口,0,0,3,1,C03,8,6,5,30,3,2,1,5,4,5,13,4,4,1,4,5,2,17,2,64,2,9,5,1,7,6,1,10,2,14,86,1,22,121.4970438,25.0191185
114,07,31,13,45,2,05中正區,中正區凱達格蘭大道與中山南路口,0,0,1,1,B01,8,6,5,50,5,2,1,5,4,5,13,2,1,5,4,5,2,12,1,61,3,10,3,4,7,9,6,4,2,2,108,1,26,121.5170993,25.0393165
114,07,31,14,00,2,05中正區,中正區重慶南路1段與愛國西路口,0,0,1,1,C03,8,6,5,50,4,2,1,5,4,5,13,1,1,7,4,5,2,13,2,37,3,10,6,1,7,1,1,10,2,11,108,1,22,121.5124466,25.0356874
114,07,31,14,15,2,04大安區,大安區通化街170巷2號,0,0,1,1,C03,8,7,5,30,14,9,1,5,4,5,13,4,4,5,5,5,1,17,1,27,3,10,6,1,7,9,1,10,1,12,13,1,21,121.553352,25.0281388
114,07,31,15,30,2,03中山區,中山區林森北路與新生北路2段76巷口,0,0,1,1,B01,8,7,5,50,4,1,1,5,4,5,13,4,4,9,4,5,2,12,1,43,3,10,7,1,7,5,1,4,1,8,44,1,21,121.5254966,25.0574468