發生年度,發生月,發生日,發生時-Hours,發生分,處理別-編號,區序,肇事地點,死亡人數,2-30日死亡人數,受傷人數,當事人序號,車種,天候,光線,道路類別,速限-速度限制,道路型態,事故位置,路面狀況1,路面狀況2,路面狀況3,道路障礙1,道路障礙2,號誌1,號誌2,車道劃分-分向,車道劃分-分道1,車道劃分-分道2,車道劃分-分道3,事故類型及型態,性別,年齡,受傷程度,主要傷處,保護裝置,行動電話,車輛用途,當事者行動狀態,駕駛資格情形,駕駛執照種類,飲酒情形,車輛撞擊部位1,肇因碼-個別,個人肇逃否,職業,座標-X,座標-Y
114,07,31,15,40,2,03中山區,中山區民權東路2段186號,0,0,1,1,B03,8,7,5,50,14,9,1,5,4,5,13,4,4,5,2,5,2,17,2,68,3,10,7,1,7,14,1,8,1,2,38,1,21,121.5353164,25.062334
114,07,31,15,42,2,01大同區,大同區大龍街與重慶北路3段223巷口,0,0,2,1,F01,8,6,5,30,4,1,1,5,4,5,13,2,1,8,3,5,1,16,2,71,2,9,4,1,7,9,8,20,1,12,83,1,22,121.5158208,25.0705228
114,07,31,15,44,2,05中正區,中正區羅斯福路2段與和平西路1段口,0,0,2,1,C03,8,7,5,50,4,1,1,5,4,5,13,1,1,1,4,5,2,13,1,50,2,9,5,1,7,9,1,10,1,11,16,1,22,121.5221114,25.0273242
114,07,31,15,48,2,11南港區,南港區南港路3段與南港路3段47巷口,0,0,1,1,B01,8,7,5,50,3,1,1,5,4,5,13,4,4,5,4,5,2,17,1,55,3,10,7,1,7,11,1,4,2,8,10,1,21,121.5901211,25.0534599
114,07,31,15,50,2,03中山區,中山區吉林路391號,0,0,2,1,C03,7,6,5,40,14,18,1,5,4,5,13,4,4,4,5,4,2,1,1,46,2,9,3,4,7,9,1,10,1,14,13,1,21,121.5304469,25.0656
114,07,31,17,13,2,05中正區,中正區中山南路與仁愛路1段口,0,0,2,1,B03,8,6,5,50,5,2,1,5,4,5,13,2,1,1,4,5,2,16,1,24,2,8,3,4,7,8,1,8,1,7,100,1,21,121.5179272,25.0395035
114,07,31,17,29,2,08士林區,士林區大東路35號,0,0,1,1,B12,8,6,5,30,14,9,1,5,4,5,13,4,4,10,5,5,1,9,1,62,3,10,3,4,7,9,1,10,9,2,77,2,21,121.5252711,25.0893453
114,07,31,17,35,2,04大安區,大安區基隆路3段與基隆路3段156巷口口,0,0,2,1,C03,8,7,8,40,14,8,1,5,4,5,13,4,4,1,4,4,1,17,1,28,2,8,6,1,7,15,1,10,1,13,100,1,21,121.5427523,25.0160957
114,07,31,17,41,2,07信義區,信義區松山路11號市民大道6段側,0,0,2,1,B03,7,6,5,40,14,9,1,5,4,5,13,4,4,7,3,5,2,9,1,27,3,10,7,1,7,14,1,8,2,2,99,1,21,121.5781749,25.0489318
114,07,31,17,50,2,05中正區,中正區忠孝東路2段與新生南路1段口,0,0,1,1,C03,8,7,5,50,4,1,1,5,4,5,13,1,1,1,3,1,2,13,2,18,2,9,6,1,7,8,1,10,1,11,100,1,21,121.5327458,25.0426266
114,07,31,17,55,2,03中山區,中山區植福路與敬業四路口,0,0,1,1,C03,7,7,5,50,14,9,1,5,4,5,13,4,4,5,2,5,2,17,1,24,2,9,5,1,7,1,1,10,1,12,19,1,21,121.5584794,25.08383661
114,07,31,18,00,2,08士林區,士林區延平北路6段與社正路口,0,0,1,1,B03,8,5,5,50,3,2,1,5,4,5,13,4,4,10,4,5,1,9,1,60,3,10,7,1,7,6,6,18,2,5,70,1,21,121.5088924,25.0880913
114,07,31,18,00,2,11南港區,南港區中南街與南港路1段口,0,0,1,1,C03,7,6,5,50,3,2,1,5,4,5,13,2,1,5,2,5,2,13,1,43,2,9,6,1,7,9,1,10,2,11,108,1,21,121.6153853,25.0551972
114,07,31,18,25,2,03中山區,中山區民族東路149號,0,0,1,1,C03,8,7,5,40,14,9,1,5,4,5,13,4,4,1,4,5,2,13,1,22,2,8,5,1,7,9,1,10,1,14,16,1,21,121.5393013,25.0682322
114,07,31,18,38,2,04大安區,大安區通化街與通化街19巷口,0,0,2,1,C03,7,5,5,50,4,1,1,5,4,5,13,4,4,10,5,5,2,3,1,78,2,2,3,4,7,9,1,10,1,11,70,1,21,121.5542889,25.0317304
114,07,31,18,40,2,09北投區,北投區承德路7段與公館路口,0,0,1,1,C03,8,6,5,50,4,2,1,5,4,5,13,2,1,1,4,4,2,13,2,46,2,9,5,1,7,9,1,10,2,11,16,1,21,121.5017116,25.1194573
114,07,31,18,41,2,10文山區,文山區木柵路1段52號,0,0,2,1,C03,8,5,5,50,14,9,1,5,4,5,13,4,4,5,4,5,2,12,1,31,2,9,6,1,7,7,1,10,2,14,100,1,21,121.5464799,24.9868251
114,07,31,18,51,2,05中正區,中正區汀州路3段301號前,0,0,1,1,C03,8,5,5,50,14,9,1,5,4,5,13,4,4,5,5,5,2,17,1,21,3,10,6,1,7,1,1,10,9,15,19,2,22,121.5358295,25.0116887
114,07,31,18,51,2,06松山區,松山區南京東路4段與敦化北路口,0,0,3,1,C03,8,5,5,50,4,1,1,5,4,5,13,2,1,1,3,5,2,13,1,41,2,9,5,4,7,9,1,9,1,11,16,1,22,121.5493308,25.0518208
114,07,31,19,57,2,05中正區,中正區重慶南路3段與廈門街114巷口,0,0,2,1,C03,8,5,5,30,4,1,1,5,4,5,13,2,1,5,4,5,2,16,2,61,2,8,5,1,7,5,1,10,1,11,71,1,21,121.5169341,25.0230834
114,07,31,19,59,2,05中正區,中正區羅斯福路3段與辛亥路1段口口,0,0,1,1,B01,8,5,5,50,4,1,1,5,4,5,13,1,1,1,4,5,2,16,1,62,3,10,3,4,7,6,1,4,1,5,9,1,21,121.5289545,25.0197259
114,07,31,20,55,2,01大同區,大同區承德路3段與民權西路口,0,0,2,1,C03,7,5,5,50,4,1,1,5,4,5,13,2,1,1,4,5,2,13,1,29,2,9,3,4,7,9,1,10,1,11,118,1,21,121.5184392,25.0629777
114,07,31,22,48,2,04大安區,大安區辛亥路3段與基隆路3段口,0,0,1,1,C03,8,5,5,50,4,1,1,5,4,5,13,1,1,1,4,5,2,17,1,104,4,11,3,4,7,21,7,19,11,15,118,2,22,121.5463622,25.0191363
114,08,01,06,20,2,01大同區,大同區重慶北路2段與涼州街口,0,0,1,1,B01,8,6,5,50,4,2,1,5,4,5,13,1,1,1,4,5,2,9,1,53,3,10,7,1,7,15,1,4,1,15,44,1,21,121.513632,25.0610462
114,08,01,06,50,2,01大同區,大同區延平北路2段與延平北路2段247巷口,0,0,1,1,C03,8,6,5,50,4,1,1,5,4,5,13,2,1,5,5,5,2,16,1,81,3,10,6,1,7,5,1,10,2,12,71,1,22,121.5112886,25.0622806
114,08,01,07,06,2,04大安區,大安區忠孝東路4段與敦化南路1段口,0,0,2,1,C03,7,7,5,50,4,2,1,5,4,5,13,1,1,1,3,1,1,17,1,55,2,9,5,1,7,6,1,10,1,12,9,1,21,121.548563,25.0416649
114,08,01,07,25,2,05中正區,中正區中山南路與徐州路口,0,0,4,1,C03,8,6,5,50,4,2,1,5,4,5,13,1,1,8,4,1,2,13,1,54,2,7,6,1,7,9,1,10,2,13,44,1,21,121.5185524,25.0416341
114,08,01,07,32,2,10文山區,文山區汀州路4段與基隆路4段口口,0,0,2,1,C03,8,6,5,50,5,1,1,5,4,5,13,2,1,5,5,5,2,16,2,22,2,7,6,1,7,5,1,10,1,11,71,1,21,121.5363976,25.0108906
114,08,01,07,44,2,04大安區,大安區信義路2段208號,0,0,1,1,B01,8,6,5,50,14,9,1,5,4,5,13,4,4,1,4,5,2,12,1,53,3,10,7,1,7,9,1,4,1,4,17,1,21,121.5302368,25.0336185
114,08,01,07,45,2,08士林區,士林區百齡橋西向東機慢車專用道,0,0,1,1,C03,7,7,5,40,14,11,1,5,4,5,13,4,4,10,3,5,2,12,1,47,2,8,5,1,7,9,1,10,1,11,44,1,22,121.5148494,25.0897434
114,08,01,07,57,2,04大安區,大安區忠孝東路4段311號,0,0,2,1,C03,7,7,5,50,14,9,1,5,4,5,13,4,4,1,4,5,1,17,1,59,2,9,5,1,7,8,1,10,1,12,100,1,21,121.5556916,25.041499
114,08,01,07,59,2,07信義區,信義區松智路與松智路39巷口,0,0,1,1,B03,8,6,5,50,3,1,1,5,4,5,13,4,4,9,5,5,2,17,1,38,3,10,3,4,7,6,1,8,2,5,9,1,22,121.565333,25.0296055
114,08,01,08,24,2,02萬華區,萬華區桂林路與堤外便道口口,0,0,2,1,C03,8,7,5,40,4,1,1,5,4,5,13,2,1,3,5,5,2,16,1,42,2,8,3,1,7,6,1,10,1,12,9,1,22,121.495949,25.0388864
114,08,01,08,25,2,12內湖區,內湖區民權東路6段75號,0,0,1,1,C03,8,6,5,50,4,1,1,5,4,5,13,2,1,1,4,5,2,17,1,23,2,9,6,1,7,8,1,10,1,14,100,1,21,121.5878928,25.0691309
114,08,01,08,30,2,04大安區,大安區安和路2段與安和路2段209巷口,0,0,2,1,F07,8,5,5,25,3,1,1,5,4,5,13,2,1,1,4,1,2,9,1,39,2,8,4,5,7,9,8,20,9,11,108,1,21,121.5499198,25.0260763
114,08,01,08,30,2,06松山區,松山區光復北路與富錦街口口,0,0,1,1,B13,7,6,5,50,14,7,1,5,4,5,13,4,4,5,4,4,2,16,1,48,3,10,7,1,7,11,1,4,1,4,10,1,21,121.5547876,25.06076617
114,08,01,08,31,2,03中山區,中山區民權東路2段109號,0,0,2,1,A02,7,6,5,50,14,9,1,5,4,5,13,4,4,1,5,5,1,12,1,58,3,10,3,4,7,8,1,1,1,5,108,1,21,121.5341008,25.0626332
114,08,01,08,38,2,05中正區,中正區忠孝東路2段與忠孝東路2段121巷口,0,0,1,1,B03,7,5,5,50,3,1,1,5,4,5,13,4,4,1,4,1,2,16,1,33,3,10,7,1,7,6,1,8,1,2,9,1,21,121.5321996,25.04261257
114,08,01,08,46,2,04大安區,大安區仁愛路3段24巷與新生南路1段165巷口,0,0,1,1,C03,8,6,5,30,4,1,1,5,4,5,13,4,4,10,5,5,2,15,1,59,2,9,6,1,7,9,1,10,1,12,72,1,21,121.5359335,25.0341785
114,08,01,08,54,2,07信義區,信義區松信路與永吉路200巷56弄口,0,0,1,1,B02,8,7,5,50,22,18,1,5,4,5,13,2,1,5,4,4,2,9,1,47,3,10,3,4,7,1,1,4,1,2,19,1,22,121.5720953,25.0433934
114,08,01,08,55,2,06松山區,松山區麥帥一橋西往東7510301燈桿,0,0,1,1,C03,7,6,5,40,14,11,1,5,4,5,13,4,4,1,3,5,2,12,1,20,3,10,6,1,7,7,1,10,1,14,100,1,21,121.5697483,25.0513006
114,08,01,09,00,2,10文山區,文山區指南路3段26號,0,0,1,1,H01,8,7,5,30,14,9,5,5,4,5,13,4,4,10,5,5,2,3,1,6,2,1,4,5,8,18,8,20,10,16,53,1,21,121.5799749,24.9832396
114,08,01,09,05,2,06松山區,松山區八德路4段692(號(市民大道六段上),0,0,1,1,C03,8,5,5,40,14,9,1,5,4,5,13,4,4,8,3,5,1,16,1,28,2,9,3,1,7,7,1,10,1,14,100,1,21,121.5773675,25.0494988
114,08,01,09,10,2,06松山區,松山區松河街777號,0,0,2,1,C03,7,7,5,40,14,9,1,5,4,5,13,4,4,9,4,5,2,16,2,27,2,9,5,1,7,11,1,10,1,11,10,1,26,121.5779774,25.0516758
114,08,01,09,17,2,03中山區,中山區林森北路與雙城街7巷口,0,0,1,1,C03,7,6,5,50,14,9,1,5,4,5,13,4,4,8,5,5,1,16,1,45,2,7,5,1,7,5,1,10,1,12,8,1,21,121.5254572,25.0637479
114,08,01,09,35,2,12內湖區,內湖區文德路22巷44弄74號,0,0,2,1,B01,7,6,5,30,3,1,1,5,4,5,13,4,4,10,5,5,2,17,2,54,3,10,7,1,7,9,1,4,2,4,44,1,21,121.5810002,25.0762901
114,08,01,09,39,2,05中正區,中正區羅斯福路2段5號,0,0,1,1,B01,8,6,5,50,14,9,1,5,4,5,13,4,4,1,4,5,1,17,1,57,3,10,7,1,7,7,1,4,2,3,44,1,21,121.5211144,25.029162
114,08,01,09,40,2,02萬華區,萬華區西園路2段159號,0,0,1,1,C03,8,6,5,50,14,8,1,5,4,5,13,4,4,10,4,4,2,17,1,41,3,10,5,1,7,14,1,10,1,17,38,1,21,121.4958876,25.0290566
114,08,01,09,41,2,02萬華區,萬華區華中橋機車道往新北市(橋樑接縫處:華中021),0,0,3,1,,8,5,7,40,14,11,1,5,4,5,13,4,4,1,4,5,2,17,4,0,,,,,,,,,,,119,2,,121.5072356,25.03517879
114,08,01,10,16,2,02萬華區,萬華區萬大路與萬大路85巷口,0,0,1,1,B12,8,7,5,50,4,1,1,5,4,5,13,2,1,3,4,5,2,12,1,22,3,10,3,4,7,8,1,8,1,2,100,1,22,121.500566,25.0303615
114,08,01,10,30,2,11南港區,南港區忠孝東路6段與東新街口,0,0,1,1,B02,7,7,5,50,4,1,1,5,4,5,13,2,1,1,4,5,2,13,1,59,3,10,7,1,7,5,1,8,2,1,108,1,21,121.585002,25.0478916
114,08,01,10,36,2,03中山區,中山區中山北路4段與新生高架道口入口,0,0,1,1,C03,7,6,5,30,4,1,1,5,4,5,13,1,1,1,4,5,2,15,1,24,2,9,6,1,7,9,1,10,2,14,80,1,22,121.5251507,25.0768185
114,08,01,10,40,2,03中山區,中山區錦西街與錦西街5巷口,0,0,1,1,F01,8,6,5,50,4,1,1,5,4,5,13,4,4,9,4,5,2,16,2,83,2,1,4,1,7,5,8,20,1,13,72,1,21,121.521748,25.0603512
114,08,01,11,05,2,05中正區,中正區羅斯福路3段與師大路口,0,0,1,1,C03,8,6,5,50,4,2,1,5,4,5,13,1,1,1,4,5,2,17,1,30,2,9,5,1,7,9,1,10,1,11,13,1,21,121.5274686,25.0211639
114,08,01,11,38,2,05中正區,中正區中華路1段與貴陽街1段口,0,0,1,1,E01,8,5,5,50,4,1,1,5,4,5,13,1,1,1,4,1,1,17,1,30,3,10,7,1,7,5,1,8,2,5,44,1,21,121.5076313,25.0392031
114,08,01,11,42,2,12內湖區,內湖區成功路4段與成功路4段323巷口,0,0,1,1,B03,8,7,5,50,5,2,1,5,4,5,13,1,1,1,4,4,2,17,1,42,3,10,7,1,7,11,1,8,2,2,10,1,21,121.598938,25.084634
114,08,01,11,47,2,03中山區,中山區敬業一路56號,0,0,1,1,B03,8,7,5,50,14,9,1,5,4,5,13,4,4,9,5,5,2,16,2,61,3,10,7,1,7,11,1,8,1,8,10,1,22,121.5526388,25.08156417
114,08,01,12,03,2,09北投區,北投區承德路7段260號,0,0,1,1,C04,6,6,5,60,14,7,1,4,4,5,13,4,4,1,4,4,2,17,1,80,2,9,6,1,7,7,1,7,2,14,100,1,21,121.5058936,25.1156836
114,08,01,12,20,2,08士林區,士林區延平北路5段290號,0,0,2,1,C04,6,5,8,50,22,22,1,4,4,5,13,1,1,1,5,5,1,17,2,73,2,9,5,1,7,5,1,11,1,14,8,1,21,121.5196775,25.09630781
114,08,01,12,24,2,08士林區,士林區通河街76巷與承德路4段10巷口,0,0,1,1,B03,7,7,5,30,4,1,1,5,4,5,13,4,4,10,5,5,1,15,1,67,3,10,7,1,7,9,1,8,1,1,72,1,21,121.5201411,25.0801602
114,08,01,12,44,2,03中山區,中山區敬業一路與敬業二路69巷口,0,0,1,1,B03,6,6,5,50,5,2,1,4,4,5,13,4,4,9,3,5,1,17,1,39,3,10,7,1,7,9,1,8,1,2,44,1,21,121.5524464,25.08219054
114,08,01,12,48,2,03中山區,中山區合江街與合江街61巷口,0,0,2,1,C03,7,6,5,40,3,1,1,5,4,5,13,4,4,8,5,5,1,16,2,19,2,9,3,4,7,5,1,10,1,13,74,1,21,121.5391675,25.05728295
114,08,01,12,52,2,03中山區,中山區建國北路3段與民權東路3段口,0,0,1,1,C03,8,6,5,50,4,1,1,5,4,5,13,1,1,1,4,5,2,12,1,50,3,10,6,1,7,9,1,10,1,12,108,1,22,121.5372896,25.0625496
114,08,01,13,20,2,10文山區,文山區木柵路5段43巷（燈桿2070129）,0,0,1,1,F02,8,7,5,30,14,9,1,5,4,5,13,4,4,5,5,5,1,29,1,70,2,9,2,1,7,9,8,20,1,14,42,1,21,121.5856483,25.0085412
114,08,01,13,39,2,05中正區,中正區重慶南路3段與和平西路1段口,0,0,1,1,B03,8,6,5,50,5,2,1,5,4,5,13,1,1,1,4,5,2,17,1,77,3,10,7,1,7,8,1,8,2,4,100,1,21,121.5159572,25.0269685
114,08,01,14,48,2,08士林區,士林區中正路與文林路口,0,0,1,1,B03,7,6,5,50,4,1,1,5,4,5,13,1,1,1,4,4,1,16,1,39,3,10,7,1,7,5,1,8,2,7,8,1,22,121.5246155,25.0949839
114,08,01,15,57,2,01大同區,大同區南京西路262巷26號,0,0,1,1,B03,8,6,5,30,14,9,1,5,4,5,13,4,4,10,5,5,2,17,2,48,3,10,7,4,7,9,1,8,1,8,44,1,21,121.5152881,25.0529615
114,08,01,16,22,2,07信義區,信義區基隆路2段151-7號,0,0,1,1,C03,7,6,5,50,14,9,1,5,4,5,13,4,4,8,3,5,2,17,2,48,2,9,3,4,7,9,1,10,1,11,108,1,21,121.5545121,25.0259962
114,08,01,16,25,2,06松山區,松山區八德路4段207巷與八德路4段245巷32弄口,0,0,1,1,C03,6,6,5,30,4,1,1,4,4,5,13,4,4,9,4,5,2,15,2,23,2,9,6,4,7,9,1,10,1,11,72,1,21,121.5637844,25.0499464
114,08,01,17,04,2,09北投區,北投區石牌路2段99巷9號,0,0,1,1,B02,6,7,5,30,14,9,1,4,4,5,13,4,4,10,5,5,2,12,1,34,3,10,7,1,7,15,1,8,9,4,40,1,21,121.5168312,25.118279
114,08,01,17,40,2,03中山區,中山區民族東路與濱江街180巷口,0,0,1,1,C03,6,6,5,40,4,1,1,4,4,5,13,2,1,8,5,4,2,12,2,55,2,9,6,4,6,8,1,10,2,15,100,1,21,121.5379575,25.0682997
114,08,01,17,47,2,11南港區,南港區南港路1段與惠民街口,0,0,1,1,B03,6,7,5,50,3,1,1,4,4,5,13,1,1,5,4,5,2,17,2,55,3,10,7,1,7,11,1,8,9,17,10,2,21,121.610238,25.0549557
114,08,01,17,54,2,04大安區,大安區基隆路高架道往北065燈桿,0,0,3,1,B02,6,5,5,60,14,9,1,4,4,5,13,4,4,1,4,5,2,17,1,69,2,2,7,1,7,8,1,8,1,5,100,1,21,121.5410375,25.01434274
114,08,01,18,00,2,11南港區,南港區三重路與三重路41巷口,0,0,1,1,C03,6,6,5,50,3,2,1,4,4,5,13,4,4,5,2,5,2,17,1,48,3,10,6,1,7,11,1,10,2,17,44,1,21,121.6142071,25.0597557
114,08,01,18,14,2,04大安區,大安區辛亥路1段與辛亥路1段77巷口口,0,0,1,1,C03,6,7,5,40,14,7,1,4,4,5,13,4,4,1,4,4,1,17,2,44,3,10,6,1,7,10,1,10,1,13,100,1,21,121.5308214,25.0213683
114,08,01,18,16,2,04大安區,大安區辛亥路2段與辛亥路2段171巷口,0,0,1,1,C03,6,6,5,50,3,1,1,4,4,5,13,2,1,1,4,4,2,29,2,30,2,9,6,1,7,9,1,10,1,14,42,1,21,121.5410849,25.0215421
114,08,01,18,23,2,04大安區,大安區忠孝東路4段251巷14弄與安東街40巷口,0,0,1,1,B03,7,5,5,30,4,1,1,4,4,5,13,4,4,10,5,5,2,15,1,26,3,10,3,4,7,9,1,4,1,8,72,1,22,121.5416157,25.0439246
114,08,01,18,37,2,03中山區,中山區中山北路2段79號,0,0,1,1,B01,6,5,5,50,14,9,1,4,4,5,13,4,4,10,3,5,2,17,1,65,3,10,7,1,7,15,1,4,1,17,38,1,21,121.5227999,25.0584419
114,08,01,18,40,2,05中正區,中正區市民大道2段與林森北路口,0,0,2,1,B03,6,5,5,40,4,1,1,4,4,5,13,1,1,1,4,5,1,17,1,44,3,10,7,1,7,8,1,8,2,8,100,1,22,121.5242667,25.0477278
114,08,01,18,52,2,09北投區,北投區磺港路與光明路口,0,0,1,1,C03,6,5,5,50,5,1,1,4,4,5,13,3,1,9,5,5,2,2,2,23,3,10,5,1,7,5,1,10,1,11,70,1,22,121.5018059,25.1334513
114,08,01,18,59,2,04大安區,大安區建國南路1段46號,0,0,2,1,F01,6,5,5,50,14,9,1,4,4,5,13,1,1,9,4,5,2,13,1,79,2,9,2,4,7,7,8,20,1,14,100,1,22,121.5363677,25.0437953
114,08,01,19,00,2,07信義區,信義區松高路與忠孝東路5段236巷口,0,0,1,1,B01,6,5,5,30,4,1,1,4,4,5,13,2,1,8,1,5,2,17,1,52,3,10,7,1,7,5,1,8,1,8,71,1,21,121.5718395,25.0390187
114,08,01,19,06,2,12內湖區,內湖區康寧路1段55號,0,0,1,1,C03,6,5,5,30,14,9,1,4,4,5,13,4,4,9,4,5,2,10,2,63,3,10,6,1,7,15,1,10,2,11,4,1,21,121.5923988,25.0801575
114,08,01,19,53,2,04大安區,大安區復興南路2段與復興南路2段12巷口,0,0,1,1,C03,7,6,5,50,3,2,1,4,4,5,13,4,4,1,4,5,2,17,1,40,2,1,6,4,7,9,1,10,1,11,108,1,22,121.5435245,25.0326421
114,08,01,20,00,2,12內湖區,內湖區金湖路289號與康寧路2段口,0,0,1,1,B03,7,5,5,50,3,1,1,4,4,5,13,4,4,1,4,4,2,16,1,55,3,10,7,1,7,11,1,8,1,5,10,1,21,121.6012364,25.0752267
114,08,01,20,00,2,07信義區,信義區忠孝東路5段149號對面,0,0,1,1,C03,7,5,8,50,22,22,1,4,4,5,13,4,4,1,4,5,2,18,1,61,2,9,5,1,7,9,1,10,1,12,42,1,22,121.5682327,25.0410019
114,08,01,21,13,2,09北投區,北投區社子大橋7510131號燈桿,0,0,1,1,B03,7,6,5,50,11,7,1,4,4,5,13,4,4,1,3,4,1,11,2,72,3,10,7,1,7,9,1,8,2,5,4,1,22,121.5234742,25.11582116
114,08,01,21,29,2,08士林區,士林區故宮路與至善路2段口,0,0,1,1,C03,8,5,5,50,4,2,1,5,4,5,13,1,1,1,4,5,2,18,2,32,2,9,3,4,7,9,1,10,2,12,44,1,21,121.5313183,25.10496719
114,08,01,22,09,2,01大同區,大同區承德路3段與民權西路口,0,0,2,1,C03,7,5,5,50,4,2,1,5,4,5,13,4,4,1,4,5,2,13,2,49,2,9,6,1,7,9,1,10,1,11,16,1,21,121.5190216,25.0629597
114,08,01,23,13,2,11南港區,南港區忠孝東路6段東往西81號停車格,0,0,1,1,B03,7,5,5,40,14,8,1,5,4,5,13,4,4,3,4,4,2,16,1,25,3,10,7,1,7,1,1,8,1,8,19,1,21,121.5838683,25.0469968
114,08,01,23,15,2,08士林區,士林區通河西街2段57號,0,0,1,1,B03,8,5,5,40,14,9,1,5,4,5,13,4,4,9,5,5,2,14,1,36,2,8,3,4,7,2,1,8,1,4,12,1,22,121.510785,25.09110288
114,08,02,00,10,2,01大同區,大同區酒泉街68號,0,0,2,1,C03,7,5,5,50,14,9,1,5,4,5,13,4,4,5,4,5,2,17,1,21,2,9,3,4,7,9,1,10,1,11,108,1,21,121.5154129,25.0719745
114,08,02,00,23,2,05中正區,中正區重慶南路1段與開封街1段口,0,0,2,1,C03,8,5,5,50,4,2,1,5,4,5,13,1,1,10,4,5,1,17,1,33,2,9,6,1,7,6,1,9,2,12,9,1,22,121.5132099,25.0460989
114,08,02,01,00,2,03中山區,中山區林森北路與民生東路1段23巷口,0,0,1,1,B03,8,5,5,50,4,2,1,5,4,5,13,2,1,5,5,5,2,16,1,56,3,10,7,1,7,6,1,8,1,2,9,1,21,121.5254921,25.0590385
114,08,02,01,25,2,09北投區,北投區洲美街275號基隆河河濱自行車道,0,0,1,1,F01,7,6,8,0,22,23,1,5,4,5,13,4,4,9,5,5,1,20,2,40,2,9,6,1,7,9,8,20,1,11,108,1,21,121.4987859,25.1015999
114,08,02,03,19,2,10文山區,文山區木新路3段與木新路3段45巷口,0,0,2,1,C03,7,5,5,50,4,1,1,5,4,5,13,1,1,10,5,5,2,15,1,22,2,9,3,4,7,9,1,10,1,11,81,1,22,121.5642189,24.982492
114,08,02,06,55,2,11南港區,南港區忠孝東路6段與忠孝東路6段225巷口,0,0,1,1,B03,8,7,5,30,3,1,1,5,4,5,13,4,4,1,3,4,2,16,1,44,3,10,7,1,7,6,1,8,1,4,72,1,21,121.5883868,25.0492107
114,08,02,07,04,2,05中正區,中正區延平南路與延平南路216巷口,0,0,1,1,C03,7,7,5,30,4,1,1,5,4,5,13,4,4,9,5,5,2,16,1,18,2,9,6,1,7,5,1,10,1,14,72,1,22,121.5075124,25.0344501
114,08,02,07,51,2,10文山區,文山區木新路3段172巷與木新路3段172巷2弄口口,0,0,1,1,B01,8,6,5,30,4,1,1,5,4,5,13,4,4,10,5,5,1,15,1,55,3,10,7,1,7,9,1,4,1,1,72,1,21,121.560585,24.9822472
114,08,02,08,41,2,02萬華區,萬華區桂林路與桂林路4巷口,0,0,1,1,B01,8,5,5,50,3,1,1,5,4,5,13,4,4,9,4,5,2,17,1,53,3,10,7,4,7,6,1,4,1,5,9,1,21,121.505948,25.03758011
114,08,02,08,50,2,07信義區,信義區吳興街84號,0,0,2,1,C03,7,7,5,30,14,9,1,5,4,5,13,4,4,10,5,5,2,1,1,77,2,9,5,1,7,15,1,10,9,14,42,1,21,121.5597335,25.0314269
114,08,02,09,18,2,09北投區,北投區大度路3段與關渡路口,0,0,1,1,B03,7,7,5,50,3,1,1,5,4,5,13,2,1,3,4,5,2,16,1,64,3,10,7,1,7,6,1,8,1,5,9,1,22,121.4695209,25.1228936
114,08,02,09,28,2,09北投區,北投區中央北路1段73號大門口,0,0,2,1,C03,8,6,5,50,14,9,1,5,4,5,13,3,1,5,5,5,2,13,1,59,2,7,5,1,7,9,1,10,1,11,16,1,21,121.5002895,25.1342516
114,08,02,09,40,2,02萬華區,萬華區廣州街與廣州街253巷口,0,0,1,1,H01,8,6,5,50,3,2,1,5,4,5,13,4,4,10,5,5,1,9,1,32,2,8,4,5,8,16,8,20,10,16,60,1,22,121.4967881,25.0368597
114,08,02,10,05,2,01大同區,大同區蘭州街89巷與蘭州街89巷1弄口,0,0,3,1,C03,8,6,5,30,3,1,1,5,4,5,13,4,4,9,4,5,2,17,1,22,2,9,5,1,7,6,1,10,1,11,4,1,21,121.515655,25.0642737
114,08,02,10,13,2,07信義區,信義區忠孝東路5段22巷北向南(松高路11號),0,0,1,1,B03,8,6,5,50,14,9,1,5,4,5,13,4,4,5,4,5,1,17,2,39,3,10,3,4,7,1,1,8,1,8,19,1,21,121.5660604,25.0395886
114,08,02,10,20,2,12內湖區,內湖區康樂街136巷與康樂街口,0,0,2,1,B03,7,6,5,50,4,1,1,5,4,5,13,1,1,10,5,5,2,12,1,52,3,10,7,1,7,9,1,8,2,7,108,1,21,121.6193169,25.0719381
114,08,02,10,31,2,11南港區,南港區同德路與同德路85巷口口,0,0,1,1,C03,8,6,5,50,4,1,1,5,4,5,13,2,1,5,5,5,2,12,2,68,2,9,6,1,7,15,1,10,1,14,44,1,21,121.5856713,25.0460224
114,08,02,10,55,2,12內湖區,內湖區大湖街131巷18弄46號,0,0,1,1,F01,8,6,5,30,14,9,1,5,4,5,13,4,4,10,5,5,2,17,1,31,2,7,4,1,7,9,8,20,1,14,42,1,21,121.5991123,25.0862216
114,08,02,11,00,2,12內湖區,內湖區文德路218號,0,0,1,1,C03,7,7,8,50,14,9,1,5,4,5,13,4,4,1,4,4,2,17,1,33,2,9,5,1,7,8,1,10,2,11,100,1,21,121.5847331,25.0784818
114,08,02,11,04,2,04大安區,大安區金華街與信義路2段198巷口,0,0,2,1,B03,8,6,5,50,4,1,1,5,4,5,13,2,1,10,5,5,2,16,1,36,3,10,3,4,7,6,1,8,1,2,9,1,22,121.5315028,25.0299737