發生年度,發生月,發生日,發生時-Hours,發生分,處理別-編號,區序,肇事地點,死亡人數,2-30日死亡人數,受傷人數,當事人序號,車種,天候,光線,道路類別,速限-速度限制,道路型態,事故位置,路面狀況1,路面狀況2,路面狀況3,道路障礙1,道路障礙2,號誌1,號誌2,車道劃分-分向,車道劃分-分道1,車道劃分-分道2,車道劃分-分道3,事故類型及型態,性別,年齡,受傷程度,主要傷處,保護裝置,行動電話,車輛用途,當事者行動狀態,駕駛資格情形,駕駛執照種類,飲酒情形,車輛撞擊部位1,肇因碼-個別,個人肇逃否,職業,座標-X,座標-Y
114,08,02,11,41,2,03中山區,中山區新生北路1段與林森北路133巷口,0,0,1,1,C03,7,6,5,50,3,2,1,5,4,5,13,4,4,1,5,5,1,13,1,26,2,8,3,4,7,9,1,9,1,11,108,1,21,121.5277884,25.05098945
114,08,02,12,19,2,09北投區,北投區石牌路2段與石牌路2段357巷口,0,0,1,1,B01,8,6,5,50,3,1,1,5,4,5,13,4,4,5,5,5,2,16,1,50,3,10,7,1,7,11,1,2,2,1,74,1,26,121.5252685,25.1234798
114,08,02,12,37,2,03中山區,中山區民族東路與龍江路口,0,0,1,1,C03,7,7,5,40,3,1,1,4,4,5,13,2,1,10,5,5,2,18,2,50,2,1,6,1,7,6,1,10,9,14,118,1,26,121.5409934,25.06798446
114,08,02,12,47,2,02萬華區,萬華區環河南路2段與環河南路2段175巷口,0,0,1,1,B03,7,7,5,30,4,1,1,5,4,5,13,2,1,1,5,5,2,9,1,66,3,10,7,1,7,5,1,8,1,8,44,1,21,121.4920486,25.0328628
114,08,02,13,20,2,08士林區,士林區中正路與重慶北路4段口口,0,0,1,1,C03,6,6,5,50,3,1,1,4,4,5,13,1,1,1,4,4,1,13,1,18,3,10,6,1,7,9,1,10,1,11,108,1,21,121.5113554,25.08747417
114,08,02,13,21,2,07信義區,信義區松壽路20號,0,0,1,1,B01,6,7,5,50,14,9,1,4,4,5,13,2,1,9,4,5,2,17,1,48,3,10,7,1,7,8,1,4,9,15,100,1,21,121.56698,25.0357957
114,08,02,14,09,2,12內湖區,內湖區環山路3段26號附近側附近,0,0,1,1,C03,7,6,5,50,14,9,1,5,4,5,13,4,4,4,3,5,2,13,1,59,2,7,6,1,7,9,1,10,1,11,16,1,21,121.5799382,25.0846778
114,08,02,14,13,2,02萬華區,萬華區西園路2段與東園街口,0,0,1,1,C03,6,6,5,50,3,1,1,4,4,5,13,2,1,1,4,4,2,17,1,36,3,10,6,1,7,12,1,10,1,17,44,1,26,121.4951458,25.02811671
114,08,02,15,50,2,04大安區,大安區和平東路1段與和平東路1段41巷口,0,0,1,1,B03,6,7,5,50,3,2,1,4,4,5,13,1,1,1,4,5,2,17,1,31,3,10,7,1,7,8,1,8,1,17,100,1,21,121.5239058,25.027022
114,08,02,15,55,2,03中山區,中山區建國北路3段與建國北路3段86巷口,0,0,1,1,B03,8,7,5,50,3,1,1,5,4,5,13,3,1,1,4,5,2,16,1,71,3,10,7,1,7,6,1,8,1,5,9,1,21,121.5353626,25.0660978
114,08,02,16,00,2,03中山區,中山區長安東路1段67號,0,0,1,1,B03,8,7,5,30,14,9,1,5,4,5,13,4,4,5,2,5,2,17,2,60,3,10,7,1,7,1,1,8,1,4,19,1,21,121.5276695,25.04847195
114,08,02,16,28,2,04大安區,大安區安和路1段60號,0,0,2,1,B01,8,7,5,50,14,9,1,5,4,5,13,4,4,1,4,5,2,17,1,69,2,7,7,1,7,9,1,4,1,5,108,1,21,121.5524563,25.0358748
114,08,02,16,35,2,10文山區,文山區木柵路5段與萬福橋口旁,0,0,1,1,C03,7,7,5,50,3,2,1,4,4,5,13,1,1,5,4,5,2,20,1,64,2,9,5,1,7,15,6,10,1,11,42,1,21,121.5835709,25.0029403
114,08,02,17,18,2,09北投區,北投區大業路與大業路452巷口,0,0,1,1,B03,8,6,5,60,14,7,1,5,4,5,13,4,4,1,4,4,2,17,1,30,3,10,7,1,7,8,1,8,9,17,100,1,21,121.4960761,25.1315014
114,08,02,17,48,2,07信義區,信義區永吉路127巷11弄與永吉路127巷口,0,0,1,1,B03,7,6,5,30,4,1,1,5,4,5,13,4,4,10,5,5,2,16,1,46,3,10,3,4,7,9,1,8,2,5,72,1,21,121.5703763,25.0462389
114,08,02,17,49,2,06松山區,松山區南京東路3段262號,0,0,1,1,C03,8,6,5,50,14,9,1,5,4,5,13,4,4,3,4,5,2,17,1,33,3,10,6,4,7,8,1,10,1,17,100,1,22,121.5450197,25.05176146
114,08,02,17,55,2,04大安區,大安區永康街與永康街31巷口,0,0,1,1,B01,8,6,5,30,14,9,1,5,4,5,13,4,4,10,5,5,2,2,1,52,3,10,7,1,7,9,1,2,1,5,108,1,21,121.5296838,25.0313072
114,08,02,18,07,2,05中正區,中正區林森北路7-1號對面,0,0,1,1,F01,8,6,5,50,14,9,1,5,4,5,13,4,4,5,4,5,2,12,1,31,2,9,4,1,7,15,8,20,1,12,100,1,21,121.5236101,25.045979
114,08,02,18,28,2,02萬華區,萬華區康定路與長沙街2段口,0,0,2,1,B03,7,6,5,50,5,1,1,5,4,5,13,2,1,5,4,5,2,17,1,28,3,10,7,1,7,5,1,8,1,1,71,1,21,121.5021124,25.0405766
114,08,02,18,40,2,05中正區,中正區延平南路與貴陽街1段口,0,0,2,1,C03,7,5,5,50,4,2,1,5,4,5,13,1,1,5,2,5,2,16,1,24,2,9,6,1,7,5,1,10,1,14,8,1,22,121.5087606,25.0392349
114,08,02,19,11,2,11南港區,南港區研究院路1段與研究院路1段130巷口,0,0,1,1,C03,7,5,5,50,4,2,1,5,4,5,13,1,1,1,4,5,2,12,2,70,2,9,6,1,7,7,1,10,1,14,100,1,21,121.6157505,25.0490769
114,08,02,20,00,2,04大安區,大安區仁愛路4段與敦化南路1段口口,0,0,1,1,C03,7,5,5,50,4,1,1,5,4,5,13,2,1,1,4,5,2,16,2,24,2,9,3,4,7,6,1,10,1,14,9,1,22,121.5503013,25.0374544
114,08,02,20,04,2,02萬華區,萬華區雙園街與環河南路2段口,0,0,1,1,C03,8,5,5,50,4,2,1,5,4,5,13,1,1,9,5,5,2,17,1,41,2,7,5,1,7,1,1,10,1,14,19,1,21,121.4914805,25.0320684
114,08,02,20,45,2,05中正區,中正區貴陽街1段與中山南路口,0,0,1,1,C03,7,5,5,50,4,2,1,5,4,5,13,2,1,9,4,5,2,13,1,20,2,8,5,1,7,9,1,10,1,11,16,1,21,121.5171941,25.038099
114,08,02,21,05,2,05中正區,中正區金華街與杭州南路2段口,0,0,2,1,B01,7,5,5,50,4,1,1,5,4,5,13,1,1,5,5,5,2,17,1,39,3,10,7,1,7,5,1,4,1,8,71,1,22,121.5222334,25.0309541
114,08,02,21,16,2,07信義區,信義區基隆路2段與嘉興街216巷口,0,0,2,1,C03,7,5,5,50,4,1,1,5,4,5,13,2,2,1,1,4,2,13,1,37,2,7,6,1,7,6,1,10,1,12,9,1,21,121.5559766,25.0272755
114,08,02,21,24,2,12內湖區,內湖區瑞湖街103號,0,0,2,1,C03,7,5,5,50,14,9,1,5,4,5,13,4,4,9,5,5,2,3,1,57,2,9,6,1,7,9,1,10,2,11,108,1,22,121.576155,25.0725589
114,08,02,21,40,2,08士林區,士林區復興橋與至誠路1段口,0,0,1,1,C03,7,5,5,50,5,1,1,5,4,5,13,2,1,4,4,5,2,17,2,21,2,7,3,4,7,8,1,10,1,12,99,1,21,121.5377753,25.1009851
114,08,02,21,54,2,09北投區,北投區公館路與崇仰一路口,0,0,1,1,B03,7,5,5,50,4,1,1,5,4,5,13,3,3,5,5,5,2,16,1,36,3,10,7,1,7,5,1,8,2,1,74,1,21,121.5051995,25.1236879
114,08,02,22,21,2,04大安區,大安區市民大道4段與敦化南路1段口,0,0,1,1,C03,7,5,5,40,4,1,1,5,4,5,13,2,1,1,4,5,2,17,1,19,3,10,3,4,7,5,1,10,1,17,8,1,22,121.5494369,25.044553
114,08,02,22,28,2,08士林區,士林區重慶北路4段與重慶北路4段1巷口,0,0,1,1,B03,7,5,5,40,3,1,1,5,4,5,13,4,4,1,4,4,2,16,2,47,3,10,7,1,7,6,1,8,1,5,44,1,21,121.5133121,25.07997261
114,08,02,22,46,2,01大同區,大同區承德路3段與承德路3段177巷口,0,0,3,1,C03,8,5,5,50,5,2,1,5,4,5,13,4,4,1,4,5,2,13,2,23,2,9,6,1,7,9,1,10,1,11,108,1,21,121.518514,25.0691919
114,08,03,00,26,2,07信義區,信義區松仁路88號,0,0,1,1,B03,7,5,5,50,14,9,1,5,4,5,13,4,4,8,3,5,2,9,1,50,3,10,3,4,7,9,1,8,1,1,108,1,21,121.5682408,25.0355108
114,08,03,07,24,2,04大安區,大安區建國南路2段往北(迴轉道)前,0,0,1,1,B03,8,7,5,50,14,9,1,5,4,5,13,4,4,8,3,4,1,17,1,57,3,10,7,1,7,7,1,8,1,17,100,1,21,121.5378581,25.0248892
114,08,03,07,40,2,02萬華區,萬華區西藏路與環河南路2段口245號環南市場出入口前,0,0,1,1,B03,8,6,5,40,3,2,1,5,4,5,13,4,4,1,4,4,2,17,1,57,3,10,7,1,7,9,1,8,1,2,87,1,21,121.4908605,25.0294368
114,08,03,08,42,2,02萬華區,萬華區貴陽街2段85號,0,0,2,1,C03,8,6,5,50,14,9,1,5,4,5,13,4,4,10,4,5,2,16,2,29,2,7,6,1,7,7,1,10,1,14,100,1,22,121.5037852,25.0398227
114,08,03,09,40,2,08士林區,士林區承德路4段10巷與通河街76巷口,0,0,1,1,C03,8,6,5,30,4,2,1,5,4,5,13,4,4,9,4,5,1,16,2,47,2,9,3,4,7,9,1,10,1,12,72,1,21,121.5201165,25.0801346
114,08,03,09,40,2,10文山區,文山區新光路2段（燈桿0707711）,0,0,1,1,F01,8,7,5,50,14,9,1,5,4,5,13,4,4,9,4,5,1,18,1,50,2,9,6,1,7,9,8,20,2,11,42,1,21,121.5889979,24.9993414
114,08,03,10,22,2,08士林區,士林區重慶北路4段119號,0,0,1,1,C03,8,6,5,50,14,7,1,5,4,5,13,4,4,1,4,4,2,12,1,68,2,8,6,1,7,7,1,10,2,14,100,1,21,121.520955,25.12050225
114,08,03,10,58,2,03中山區,中山區復興北路430巷與民權東路3段75巷口,0,0,2,1,F01,8,7,5,30,4,1,1,5,4,5,13,4,4,10,5,5,2,12,1,61,2,9,4,1,7,5,8,20,1,14,8,1,21,121.543652,25.0633629
114,08,03,11,00,2,08士林區,士林區通河街與通河街1巷口口,0,0,2,1,C03,8,6,5,30,4,1,1,5,4,5,13,3,1,10,4,5,1,15,1,28,2,7,6,1,7,9,1,10,1,11,72,1,21,121.5236591,25.07990804
114,08,03,11,29,2,09北投區,北投區北投路1段與三合街2段口口,0,0,1,1,B01,8,6,5,50,4,1,1,5,4,5,13,1,1,10,5,5,2,17,1,62,3,10,7,1,7,8,1,1,2,5,100,1,21,121.5006921,25.1262262
114,08,03,11,39,2,03中山區,中山區中山北路1段與華陰街口,0,0,1,1,C03,7,6,5,50,14,8,1,5,4,5,13,4,4,1,3,1,1,17,1,41,3,10,6,1,7,8,1,10,1,17,44,1,21,121.5211483,25.04895108
114,08,03,12,16,2,07信義區,信義區光復南路與基隆路1段364巷口,0,0,1,1,B03,7,7,5,30,3,1,1,5,4,5,13,4,4,1,4,5,2,17,1,24,3,10,7,1,7,6,1,8,1,4,118,1,21,121.5575765,25.0351195
114,08,03,12,20,2,03中山區,中山區民生東路2段與長春路137巷口,0,0,1,1,B03,7,6,5,50,3,2,1,5,4,5,13,2,1,7,5,5,2,16,1,63,3,10,7,1,7,11,1,8,1,4,103,1,22,121.5317345,25.0579858
114,08,03,12,34,2,10文山區,文山區景文街與羅斯福路6段469巷口,0,0,1,1,C03,8,6,5,30,5,1,1,5,4,5,13,2,1,10,5,5,1,16,1,44,2,9,5,1,7,6,1,10,2,14,9,1,21,121.5408858,24.9897594
114,08,03,13,27,2,09北投區,北投區永興路1段32巷與永興路1段32巷15弄口,0,0,2,1,C03,8,6,5,30,4,1,1,5,4,5,13,4,4,10,5,5,2,15,1,20,2,7,6,1,7,9,1,10,2,11,72,1,21,121.500118,25.1380625
114,08,03,13,48,2,12內湖區,內湖區南湖大橋與安康路口,0,0,1,1,F01,8,6,5,30,3,2,1,5,4,5,13,2,1,3,2,5,2,17,1,12,2,9,4,1,7,1,8,20,1,11,19,1,21,121.6109901,25.0653235
114,08,03,14,10,2,12內湖區,內湖區舊宗路1段150巷(民善街128號停車場出入口),0,0,1,1,C03,7,7,5,50,14,9,1,5,4,5,13,4,4,9,5,5,2,17,2,48,2,9,5,1,7,4,1,10,2,11,108,1,21,121.5743605,25.0614946
114,08,03,15,30,2,08士林區,士林區百齡橋往士林,0,0,4,1,C03,8,6,5,50,14,11,1,5,4,5,13,4,4,10,4,4,2,12,1,31,3,10,5,1,7,4,6,18,1,12,1,1,21,121.5144727,25.08952635
114,08,03,15,37,2,06松山區,松山區塔悠路211號,0,0,2,1,B03,8,6,5,50,14,9,1,5,4,5,13,4,4,3,4,5,2,17,1,49,3,10,3,4,7,6,1,8,2,2,9,1,22,121.569223,25.0588135
114,08,03,16,28,2,11南港區,南港區成美橋與南港路3段口,0,0,1,1,B03,7,6,5,50,14,9,1,5,4,5,13,2,1,5,4,5,2,12,1,44,3,10,3,4,7,7,1,8,1,5,100,1,21,121.582751,25.0519559
114,08,03,16,55,2,12內湖區,內湖區五分街45號,0,0,1,1,C04,7,6,5,30,4,1,1,5,4,5,13,4,4,10,5,5,2,15,1,42,2,9,6,1,7,9,1,9,2,12,72,1,21,121.6137642,25.0674807
114,08,03,17,15,2,05中正區,中正區八德路1段與新生北路1段口,0,0,1,1,B03,7,6,5,50,4,2,1,5,4,5,13,2,1,2,4,5,2,16,1,33,3,10,7,1,7,11,1,8,2,1,10,1,22,121.5323721,25.04438949
114,08,03,17,32,2,12內湖區,內湖區新明路428巷與新明路460巷口,0,0,2,1,C03,8,6,5,30,4,1,1,5,4,5,13,2,1,10,5,5,2,17,1,24,2,8,6,1,7,5,1,10,1,14,8,1,21,121.5785331,25.0542142
114,08,03,17,59,2,03中山區,中山區長安西路19巷2弄與南京西路口,0,0,2,1,B01,8,6,5,30,14,9,1,5,4,5,13,4,4,10,5,5,2,17,1,62,3,10,7,1,7,14,1,4,1,2,38,1,21,121.5205029,25.052203
114,08,03,18,33,2,08士林區,士林區基河路15號,0,0,2,1,C03,7,5,5,50,14,9,1,5,4,5,13,4,4,5,4,5,2,17,2,24,2,7,6,1,7,9,1,10,1,11,108,1,21,121.5245032,25.0868405
114,08,03,18,43,2,01大同區,大同區民生西路與延平北路2段口,0,0,1,1,B03,7,5,5,50,4,1,1,5,4,5,13,2,1,5,4,5,2,17,1,31,3,10,7,4,7,9,1,8,1,1,16,1,21,121.5119933,25.0568157
114,08,03,20,16,2,08士林區,士林區福華路與福華路128巷口,0,0,1,1,B01,7,5,5,50,3,2,1,5,4,5,13,4,4,10,4,5,2,13,1,69,3,10,7,1,7,9,1,4,1,1,16,1,21,121.5227842,25.1028287
114,08,03,20,59,2,03中山區,中山區中山北路2段11巷與南京東路1段13巷口,0,0,1,1,C03,7,5,5,30,4,1,1,5,4,5,13,4,4,10,5,5,2,15,1,22,2,9,3,4,7,9,1,10,2,12,72,1,21,121.5236495,25.05266662
114,08,03,21,59,2,01大同區,大同區延平北路2段217號,0,0,1,1,A02,7,5,5,50,14,9,1,5,4,5,13,4,4,5,4,5,2,9,1,48,3,10,7,4,7,14,1,2,1,6,40,1,21,121.5115299,25.0602087
114,08,03,22,00,2,05中正區,中正區鄭州路與重慶北路1段口往東,0,0,1,1,B03,7,5,5,40,4,1,1,5,4,5,13,1,1,10,4,5,2,16,1,32,2,9,7,4,7,8,1,8,1,7,100,1,22,121.5209162,25.04790577
114,08,03,22,03,2,05中正區,中正區中山北路1段與市民大道2段口,0,0,1,1,C03,7,5,5,50,4,1,1,5,4,5,13,1,1,10,4,5,2,16,1,47,3,10,6,4,7,6,6,10,11,13,9,1,22,121.5208454,25.04790204
114,08,03,23,16,2,03中山區,中山區中山北路3段與民族西路口,0,0,2,1,C03,7,5,5,50,4,2,1,5,4,5,13,1,1,1,4,5,2,12,1,21,2,9,3,4,7,7,1,10,1,14,100,1,21,121.5227631,25.06804497
114,08,04,01,42,2,12內湖區,內湖區康寧路3段與東湖路口,0,0,1,1,B13,8,5,5,50,3,1,1,2,4,5,13,2,1,1,4,5,2,18,1,39,3,10,7,1,7,6,1,2,1,17,44,1,21,121.6123075,25.0688066
114,08,04,03,41,2,01大同區,大同區民生西路249號,0,0,2,1,F01,7,5,5,50,14,9,1,5,4,5,13,4,4,5,4,5,2,17,2,60,2,9,4,4,7,8,8,20,2,13,99,1,21,121.5140532,25.056818
114,08,04,07,01,2,06松山區,松山區北寧路與無名巷口,0,0,1,1,B03,7,6,5,50,3,1,1,5,4,5,13,4,4,8,3,5,2,12,2,64,3,10,7,1,7,5,1,8,1,4,8,1,21,121.5527163,25.0506665
114,08,04,07,17,2,02萬華區,萬華區桂林路與環河南路2段口,0,0,1,1,B03,8,6,5,50,4,1,1,5,4,5,13,2,1,9,4,4,2,16,1,68,3,10,3,4,7,5,1,8,2,1,71,1,22,121.4969285,25.0383846
114,08,04,07,23,2,10文山區,文山區光輝路與光輝路21巷口,0,0,1,1,C03,7,6,5,50,14,9,2,5,4,5,13,4,4,5,5,5,2,17,1,23,2,9,5,4,7,9,1,10,1,11,16,1,21,121.5549128,24.9858257
114,08,04,07,25,2,05中正區,中正區重慶南路3段與重慶南路3段27巷口口,0,0,2,1,C03,7,6,5,50,3,1,1,5,4,5,13,4,4,1,4,5,2,16,1,52,2,6,5,1,7,9,1,10,1,11,44,1,21,121.5157344,25.0285239
114,08,04,07,34,2,12內湖區,內湖區新明路與南京東路6段368巷口,0,0,2,1,C03,8,5,5,50,3,1,1,5,4,5,13,1,1,5,4,5,2,16,1,45,2,7,5,1,7,5,1,10,1,12,71,1,21,121.5871214,25.0580126
114,08,04,07,46,2,06松山區,松山區八德路4段與吉祥路口,0,0,1,1,B03,7,6,5,50,4,2,1,5,4,5,13,1,1,8,3,5,2,13,1,50,3,10,3,4,7,9,1,8,1,5,16,1,21,121.5628224,25.04873303
114,08,04,07,46,2,09北投區,北投區行義路與行義路260巷口,0,0,1,1,C03,7,6,5,50,3,1,1,5,4,5,13,4,4,5,4,5,2,13,2,66,2,9,5,1,7,9,1,10,1,11,108,1,21,121.5287198,25.13623399
114,08,04,07,50,2,09北投區,北投區大度路3段與立功街口,0,0,1,1,C03,7,7,5,50,3,2,1,5,4,5,13,2,1,3,4,5,2,16,1,22,2,9,6,1,7,9,1,10,1,11,108,1,22,121.4695003,25.1231532
114,08,04,08,11,2,02萬華區,萬華區環河南路2段125巷與環河南路2段125巷7弄口,0,0,1,1,F01,8,5,5,30,3,1,1,5,4,5,13,4,4,10,5,5,2,17,1,85,2,9,4,1,7,5,8,20,1,12,74,1,21,121.4937883,25.03421899
114,08,04,08,20,2,01大同區,大同區延平北路4段與敦煌路口,0,0,2,1,C03,8,7,5,50,4,1,1,5,4,5,13,1,1,5,5,5,2,16,1,20,2,7,6,1,7,5,1,10,1,14,8,1,21,121.51201,25.0764199
114,08,04,08,24,2,08士林區,士林區承德路4段與劍潭路口口,0,0,1,1,B03,7,7,5,50,4,1,1,5,4,5,13,2,1,8,3,4,2,15,2,59,3,10,3,4,7,9,1,8,1,2,85,1,22,121.5234534,25.0840101
114,08,04,08,37,2,02萬華區,萬華區中華路1段與武昌街2段口,0,0,1,1,A02,8,7,5,50,4,2,1,5,4,5,13,2,1,1,4,5,2,9,1,44,3,10,3,4,7,1,1,2,11,17,44,1,21,121.5087769,25.0444848
114,08,04,08,42,2,04大安區,大安區信義路2段198巷與金華街口,0,0,1,1,C03,8,7,5,50,4,2,1,5,4,5,13,2,1,8,3,5,1,17,1,46,2,8,5,1,7,5,1,10,1,14,44,1,26,121.5315137,25.0300215
114,08,04,09,15,2,12內湖區,內湖區瑞光路451號,0,0,1,1,B01,8,6,5,50,14,9,1,5,4,5,13,4,4,5,4,5,2,17,1,51,3,10,7,1,7,1,1,4,1,8,19,1,21,121.5701701,25.07852268
114,08,04,09,22,2,02萬華區,萬華區中華路2段與南寧路口,0,0,1,1,,8,6,5,50,5,1,1,5,4,5,13,2,1,1,4,5,1,17,4,113,3,10,3,4,7,21,7,19,11,15,119,2,22,121.5065688,25.0371915
114,08,04,09,35,2,07信義區,信義區嘉興街181巷與信安街口,0,0,1,1,B01,8,7,5,50,4,2,1,5,4,5,13,2,1,9,4,5,2,12,1,65,3,10,7,1,7,9,1,1,2,4,44,1,22,121.5570661,25.0262192
114,08,04,09,40,2,12內湖區,內湖區環山路1段與環山路1段28巷口口,0,0,1,1,C03,8,6,5,30,4,1,1,5,4,5,13,2,1,5,5,5,2,17,1,48,2,8,5,1,7,6,1,10,1,12,108,1,21,121.5654831,25.0853573
114,08,04,09,42,2,04大安區,大安區忠孝東路4段248巷與忠孝東路4段216巷33弄口,0,0,1,1,C03,8,6,5,30,4,1,1,5,4,5,13,4,4,10,5,5,2,15,1,50,2,9,6,1,7,9,1,10,1,11,72,1,21,121.5540662,25.0394112
114,08,04,09,49,2,04大安區,大安區安和路1段109巷與安和路1段口,0,0,1,1,B12,8,7,5,50,4,2,1,5,4,5,13,2,1,8,3,5,1,13,1,43,2,7,7,1,7,8,1,8,1,1,100,1,26,121.5525986,25.0354405
114,08,04,10,00,2,12內湖區,內湖區民權東路6段56巷與民權東路6段56巷25弄口對面口,0,0,1,1,B03,8,6,5,50,4,2,1,5,4,5,13,4,4,10,3,5,1,16,1,56,3,10,7,1,7,6,1,8,2,2,9,1,21,121.5853403,25.0672944
114,08,04,10,05,2,12內湖區,內湖區新湖二路17號前,0,0,1,1,B01,8,7,5,50,14,9,1,5,4,5,13,4,4,9,4,5,2,16,1,61,3,10,3,4,7,11,1,8,2,4,10,1,21,121.5741925,25.0603029
114,08,04,10,25,2,08士林區,士林區至誠路1段與至誠路1段62巷口口,0,0,2,1,B03,7,7,5,50,14,9,1,5,4,5,13,3,1,8,3,5,2,12,1,28,3,10,3,4,7,9,1,8,2,1,16,1,22,121.5362292,25.1015572
114,08,04,10,30,2,05中正區,中正區金山南路1段75號,0,0,1,1,B03,7,5,5,50,14,9,1,5,4,5,13,4,4,9,4,5,2,17,1,51,3,10,7,1,7,9,1,8,2,8,108,1,21,121.5280667,25.0372075
114,08,04,10,34,2,09北投區,北投區大業路與大業路280巷口,0,0,1,1,B03,7,5,5,30,4,1,1,5,4,5,13,2,1,1,4,5,2,16,2,72,3,10,7,1,7,5,1,8,1,8,9,1,21,121.498185,25.12707934
114,08,04,11,05,2,07信義區,信義區松隆路102號,0,0,1,1,C03,8,6,5,0,14,20,1,5,4,5,13,4,4,10,5,5,2,36,2,33,2,9,5,1,7,3,1,10,1,11,18,1,21,121.5710627,25.0459571
114,08,04,11,09,2,05中正區,中正區市民大道2段與天津街口,0,0,2,1,C04,7,5,5,40,14,9,1,5,4,5,13,1,1,9,4,5,2,17,2,38,2,9,5,1,7,10,1,8,2,12,100,1,21,121.5225414,25.0478365
114,08,04,11,30,2,02萬華區,萬華區萬大路277巷與萬大路277巷37弄口,0,0,1,1,C03,8,6,5,30,4,1,1,5,4,5,13,3,1,10,5,5,2,16,2,70,2,9,5,1,7,5,1,10,1,11,72,1,21,121.5026192,25.0254833
114,08,04,11,30,2,12內湖區,內湖區成功路2段往北,0,0,1,1,C03,8,6,5,50,14,9,1,5,4,5,13,4,4,1,5,5,2,11,2,58,3,10,6,1,7,7,3,18,1,13,100,1,21,121.590967,25.0625284
114,08,04,11,38,2,12內湖區,內湖區港華街與麗山街338巷口,0,0,2,1,C03,8,6,5,50,4,1,1,5,4,1,13,4,4,5,5,5,2,17,1,74,3,10,5,1,7,9,1,10,1,12,108,1,21,121.5751261,25.08297417
114,08,04,11,50,2,07信義區,信義區吳興街156巷與吳興街156巷16弄口,0,0,2,1,C03,8,7,5,30,4,1,1,5,4,5,13,4,4,9,5,5,2,13,1,37,2,8,5,1,7,9,1,10,1,11,44,1,21,121.5611672,25.028799
114,08,04,12,28,2,08士林區,士林區社中街298巷4弄與通河西街2段116巷口,0,0,1,1,C03,7,5,5,30,4,1,1,5,4,5,13,4,4,10,5,5,1,17,2,49,3,10,5,1,7,9,1,10,1,14,72,1,21,121.507118,25.0924584
114,08,04,12,30,2,08士林區,士林區基河路與基河路口350號對面,0,0,1,1,C03,8,6,5,50,3,1,1,5,4,5,13,4,4,8,3,5,1,16,1,48,3,10,5,1,7,1,1,10,2,14,19,1,21,121.5188506,25.094713
114,08,04,12,52,2,05中正區,中正區北平西路西側停車場出入口,0,0,1,1,C03,7,7,5,30,14,9,1,5,4,5,13,4,4,9,4,5,2,16,1,24,2,8,6,1,7,5,1,10,2,14,8,1,21,121.5158984,25.0485145
114,08,04,13,28,2,10文山區,文山區木新路3段314號前,0,0,1,1,C03,7,6,5,50,14,9,1,5,4,5,13,4,4,5,4,5,2,12,1,48,3,10,3,4,7,8,1,10,1,14,100,1,26,121.5557396,24.9804763
114,08,04,13,45,2,12內湖區,內湖區成功路4段182巷6弄37號,0,0,3,1,C04,6,6,5,50,3,1,1,4,4,5,13,4,4,10,5,5,2,3,2,37,2,9,6,1,7,9,1,8,2,11,70,1,21,121.5922556,25.0827739
114,08,04,14,00,2,07信義區,信義區松山路與松隆路口,0,0,1,1,B03,6,7,5,50,4,1,1,4,4,5,13,2,1,1,4,5,2,16,2,28,3,10,7,1,7,5,1,8,1,2,8,1,21,121.5777237,25.04806
114,08,04,14,10,2,06松山區,松山區民權東路3段160巷與敦化北路244巷口,0,0,2,1,C03,7,6,5,30,5,1,1,5,4,5,13,4,4,10,5,5,2,15,2,51,2,9,6,1,7,9,1,10,1,11,72,1,21,121.547894,25.0609346
114,08,04,14,39,2,02萬華區,萬華區環河南路1段348巷與桂林路口,0,0,2,1,H01,6,6,5,50,4,2,1,4,4,5,13,2,1,1,4,5,2,9,1,78,3,10,4,5,8,16,8,20,10,16,121,1,21,121.4962316,25.0389506
114,08,04,14,45,2,11南港區,南港區經貿二路66號,0,0,1,1,B03,7,6,5,50,14,9,1,5,4,5,13,4,4,5,5,5,2,16,1,41,3,10,3,4,7,11,1,8,1,4,10,1,21,121.6160744,25.0569051
114,08,04,15,38,2,06松山區,松山區市民大道4段與復興南路1段口,0,0,1,1,C03,6,6,5,40,4,1,1,4,4,5,13,2,1,3,4,5,2,17,2,20,2,9,6,4,7,9,1,10,2,11,44,1,22,121.543884,25.0449744
114,08,04,15,41,2,06松山區,松山區市民大道4段251號,0,0,1,1,B03,8,5,5,40,14,6,1,5,4,5,13,4,4,1,3,5,2,17,2,55,3,10,3,4,7,1,1,8,1,17,72,1,21,121.5540882,25.0445015
114,08,04,16,13,2,09北投區,北投區石牌路2段與振興街口口,0,0,1,1,B03,8,6,5,50,4,1,1,5,4,5,13,1,1,10,5,5,2,13,1,68,3,10,7,1,7,9,1,8,1,1,108,1,21,121.5214996,25.1190883
114,08,04,16,42,2,03中山區,中山區內湖路1段與堤頂大道2段口,0,0,1,1,C03,8,6,5,50,14,9,1,5,4,5,13,4,4,1,4,5,2,17,1,23,3,10,6,4,7,7,1,10,2,17,100,1,21,121.5599484,25.0847674
114,08,04,17,30,2,09北投區,北投區承德路6段與河美街口,0,0,1,1,B03,8,6,5,50,4,1,1,5,4,5,13,1,1,5,2,5,2,16,1,39,3,10,7,1,7,6,1,8,2,5,9,1,21,121.5126747,25.0989653
114,08,04,17,34,2,09北投區,北投區中央北路2段與中央北路2段350巷口,0,0,2,1,C03,6,5,5,50,3,2,1,4,4,5,13,2,1,5,4,5,2,13,1,58,2,9,5,1,7,9,1,10,1,12,16,1,21,121.4884171,25.1384247