發生年度,發生月,發生日,發生時-Hours,發生分,處理別-編號,區序,肇事地點,死亡人數,2-30日死亡人數,受傷人數,當事人序號,車種,天候,光線,道路類別,速限-速度限制,道路型態,事故位置,路面狀況1,路面狀況2,路面狀況3,道路障礙1,道路障礙2,號誌1,號誌2,車道劃分-分向,車道劃分-分道1,車道劃分-分道2,車道劃分-分道3,事故類型及型態,性別,年齡,受傷程度,主要傷處,保護裝置,行動電話,車輛用途,當事者行動狀態,駕駛資格情形,駕駛執照種類,飲酒情形,車輛撞擊部位1,肇因碼-個別,個人肇逃否,職業,座標-X,座標-Y
114,08,04,17,40,2,04大安區,大安區和平東路3段464巷與和平東路3段口,0,0,1,1,B03,8,7,5,50,4,2,1,5,4,5,13,2,1,8,3,5,1,16,1,78,3,10,7,1,7,5,1,8,1,1,71,1,21,121.5600879,25.0170521
114,08,04,17,49,2,01大同區,大同區民生西路與重慶北路2段口口,0,0,1,1,B13,7,5,5,50,5,1,1,5,4,5,13,2,1,9,4,4,2,13,1,66,3,10,7,1,7,1,1,8,2,1,108,1,21,121.5138514,25.0570153
114,08,04,18,32,2,02萬華區,萬華區桂林路與桂林路57巷口,0,0,1,1,F03,7,5,5,50,3,2,1,5,4,5,13,4,4,9,4,5,2,13,1,16,2,9,3,4,7,9,8,20,1,11,108,1,22,121.5030172,25.0381168
114,08,04,19,08,2,05中正區,中正區中正橋往永和上橋處,0,0,1,1,C03,8,5,5,50,14,9,1,5,4,5,13,4,4,1,4,5,2,13,1,44,2,9,5,1,7,9,1,10,1,11,16,1,21,121.5167476,25.02296284
114,08,04,19,18,2,01大同區,大同區民權西路與大龍街口,0,0,2,1,C03,7,5,5,50,5,4,1,5,4,5,13,1,1,1,5,5,2,13,1,33,2,9,6,1,7,9,1,10,1,11,108,1,21,121.5162648,25.0630333
114,08,04,19,44,2,11南港區,南港區經貿二路與經貿二路88巷口口,0,0,1,1,B03,6,5,5,50,3,18,1,4,4,5,13,2,1,3,4,5,2,3,1,60,3,10,7,1,7,5,1,8,1,5,70,1,21,121.6169337,25.0576602
114,08,04,20,09,2,06松山區,松山區八德路4段761號,0,0,1,1,B03,6,5,5,30,14,9,1,4,4,5,13,2,1,4,3,5,2,17,1,35,3,10,7,1,7,11,1,8,1,4,10,1,22,121.5777437,25.0509318
114,08,04,20,40,2,09北投區,北投區大度路往淡水方向9.0 km處,0,0,1,1,C03,7,5,5,50,14,12,1,5,4,5,13,4,4,1,4,4,1,13,1,34,3,10,5,1,7,9,1,10,1,11,16,1,21,121.4849605,25.1222
114,08,04,21,05,2,07信義區,信義區吳興街220巷與吳興街220巷59弄口,0,0,1,1,B03,7,5,5,50,3,1,1,5,4,5,13,2,1,5,5,5,2,16,1,54,3,10,3,4,7,6,1,8,1,2,9,1,22,121.5616236,25.0265881
114,08,04,21,08,2,01大同區,大同區市民大道1段(Y3停車場出入口),0,0,2,1,B03,7,5,5,40,14,9,1,5,4,5,13,4,4,1,4,5,2,17,1,27,3,10,7,4,7,6,1,8,1,2,9,1,21,121.5185091,25.0486722
114,08,04,21,40,2,10文山區,文山區木柵路5段路燈0706973號,0,0,1,1,C03,7,5,5,50,11,9,1,5,4,5,13,4,4,5,4,5,1,12,1,52,3,10,5,1,7,4,1,10,1,12,108,1,21,121.5869507,25.0030814
114,08,04,21,45,1,09北投區,北投區大度路與中央北路2段257巷口,1,0,0,1,C03,7,5,5,50,14,9,1,5,4,5,13,4,4,1,4,5,1,19,2,47,1,9,5,1,7,9,1,10,8,12,21,1,21,121.4867196,25.122094
114,08,04,22,05,2,03中山區,中山區中山北路2段與錦西街口,0,0,3,1,C03,8,5,5,50,4,1,1,5,4,5,13,1,1,1,4,5,2,13,2,18,2,9,6,1,7,9,1,10,1,11,108,1,21,121.5228855,25.0606109
114,08,04,22,12,2,04大安區,大安區忠孝東路4段與復興南路1段口,0,0,1,1,B12,7,5,5,50,4,2,1,5,4,5,13,2,1,3,5,5,2,17,1,38,4,11,3,4,7,3,7,19,11,3,18,2,22,121.5439442,25.0417569
114,08,04,22,45,2,08士林區,士林區故宮路與故宮路34巷口,0,0,1,1,C03,8,6,5,30,4,1,1,5,4,5,13,1,1,1,4,5,2,13,1,42,3,10,6,1,7,5,1,10,1,17,8,1,21,121.5471079,25.0967843
114,08,04,23,17,2,10文山區,文山區木柵路1段與辛亥路6段口,0,0,1,1,B03,7,5,5,50,4,1,1,5,4,5,13,1,1,10,5,5,2,16,2,48,3,10,7,1,7,5,1,8,1,1,71,1,21,121.5524034,24.9878795
114,08,04,23,54,2,02萬華區,萬華區西園路1段與大理街口,0,0,1,1,B01,7,5,5,30,4,1,4,5,4,5,13,4,4,5,4,5,2,17,1,44,3,10,7,1,7,9,1,4,1,4,72,1,21,121.4993806,25.0344945
114,08,05,02,33,2,12內湖區,內湖區民權隧道出口南向北一百公尺處,0,0,1,1,C03,7,5,5,50,14,7,1,5,4,5,13,4,4,1,4,4,2,13,2,48,2,9,5,1,7,9,1,10,1,11,108,1,21,121.6041492,25.0708691
114,08,05,03,13,2,02萬華區,萬華區漢口街2段90巷與漢口街2段90巷8弄口,0,0,1,1,F03,7,5,5,30,4,1,1,5,4,5,13,4,4,10,5,5,1,17,2,64,3,10,3,4,7,9,8,20,9,12,75,1,22,121.5042197,25.0458086
114,08,05,05,40,2,03中山區,中山區新生北路1段與長安東路2段口,0,0,1,1,B03,8,5,5,50,4,1,1,5,4,5,13,1,1,1,4,5,2,15,1,72,3,10,3,4,7,9,1,8,2,1,81,1,21,121.52979,25.0482637
114,08,05,05,55,2,07信義區,信義區永吉路30巷與忠孝東路5段71巷11弄口,0,0,1,1,C03,8,6,5,30,4,1,1,5,4,5,8,4,4,9,5,5,1,15,1,35,2,9,5,4,7,9,1,10,2,14,72,1,21,121.5686972,25.0419478
114,08,05,07,23,2,04大安區,大安區新生南路3段96-5號,0,0,1,1,B01,8,6,5,50,14,9,1,5,4,5,13,2,1,1,4,5,2,12,1,59,3,10,7,1,7,8,1,4,1,5,100,1,21,121.5333585,25.0173215
114,08,05,07,27,2,04大安區,大安區光復南路286號前,0,0,1,1,C03,8,7,5,50,14,9,1,5,4,5,13,2,1,8,3,5,1,17,1,58,3,10,5,1,7,1,1,10,1,17,108,1,26,121.5575587,25.0394364
114,08,05,07,48,2,03中山區,中山區龍江路與合江街61巷口,0,0,1,1,C03,8,6,5,30,4,1,1,5,4,5,13,4,4,10,5,5,2,15,1,62,2,8,5,1,7,9,1,10,1,14,72,1,21,121.5406596,25.05737538
114,08,05,07,50,2,03中山區,中山區渭水路28號,0,0,1,1,B03,8,7,5,40,14,8,1,5,4,5,13,4,4,9,5,5,2,17,1,56,3,10,3,1,7,13,1,8,1,4,40,1,21,121.5341726,25.0456476
114,08,05,07,56,2,12內湖區,內湖區成功路2段312巷4號,0,0,1,1,B03,8,7,5,30,14,9,1,5,4,5,13,4,4,10,5,5,2,9,1,34,3,10,7,1,7,9,1,8,2,5,108,1,21,121.5901914,25.0669187
114,08,05,08,02,2,06松山區,松山區健康路與塔悠路口,0,0,4,1,C03,8,6,5,40,3,2,1,5,4,5,13,2,1,1,4,4,2,17,1,43,2,9,5,1,7,9,1,10,1,11,108,1,21,121.5696829,25.0546958
114,08,05,08,22,2,08士林區,士林區天母西路與天母西路95巷口,0,0,1,1,B03,8,6,5,50,4,1,1,5,4,5,13,1,1,4,5,5,1,17,1,41,3,10,7,1,7,5,1,8,1,1,71,1,21,121.5243333,25.1186075
114,08,05,08,30,2,04大安區,大安區忠孝東路4段與大安路1段口,0,0,1,1,C03,8,7,8,50,4,2,1,5,4,5,13,2,1,8,3,4,1,12,1,24,2,9,5,1,7,10,1,10,1,12,100,1,21,121.5461644,25.0414751
114,08,05,08,30,2,12內湖區,內湖區堤頂大道1段與民權東路6段口口,0,0,1,1,B12,8,5,5,50,3,1,1,5,4,5,13,1,1,1,4,5,2,17,1,53,3,10,7,1,7,8,1,6,1,7,100,1,21,121.5722678,25.0649013
114,08,05,08,35,2,12內湖區,內湖區內湖路1段663號,0,0,1,1,B03,8,7,5,50,14,9,1,5,4,5,13,4,4,1,4,5,1,17,1,32,3,10,7,1,7,14,1,8,1,2,40,1,21,121.575693,25.0799806
114,08,05,08,42,2,04大安區,大安區基隆路4段與臥龍街口,0,0,1,1,C03,8,6,5,50,12,9,1,5,4,5,13,4,4,1,4,5,2,13,1,26,3,10,6,1,7,8,1,10,1,11,16,1,21,121.5481502,25.0203321
114,08,05,08,55,2,05中正區,中正區寧波西街與南昌路1段口,0,0,1,1,C03,8,7,5,50,4,1,1,5,4,5,13,1,1,10,4,5,2,17,1,43,3,10,5,1,7,6,1,9,1,12,9,1,22,121.5175229,25.030673
114,08,05,08,56,2,11南港區,南港區研究院路2段150巷與研究院路2段口,0,0,2,1,H01,8,6,5,50,3,2,1,5,4,3,13,3,1,5,5,5,2,3,2,71,2,9,4,5,8,16,8,20,1,16,121,1,21,121.6174578,25.0384393
114,08,05,09,04,2,11南港區,南港區中南街123巷與中南街口,0,0,1,1,C03,8,6,5,30,4,1,1,5,4,5,13,2,1,10,5,5,2,16,1,24,2,9,5,1,7,9,1,10,1,11,44,1,22,121.6152194,25.052124
114,08,05,09,06,2,08士林區,士林區至善路2段與故宮路口,0,0,1,1,B01,8,6,5,30,4,1,1,5,4,5,13,1,1,3,4,5,1,13,1,46,3,10,7,1,7,6,1,4,1,5,76,1,22,121.5466373,25.0978845
114,08,05,09,19,2,04大安區,大安區建國高架道機車專用道,0,0,2,1,C03,7,6,5,40,14,11,1,5,4,4,13,4,4,3,5,5,2,17,2,46,2,8,6,4,7,9,1,10,1,11,16,1,22,121.5359203,25.0351296
114,08,05,09,33,2,10文山區,文山區景興路202巷與景後街口,0,0,2,1,C03,8,6,5,30,4,2,1,5,4,5,13,3,1,5,5,5,2,16,2,61,2,8,6,1,7,5,1,10,2,12,72,1,21,121.5427975,24.9919601
114,08,05,09,40,2,12內湖區,內湖區舊宗路2段與陽光街口口,0,0,1,1,B03,7,6,5,50,3,2,1,5,4,5,13,4,4,5,4,5,2,17,2,44,3,10,3,4,7,6,1,8,9,2,17,1,22,121.5741841,25.072267
114,08,05,10,15,2,03中山區,中山區市民高架道往西下建國匝道,0,0,1,1,B12,7,7,5,40,14,16,1,5,4,5,13,4,4,10,4,5,2,13,2,48,3,10,7,1,7,9,1,8,1,1,16,1,21,121.5371673,25.0447454
114,08,05,10,30,2,02萬華區,萬華區長順街46巷與長順街60巷口,0,0,1,1,B12,7,7,5,30,11,9,1,5,4,5,13,4,4,10,5,5,2,16,1,30,3,10,3,4,7,6,1,8,1,2,9,1,22,121.4886626,25.0308364
114,08,05,10,56,2,10文山區,文山區木柵路1段與光輝路口,0,0,1,1,C03,8,6,5,50,3,2,1,5,4,5,13,2,1,5,4,5,2,18,1,65,2,9,3,4,7,9,1,10,2,17,42,1,22,121.5548834,24.9881287
114,08,05,11,02,2,09北投區,北投區東昇路與行義路口,0,0,1,1,B03,7,5,5,50,3,2,1,5,4,5,13,3,1,5,4,5,1,16,1,66,3,10,7,1,7,7,1,8,1,5,100,1,21,121.5232334,25.14566868
114,08,05,11,21,2,02萬華區,萬華區水源路與青年路口,0,0,1,1,B12,7,7,5,40,5,2,1,5,4,5,13,1,1,8,3,5,2,16,1,33,3,10,7,1,7,11,1,8,1,2,92,1,21,121.5041365,25.0198612
114,08,05,12,24,2,05中正區,中正區漢口街1段與博愛路口,0,0,1,1,C03,8,6,5,50,4,2,1,5,4,5,13,1,1,10,4,5,1,13,1,30,3,10,6,1,7,14,1,10,1,13,118,1,21,121.5116601,25.0451496
114,08,05,12,40,2,05中正區,中正區中山南路與忠孝東路1段口,0,0,1,1,C03,7,7,5,50,4,1,1,5,4,5,13,1,1,1,3,1,2,17,2,19,3,10,6,1,7,6,1,10,2,14,108,1,21,121.5198463,25.0455224
114,08,05,12,41,2,03中山區,中山區植福路286巷與樂群二路265巷口,0,0,1,1,B03,7,7,5,50,3,2,1,5,4,5,13,4,4,5,5,5,2,17,1,32,3,10,7,1,7,1,1,8,1,8,19,1,22,121.560231,25.0814644
114,08,05,13,10,2,08士林區,士林區中山北路4段0106074號電燈桿,0,0,1,1,C03,6,6,5,50,14,11,1,4,4,5,13,4,4,1,2,5,2,18,1,55,2,8,6,1,7,9,1,10,1,12,42,1,26,121.5251831,25.07743715
114,08,05,13,16,2,12內湖區,內湖區內湖路2段179巷234號,0,0,1,1,C03,6,5,5,50,14,9,1,4,4,5,13,4,4,5,4,5,2,13,1,31,3,10,6,1,7,9,1,10,9,11,108,1,21,121.5844829,25.0844272
114,08,05,14,41,2,09北投區,北投區天母西路與石牌路2段口,0,0,1,1,B03,6,7,5,50,3,1,1,4,4,5,13,3,1,1,4,5,2,13,1,51,3,10,7,1,7,9,1,8,1,1,108,1,21,121.5221592,25.1191934
114,08,05,15,01,2,02萬華區,萬華區環河南路2段與雙園街口,0,0,1,1,B03,6,7,5,50,4,2,1,4,4,5,13,1,1,1,4,5,2,17,2,50,3,10,7,1,7,6,1,8,1,17,9,1,21,121.4913734,25.0319666
114,08,05,15,13,2,05中正區,中正區汀州路2段335號,0,0,1,1,C03,6,7,5,50,14,9,1,4,4,5,13,4,4,5,5,5,2,17,1,37,3,10,5,1,7,9,1,10,1,14,94,1,22,121.5251553,25.0212641
114,08,05,15,16,2,06松山區,松山區光復北路與光復北路165巷口,0,0,1,1,B02,6,5,5,50,3,2,1,4,4,5,13,2,1,4,3,5,2,13,1,27,3,10,3,4,7,1,1,8,1,5,108,1,21,121.5554748,25.0571201
114,08,05,15,18,2,04大安區,大安區基隆路2段與和平東路3段口,0,0,1,1,C03,6,6,5,50,14,9,1,4,4,5,13,2,1,1,3,5,2,16,1,68,3,10,6,1,7,9,1,10,11,12,108,2,21,121.5526273,25.0245367
114,08,05,15,26,2,06松山區,松山區松河街168號,0,0,1,1,B03,7,6,5,40,14,9,1,5,4,5,13,4,4,9,4,5,2,17,2,60,3,10,7,1,7,5,1,8,1,1,8,1,21,121.5763065,25.0512908
114,08,05,15,55,2,05中正區,中正區重慶南路1段與開封街1段口,0,0,2,1,B01,6,7,5,50,4,2,1,4,4,5,13,1,1,10,4,5,2,17,1,63,3,10,7,1,7,14,1,4,1,3,38,1,21,121.5131968,25.0457546
114,08,05,16,14,2,03中山區,中山區農安街58-1號,0,0,1,1,B02,6,7,5,50,14,9,1,4,4,5,13,4,4,10,5,5,2,17,1,35,3,10,7,1,7,15,3,18,1,8,40,1,21,121.5285428,25.06481281
114,08,05,16,41,2,03中山區,中山區市民大道2段65號,0,0,1,1,B03,7,7,5,40,14,9,1,4,4,5,13,4,4,10,4,5,2,17,1,41,3,10,7,1,7,8,1,8,1,17,100,1,21,121.5292982,25.04649012
114,08,05,16,50,2,10文山區,文山區新光路1段35號,0,0,1,1,C03,6,7,5,50,14,9,1,4,4,5,13,4,4,9,5,5,2,13,1,51,3,10,5,1,7,9,1,10,1,11,108,1,21,121.5737615,24.9895093
114,08,05,17,40,2,03中山區,中山區北安路47號,0,0,1,1,B03,7,7,5,50,22,9,1,4,4,5,13,4,4,1,4,5,2,16,2,53,3,10,7,1,7,5,1,8,1,5,8,1,21,121.5287402,25.0779629
114,08,05,18,05,2,11南港區,南港區經貿二路與經貿二路62巷口,0,0,1,1,B01,7,5,5,50,3,1,1,4,4,5,13,1,1,1,4,5,2,16,1,59,3,10,3,4,7,6,6,18,2,5,9,1,21,121.616607,25.0569072
114,08,05,18,08,2,09北投區,北投區天母西路與天母西路101巷口,0,0,1,1,B03,6,5,5,50,3,1,1,4,4,5,13,4,4,5,4,5,2,13,1,61,3,10,7,1,7,9,1,8,1,5,44,1,21,121.5239415,25.1187131
114,08,05,18,21,2,06松山區,松山區健康路15巷與光復北路190巷口,0,0,1,1,B03,7,5,5,30,3,1,1,4,4,5,13,4,4,8,3,5,2,16,1,20,3,10,3,4,7,5,1,8,2,5,72,1,22,121.5529132,25.0544322
114,08,05,18,24,2,07信義區,信義區東興路65號,0,0,1,1,B03,7,5,5,50,14,9,1,4,4,3,13,4,4,1,5,5,2,17,2,56,3,10,3,4,7,1,1,8,1,4,19,1,22,121.5664143,25.0470762
114,08,05,18,25,2,03中山區,中山區市民大道3段與復興南路口側附近1段口,0,0,1,1,C03,7,5,5,40,4,1,1,5,4,5,13,1,1,1,4,5,2,17,1,24,2,8,3,4,7,5,1,9,1,14,8,1,21,121.5436354,25.04485811
114,08,05,18,53,2,05中正區,中正區忠孝東路1段12號,0,0,2,1,B03,7,5,5,50,14,9,1,4,4,5,13,4,4,1,4,5,2,17,1,69,3,10,7,1,7,7,1,8,2,17,100,1,21,121.5222843,25.0449848
114,08,05,19,07,2,03中山區,中山區中山北路3段美術館,0,0,2,1,C03,7,5,5,50,14,9,1,5,4,5,13,4,4,1,4,5,2,17,1,27,3,10,5,1,7,9,1,10,1,11,108,1,22,121.5239591,25.07193825
114,08,05,19,11,2,12內湖區,內湖區新明路460巷與新明路428巷口,0,0,2,1,C03,7,5,5,30,4,1,1,4,4,5,13,1,1,10,5,5,1,16,1,35,2,9,3,4,7,5,1,10,1,14,8,1,21,121.5785214,25.0542474
114,08,05,19,43,2,04大安區,大安區和平東路2段與和平東路2段311巷口,0,0,3,1,C03,8,6,5,50,3,1,1,5,4,5,13,2,1,1,4,5,2,17,1,22,2,9,6,1,7,5,1,10,2,11,99,1,21,121.545118,25.02483562
114,08,05,20,47,2,01大同區,大同區大龍街與民權西路口,0,0,1,1,B12,8,5,5,50,5,1,1,5,4,5,13,4,4,5,5,5,2,16,1,51,3,10,7,1,7,6,1,8,1,2,9,1,21,121.5159473,25.0630673
114,08,05,21,04,2,09北投區,北投區中和街373號,0,0,1,1,C03,7,5,5,50,14,9,1,5,4,5,13,4,4,9,5,5,2,13,2,54,2,9,3,4,7,9,1,10,1,11,108,1,22,121.4986731,25.1423152
114,08,05,21,39,2,04大安區,大安區信義路4段199巷與安和路1段102巷口,0,0,1,1,B03,7,5,5,30,4,1,1,5,4,5,13,4,4,5,2,5,2,15,1,42,3,10,7,1,7,9,1,10,1,2,75,1,21,121.5516219,25.0343225
114,08,05,22,05,2,03中山區,中山區建國北路3段與民權東路3段口榮星花園公車站旁,0,0,1,1,C03,7,5,5,50,5,2,1,5,4,5,13,2,1,8,3,4,1,17,1,75,2,1,5,1,6,9,1,10,1,11,108,1,21,121.5373052,25.0627954
114,08,05,22,18,2,03中山區,中山區長安東路1段77巷與林森北路85巷口,0,0,1,1,B03,8,5,5,30,4,1,1,5,4,5,13,4,4,5,5,5,2,15,1,29,3,10,3,4,7,9,1,8,1,1,72,1,22,121.5283191,25.0489849
114,08,05,22,51,2,10文山區,文山區萬美街1段19巷與萬美街1段口,0,0,1,1,E01,7,5,5,40,3,2,1,5,4,5,13,4,4,10,5,5,2,16,1,33,3,10,3,4,7,6,1,8,1,2,9,1,27,121.5686194,25.0024174
114,08,05,22,54,2,04大安區,大安區敦化南路1段與敦化南路1段160巷口,0,0,1,1,B03,8,5,5,30,3,1,1,5,4,5,13,3,1,9,3,5,2,17,1,48,3,10,7,1,7,6,1,8,1,8,72,1,21,121.548616,25.043518
114,08,05,22,58,2,02萬華區,萬華區中華路1段與成都路口,0,0,2,1,C03,7,5,5,50,4,1,1,5,4,5,13,2,1,1,4,1,2,17,1,15,2,9,5,1,7,5,2,18,2,12,96,1,21,121.5081329,25.0422446
114,08,05,23,03,2,04大安區,大安區大安路2段與瑞安街23巷口,0,0,2,1,C03,7,5,5,50,4,2,1,4,4,5,13,2,1,5,4,5,1,17,1,60,2,8,3,4,7,5,1,10,1,12,74,1,21,121.5460396,25.0310332
114,08,05,23,51,2,10文山區,文山區興隆路3段286號,0,0,1,1,B03,8,5,5,50,14,9,1,5,4,5,13,4,4,1,4,5,2,17,2,38,2,9,7,1,7,15,1,8,2,5,108,1,21,121.5597889,24.9957236
114,08,06,01,08,2,07信義區,信義區光復南路與市民大道5段口,0,0,1,1,C03,7,5,5,50,5,2,1,5,4,5,13,2,1,10,5,5,2,13,1,48,3,10,5,4,7,6,1,10,1,13,9,1,21,121.5578864,25.0450363
114,08,06,01,50,2,05中正區,中正區忠孝東路1段12號,0,0,1,1,C03,7,5,5,50,14,9,1,5,4,5,13,4,4,1,4,5,2,17,1,26,2,9,6,3,7,9,1,10,2,11,108,1,22,121.5222642,25.0449558
114,08,06,02,50,2,12內湖區,內湖區行善路5號與堤頂大道1段南口,0,0,1,1,C04,7,5,5,50,14,7,1,5,3,5,13,4,4,1,3,1,1,18,1,40,2,9,3,4,7,9,1,8,1,11,108,1,21,121.5749147,25.0554643
114,08,06,06,40,2,10文山區,文山區木新路3段與中崙路口口,0,0,1,1,F01,8,7,5,30,3,1,1,5,4,5,13,4,4,10,5,5,2,15,2,72,2,7,4,1,7,9,8,20,1,14,72,1,21,121.5648741,24.9827077
114,08,06,07,21,2,02萬華區,萬華區忠孝西路2段與西寧南路口,0,0,3,1,C03,8,6,8,50,4,1,1,5,4,5,13,1,1,2,4,4,2,17,2,35,2,9,5,1,7,7,3,18,1,12,101,1,21,121.5076412,25.0485012
114,08,06,07,55,2,05中正區,中正區金山南路1段與齊東街口,0,0,2,1,C03,8,5,5,50,5,2,1,5,4,5,13,4,4,10,5,5,2,17,2,61,2,9,6,1,7,9,1,10,1,11,16,1,21,121.5296242,25.04266954
114,08,06,07,57,2,04大安區,大安區臨江街與基隆路2段口,0,0,2,1,C03,8,7,8,30,3,2,1,5,4,5,13,4,4,10,5,5,2,17,2,59,3,10,5,1,7,6,1,10,9,11,9,1,21,121.5572357,25.0294417
114,08,06,08,05,2,05中正區,中正區寶慶路69號,0,0,1,1,C03,8,6,5,50,14,9,1,5,4,5,13,4,4,10,4,5,1,13,2,53,2,8,6,1,7,9,1,10,2,11,108,1,22,121.5089722,25.0419004
114,08,06,08,13,2,10文山區,文山區興隆路2段與興隆路2段244巷口,0,0,2,1,C03,8,6,5,50,3,1,1,5,4,5,13,4,4,1,4,5,2,12,1,57,3,10,6,1,7,7,1,10,2,14,100,1,21,121.553878,25.0011377
114,08,06,08,14,2,09北投區,北投區新興路152巷與崗山路5巷口,0,0,2,1,B03,8,6,5,30,3,1,1,5,4,5,10,4,4,10,5,5,2,16,1,20,3,10,7,1,7,5,1,8,1,1,72,1,21,121.4862261,25.1400295
114,08,06,08,20,2,07信義區,信義區中坡南路168巷與福德街232巷16弄口,0,0,2,1,C03,8,6,5,30,14,9,1,5,4,5,13,2,1,10,5,5,2,17,1,30,2,8,5,1,7,5,1,10,11,12,8,1,21,121.5842774,25.039396
114,08,06,08,25,2,08士林區,士林區中山北路4段與通河街口,0,0,3,1,C03,8,6,5,50,3,1,1,5,4,5,13,1,1,2,2,5,2,16,1,25,2,9,6,1,7,6,1,10,1,12,9,1,26,121.5242316,25.0799252
114,08,06,08,34,2,10文山區,文山區興隆路3段與興隆路3段255巷口,0,0,1,1,C03,8,6,5,50,4,2,1,5,4,5,13,1,1,3,4,4,2,12,2,70,2,9,6,1,7,9,1,10,1,14,17,1,21,121.5587423,24.9926517
114,08,06,08,36,2,05中正區,中正區思源街1號與思源街口,0,0,1,1,C03,8,6,5,50,3,1,1,5,4,5,13,1,1,1,4,5,1,17,2,64,3,10,6,1,7,9,1,10,2,12,81,1,21,121.530631,25.0135648
114,08,06,08,42,2,04大安區,大安區基隆路3段155巷25號前,0,0,2,1,C04,8,7,5,30,14,9,1,5,4,5,13,4,4,4,1,5,1,12,1,35,2,7,5,1,7,15,1,10,1,14,8,1,21,121.5440123,25.0139147
114,08,06,08,46,2,04大安區,大安區建國南路1段與仁愛路3段口,0,0,1,1,C03,8,6,5,50,14,9,1,5,4,5,13,2,1,1,4,5,2,13,1,27,2,8,6,1,7,9,1,10,1,11,44,1,21,121.5380361,25.0378761
114,08,06,08,47,2,02萬華區,萬華區康定路與桂林路口,0,0,2,1,C03,8,6,5,50,4,1,1,5,4,5,13,1,1,8,3,5,1,17,1,74,2,9,5,1,7,5,1,10,1,11,71,1,21,121.5017263,25.0384164
114,08,06,08,50,2,11南港區,南港區玉成街166巷22弄與中坡南路49巷口,0,0,1,1,F01,8,6,5,50,3,2,1,5,4,5,13,4,4,5,5,5,2,17,2,71,2,8,4,1,7,5,8,20,1,11,8,1,21,121.5842999,25.0431449
114,08,06,08,55,2,06松山區,松山區塔悠路與撫遠街389巷口口,0,0,2,1,B03,8,6,5,50,4,1,1,5,4,5,13,2,1,1,4,4,2,16,1,48,3,10,7,1,7,5,1,8,2,2,71,1,21,121.5678419,25.0652458
114,08,06,09,00,2,01大同區,大同區環河北路1段與鄭州路口,0,0,1,1,F01,8,6,5,50,14,9,1,5,4,5,13,4,4,1,2,5,2,13,1,43,2,9,2,2,7,9,8,20,1,11,108,1,22,121.5066688,25.0500081
114,08,06,09,05,2,06松山區,松山區光復南路與光復南路58巷口,0,0,1,1,C03,7,6,5,50,14,9,1,5,4,5,13,4,4,1,4,5,2,12,1,30,2,9,5,1,7,7,1,10,1,14,100,1,21,121.5577064,25.0457256
114,08,06,09,07,2,03中山區,中山區樂群三路299號,0,0,1,1,B12,8,5,5,50,14,9,1,5,4,5,13,4,4,9,5,5,2,16,1,72,3,10,3,4,7,11,1,8,1,8,10,1,21,121.5594514,25.08259978
114,08,06,09,18,2,07信義區,信義區信安街與嘉興街181巷9弄口,0,0,1,1,C03,8,6,5,50,3,2,1,5,4,5,13,4,4,9,5,5,2,12,2,23,2,9,6,1,7,9,1,10,1,14,17,1,22,121.5576731,25.0264655
114,08,06,09,25,2,09北投區,北投區文林北路與文承路口,0,0,3,1,C03,8,6,5,50,4,1,1,5,4,5,13,1,1,1,4,4,2,13,1,31,2,9,6,1,7,9,1,10,1,12,108,1,21,121.5163754,25.1061892
114,08,06,09,31,2,02萬華區,萬華區環河南路1段與忠孝西路2段口,0,0,1,1,B03,8,5,5,50,3,1,1,5,4,5,13,1,1,5,4,5,2,17,1,57,3,10,7,4,7,5,1,8,1,4,74,1,21,121.5061691,25.0488294
114,08,06,09,32,2,03中山區,中山區大直橋往北,0,0,1,1,B03,8,7,5,50,14,9,1,5,4,5,13,4,4,1,2,5,2,13,1,59,3,10,7,1,7,9,1,7,1,1,108,1,21,121.5445257,25.0744142
114,08,06,10,40,2,03中山區,中山區林森北路與林森北路383巷口,0,0,2,1,C03,8,7,5,50,3,2,1,5,4,5,13,4,4,10,4,5,2,17,1,71,2,9,5,1,7,6,1,10,1,14,72,1,21,121.5255478,25.05890329
114,08,06,10,42,2,03中山區,中山區明水路581巷與樂群二路口,0,0,2,1,C03,8,6,5,50,4,1,1,5,4,5,13,1,1,1,4,5,2,16,2,30,2,9,5,4,7,5,1,10,9,12,71,1,22,121.5521481,25.0799615
114,08,06,11,06,2,12內湖區,內湖區成功路5段420巷26號旁,0,0,1,1,C03,8,7,5,30,22,9,1,5,4,5,13,4,4,9,4,5,2,17,1,74,2,9,6,1,7,1,1,10,2,14,80,1,21,121.6085437,25.0756908
114,08,06,11,23,2,05中正區,中正區開封街1段109號,0,0,1,1,B01,7,5,5,50,14,9,1,5,4,5,13,4,4,10,4,5,2,17,1,64,3,10,7,1,7,14,1,4,1,2,40,1,21,121.5101796,25.0459849
114,08,06,11,50,2,12內湖區,內湖區環東大道(東往西)601248燈桿附近,0,0,1,1,B03,8,6,5,80,14,9,1,5,4,5,13,4,4,10,3,5,1,12,2,42,2,1,7,1,7,15,1,8,1,3,16,1,21,121.5749509,25.0537381