發生年度,發生月,發生日,發生時-Hours,發生分,處理別-編號,區序,肇事地點,死亡人數,2-30日死亡人數,受傷人數,當事人序號,車種,天候,光線,道路類別,速限-速度限制,道路型態,事故位置,路面狀況1,路面狀況2,路面狀況3,道路障礙1,道路障礙2,號誌1,號誌2,車道劃分-分向,車道劃分-分道1,車道劃分-分道2,車道劃分-分道3,事故類型及型態,性別,年齡,受傷程度,主要傷處,保護裝置,行動電話,車輛用途,當事者行動狀態,駕駛資格情形,駕駛執照種類,飲酒情形,車輛撞擊部位1,肇因碼-個別,個人肇逃否,職業,座標-X,座標-Y
114,08,09,23,25,2,10文山區,文山區樟新街65號,0,0,1,1,C03,8,5,5,30,14,9,2,5,4,5,13,4,4,10,5,5,2,17,1,18,2,9,5,4,7,9,1,10,1,12,108,1,21,121.5569082,24.97780038
114,08,09,23,48,2,10文山區,文山區景豐街37巷7弄與景豐街31巷口,0,0,1,1,B01,8,5,5,30,4,1,1,5,4,5,13,4,4,10,5,5,2,15,1,47,3,10,7,1,7,9,1,4,1,4,72,1,21,121.5454851,25.0000019
114,08,10,00,42,2,11南港區,南港區中坡南路5號,0,0,2,1,C03,7,5,5,40,14,8,1,5,4,5,13,4,4,4,3,4,2,14,1,76,2,7,5,1,7,2,1,10,1,13,44,1,21,121.5825928,25.0439847
114,08,10,00,58,2,04大安區,大安區和平東路3段與和平東路3段512巷口,0,0,1,1,B03,8,5,5,50,4,1,1,5,4,5,13,2,1,5,5,5,2,13,1,20,3,10,7,1,7,9,1,8,1,1,108,1,22,121.5610212,25.0156179
114,08,10,08,45,2,02萬華區,萬華區廣州街237號,0,0,2,1,H01,8,5,5,50,14,9,1,5,4,5,13,4,4,9,5,5,2,3,1,35,2,7,4,5,8,16,8,20,10,16,53,1,21,121.4984597,25.0367785
114,08,10,08,55,2,11南港區,南港區忠孝東路7段與興中路口,0,0,2,1,C03,8,7,5,50,4,2,1,5,4,5,13,2,1,1,4,5,2,13,1,44,2,9,6,1,7,9,1,10,2,11,108,1,21,121.6081467,25.0523063
114,08,10,11,23,2,09北投區,北投區泉源路與無名巷口,0,0,1,1,B03,8,7,5,30,3,1,1,5,4,5,13,4,4,9,5,5,2,16,1,63,3,10,7,1,7,11,1,8,2,8,72,1,22,121.5087706,25.1411084
114,08,10,11,24,2,04大安區,大安區愛國東路與愛國東路210巷口,0,0,1,1,B03,8,6,5,50,4,1,1,5,4,5,13,2,1,1,3,4,2,16,1,56,3,10,7,1,7,5,1,8,1,6,74,1,21,121.5240243,25.032054
114,08,10,11,30,2,06松山區,松山區健康路與光復北路口口,0,0,1,1,C03,7,6,5,50,3,1,1,5,4,5,13,2,1,4,3,5,2,17,1,24,2,9,6,1,7,8,1,10,1,11,100,1,22,121.5567144,25.0534418
114,08,10,11,35,2,07信義區,信義區永吉路30巷168弄與永吉路30巷口,0,0,1,1,B03,8,7,5,30,4,1,1,5,4,5,13,4,4,9,4,5,2,15,2,77,3,10,7,1,7,9,1,8,1,4,44,1,22,121.5687335,25.0419499
114,08,10,12,04,2,05中正區,中正區中正橋上橋處(往新北市方向),0,0,1,1,A41,8,6,5,50,14,9,1,3,4,5,13,4,4,3,4,4,1,17,1,23,3,10,3,4,7,9,1,1,11,17,34,2,21,121.5167703,25.0227749
114,08,10,12,07,2,05中正區,中正區中正橋往永和上橋處,0,0,1,1,B03,8,6,5,50,14,9,1,5,4,5,13,4,4,1,4,5,2,12,2,55,3,10,7,1,7,8,1,4,1,2,100,1,21,121.5167498,25.0228892
114,08,10,12,10,2,02萬華區,萬華區桂林路244巷與環河南路2段130巷口,0,0,1,1,B03,8,7,5,30,4,1,1,5,4,5,13,4,4,10,5,5,2,15,1,35,3,10,7,1,7,9,1,8,1,1,14,1,21,121.493781,25.0371535
114,08,10,12,29,2,05中正區,中正區汀州路3段與羅斯福路4段108巷口,0,0,2,1,C03,8,6,5,50,3,1,1,5,4,5,13,4,4,5,2,5,2,15,1,66,2,8,5,1,7,1,1,10,1,11,19,1,21,121.5349167,25.0131091
114,08,10,12,30,2,03中山區,中山區雙城街10巷13號,0,0,2,1,C03,7,7,5,30,14,9,1,5,4,5,13,4,4,10,5,5,2,17,1,73,2,9,5,1,7,8,6,18,1,14,100,1,21,121.5242351,25.06418394
114,08,10,12,36,2,01大同區,大同區承德路2段與民生西路口口,0,0,1,1,C03,7,6,5,50,4,2,1,5,4,5,13,2,1,1,2,5,2,13,1,25,2,7,6,1,7,9,1,10,1,11,108,1,21,121.5182714,25.057115
114,08,10,12,40,2,05中正區,中正區辛亥車行地下道(往師大路方向),0,0,1,1,A12,8,5,5,40,7,9,1,2,4,5,13,4,4,5,2,5,1,17,1,55,3,10,7,1,7,9,1,2,11,17,37,2,21,121.5121918,25.02451812
114,08,10,12,50,2,01大同區,大同區民權西路與承德路3段口,0,0,1,1,A02,8,6,5,50,4,2,1,5,4,5,13,2,1,1,4,5,2,9,1,55,3,10,3,4,7,14,1,1,11,2,40,1,21,121.5178909,25.0628972
114,08,10,13,27,2,11南港區,南港區忠孝東路5段與永吉路口,0,0,1,1,C03,8,7,5,50,5,2,1,5,4,5,13,2,1,1,4,4,2,12,1,52,3,10,5,1,7,8,1,9,1,13,100,1,21,121.5824971,25.0452288
114,08,10,13,28,2,10文山區,文山區景中街與景美街口,0,0,2,1,C03,8,6,5,50,4,1,1,5,4,5,13,4,4,1,4,5,2,17,1,31,2,9,6,1,7,9,1,10,1,14,42,1,21,121.5416663,24.9928819
114,08,10,14,00,2,10文山區,文山區木柵路4段與木柵路4段111巷口,0,0,1,1,C03,7,6,5,50,3,2,1,4,4,5,13,2,1,10,5,5,2,17,1,54,3,10,6,1,7,9,1,10,11,17,44,1,21,121.5741628,24.9978778
114,08,10,14,10,2,05中正區,中正區新生南路1段126號,0,0,1,1,C03,6,7,5,50,14,9,1,4,4,5,13,4,4,3,3,5,2,13,2,18,2,9,5,1,7,9,1,10,2,11,108,1,25,121.532613,25.0376293
114,08,10,15,01,2,10文山區,文山區木柵路4段與和平東路4段口,0,0,1,1,C03,7,5,5,50,3,1,1,5,4,5,13,2,1,10,5,5,2,18,1,41,2,9,6,1,7,9,1,10,11,12,116,1,21,121.5745446,24.9983221
114,08,10,15,10,2,04大安區,大安區仁愛路3段與建國南路1段口,0,0,1,1,B01,6,6,5,50,4,1,1,4,4,5,13,2,1,1,4,5,2,16,1,62,3,10,7,1,7,5,1,4,1,5,85,1,21,121.5386266,25.0379011
114,08,10,15,12,2,08士林區,士林區延平北路5段與延平北路5段244巷口,0,0,2,1,C03,8,6,5,50,4,2,1,5,4,5,13,1,1,8,5,1,1,1,1,65,2,8,5,1,7,9,1,10,2,11,16,1,21,121.5098928,25.0846614
114,08,10,15,15,2,11南港區,南港區經貿二路157巷與經貿一路口,0,0,2,1,B03,8,6,5,50,3,1,1,5,4,5,13,2,1,1,4,5,2,13,1,65,2,9,3,4,7,5,1,8,2,3,42,1,21,121.617874,25.060946
114,08,10,15,16,2,07信義區,信義區松壽路1號,0,0,1,1,B03,7,6,5,50,14,9,1,5,4,5,13,4,4,5,4,5,2,16,1,46,3,10,3,4,7,6,1,8,2,5,9,1,21,121.5630802,25.0358333
114,08,10,17,00,2,07信義區,信義區信安街162號,0,0,2,1,F01,7,6,5,50,14,9,1,5,4,5,13,4,4,9,5,5,2,16,2,68,2,9,4,4,7,5,8,20,1,14,8,1,22,121.5555171,25.0235465
114,08,10,17,25,2,04大安區,大安區和平東路3段與和平東路3段228巷口,0,0,1,1,B01,7,6,5,50,4,1,1,4,4,5,13,1,1,1,4,4,2,16,1,65,3,10,7,1,7,5,1,4,1,1,71,1,21,121.5546676,25.0223225
114,08,10,17,28,2,01大同區,大同區大龍街與大龍街62巷口,0,0,2,1,B03,7,6,5,50,3,1,1,5,4,5,13,4,4,9,5,5,2,16,1,33,3,10,7,1,7,11,1,8,2,8,10,1,21,121.5160736,25.0652666
114,08,10,17,40,2,03中山區,中山區八德路2段與復興南路1段口,0,0,1,1,C03,8,7,5,50,4,1,1,5,4,5,13,2,1,7,2,5,2,17,1,31,3,10,5,1,7,6,1,10,1,17,9,1,21,121.5437955,25.0476514
114,08,10,19,21,2,09北投區,北投區大業路與大度路口,0,0,1,1,C03,8,5,5,50,5,1,1,5,4,5,13,1,1,1,2,5,2,16,1,64,2,9,5,1,7,5,6,18,2,14,8,1,22,121.499544,25.1212004
114,08,10,19,37,2,02萬華區,萬華區環河快速道路往南6011219燈桿,0,0,1,1,B12,7,5,7,60,14,16,1,5,4,5,13,4,4,1,4,5,1,17,1,50,2,1,3,4,7,9,1,8,1,1,42,1,22,121.4928024,25.037158
114,08,10,19,42,2,07信義區,信義區忠孝東路4段515號對面,0,0,1,1,B01,7,5,5,50,14,9,1,5,4,5,13,4,4,6,5,5,2,17,1,48,3,10,7,1,7,8,1,4,1,17,100,1,21,121.5591746,25.0412046
114,08,10,19,45,2,03中山區,中山區民生東路2段與吉林路口,0,0,1,1,B01,8,5,5,50,4,2,1,5,4,5,13,2,1,5,4,5,2,17,1,57,3,10,7,1,7,6,1,4,1,5,9,1,21,121.5302383,25.05781967
114,08,10,19,50,2,07信義區,信義區永吉路30巷158弄與永吉路30巷口,0,0,2,1,C03,7,5,5,30,4,1,1,5,4,5,13,4,4,10,5,5,2,15,2,22,2,9,6,1,7,9,1,10,1,11,72,1,21,121.5687546,25.0423446
114,08,10,20,09,2,05中正區,中正區中華路1段與寶慶路口,0,0,1,1,C03,8,5,5,50,4,2,1,5,4,5,13,1,1,1,4,1,1,17,1,66,2,9,5,1,7,9,1,10,1,11,108,1,21,121.5083651,25.0418373
114,08,10,21,01,2,04大安區,大安區忠孝東路4段與敦化南路1段口,0,0,1,1,A02,8,5,5,50,14,10,1,5,4,5,13,4,4,1,4,5,2,9,1,54,3,10,7,1,7,14,1,2,9,17,44,1,21,121.5488231,25.0418292
114,08,10,21,01,2,05中正區,中正區和平西路1段與泉州街口口,0,0,2,1,C03,7,5,5,50,5,1,1,5,4,5,13,1,1,1,4,5,2,17,1,44,2,6,5,1,7,15,1,10,2,11,108,1,21,121.5147108,25.027723
114,08,10,21,42,2,03中山區,中山區南京東路1段1巷與中山北路2段11巷口,0,0,2,1,C03,8,5,5,30,4,1,1,5,4,5,13,4,4,10,5,5,2,16,2,18,2,8,6,1,7,9,1,10,1,12,72,1,21,121.5230621,25.052778
114,08,10,22,04,2,03中山區,中山區八德路2段與遼寧街口,0,0,1,1,B03,8,5,5,50,4,1,1,5,4,5,13,2,1,5,4,5,2,16,1,19,3,10,7,1,7,5,1,8,1,2,71,1,21,121.5421992,25.0471809
114,08,10,22,08,2,03中山區,中山區長安西路與長安西路19巷2弄口,0,0,1,1,C03,8,5,5,50,4,1,1,5,4,5,13,1,1,10,4,5,2,16,1,53,3,10,6,1,7,5,1,10,1,12,8,1,21,121.5210486,25.05021276
114,08,10,23,10,2,03中山區,中山區市民大道1段與市民大道1段口往西，中山地下街R1出口旁,0,0,1,1,B01,8,5,5,40,14,9,1,5,4,5,13,4,4,1,4,5,2,16,1,67,3,10,7,1,7,1,1,4,2,4,19,1,21,121.5189241,25.0485752
114,08,11,00,10,2,11南港區,南港區福山街與大坑街口,0,0,1,1,B01,8,5,5,30,4,1,1,5,4,5,13,4,4,10,5,5,2,15,1,57,3,10,3,4,7,9,1,4,1,4,108,1,22,121.6175366,25.0459877
114,08,11,05,05,2,08士林區,士林區通河街76巷與承德路4段10巷口口,0,0,2,1,C03,8,5,5,30,4,1,1,5,4,5,13,4,4,10,5,5,1,15,1,52,2,9,6,1,7,9,1,10,1,11,72,1,21,121.5201487,25.0801317
114,08,11,05,43,2,05中正區,中正區辛亥路1段與汀州路3段口口,0,0,1,1,C03,7,6,5,50,3,1,1,2,4,5,13,4,4,5,4,5,2,17,1,63,2,1,6,1,7,9,1,10,2,14,44,1,21,121.5273984,25.0184162
114,08,11,06,57,2,07信義區,信義區松仁路155號,0,0,1,1,C03,8,6,5,50,14,9,1,5,4,5,13,4,4,8,3,5,2,11,1,82,2,9,5,4,7,7,1,10,1,14,100,1,22,121.5683481,25.0288588
114,08,11,07,16,2,01大同區,大同區環河北路1段273號,0,0,1,1,B03,7,6,5,50,14,9,1,5,4,5,13,4,4,1,4,5,2,16,1,59,3,10,3,4,7,8,1,8,2,3,100,1,21,121.5085155,25.0583793
114,08,11,07,36,2,08士林區,士林區自強隧道(外)南向北方向(1101792燈桿),0,0,1,1,C03,8,7,5,40,14,9,1,5,4,5,13,4,4,10,4,5,1,17,2,68,2,9,6,1,7,7,1,10,2,11,100,1,21,121.5487376,25.0956359
114,08,11,07,45,2,07信義區,信義區虎林街與市民大道6段口,0,0,2,1,C03,8,6,5,40,4,1,1,5,4,5,13,2,1,10,3,5,2,17,1,52,5,2,5,4,7,21,1,10,9,14,101,1,21,121.5759937,25.0491653
114,08,11,07,53,2,06松山區,松山區三民路與三民路113巷口,0,0,1,1,C03,7,6,5,50,4,2,1,5,4,5,13,2,1,8,3,5,2,16,2,51,2,9,5,1,7,7,1,11,1,11,100,1,21,121.5634734,25.0578814
114,08,11,08,00,2,07信義區,信義區忠孝東路5段與松仁路口口,0,0,2,1,C03,8,7,5,50,4,2,1,5,4,5,13,2,1,1,2,5,2,13,1,69,2,8,6,1,7,9,1,9,2,11,16,1,22,121.5685903,25.0408201
114,08,11,08,15,2,03中山區,中山區明水路672巷21號,0,0,1,1,C03,8,7,5,50,14,9,1,5,4,5,13,4,4,9,4,5,2,12,1,54,2,8,5,1,7,9,1,10,2,14,44,1,21,121.5516193,25.0835523
114,08,11,08,15,2,09北投區,北投區文林北路與文林北路244巷口,0,0,2,1,C03,8,7,5,50,4,1,1,5,4,5,13,2,1,1,4,4,2,13,2,21,2,9,5,1,7,9,1,10,1,11,16,1,21,121.5131835,25.1087636
114,08,11,08,26,2,01大同區,大同區環河北路2段與迪化街2段172巷口,0,0,1,1,B03,8,6,5,50,3,2,1,5,4,5,13,4,4,1,4,5,2,17,2,51,3,10,3,4,7,8,1,8,2,2,100,1,22,121.5089701,25.067023
114,08,11,08,26,2,01大同區,大同區民生西路與民樂街口口,0,0,1,1,B02,8,5,5,50,3,2,1,5,4,5,13,4,4,9,4,5,2,16,1,36,3,10,7,1,7,15,1,8,2,2,44,1,22,121.5110227,25.056888
114,08,11,08,30,2,04大安區,大安區辛亥路3段（青峰公園）,0,0,3,1,C03,7,6,5,50,14,9,1,5,4,5,13,4,4,10,4,5,2,13,1,27,3,10,6,4,7,9,1,10,11,11,16,2,21,121.5514404,25.015508
114,08,11,08,37,2,09北投區,北投區溫泉路1208828號燈桿,0,0,1,1,B03,8,7,5,30,11,9,1,5,4,5,13,4,4,10,5,5,2,11,2,54,3,10,7,1,7,9,1,8,2,4,42,1,22,121.5125184,25.13688885
114,08,11,08,44,2,06松山區,松山區民生東路3段與民生東路3段107巷口,0,0,1,1,B03,8,6,5,50,4,1,1,5,4,5,13,4,4,3,4,5,2,17,1,63,3,10,3,4,7,6,1,8,1,8,72,1,22,121.5448425,25.0578922
114,08,11,08,59,2,06松山區,松山區南京東路4段與北寧路口,0,0,1,1,B03,8,6,5,50,4,2,1,5,4,5,13,1,1,5,4,5,2,12,2,65,3,10,7,1,7,9,1,8,2,2,42,1,21,121.5527004,25.0514016
114,08,11,09,00,2,06松山區,松山區市民大道4段與八德路3段74巷口,0,0,2,1,C03,8,5,5,40,3,1,1,5,4,5,13,4,4,9,4,5,2,17,2,32,2,7,6,1,7,6,1,10,1,13,9,1,21,121.5524935,25.0445775
114,08,11,09,03,2,11南港區,南港區新民街68號,0,0,1,1,C03,8,6,5,30,14,9,1,5,4,5,13,4,4,10,5,5,2,16,1,47,3,10,6,1,7,11,1,10,1,14,10,1,21,121.6116341,25.0557107
114,08,11,09,09,2,04大安區,大安區樂利路88號,0,0,1,1,B03,7,6,5,40,14,9,1,5,4,5,13,4,4,1,4,5,2,9,1,70,3,10,7,1,7,2,1,8,1,3,44,1,21,121.5520745,25.0253854
114,08,11,09,14,2,02萬華區,萬華區德昌街185巷27弄與寶興街222巷口,0,0,2,1,C03,7,7,8,30,4,1,1,5,4,5,13,4,4,10,5,5,2,15,1,32,2,9,5,1,7,9,1,10,1,11,75,1,21,121.4947096,25.0221189
114,08,11,10,00,2,12內湖區,內湖區內湖路1段659號,0,0,1,1,B03,8,7,8,50,14,9,1,5,4,5,13,4,4,1,4,4,2,12,1,77,3,10,7,1,7,7,1,8,1,4,100,1,21,121.5749938,25.0801663
114,08,11,10,03,2,03中山區,中山區長安東路1段與長安東路1段30巷口,0,0,2,1,C03,8,7,5,50,4,2,1,5,4,5,13,1,1,9,4,5,2,17,1,41,2,8,5,1,7,9,1,10,1,12,16,1,21,121.5261916,25.0487347
114,08,11,10,10,2,12內湖區,內湖區康寧路3段18號,0,0,1,1,C03,7,5,5,50,14,9,1,5,4,5,13,4,4,1,3,5,1,13,1,28,3,10,3,4,7,9,1,10,1,11,16,1,21,121.6071476,25.0726578
114,08,11,10,20,2,08士林區,士林區承德路5段與士商路口,0,0,1,1,B03,8,6,5,40,4,1,1,5,4,5,13,1,1,1,3,4,1,16,1,31,3,10,7,1,7,6,1,8,1,2,9,1,22,121.5142424,25.0960277
114,08,11,10,25,2,07信義區,信義區信義路5段與基隆路1段口,0,0,1,1,C03,8,6,5,50,14,9,1,5,4,5,13,1,1,1,4,5,2,13,1,35,2,8,5,2,7,9,1,10,1,11,111,1,21,121.5599802,25.0330553
114,08,11,10,29,2,01大同區,大同區鄭州路與塔城街口,0,0,1,1,B13,8,6,5,40,4,2,1,5,4,5,13,2,1,1,4,5,2,12,1,36,3,10,3,4,7,9,1,8,1,6,108,1,22,121.5108659,25.0500167
114,08,11,11,20,2,07信義區,信義區吳興街156巷7弄1號,0,0,1,1,C03,8,7,5,30,14,9,1,5,4,5,13,4,4,10,5,5,2,13,2,56,2,8,6,1,7,9,1,10,1,12,44,1,22,121.5616683,25.0287737
114,08,11,11,30,2,12內湖區,內湖區環山路3段與內湖路1段737巷口,0,0,2,1,C03,7,5,5,50,3,1,1,5,4,1,13,4,4,5,4,4,1,24,2,21,2,9,5,1,7,9,1,10,1,11,108,1,21,121.5788701,25.0844352
114,08,11,11,33,2,04大安區,大安區市民大道4段與敦化南路1段口,0,0,1,1,B12,8,5,5,40,4,2,1,5,4,5,13,2,1,1,5,5,2,16,1,46,3,10,7,1,7,6,1,8,1,2,9,1,21,121.5485993,25.0447621
114,08,11,12,05,2,05中正區,中正區和平西路2段102號,0,0,1,1,C03,7,5,5,50,14,9,1,5,4,5,13,4,4,4,3,4,2,17,1,42,3,10,6,1,7,6,1,10,1,17,9,1,21,121.5085009,25.0308395
114,08,11,12,21,2,12內湖區,內湖區康寧路1段與康寧路1段195巷口,0,0,1,1,B03,8,6,5,40,3,1,1,5,4,5,13,4,4,9,5,5,2,12,2,23,3,10,3,4,7,11,1,8,1,8,10,1,22,121.5968244,25.0784607
114,08,11,12,37,2,08士林區,士林區承德路4段與劍潭路口,0,0,1,1,B03,8,7,5,50,4,1,1,5,4,5,13,2,1,1,2,5,1,17,1,33,2,7,7,1,7,9,1,4,1,5,74,1,21,121.5234418,25.084187
114,08,11,12,53,2,07信義區,信義區和平東路3段391巷8弄20號,0,0,1,1,C03,8,7,5,30,14,9,1,5,4,5,13,4,4,10,5,5,2,10,1,34,2,9,5,4,7,9,3,18,2,11,108,1,21,121.5575952,25.0204251
114,08,11,12,54,2,01大同區,大同區民權西路與重慶北路2段口口,0,0,1,1,B03,8,5,5,50,5,1,1,5,4,5,13,2,1,1,4,5,2,13,1,46,3,10,7,1,7,8,1,8,2,4,100,1,21,121.5135056,25.0629172
114,08,11,13,41,2,03中山區,中山區民權東路2段142號,0,0,2,1,C03,8,6,5,50,14,9,1,5,4,5,13,4,4,1,4,5,2,13,2,19,2,9,6,4,7,9,1,10,1,11,16,1,21,121.5335807,25.0623703
114,08,11,14,00,2,05中正區,中正區中山南路與仁愛路1段口,0,0,1,1,B01,7,5,5,50,5,1,1,5,4,5,13,1,1,10,5,5,2,17,1,68,3,10,3,4,7,9,1,4,11,17,81,1,21,121.5108923,25.04231489
114,08,11,14,11,2,03中山區,中山區民族西路與玉門街口,0,0,1,1,B03,7,6,5,50,14,9,1,5,4,5,13,4,4,4,5,5,1,13,1,25,3,10,3,4,7,9,1,8,6,1,21,1,21,121.5205366,25.0685453
114,08,11,14,30,2,08士林區,士林區至誠路2段芝山加油站,0,0,1,1,B01,6,6,5,50,14,9,1,4,4,5,13,4,4,9,5,5,2,17,1,61,3,10,7,1,7,1,1,4,1,8,19,1,26,121.5286918,25.1017096
114,08,11,15,01,2,09北投區,北投區西安街2段與立農街1段385巷口,0,0,2,1,C03,6,5,5,50,4,1,1,4,4,5,13,1,1,5,4,5,2,17,1,62,2,9,3,4,7,9,1,10,2,15,42,1,21,121.5086159,25.1201922
114,08,11,15,31,2,12內湖區,內湖區成功路2段南向北(近石潭路),0,0,1,1,B03,7,7,5,50,14,9,1,5,4,5,13,1,1,1,4,5,1,17,1,50,3,10,7,1,7,6,1,8,1,2,9,1,21,121.5909579,25.0627439
114,08,11,16,00,2,11南港區,南港區福德街373巷31號,0,0,1,1,B03,7,7,5,30,14,9,1,5,4,5,13,4,4,9,5,5,2,16,1,49,3,10,7,1,7,1,1,8,1,7,19,1,21,121.5913835,25.0390455
114,08,11,16,05,2,04大安區,大安區濟南路3段25號,0,0,1,1,B11,6,7,5,50,14,9,1,4,4,5,13,4,4,5,5,5,1,17,1,28,3,10,7,1,7,9,1,4,1,1,16,1,21,121.534687,25.04019
114,08,11,16,10,2,10文山區,文山區木柵路4段96-4號,0,0,1,1,A02,6,7,5,50,14,9,1,4,4,5,13,4,4,5,4,5,2,9,1,52,3,10,7,1,7,1,1,2,1,17,19,1,21,121.575309,24.9990351
114,08,11,16,15,2,09北投區,北投區石牌路2段與石牌路2段90巷口,0,0,1,1,C03,6,6,5,30,3,2,1,4,4,5,13,4,4,5,4,5,2,16,2,47,2,9,5,1,7,5,1,10,1,13,72,1,21,121.5163743,25.1171474
114,08,11,16,42,2,10文山區,文山區興隆路1段251巷與興隆路1段251巷4弄口,0,0,3,1,C03,6,6,5,30,4,1,1,4,4,5,13,4,4,10,5,5,2,15,1,19,2,9,6,1,7,9,1,10,1,11,72,1,21,121.5448824,24.9997728
114,08,11,17,00,2,03中山區,中山區建國北路2段92號,0,0,2,1,C03,6,7,5,50,14,9,1,4,4,5,13,4,4,1,4,5,2,13,1,37,2,6,5,1,7,7,1,10,1,13,100,1,21,121.5366697,25.057383
114,08,11,17,03,2,10文山區,文山區興隆路3段22號,0,0,1,1,C03,6,6,5,50,3,2,1,4,4,5,13,1,1,1,4,5,2,17,1,26,2,7,5,1,7,9,1,10,2,12,108,1,21,121.5551044,25.0006263
114,08,11,17,05,2,03中山區,中山區中山北路2段與民權西路口,0,0,1,1,C03,6,5,5,50,4,1,1,4,4,5,13,1,1,1,4,1,2,13,2,20,2,9,5,4,7,6,1,10,1,12,9,1,22,121.5221711,25.06276641
114,08,11,17,32,2,10文山區,文山區下崙路25號前,0,0,1,1,C03,6,7,5,30,11,9,1,4,4,5,13,4,4,9,5,5,2,11,2,40,2,8,5,1,7,9,1,10,1,11,116,1,21,121.5586363,24.98632471
114,08,11,17,35,2,07信義區,信義區市民大道6段與松山路口,0,0,1,1,B03,6,6,5,40,4,1,1,4,4,5,13,2,1,1,4,5,2,16,1,25,3,10,3,4,7,5,1,8,2,4,103,1,22,121.5784192,25.049364
114,08,11,17,40,2,06松山區,松山區民生東路5段37號,0,0,1,1,B01,6,5,5,50,14,9,1,4,4,5,13,4,4,1,4,5,2,12,1,61,3,10,7,1,7,8,1,4,1,4,100,1,21,121.5568283,25.058412
114,08,11,17,46,2,05中正區,中正區和平西路1段5號,0,0,4,1,C03,6,6,5,40,14,8,1,4,4,5,13,4,4,1,4,4,1,17,1,19,3,10,6,1,7,1,1,10,2,17,19,1,21,121.5215987,25.0270105
114,08,11,17,53,2,03中山區,中山區民權東路3段與龍江路口,0,0,1,1,C03,6,6,5,50,4,1,1,4,4,5,13,2,1,1,4,5,2,17,1,21,3,10,6,1,7,9,1,10,1,11,13,1,21,121.5406467,25.06236389
114,08,11,17,55,2,06松山區,松山區敦化南路1段與八德路3段口,0,0,1,1,B03,6,5,5,40,14,8,1,4,4,5,13,4,4,1,3,4,2,13,1,27,3,10,3,4,7,1,1,8,2,17,19,1,22,121.5492025,25.0478946
114,08,11,18,03,2,02萬華區,萬華區德昌街60號,0,0,1,1,B12,8,5,5,30,14,9,1,5,4,5,13,4,4,10,5,5,2,2,1,32,3,10,7,4,7,9,1,4,2,5,108,1,21,121.4985622,25.0249472
114,08,11,18,03,2,06松山區,松山區市民大道5段與東寧路口,0,0,1,1,B03,6,7,5,40,3,1,1,4,4,5,13,1,1,1,4,5,2,17,2,42,3,10,7,1,7,7,1,8,1,5,100,1,21,121.5629764,25.0473678
114,08,11,18,05,2,01大同區,大同區承德路3段與承德路3段225巷口,0,0,2,1,C03,6,6,5,50,5,2,1,4,4,5,13,4,4,1,5,5,2,12,2,42,2,8,6,1,7,9,1,10,2,13,32,1,21,121.518521,25.0701542
114,08,11,18,06,2,07信義區,信義區忠孝東路4段0606971燈桿,0,0,1,1,B03,6,6,5,50,14,9,1,4,4,5,13,4,4,1,5,5,2,17,1,61,3,10,3,4,7,7,1,4,2,17,100,1,21,121.5601476,25.0412588
114,08,11,18,11,2,04大安區,大安區基隆路2段222號,0,0,1,1,C03,7,6,5,50,14,9,1,4,4,5,13,4,4,1,3,5,2,17,1,29,2,9,6,1,7,9,1,9,1,17,44,1,21,121.5513789,25.023431
114,08,11,18,16,2,12內湖區,內湖區金龍路與內湖路3段191巷口,0,0,1,1,C03,7,5,5,30,3,1,1,4,4,5,13,4,4,4,3,5,1,15,1,54,3,10,3,4,7,6,1,10,1,11,72,1,21,121.5878175,25.0873283
114,08,11,18,20,2,03中山區,中山區中山北路2段115巷,0,0,1,1,B03,6,7,5,50,14,9,1,4,4,5,13,4,4,1,4,5,2,12,1,27,3,10,7,1,7,7,1,4,11,2,100,1,21,121.523071,25.0609698
114,08,11,18,35,2,02萬華區,萬華區青年路30巷與青年路口,0,0,2,1,B03,7,5,5,30,3,1,1,5,4,5,13,1,1,8,4,5,1,17,1,47,3,10,7,1,7,1,1,8,1,8,19,1,21,121.5048198,25.0256001
114,08,11,18,35,2,07信義區,信義區莊敬路與吳興街345巷口,0,0,1,1,C03,6,5,5,50,4,2,1,4,4,5,13,1,1,5,5,4,2,18,1,37,2,9,6,1,7,5,1,10,9,12,42,1,21,121.5666588,25.0271787
114,08,11,18,39,2,04大安區,大安區辛亥路2段與復興南路2段口（台大停車場出口）,0,0,2,1,C03,7,5,5,50,22,23,1,4,4,5,13,4,4,10,5,5,2,17,1,23,2,7,3,4,7,1,1,10,1,11,19,1,21,121.5427671,25.0209772
114,08,11,18,47,2,06松山區,松山區八德路2段437巷與八德路2段437巷7弄口,0,0,2,1,C03,7,5,5,30,4,1,1,4,4,5,13,4,4,10,5,5,2,15,1,23,2,9,5,1,7,9,1,10,1,11,72,1,25,121.5471122,25.049222
114,08,11,19,07,2,12內湖區,內湖區民權大橋東向西,0,0,1,1,C03,7,5,5,30,14,9,1,4,4,5,13,4,4,1,4,4,2,13,2,21,2,9,5,1,7,9,1,10,2,11,16,1,21,121.5693209,25.0639262
114,08,11,19,12,2,07信義區,信義區忠孝東路5段與基隆路1段口,0,0,1,1,C03,8,5,5,50,4,2,1,5,4,5,13,1,1,1,4,5,2,13,1,30,2,9,6,1,7,9,1,10,9,11,16,1,22,121.5644981,25.0412321