發生年度,發生月,發生日,發生時-Hours,發生分,處理別-編號,區序,肇事地點,死亡人數,2-30日死亡人數,受傷人數,當事人序號,車種,天候,光線,道路類別,速限-速度限制,道路型態,事故位置,路面狀況1,路面狀況2,路面狀況3,道路障礙1,道路障礙2,號誌1,號誌2,車道劃分-分向,車道劃分-分道1,車道劃分-分道2,車道劃分-分道3,事故類型及型態,性別,年齡,受傷程度,主要傷處,保護裝置,行動電話,車輛用途,當事者行動狀態,駕駛資格情形,駕駛執照種類,飲酒情形,車輛撞擊部位1,肇因碼-個別,個人肇逃否,職業,座標-X,座標-Y
114,08,11,19,20,2,12內湖區,內湖區瑞湖街與陽光街321巷口,0,0,1,1,B03,6,5,5,50,4,1,1,4,4,5,13,1,1,10,5,5,1,16,1,25,3,10,7,1,7,5,1,8,2,7,8,1,21,121.5764295,25.0712567
114,08,11,20,10,2,05中正區,中正區博愛路38號,0,0,1,1,C03,7,5,5,0,14,20,4,5,4,5,13,4,4,10,5,5,2,9,1,49,3,10,6,1,7,9,1,10,9,11,88,1,21,121.5112572,25.045819
114,08,11,20,22,2,03中山區,中山區農安街與民權東路2段71巷口,0,0,2,1,C03,8,5,5,50,4,1,1,5,4,5,13,2,1,10,5,5,2,16,1,38,2,8,6,1,7,5,1,10,1,14,8,1,21,121.5222254,25.05798722
114,08,11,20,23,2,05中正區,中正區貴陽街1段與博愛路口,0,0,2,1,C03,7,5,5,50,4,1,1,4,4,5,13,2,1,5,4,5,2,16,2,49,2,9,6,1,7,6,1,10,2,13,9,1,21,121.5111041,25.0388696
114,08,11,20,52,2,12內湖區,內湖區康樂街與康樂街136巷口,0,0,1,1,H01,7,5,5,50,4,2,1,5,4,5,13,1,1,5,5,5,2,6,2,26,2,9,4,5,8,18,8,20,10,16,122,1,21,121.6192727,25.071824
114,08,11,21,01,2,12內湖區,內湖區民權東路6段184號,0,0,1,1,A02,8,5,5,50,14,9,1,5,4,5,13,4,4,1,3,5,1,12,1,50,3,10,7,1,7,9,1,6,1,5,108,1,21,121.5931863,25.0687852
114,08,11,21,20,2,04大安區,大安區和平東路1段63號,0,0,1,1,C03,6,5,5,50,14,9,1,4,4,5,13,4,4,1,4,5,2,17,1,44,4,11,3,4,7,8,7,19,11,15,100,2,22,121.5243766,25.0270337
114,08,11,21,20,2,04大安區,大安區四維路與四維路76巷口,0,0,1,1,C03,6,5,5,30,4,1,1,4,4,5,13,3,1,10,5,5,1,15,1,25,2,9,3,4,7,9,1,10,1,12,72,1,21,121.5482005,25.0342634
114,08,11,22,07,2,01大同區,大同區鄭州路與環河北路1段口,0,0,1,1,B02,8,5,5,50,4,1,1,5,4,5,13,1,1,1,4,5,2,16,1,54,3,10,7,1,7,5,1,8,1,2,44,1,21,121.5068377,25.0506903
114,08,11,23,05,2,03中山區,中山區林森北路85巷52號,0,0,1,1,B02,8,5,5,30,14,9,1,5,4,5,13,4,4,10,5,5,2,14,1,21,3,10,7,1,7,2,1,8,1,3,12,1,21,121.5265541,25.0494492
114,08,11,23,15,2,05中正區,中正區襄陽路與南陽街口,0,0,1,1,C03,8,5,5,50,3,1,1,5,4,5,13,4,4,5,4,5,2,16,2,25,2,9,5,1,7,5,1,10,2,14,8,1,22,121.5160425,25.04338205
114,08,12,03,30,2,02萬華區,萬華區堤外便道與堤外便道口果菜市場停車場出入口,0,0,1,1,B12,8,5,5,50,4,1,1,5,4,5,13,4,4,9,5,5,2,15,1,28,3,10,7,1,7,1,1,8,1,4,19,1,26,121.5003145,25.01704221
114,08,12,06,19,2,03中山區,中山區新生北路2段與長春路口,0,0,1,1,B03,8,7,5,50,4,1,1,5,4,5,13,1,1,9,4,5,2,16,1,35,3,10,3,4,7,9,6,8,2,6,81,1,21,121.5272724,25.05501205
114,08,12,07,04,2,04大安區,大安區敦化南路1段與四維路口,0,0,1,1,B03,7,5,5,30,3,1,1,5,4,5,13,4,4,10,5,5,2,16,1,43,3,10,3,4,7,6,1,8,1,1,9,1,21,121.5481878,25.0372184
114,08,12,07,10,2,08士林區,士林區福林橋南往北7010056燈桿,0,0,1,1,C03,8,6,5,50,8,9,1,5,4,5,13,4,4,1,4,5,1,18,1,69,2,9,5,1,7,9,1,10,2,12,42,1,21,121.5267912,25.1001727
114,08,12,07,23,2,11南港區,南港區昆陽街157巷與忠孝東路6段425巷口,0,0,1,1,C03,8,6,5,50,3,1,1,5,4,5,13,4,4,4,4,5,2,12,2,40,2,8,3,4,7,5,1,10,1,11,8,1,21,121.5947957,25.0499583
114,08,12,07,26,2,09北投區,北投區稻香路1204227號燈桿,0,0,1,1,C03,8,7,5,40,14,9,1,5,4,5,13,4,4,10,5,5,2,10,1,24,2,9,5,1,7,4,1,10,1,12,1,1,21,121.4879012,25.1432941
114,08,12,07,28,2,09北投區,北投區公館路334巷與公館路228巷口,0,0,1,1,C03,8,7,5,30,4,1,1,5,4,5,13,4,4,10,5,5,2,15,1,60,3,10,5,1,7,9,1,10,2,11,72,1,21,121.5047577,25.1246382
114,08,12,07,36,2,02萬華區,萬華區莒光路153巷與中華路2段130巷口,0,0,3,1,C03,7,7,5,30,4,1,1,5,4,5,13,4,4,10,5,5,2,15,1,56,2,8,5,1,7,9,1,9,1,12,75,1,21,121.5029635,25.0307414
114,08,12,07,44,2,07信義區,信義區忠孝東路5段257號,0,0,2,1,C03,8,7,5,50,14,9,1,5,4,5,13,4,4,1,4,5,2,12,2,22,2,9,3,4,7,9,1,10,2,14,44,1,21,121.5706797,25.0410867
114,08,12,07,46,2,02萬華區,萬華區堤外便道機車道往北,0,0,1,1,C03,8,5,7,40,14,11,1,5,4,5,13,4,4,1,4,5,2,13,1,23,3,10,5,4,7,9,1,10,1,11,16,1,21,121.4973702,25.04023322
114,08,12,07,55,2,03中山區,中山區民權東路2段146號,0,0,1,1,C03,8,7,5,50,14,9,1,5,4,5,13,4,4,1,4,5,2,12,2,46,2,9,6,4,7,15,1,10,2,14,100,1,21,121.5339464,25.06246492
114,08,12,08,09,2,05中正區,中正區中華路1段與中華路1段81巷口,0,0,2,1,B03,8,7,5,40,3,1,1,5,4,5,13,4,4,1,4,1,2,16,1,54,3,10,7,1,7,6,1,8,2,2,9,1,21,121.5075093,25.0386366
114,08,12,08,16,2,07信義區,信義區市府路與松壽路口4號,0,0,1,1,F02,8,6,5,0,14,20,4,5,4,5,13,4,4,10,5,5,2,9,2,29,2,9,3,4,7,9,8,20,1,17,42,1,22,121.5637153,25.0356235
114,08,12,08,20,2,09北投區,北投區承德路7段與石牌路1段口,0,0,3,1,A12,8,7,5,50,3,2,1,2,4,5,13,2,1,1,4,5,2,17,1,45,3,10,7,1,7,6,1,1,9,17,108,1,21,121.5092533,25.1122742
114,08,12,08,25,2,08士林區,士林區承德路4段與大南路口,0,0,1,1,F07,8,6,5,50,5,2,1,5,4,5,13,2,1,1,2,5,1,17,1,41,2,7,4,1,7,9,8,20,1,14,42,1,21,121.5161846,25.09036758
114,08,12,08,30,2,08士林區,士林區承德路4段277巷與承德路4段301巷口,0,0,1,1,C03,7,5,5,30,3,1,1,5,4,5,13,4,4,10,5,5,1,17,2,62,3,10,5,1,7,6,1,10,1,11,72,1,21,121.5191635,25.0910833
114,08,12,08,43,2,06松山區,松山區南京東路3段300號,0,0,2,1,C03,8,6,5,50,14,9,1,5,4,5,13,2,1,3,4,5,2,17,2,22,2,9,6,4,7,9,1,10,2,11,16,1,22,121.5465003,25.0517109
114,08,12,08,43,2,10文山區,文山區辛亥路4段(南往北近辛亥隧道入口),0,0,1,1,C03,8,6,5,50,14,9,1,5,4,5,13,4,4,1,4,5,2,13,2,45,2,9,5,1,7,9,1,10,2,11,108,1,21,121.5582675,25.00890993
114,08,12,08,48,2,07信義區,信義區東興路與市民大道5段口,0,0,2,1,C03,7,7,5,50,4,1,1,5,4,5,13,2,1,1,1,1,2,13,2,56,3,10,3,4,7,12,1,10,2,11,16,1,22,121.565848,25.0480348
114,08,12,08,55,2,12內湖區,內湖區舊宗路2段與陽光街口,0,0,1,1,C03,8,7,5,50,3,1,1,5,4,5,13,4,4,3,4,5,2,16,1,21,3,10,5,1,7,6,1,10,9,12,9,1,21,121.5741486,25.0722669
114,08,12,09,10,2,04大安區,大安區新生南路2段與永康街23巷口口,0,0,2,1,C03,8,7,5,40,3,2,1,5,4,5,13,4,4,1,4,5,1,17,1,62,2,9,6,1,7,10,1,10,1,12,100,1,21,121.5329563,25.0322309
114,08,12,09,23,2,06松山區,松山區吉祥路與八德路4段245巷32弄口,0,0,1,1,B03,8,5,5,30,3,1,1,5,4,5,13,4,4,4,3,5,2,1,1,73,3,10,3,4,7,5,1,8,2,1,70,1,21,121.5626125,25.049794
114,08,12,09,39,2,11南港區,南港區市民大道8段與向陽路口口,0,0,1,1,C03,8,6,5,50,4,1,1,5,4,5,13,4,4,1,4,5,2,16,1,27,3,10,3,4,7,4,1,10,1,12,44,1,21,121.5954789,25.051492
114,08,12,09,49,2,02萬華區,萬華區環河南路2段145號,0,0,2,1,B03,8,7,5,50,14,9,1,5,4,5,13,4,4,1,3,5,2,12,1,67,3,10,7,1,7,8,1,8,2,6,80,1,21,121.4931357,25.0339567
114,08,12,10,00,2,07信義區,信義區永吉路與中坡北路口口,0,0,1,1,A12,8,7,5,50,4,1,1,5,4,5,13,2,1,1,4,4,2,16,1,33,3,10,3,4,7,6,1,3,1,17,9,1,22,121.5806398,25.0452877
114,08,12,11,13,2,02萬華區,萬華區環河南路1段178號,0,0,1,1,F03,8,7,5,40,14,9,1,5,4,5,13,4,4,9,5,5,2,16,2,71,2,9,5,1,7,7,8,20,1,14,100,1,21,121.5039017,25.0467891
114,08,12,11,20,2,07信義區,信義區大道路與林口街38巷口,0,0,1,1,B12,8,7,5,50,3,2,1,5,4,5,13,4,4,9,4,5,2,17,1,64,3,10,7,1,7,1,1,8,2,8,19,1,22,121.5831483,25.0394225
114,08,12,11,22,2,05中正區,中正區杭州南路1段101巷與仁愛路2段38巷口,0,0,2,1,C03,8,5,5,30,4,1,1,5,4,5,13,4,4,10,5,5,2,15,1,64,2,9,5,1,7,9,1,10,2,11,75,1,21,121.5272276,25.0373683
114,08,12,11,30,2,03中山區,中山區民權東路2段144號,0,0,1,1,C03,8,6,5,50,14,9,1,5,4,5,13,4,4,1,4,5,2,17,1,66,2,3,5,1,7,9,1,10,1,17,42,1,21,121.5332497,25.0625289
114,08,12,12,42,2,01大同區,大同區民生西路366號,0,0,1,1,B01,8,6,5,50,14,9,1,5,4,5,13,1,1,5,5,5,2,14,1,47,3,10,7,1,7,2,1,4,1,2,44,1,21,121.510384,25.0568783
114,08,12,13,27,2,09北投區,北投區北投路1段與公館路口,0,0,1,1,B02,8,6,5,50,4,1,1,5,4,5,13,2,1,9,4,5,2,16,1,31,3,10,7,1,7,5,1,8,2,8,44,1,21,121.5025262,25.121453
114,08,12,13,30,2,12內湖區,內湖區安康路226號,0,0,1,1,B12,8,7,5,50,14,9,1,5,4,5,13,4,4,5,5,5,2,17,1,46,3,10,3,4,7,13,1,8,1,4,40,1,21,121.6030299,25.0630663
114,08,12,13,35,2,05中正區,中正區中華路1段與酉陽街口,0,0,1,1,B02,7,6,5,50,3,1,1,5,4,5,13,4,4,1,4,5,2,16,1,58,3,10,7,1,7,6,1,15,2,2,9,1,22,121.5089832,25.0437713
114,08,12,14,04,2,04大安區,大安區四維路與四維路76巷口,0,0,2,1,C03,8,5,5,30,4,1,1,5,4,5,13,4,4,10,5,5,2,15,1,53,2,9,3,4,7,9,1,10,2,12,72,1,23,121.5480671,25.0342402
114,08,12,14,08,2,08士林區,士林區承德路4段與中正路口,0,0,3,1,C03,8,6,5,50,4,1,1,5,4,5,13,1,1,3,2,5,2,17,1,56,2,9,6,1,7,9,1,10,1,11,81,1,26,121.5165963,25.09101003
114,08,12,14,50,2,12內湖區,內湖區南京東路6段與新明路426巷口,0,0,1,1,B03,8,6,5,50,4,1,1,5,4,5,13,1,1,1,4,5,2,15,2,54,3,10,7,1,7,9,1,8,1,8,81,1,21,121.5789788,25.0559082
114,08,12,15,28,2,10文山區,文山區興隆路3段與萬芳路口口,0,0,1,1,C03,8,6,5,50,4,1,1,5,4,5,13,2,1,5,2,5,2,15,2,40,3,10,6,1,7,9,1,10,1,11,81,1,21,121.5597977,24.9967581
114,08,12,16,14,2,11南港區,南港區忠孝東路7段與忠孝東路7段478巷口口,0,0,3,1,C03,7,6,5,50,4,1,1,5,4,5,13,2,1,1,4,5,2,16,1,24,2,9,5,4,7,5,1,10,1,14,42,1,22,121.6090928,25.0522822
114,08,12,16,27,2,03中山區,中山區吉林路249號,0,0,1,1,B03,7,6,5,40,14,9,1,5,4,5,13,4,4,9,4,5,2,12,1,52,3,10,3,4,7,11,1,4,2,7,10,1,21,121.5303067,25.06139657
114,08,12,16,29,2,01大同區,大同區南京西路與南京西路167巷口,0,0,1,1,B03,8,6,5,50,3,1,1,5,4,5,13,4,4,8,3,5,1,16,2,54,3,10,3,4,7,5,1,8,1,4,8,1,21,121.5128323,25.0539547
114,08,12,17,05,2,04大安區,大安區大安路1段88號,0,0,1,1,C03,8,6,5,50,14,9,1,5,4,5,13,4,4,10,4,5,2,12,1,73,2,9,6,1,7,15,1,10,1,12,42,1,21,121.5461331,25.0408522
114,08,12,17,08,2,01大同區,大同區延平北路3段與民權西路口,0,0,1,1,B02,8,5,5,50,4,1,1,5,4,5,13,2,1,9,4,5,1,16,2,23,3,10,3,4,7,5,1,8,1,8,8,1,21,121.5111741,25.0629955
114,08,12,17,09,2,02萬華區,萬華區民和街26-1號,0,0,1,1,B03,7,6,5,30,14,9,1,5,4,5,13,4,4,9,4,5,1,9,1,45,3,10,3,4,7,9,1,8,1,1,4,1,22,121.4993774,25.0261376
114,08,12,17,09,2,08士林區,士林區芝玉路1段至誠幹2R26電桿,0,0,2,1,H01,8,7,5,30,14,9,1,5,4,5,13,4,4,10,5,5,2,3,1,8,2,1,4,5,8,16,8,20,10,16,53,1,21,121.5343684,25.10650089
114,08,12,17,20,2,03中山區,中山區新生北路3段87巷與德惠街105巷口,0,0,1,1,C03,7,7,5,30,4,1,1,5,4,5,13,4,4,10,5,5,1,15,1,44,2,8,5,1,7,9,1,10,1,12,72,1,21,121.529506,25.06752061
114,08,12,17,26,2,01大同區,大同區重慶北路3段257巷與重慶北路3段257巷口無名巷,0,0,2,1,C03,8,6,5,30,4,1,1,5,4,5,13,4,4,10,5,5,2,15,2,59,2,9,5,1,7,1,1,10,9,12,19,1,21,121.5148546,25.07160004
114,08,12,17,35,2,03中山區,中山區民生西路3巷與民生西路口,0,0,1,1,C03,7,7,5,50,4,1,1,5,4,5,13,4,4,9,5,4,2,15,1,48,3,10,6,4,7,1,1,10,1,17,19,1,22,121.5217687,25.05789353
114,08,12,17,40,2,08士林區,士林區德行西路與磺溪街口,0,0,1,1,C03,7,6,5,50,3,2,1,5,4,5,13,1,1,5,4,5,2,17,1,71,2,9,3,4,7,7,1,10,2,14,100,1,21,121.5232227,25.10558411
114,08,12,17,53,2,07信義區,信義區信義路5段11號,0,0,1,1,C03,8,6,5,50,14,9,1,5,4,5,13,4,4,1,5,5,2,12,1,20,2,9,6,4,7,7,1,10,1,14,100,1,22,121.5658034,25.0329276
114,08,12,17,58,2,04大安區,大安區羅斯福路4段74號對面（捷運公館站3號出口）,0,0,1,1,C03,8,5,5,50,14,9,1,5,4,5,13,4,4,10,5,5,2,13,1,40,2,7,3,4,7,10,1,10,1,11,100,1,21,121.5339593,25.0152403
114,08,12,18,11,2,04大安區,大安區仁愛路3段與建國南路1段口,0,0,1,1,B03,8,5,5,40,5,2,1,5,4,5,13,2,1,8,3,5,1,16,1,46,3,10,7,1,7,6,1,8,1,7,85,1,21,121.5376218,25.0380907
114,08,12,18,46,2,04大安區,大安區市民大道4段與敦化南路1段口,0,0,1,1,B03,8,5,5,40,14,9,1,5,4,5,13,2,1,1,4,5,2,12,1,65,3,10,3,4,7,7,1,8,1,5,100,1,21,121.548395,25.0447991
114,08,12,18,48,2,04大安區,大安區忠孝東路4段118號,0,0,1,1,B01,7,5,5,50,12,9,1,5,4,5,13,2,1,1,3,5,2,12,1,69,3,10,7,1,7,9,1,4,1,1,108,1,21,121.5470344,25.0414737
114,08,12,19,41,2,08士林區,士林區百齡橋東往西,0,0,3,1,C03,8,5,5,40,8,11,1,5,4,5,13,4,4,1,4,4,1,17,1,18,2,9,6,4,7,9,1,10,2,11,16,1,21,121.5125974,25.088654
114,08,12,19,50,2,03中山區,中山區中山北路3段與民族東路口,0,0,2,1,C03,8,5,5,50,4,1,1,5,4,4,13,1,1,5,4,1,2,13,2,56,2,9,5,4,7,9,1,10,1,11,108,1,21,121.5230497,25.0688289
114,08,12,21,32,2,10文山區,文山區景美堤外便道與景美堤外便道口（近0703367燈桿）,0,0,1,1,C03,7,5,5,30,14,9,1,5,4,5,10,4,4,10,5,5,2,16,1,56,3,10,5,1,7,5,1,10,1,14,8,1,21,121.5374716,24.9923447
114,08,12,21,50,2,11南港區,南港區忠孝東路7段369號,0,0,1,1,C03,8,5,5,50,14,9,1,5,4,5,13,1,1,1,4,5,2,13,1,49,2,9,3,4,7,9,3,18,1,11,16,1,21,121.6038244,25.0527424
114,08,12,22,22,2,03中山區,中山區長安東路2段與建國北路1段口,0,0,1,1,C03,7,5,5,50,4,1,1,5,4,5,13,1,1,5,4,5,2,16,1,75,2,9,3,4,7,9,6,10,2,14,86,1,21,121.5365741,25.04837404
114,08,12,22,40,2,11南港區,南港區松河街與南港路3段290巷口,0,0,1,1,C03,7,6,5,30,3,2,1,5,4,4,12,4,4,5,5,5,2,17,1,27,2,9,6,4,7,5,1,10,1,12,72,1,21,121.5814229,25.0524798
114,08,12,23,27,2,04大安區,大安區延吉街與光復南路240巷口,0,0,2,1,C03,8,5,5,50,3,2,1,5,4,4,13,4,4,4,3,5,2,9,1,32,2,9,6,1,7,9,1,10,9,11,108,1,21,121.5545673,25.0409199
114,08,13,01,36,2,07信義區,信義區永吉路30巷與永吉路30巷158弄口,0,0,1,1,B01,7,5,5,30,4,1,1,5,4,5,13,4,4,10,5,5,2,15,1,42,2,9,3,4,7,9,1,4,1,5,72,1,22,121.568748,25.0423188
114,08,13,02,02,2,03中山區,中山區中山北路3段與農安街口,0,0,1,1,B02,7,5,5,50,4,1,1,5,4,5,13,1,1,10,3,5,2,17,1,19,3,10,7,1,7,5,1,8,1,1,71,1,21,121.5210359,25.05032719
114,08,13,02,58,2,02萬華區,萬華區昆明街與內江街口,0,0,2,1,C03,8,5,5,50,4,1,1,5,4,5,13,1,1,8,3,5,1,17,1,20,2,9,5,1,7,5,1,10,1,14,8,1,21,121.5045192,25.0415266
114,08,13,05,13,2,06松山區,松山區塔悠路與塔悠路口無名巷,0,0,1,1,B03,6,7,5,50,3,1,1,4,4,5,13,4,4,1,4,5,2,17,1,31,3,10,7,1,7,6,1,8,1,1,73,1,26,121.5691412,25.0589339
114,08,13,06,06,2,01大同區,大同區承德路3段與敦煌路口,0,0,1,1,C03,6,6,5,50,4,2,1,4,4,5,13,1,1,1,4,5,2,18,2,42,2,9,5,1,7,9,1,10,2,14,42,1,21,121.5201318,25.07495797
114,08,13,06,54,2,03中山區,中山區新生北路2段137巷與吉林路口,0,0,1,1,B03,8,6,5,30,4,1,1,5,4,5,13,2,1,10,5,5,2,3,1,41,3,10,7,1,7,5,3,18,2,5,70,1,21,121.5303013,25.0612642
114,08,13,07,20,2,04大安區,大安區基隆路3段155巷與基隆路3段口,0,0,3,1,C03,8,7,5,50,4,2,1,4,4,5,13,2,1,1,4,4,2,17,1,24,2,8,6,1,7,9,1,10,1,11,44,1,21,121.5423261,25.0154017
114,08,13,07,30,2,12內湖區,內湖區潭美街與安康路228巷口,0,0,1,1,C03,6,6,5,40,3,1,1,4,4,5,13,1,1,5,4,5,2,16,1,69,3,10,5,1,7,5,1,10,1,11,71,1,21,121.6035444,25.0611816
114,08,13,07,40,2,04大安區,大安區和平東路3段與敦化南路2段口,0,0,1,1,C03,7,6,5,50,4,2,1,4,4,5,13,1,1,1,4,1,2,13,1,23,3,10,3,4,7,9,1,10,2,13,42,1,21,121.5487535,25.0246301
114,08,13,07,42,2,11南港區,南港區松河街與南港路3段80巷口,0,0,1,1,C03,6,6,5,40,3,1,1,4,4,5,13,4,4,4,1,5,2,13,1,46,2,7,3,4,7,9,1,10,1,11,16,1,21,121.5901689,25.0561953
114,08,13,07,45,2,07信義區,信義區松山路421號,0,0,1,1,C03,7,6,5,50,14,9,1,4,4,5,13,1,1,1,4,5,2,18,1,31,2,9,3,4,7,9,1,10,1,12,42,1,22,121.5779464,25.0405468
114,08,13,07,46,2,11南港區,南港區市民大道7段與向陽路口,0,0,2,1,C03,6,6,5,50,4,1,1,4,4,5,13,2,1,1,3,5,2,16,1,63,2,9,3,4,7,5,1,10,1,14,8,1,21,121.5954129,25.0514486
114,08,13,07,52,2,01大同區,大同區重慶北路1段與鄭州路口,0,0,1,1,C03,7,6,5,50,4,2,1,4,4,5,13,2,1,1,4,5,2,29,1,29,2,9,3,4,7,9,1,10,2,14,42,1,21,121.5133036,25.04963044
114,08,13,07,55,2,01大同區,大同區延平北路1段83號,0,0,1,1,B01,8,7,5,50,14,9,1,5,4,5,13,4,4,5,4,5,2,17,1,60,3,10,3,4,7,11,1,4,1,5,10,1,21,121.5119141,25.0516006
114,08,13,08,20,2,10文山區,文山區仙岩路與仙岩路16巷口,0,0,2,1,A12,7,6,5,50,5,2,1,4,4,5,13,4,4,9,5,5,2,17,1,52,3,10,7,1,7,5,1,2,1,17,74,1,21,121.5483561,24.9985022
114,08,13,08,23,2,12內湖區,內湖區民權東路6段與民權東路6段56巷口,0,0,1,1,B03,6,5,5,50,4,1,1,4,4,5,13,1,1,5,2,5,2,13,1,76,3,10,7,1,7,12,1,8,2,1,16,1,21,121.5843584,25.06873454
114,08,13,08,24,2,04大安區,大安區通化街與通化街98巷口,0,0,2,1,B03,6,7,5,50,4,1,1,4,4,5,13,4,4,5,5,5,1,17,1,60,3,10,7,1,7,5,1,8,1,8,74,1,21,121.5540636,25.0297134
114,08,13,08,26,2,02萬華區,萬華區華中橋往新北機車道華中023段,0,0,1,1,C03,7,7,7,40,14,11,1,5,4,5,13,4,4,1,4,1,2,13,2,30,2,9,5,1,7,9,1,10,1,11,16,1,21,121.4954679,25.0162709
114,08,13,08,28,2,07信義區,信義區信義路6段1號,0,0,1,1,C03,6,6,5,50,14,9,1,4,4,5,13,2,1,5,4,5,2,18,2,32,2,9,3,4,7,1,1,10,1,12,42,1,21,121.5747527,25.0337311
114,08,13,08,36,2,06松山區,松山區復興南路1段與市民大道4段口,0,0,2,1,C03,6,7,5,50,4,2,1,4,4,5,13,1,1,9,4,5,2,13,1,21,2,9,6,4,7,9,1,10,1,11,108,1,21,121.5439276,25.0449022
114,08,13,08,40,2,03中山區,中山區中山北路3段181號,0,0,1,1,C03,8,6,5,50,14,9,1,5,4,5,13,4,4,1,4,5,2,17,1,29,2,7,6,1,7,9,1,10,1,11,16,1,21,121.5240388,25.07257991
114,08,13,08,40,2,09北投區,北投區大度路與大度路怡和巷巷口,0,0,3,1,C03,6,6,5,50,14,12,1,4,4,4,13,4,4,1,4,1,2,12,1,26,2,9,5,1,7,9,1,10,1,11,13,1,21,121.4954806,25.1215621
114,08,13,08,42,2,07信義區,信義區林口街與林口街38巷口,0,0,1,1,C03,6,7,5,40,4,18,1,4,4,5,13,4,4,4,3,4,2,3,1,33,2,8,3,4,7,9,1,10,1,12,70,1,21,121.5793502,25.037809
114,08,13,08,43,2,07信義區,信義區基隆路1段與松高路口側附近口,0,0,1,1,C03,6,5,8,50,4,1,1,4,4,5,13,2,1,1,4,5,2,17,1,44,3,10,6,1,7,8,1,10,2,17,100,1,21,121.5634724,25.0391811
114,08,13,08,47,2,02萬華區,萬華區寶興街與東園街154巷口,0,0,1,1,C03,8,7,5,50,4,1,1,5,4,5,13,1,1,9,5,5,2,27,1,42,2,9,5,1,7,9,1,10,1,11,44,1,21,121.4958651,25.0222572
114,08,13,08,47,2,04大安區,大安區基隆路3段與辛亥路3段口,0,0,2,1,C03,8,7,5,50,4,2,1,4,4,5,13,2,1,1,4,5,2,17,2,30,2,7,6,1,7,9,1,10,1,13,16,1,21,121.5470739,25.0193237
114,08,13,08,54,2,04大安區,大安區建國南路2段(往南),0,0,1,1,C03,7,5,5,50,14,9,1,4,4,5,13,2,1,1,4,5,2,12,1,28,2,7,3,4,7,7,1,10,1,14,100,1,21,121.5374711,25.0286781
114,08,13,08,54,2,05中正區,中正區北平東路與紹興北街31巷口,0,0,1,1,B03,8,5,5,40,3,1,1,4,4,5,13,4,4,9,4,4,2,17,1,45,3,10,7,1,7,5,1,8,1,1,80,1,21,121.5265737,25.0456192
114,08,13,08,55,2,03中山區,中山區錦州街與松江路口,0,0,2,1,F01,8,6,5,50,4,1,1,5,4,5,13,2,1,1,4,5,2,15,2,35,2,9,4,1,7,9,8,20,1,12,81,1,21,121.5330582,25.0603586
114,08,13,09,00,2,03中山區,中山區八德路2段與復興北路口,0,0,2,1,B03,8,7,5,50,4,1,1,5,4,5,13,2,1,7,2,5,2,17,2,61,3,10,7,1,7,6,1,8,1,17,9,1,21,121.5437916,25.0475856
114,08,13,09,03,2,12內湖區,內湖區民權東路6段與行愛路口,0,0,1,1,C03,8,6,5,40,8,11,1,5,4,5,13,2,1,3,4,4,2,16,1,25,3,10,6,1,7,6,1,10,1,13,9,1,21,121.5784323,25.0666161
114,08,13,09,10,2,01大同區,大同區大龍街238號,0,0,1,1,C03,8,7,5,30,14,9,1,5,4,5,13,4,4,9,4,5,2,17,2,49,2,9,3,4,7,15,1,10,1,12,108,1,21,121.5159136,25.0694134
114,08,13,09,14,2,05中正區,中正區和平西路1段與重慶南路3段口,0,0,1,1,B03,8,7,5,50,5,2,1,5,4,5,13,1,1,2,4,5,2,13,1,40,3,10,7,1,7,9,1,8,1,8,108,1,22,121.515612,25.0274482
114,08,13,09,14,2,07信義區,信義區莊敬路272號,0,0,1,1,C04,8,7,5,50,14,9,1,5,4,5,13,4,4,9,5,4,2,16,2,63,2,9,3,4,7,9,1,8,1,11,108,1,22,121.562686,25.0290493
114,08,13,09,17,2,11南港區,南港區八德路4段與東新街口,0,0,1,1,B12,7,6,5,50,4,1,1,5,4,5,13,2,1,4,3,5,2,16,1,36,3,10,3,4,7,6,1,8,1,2,9,1,21,121.5823797,25.0514081
114,08,13,09,59,2,05中正區,中正區中山南路與徐州路口,0,0,4,1,C03,8,6,5,50,4,1,1,5,4,5,13,1,1,10,5,5,2,16,2,44,2,9,6,1,7,6,1,10,2,12,9,1,22,121.5185948,25.0417294
114,08,13,10,06,2,08士林區,士林區通河街76巷與承德路4段10巷口,0,0,1,1,B12,8,6,5,30,4,1,1,5,4,5,13,4,4,5,5,5,2,15,1,59,3,10,7,1,7,9,1,8,1,4,72,1,26,121.5201481,25.08013122
114,08,13,10,23,2,12內湖區,內湖區舊宗路2段207號,0,0,1,1,C03,8,6,5,50,14,9,1,5,4,5,13,4,4,1,4,5,2,16,2,36,2,9,5,1,7,6,1,10,1,14,9,1,21,121.5738787,25.0726572
114,08,13,11,20,2,05中正區,中正區思源街16號,0,0,1,1,B01,6,7,5,50,14,9,1,4,4,5,13,4,4,1,5,5,2,17,1,59,3,10,7,1,7,14,1,4,1,6,38,1,21,121.5301667,25.0136599
114,08,13,12,32,2,10文山區,文山區和興路30號,0,0,1,1,C03,8,7,5,30,14,9,1,4,4,5,13,4,4,10,5,5,1,10,1,54,2,8,5,1,7,15,1,10,1,11,5,1,21,121.5467128,24.9851106