發生年度,發生月,發生日,發生時-Hours,發生分,處理別-編號,區序,肇事地點,死亡人數,2-30日死亡人數,受傷人數,當事人序號,車種,天候,光線,道路類別,速限-速度限制,道路型態,事故位置,路面狀況1,路面狀況2,路面狀況3,道路障礙1,道路障礙2,號誌1,號誌2,車道劃分-分向,車道劃分-分道1,車道劃分-分道2,車道劃分-分道3,事故類型及型態,性別,年齡,受傷程度,主要傷處,保護裝置,行動電話,車輛用途,當事者行動狀態,駕駛資格情形,駕駛執照種類,飲酒情形,車輛撞擊部位1,肇因碼-個別,個人肇逃否,職業,座標-X,座標-Y
114,08,13,13,15,2,11南港區,南港區忠孝東路7段508號,0,0,1,1,C03,6,7,5,50,14,9,1,4,4,5,13,4,4,1,3,4,1,12,2,23,2,8,3,1,7,7,1,10,1,14,100,1,21,121.6099654,25.0524305
114,08,13,13,17,2,05中正區,中正區忠孝西路1段38號對面,0,0,1,1,A02,8,6,5,50,14,9,1,5,4,5,13,4,4,1,4,5,2,9,1,46,3,10,7,1,7,1,1,1,9,17,44,1,26,121.5163692,25.0465665
114,08,13,13,18,2,07信義區,信義區林口街與大道路28巷口,0,0,1,1,B12,7,6,5,30,3,1,1,5,4,5,13,4,4,8,3,4,2,17,1,28,3,10,7,1,7,5,1,8,1,1,72,1,21,121.5809959,25.0417596
114,08,13,13,25,2,03中山區,中山區錦西街5巷與錦西街口,0,0,2,1,C03,8,7,5,50,4,1,1,5,4,5,13,4,4,9,4,5,2,15,2,34,2,9,5,1,7,9,1,10,1,11,44,1,21,121.5218658,25.0603532
114,08,13,13,41,2,03中山區,中山區中山北路2段71號,0,0,1,1,B01,7,7,5,50,14,9,1,5,4,5,13,4,4,10,4,5,2,17,1,54,3,10,7,1,7,7,1,4,1,4,100,1,21,121.5210912,25.05007484
114,08,13,13,46,2,06松山區,松山區民生東路3段140巷0205402燈桿,0,0,1,1,C03,8,6,5,30,14,9,1,5,4,5,13,4,4,10,5,5,2,18,1,55,2,9,6,1,7,21,1,10,1,14,42,1,22,121.547332,25.05713089
114,08,13,15,19,2,09北投區,北投區致遠二路137號,0,0,2,1,C03,8,6,5,50,14,9,1,5,4,5,13,4,4,9,5,5,2,3,1,43,2,8,5,1,7,9,1,10,2,11,108,1,21,121.5127418,25.117194
114,08,13,15,50,2,04大安區,大安區忠孝東路4段223巷40號,0,0,1,1,B03,8,7,5,50,14,9,1,5,4,5,13,4,4,5,5,5,1,17,2,54,3,10,7,1,7,14,1,8,1,4,40,1,21,121.5530084,25.0431099
114,08,13,16,02,2,04大安區,大安區復興南路1段與仁愛路3段123巷9弄口,0,0,1,1,C03,7,6,5,50,3,1,1,4,4,5,13,4,4,1,4,5,2,13,1,35,3,10,3,4,7,9,1,10,1,11,108,1,22,121.5436492,25.0391236
114,08,13,16,03,2,03中山區,中山區大直橋南側附近,0,0,3,1,B03,7,6,5,50,8,9,1,5,4,5,13,4,4,1,4,5,2,13,2,40,2,9,7,1,7,9,1,8,1,1,16,1,22,121.5442633,25.0741143
114,08,13,16,10,2,11南港區,南港區忠孝東路6段與東新街口,0,0,1,1,B03,8,7,5,50,4,2,1,5,4,5,13,2,1,1,4,5,2,17,1,78,3,10,7,1,7,5,1,8,2,8,44,1,21,121.5852674,25.0480254
114,08,13,16,14,2,04大安區,大安區羅斯福路3段與辛亥路1段口,0,0,2,1,C03,7,6,5,50,4,2,1,4,4,5,13,2,1,1,4,5,2,13,2,63,3,10,3,4,7,10,1,10,1,13,100,1,22,121.5290459,25.0200409
114,08,13,16,34,2,02萬華區,萬華區成都路38號,0,0,1,1,C03,7,6,5,50,14,9,1,5,4,5,13,4,4,10,4,5,1,17,1,31,2,9,3,4,7,8,1,10,1,14,100,1,22,121.5065039,25.0426025
114,08,13,16,50,2,02萬華區,萬華區環河南路2段與和平西路3段口,0,0,1,1,B03,8,6,5,50,18,7,1,5,4,5,13,2,1,9,4,5,2,12,2,54,3,10,3,4,7,21,1,8,9,5,45,1,22,121.4946335,25.0357872
114,08,13,16,55,2,03中山區,中山區松江路128號,0,0,1,1,B03,7,6,5,50,14,9,1,5,4,5,13,4,4,1,4,5,2,17,1,55,3,10,7,1,7,9,1,8,1,5,44,1,21,121.5329927,25.05262165
114,08,13,17,00,2,04大安區,大安區東豐街7號,0,0,1,1,C03,8,6,5,40,14,9,1,5,4,5,13,4,4,10,5,5,2,17,2,47,2,8,6,1,7,9,1,10,1,17,44,1,21,121.544288,25.0361047
114,08,13,17,00,2,07信義區,信義區基隆路2段189號,0,0,1,1,C03,7,5,5,50,14,9,1,4,4,5,13,4,4,1,4,5,2,13,1,64,2,9,6,1,7,8,3,18,1,11,16,1,21,121.5531535,25.0248247
114,08,13,17,05,2,08士林區,士林區天母西路95巷停車場旁,0,0,1,1,B03,8,6,5,30,14,9,1,5,4,5,10,4,4,10,5,5,2,17,1,53,3,10,3,4,7,1,1,2,2,8,19,1,21,121.5247461,25.11955121
114,08,13,17,06,2,09北投區,北投區中央北路4段與中央北路4段30巷口,0,0,1,1,B03,7,6,5,50,4,1,1,5,4,5,13,4,4,4,4,5,2,16,1,43,3,10,7,1,7,5,1,8,2,2,44,1,21,121.4782203,25.1351257
114,08,13,17,10,2,04大安區,大安區和平東路3段與敦化南路2段口口,0,0,1,1,B01,6,6,5,50,4,1,1,4,4,5,13,2,1,1,4,5,2,17,1,64,3,10,7,1,7,5,1,4,1,1,71,1,22,121.5489833,25.0245
114,08,13,17,29,2,07信義區,信義區松山路119巷與中坡北路口,0,0,1,1,C03,7,6,5,30,4,2,2,5,4,5,13,1,1,10,5,5,2,13,1,26,3,10,3,4,7,9,1,10,1,11,108,1,22,121.58066,25.0478447
114,08,13,17,30,2,05中正區,中正區汀州路3段241號,0,0,2,1,C03,7,7,5,50,14,9,1,5,4,3,12,4,4,9,4,5,2,16,2,22,2,9,5,1,7,11,1,10,1,12,10,1,21,121.534145,25.0137929
114,08,13,17,30,2,09北投區,北投區承德路6段與福國路口,0,0,1,1,B03,8,6,5,50,4,1,1,5,4,5,13,1,1,1,4,5,2,13,1,60,3,10,7,1,7,9,1,8,1,1,16,1,21,121.5122085,25.1015032
114,08,13,17,34,2,02萬華區,萬華區桂林路228巷11弄與桂林路242巷口,0,0,1,1,C03,7,5,5,30,3,1,1,5,4,5,13,1,1,9,4,5,2,17,1,24,4,11,5,1,7,15,3,18,11,13,101,1,21,121.4955414,25.0384987
114,08,13,17,36,2,01大同區,大同區環河北路1段與長安西路口,0,0,1,1,B03,7,7,5,50,14,9,1,5,4,5,13,2,1,10,4,5,2,17,2,37,3,10,3,4,7,9,1,8,1,5,108,1,21,121.5072808,25.0522988
114,08,13,18,20,2,03中山區,中山區民權東路2段178號,0,0,1,1,B01,7,7,5,50,14,9,1,5,4,5,13,4,4,1,4,5,2,17,1,62,3,10,7,1,7,1,1,4,1,5,108,1,21,121.5354999,25.0623198
114,08,13,18,29,2,07信義區,信義區松智路14號,0,0,1,1,C02,6,5,5,50,14,9,1,4,4,5,13,4,4,9,5,5,2,17,1,43,3,10,3,4,7,5,1,9,1,12,44,1,21,121.5653491,25.0311849
114,08,13,18,40,2,05中正區,中正區懷寧街與貴陽街1段口,0,0,2,1,C03,8,7,5,50,3,1,1,5,4,5,13,4,4,4,4,5,2,17,1,60,2,8,6,1,7,5,1,10,1,12,74,1,21,121.5137341,25.0387394
114,08,13,18,49,2,06松山區,松山區民權東路3段與復興北路口,0,0,2,1,B01,7,5,5,50,4,2,1,5,4,5,13,2,1,1,4,5,2,12,1,56,3,10,7,1,7,8,1,4,2,2,100,1,22,121.5442962,25.0626023
114,08,13,19,13,2,03中山區,中山區明水路與北安路口側附近口,0,0,1,1,B03,7,5,5,50,3,1,1,5,4,5,13,1,1,1,4,5,2,17,2,31,3,10,3,4,7,6,1,8,1,5,9,1,21,121.5389612,25.077836
114,08,13,19,18,2,05中正區,中正區仁愛路2段與杭州南路1段口,0,0,2,1,C03,7,5,5,50,4,2,1,5,4,5,13,1,1,1,4,1,2,16,1,56,2,9,5,1,7,7,1,10,2,14,100,1,21,121.5252299,25.03814118
114,08,13,19,35,2,08士林區,士林區士東路與士東路54巷口,0,0,2,1,C03,7,5,5,50,3,1,1,5,4,5,13,4,4,9,4,5,1,16,1,57,3,10,3,4,7,5,1,10,1,14,8,1,22,121.5279685,25.1119937
114,08,13,21,14,2,04大安區,大安區大安路1段與敦化南路1段236巷口,0,0,2,1,B03,7,5,5,30,5,2,1,5,4,5,13,4,4,8,3,5,1,15,1,27,3,10,7,1,7,9,1,8,1,4,72,1,21,121.5461094,25.0405878
114,08,13,21,17,2,03中山區,中山區北安路561號與北安路554巷口,0,0,1,1,C03,7,5,5,50,3,1,1,5,4,5,13,1,1,3,4,5,2,17,1,19,2,9,6,1,7,5,1,10,1,14,42,1,21,121.5479464,25.0804083
114,08,13,21,25,2,08士林區,士林區中山北路5段與福國路口,0,0,1,1,B03,7,5,5,50,3,2,1,5,4,5,13,1,1,1,4,5,2,17,1,77,3,10,3,4,7,6,1,8,1,8,9,1,21,121.5255816,25.10242226
114,08,13,21,53,2,04大安區,大安區羅斯福路2段與和平東路1段口,0,0,1,1,B03,8,5,5,50,5,1,1,5,4,5,13,1,1,3,4,5,2,16,1,41,4,11,3,4,7,6,7,19,11,15,9,1,21,121.5223255,25.0273114
114,08,13,22,10,2,06松山區,松山區敦化北路與南京東路3段口,0,0,1,1,H02,7,5,5,50,4,2,1,5,4,5,13,1,1,1,4,4,2,9,2,59,2,1,4,5,7,17,8,20,10,16,67,1,22,121.5491522,25.05142158
114,08,13,22,44,2,09北投區,北投區大業路與承德路7段口,0,0,1,1,C04,7,5,5,60,5,1,1,5,4,5,13,1,1,1,4,5,2,16,2,19,2,9,5,1,7,5,1,10,1,14,8,1,21,121.4996283,25.1210157
114,08,13,23,10,2,03中山區,中山區中山北路4段與圓山涵洞口圓山上坡處,0,0,2,1,B02,7,5,5,50,3,1,1,5,4,5,13,1,1,1,4,5,2,17,2,21,3,10,7,1,7,9,1,8,1,1,17,1,21,121.5258867,25.07458277
114,08,14,04,43,2,12內湖區,內湖區行善路與行善路111巷口,0,0,1,1,C03,8,5,5,50,3,1,1,5,4,5,13,2,1,9,5,5,2,17,1,42,2,9,6,1,7,4,6,10,2,12,1,1,21,121.5795011,25.0586052
114,08,14,05,50,2,03中山區,中山區民權東路2段80號,0,0,1,1,C03,8,7,5,50,14,9,1,5,4,5,13,4,4,1,4,5,2,18,1,41,2,9,6,1,7,9,1,10,1,14,42,1,21,121.5314281,25.06246749
114,08,14,07,43,2,07信義區,信義區松壽路2號,0,0,1,1,B01,8,6,5,50,22,7,1,5,4,5,13,4,4,4,3,4,2,13,1,56,3,10,7,1,7,1,1,8,2,3,19,1,21,121.5629667,25.0358438
114,08,14,08,03,2,02萬華區,萬華區漢中街與成都路口,0,0,1,1,B03,8,6,5,50,4,1,1,5,4,5,13,2,1,5,4,5,2,17,1,48,3,10,3,4,7,1,1,8,1,2,44,1,22,121.507596,25.0423738
114,08,14,08,11,2,03中山區,中山區民權西路72號旁,0,0,2,1,C03,8,6,5,50,14,9,1,5,4,5,13,2,1,1,5,5,2,16,2,28,2,8,6,1,7,5,1,10,1,14,108,1,21,121.5195838,25.0627989
114,08,14,08,16,2,04大安區,大安區辛亥路3段157巷與辛亥路3段157巷12弄口,0,0,1,1,C03,7,6,5,30,3,1,1,5,4,5,13,4,4,5,4,5,2,16,1,29,2,8,6,4,7,5,1,10,1,12,72,1,21,121.549716,25.0178478
114,08,14,08,30,2,08士林區,士林區承德路4段與劍潭路口,0,0,3,1,C03,8,6,5,50,4,1,1,5,4,5,13,1,1,1,4,4,1,16,2,47,2,7,6,1,7,9,1,10,1,11,44,1,22,121.5234464,25.0839967
114,08,14,08,41,2,05中正區,中正區重慶南路3段與汀州路2段口口,0,0,1,1,B03,8,6,5,50,4,1,1,5,4,5,13,1,1,1,4,5,2,16,1,53,3,10,3,4,7,6,1,8,1,6,9,1,21,121.5165746,25.025595
114,08,14,08,46,2,09北投區,北投區珠海路與珠海路133巷口,0,0,1,1,B03,8,7,5,30,3,1,1,5,4,5,13,4,4,9,4,5,2,16,1,67,3,10,3,4,7,5,1,8,2,5,8,1,22,121.5083022,25.1419855
114,08,14,08,52,2,10文山區,文山區指南路1段61號,0,0,1,1,B01,7,5,5,50,14,9,1,5,4,5,13,4,4,5,5,5,2,16,1,60,3,10,3,4,7,5,1,8,1,8,8,1,22,121.5712017,24.9876732
114,08,14,09,04,2,04大安區,大安區基隆路4段與羅斯福路4段口,0,0,1,1,B03,8,5,5,50,5,1,1,5,4,5,13,2,1,1,5,5,2,12,2,62,3,10,7,1,7,8,1,8,1,5,100,1,21,121.5373038,25.0113071
114,08,14,09,05,2,03中山區,中山區南京東路1段林森公園停車場前,0,0,1,1,B03,7,6,5,50,14,8,1,5,4,5,13,4,4,1,4,4,2,17,2,45,3,10,7,1,7,6,1,8,1,2,9,1,21,121.5266723,25.05230575
114,08,14,09,05,2,12內湖區,內湖區成功路2段與成功路2段312巷口口,0,0,1,1,A04,8,6,5,50,14,9,1,5,4,5,13,4,4,1,4,5,2,9,1,60,4,11,3,4,7,21,7,19,9,15,44,2,21,121.5905162,25.0669167
114,08,14,09,12,2,08士林區,士林區中社路1段021燈桿,0,0,2,1,C03,8,6,5,50,11,9,1,5,4,5,13,4,4,4,5,5,1,9,1,56,2,9,6,1,7,9,1,10,2,11,108,1,21,121.5625825,25.11162032
114,08,14,09,22,2,05中正區,中正區羅斯福路3段210巷10弄1號與羅斯福路3段210巷口,0,0,2,1,C03,8,6,5,30,3,1,1,5,4,5,13,4,4,10,5,5,1,3,1,25,2,3,5,1,7,9,1,10,2,11,108,1,21,121.5284585,25.0180663
114,08,14,10,02,2,12內湖區,內湖區瑞湖街與舊宗路2段135巷口,0,0,1,1,B12,8,6,5,50,3,1,1,5,4,5,13,1,1,5,5,5,2,16,1,44,3,10,7,1,7,6,1,8,1,2,9,1,21,121.5764176,25.0697423
114,08,14,10,04,2,12內湖區,內湖區瑞湖街88號,0,0,1,1,B03,8,6,5,50,14,9,1,5,4,5,13,4,4,5,4,5,2,12,1,30,3,10,7,1,7,1,1,8,1,17,19,1,21,121.5761058,25.0726181
114,08,14,10,11,2,09北投區,北投區西安街1段141巷3號,0,0,2,1,B03,8,6,5,50,14,9,1,5,4,5,13,4,4,5,5,5,2,16,1,73,3,10,7,1,7,7,1,8,2,2,100,1,21,121.5163567,25.1111364
114,08,14,10,14,2,01大同區,大同區大龍街91巷與大龍街159巷18弄口,0,0,2,1,C03,8,6,5,30,14,9,1,5,4,5,13,4,4,5,2,5,2,17,2,68,2,9,6,1,7,11,1,10,1,12,10,1,21,121.5164104,25.0672788
114,08,14,10,26,2,09北投區,北投區大興街與大興街23巷口,0,0,2,1,C03,8,7,5,30,4,1,1,5,4,5,13,3,1,10,5,5,2,15,2,73,2,9,5,1,7,9,1,10,2,12,72,1,21,121.4985225,25.1299552
114,08,14,11,15,2,08士林區,士林區中正路與中正路212巷口,0,0,1,1,B02,8,5,5,50,4,1,1,5,4,5,13,2,1,3,4,5,2,17,2,30,3,10,3,4,7,5,1,8,1,1,74,1,22,121.52623,25.0954782
114,08,14,11,20,2,03中山區,中山區龍江路394巷與五常街53巷口,0,0,1,1,C03,8,7,5,30,4,1,1,5,4,5,13,4,4,9,4,5,2,17,2,57,2,9,5,1,7,5,1,10,1,12,72,1,21,121.5396489,25.0671405
114,08,14,11,22,2,06松山區,松山區市民大道5段東往西0607107燈桿,0,0,1,1,C03,8,6,5,40,14,9,1,5,4,5,13,4,4,1,4,5,2,13,2,30,2,9,6,1,7,9,1,10,2,11,108,1,22,121.568241,25.04894301
114,08,14,11,23,2,05中正區,中正區忠孝東路1段12號,0,0,1,1,B01,8,6,5,50,14,9,1,5,4,5,13,4,4,1,4,5,2,16,1,50,3,10,2,1,7,6,1,4,2,5,9,1,21,121.5219315,25.045033
114,08,14,11,33,2,06松山區,松山區健康路與南京東路5段147巷口,0,0,1,1,A41,8,6,5,50,14,8,1,5,4,5,13,2,1,1,4,4,2,17,1,48,3,10,7,1,7,6,1,1,2,5,9,1,21,121.5619477,25.0539766
114,08,14,11,34,2,03中山區,中山區民生西路24號,0,0,2,1,C03,7,6,5,50,14,9,1,5,3,5,13,4,4,9,4,5,2,12,1,66,2,9,6,4,7,7,1,10,1,14,100,1,21,121.5218774,25.0580329
114,08,14,11,35,2,06松山區,松山區市民大道6段與中坡北路口,0,0,1,1,C03,8,6,5,40,4,2,1,5,4,5,13,4,4,1,4,5,2,13,1,30,2,9,5,1,7,9,1,10,1,11,76,1,21,121.5795818,25.0494919
114,08,14,11,38,2,10文山區,文山區景後街與景中街口口,0,0,1,1,B12,8,6,5,50,4,2,1,5,4,5,13,2,1,1,4,5,2,36,1,47,2,7,7,1,7,9,1,3,1,5,42,1,21,121.5434354,24.9926355
114,08,14,11,54,2,02萬華區,萬華區環河南路1段276號,0,0,1,1,C03,8,6,5,30,14,9,1,5,4,5,13,4,4,10,5,5,2,12,1,19,2,9,6,1,7,9,1,10,1,14,80,1,21,121.500333,25.0424421
114,08,14,12,41,2,04大安區,大安區復興南路2段291號,0,0,1,1,F01,8,6,5,0,14,20,4,5,4,5,13,4,4,10,5,5,2,9,1,18,3,10,4,1,7,9,8,20,11,17,108,2,21,121.5441171,25.0251401
114,08,14,12,56,2,02萬華區,萬華區桂林路與堤外便道口,0,0,1,1,C03,8,7,7,40,4,1,1,5,4,5,13,2,1,5,5,5,2,17,1,25,3,10,5,1,7,5,1,10,1,17,44,1,22,121.4958856,25.0389941
114,08,14,13,12,2,04大安區,大安區市民大道4段100號,0,0,1,1,C03,8,6,5,40,14,9,1,5,4,5,13,4,4,1,4,5,2,13,2,19,2,8,3,4,7,9,1,10,1,11,108,1,22,121.5494784,25.0446493
114,08,14,13,16,2,04大安區,大安區金山南路2段與金華街口,0,0,1,1,C03,8,6,5,50,4,1,1,5,4,5,13,2,1,1,4,5,2,16,1,26,2,8,6,1,7,9,1,10,9,11,44,2,21,121.5266448,25.0301564
114,08,14,13,36,2,10文山區,文山區羅斯福路5段與興隆路1段口,0,0,1,1,C03,8,6,5,50,4,1,1,5,4,5,13,2,1,1,4,5,2,12,2,30,2,9,6,1,7,8,3,18,1,12,100,1,21,121.5389258,25.0047643
114,08,14,14,01,2,03中山區,中山區農安街125巷與農安街口,0,0,1,1,B03,7,6,5,50,3,1,1,5,4,5,13,4,4,9,4,5,2,16,1,76,3,10,3,4,7,11,1,8,1,4,10,1,21,121.5296721,25.06487934
114,08,14,14,14,2,05中正區,中正區鄭州路與重慶北路1段口,0,0,1,1,C03,8,6,5,40,14,9,1,5,4,5,13,4,4,4,4,5,2,13,1,24,2,9,5,1,7,9,1,10,2,11,16,1,22,121.51386,25.0491647
114,08,14,14,20,2,02萬華區,萬華區柳州街與永福街口,0,0,1,1,B01,8,7,5,30,4,1,1,5,4,5,13,1,1,10,4,5,2,3,1,68,3,10,7,1,7,6,1,4,1,1,70,2,22,121.5052678,25.0382464
114,08,14,14,30,2,08士林區,士林區中山北路6段與士東路口,0,0,1,1,C02,8,6,5,50,3,2,1,5,4,5,13,1,1,10,4,5,1,17,1,51,3,10,6,1,7,9,1,9,2,11,44,1,21,121.5259409,25.1117776
114,08,14,14,41,2,04大安區,大安區市民大道3段與安東街口,0,0,1,1,B03,8,5,5,40,3,1,1,5,4,5,13,1,1,1,5,5,2,16,1,59,3,10,7,1,7,6,1,8,1,2,9,1,21,121.5423871,25.0445501
114,08,14,14,51,2,10文山區,文山區木新路3段25號,0,0,1,1,C03,8,7,5,40,14,8,1,5,4,5,13,4,4,5,5,4,2,13,1,18,3,10,5,1,7,9,1,10,1,11,16,1,21,121.5646818,24.9825671
114,08,14,15,21,2,03中山區,中山區民生東路2段與吉林路口,0,0,3,1,B03,8,7,5,50,4,2,1,5,4,5,13,2,1,5,4,5,2,16,2,48,4,11,3,4,7,6,7,19,11,15,9,2,22,121.5301107,25.0579433
114,08,14,15,34,2,09北投區,北投區東陽街與建民路口,0,0,1,1,C03,8,6,5,30,4,1,1,5,4,5,13,4,4,10,5,5,2,16,1,73,2,9,5,1,7,5,1,10,1,12,72,1,21,121.5203005,25.112185
114,08,14,15,44,2,06松山區,松山區市民大道5段99號(偶戲博物館地下停車場出入口處）,0,0,2,1,B03,8,7,5,40,14,9,1,5,4,5,13,4,4,9,4,5,2,17,1,23,3,10,7,1,7,6,1,8,2,5,80,1,22,121.5639236,25.0542007
114,08,14,15,52,2,03中山區,中山區林森北路262號,0,0,1,1,B03,8,6,5,50,14,9,1,5,4,5,13,4,4,5,4,5,2,12,1,61,3,10,7,1,7,1,1,8,2,4,19,1,21,121.5254019,25.0546576
114,08,14,16,15,2,03中山區,中山區民生西路3巷與中山北路2段96巷口,0,0,1,1,C03,8,7,5,30,4,2,1,5,4,5,13,4,4,10,5,5,2,16,1,82,2,8,6,1,7,6,1,10,1,11,9,1,21,121.5218218,25.0599024
114,08,14,16,25,2,03中山區,中山區雙城街與德惠街口,0,0,1,1,B12,8,7,5,50,4,1,1,5,4,5,13,2,1,10,5,5,2,1,1,33,3,10,7,1,7,5,1,8,1,4,70,1,26,121.5222726,25.05804135
114,08,14,16,27,2,01大同區,大同區承德路3段64號,0,0,2,1,B03,8,6,5,50,14,9,1,5,4,5,13,4,4,1,4,5,2,12,1,41,3,10,7,1,7,8,1,8,2,6,100,1,21,121.5182029,25.0654139
114,08,14,16,29,2,02萬華區,萬華區萬大路277巷與萬青街口,0,0,2,1,C03,8,6,5,30,4,1,1,5,4,5,13,3,1,10,5,5,1,17,2,48,2,9,3,4,7,9,1,10,1,13,72,1,22,121.5017369,25.0254593
114,08,14,16,39,2,12內湖區,內湖區東湖路58巷與東湖路106巷7弄口,0,0,1,1,F01,8,6,5,30,4,1,1,5,4,5,13,4,4,10,5,5,2,15,1,15,3,10,4,1,7,5,8,20,2,15,8,1,16,121.6138753,25.0680909
114,08,14,16,40,2,12內湖區,內湖區康寧路3段165巷與康寧路3段189巷21弄口,0,0,1,1,B12,7,6,6,30,4,1,1,5,4,5,13,4,4,10,5,5,2,16,1,32,3,10,3,4,7,5,1,8,2,1,44,1,22,121.6122018,25.0713567
114,08,14,16,44,2,07信義區,信義區基隆路2段56號,0,0,1,1,A02,8,6,5,50,14,9,1,5,4,5,13,4,4,3,4,5,2,12,1,55,3,10,3,4,7,9,1,2,2,2,108,1,21,121.5582089,25.0309338
114,08,14,16,45,2,04大安區,大安區和平東路3段119巷與和平東路3段口,0,0,1,1,B03,8,7,5,50,3,2,1,5,4,5,13,4,4,1,4,5,2,17,1,36,3,10,7,1,7,9,1,8,1,2,44,1,21,121.5515351,25.024479
114,08,14,17,00,2,01大同區,大同區長安西路與重慶北路1段口,0,0,1,1,B03,8,6,5,50,4,1,1,5,4,5,13,2,1,8,1,5,2,16,1,36,3,10,7,1,7,6,1,8,1,2,9,1,21,121.513975,25.051651
114,08,14,17,00,2,02萬華區,萬華區內江街與內江街口87號停車場出入口,0,0,2,1,C03,8,6,5,50,3,2,1,5,4,5,13,4,4,5,4,5,2,12,1,19,3,10,6,1,7,7,1,10,1,13,100,1,21,121.5035411,25.04166362
114,08,14,17,03,2,10文山區,文山區木柵路3段與木新路1段口,0,0,1,1,B03,8,6,5,50,3,1,1,5,4,5,13,2,1,5,4,5,2,16,1,28,3,10,3,4,7,6,1,8,1,5,9,1,21,121.570847,24.9906372
114,08,14,17,20,2,08士林區,士林區承德路4段1巷與承德路4段口,0,0,1,1,B13,7,6,5,30,3,1,1,5,4,5,13,4,4,10,5,5,1,16,1,48,3,10,3,4,7,6,1,8,2,2,9,1,22,121.5214804,25.0785919
114,08,14,17,32,2,05中正區,中正區中華路2段與愛國西路口口,0,0,1,1,C04,8,6,5,50,5,1,1,5,4,5,13,1,1,1,4,5,2,13,2,56,3,10,6,1,7,9,1,10,1,11,108,1,21,121.5068318,25.0367305
114,08,14,17,32,2,06松山區,松山區市民大道4段與復興南路1段口,0,0,1,1,C03,7,6,5,40,4,2,1,4,4,5,13,2,1,1,5,5,2,12,1,61,2,9,6,4,7,8,1,10,1,14,100,1,22,121.5441272,25.0449894
114,08,14,17,33,2,05中正區,中正區延平南路與衡陽路口,0,0,1,1,B03,8,5,5,50,4,2,1,5,4,5,13,1,1,10,4,5,1,9,1,58,3,10,7,1,7,5,1,8,9,1,70,2,21,121.5095703,25.042079
114,08,14,17,35,2,03中山區,中山區樂群一路東往西金泰公園旁,0,0,1,1,B03,8,7,5,50,14,9,1,5,4,5,13,4,4,1,4,5,1,12,2,63,3,10,7,1,7,9,1,8,2,2,108,1,21,121.5606675,25.07648293
114,08,14,17,39,2,03中山區,中山區中山北路3段與民族西路口,0,0,2,1,C03,7,5,5,50,14,9,1,5,4,5,13,4,4,5,4,5,2,13,1,42,2,4,3,4,7,9,1,10,1,11,16,1,21,121.5198188,25.06897052
114,08,14,17,46,2,04大安區,大安區四維路228巷與和平東路3段1巷口,0,0,1,1,C03,7,6,5,30,4,1,1,5,4,5,13,4,4,10,5,5,2,15,2,47,2,9,5,4,7,9,1,10,1,11,72,1,21,121.5467475,25.0255851
114,08,14,17,50,2,08士林區,士林區仰德大道2段與仰德大道2段2巷口,0,0,1,1,B03,8,5,5,40,3,1,1,5,4,5,13,2,1,1,5,5,2,16,1,65,3,10,7,1,7,5,1,8,1,1,74,1,21,121.539674,25.1019051
114,08,14,18,15,2,12內湖區,內湖區瑞光路513巷與瑞光路口,0,0,1,1,C03,8,5,5,50,4,1,1,5,4,5,13,2,1,5,4,5,2,17,2,20,2,8,6,1,7,5,1,10,1,14,8,1,21,121.5695483,25.078931
114,08,14,18,20,2,01大同區,大同區淡水河濱自行車道(3K+550處),0,0,2,1,F01,8,6,7,0,14,23,1,5,4,5,13,4,4,9,5,5,2,11,2,52,2,9,2,1,7,9,8,20,1,11,17,1,21,121.5086211,25.0653454
114,08,14,18,45,2,11南港區,南港區南港路2段與向陽路口,0,0,1,1,C04,7,5,5,50,5,2,1,5,4,5,13,2,1,5,2,5,2,13,1,27,3,10,6,1,7,9,1,11,2,11,108,1,21,121.5946647,25.0544591
114,08,14,18,46,2,05中正區,中正區汀州路3段245號,0,0,1,1,C03,8,5,5,50,14,9,1,5,4,5,13,4,4,9,4,5,2,17,1,39,3,10,5,1,7,1,1,10,1,17,19,1,21,121.5340419,25.0138429
114,08,14,19,10,2,09北投區,北投區行義路133號,0,0,1,1,B03,7,5,5,40,14,13,1,5,4,5,13,4,4,9,5,5,1,14,1,60,3,10,7,1,7,2,1,8,2,3,12,1,21,121.5278189,25.1291945
114,08,14,19,14,2,05中正區,中正區羅斯福路3段與新生南路3段口,0,0,1,1,B03,8,5,5,50,5,1,1,5,4,5,13,1,1,3,4,5,2,17,2,48,3,10,7,1,7,5,1,8,1,8,17,1,21,121.5326886,25.0162298
114,08,14,19,24,2,08士林區,士林區德行東路198號,0,0,2,1,C03,8,5,5,50,14,9,1,5,4,5,13,4,4,9,4,5,1,17,1,20,2,9,5,1,7,9,1,10,2,11,13,1,21,121.5312532,25.10874113
114,08,14,20,08,2,06松山區,松山區健康路與塔悠路口,0,0,2,1,C03,7,5,5,50,3,1,1,5,4,5,13,1,1,1,4,4,2,16,1,25,2,9,5,1,7,5,1,10,1,11,71,1,26,121.5698099,25.0545663
114,08,14,20,11,2,08士林區,士林區中山北路5段與中山北路5段505巷口,0,0,1,1,B02,8,5,5,50,4,1,1,5,4,5,13,2,1,1,4,1,2,16,2,54,3,10,7,1,7,6,1,8,1,2,9,1,21,121.5278896,25.0936828
114,08,14,20,22,2,07信義區,信義區莊敬隧道北側附近,0,0,2,1,C03,7,5,5,40,11,9,1,5,4,5,13,4,4,1,5,5,2,18,1,32,2,9,5,4,7,9,7,19,1,12,42,1,21,121.5653372,25.0099356