發生年度,發生月,發生日,發生時-Hours,發生分,處理別-編號,區序,肇事地點,死亡人數,2-30日死亡人數,受傷人數,當事人序號,車種,天候,光線,道路類別,速限-速度限制,道路型態,事故位置,路面狀況1,路面狀況2,路面狀況3,道路障礙1,道路障礙2,號誌1,號誌2,車道劃分-分向,車道劃分-分道1,車道劃分-分道2,車道劃分-分道3,事故類型及型態,性別,年齡,受傷程度,主要傷處,保護裝置,行動電話,車輛用途,當事者行動狀態,駕駛資格情形,駕駛執照種類,飲酒情形,車輛撞擊部位1,肇因碼-個別,個人肇逃否,職業,座標-X,座標-Y
114,08,14,20,55,2,01大同區,大同區長安西路121號,0,0,1,1,C03,8,6,5,50,14,9,1,5,4,5,13,2,1,9,4,5,2,1,1,40,3,10,6,4,7,11,1,10,2,15,10,1,21,121.5156234,25.0512769
114,08,14,21,30,2,04大安區,大安區忠孝東路4段302號,0,0,3,1,B03,8,5,5,50,14,9,1,5,4,5,13,4,4,1,4,5,2,16,2,32,3,10,3,4,7,6,1,8,1,2,9,1,22,121.5565617,25.0412463
114,08,14,22,09,2,05中正區,中正區林森南路往南近徐州路,0,0,1,1,B03,8,5,5,50,14,9,1,5,4,5,13,1,1,9,4,5,1,13,2,49,3,10,7,1,7,9,1,8,2,1,16,1,22,121.5224264,25.0417459
114,08,14,22,28,2,09北投區,北投區自強街5巷與自強街5巷137弄口,0,0,2,1,C03,7,5,5,30,4,1,1,5,4,5,13,4,4,10,5,5,2,15,1,47,2,7,5,1,7,9,1,10,1,11,44,1,21,121.5100994,25.11298982
114,08,14,22,29,2,07信義區,信義區信義路5段與松仁路口,0,0,1,1,C03,8,6,5,50,4,1,1,5,4,5,13,1,1,2,4,5,2,17,1,37,2,9,3,4,7,11,1,10,1,12,83,1,21,121.5682411,25.0326259
114,08,14,22,30,2,02萬華區,萬華區西寧南路24號前,0,0,1,1,B02,8,5,8,50,22,22,1,5,4,5,13,4,4,10,5,5,2,17,1,59,3,10,3,4,7,11,1,4,1,8,10,1,21,121.5068917,25.0460859
114,08,14,22,41,2,06松山區,松山區光復北路與民生東路4段口,0,0,2,1,C03,7,5,5,50,4,1,1,5,4,5,13,1,1,4,3,4,2,16,1,19,2,9,6,1,7,5,1,10,1,11,71,1,21,121.5551761,25.0583088
114,08,14,23,21,2,07信義區,信義區松隆路五常公園前,0,0,2,1,C03,8,6,8,50,22,22,1,5,4,5,13,1,1,3,4,5,2,13,1,18,2,9,3,4,7,9,3,18,2,11,108,1,21,121.5741755,25.0479559
114,08,15,00,36,2,01大同區,大同區酒泉街與酒泉街50巷口,0,0,1,1,C03,7,5,5,30,4,1,1,5,4,5,13,4,4,10,5,5,2,17,1,35,2,8,5,1,7,9,1,10,2,12,72,1,21,121.5166576,25.07169987
114,08,15,04,13,2,12內湖區,內湖區瑞光路與瑞光路122巷口口,0,0,2,1,C03,8,5,5,50,14,9,1,5,4,5,13,4,4,5,4,5,2,13,1,40,2,9,5,3,7,9,1,10,2,11,108,1,21,121.5803052,25.0726201
114,08,15,05,45,2,03中山區,中山區復興北路與長安東路2段口,0,0,1,1,C03,8,6,5,30,4,1,1,5,4,5,13,1,1,1,4,5,2,16,1,62,3,10,6,1,7,6,1,10,1,12,9,1,22,121.5438448,25.0482375
114,08,15,06,10,2,09北投區,北投區行義路與行義路154巷口,0,0,1,1,C03,8,6,5,30,3,2,1,5,4,5,13,3,1,9,5,5,1,17,2,65,2,9,5,1,7,5,1,10,2,14,72,1,21,121.5280588,25.1304663
114,08,15,06,27,2,10文山區,文山區木新路3段50巷7弄11號,0,0,1,1,B03,7,6,5,30,14,9,1,5,4,5,13,4,4,10,5,5,2,2,2,59,3,10,7,1,7,9,1,8,1,2,108,1,21,121.5636161,24.9829254
114,08,15,07,02,2,04大安區,大安區信義路4段與光復南路口,0,0,1,1,C03,8,5,5,50,4,2,1,5,4,5,13,2,1,10,5,5,2,12,1,62,2,9,6,1,7,8,1,10,1,12,100,1,21,121.5568183,25.0333091
114,08,15,07,18,2,11南港區,南港區環東大道與經貿一路附近口近經貿一路閘道,0,0,1,1,B12,8,7,8,80,11,17,1,5,4,5,13,4,4,10,1,5,1,13,1,59,3,10,7,1,7,9,1,8,1,1,108,1,21,121.6137198,25.0652237
114,08,15,07,23,2,09北投區,北投區竹子湖路馬槽橋7010031號燈桿處,0,0,2,1,B03,8,6,5,50,14,9,1,5,4,5,13,4,4,4,5,5,1,17,1,62,3,10,7,1,7,9,1,8,9,17,69,2,21,121.5636187,25.1780355
114,08,15,07,24,2,08士林區,士林區通河街2巷與承德路4段3巷口,0,0,2,1,C03,8,6,5,30,3,1,1,5,4,5,13,4,4,10,5,5,1,16,1,37,2,9,5,1,7,5,1,10,1,14,72,1,21,121.5229013,25.0784222
114,08,15,07,30,2,05中正區,中正區南海路與重慶南路2段口口,0,0,2,1,C03,8,6,5,50,4,1,1,5,4,5,13,1,1,10,4,5,1,17,1,26,2,8,6,1,7,15,1,10,2,11,99,1,21,121.5149244,25.0318823
114,08,15,07,31,2,02萬華區,萬華區和平西路3段與南寧路口,0,0,1,1,B03,8,6,5,50,5,1,1,5,4,5,13,2,1,1,4,5,2,17,1,23,3,10,7,1,7,6,1,8,1,2,9,1,21,121.5032031,25.035122
114,08,15,07,54,2,08士林區,士林區德行東路與德行東路90巷口,0,0,1,1,B01,8,5,5,50,4,1,1,5,4,5,13,4,4,5,5,5,2,17,1,57,3,10,3,4,7,8,1,4,1,2,100,1,22,121.5278997,25.1075012
114,08,15,07,55,2,06松山區,松山區敦化北路與敦化北路120巷口,0,0,1,1,B03,8,6,5,50,3,1,1,5,4,5,13,4,4,1,4,4,2,16,2,59,3,10,7,1,7,6,1,8,1,2,9,1,22,121.5487419,25.05388605
114,08,15,07,59,2,02萬華區,萬華區華中橋機車道往新北(燈桿7010470),0,0,2,1,C03,8,6,5,40,8,11,1,5,4,5,13,4,4,1,4,5,2,13,2,42,2,9,6,1,7,9,1,10,1,11,16,1,21,121.4954571,25.0161176
114,08,15,08,15,2,07信義區,信義區松仁路與松廉路口,0,0,1,1,C03,8,6,5,50,3,2,1,5,4,5,13,4,4,1,3,4,2,17,2,59,3,10,6,1,7,6,1,10,9,12,9,1,21,121.5682244,25.0340269
114,08,15,08,23,2,05中正區,中正區延平南路與愛國西路口,0,0,2,1,B03,8,7,5,50,4,1,1,5,4,5,13,1,1,1,4,4,2,17,2,39,3,10,7,1,7,6,1,8,1,5,9,1,22,121.5079395,25.0365908
114,08,15,08,28,2,12內湖區,內湖區新明路與南京東路6段368巷口,0,0,1,1,C03,7,5,5,50,3,1,1,5,4,5,13,1,1,4,3,5,1,16,2,28,2,9,3,4,7,15,1,10,1,12,74,1,21,121.5870867,25.0580116
114,08,15,08,30,2,03中山區,中山區農安街與民權東路2段135巷口,0,0,1,1,B01,8,7,5,50,4,2,1,5,4,5,13,2,1,10,5,5,2,2,1,67,3,10,7,1,7,5,1,4,1,1,70,1,26,121.5222358,25.05804432
114,08,15,08,30,2,05中正區,中正區忠孝東路2段與金山南路1段口,0,0,1,1,C03,8,6,5,50,14,9,1,5,4,5,13,4,4,1,4,5,2,13,1,30,2,8,5,1,7,8,1,10,1,11,100,1,22,121.5298684,25.0427831
114,08,15,08,34,2,12內湖區,內湖區石潭路88號,0,0,1,1,B03,8,6,5,50,14,9,1,5,4,5,13,4,4,5,4,5,2,16,2,50,3,10,7,1,7,6,1,8,1,2,9,1,21,121.5882457,25.0628618
114,08,15,08,35,2,08士林區,士林區通河東街1段136巷與通河東街1段167巷16弄口,0,0,2,1,C03,8,6,5,30,4,1,1,5,4,5,13,4,4,10,5,5,1,15,2,35,2,9,5,1,7,9,1,10,1,12,72,1,21,121.5168986,25.0872343
114,08,15,08,48,2,10文山區,文山區木柵路3段48巷1弄18號前,0,0,2,1,C03,8,6,5,30,14,9,1,5,4,5,13,4,4,9,5,5,2,17,2,21,2,8,6,1,7,1,1,10,1,14,19,1,21,121.5645234,24.9879929
114,08,15,09,15,2,10文山區,文山區懷恩隧道南往北出口（燈桿編號0702152）,0,0,1,1,B03,8,6,5,50,11,9,1,5,4,5,13,4,4,1,4,5,2,17,1,76,3,10,7,1,7,7,1,8,11,17,100,2,21,121.5522368,24.9972925
114,08,15,09,20,2,12內湖區,內湖區民權東路6段56巷與民權東路6段56巷1弄口,0,0,1,1,C04,7,5,5,30,3,1,1,5,4,5,13,4,4,4,3,5,1,16,1,53,2,9,3,4,7,5,1,10,1,14,72,1,21,121.5847297,25.0683871
114,08,15,09,21,2,06松山區,松山區八德路2段與敦化北路4巷25弄口,0,0,2,1,C03,8,6,5,50,3,1,1,5,4,5,13,4,4,1,4,5,2,13,1,23,2,9,6,1,7,9,1,10,2,11,108,1,22,121.5461715,25.0482507
114,08,15,09,33,2,01大同區,大同區哈密街59巷與敦煌路口,0,0,1,1,B12,8,7,5,50,5,2,1,5,4,5,13,4,4,1,4,5,2,17,1,53,3,10,3,4,7,9,1,8,1,5,72,1,21,121.5157019,25.0762865
114,08,15,09,35,2,12內湖區,內湖區南京東路6段與堤頂大道1段口,0,0,1,1,C03,8,6,5,50,3,2,1,5,4,5,13,4,4,1,5,5,2,12,1,75,2,9,5,1,7,7,1,10,1,13,100,1,21,121.5758898,25.05458
114,08,15,09,37,2,06松山區,松山區長春路與復興北路141巷6弄口,0,0,1,1,B03,8,7,5,50,4,1,1,5,4,5,13,4,4,10,5,5,2,3,1,43,3,10,7,1,7,6,1,8,1,2,70,1,22,121.5447705,25.0544667
114,08,15,09,38,2,05中正區,中正區青島東路7-2號,0,0,1,1,C03,8,6,5,50,14,9,1,5,4,5,13,4,4,9,4,4,2,16,2,25,3,10,6,1,7,7,1,10,2,14,44,1,22,121.522446,25.0437715
114,08,15,09,45,2,08士林區,士林區至善路2段與至善路2段口中影前,0,0,2,1,C03,8,6,5,40,3,4,1,5,4,5,13,1,1,1,4,4,2,13,2,29,2,8,6,1,7,9,1,10,2,11,108,1,22,121.543943,25.0969769
114,08,15,09,57,2,01大同區,大同區南京西路261號,0,0,1,1,C03,8,6,5,50,14,9,1,5,4,5,13,4,4,9,4,5,2,17,1,64,3,10,5,4,7,11,1,10,1,14,10,1,21,121.5101459,25.0531123
114,08,15,09,59,2,06松山區,松山區撫遠街與民權東路5段口,0,0,1,1,B12,8,6,5,50,4,1,1,5,4,5,13,2,1,3,4,5,2,17,1,69,3,10,3,4,7,6,6,18,1,1,16,1,22,121.5658402,25.0635229
114,08,15,10,30,2,08士林區,士林區德行東路與忠誠路2段口,0,0,1,1,C03,8,7,5,50,4,1,1,5,4,5,13,2,1,1,4,5,1,17,1,28,3,10,5,1,7,6,1,10,9,12,9,1,21,121.5305355,25.1085082
114,08,15,10,49,2,04大安區,大安區辛亥高架道路(建國匝道),0,0,1,1,B03,8,6,5,50,10,9,1,5,4,5,13,4,4,1,4,5,2,13,1,69,3,10,7,1,7,12,1,7,1,1,16,1,21,121.5380033,25.0290976
114,08,15,10,55,2,05中正區,中正區重慶南路3段與重慶南路3段15巷口口,0,0,1,1,C03,8,6,5,30,3,1,1,5,4,5,13,4,4,10,5,5,1,17,1,72,2,7,6,1,7,6,1,10,2,14,72,1,21,121.5156847,25.028652
114,08,15,11,00,2,03中山區,中山區新生北路2段133巷與中原街口,0,0,1,1,C03,8,7,5,50,4,1,1,5,4,5,13,4,4,9,4,5,2,9,2,65,2,9,5,1,7,9,1,10,1,12,44,1,21,121.5289278,25.0608702
114,08,15,11,03,2,07信義區,信義區松山路332號,0,0,1,1,A02,8,5,5,50,14,9,1,5,4,5,13,4,4,1,4,1,2,9,1,65,3,10,7,1,7,1,1,2,1,15,118,1,22,121.5777463,25.0416848
114,08,15,11,10,2,09北投區,北投區三合街1段99號停車場出入口,0,0,1,1,F01,8,6,8,40,22,22,4,5,4,5,13,4,4,10,5,5,2,17,2,24,2,9,2,1,7,5,8,20,1,14,8,1,21,121.5050014,25.1267438
114,08,15,11,21,2,10文山區,文山區下崙路24號旁,0,0,1,1,C03,8,6,5,30,11,9,1,5,4,5,13,4,4,9,5,5,2,17,1,68,2,9,6,1,7,1,1,10,2,14,19,1,21,121.5593242,24.9863929
114,08,15,11,21,2,10文山區,文山區辛亥路4段與辛亥路4段166巷口,0,0,3,1,C03,8,6,5,50,14,9,1,5,4,3,13,2,1,1,4,5,2,13,1,39,2,9,6,1,7,9,6,18,2,11,16,1,21,121.5564411,25.0038925
114,08,15,11,47,2,06松山區,松山區長安東路2段與南京東路3段256巷口,0,0,1,1,C03,8,7,5,30,3,1,1,5,4,5,13,4,4,9,4,5,2,17,2,68,2,8,6,1,7,6,1,10,1,14,72,1,22,121.5446093,25.0483045
114,08,15,11,55,2,05中正區,中正區忠孝東路1段與忠孝東路1段84巷口,0,0,1,1,C03,7,6,5,50,3,3,1,5,4,5,13,4,4,1,4,5,2,17,1,45,2,9,6,4,7,7,1,10,1,14,42,1,22,121.5241602,25.04455213
114,08,15,13,14,2,07信義區,信義區信義路5段1號,0,0,1,1,C03,8,6,5,50,14,9,1,5,4,5,13,2,1,9,3,5,2,12,1,47,3,10,5,1,7,9,1,10,2,14,44,1,21,121.5601138,25.0330639
114,08,15,13,25,2,03中山區,中山區中山北路1段與市民大道1段口,0,0,1,1,B01,8,6,5,50,4,2,1,5,4,5,13,1,1,1,4,5,2,11,1,64,3,10,7,1,7,9,1,4,2,2,44,1,21,121.5209905,25.0483385
114,08,15,13,26,2,07信義區,信義區松智路銓營停車場旁,0,0,1,1,C03,8,6,5,50,14,9,1,5,4,5,13,4,4,8,3,5,2,17,1,46,3,10,3,4,7,15,1,10,1,11,118,1,21,121.5653806,25.0324154
114,08,15,13,45,2,07信義區,信義區忠孝東路5段68號,0,0,1,1,B03,8,5,5,50,14,9,1,5,4,5,13,4,4,9,4,5,2,17,1,30,3,10,7,1,7,2,1,8,1,3,118,1,22,121.566108,25.040803
114,08,15,13,49,2,03中山區,中山區樂群二路與植福路口,0,0,1,1,B03,8,6,5,50,4,1,1,5,4,5,13,2,1,1,4,5,2,16,2,70,3,10,7,1,7,6,1,8,2,8,44,1,21,121.5618021,25.0799152
114,08,15,14,01,2,09北投區,北投區大度路27號,0,0,2,1,C03,8,6,5,50,14,9,1,5,4,5,13,1,1,1,4,5,1,13,2,59,2,9,5,1,7,9,1,10,2,11,16,1,21,121.4967502,25.1211196
114,08,15,14,11,2,06松山區,松山區北寧路與北寧路56巷口,0,0,1,1,B12,8,7,5,50,3,1,1,5,4,5,13,2,1,9,4,4,2,17,1,48,3,10,7,1,7,5,1,8,2,4,8,1,21,121.5526652,25.0499158
114,08,15,14,15,2,05中正區,中正區徐州路與徐州路口台大醫院急診室入口,0,0,2,1,B01,8,6,5,40,14,8,1,5,4,5,13,4,4,9,5,4,2,16,1,47,3,10,7,4,7,1,1,4,2,8,19,1,21,121.5198691,25.04130853
114,08,15,14,20,2,09北投區,北投區百拉卡公路與陽金公路口口往西450公尺處,0,0,1,1,B03,8,6,5,40,11,9,1,5,4,5,13,4,4,10,5,5,2,10,1,68,3,10,7,1,7,15,1,8,9,8,99,1,21,121.5403607,25.1813733
114,08,15,14,31,2,10文山區,文山區仙岩路與興隆路2段96巷口,0,0,1,1,B12,8,6,5,50,4,18,1,5,4,5,13,2,1,9,5,5,2,3,1,71,3,10,7,1,7,5,1,8,1,17,70,1,21,121.5503589,25.0000758
114,08,15,14,35,2,05中正區,中正區北平東路1號,0,0,1,1,A04,8,6,5,50,14,9,1,5,4,5,13,2,1,5,4,5,2,13,1,51,3,10,7,4,7,9,1,1,2,1,108,1,26,121.5208865,25.0471048
114,08,15,14,44,2,06松山區,松山區南京東路5段291巷與南京東路5段口,0,0,1,1,B01,8,6,6,50,4,1,1,5,4,5,13,2,1,8,3,4,1,2,1,48,3,10,3,1,7,6,1,4,2,5,70,1,21,121.566146,25.0515519
114,08,15,14,45,2,12內湖區,內湖區潭美街南湖大橋下,0,0,1,1,C03,8,6,5,30,14,9,1,5,4,5,13,4,4,10,5,5,2,20,1,18,2,9,6,1,7,9,1,10,9,11,42,1,21,121.6113074,25.0639249
114,08,15,15,45,2,05中正區,中正區寶慶路與延平南路口,0,0,1,1,,8,6,5,50,14,9,1,4,4,4,13,4,4,10,4,5,2,18,3,36,,,,,,,,,,,65,1,,121.509323,25.0416561
114,08,15,16,17,2,08士林區,士林區德行東路與士東路200巷口,0,0,1,1,B03,8,6,5,50,5,1,1,5,4,5,13,2,1,9,2,5,1,16,2,50,3,10,7,1,7,5,1,8,2,8,80,1,21,121.5298996,25.10778617
114,08,15,16,46,2,05中正區,中正區中正橋往台北,0,0,1,1,B03,8,6,5,50,8,9,1,5,4,5,13,4,4,1,4,1,2,12,1,63,3,10,3,4,7,10,1,8,1,2,100,1,21,121.5172349,25.024671
114,08,15,16,50,2,02萬華區,萬華區環河南路2段175巷與環河南路2段口,0,0,1,1,B03,8,5,5,50,4,18,1,5,4,5,13,1,1,9,4,5,2,3,2,49,3,10,7,4,7,5,1,8,2,1,70,1,21,121.4920174,25.03286216
114,08,15,16,52,2,03中山區,中山區民權東路2段與中原街口,0,0,3,1,C03,8,7,5,50,4,1,1,5,4,5,13,1,1,1,4,5,2,15,1,37,2,7,6,1,7,9,1,10,1,11,81,1,21,121.5295039,25.06256795
114,08,15,17,07,2,05中正區,中正區水源路與師大路口,0,0,1,1,B03,8,7,5,50,4,1,1,5,4,5,13,1,1,1,5,5,2,17,1,30,3,10,7,1,7,6,1,8,1,1,9,1,22,121.5228281,25.0203041
114,08,15,17,10,2,01大同區,大同區重慶北路2段與南京西路口,0,0,1,1,A02,8,5,5,50,14,9,1,5,4,4,13,2,1,9,4,5,1,13,1,52,3,10,3,4,7,9,1,2,2,1,16,1,21,121.5147364,25.0541638
114,08,15,17,30,2,12內湖區,內湖區民權東路6段180巷4弄與民權東路6段180巷口6號車道口,0,0,1,1,B03,8,6,5,50,14,9,1,5,4,5,13,4,4,10,5,5,2,16,2,56,3,10,7,1,7,1,1,8,1,5,19,1,21,121.5924668,25.068492
114,08,15,17,36,2,02萬華區,萬華區漢口街2段90巷8弄與漢口街2段90巷口,0,0,2,1,C03,7,7,5,30,4,1,1,5,4,5,13,4,4,9,5,5,2,15,1,37,2,9,3,4,7,9,1,10,1,12,75,1,22,121.5042266,25.0458074
114,08,15,18,00,2,04大安區,大安區和平東路2段24號,0,0,1,1,F01,8,6,8,0,22,20,4,5,4,5,13,4,4,10,5,5,2,9,2,22,3,10,4,4,7,9,8,20,1,11,80,1,21,121.5368116,25.0256225
114,08,15,18,09,2,08士林區,士林區華齡街與前港街口,0,0,3,1,B03,8,6,5,30,4,2,1,5,4,5,13,2,1,9,4,5,1,17,1,58,3,10,7,1,7,6,1,8,2,8,9,1,21,121.5194756,25.08518333
114,08,15,18,10,2,07信義區,信義區崇德街265號,0,0,1,1,C03,7,5,5,30,14,9,1,5,4,5,13,4,4,10,5,5,2,38,1,18,2,8,3,4,7,9,1,10,1,11,108,1,22,121.5587838,25.0230728
114,08,15,18,30,2,12內湖區,內湖區康寧路1段與康寧路1段62巷口,0,0,1,1,C04,7,5,5,30,4,2,1,5,4,5,13,4,4,9,5,5,2,17,2,55,2,9,5,1,7,9,1,11,2,12,44,1,21,121.597758,25.08141734
114,08,15,18,45,2,06松山區,松山區八德路2段與敦化南路1段口,0,0,1,1,C04,8,5,5,50,14,7,1,5,4,5,13,4,4,1,4,4,2,29,1,52,2,9,5,1,7,8,1,10,9,14,16,1,26,121.5486741,25.0475616
114,08,15,19,35,2,10文山區,文山區木柵路3段48巷與木柵路3段48巷3弄口口,0,0,1,1,B03,8,5,5,50,3,1,1,5,4,5,13,4,4,9,5,5,2,16,1,63,3,10,7,1,7,6,1,8,1,2,118,1,21,121.565754,24.9874983
114,08,15,19,38,2,07信義區,信義區忠孝東路5段236巷3弄與忠孝東路5段236巷口,0,0,1,1,C03,8,5,5,30,4,1,1,5,4,5,13,4,4,5,4,5,2,17,1,60,2,9,3,4,7,5,3,18,1,11,72,1,21,121.5718993,25.0403926
114,08,15,19,45,2,01大同區,大同區鄭州路與西寧北路口,0,0,1,1,B03,7,5,5,40,4,1,1,5,4,5,13,2,1,1,4,5,2,17,1,47,3,10,3,4,7,9,1,8,2,5,86,1,22,121.5081397,25.0505896
114,08,15,19,45,2,11南港區,南港區昆陽街與東新街口口,0,0,1,1,B03,7,5,5,50,5,1,1,5,4,5,13,2,1,2,4,5,2,17,2,24,3,10,7,1,7,5,1,8,2,1,80,1,21,121.5940725,25.0486421
114,08,15,19,49,2,12內湖區,內湖區大湖山莊街與大湖街口,0,0,1,1,C03,7,5,5,0,3,1,1,5,4,5,13,4,4,5,5,5,1,16,2,69,4,11,3,4,7,5,7,19,9,17,119,2,22,121.6016624,25.0858916
114,08,15,21,10,2,11南港區,南港區忠孝東路7段與向陽路口,0,0,1,1,C03,7,5,5,50,5,1,1,5,4,5,13,2,1,3,4,5,2,12,1,65,2,8,6,1,7,15,1,10,2,12,100,1,21,121.5958646,25.0508727
114,08,15,21,24,2,04大安區,大安區仁愛路4段與敦化南路1段口,0,0,2,1,B03,8,5,5,50,4,1,1,5,4,5,13,2,1,4,2,5,2,16,1,31,3,10,7,1,7,9,1,8,1,5,44,1,22,121.5490773,25.038764
114,08,15,22,23,2,09北投區,北投區中和街與永興路1段口西往東方向,0,0,1,1,B03,8,5,5,50,4,2,1,5,4,5,13,1,1,7,4,5,1,17,1,34,3,10,7,1,7,1,1,8,1,4,19,1,21,121.5010981,25.1396334
114,08,15,22,28,2,01大同區,大同區台北橋機慢車道,0,0,1,1,B03,7,5,5,50,8,11,1,5,4,5,13,4,4,1,4,5,2,17,2,44,3,10,7,4,7,9,1,8,9,2,108,1,21,121.509508,25.0634163
114,08,15,22,30,2,06松山區,松山區民權東路3段160巷17號,0,0,1,1,C03,7,5,5,30,14,9,1,5,4,5,13,4,4,10,4,4,2,17,2,49,3,10,6,1,7,10,1,10,9,13,100,1,21,121.5474476,25.0604755
114,08,16,01,12,2,07信義區,信義區基隆路1段與基隆路1段364巷口,0,0,1,1,B01,7,5,5,50,3,2,1,5,4,5,13,4,4,10,4,5,2,17,1,66,3,10,7,1,7,6,1,4,1,1,44,1,21,121.5607931,25.0354207
114,08,16,01,17,2,07信義區,信義區永吉路與中坡北路口側附近口,0,0,1,1,C03,7,5,5,50,4,2,1,5,4,5,13,4,4,1,4,4,2,18,1,29,2,9,6,1,7,1,1,10,2,12,42,1,23,121.5803747,25.0454553
114,08,16,01,35,2,07信義區,信義區忠孝東路5段781號,0,0,1,1,B01,7,5,5,50,14,9,1,5,4,5,13,1,1,1,4,5,2,13,1,65,3,10,7,1,7,9,1,4,2,1,108,1,21,121.5814783,25.0436903
114,08,16,02,06,2,07信義區,信義區莊敬路與吳興街156巷口,0,0,6,1,B03,8,6,5,30,4,1,1,5,4,5,13,1,1,5,5,5,2,15,1,54,3,10,3,4,7,9,1,8,2,1,80,1,21,121.5622263,25.0295742
114,08,16,02,28,2,09北投區,北投區承德路7段與中央南路2段口,0,0,1,1,B03,7,5,5,60,5,2,1,5,4,5,13,1,1,1,4,5,2,13,1,20,3,10,7,1,7,9,1,8,1,1,108,1,21,121.5002519,25.120822
114,08,16,03,15,2,08士林區,士林區凱旋路58號,0,0,1,1,B03,7,5,5,30,3,1,1,5,4,5,13,4,4,10,5,5,2,16,1,20,3,10,7,1,7,5,1,8,2,1,72,1,21,121.5415288,25.13647414
114,08,16,05,24,2,02萬華區,萬華區萬大路533號(燈桿:0904892),0,0,1,1,C03,8,5,5,50,14,9,1,5,4,5,13,4,4,1,5,5,2,17,2,45,2,9,5,4,7,9,1,10,1,14,42,1,21,121.496039,25.017104
114,08,16,05,24,2,08士林區,士林區中山北路7段與中山北路7段232巷口,0,0,1,1,B03,8,6,5,30,3,2,1,5,4,5,13,4,4,10,5,5,1,17,2,60,3,10,7,1,7,5,1,8,2,8,8,1,21,121.5333923,25.12772698
114,08,16,05,28,2,06松山區,松山區塔悠路與撫遠街261巷口口,0,0,1,1,C03,7,6,5,50,3,1,1,5,4,5,13,4,4,1,4,5,2,13,1,61,2,9,6,1,7,11,1,10,1,13,10,1,21,121.5685415,25.0622386
114,08,16,05,56,2,02萬華區,(華中橋匝道）,0,0,1,1,B12,8,7,5,40,3,1,1,5,4,5,13,1,1,1,4,1,2,17,1,43,3,10,7,1,7,6,1,8,1,8,44,1,21,121.4955115,25.016532
114,08,16,06,04,2,09北投區,北投區三合街2段與崇仁路1段口,0,0,1,1,B03,8,6,5,50,4,2,1,5,4,5,13,1,1,9,5,5,2,13,1,40,3,10,7,1,7,9,1,8,2,1,108,1,21,121.5013001,25.1263046
114,08,16,06,15,2,09北投區,北投區中央北路4段與中央北路4段354巷口,0,0,1,1,B01,8,6,5,50,3,1,1,5,4,5,13,4,4,5,4,5,2,16,1,64,3,10,7,1,7,11,1,4,2,5,10,1,21,121.4718177,25.1301631
114,08,16,06,23,2,12內湖區,內湖區陽光街與港墘路221巷口,0,0,1,1,C03,8,5,5,50,3,1,1,5,4,5,13,4,4,5,5,5,1,16,1,68,2,9,5,1,7,5,1,10,2,12,72,1,21,121.575355,25.0726372
114,08,16,06,43,2,07信義區,信義區松智路與松平路口,0,0,2,1,C03,7,6,5,50,14,9,1,5,4,5,13,4,4,10,5,5,2,12,1,25,2,9,5,1,7,9,6,10,8,12,108,1,21,121.5653402,25.0304833
114,08,16,07,22,2,12內湖區,內湖區民權東路6段115巷與民權東路6段口,0,0,1,1,B03,8,6,5,30,3,1,1,5,4,5,13,4,4,9,5,5,2,15,1,39,3,10,7,1,7,6,1,8,1,5,9,1,21,121.5919785,25.0690369
114,08,16,08,55,2,02萬華區,萬華區東園街65號,0,0,1,1,H03,8,7,5,0,14,9,1,5,4,1,12,4,4,9,4,5,2,9,1,34,3,10,4,5,8,20,8,20,10,17,59,1,22,121.4961097,25.0267159
114,08,16,09,10,2,06松山區,松山區光復北路195號,0,0,1,1,F01,8,6,5,0,14,20,1,5,4,5,13,4,4,10,5,5,2,17,1,64,2,9,4,1,7,9,8,20,1,11,42,1,22,121.5551423,25.0593675
114,08,16,09,33,2,10文山區,文山區景興路與景興路23巷口口,0,0,1,1,A02,8,6,5,50,3,1,1,5,4,5,13,4,4,1,4,5,2,9,1,62,3,10,7,1,7,12,1,2,11,17,44,1,21,121.5447762,24.9977602
114,08,16,09,37,2,03中山區,中山區民權西路68號前,0,0,1,1,B03,8,7,5,40,14,8,1,5,4,5,13,4,4,1,4,4,2,17,2,30,3,10,3,4,7,1,1,8,9,8,19,1,21,121.5211144,25.05013584
114,08,16,09,47,2,03中山區,中山區民權東路2段160號,0,0,1,1,B01,7,7,5,50,14,9,1,5,4,5,13,4,4,1,4,5,2,12,1,43,3,10,7,1,7,9,1,4,1,2,108,1,26,121.5349464,25.06243649
114,08,16,10,05,2,11南港區,南港區忠孝東路7段與研究院路1段口,0,0,1,1,B03,8,7,7,50,3,2,1,5,4,5,13,2,1,1,2,5,2,12,1,28,3,10,7,1,7,9,1,8,1,8,108,1,21,121.6162894,25.0529
114,08,16,10,10,2,06松山區,松山區南京東路5段299號,0,0,1,1,C04,8,5,5,50,14,9,1,5,4,5,13,4,4,1,3,5,2,13,2,56,2,8,5,1,7,9,1,11,2,11,16,1,22,121.5663971,25.0514587
114,08,16,10,27,2,12內湖區,內湖區文德路66巷12弄與無名巷口,0,0,2,1,F01,7,5,5,30,3,1,1,5,4,5,13,4,4,10,5,5,2,16,2,92,2,8,3,4,7,1,8,20,1,14,19,1,21,121.5810918,25.0775616