發生年度,發生月,發生日,發生時-Hours,發生分,處理別-編號,區序,肇事地點,死亡人數,2-30日死亡人數,受傷人數,當事人序號,車種,天候,光線,道路類別,速限-速度限制,道路型態,事故位置,路面狀況1,路面狀況2,路面狀況3,道路障礙1,道路障礙2,號誌1,號誌2,車道劃分-分向,車道劃分-分道1,車道劃分-分道2,車道劃分-分道3,事故類型及型態,性別,年齡,受傷程度,主要傷處,保護裝置,行動電話,車輛用途,當事者行動狀態,駕駛資格情形,駕駛執照種類,飲酒情形,車輛撞擊部位1,肇因碼-個別,個人肇逃否,職業,座標-X,座標-Y
114,08,16,11,28,2,05中正區,中正區新生南路1段與仁愛路2段口,0,0,2,1,B12,8,6,5,50,4,2,1,5,4,5,13,1,1,1,4,5,2,17,1,25,3,10,7,4,7,6,1,8,11,17,30,1,21,121.5329569,25.03772105
114,08,16,11,38,2,05中正區,中正區杭州南路2段與潮州街口,0,0,1,1,B03,8,7,5,50,4,1,1,5,4,5,13,1,1,5,5,5,2,17,1,29,3,10,7,1,7,6,1,8,1,5,9,1,22,121.5219865,25.0296934
114,08,16,11,53,2,01大同區,大同區民生西路與民樂街口,0,0,1,1,B12,8,6,5,50,4,1,1,5,4,5,13,2,1,5,4,5,2,17,1,47,3,10,7,4,7,5,1,8,1,6,2,1,21,121.5113761,25.0567574
114,08,16,11,57,2,05中正區,中正區忠孝西路1段M5出口,0,0,1,1,A04,8,5,5,50,14,9,1,5,4,5,13,4,4,9,5,5,2,9,1,63,3,10,7,1,7,1,1,2,9,17,42,2,26,121.5161767,25.0466278
114,08,16,12,00,2,08士林區,士林區中正路與基河路口,0,0,1,1,B01,8,6,5,50,4,2,1,5,4,5,13,1,1,10,4,5,1,17,1,60,3,10,7,1,7,6,1,1,1,6,9,1,21,121.5200053,25.0932172
114,08,16,12,04,2,05中正區,中正區寧波西街與和平西路2段口,0,0,1,1,B12,8,7,5,50,14,9,1,5,4,5,13,1,1,9,5,5,2,17,1,71,3,10,7,1,7,4,1,8,9,4,1,1,22,121.5118796,25.0288551
114,08,16,12,05,2,01大同區,大同區長安西路與南京西路64巷口,0,0,1,1,B03,8,6,5,50,3,1,1,5,4,5,13,1,1,5,4,5,2,16,1,38,3,10,7,1,7,11,1,8,2,4,10,1,21,121.5183317,25.0506203
114,08,16,12,09,2,03中山區,中山區五常街11巷與五常街口口,0,0,2,1,C03,8,6,5,30,3,1,1,5,4,5,13,4,4,9,4,5,2,3,2,29,2,9,5,1,7,9,1,10,2,11,70,1,21,121.5378002,25.06437099
114,08,16,12,13,2,03中山區,中山區內湖路1段2010311燈桿,0,0,2,1,C03,8,7,5,40,14,9,1,5,4,5,13,4,4,1,4,5,2,12,4,0,,,,,,,,,11,,119,2,,121.5588987,25.0848805
114,08,16,12,39,2,03中山區,中山區復興北路與復興北路514巷口,0,0,1,1,C03,8,5,5,50,3,1,1,5,4,5,13,4,4,1,4,5,2,16,2,25,3,10,3,4,7,6,1,10,1,14,72,1,21,121.5443178,25.06595819
114,08,16,13,26,2,08士林區,士林區文林路295號,0,0,1,1,B03,8,5,5,50,14,9,1,5,4,5,13,4,4,5,5,5,2,17,1,18,3,10,7,1,7,15,1,8,2,5,100,1,22,121.5261714,25.0919994
114,08,16,13,30,2,10文山區,文山區新光路1段與指南路2段口,0,0,1,1,C03,8,7,5,40,3,1,1,5,4,5,13,2,1,5,5,5,2,12,1,52,3,10,5,1,7,5,1,10,1,17,17,1,21,121.5736901,24.9881582
114,08,16,13,34,2,02萬華區,萬華區中華路2段與廣州街口,0,0,1,1,B02,8,7,5,40,4,1,1,5,4,5,13,1,1,1,3,5,2,12,1,39,3,10,7,1,7,6,1,8,1,5,9,1,22,121.5063479,25.0361269
114,08,16,14,01,2,12內湖區,內湖區成功路3段與康寧路1段口,0,0,1,1,B12,8,6,5,50,4,1,1,5,4,5,13,1,1,1,5,5,2,3,1,48,3,10,3,1,7,5,7,19,9,8,70,2,21,121.5910145,25.0807807
114,08,16,14,05,2,06松山區,松山區復興北路141巷6弄與復興北路141巷口,0,0,1,1,B01,7,6,5,30,3,1,1,4,4,5,13,4,4,5,5,5,2,16,1,48,3,10,3,4,7,5,1,8,1,1,74,1,21,121.5447696,25.0533489
114,08,16,15,30,2,05中正區,中正區重慶南路1段司法大廈旁,0,0,2,1,C03,7,7,5,50,14,9,1,5,4,5,13,4,4,9,4,5,2,16,1,21,2,9,5,1,7,11,1,10,1,12,10,1,21,121.5127494,25.03831288
114,08,16,16,06,2,09北投區,北投區秀山路36號,0,0,1,1,A02,8,5,5,50,14,9,1,5,4,5,13,4,4,5,4,5,2,17,1,50,3,10,3,4,7,1,1,2,1,8,19,1,21,121.491507,25.1441257
114,08,16,16,29,2,05中正區,中正區市民大道1段往東逸仙公園旁,0,0,1,1,C02,7,7,5,40,14,9,1,5,4,5,13,4,4,1,4,1,2,13,1,20,2,9,5,1,7,9,1,9,1,11,16,1,21,121.5196654,25.04807577
114,08,16,16,31,2,10文山區,文山區萬美街1段與萬和街口,0,0,1,1,B01,8,6,5,50,3,2,1,5,4,5,13,1,1,5,5,5,2,13,2,51,3,10,3,4,7,9,1,4,1,8,108,1,21,121.5664224,25.0019237
114,08,16,16,49,2,03中山區,中山區明水路397巷與明水路397巷18弄口,0,0,1,1,B03,7,5,5,30,4,1,1,5,4,5,13,1,1,5,5,5,2,3,1,24,4,11,3,4,7,6,1,8,11,1,70,2,21,121.5477051,25.07870659
114,08,16,16,54,2,06松山區,松山區塔悠路177號,0,0,1,1,C03,8,6,5,50,14,9,1,5,4,5,13,1,1,8,3,4,1,16,1,60,2,1,3,1,7,10,1,10,2,14,108,1,21,121.5696414,25.0561472
114,08,16,17,08,2,05中正區,中正區古亭河濱公園近永福橋自行車道,0,0,1,1,F01,8,7,5,50,11,9,1,5,4,5,13,4,4,5,5,5,1,17,2,67,2,7,5,1,7,5,8,20,1,14,8,1,22,121.5306338,25.0103341
114,08,16,17,10,2,01大同區,大同區鄭州路與西寧北路口,0,0,3,1,B03,8,6,5,40,5,2,1,5,4,5,13,4,4,1,5,5,1,12,1,60,3,10,7,1,7,7,1,8,2,2,100,1,21,121.5086916,25.050541
114,08,16,17,10,2,08士林區,士林區中山北路6段405巷與磺溪便道口口,0,0,2,1,B03,7,7,5,30,4,1,1,5,4,5,13,4,4,8,3,5,2,15,1,42,3,10,3,4,7,9,1,8,2,5,72,1,22,121.52569,25.1137313
114,08,16,17,19,2,07信義區,信義區松德路與松德路168巷口,0,0,2,1,C03,8,6,5,50,3,1,2,4,4,5,13,1,1,1,4,4,2,13,2,25,2,9,6,1,7,9,1,10,2,11,16,1,22,121.57457,25.0366156
114,08,16,17,40,2,10文山區,(政大二街129號）,0,0,1,1,A02,7,6,5,30,3,1,1,5,4,5,13,4,4,10,5,5,2,17,1,56,3,10,3,4,7,9,1,2,1,2,118,1,21,121.5843984,24.9892753
114,08,16,17,54,2,08士林區,士林區大東路與文林路口,0,0,2,1,C03,8,7,5,50,4,1,1,5,4,5,13,4,4,5,5,5,2,10,2,55,2,7,6,1,7,9,1,10,2,11,72,1,21,121.5250683,25.09357761
114,08,16,17,57,2,09北投區,北投區崇仁路1段與崇仁路1段166巷口,0,0,1,1,B03,8,6,5,30,3,2,1,5,4,5,13,4,4,8,3,5,2,17,1,67,3,10,7,1,7,5,1,8,1,17,74,1,21,121.5025136,25.12288913
114,08,16,18,09,2,10文山區,文山區恆光街30巷與無名巷口,0,0,1,1,B03,8,6,5,30,3,1,1,5,4,5,13,4,4,10,5,5,2,16,1,46,3,10,7,1,7,11,1,8,2,8,10,1,21,121.5661773,24.9817372
114,08,16,18,34,2,04大安區,大安區市民大道4段與復興南路1段口,0,0,1,1,C03,8,6,5,40,4,2,1,5,4,5,13,2,1,1,4,5,1,13,1,21,2,8,5,4,7,9,1,10,1,11,108,1,21,121.5441886,25.0447708
114,08,16,19,50,2,05中正區,中正區中華路1段與忠孝西路1段口,0,0,1,1,A02,8,5,5,50,4,2,1,5,4,5,13,1,1,1,4,5,1,13,1,64,3,10,7,1,7,9,1,2,2,1,16,1,21,121.5101958,25.0476977
114,08,16,20,50,2,04大安區,大安區樂利路與樂利路27巷口,0,0,1,1,B12,7,5,5,40,4,1,1,5,4,5,13,4,4,9,4,5,1,3,1,29,3,10,3,4,7,9,1,8,1,1,108,1,21,121.5514278,25.0274122
114,08,16,21,19,2,01大同區,大同區承德路2段與錦西街口,0,0,1,1,B03,7,5,5,50,4,1,1,5,4,5,13,2,1,1,4,5,2,17,1,46,3,10,3,4,7,6,1,8,2,5,9,1,22,121.5183549,25.0601908
114,08,16,21,33,2,05中正區,中正區和平西路1段與牯嶺街口,0,0,1,1,B03,8,5,5,50,4,1,1,5,4,5,13,1,1,1,4,5,2,17,1,49,3,10,7,1,7,9,1,8,2,5,44,1,21,121.5191433,25.0264745
114,08,16,21,55,2,10文山區,文山區莊敬隧道南向北,0,0,2,1,B03,8,5,5,50,6,9,1,5,4,5,13,4,4,5,5,5,2,12,1,59,3,10,7,1,7,4,1,8,1,2,17,1,21,121.5662205,25.0073749
114,08,16,22,00,2,05中正區,中正區仁愛路1段與林森南路口,0,0,1,1,B03,7,5,5,50,4,1,1,5,4,5,13,1,1,1,4,5,2,16,1,39,3,10,7,1,7,5,1,8,1,5,44,1,22,121.5211891,25.03887324
114,08,16,22,35,2,12內湖區,內湖區民權東路6段與民權東路6段136巷口,0,0,1,1,C03,8,5,5,50,4,1,1,5,4,5,13,1,1,1,4,4,2,17,1,22,2,2,5,1,7,9,3,18,2,14,81,1,21,121.5877921,25.0690179
114,08,16,23,22,2,09北投區,北投區大業路與大同街口,0,0,2,1,C03,7,5,5,50,4,1,1,5,4,5,13,1,1,1,4,5,2,16,1,77,2,9,6,1,7,5,1,10,2,12,8,1,21,121.4990756,25.136943
114,08,17,00,42,2,12內湖區,內湖區康寧路1段與康寧路1段156巷口,0,0,1,1,B03,8,5,5,50,3,1,1,5,4,5,13,4,4,5,5,5,2,17,1,48,3,10,7,1,7,5,1,8,1,4,8,1,21,121.5943912,25.0791308
114,08,17,03,20,2,08士林區,士林區仰德大道1段NO.1106198燈桿,0,0,1,1,C03,8,6,5,40,11,9,1,5,4,5,13,4,4,8,5,5,1,18,1,17,2,9,5,1,7,10,2,18,2,17,102,1,21,121.5203995,25.09603921
114,08,17,03,29,2,07信義區,信義區光復南路與光復南路473巷口,0,0,2,1,B03,8,5,5,50,3,1,1,5,4,5,13,4,4,1,4,5,1,16,1,24,3,10,3,4,7,6,1,8,2,2,9,1,22,121.557581,25.0336442
114,08,17,03,48,2,03中山區,中山區新生北路3段0102330燈桿處,0,0,1,1,B01,8,5,5,50,14,9,1,5,4,5,13,4,4,10,4,5,2,13,1,65,2,9,7,1,7,8,1,4,1,1,108,1,21,121.5281921,25.06924258
114,08,17,04,29,2,07信義區,信義區基隆路2段與信義路4段450巷口,0,0,1,1,B01,8,5,5,50,4,1,1,5,4,5,13,2,1,1,4,5,1,16,1,48,3,10,3,4,7,11,1,4,2,1,98,1,22,121.558848,25.0319308
114,08,17,05,24,2,05中正區,中正區鄭州路與重慶北路1段口,0,0,1,1,B01,8,5,5,40,4,1,1,5,4,5,13,2,1,1,4,5,2,16,1,48,3,10,7,1,7,5,1,4,2,2,98,1,21,121.5133528,25.049334
114,08,17,07,38,2,12內湖區,內湖區成功路2段456巷（B7348成功幹22電桿旁）,0,0,1,1,B03,7,6,5,30,14,9,1,5,4,5,13,4,4,10,5,5,2,10,2,38,3,10,7,1,7,9,1,8,1,1,118,1,21,121.588004,25.0734526
114,08,17,08,50,2,03中山區,中山區北安路與大直街口,0,0,1,1,C03,8,6,5,50,4,1,1,5,4,5,13,1,1,3,4,4,2,16,2,70,2,9,5,4,7,5,1,10,1,14,99,1,21,121.5473212,25.0798904
114,08,17,08,53,2,10文山區,文山區木柵路2段與木柵路2段67巷口,0,0,1,1,C03,8,7,5,30,3,2,1,5,4,5,13,4,4,10,5,5,2,15,1,72,3,10,5,1,7,9,1,10,1,11,80,1,21,121.5606555,24.9888369
114,08,17,09,46,2,01大同區,大同區安西街126號,0,0,1,1,C03,8,6,5,30,14,9,1,5,4,5,13,4,4,10,5,5,2,17,2,29,2,8,5,2,7,9,1,10,1,11,61,1,21,121.5096577,25.0620014
114,08,17,10,00,2,10文山區,文山區木柵路4段77號,0,0,1,1,B03,8,7,5,50,14,18,1,5,4,5,13,3,1,5,5,5,2,3,1,67,3,10,7,1,7,9,1,8,1,1,70,1,21,121.5720524,24.9958416
114,08,17,10,22,2,08士林區,士林區德行東路與德行東路332巷口,0,0,2,1,C03,8,6,5,30,4,2,1,5,4,5,13,3,1,10,4,5,1,9,2,65,2,9,6,1,7,9,1,10,2,11,70,1,21,121.537471,25.1103215
114,08,17,10,55,2,04大安區,大安區信義路2段與信義路2段10巷口,0,0,1,1,B03,8,5,5,50,3,1,1,5,4,5,13,4,4,10,5,5,2,3,1,63,3,10,3,4,7,6,1,8,1,8,70,1,21,121.5249015,25.0349747
114,08,17,10,57,2,02萬華區,萬華區光復橋與西園路2段261巷口,0,0,2,1,C03,8,5,5,30,3,1,1,5,4,5,13,1,1,10,5,5,2,17,1,42,2,8,6,4,7,9,1,10,1,11,81,1,21,121.4926211,25.02586355
114,08,17,11,20,2,06松山區,松山區環東大道與市民高架道口路標門架,0,0,1,1,B03,7,6,5,50,3,2,1,5,4,5,13,3,1,1,3,5,2,13,1,33,3,10,3,4,7,9,1,8,1,1,16,1,21,121.5701108,25.05086495
114,08,17,11,21,2,10文山區,文山區羅斯福路6段與景中街口,0,0,1,1,B03,8,6,5,50,4,2,1,5,4,5,13,2,1,1,4,5,2,16,1,35,3,10,7,1,7,6,1,8,2,5,9,1,21,121.540909,24.9928672
114,08,17,11,22,2,12內湖區,內湖區金龍路與內湖路3段口,0,0,2,1,C03,8,5,5,30,4,18,1,5,4,5,13,1,1,5,2,5,2,3,1,54,2,8,5,1,7,9,6,18,2,11,70,1,21,121.5926486,25.0850876
114,08,17,11,30,2,03中山區,中山區民族西路與中山北路3段口,0,0,1,1,B03,8,7,5,50,4,1,1,5,4,5,13,2,1,10,5,5,2,16,2,54,3,10,7,1,7,5,1,8,1,5,98,1,21,121.5231034,25.06889792
114,08,17,12,26,2,07信義區,信義區忠孝東路5段236巷2弄與松仁路口,0,0,1,1,C03,8,6,5,50,3,1,1,5,4,5,13,4,4,10,3,5,2,16,1,25,3,10,5,4,7,5,1,10,2,11,98,1,21,121.5684352,25.0404985
114,08,17,12,43,2,04大安區,大安區辛亥路3段與芳蘭路口,0,0,1,1,C02,8,6,5,50,4,1,1,5,4,5,13,2,1,5,4,5,1,17,1,47,2,7,5,1,7,5,1,9,1,14,8,1,21,121.5490341,25.0168511
114,08,17,12,49,2,11南港區,南港區玉成街176巷與玉成街166巷22弄口,0,0,1,1,B03,8,7,5,30,4,2,1,5,4,5,13,4,4,10,5,5,2,15,1,23,3,10,7,1,7,9,1,8,2,5,72,1,21,121.5837845,25.043838
114,08,17,13,02,2,05中正區,中正區中山南路自由廣場前,0,0,2,1,C03,7,7,5,50,14,8,1,5,4,5,13,4,4,1,4,1,2,16,1,66,2,9,5,1,7,6,1,10,1,14,9,1,21,121.517064,25.03639036
114,08,17,13,26,2,04大安區,大安區復興南路1段372號與信義路3段157巷10弄口,0,0,1,1,C03,8,6,5,50,3,2,1,5,4,5,13,4,4,1,4,5,2,13,1,48,2,9,5,1,7,9,1,10,1,11,108,1,22,121.54355,25.03438
114,08,17,13,32,2,02萬華區,萬華區興寧街與萬大路口,0,0,1,1,C03,8,6,5,50,4,1,1,5,4,5,13,4,4,9,4,5,2,12,2,21,3,10,3,4,7,9,1,10,1,14,108,1,21,121.5005991,25.032183
114,08,17,13,41,2,04大安區,大安區市民大道4段與忠孝東路4段223巷口,0,0,1,1,C03,8,6,5,40,4,1,1,5,4,5,13,2,1,1,4,5,2,17,1,70,2,9,6,1,7,15,1,9,2,14,44,1,21,121.553027,25.04428933
114,08,17,13,48,2,05中正區,中正區汀州路2段100號,0,0,1,1,B01,8,7,5,50,14,9,1,5,4,5,13,4,4,9,5,5,2,12,1,57,3,10,7,1,7,11,1,4,2,8,10,1,22,121.5196288,25.0249156
114,08,17,13,51,2,04大安區,大安區建國南路2段與辛亥路2段口,0,0,2,1,B01,8,6,5,40,3,1,1,5,4,5,13,1,1,1,3,4,2,16,1,42,3,10,7,1,7,6,1,8,1,5,9,1,21,121.5375277,25.0228706
114,08,17,14,10,2,07信義區,信義區逸仙路46號,0,0,1,1,B01,8,7,5,50,14,9,1,5,4,5,13,4,4,7,4,5,2,9,1,61,3,10,3,4,7,9,1,4,2,17,44,1,22,121.5616224,25.040613
114,08,17,14,17,2,05中正區,中正區林森北路與市民大道2段口,0,0,1,1,C03,8,6,5,50,4,1,1,5,4,5,13,2,1,1,4,5,2,17,1,31,3,10,5,1,7,5,1,10,2,11,8,1,22,121.5241876,25.04769644
114,08,17,14,34,2,04大安區,大安區基隆路3段(往南辛亥-長興),0,0,1,1,C03,8,7,5,50,14,9,1,5,4,5,13,4,4,1,4,5,2,12,1,59,3,10,3,4,7,9,1,10,2,14,44,1,21,121.5447771,25.0177618
114,08,17,14,38,2,07信義區,信義區忠孝東路5段790巷23弄與中坡南路口,0,0,3,1,C03,8,7,5,30,4,1,1,5,4,5,13,4,4,9,4,5,2,15,1,21,2,9,5,1,7,9,1,10,1,11,72,1,21,121.5832127,25.0430978
114,08,17,15,06,2,12內湖區,內湖區五分街與東湖路160巷口,0,0,1,1,C03,8,7,5,30,4,1,1,5,4,5,13,2,1,1,4,5,2,17,1,77,3,10,5,1,7,5,1,10,2,11,44,1,21,121.6172762,25.0672128
114,08,17,15,45,2,09北投區,北投區北投路1段與公館路口,0,0,1,1,B03,8,5,5,50,4,1,1,5,4,5,13,1,1,5,4,5,2,17,1,27,3,10,3,4,7,5,1,10,1,5,71,1,21,121.5026501,25.1214046
114,08,17,16,11,2,12內湖區,內湖區新明路與新明路298巷口,0,0,2,1,B01,8,6,5,30,4,1,1,5,4,5,13,1,1,5,5,5,2,10,1,68,3,10,7,1,7,1,1,4,1,8,80,1,21,121.5821296,25.0556225
114,08,17,16,17,2,03中山區,中山區大直街39巷5號,0,0,1,1,B03,8,6,5,30,14,9,1,5,4,5,13,4,4,10,5,5,1,17,2,52,3,10,3,4,7,13,1,8,1,4,40,1,21,121.5469579,25.0825393
114,08,17,16,33,2,06松山區,松山區南京東路3段與復興北路口,0,0,1,1,C03,8,7,5,50,4,1,1,5,4,5,13,2,1,1,4,1,2,12,1,30,2,3,5,1,7,8,1,10,1,14,100,1,25,121.5443449,25.0519027
114,08,17,17,01,2,09北投區,北投區大興街與大興街66巷口,0,0,1,1,C03,8,7,5,30,3,2,1,5,4,5,13,4,4,5,5,5,2,16,2,65,2,9,6,1,7,6,1,10,1,14,74,1,22,121.5008425,25.1306123
114,08,17,17,17,2,05中正區,中正區中山南路與青島東路口,0,0,1,1,C03,8,6,5,50,4,2,1,5,4,5,13,2,1,5,4,5,2,13,1,46,2,8,5,1,7,9,1,10,1,12,16,1,22,121.5193637,25.04450405
114,08,17,17,26,2,09北投區,北投區新民路2號與泉源路口逸仙國小前,0,0,1,1,B03,8,5,5,30,14,9,1,5,4,5,13,4,4,5,4,5,2,17,1,79,3,10,3,4,7,11,1,4,2,1,10,1,21,121.5042863,25.1376768
114,08,17,17,33,2,02萬華區,萬華區萬大路與雙和街口,0,0,2,1,C03,8,6,5,30,4,1,1,5,4,5,13,1,1,8,3,5,1,17,2,66,2,8,5,1,7,5,1,10,1,12,98,1,21,121.5005509,25.0278353
114,08,17,17,46,2,03中山區,中山區中山北路3段與農安街口,0,0,1,1,B03,8,6,5,50,4,1,1,5,4,5,13,2,1,1,5,1,1,12,1,55,3,10,3,4,7,7,1,8,1,5,100,1,21,121.5221768,25.06482849
114,08,17,17,59,2,11南港區,南港區凌雲街凌雲五村旁,0,0,1,1,B12,8,7,5,30,11,9,1,5,4,5,13,4,4,10,5,5,2,17,1,64,2,7,3,4,7,9,1,8,2,5,107,1,21,121.615254,25.03577
114,08,17,18,12,2,08士林區,士林區文林路與小北街口,0,0,2,1,C03,8,6,5,50,4,1,1,5,4,5,13,1,1,5,4,5,1,16,1,28,2,7,3,4,7,5,1,10,1,12,8,1,22,121.5270159,25.0902154
114,08,17,18,41,2,02萬華區,萬華區漢口街2段90巷與漢口街2段90巷8弄口,0,0,2,1,C03,7,5,5,30,4,1,1,5,4,5,13,4,4,10,5,5,2,15,2,50,2,9,5,1,7,9,1,10,1,11,14,1,21,121.5042271,25.045814
114,08,17,19,28,2,09北投區,北投區承德路7段90號,0,0,2,1,B03,8,5,5,60,14,9,1,5,4,5,13,4,4,1,5,5,2,12,1,59,3,10,3,4,7,9,1,8,1,5,108,1,22,121.5106717,25.1113182
114,08,17,20,15,2,06松山區,松山區南京東路5段32號,0,0,1,1,C03,8,5,5,50,22,10,1,5,4,5,13,2,1,1,2,4,2,17,1,25,2,7,5,1,7,7,1,10,1,14,100,1,21,121.5591882,25.05143184
114,08,17,20,45,2,06松山區,松山區南京東路5段250巷2弄14號,0,0,1,1,C03,7,5,6,30,14,9,1,5,4,5,10,4,4,10,5,5,2,29,3,0,,,,,,,,,,,67,1,,121.5663988,25.0507153
114,08,17,20,49,2,02萬華區,萬華區西寧南路與漢中街50巷口,0,0,2,1,C03,7,5,5,50,4,1,1,5,4,5,13,4,4,10,3,5,2,13,1,18,2,8,6,1,7,9,3,18,1,11,16,1,21,121.5064091,25.0443633
114,08,17,21,01,2,01大同區,大同區延平北路4段與延平北路4段111巷口,0,0,1,1,B02,7,5,5,30,3,1,1,5,4,5,13,4,4,4,4,5,2,16,1,48,3,10,3,4,7,1,1,4,1,2,19,1,21,121.5108923,25.07137316
114,08,17,21,20,2,06松山區,松山區民權東路5段17號,0,0,1,1,B03,7,5,5,50,14,9,1,5,4,5,13,4,4,1,4,5,2,13,1,49,3,10,7,1,7,14,1,15,1,17,40,1,21,121.5655971,25.06325674
114,08,17,21,34,2,01大同區,大同區延平北路2段與延平北路2段247巷口口,0,0,1,1,C03,8,5,5,50,3,2,1,5,4,5,13,4,4,5,4,5,2,13,2,46,2,9,6,1,7,7,1,10,2,13,100,1,22,121.5112179,25.0625099
114,08,17,21,49,2,08士林區,士林區中山北路5段與通河街口,0,0,1,1,B03,7,5,5,50,3,2,1,5,4,5,13,2,1,1,4,5,1,17,1,45,3,10,7,1,7,1,1,8,2,1,108,1,21,121.5245818,25.0795974
114,08,17,22,20,2,01大同區,大同區延平北路1段與鄭州路口,0,0,2,1,C03,7,5,5,40,4,2,1,5,4,5,13,2,1,1,4,5,2,13,1,41,2,9,3,4,7,9,1,10,1,11,108,1,21,121.512007,25.04999276
114,08,18,00,34,2,01大同區,大同區重慶北路2段與歸綏街口,0,0,1,1,C03,7,5,5,50,4,1,1,5,4,5,13,2,1,1,4,5,2,3,1,39,4,11,3,4,7,9,7,19,11,15,70,2,22,121.5137574,25.0582868
114,08,18,02,08,2,06松山區,松山區光復北路與民生東路5段口,0,0,1,1,C03,8,5,5,50,14,9,1,5,4,5,13,4,4,5,4,5,2,18,1,23,2,9,5,1,7,9,1,10,1,17,42,1,25,121.5553631,25.05801
114,08,18,02,20,2,08士林區,士林區承德路4段10巷與通河街76巷口,0,0,1,1,C03,8,5,5,30,4,2,1,5,4,5,13,4,4,9,5,5,1,15,2,49,3,10,5,1,7,9,1,10,2,13,72,2,21,121.5201937,25.0801618
114,08,18,04,55,2,09北投區,北投區承德路7段393巷99號,0,0,1,1,C03,8,7,5,40,11,9,1,5,4,5,13,4,4,5,5,5,2,18,1,71,2,9,5,1,7,9,1,10,1,14,118,1,22,121.5006387,25.1144032
114,08,18,05,43,2,09北投區,北投區中央南路1段與中正街口,0,0,2,1,C03,8,7,5,30,4,1,1,5,4,5,13,4,4,5,5,5,2,15,2,67,2,9,5,1,7,9,1,10,1,14,72,1,22,121.5012891,25.1317616
114,08,18,06,30,2,05中正區,中正區中華路2段與愛國西路口,0,0,1,1,C03,8,6,5,50,5,1,1,5,4,5,13,1,1,1,4,5,2,16,1,22,2,9,5,1,7,6,1,10,2,11,99,1,21,121.5068934,25.03696
114,08,18,06,32,2,03中山區,中山區新生北路2段與南京東路1段口北側迴轉道,0,0,1,1,C03,8,7,5,50,3,1,1,5,4,5,13,4,4,10,5,5,2,16,2,75,2,9,5,1,7,9,1,10,1,11,72,1,22,121.5274832,25.05308711
114,08,18,06,55,2,12內湖區,內湖區舊宗路1段18號對面,0,0,1,1,C03,8,6,5,50,14,9,1,5,4,5,13,4,4,1,4,5,2,17,1,40,2,9,6,1,7,9,1,10,2,11,16,1,21,121.5809228,25.0581561
114,08,18,07,37,2,09北投區,北投區中山北路7段219巷3弄15號停車場出入口,0,0,3,1,C03,8,5,5,30,22,9,1,5,4,5,13,4,4,10,5,5,1,16,1,34,2,9,5,1,7,1,1,10,2,14,19,1,21,121.5309345,25.1291664
114,08,18,07,55,2,08士林區,士林區菁山路101巷71弄與菁山路101巷口,0,0,1,1,F01,8,5,5,50,3,1,1,5,4,5,13,3,1,5,5,5,2,17,1,50,2,9,3,4,7,9,8,20,2,11,84,1,21,121.5617887,25.15124432
114,08,18,08,00,2,08士林區,士林區天母西路62巷與天母西路95巷口,0,0,1,1,B03,8,5,5,30,4,1,1,5,4,5,13,2,1,5,5,5,1,17,1,45,3,10,7,1,7,6,1,8,2,8,9,1,21,121.5242193,25.1186371
114,08,18,08,05,2,10文山區,文山區興隆路2段220巷15號,0,0,2,1,C03,8,6,5,50,14,9,1,5,4,5,13,4,4,9,5,5,2,3,2,34,3,10,5,1,7,9,1,10,2,11,108,1,21,121.5524223,25.0009222
114,08,18,08,10,2,05中正區,中正區北平西路與館前路口,0,0,1,1,C03,8,5,5,50,11,9,1,5,4,5,13,4,4,9,5,4,2,18,1,25,2,9,5,1,7,5,1,10,2,17,42,1,21,121.5150511,25.047654
114,08,18,08,34,2,01大同區,大同區市民大道1段與承德路1段口,0,0,1,1,C03,8,6,5,40,4,2,1,5,4,5,13,2,1,8,3,5,1,16,1,84,4,11,3,4,7,9,7,19,11,14,44,2,22,121.5166291,25.0488764
114,08,18,09,03,2,07信義區,信義區松仁路與松仁路95巷口,0,0,1,1,B01,8,6,5,50,3,2,1,5,4,5,13,4,4,1,4,5,2,12,1,58,3,10,3,4,7,15,1,4,1,2,100,1,21,121.5685164,25.0367616
114,08,18,09,05,2,07信義區,信義區市民大道5段與東興路口口,0,0,1,1,B03,8,5,5,50,4,1,1,5,4,5,13,2,1,1,4,5,2,16,1,55,3,10,3,4,7,6,1,8,1,6,9,1,22,121.565953,25.0481673
114,08,18,09,16,2,08士林區,士林區至善路2段與至善路2段25巷口,0,0,1,1,C03,8,5,5,50,4,1,1,5,4,5,13,2,1,1,4,5,2,13,1,38,2,9,6,1,7,10,1,9,1,11,100,1,21,121.5445542,25.0971634
114,08,18,09,35,2,01大同區,大同區承德路1段與華陰街口,0,0,2,1,C03,8,6,5,50,4,2,1,5,4,5,13,2,1,8,3,5,1,13,1,61,2,9,6,1,7,9,1,10,2,11,16,1,21,121.5167482,25.0500706
114,08,18,09,36,2,05中正區,中正區青島東路與鎮江街口,0,0,1,1,B03,8,6,5,40,4,1,1,5,4,5,13,2,1,5,4,4,2,9,1,69,3,10,7,1,7,6,1,8,2,2,108,1,22,121.5213313,25.04401551
114,08,18,09,39,2,04大安區,大安區基隆路3段與辛亥路3段口,0,0,1,1,B03,8,5,5,50,5,2,1,5,4,5,13,2,1,1,4,5,2,9,1,63,3,10,3,4,7,11,1,8,1,5,131,1,21,121.5463777,25.0190627
114,08,18,10,20,2,08士林區,士林區延平北路7段1105902燈桿,0,0,1,1,B03,8,6,5,40,14,7,1,5,4,5,13,4,4,9,4,4,1,17,1,69,3,10,7,1,7,11,1,8,2,8,10,1,21,121.4886555,25.1021232