發生年度,發生月,發生日,發生時-Hours,發生分,處理別-編號,區序,肇事地點,死亡人數,2-30日死亡人數,受傷人數,當事人序號,車種,天候,光線,道路類別,速限-速度限制,道路型態,事故位置,路面狀況1,路面狀況2,路面狀況3,道路障礙1,道路障礙2,號誌1,號誌2,車道劃分-分向,車道劃分-分道1,車道劃分-分道2,車道劃分-分道3,事故類型及型態,性別,年齡,受傷程度,主要傷處,保護裝置,行動電話,車輛用途,當事者行動狀態,駕駛資格情形,駕駛執照種類,飲酒情形,車輛撞擊部位1,肇因碼-個別,個人肇逃否,職業,座標-X,座標-Y
114,08,18,11,05,2,03中山區,中山區長安東路2段109號,0,0,1,1,B03,8,6,5,50,14,9,1,5,4,5,13,4,4,9,4,5,2,17,1,48,3,10,3,4,7,13,1,8,1,4,40,1,21,121.5356362,25.0484969
114,08,18,11,11,2,02萬華區,萬華區西園路2段與莒光路口,0,0,1,1,B12,8,6,5,50,3,1,1,5,4,5,13,2,1,1,4,4,2,16,1,66,3,10,3,4,7,6,1,8,1,2,9,1,22,121.4968724,25.0310366
114,08,18,12,43,2,12內湖區,內湖區港墘路37巷與內湖路1段737巷口,0,0,2,1,C03,8,5,5,50,4,1,1,5,4,5,13,1,1,5,2,5,2,15,1,71,2,9,5,1,7,9,1,10,1,11,81,1,21,121.5791926,25.08206928
114,08,18,12,47,2,05中正區,中正區中山南路與濟南路1段口,0,0,2,1,F01,8,6,5,50,3,3,1,5,4,4,12,2,1,5,4,5,2,17,1,23,2,5,4,1,7,9,8,20,9,11,4,2,22,121.5187719,25.0433761
114,08,18,13,10,2,08士林區,士林區文昌路與美崙街口,0,0,2,1,B03,7,5,5,50,4,1,1,5,4,5,13,2,1,3,5,5,1,17,1,47,2,5,7,1,7,5,1,8,2,4,44,1,21,121.520966,25.09648393
114,08,18,13,10,2,11南港區,南港區南深路與南深路口燈號017南往北方向,0,0,1,1,B12,8,6,5,40,3,1,1,5,4,5,13,4,4,3,1,4,2,12,1,42,3,10,3,4,7,11,1,8,2,8,10,1,21,121.6229943,25.0329845
114,08,18,13,51,2,07信義區,信義區光復南路與信義路4段口,0,0,1,1,B12,8,6,5,50,4,2,1,5,4,5,13,1,1,1,4,5,2,17,1,22,3,10,7,1,7,9,1,8,2,17,44,1,22,121.557742,25.0330335
114,08,18,14,00,2,03中山區,中山區民權東路2段與松江路口,0,0,1,1,A04,7,6,5,50,4,1,1,5,4,5,13,1,1,3,4,5,2,9,1,52,3,10,7,1,7,15,1,2,1,17,118,1,21,121.5329625,25.0624895
114,08,18,14,21,2,07信義區,信義區松德路99號,0,0,1,1,C03,8,6,5,30,14,8,1,5,4,5,13,4,4,1,4,4,2,17,2,26,3,10,6,1,7,2,1,10,11,13,12,1,22,121.5757909,25.038004
114,08,18,14,30,2,06松山區,松山區八德路3段12巷與八德路3段口,0,0,1,1,B03,8,7,5,50,4,1,1,5,4,5,13,1,1,9,4,5,2,17,1,45,3,10,7,1,7,5,1,8,2,2,8,1,21,121.5507398,25.0481659
114,08,18,15,35,2,06松山區,松山區民生東路5段85號,0,0,1,1,C03,7,6,5,50,14,9,1,5,4,5,13,4,4,1,4,5,2,16,1,41,2,9,6,1,7,15,1,10,2,13,108,1,22,121.5588193,25.0586046
114,08,18,17,00,2,09北投區,北投區溫泉路與溫泉路73巷口,0,0,1,1,C03,8,5,5,30,3,2,1,5,4,5,13,4,4,10,4,5,1,17,1,62,3,10,5,1,7,9,1,10,9,17,32,2,21,121.5051889,25.1355864
114,08,18,17,18,2,04大安區,大安區辛亥路1段136號與辛亥路1段口,0,0,2,1,C03,8,7,5,50,3,2,1,5,4,5,13,4,4,9,4,4,1,17,2,23,2,9,3,4,7,5,1,9,1,12,72,1,22,121.5336352,25.0222254
114,08,18,17,23,2,07信義區,信義區逸仙路50巷與逸仙路口,0,0,1,1,C03,8,6,5,50,3,2,1,5,4,5,13,4,4,9,5,5,2,17,1,20,2,8,6,1,7,6,1,10,1,14,72,1,21,121.5616223,25.0407005
114,08,18,17,40,2,03中山區,中山區建國北路1段150號停車場車道,0,0,1,1,C03,7,5,8,0,22,22,1,5,4,5,13,4,4,10,5,5,2,17,2,60,3,10,5,1,7,1,1,10,1,11,19,1,21,121.5364923,25.05132444
114,08,18,18,02,2,11南港區,南港區南港路1段與中南街口口,0,0,2,1,C03,8,6,5,50,14,9,1,5,4,5,13,2,1,5,2,5,2,12,1,34,2,7,3,4,7,12,1,10,2,14,16,1,22,121.615559,25.0552918
114,08,18,18,03,2,12內湖區,內湖區民權東路6段與成功路2段口,0,0,1,1,C03,8,7,5,50,3,2,1,5,4,5,13,1,1,1,4,5,1,17,1,37,3,10,6,1,7,6,1,10,1,12,9,1,21,121.5903969,25.0688808
114,08,18,18,52,2,04大安區,大安區辛亥路3段310號,0,0,1,1,C04,8,5,5,50,14,9,1,5,4,5,13,1,1,1,4,1,2,12,2,58,2,9,3,4,7,7,1,11,1,14,100,1,21,121.5527162,25.0142755
114,08,18,20,10,2,11南港區,南港區南港路1段360號對面西往東站牌,0,0,1,1,A02,8,6,8,40,14,8,1,5,4,5,13,4,4,9,4,4,2,9,1,49,3,10,3,4,7,1,1,2,2,17,44,1,21,121.6071859,25.0543922
114,08,18,20,57,2,10文山區,文山區木柵路3段（靠近萬壽橋）,0,0,1,1,B03,7,5,5,50,14,9,1,5,4,5,13,1,1,5,4,5,2,13,1,27,3,10,3,4,7,9,1,8,1,8,108,1,22,121.5710794,24.9912419
114,08,18,21,36,2,01大同區,大同區民權西路與蘭州街口,0,0,1,1,C03,7,5,5,50,4,1,1,5,4,5,13,2,1,1,4,5,2,16,2,32,2,9,3,4,7,5,1,10,1,14,8,1,21,121.5147283,25.06293006
114,08,18,22,07,2,03中山區,中山區長安東路1段與長安東路1段56巷口,0,0,2,1,B01,7,5,5,50,4,1,1,5,4,5,13,4,4,9,5,5,2,16,1,55,3,10,7,1,7,11,1,4,1,8,10,1,22,121.5290758,25.0481007
114,08,18,22,21,2,10文山區,文山區景中街與景後街口,0,0,1,1,C03,8,5,5,50,4,1,1,5,4,5,13,2,1,9,5,5,2,20,1,45,2,9,6,1,7,1,1,10,1,11,108,1,21,121.5432932,24.99272974
114,08,18,22,45,2,08士林區,士林區芝玉路2段與芝玉路2段20巷口,0,0,2,1,C03,7,5,5,30,4,1,1,5,4,5,13,4,4,10,5,5,1,15,1,35,3,10,5,1,7,9,1,10,1,11,75,1,21,121.5343838,25.110401
114,08,18,23,44,2,04大安區,大安區市民大道4段與光復南路口,0,0,1,1,B01,8,5,5,40,5,2,1,5,4,5,13,1,1,10,5,5,2,16,1,63,3,10,7,1,7,6,1,4,1,5,9,1,21,121.5576505,25.044884
114,08,19,00,27,2,02萬華區,萬華區寶興街與民和街口,0,0,2,1,C03,8,5,5,50,3,1,1,5,4,5,13,4,4,9,4,5,1,17,1,19,2,8,5,1,7,5,1,10,1,11,8,1,21,121.4950984,25.0243344
114,08,19,06,20,2,12內湖區,內湖區潭美街與安康路22巷口,0,0,1,1,,8,6,5,40,3,1,1,5,4,5,13,2,1,5,5,5,2,17,4,0,,,,,,,,,,,119,2,,121.5938898,25.0610389
114,08,19,06,51,2,04大安區,大安區信義路3段147巷與仁愛路3段口,0,0,1,1,C03,7,6,5,30,3,1,1,5,4,5,13,2,1,1,4,1,2,16,2,44,2,9,3,4,7,5,1,10,1,11,72,1,22,121.5419438,25.0378039
114,08,19,07,20,2,07信義區,信義區吳興街284巷30弄與吳興街284巷口,0,0,1,1,C03,8,6,5,30,3,1,1,5,4,5,13,4,4,10,5,5,2,17,1,30,2,7,6,1,7,6,1,10,1,11,9,1,22,121.56188,25.0229075
114,08,19,07,30,2,03中山區,中山區明水路341號對面,0,0,1,1,C03,8,6,5,50,14,9,1,5,4,5,13,4,4,1,5,5,1,12,1,34,3,10,3,4,7,13,1,9,1,17,39,1,21,121.544878,25.07740588
114,08,19,07,40,2,06松山區,松山區民權東路4段與三民路口,0,0,2,1,C03,8,7,5,50,3,1,1,5,4,5,13,1,1,1,4,4,2,13,1,21,2,9,6,1,7,9,1,10,2,12,16,1,21,121.5627868,25.0627455
114,08,19,07,44,2,05中正區,中正區忠孝西路1段102號號,0,0,1,1,C03,8,6,5,50,14,9,1,5,4,3,13,4,4,3,4,5,2,13,1,21,2,9,5,1,7,7,1,10,1,11,100,1,22,121.5127092,25.04730056
114,08,19,07,47,2,08士林區,士林區延平北路6段180號,0,0,1,1,B03,8,7,5,50,14,9,1,5,4,5,13,4,4,7,5,5,2,17,1,22,3,10,7,1,7,1,1,8,2,1,19,1,21,121.5058566,25.0894828
114,08,19,07,57,2,07信義區,信義區仁愛路4段496巷與光復南路419巷口,0,0,1,1,C03,8,7,5,30,4,1,1,5,4,5,13,4,4,10,5,5,2,3,1,78,3,10,5,1,7,6,1,10,1,11,108,1,21,121.5603654,25.0364852
114,08,19,07,58,2,10文山區,文山區興隆路2段與興隆路2段154巷口,0,0,1,1,C03,8,6,5,50,3,2,1,5,4,5,13,2,1,1,4,5,2,17,1,25,2,9,6,1,7,7,1,10,1,12,108,1,21,121.5510711,25.0017213
114,08,19,08,00,2,04大安區,大安區新生南路3段與新生南路3段98巷口,0,0,1,1,B03,8,5,5,50,5,2,1,5,4,5,13,2,1,8,3,5,1,12,1,68,3,10,7,1,7,9,1,8,1,2,108,1,21,121.5334698,25.01724
114,08,19,08,00,2,09北投區,北投區雙溪河濱公園自行車道045燈桿,0,0,2,1,F01,8,6,8,0,14,23,1,5,4,5,13,4,4,9,5,5,2,10,2,35,2,9,6,1,7,9,8,20,1,11,108,1,21,121.5183568,25.04847309
114,08,19,08,02,2,12內湖區,內湖區瑞光路26巷與瑞光路口,0,0,1,1,B03,8,6,5,50,3,1,1,5,4,5,13,1,1,10,5,5,2,16,2,45,3,10,7,1,7,5,1,8,2,1,71,1,21,121.5834172,25.0696705
114,08,19,08,10,2,04大安區,大安區仁愛路3段118巷3弄與信義路3段147巷36弄口,0,0,1,1,B03,8,7,5,30,3,2,1,5,4,5,13,4,4,10,5,5,2,17,1,44,3,10,3,4,7,5,1,8,1,1,98,1,21,121.5408229,25.0371473
114,08,19,08,14,2,03中山區,中山區長安東路2段與長安東路2段201巷口,0,0,2,1,F01,8,7,8,50,4,1,1,5,4,5,13,4,4,5,4,5,2,17,1,76,2,9,3,4,7,5,8,20,1,14,94,1,21,121.54349,25.0482708
114,08,19,08,26,2,02萬華區,萬華區漢口街2段90巷與昆明街74巷口,0,0,2,1,C03,8,7,5,30,4,1,1,5,4,5,13,4,4,10,5,5,2,10,2,41,2,9,5,1,7,9,1,10,1,11,14,1,22,121.5042208,25.0458108
114,08,19,08,37,2,04大安區,大安區辛亥路2段與辛亥路2段171巷口,0,0,1,1,C03,8,7,5,40,3,2,1,5,4,5,13,2,1,1,4,4,1,13,1,42,2,9,3,4,7,9,1,10,1,11,100,1,21,121.5415183,25.0216413
114,08,19,08,45,2,03中山區,中山區北安路與大直橋口,0,0,1,1,C03,8,7,5,50,4,2,1,5,4,5,13,1,1,1,2,5,2,13,2,30,3,10,6,1,7,9,1,10,1,11,108,1,21,121.5445632,25.07937779
114,08,19,08,58,2,09北投區,北投區立功街96號,0,0,1,1,C03,8,5,5,50,14,9,1,5,4,5,13,4,4,9,4,5,2,7,2,54,3,10,5,1,7,9,1,10,1,11,44,1,21,121.4708131,25.1256459
114,08,19,08,59,2,04大安區,大安區敦化南路2段與四維路154巷口,0,0,1,1,B12,8,5,5,50,4,2,1,5,4,5,13,2,1,1,4,5,2,17,1,29,3,10,3,4,7,5,1,8,2,8,8,1,21,121.5487522,25.0308619
114,08,19,09,20,2,08士林區,士林區文林路與中正路口,0,0,1,1,B01,8,7,5,50,4,1,1,5,4,5,13,1,1,1,5,5,2,17,1,60,3,10,7,1,7,6,1,3,1,1,9,1,21,121.524749,25.0949632
114,08,19,09,20,2,09北投區,北投區承德路7段與公館路口,0,0,2,1,C03,8,6,5,60,4,2,1,5,4,5,13,2,1,1,4,4,2,13,1,47,2,9,5,1,7,9,1,10,2,11,16,1,21,121.5017867,25.1193929
114,08,19,09,46,2,06松山區,松山區市民大道4段與光復南路口,0,0,1,1,C03,8,6,5,40,14,9,1,5,4,5,13,4,4,1,4,5,2,12,1,53,3,10,6,1,7,8,6,10,2,12,100,1,22,121.5573922,25.0451678
114,08,19,10,21,2,12內湖區,內湖區金龍路與內湖路口側附近2段口,0,0,1,1,B03,7,6,5,50,4,2,1,5,4,5,13,4,4,4,5,4,2,16,1,71,3,10,7,1,7,6,1,8,2,4,9,1,21,121.5938713,25.0847422
114,08,19,10,25,2,05中正區,中正區重慶南路2段與寧波西街口,0,0,2,1,C03,8,7,5,50,4,1,1,5,4,5,13,1,1,1,4,5,2,17,1,38,3,10,5,1,7,8,1,9,1,12,100,1,22,121.5151797,25.0297722
114,08,19,10,32,2,08士林區,士林區中正路與福港街口,0,0,1,1,B01,8,5,5,50,3,1,1,5,4,5,13,2,1,5,4,5,2,17,1,62,3,10,3,4,7,5,1,4,1,2,8,1,22,121.5178127,25.0917016
114,08,19,10,34,2,05中正區,中正區市民大道1段與中山北路1段口,0,0,1,1,C03,8,6,5,40,4,1,1,5,4,5,13,1,1,1,4,5,1,13,2,45,2,9,5,1,7,9,1,10,1,11,16,1,21,121.5205804,25.0479909
114,08,19,10,39,2,08士林區,士林區中山北路5段與福國路口,0,0,1,1,B03,8,5,5,50,3,2,1,5,4,5,13,2,1,1,4,5,2,12,1,56,3,10,7,1,7,8,1,8,1,2,100,1,21,121.5255666,25.1022637
114,08,19,10,40,2,11南港區,南港區昆陽街157巷19號對面,0,0,3,1,C03,8,7,5,50,14,9,1,5,4,5,13,4,4,5,4,5,2,12,1,36,2,7,5,1,7,9,1,10,2,14,44,1,21,121.5950068,25.0501544
114,08,19,11,00,2,03中山區,中山區中山北路3段8號,0,0,2,1,C03,8,7,5,30,14,9,1,5,4,5,13,4,4,10,5,5,2,3,2,32,2,9,6,1,7,9,1,10,1,11,108,1,21,121.5222147,25.06468113
114,08,19,11,03,2,03中山區,中山區民權東路1段與林森北路口,0,0,1,1,B01,8,5,5,50,4,1,1,5,4,5,13,1,1,1,4,5,2,17,1,63,3,10,3,4,7,11,1,4,1,17,10,1,21,121.5256974,25.06225582
114,08,19,11,05,2,12內湖區,內湖區瑞湖街與陽光街口,0,0,1,1,C03,7,5,6,50,4,2,1,5,4,5,13,1,1,5,5,5,2,17,2,52,2,9,5,1,7,9,1,10,2,11,44,1,21,121.5760282,25.0728667
114,08,19,11,45,2,01大同區,大同區大稻埕堤外便道往南機車停車格,0,0,2,1,C04,8,6,5,40,14,9,1,5,4,5,13,4,4,9,4,5,1,16,1,33,3,10,5,1,7,5,1,10,1,13,8,1,21,121.5079951,25.0565911
114,08,19,11,46,2,01大同區,大同區酒泉街66號,0,0,1,1,B13,8,6,5,50,14,9,1,5,4,5,13,4,4,8,3,5,1,9,1,25,3,10,3,4,7,2,1,8,2,3,12,1,21,121.5153895,25.0719582
114,08,19,12,00,2,03中山區,中山區南京西路12巷9號,0,0,1,1,B01,8,7,5,30,14,9,1,5,4,5,13,4,4,10,5,5,2,1,1,56,3,10,7,1,7,9,1,4,9,5,108,1,22,121.5210922,25.05014304
114,08,19,12,00,2,09北投區,北投區溫泉路58巷與公館路63巷6弄口,0,0,1,1,B03,8,6,5,30,4,1,1,5,4,5,13,4,4,10,5,5,2,15,1,57,3,10,7,1,7,9,1,8,2,8,72,1,21,121.5053487,25.1336344
114,08,19,12,20,2,12內湖區,內湖區康寧路3段56巷與民權東路6段280巷155弄口,0,0,1,1,B12,8,6,5,30,4,1,1,5,4,5,13,4,4,10,5,5,2,15,1,41,3,10,7,1,7,9,1,8,2,8,72,1,21,121.6090087,25.0685996
114,08,19,12,28,2,03中山區,中山區北安路與大直街口,0,0,1,1,B03,7,6,5,50,4,1,1,5,4,5,13,1,1,3,4,5,2,17,2,27,3,10,7,1,7,5,1,8,1,8,98,1,21,121.5472594,25.07985342
114,08,19,13,05,2,05中正區,中正區忠孝西路1段114號,0,0,1,1,B03,8,6,5,50,11,9,1,5,4,5,13,4,4,3,4,5,2,12,1,26,3,10,2,1,7,8,1,8,2,2,100,1,22,121.5120042,25.0475126
114,08,19,13,30,2,02萬華區,萬華區中華路2段364巷與中華路2段364巷22弄口,0,0,2,1,C03,8,6,5,30,3,1,1,5,4,5,13,4,4,10,5,5,2,9,1,55,2,5,6,4,7,9,1,10,1,11,108,1,21,121.5042791,25.028892
114,08,19,13,32,2,07信義區,信義區忠孝東路5段與林口街口,0,0,1,1,C03,8,6,5,50,5,1,1,5,4,5,13,1,1,9,4,5,2,17,1,70,3,10,5,1,7,9,1,10,1,12,17,1,21,121.5811737,25.0429443
114,08,19,14,05,2,08士林區,士林區中正路626號,0,0,2,1,C03,7,7,5,50,14,9,1,5,4,5,13,2,1,1,3,5,2,12,1,47,2,8,5,1,7,9,1,10,1,11,108,1,22,121.5086228,25.0866863
114,08,19,14,11,2,02萬華區,萬華區西園路2段296號,0,0,1,1,B03,8,5,5,50,14,9,1,5,4,5,13,1,1,9,4,5,2,17,2,41,3,10,7,4,7,9,3,18,1,2,108,1,21,121.4930797,25.0264551
114,08,19,14,38,2,12內湖區,內湖區港華街39號,0,0,1,1,C03,7,6,5,30,22,18,1,5,4,5,13,4,4,9,5,5,2,3,1,50,3,10,6,1,7,9,1,10,1,11,70,1,22,121.5751644,25.0829828
114,08,19,14,45,2,07信義區,信義區忠孝東路4段與逸仙路口,0,0,1,1,B01,8,7,5,50,4,1,1,5,4,5,13,1,1,1,4,5,2,13,1,67,3,10,3,4,7,9,1,4,1,1,42,1,21,121.5618663,25.0413236
114,08,19,15,08,2,06松山區,松山區敦化北路4巷與敦化北路4巷25弄口,0,0,1,1,B03,8,7,5,30,3,1,1,5,4,5,13,4,4,10,5,5,2,17,1,70,3,10,7,4,7,5,1,8,1,8,74,1,22,121.5462567,25.0501208
114,08,19,15,20,2,06松山區,松山區八德路4段765號,0,0,1,1,C03,8,7,5,50,14,7,1,5,4,5,13,1,1,5,4,4,2,13,1,62,2,9,5,1,7,9,1,10,1,14,16,1,26,121.5780819,25.0510894
114,08,19,15,27,2,02萬華區,萬華區西園路1段與長沙街2段口,0,0,1,1,B01,8,5,5,50,4,1,1,5,4,5,13,2,1,9,5,5,2,9,1,52,3,10,7,1,7,5,1,3,1,1,70,1,21,121.5000495,25.0411812
114,08,19,16,00,2,04大安區,大安區仁愛路4段345巷與仁愛路4段345巷2弄口,0,0,1,1,B01,8,7,5,30,4,2,1,5,4,5,13,4,4,10,5,5,2,15,1,43,2,1,3,4,7,9,1,4,1,1,72,1,21,121.5540614,25.038474
114,08,19,16,21,2,07信義區,信義區松山路522號,0,0,2,1,B03,8,7,5,50,14,9,1,5,4,5,13,4,4,5,5,5,2,17,2,57,3,10,3,4,7,14,1,8,2,4,40,1,21,121.5781751,25.0379237
114,08,19,16,25,2,05中正區,中正區八德路1段82巷7號,0,0,1,1,B03,8,6,5,30,22,9,1,5,4,5,13,4,4,10,5,5,1,1,1,55,3,10,7,1,7,6,1,8,2,8,108,1,21,121.5319234,25.0437006
114,08,19,16,35,2,12內湖區,內湖區康樂街136巷29弄45號,0,0,1,1,C03,8,7,5,30,14,9,1,5,4,5,13,4,4,10,5,5,2,17,2,60,2,9,5,1,7,6,1,10,1,12,108,1,21,121.6178872,25.0731748
114,08,19,16,40,2,02萬華區,萬華區環河南路1段276號,0,0,1,1,C03,8,5,8,40,22,22,1,5,4,5,13,4,4,10,5,5,2,17,1,74,2,9,3,4,7,15,1,10,1,13,100,1,21,121.5002688,25.0422515
114,08,19,17,16,2,09北投區,北投區大度路3段與中央北路4段口東往西方向,0,0,1,1,B03,8,5,5,50,4,2,1,5,4,5,13,1,1,9,4,5,1,17,1,33,3,10,7,1,7,6,1,8,1,2,9,1,21,121.4645294,25.1239021
114,08,19,17,40,2,08士林區,士林區重陽橋路燈270666,0,0,1,1,C03,8,6,5,25,14,11,1,5,4,5,13,4,4,1,4,5,1,13,1,68,2,9,6,1,7,9,1,9,1,11,16,1,22,121.5037116,25.0853708
114,08,19,17,42,2,11南港區,南港區南港路1段與經貿二路口,0,0,1,1,B03,7,6,5,50,4,1,1,5,4,5,13,2,1,1,3,4,2,15,1,65,3,10,3,4,7,15,1,8,1,1,9,1,21,121.6167415,25.055299
114,08,19,17,54,2,09北投區,北投區文林北路與文林北路75巷口,0,0,1,1,C03,8,7,5,50,4,2,1,4,4,5,13,2,1,1,4,4,2,5,1,23,2,9,6,1,7,9,1,10,1,12,42,1,22,121.5154775,25.1068739
114,08,19,18,15,2,03中山區,中山區北安路自強隧道圓環西向東人行道上,0,0,1,1,F01,8,5,5,0,14,20,4,5,4,5,13,4,4,10,5,5,2,1,1,16,3,10,2,1,7,9,8,20,1,11,42,1,16,121.5499372,25.08480896
114,08,19,18,20,2,09北投區,北投區立賢路168-1號號與立賢路口東往西方向,0,0,1,1,B12,7,5,5,50,3,2,1,5,4,5,13,1,1,9,4,5,1,17,1,73,3,10,7,1,7,5,1,8,1,6,8,1,21,121.5022334,25.1142832
114,08,19,18,32,2,03中山區,中山區新生北路2段與新生高架道口迴轉道,0,0,1,1,C03,7,7,5,50,4,2,1,5,4,5,13,4,4,10,5,5,1,15,2,43,2,8,5,1,7,1,1,10,1,12,19,1,21,121.5278609,25.05610989
114,08,19,18,32,2,04大安區,大安區忠孝東路4段與大安路1段口,0,0,1,1,A02,8,5,5,50,4,2,1,5,4,5,13,2,1,1,4,5,2,17,1,61,3,10,3,4,7,9,1,2,1,17,44,1,21,121.5462709,25.0416955
114,08,19,18,47,2,10文山區,文山區羅斯福路5段與羅斯福路5段192巷口,0,0,1,1,C03,8,5,5,50,3,1,1,5,4,5,13,2,1,1,4,5,2,17,1,19,2,8,5,1,7,9,1,10,2,14,108,1,21,121.5386129,25.0037306
114,08,19,19,05,2,01大同區,大同區鄭州路139號,0,0,2,1,C03,7,5,5,40,14,9,1,5,4,5,13,4,4,1,4,5,2,17,2,45,2,9,3,4,7,9,1,10,1,11,16,1,21,121.5101677,25.0503484
114,08,19,20,18,2,12內湖區,內湖區東湖路149號,0,0,1,1,C03,7,5,5,50,14,9,1,5,4,5,13,4,4,5,4,5,2,17,1,22,2,9,5,1,7,9,1,9,2,11,116,1,21,121.6173442,25.0680516
114,08,19,21,35,2,03中山區,中山區龍江路與龍江路345巷口,0,0,2,1,F01,7,5,5,0,14,20,4,5,4,5,13,4,4,10,5,5,2,2,1,16,2,7,2,1,7,9,8,20,1,11,42,1,16,121.5409451,25.06330435
114,08,19,21,55,2,07信義區,信義區忠孝東路5段與忠孝東路5段524巷口,0,0,1,1,B03,7,5,5,50,4,18,1,5,4,5,13,2,1,1,4,5,2,3,2,22,3,10,7,1,7,5,3,18,2,1,70,1,21,121.5791093,25.0415247
114,08,19,23,22,2,11南港區,南港區忠孝東路7段與忠孝東路7段265巷口,0,0,2,1,C03,7,5,5,50,4,2,1,5,4,5,13,1,1,1,4,5,2,13,2,20,2,9,6,1,7,9,1,10,1,11,16,1,21,121.603743,25.0517573
114,08,20,00,42,2,08士林區,士林區延平北路8段157巷社子攝影棚,0,0,1,1,B03,8,5,5,30,14,9,1,5,4,5,13,4,4,10,5,5,2,17,2,36,3,10,7,1,7,1,1,8,1,4,19,1,26,121.4779144,25.10478342
114,08,20,00,47,2,08士林區,士林區仰德大道1段110號,0,0,2,1,C03,7,5,5,40,12,9,1,2,4,5,13,4,4,4,5,5,1,17,1,23,2,9,5,1,7,9,1,10,1,11,44,1,21,121.5345187,25.1078647
114,08,20,02,00,2,03中山區,中山區市民大道2段與林森北路口,0,0,1,1,C03,8,5,5,40,4,1,1,5,4,5,13,2,1,9,4,5,2,17,1,50,2,9,5,1,7,5,1,10,1,14,8,1,21,121.5242303,25.0478728
114,08,20,03,20,2,08士林區,士林區中山北路5段378巷與中山北路5段口,0,0,2,1,B03,7,5,5,50,3,2,1,5,4,5,13,4,4,3,4,5,1,23,1,37,2,8,3,4,7,9,1,8,2,8,108,1,21,121.5275554,25.0905404
114,08,20,04,20,2,01大同區,大同區鄭州路與西寧北路口,0,0,1,1,C03,7,5,5,50,4,2,1,5,4,5,13,2,1,1,4,5,2,17,1,27,2,9,3,4,7,15,1,10,1,11,81,1,21,121.508105,25.0504244
114,08,20,04,50,2,07信義區,信義區永吉路326巷與虎林街82巷口,0,0,2,1,C03,7,5,5,30,4,1,1,5,4,5,13,4,4,9,5,5,2,15,1,35,2,9,5,1,7,9,1,9,2,12,72,1,21,121.5753912,25.0433802
114,08,20,06,43,2,04大安區,大安區辛亥路2段與建國南路2段口,0,0,1,1,,8,6,5,50,3,1,1,5,4,5,13,2,1,1,4,5,2,17,4,0,,,,,,,,,11,,119,2,,121.5378172,25.0225969
114,08,20,06,49,2,03中山區,中山區中山北路2段與民權西路口,0,0,2,1,C03,8,7,5,50,4,1,1,5,4,5,13,1,1,1,4,5,2,17,1,24,2,9,5,1,7,10,1,10,1,13,102,1,21,121.5225246,25.0626551
114,08,20,06,55,2,09北投區,北投區大同街204巷與永興路1段32巷口,0,0,1,1,F03,8,5,5,30,4,1,1,5,4,5,13,4,4,5,5,5,2,17,1,85,2,9,3,4,7,9,8,20,2,12,72,1,21,121.5001227,25.1380536
114,08,20,07,15,2,01大同區,大同區延平北路3段19號,0,0,2,1,C03,8,6,5,50,14,9,1,5,4,5,13,4,4,9,4,5,2,13,2,45,2,9,5,1,7,9,1,10,1,11,16,1,21,121.5111504,25.0641937
114,08,20,08,05,2,06松山區,松山區塔悠路與松河街口,0,0,1,1,C03,8,7,5,50,4,1,1,5,4,5,13,1,1,1,4,5,2,13,2,25,2,8,6,1,7,9,1,10,2,11,108,1,21,121.5710025,25.0509903
114,08,20,08,10,2,12內湖區,內湖區民權東路6段與行愛路口,0,0,1,1,C03,7,6,5,50,4,1,1,5,4,5,13,1,1,10,5,5,2,15,4,0,,,,,,,,,,,119,2,,121.5785707,25.066658
114,08,20,08,22,2,12內湖區,內湖區舊宗路2段與港墘路附近口,0,0,1,1,B03,8,6,5,50,14,9,1,5,4,5,13,4,4,1,4,5,2,12,1,40,3,10,7,1,7,7,1,8,1,5,100,1,21,121.5730166,25.0738124
114,08,20,08,32,2,12內湖區,內湖區文德路214號前,0,0,1,1,B03,8,5,5,50,14,9,1,5,4,5,13,4,4,1,4,4,2,16,1,67,3,10,7,1,7,10,1,8,1,7,100,1,21,121.584692,25.0784938
114,08,20,08,33,2,05中正區,中正區南昌路1段與福州街口,0,0,2,1,C03,8,7,5,50,4,1,1,5,4,5,13,1,1,5,5,5,2,17,1,53,2,8,5,1,7,5,1,10,2,12,74,1,22,121.5188973,25.0290311
114,08,20,08,50,2,03中山區,中山區民權東路3段20號,0,0,1,1,C03,8,7,5,50,14,9,1,5,4,5,13,4,4,1,4,5,2,13,1,22,2,8,6,4,7,7,1,10,1,11,100,1,21,121.5413864,25.06233698
114,08,20,08,55,2,05中正區,中正區汀州路3段與羅斯福路3段316巷口,0,0,2,1,C03,8,6,5,30,3,1,1,5,4,5,13,4,4,5,4,5,2,17,1,41,2,9,5,1,7,5,1,10,1,11,4,1,21,121.5319027,25.0153469
114,08,20,09,00,2,08士林區,士林區延平北路6段與中正路口,0,0,1,1,C04,8,6,5,50,4,1,1,5,4,5,13,1,1,1,4,5,1,17,1,18,3,10,3,4,7,7,1,10,1,12,100,1,21,121.5093089,25.0868891
114,08,20,09,41,2,12內湖區,內湖區舊宗路1段與民權東路口側附近6段口,0,0,1,1,B03,7,6,5,50,4,1,1,5,4,5,13,4,4,1,3,5,1,16,2,44,3,10,7,1,7,6,1,8,1,2,98,1,21,121.575295,25.0656176