發生年度,發生月,發生日,發生時-Hours,發生分,處理別-編號,區序,肇事地點,死亡人數,2-30日死亡人數,受傷人數,當事人序號,車種,天候,光線,道路類別,速限-速度限制,道路型態,事故位置,路面狀況1,路面狀況2,路面狀況3,道路障礙1,道路障礙2,號誌1,號誌2,車道劃分-分向,車道劃分-分道1,車道劃分-分道2,車道劃分-分道3,事故類型及型態,性別,年齡,受傷程度,主要傷處,保護裝置,行動電話,車輛用途,當事者行動狀態,駕駛資格情形,駕駛執照種類,飲酒情形,車輛撞擊部位1,肇因碼-個別,個人肇逃否,職業,座標-X,座標-Y
114,08,20,10,07,2,12內湖區,內湖區金龍路47巷與無名巷口,0,0,1,1,F03,8,6,5,30,14,9,1,5,4,3,10,4,4,10,5,5,2,11,1,50,2,9,5,1,7,9,8,20,1,14,108,1,21,121.5935465,25.0857114
114,08,20,10,17,2,03中山區,中山區南京東路3段89巷15弄與南京東路3段89巷口,0,0,1,1,B03,8,7,5,30,4,1,1,5,4,5,13,4,4,9,5,5,2,17,1,54,3,10,7,1,7,9,1,8,2,1,72,1,21,121.5383194,25.0530384
114,08,20,10,20,2,07信義區,信義區和平東路3段與崇德街口,0,0,1,1,C03,8,6,5,50,5,1,1,5,4,5,13,1,1,1,4,5,2,13,2,62,3,10,6,4,7,6,1,10,1,11,16,1,21,121.5530283,25.0240616
114,08,20,10,27,2,01大同區,大同區民族西路118號,0,0,1,1,B01,8,6,5,50,14,9,1,5,4,5,13,1,1,8,3,5,1,16,1,51,3,10,3,4,7,11,1,4,2,5,10,1,21,121.5168023,25.0685076
114,08,20,10,37,2,03中山區,中山區北安路139號,0,0,1,1,C03,8,7,5,30,14,9,1,5,4,5,13,4,4,1,4,5,2,17,1,27,2,9,5,1,7,9,1,10,1,12,44,1,22,121.5327067,25.0779838
114,08,20,11,03,2,05中正區,中正區八德路1段與臨沂街口,0,0,1,1,B03,8,6,5,50,3,1,1,5,4,5,13,1,1,9,4,5,1,16,2,43,3,10,7,1,7,5,1,8,2,2,74,1,22,121.5307413,25.0438033
114,08,20,11,15,2,07信義區,信義區忠孝東路5段與忠孝東路5段524巷口,0,0,1,1,B03,8,6,5,30,4,1,1,5,4,5,13,2,1,5,5,5,2,16,1,32,3,10,3,4,7,6,1,8,2,8,9,1,22,121.5792952,25.0415573
114,08,20,11,24,2,12內湖區,內湖區舊宗路1段275號附近側附近,0,0,1,1,B03,7,6,5,50,14,9,1,5,4,5,13,4,4,1,3,4,2,16,1,51,3,10,7,1,7,9,1,8,1,2,44,1,21,121.5773539,25.0628264
114,08,20,11,28,2,04大安區,大安區新生南路1段與忠孝東路3段口,0,0,1,1,C03,8,6,5,50,4,1,1,5,4,5,13,1,1,1,5,5,2,16,1,20,2,9,3,4,7,9,1,10,1,11,44,1,21,121.5329905,25.0421274
114,08,20,11,29,2,03中山區,中山區濱江街99號前,0,0,1,1,B03,8,7,5,50,14,9,1,5,4,5,13,4,4,1,4,5,2,17,1,44,3,10,2,4,7,8,1,8,1,5,44,1,22,121.5345772,25.07320172
114,08,20,11,30,2,05中正區,中正區青島東路23號,0,0,2,1,C03,8,6,5,50,14,9,1,5,4,5,13,4,4,9,4,5,2,16,1,54,3,10,6,1,7,1,1,10,2,13,19,1,22,121.524377,25.0433101
114,08,20,11,35,2,07信義區,大安區信義路4段與光復南路口,0,0,1,1,C03,7,5,8,50,22,22,1,5,4,5,13,1,1,1,4,5,2,17,2,57,2,9,6,1,7,8,1,10,2,12,100,1,22,121.5574535,25.0329844
114,08,20,11,40,2,07信義區,信義區信義路5段與莊敬路口口,0,0,1,1,C03,8,6,5,50,4,1,1,5,4,5,13,2,1,1,3,1,2,12,2,52,2,8,6,2,7,8,1,10,1,12,100,1,21,121.5614698,25.0330849
114,08,20,11,45,2,12內湖區,內湖區堤頂大道1段與舊宗路2段口,0,0,1,1,B03,8,6,5,70,3,1,1,5,4,5,13,1,1,10,5,5,2,16,1,70,3,10,7,1,7,5,1,8,2,1,118,1,21,121.5732176,25.0727433
114,08,20,11,52,2,07信義區,信義區松隆路與永吉路口,0,0,1,1,B03,8,7,5,50,5,1,1,5,4,5,13,2,1,1,1,4,2,13,1,56,3,10,3,4,7,6,1,8,2,1,108,1,22,121.5708491,25.0457255
114,08,20,12,00,2,03中山區,中山區建國北路3段與農安街口,0,0,2,1,F01,8,7,5,50,4,1,1,5,4,5,13,1,1,1,4,5,2,12,1,65,2,8,5,1,7,7,8,20,2,12,100,1,21,121.536666,25.06492933
114,08,20,12,00,2,10文山區,文山區景興路85巷與景興路97巷口,0,0,1,1,C03,8,6,5,30,4,1,1,5,4,5,13,4,4,10,5,5,2,16,1,74,2,7,6,1,7,5,1,10,1,14,8,1,21,121.5453328,24.9954374
114,08,20,12,02,2,05中正區,中正區中華路2段51號與中華路2段口,0,0,1,1,B03,8,6,5,50,3,2,1,5,4,5,13,4,4,1,4,5,2,17,1,50,3,10,7,1,7,8,1,8,1,17,99,1,21,121.5061705,25.0348686
114,08,20,12,15,2,04大安區,大安區辛亥路3段與復興南路2段口,0,0,1,1,B03,7,6,5,50,14,9,1,5,4,5,13,1,1,1,4,1,2,13,2,41,3,10,3,4,7,9,1,8,1,1,108,1,21,121.5436586,25.0215194
114,08,20,12,30,2,09北投區,北投區大興街與公館路口,0,0,1,1,B03,8,6,5,40,4,1,1,5,4,5,13,2,1,5,5,5,1,16,2,42,3,10,7,1,7,5,1,8,2,1,71,1,21,121.5046285,25.1311032
114,08,20,13,09,2,10文山區,文山區興隆路3段36巷16弄與興隆路3段36巷口,0,0,1,1,B01,8,6,5,30,4,2,1,5,4,5,13,2,1,9,5,5,2,17,1,62,3,10,7,1,7,1,1,4,1,17,19,1,21,121.554859,24.9996436
114,08,20,13,42,2,01大同區,大同區承德路3段與敦煌路口,0,0,1,1,B03,8,6,5,50,14,9,2,5,4,5,13,2,2,9,4,4,2,17,1,50,3,10,7,4,7,6,1,8,1,2,85,1,21,121.5200688,25.0753518
114,08,20,13,50,2,07信義區,信義區崇德街206巷與富陽街55巷口口,0,0,1,1,B03,7,5,8,30,4,1,1,5,4,5,13,3,1,10,5,5,2,15,1,48,3,10,7,1,7,9,1,8,1,4,72,1,22,121.557669,25.0227312
114,08,20,13,54,2,05中正區,中正區愛國西路與博愛路口,0,0,1,1,B01,6,6,8,50,4,1,1,4,4,5,13,1,1,1,4,5,2,15,1,65,3,10,7,3,7,9,1,4,2,8,81,1,21,121.5107409,25.0356122
114,08,20,14,02,2,04大安區,大安區四維路6巷與仁愛路4段48巷口,0,0,1,1,F01,7,6,5,30,4,1,1,5,4,5,13,4,4,10,5,5,2,15,1,43,3,10,3,4,7,9,8,20,1,17,75,1,21,121.5470787,25.0371918
114,08,20,14,10,2,05中正區,中正區中華路1段與漢口街1段口,0,0,1,1,B01,6,5,5,50,4,2,1,4,4,5,13,1,1,1,3,1,2,17,1,65,3,10,7,1,7,8,1,4,1,4,100,1,21,121.509256,25.0448965
114,08,20,14,24,2,06松山區,松山區復興北路與五常街口,0,0,1,1,B01,6,6,5,50,4,1,1,4,4,5,13,2,1,1,5,5,2,16,1,56,3,10,3,4,7,5,1,8,1,1,71,1,21,121.5443716,25.0643759
114,08,20,14,35,2,02萬華區,萬華區貴陽街2段與西寧南路口,0,0,2,1,C03,6,7,5,50,4,1,1,4,4,5,13,2,1,10,4,5,2,16,2,24,2,8,5,4,7,6,1,10,1,11,9,1,22,121.5061405,25.0394059
114,08,20,15,21,2,07信義區,信義區莊敬路423巷與莊敬路423巷6弄口,0,0,1,1,B12,8,7,5,30,3,1,1,4,4,5,13,4,4,10,5,5,2,17,1,57,3,10,3,4,7,14,1,8,2,17,38,1,21,121.56685,25.0281594
114,08,20,16,01,2,03中山區,中山區中山北路3段與中山橋口,0,0,2,1,B03,6,6,5,50,5,2,1,4,4,5,13,1,1,8,3,5,1,17,1,43,3,10,7,1,7,9,1,8,1,1,108,1,21,121.5257707,25.07533922
114,08,20,16,14,2,07信義區,信義區仁愛路4段507號,0,0,1,1,C03,7,6,5,50,14,9,4,4,4,5,13,4,4,9,4,5,2,18,2,19,2,9,5,1,7,9,1,10,1,17,116,1,21,121.56222,25.0376514
114,08,20,16,38,2,03中山區,中山區市民大道3段與金山北路,0,0,1,1,B03,7,6,5,50,14,9,1,4,4,5,13,2,1,1,5,5,1,16,2,35,3,10,3,4,7,6,1,8,1,5,9,1,21,121.5306776,25.0461338
114,08,20,16,55,2,12內湖區,內湖區內湖路1段318號,0,0,2,1,C03,8,6,5,40,14,8,1,5,4,5,13,4,4,1,4,4,2,13,1,35,2,9,6,1,7,9,1,10,1,11,108,1,21,121.5702165,25.0816569
114,08,20,16,59,2,02萬華區,萬華區堤外便道與貴陽街2段口疏散門口,0,0,2,1,C03,6,7,7,40,14,11,1,4,4,5,13,2,1,3,4,5,2,9,1,55,2,9,5,1,7,9,1,10,1,17,44,1,22,121.4991305,25.0415527
114,08,20,16,59,2,02萬華區,萬華區堤外便道與貴陽街2段口疏散門口,0,0,1,1,C03,7,7,7,40,14,11,1,4,4,5,13,2,1,3,4,5,2,18,2,41,2,9,5,4,7,9,1,10,1,17,44,1,22,121.4991549,25.04157
114,08,20,17,02,2,11南港區,南港區福德街310巷12弄與福德街310巷口,0,0,1,1,C03,8,6,5,30,3,1,1,5,4,5,13,4,4,10,5,5,2,17,1,31,3,10,5,1,7,5,1,10,1,11,72,1,22,121.5874617,25.039734
114,08,20,17,15,2,04大安區,大安區基隆路2段176號,0,0,1,1,C03,7,6,5,50,14,9,1,5,4,5,13,1,1,1,4,5,2,12,1,43,2,7,5,1,7,4,1,10,1,14,77,1,21,121.5539981,25.025726
114,08,20,17,20,2,06松山區,松山區敦化北路158號,0,0,1,1,C03,7,6,5,50,14,9,1,5,4,5,13,4,4,1,4,4,2,18,1,23,2,9,6,1,7,12,1,10,1,14,13,1,22,121.5487766,25.0562202
114,08,20,17,29,2,05中正區,中正區重慶南路3段與廈門街114巷口,0,0,1,1,B12,8,6,5,50,4,1,1,5,4,5,13,1,1,1,4,5,2,12,1,78,3,10,7,1,7,9,1,8,1,4,17,1,21,121.516955,25.0231059
114,08,20,17,42,2,11南港區,南港區忠孝東路5段1000號,0,0,1,1,F01,8,5,8,0,22,25,4,5,4,2,13,4,4,10,5,5,2,18,2,70,2,7,3,4,7,9,8,20,1,12,42,1,22,121.5828109,25.0450588
114,08,20,18,10,2,12內湖區,內湖區金豐街70號,0,0,1,1,B01,7,5,5,50,14,9,1,5,4,5,13,4,4,9,5,5,2,16,1,33,3,10,7,1,7,5,1,4,1,1,8,1,22,121.5871318,25.0655945
114,08,20,18,40,2,10文山區,文山區木柵路4段與秀明路1段口,0,0,1,1,B03,7,5,5,50,4,1,1,5,4,5,13,1,1,10,5,5,2,16,1,51,3,10,7,1,7,6,1,8,1,2,9,1,21,121.5710736,24.9917542
114,08,20,18,44,2,05中正區,中正區和平西路2段98巷2弄7號,0,0,1,1,C03,7,5,5,30,14,9,1,5,4,5,13,4,4,10,5,5,2,2,1,22,3,10,5,1,7,9,1,10,9,17,4,1,21,121.5097278,25.0293036
114,08,20,19,01,2,08士林區,士林區忠誠路1段與德行東路104巷口口,0,0,1,1,B03,7,5,5,50,4,1,1,5,4,5,13,2,1,1,3,4,2,16,2,24,3,10,3,4,7,5,1,8,1,1,71,1,22,121.5289241,25.1056526
114,08,20,20,04,2,04大安區,大安區忠孝東路4段153號,0,0,1,1,,7,5,5,0,14,25,4,5,4,5,13,4,4,10,5,5,2,9,4,0,,,,,,,,,11,,119,2,,121.5498287,25.0416861
114,08,20,20,06,2,09北投區,北投區石牌路2段99巷北往南,0,0,2,1,C03,7,5,5,50,11,9,1,5,4,5,13,4,4,9,5,5,2,16,1,54,2,9,5,1,7,5,1,10,1,14,8,1,21,121.5167456,25.1179394
114,08,20,21,11,2,07信義區,信義區松德路120號,0,0,1,1,B03,7,5,5,30,14,9,1,5,4,5,13,4,4,10,5,5,2,13,1,43,3,10,3,4,7,9,1,8,1,1,108,1,22,121.5746051,25.0376771
114,08,20,21,15,2,10文山區,文山區興隆路3段與萬芳路口口,0,0,2,1,C03,8,5,5,50,4,2,1,5,4,5,13,2,1,1,2,5,2,12,1,53,2,8,6,1,7,7,1,10,1,13,100,1,21,121.5598015,24.9969567
114,08,20,21,20,2,11南港區,南港區南港路1段與東南街口,0,0,1,1,B03,7,5,5,50,4,2,1,5,4,5,13,1,1,5,4,5,2,13,1,22,3,10,7,4,7,9,1,8,2,1,108,1,21,121.6123157,25.0552997
114,08,20,21,26,2,07信義區,信義區忠孝東路5段790巷70弄與大道路口口,0,0,1,1,F01,8,5,5,30,3,1,1,5,4,5,13,4,4,5,5,5,2,15,2,53,2,1,4,1,7,9,8,20,1,12,72,1,22,121.5827887,25.0400936
114,08,20,21,48,2,04大安區,大安區忠孝東路4段與光復南路口,0,0,1,1,C03,8,5,5,50,14,9,1,5,4,5,13,2,1,1,4,5,2,12,2,62,2,9,3,4,7,7,1,10,1,14,100,1,21,121.5574864,25.0414454
114,08,20,21,50,2,06松山區,松山區塔悠路與撫遠街261巷口,0,0,2,1,C03,7,5,5,50,3,2,1,5,4,5,13,4,4,9,4,5,2,15,1,76,2,8,6,1,7,15,1,10,1,13,98,1,22,121.5685773,25.0622026
114,08,20,22,01,2,10文山區,文山區辛亥路4段與辛亥路4段222巷口,0,0,1,1,C03,8,5,5,50,3,1,1,5,4,5,13,2,1,1,4,5,2,13,1,52,2,8,5,1,7,9,1,10,2,11,108,1,21,121.5553971,25.0022686
114,08,20,22,04,2,04大安區,大安區仁愛路4段與敦化南路1段口,0,0,1,1,B03,7,5,5,50,3,1,1,5,4,5,13,1,1,1,4,5,2,17,1,50,3,10,3,4,7,9,1,8,1,5,44,1,21,121.5490868,25.0387466
114,08,20,22,45,2,05中正區,中正區重慶南路1段與沅陵街口,0,0,1,1,B03,7,6,5,50,3,1,1,5,4,5,13,4,4,5,4,5,2,16,1,58,3,10,7,1,7,5,1,8,2,8,8,1,22,121.5132045,25.0428326
114,08,20,22,55,2,03中山區,中山區樂群二路與敬業四路口,0,0,1,1,B03,8,5,5,50,4,1,1,5,4,5,13,2,1,1,5,5,2,16,1,56,3,10,7,1,7,5,1,8,1,1,71,1,21,121.5585414,25.0799463
114,08,20,23,17,2,01大同區,大同區民權西路與民權西路144巷口,0,0,1,1,B01,8,5,5,40,5,1,1,5,4,5,13,2,1,1,4,5,2,17,1,58,3,10,7,1,7,8,1,4,1,6,100,1,21,121.515983,25.06290249
114,08,20,23,19,2,03中山區,中山區市民大道1段與市民大道1段口往西，0100283燈桿旁,0,0,1,1,B01,8,6,5,40,3,1,1,5,4,5,13,4,4,1,4,5,2,17,1,58,3,10,7,1,7,6,1,4,2,17,74,1,21,121.5279262,25.0473007
114,08,21,02,08,2,03中山區,中山區吉林路與德惠街口,0,0,1,1,B03,8,5,5,50,4,1,1,5,4,5,13,2,1,5,4,5,2,16,1,31,3,10,7,1,7,11,1,8,1,8,10,1,21,121.5303843,25.0664548
114,08,21,02,10,2,09北投區,北投區竹子湖路1208116號燈桿,0,0,3,1,B03,8,5,5,40,14,9,1,5,4,5,13,4,4,4,5,5,2,20,1,19,2,9,7,1,7,6,1,8,1,1,13,1,21,121.5589296,25.1832948
114,08,21,03,23,2,09北投區,北投區致遠一路2段40巷與石牌路1段166巷口,0,0,1,1,C03,8,7,5,30,4,2,1,5,4,5,13,4,4,10,5,5,2,17,1,20,2,9,5,1,7,5,1,10,1,11,118,1,21,121.5146696,25.1129488
114,08,21,04,37,2,07信義區,信義區吳興街269巷1弄14號,0,0,2,1,C03,8,5,5,30,14,9,1,5,4,5,13,4,4,10,5,5,2,17,1,15,2,8,6,1,7,11,2,18,2,12,118,1,22,121.5640617,25.027325
114,08,21,05,04,2,02萬華區,萬華區漢口街2段與西寧南路口,0,0,1,1,B01,7,5,5,50,4,1,1,5,4,5,13,2,1,5,4,5,2,3,1,59,4,11,3,4,7,6,7,19,9,15,70,2,22,121.506714,25.0456126
114,08,21,05,33,2,02萬華區,萬華區萬板大橋機車道往北市（燈桿002037),0,0,1,1,C04,7,5,5,40,8,11,1,5,4,5,13,4,4,1,4,3,2,29,2,71,2,9,6,1,7,9,1,10,1,11,108,1,21,121.4863397,25.0292099
114,08,21,07,03,2,03中山區,中山區龍江路149巷與遼寧街口,0,0,1,1,B03,7,7,6,30,4,1,1,5,4,5,13,1,1,7,1,4,2,15,2,45,3,10,3,4,7,9,1,8,2,1,72,1,22,121.5423975,25.0539686
114,08,21,07,16,2,02萬華區,萬華區光復橋與西園路2段261巷口下橋處往台北,0,0,1,1,C03,8,7,8,50,3,1,1,5,4,5,13,2,1,3,4,5,2,12,2,66,2,9,5,1,7,7,1,10,1,14,100,1,22,121.4924188,25.0257253
114,08,21,07,35,2,05中正區,中正區福和橋與福和橋口往新北市方向013號路標,0,0,2,1,C03,8,6,5,40,14,9,1,5,4,5,13,4,4,1,4,5,1,17,1,48,2,7,6,1,7,9,1,10,2,11,108,1,21,121.5353363,25.0108572
114,08,21,07,45,2,04大安區,大安區復興南路1段225號,0,0,3,1,C03,8,6,5,50,14,9,1,5,4,5,13,4,4,1,4,5,2,17,2,45,2,9,5,1,7,9,1,10,1,12,44,1,22,121.543788,25.0386885
114,08,21,07,58,2,06松山區,松山區市民大道4段與復興南路1段口,0,0,3,1,C03,8,6,5,40,4,1,1,5,4,5,13,2,1,1,4,5,2,12,1,35,2,9,6,1,7,7,1,10,2,12,100,1,21,121.5438894,25.0449737
114,08,21,08,00,2,11南港區,南港區三重路與三重路41巷口,0,0,1,1,B03,8,7,5,50,3,1,1,5,4,5,13,4,4,4,4,5,2,16,1,21,3,10,7,1,7,6,1,8,1,5,9,1,21,121.6142042,25.0599187
114,08,21,08,03,2,09北投區,北投區自強街與自強街120巷口,0,0,1,1,C03,8,6,5,50,4,1,1,5,4,5,13,4,4,5,5,5,2,16,1,53,3,10,6,1,7,9,1,10,9,12,44,1,21,121.5157843,25.1109148
114,08,21,08,05,2,05中正區,中正區南昌路1段10巷與南昌路1段口,0,0,1,1,B01,8,6,5,50,3,1,1,5,4,5,13,4,4,5,2,5,2,13,1,53,3,10,7,1,7,7,1,4,1,5,100,1,21,121.5156399,25.0333122
114,08,21,08,12,2,01大同區,大同區塔城街北門捷運2號出口,0,0,1,1,B03,8,6,5,50,14,9,1,5,4,5,13,4,4,5,4,5,2,17,1,56,3,10,7,1,7,9,1,8,2,5,44,1,21,121.5105037,25.0496619
114,08,21,08,23,2,12內湖區,內湖區內湖路1段217巷1號,0,0,1,1,B12,8,5,5,30,11,9,1,5,4,5,13,4,4,1,5,5,1,16,1,64,3,10,3,4,7,1,1,8,1,1,19,1,21,121.5642358,25.0833571
114,08,21,08,30,2,05中正區,中正區延平南路179巷與延平南路179巷1弄口,0,0,2,1,C03,8,7,5,30,4,1,1,5,4,5,13,4,4,10,5,5,2,15,2,55,2,9,5,1,7,9,1,10,2,11,75,1,21,121.5079779,25.0342592
114,08,21,08,31,2,03中山區,中山區民權東路3段60巷與民權東路3段口,0,0,1,1,B01,8,6,5,50,4,1,1,5,4,5,13,2,1,1,5,5,1,17,1,68,3,10,3,4,7,6,1,4,1,8,9,1,21,121.5425018,25.0622847
114,08,21,08,40,2,06松山區,松山區濱江街500號,0,0,1,1,B12,8,6,5,50,14,8,1,5,4,5,13,4,4,1,4,4,2,17,1,55,3,10,7,1,7,6,1,8,1,17,9,1,21,121.5568555,25.0720802
114,08,21,08,40,2,12內湖區,內湖區民權東路6段(東向西)0305907燈桿附近,0,0,1,1,C04,8,6,5,40,14,9,1,5,4,5,13,4,4,1,3,5,1,12,1,35,3,10,6,1,7,15,1,10,2,14,101,1,21,121.5852069,25.068988
114,08,21,08,44,2,04大安區,大安區忠孝東路4段與延吉街70巷5弄口,0,0,3,1,B02,8,6,5,50,3,2,1,5,4,5,13,4,4,3,4,5,2,17,1,54,3,10,7,4,7,7,1,8,1,8,100,1,21,121.5538919,25.0414795
114,08,21,08,50,2,12內湖區,內湖區民權東路6段206巷121弄與民權東路6段206巷口口,0,0,2,1,B03,8,5,5,30,4,1,1,5,4,5,13,4,4,5,5,5,2,17,1,26,2,9,7,1,7,9,1,8,2,5,75,1,21,121.5956632,25.0649025
114,08,21,09,01,2,05中正區,中正區中山南路與青島東路口,0,0,1,1,B02,8,5,5,50,4,2,1,5,4,5,13,2,1,1,4,5,2,12,1,36,3,10,7,1,7,9,1,4,1,2,44,1,21,121.5193071,25.0442929
114,08,21,09,15,2,03中山區,中山區北安路與大直街口,0,0,1,1,C03,7,6,5,50,14,9,1,5,4,5,13,1,1,3,3,4,2,13,1,27,2,8,6,1,7,9,1,10,1,11,108,1,21,121.5492745,25.084198
114,08,21,09,20,2,03中山區,中山區民族東路與林森北路口,0,0,1,1,C03,8,6,5,50,3,2,1,5,4,5,13,2,1,1,5,5,2,17,1,55,3,10,6,1,7,4,1,10,9,17,108,1,22,121.5255627,25.0683696
114,08,21,09,43,2,02萬華區,萬華區萬大路與萬大路423巷口,0,0,1,1,C03,8,5,5,50,4,1,1,5,4,5,13,1,1,1,4,5,2,17,1,58,3,10,5,4,7,9,1,10,1,17,81,1,21,121.498611,25.02163106
114,08,21,10,06,2,01大同區,大同區長安西路與長安西路172巷口,0,0,1,1,B12,8,6,5,50,4,2,1,5,4,5,13,4,4,5,4,5,2,17,1,61,3,10,7,1,7,1,1,8,2,17,19,1,21,121.5161301,25.0510708
114,08,21,10,10,2,03中山區,中山區建國北路2段與民權東路3段口,0,0,1,1,B03,7,5,5,50,4,1,1,5,4,5,13,1,1,9,4,4,2,16,2,32,3,10,3,4,7,6,1,8,1,5,9,1,21,121.5373223,25.06198881
114,08,21,10,14,2,10文山區,文山區萬盛街106巷與興隆路1段55巷27弄口,0,0,1,1,C03,8,6,5,30,3,2,1,5,4,5,13,4,4,10,5,5,2,16,1,69,2,9,6,1,7,5,1,10,2,13,72,1,21,121.5408912,25.0042863
114,08,21,10,21,2,08士林區,士林區承德路5段與士商路口,0,0,2,1,C03,8,6,5,40,4,2,1,5,4,5,13,2,1,1,4,5,1,13,1,61,3,10,5,1,7,9,1,10,2,11,108,1,21,121.514429,25.09623433
114,08,21,10,28,2,01大同區,大同區延平北路3段3號,0,0,1,1,C03,8,7,5,50,14,9,1,5,4,5,13,2,1,5,4,5,2,3,1,18,2,9,6,1,7,10,1,10,1,12,100,1,22,121.5111253,25.0634253
114,08,21,10,28,2,02萬華區,萬華區華江橋往臺北,0,0,1,1,B03,8,7,5,60,10,16,1,5,4,5,13,4,4,10,5,1,2,13,1,34,3,10,7,1,7,9,3,18,9,1,108,1,21,121.4899473,25.03454481
114,08,21,10,35,2,05中正區,中正區中山南路與仁愛路1段口,0,0,1,1,B03,8,5,5,50,4,1,1,5,4,5,13,2,1,1,4,5,2,12,1,48,3,10,7,1,7,6,1,8,1,2,9,1,21,121.5179225,25.0394661
114,08,21,10,40,2,03中山區,中山區市民大道3段與八德路2段210巷口,0,0,1,1,B03,8,7,5,40,3,1,1,5,4,5,13,4,4,1,4,5,2,12,1,43,3,10,7,1,7,6,1,8,1,6,9,1,21,121.5395877,25.04470618
114,08,21,10,46,2,04大安區,大安區市民大道3段86號,0,0,1,1,C03,7,5,5,40,14,9,1,5,4,5,13,4,4,1,3,5,2,13,1,24,3,10,6,1,7,9,1,10,1,11,108,1,23,121.5334153,25.0451855
114,08,21,11,40,2,08士林區,士林區天母西路83巷與天母西路口,0,0,1,1,C03,8,5,5,50,4,1,1,5,4,5,13,4,4,5,5,5,1,17,1,63,3,10,6,1,7,11,1,10,1,13,10,1,21,121.5252576,25.1184356
114,08,21,11,50,2,03中山區,中山區建國北路1段與南京東路3段口,0,0,1,1,B03,8,6,5,50,4,1,1,5,4,5,13,2,1,1,5,5,1,12,1,33,3,10,3,4,7,8,1,8,1,5,80,1,21,121.5370397,25.05185
114,08,21,12,00,2,02萬華區,萬華區寶興街102號,0,0,1,1,C03,8,7,8,50,14,9,1,5,4,5,13,4,4,9,5,5,2,12,1,44,2,9,5,1,7,1,1,10,1,12,19,1,21,121.4946133,25.025461
114,08,21,12,43,2,08士林區,士林區延平北路5段與延平北路5段285巷口,0,0,1,1,C03,8,6,5,50,4,1,1,5,4,5,13,1,1,1,4,5,2,17,1,36,2,9,6,1,7,9,1,10,1,12,42,1,21,121.5094879,25.085918
114,08,21,12,58,2,12內湖區,內湖區成功路2段與成功路2段317巷口口,0,0,1,1,C03,8,6,5,50,4,2,1,5,4,5,13,3,1,3,4,5,2,13,2,28,2,9,5,1,7,9,1,10,2,11,108,1,21,121.5906447,25.0697461
114,08,21,13,09,2,04大安區,大安區仁愛路3段123巷與仁愛路3段口,0,0,1,1,B03,8,6,5,30,3,1,1,5,4,5,13,4,4,5,5,5,2,15,1,45,3,10,7,1,7,9,1,8,1,5,80,1,22,121.5419269,25.0382606
114,08,21,13,30,2,03中山區,中山區興安街53之4號,0,0,1,1,C03,8,6,5,50,14,9,1,5,4,5,13,4,4,9,4,5,2,16,1,28,2,8,6,1,7,1,1,10,9,12,19,1,21,121.5416343,25.0560681
114,08,21,13,33,2,09北投區,北投區中和街與中和街443巷3弄口,0,0,1,1,B12,8,7,5,50,5,1,1,5,4,5,12,3,1,5,5,5,1,16,1,69,3,10,7,1,7,11,1,8,1,3,10,1,22,121.4981622,25.1433392
114,08,21,13,48,2,07信義區,信義區吳興街156巷25弄6號,0,0,2,1,C03,8,5,8,30,22,22,1,5,4,5,13,4,4,10,5,5,2,17,2,62,3,10,5,1,7,1,3,18,2,11,19,1,22,121.5614701,25.0284139
114,08,21,13,51,2,10文山區,文山區木柵路1段與辛亥路7段口,0,0,1,1,C03,7,6,5,50,14,9,2,5,4,5,13,2,1,5,4,5,2,17,2,45,3,10,5,4,7,6,1,10,1,13,9,1,21,121.5522634,24.987739
114,08,21,13,58,2,05中正區,中正區汀州路2段與汀州路2段6巷附近口,0,0,1,1,C03,8,6,5,50,3,2,1,5,4,5,13,4,4,5,4,5,1,13,1,64,2,7,6,1,7,9,1,10,1,11,16,1,21,121.5160215,25.0257864
114,08,21,14,06,2,04大安區,大安區基隆路2段291巷與嘉興街口,0,0,1,1,B03,7,6,5,30,4,1,1,5,4,5,13,4,4,10,5,5,2,15,1,53,3,10,3,4,7,9,1,8,1,2,72,1,21,121.5501391,25.0210914
114,08,21,14,11,2,04大安區,大安區仁愛路3段與建國南路1段口,0,0,1,1,C03,7,6,5,50,4,2,1,5,4,5,13,1,1,5,4,5,2,13,1,19,3,10,5,1,7,9,1,10,1,11,108,1,21,121.5377587,25.037939
114,08,21,16,15,2,04大安區,大安區復興南路1段122巷與復興南路1段126巷口,0,0,1,1,B12,8,6,5,50,5,2,1,5,4,5,13,4,4,10,5,5,2,12,1,63,3,10,7,1,7,6,1,8,9,2,9,2,21,121.5434082,25.0430771
114,08,21,16,30,2,01大同區,大同區民權西路與延平北路2段口,0,0,1,1,B02,8,6,5,50,4,1,1,5,4,5,13,1,1,1,4,5,2,16,1,27,3,10,7,1,7,9,1,8,2,8,44,1,21,121.5111335,25.0627814
114,08,21,16,52,2,09北投區,北投區竹子湖路1207029號燈桿,0,0,1,1,C01,8,6,5,40,11,9,1,5,4,5,13,4,4,9,5,5,2,10,1,58,3,10,6,1,7,4,1,9,2,11,94,1,21,121.5467012,25.1585818
114,08,21,16,53,2,09北投區,北投區承德路7段與承德路7段393巷口口,0,0,1,1,B02,8,6,5,60,4,1,1,5,4,5,13,1,1,10,5,5,2,16,1,36,3,10,7,1,7,5,1,4,1,5,74,1,21,121.5014119,25.1194625