發生年度,發生月,發生日,發生時-Hours,發生分,處理別-編號,區序,肇事地點,死亡人數,2-30日死亡人數,受傷人數,當事人序號,車種,天候,光線,道路類別,速限-速度限制,道路型態,事故位置,路面狀況1,路面狀況2,路面狀況3,道路障礙1,道路障礙2,號誌1,號誌2,車道劃分-分向,車道劃分-分道1,車道劃分-分道2,車道劃分-分道3,事故類型及型態,性別,年齡,受傷程度,主要傷處,保護裝置,行動電話,車輛用途,當事者行動狀態,駕駛資格情形,駕駛執照種類,飲酒情形,車輛撞擊部位1,肇因碼-個別,個人肇逃否,職業,座標-X,座標-Y
114,08,21,16,54,2,04大安區,大安區金山南路2段與金山南路2段203巷口,0,0,1,1,B03,8,6,5,30,3,1,1,4,4,5,13,4,4,10,5,5,2,17,1,33,3,10,3,4,7,6,1,8,1,8,9,1,22,121.526295,25.0280848
114,08,21,17,04,2,10文山區,文山區新光路1段與秀明路2段口,0,0,1,1,C03,8,5,5,50,4,1,1,5,4,5,13,2,1,10,5,5,2,16,1,59,3,10,6,1,7,5,1,10,2,11,71,1,21,121.5737044,24.9916664
114,08,21,17,10,2,08士林區,士林區文昌路與文林路615巷口口,0,0,1,1,B03,8,5,4,30,3,1,1,5,4,5,13,4,4,10,5,5,1,15,1,43,3,10,7,1,7,9,1,8,1,8,72,1,21,121.5201101,25.09984409
114,08,21,17,19,2,04大安區,大安區忠孝東路4段與忠孝東路4段223巷口,0,0,2,1,C03,8,6,5,50,4,1,1,5,4,5,13,1,1,10,5,5,2,16,2,27,2,8,5,1,7,1,1,10,1,14,19,1,21,121.5529647,25.0414673
114,08,21,17,38,2,04大安區,大安區基隆路2段172號,0,0,2,1,B03,8,6,5,50,14,9,1,5,4,5,13,4,4,3,4,5,2,17,1,36,3,10,7,4,7,9,1,8,1,1,108,1,21,121.5552094,25.026743
114,08,21,19,07,2,08士林區,士林區延平北路5段與延平北路5段285巷口,0,0,1,1,C03,8,5,5,50,4,1,1,5,4,5,13,2,1,1,4,5,2,12,1,29,3,10,6,1,7,9,1,9,1,11,44,1,21,121.5096454,25.0855593
114,08,21,20,01,2,01大同區,大同區大稻埕堤外便道(五號水門停車場),0,0,1,1,B03,7,5,5,30,14,9,1,5,4,5,13,4,4,10,5,5,2,17,2,25,3,10,7,4,7,6,1,8,1,2,9,1,21,121.5082236,25.0569501
114,08,21,20,50,2,03中山區,中山區民權東路3段與建國北路3段口,0,0,1,1,C03,8,5,5,50,14,9,1,5,4,5,13,4,4,3,4,4,2,13,1,49,2,9,6,4,7,9,6,10,8,11,21,1,21,121.5380402,25.0625683
114,08,21,21,18,2,05中正區,中正區中華路2段與中華路2段441巷口口,0,0,2,1,B11,8,5,5,50,5,1,1,5,4,5,13,1,1,5,5,4,2,11,1,31,3,10,3,4,7,9,1,3,2,4,108,1,26,121.5091569,25.0249826
114,08,21,21,54,2,12內湖區,內湖區陽光街與江南街71巷口,0,0,2,1,C03,7,5,5,50,3,2,1,5,4,5,13,4,4,5,5,5,2,17,1,59,2,7,6,1,7,9,1,10,1,11,4,1,21,121.5789724,25.07380791
114,08,21,21,55,2,03中山區,中山區民權東路2段168號,0,0,1,1,B01,8,5,5,50,14,9,1,5,4,5,13,4,4,1,4,5,2,12,2,55,3,10,7,1,7,9,1,4,1,2,108,1,21,121.535436,25.062335
114,08,21,22,10,2,02萬華區,萬華區華江橋（汽車道往臺北）,0,0,1,1,B03,7,5,5,50,8,7,1,5,4,5,13,4,4,9,4,1,2,17,1,22,4,11,3,4,7,10,7,19,11,15,100,2,22,121.4872971,25.0355894
114,08,21,22,26,2,02萬華區,萬華區桂林路與桂林路口底水門口,0,0,2,1,C03,7,5,5,50,4,1,1,5,4,5,13,1,1,9,5,5,2,12,2,22,2,9,5,1,7,9,1,10,1,14,17,1,21,121.4957715,25.0389196
114,08,22,01,00,2,04大安區,大安區信義路3段151號前人行道,0,0,1,1,F01,8,6,5,0,22,20,2,5,4,3,10,4,4,10,5,5,2,17,1,54,2,9,4,1,7,12,8,20,1,14,42,1,21,121.5422779,25.0335724
114,08,22,06,01,2,02萬華區,萬華區環河南路2段與桂林路口,0,0,1,1,G03,8,6,5,50,4,2,1,5,4,5,13,2,1,2,4,5,2,17,1,44,3,10,4,1,7,2,1,3,1,16,12,1,21,121.4969822,25.0382905
114,08,22,06,51,2,06松山區,松山區八德路4段106巷4弄與八德路4段72巷口,0,0,1,1,B03,7,6,5,30,4,1,1,4,4,5,13,4,4,5,5,5,2,15,1,32,3,10,3,4,7,9,1,8,1,1,108,1,21,121.5602132,25.04748513
114,08,22,07,03,2,11南港區,南港區忠孝東路7段與研究院路1段口,0,0,2,1,C03,8,6,5,50,3,1,1,5,4,5,13,2,1,1,4,5,2,13,1,56,2,9,6,1,7,5,1,10,1,11,16,1,21,121.616167,25.0531328
114,08,22,07,21,2,06松山區,松山區南京東路5段與南京東路5段250巷口,0,0,1,1,B03,8,7,5,50,4,1,1,5,4,5,13,2,1,9,4,5,2,17,2,40,3,10,7,1,7,11,1,8,2,2,92,1,22,121.5662826,25.0512911
114,08,22,08,12,2,09北投區,北投區社子大橋7510136號燈桿,0,0,1,1,C03,8,6,5,40,8,11,1,5,4,5,13,4,4,1,4,5,2,18,1,18,2,9,6,1,7,9,1,10,1,14,42,1,25,121.4980076,25.111833
114,08,22,08,20,2,01大同區,大同區民生西路176號,0,0,2,1,C03,7,7,5,50,14,9,1,5,4,5,13,4,4,5,4,5,2,13,2,46,2,9,6,1,7,9,1,10,1,11,16,1,21,121.517649,25.0572494
114,08,22,08,29,2,12內湖區,內湖區康寧路3段200號,0,0,1,1,B03,8,6,5,50,14,9,1,5,4,5,13,4,4,1,4,5,2,17,2,46,3,10,7,1,7,14,1,8,1,6,40,1,21,121.6119499,25.0682791
114,08,22,08,35,2,07信義區,信義區松信路與松隆路159巷口,0,0,4,1,C03,7,7,5,30,3,2,1,5,4,5,13,4,4,10,5,5,2,17,2,40,2,9,5,1,7,9,1,10,1,12,16,1,21,121.5722807,25.04824234
114,08,22,08,38,2,10文山區,文山區興隆路2段224號,0,0,1,1,C04,8,6,5,50,14,9,1,5,4,5,13,4,4,1,4,5,2,13,2,67,2,9,6,1,7,9,1,11,1,11,108,1,22,121.552973,25.0013899
114,08,22,08,40,2,02萬華區,萬華區堤外便道南往北方向-DSR202牌面前,0,0,2,1,C03,8,6,5,40,14,9,1,5,4,5,13,4,4,10,5,5,1,17,1,37,2,1,5,1,7,9,1,9,2,11,44,1,21,121.4899733,25.0350116
114,08,22,08,42,2,03中山區,中山區吉林路與民權東路2段口,0,0,1,1,C03,7,7,5,50,4,1,1,5,4,5,13,1,1,9,4,5,2,16,2,29,3,10,6,4,7,5,1,10,2,12,71,1,21,121.5306664,25.06255421
114,08,22,08,57,2,03中山區,中山區復興北路與長春路口,0,0,1,1,C03,8,7,5,50,5,2,1,5,4,5,13,1,1,1,4,5,2,13,2,32,2,9,5,1,7,9,1,10,1,11,16,1,21,121.5440128,25.0547887
114,08,22,09,00,2,11南港區,南港區舊莊街2段與舊莊街2段200巷口,0,0,1,1,C03,8,5,5,40,3,1,1,5,4,5,13,4,4,10,5,5,1,17,2,67,3,10,5,1,7,5,1,10,9,17,74,1,21,121.6351118,25.0344478
114,08,22,09,17,2,02萬華區,萬華區峨眉街與成都路27巷口,0,0,1,1,B03,8,6,5,30,3,2,1,5,4,5,13,4,4,10,5,5,1,9,1,73,3,10,3,4,7,6,1,8,1,8,108,1,22,121.522282,25.05803
114,08,22,09,25,2,02萬華區,萬華區寶興街(雙園國中旁),0,0,1,1,C03,8,6,5,50,14,9,1,5,4,5,13,4,4,9,5,5,2,12,1,20,2,9,6,1,7,15,1,10,1,14,17,1,22,121.4925213,25.0281585
114,08,22,09,35,2,02萬華區,萬華區內江街與康定路口,0,0,2,1,C03,8,7,5,50,4,1,1,5,4,5,13,1,1,9,5,5,2,16,2,52,2,9,5,1,7,5,1,10,1,14,8,1,21,121.5023155,25.0417209
114,08,22,09,59,2,09北投區,北投區中央北路4段與中央北路4段18巷口,0,0,2,1,C03,8,6,5,50,3,1,1,5,4,5,13,1,1,4,4,5,2,13,1,37,2,9,6,1,7,9,1,10,2,11,16,1,21,121.4785406,25.135234
114,08,22,10,00,2,04大安區,大安區敦化南路2段與四維路170巷口,0,0,2,1,B03,8,6,5,50,4,1,1,5,4,5,13,2,1,4,4,5,2,17,2,44,2,7,7,1,7,8,1,8,1,1,101,1,22,121.548803,25.028228
114,08,22,10,05,2,01大同區,大同區西寧北路32號,0,0,1,1,B03,8,6,5,50,14,9,1,5,4,5,13,4,4,9,4,5,2,17,1,31,3,10,7,1,7,11,1,8,1,4,10,1,21,121.5084313,25.0513647
114,08,22,10,19,2,03中山區,中山區長春路與吉林路口,0,0,2,1,C03,8,7,5,50,4,1,1,5,4,5,13,1,1,9,4,5,2,15,1,50,2,9,5,1,7,11,1,10,1,11,71,1,21,121.5301867,25.0548218
114,08,22,10,35,2,01大同區,大同區長安西路322號,0,0,2,1,C03,7,7,5,50,14,9,1,5,4,5,13,4,4,5,4,5,2,16,1,51,2,9,6,1,7,5,1,10,1,12,8,1,21,121.5114524,25.0520036
114,08,22,10,46,2,05中正區,中正區汀州路3段與羅斯福路3段316巷口,0,0,2,1,C03,8,6,5,50,3,1,1,5,4,5,13,4,4,10,4,5,2,16,1,44,2,9,5,1,7,5,1,10,1,12,71,1,21,121.5318909,25.0153713
114,08,22,10,52,2,12內湖區,內湖區內湖路1段與港墘路口,0,0,1,1,B03,8,6,5,50,3,1,1,5,4,5,13,4,4,1,4,5,2,16,1,33,3,10,7,1,7,6,1,8,1,5,9,1,21,121.5763185,25.0795184
114,08,22,10,58,2,12內湖區,內湖區基湖路35巷13號,0,0,1,1,B03,8,5,5,50,14,9,1,5,4,5,13,4,4,9,5,5,1,16,1,68,3,10,7,1,7,6,1,8,2,2,9,1,21,121.5664764,25.07930455
114,08,22,11,06,2,06松山區,松山區南京東路5段與南京東路5段286巷口,0,0,2,1,C03,8,7,5,30,3,2,1,5,4,5,13,4,4,9,4,5,2,12,2,63,2,9,6,1,7,7,1,10,1,14,73,1,22,121.5673803,25.05126002
114,08,22,11,30,2,09北投區,北投區崇仁路1段166巷與公館路口,0,0,1,1,C03,8,5,5,30,3,1,1,5,4,5,13,4,4,5,5,5,2,17,2,40,2,9,3,4,7,5,1,10,2,14,5,1,21,121.5021065,25.1227009
114,08,22,11,49,2,04大安區,中山區復興北路164號,0,0,1,1,A02,8,6,5,50,14,9,1,5,4,5,13,4,4,1,4,5,2,9,1,37,3,10,3,4,7,15,1,2,11,17,44,1,21,121.543962,25.0534986
114,08,22,11,55,2,08士林區,士林區東山路職能發展學院公車站牌前,0,0,1,1,C03,8,7,5,50,14,9,1,5,4,5,13,4,4,1,1,5,1,23,1,28,2,9,3,1,7,9,1,10,9,14,108,1,21,121.5209567,25.12047002
114,08,22,12,14,2,09北投區,北投區承德路7段95號,0,0,1,1,C02,8,7,5,60,14,9,1,5,4,5,13,4,4,1,4,5,2,13,1,27,2,9,6,1,7,9,1,9,1,11,16,1,21,121.5099945,25.1117493
114,08,22,12,14,2,07信義區,信義區吳興街547號,0,0,1,1,B03,7,6,5,50,14,9,1,5,4,5,13,4,4,10,5,5,2,17,1,69,3,10,7,1,7,11,1,8,1,1,10,1,21,121.5695839,25.0229556
114,08,22,13,31,2,05中正區,中正區羅斯福路4段與羅斯福路4段90巷口,0,0,1,1,C03,8,6,5,50,3,1,1,5,4,5,13,1,1,1,4,5,2,13,2,25,2,8,5,1,7,9,1,10,1,11,16,1,21,121.5348348,25.0141424
114,08,22,13,32,2,05中正區,中正區仁愛路2段25-1號,0,0,1,1,C03,7,7,5,50,14,9,1,5,4,5,13,4,4,1,4,1,2,13,1,52,2,9,5,1,7,9,6,10,2,11,108,1,21,121.5277817,25.03840886
114,08,22,13,50,2,12內湖區,內湖區新明路與新明路246巷口,0,0,1,1,B12,8,5,5,50,4,1,1,5,4,5,13,2,1,5,4,4,1,13,1,24,3,10,7,1,7,9,1,8,2,1,16,1,21,121.583894,25.0567028
114,08,22,14,12,2,07信義區,信義區市民大道5段312號對面,0,0,3,1,C03,8,6,5,40,14,9,1,5,4,5,13,3,1,1,3,5,2,13,2,26,3,10,6,1,7,9,1,10,1,13,44,1,21,121.5673777,25.0486209
114,08,22,14,20,2,04大安區,大安區忠孝東路3段217巷1弄與忠孝東路3段217巷口,0,0,1,1,C03,8,6,5,30,4,1,1,5,4,5,13,4,4,5,5,5,2,15,1,37,2,9,5,4,7,9,1,10,1,11,72,1,21,121.5397261,25.0423369
114,08,22,14,22,2,04大安區,大安區信義路3段與復興南路2段口,0,0,1,1,B12,8,5,5,50,4,1,1,5,4,5,13,2,1,10,5,5,2,17,1,35,3,10,3,4,7,6,1,8,1,2,9,1,21,121.5438276,25.0334389
114,08,22,14,35,2,11南港區,南港區南港路1段與中南街口,0,0,1,1,C03,8,7,5,50,4,2,1,5,4,5,13,2,1,4,4,5,2,12,1,79,2,7,5,1,7,9,1,10,1,14,17,1,21,121.6151705,25.055242
114,08,22,15,13,2,03中山區,中山區德惠街55號,0,0,1,1,B03,8,6,5,40,14,9,1,5,4,5,13,4,4,9,4,4,2,16,1,36,3,10,7,1,7,5,1,8,1,4,8,1,22,121.5272161,25.0666571
114,08,22,15,31,2,03中山區,中山區民權東路1段與民權東路1段70巷口,0,0,1,1,C03,8,7,5,50,3,2,1,5,4,5,13,4,4,1,4,5,2,13,2,55,2,9,5,1,7,9,1,10,1,11,16,1,21,121.5251195,25.06274501
114,08,22,15,35,2,09北投區,北投區大度路3段168號,0,0,1,1,B03,7,5,5,50,14,9,1,5,4,5,13,4,4,1,4,5,2,16,1,50,3,10,7,1,7,6,1,8,1,5,9,1,21,121.5233054,25.11582356
114,08,22,15,37,2,09北投區,北投區中央北路4段與大度路3段口,0,0,2,1,B03,8,7,5,50,4,1,1,5,4,5,13,2,1,10,5,5,2,16,1,72,2,7,7,1,7,5,1,8,1,2,83,1,21,121.4643408,25.1237943
114,08,22,16,31,2,09北投區,北投區大業路10號,0,0,1,1,B03,8,7,5,60,14,8,1,5,4,5,13,4,4,1,4,4,2,16,1,54,3,10,7,1,7,1,1,8,2,8,19,1,21,121.4995725,25.1223424
114,08,22,16,49,2,04大安區,"大安區基隆路4段(北往南,古亭消防分隊前)",0,0,1,1,C03,8,6,5,50,14,9,1,5,4,5,13,4,4,1,4,5,2,12,2,22,2,8,5,1,7,8,1,10,1,12,100,1,21,121.5379535,25.0119967
114,08,22,17,09,2,10文山區,文山區萬壽橋(東往西）,0,0,1,1,B03,8,6,5,50,14,9,1,5,4,5,13,1,1,1,4,5,2,13,1,44,3,10,3,4,7,9,1,8,1,5,108,1,22,121.5719986,24.9917134
114,08,22,17,13,2,12內湖區,內湖區內湖路3段18巷與金龍路口,0,0,1,1,C03,7,6,5,30,3,1,1,5,4,3,10,4,4,10,4,4,2,16,1,26,2,9,6,1,7,6,1,10,2,14,17,1,22,121.5931338,25.0848568
114,08,22,17,24,2,11南港區,南港區南港路1段16巷5號,0,0,2,1,C03,7,7,5,30,3,1,1,5,4,5,13,4,4,5,5,5,2,17,1,32,2,9,6,1,7,5,1,10,1,14,74,1,21,121.5921944,25.0551001
114,08,22,17,27,2,06松山區,松山區復興北路與民權東路3段口,0,0,1,1,C03,8,5,5,50,4,1,1,5,4,5,13,1,1,1,4,5,2,13,1,70,2,7,6,1,7,9,1,10,1,11,108,1,21,121.5443467,25.0618202
114,08,22,17,33,2,01大同區,大同區承德路3段與敦煌路口,0,0,1,1,C03,8,7,5,50,5,2,1,5,4,5,13,2,1,1,4,5,2,17,2,28,2,9,3,4,7,15,1,10,1,14,42,1,21,121.520271,25.0751054
114,08,22,18,27,2,02萬華區,萬華區西藏路125巷與萬大路277巷口,0,0,1,1,F01,8,7,5,30,3,2,1,5,4,5,13,4,4,10,5,5,2,17,2,70,2,9,4,1,7,5,8,20,1,14,8,1,21,121.5035752,25.0256612
114,08,22,18,36,2,06松山區,松山區民生東路3段與慶城街口,0,0,1,1,F01,8,5,5,50,5,1,1,5,3,5,13,1,1,9,4,5,2,16,1,23,2,9,2,1,7,11,8,20,1,14,11,1,22,121.5485901,25.05754704
114,08,22,18,41,2,03中山區,中山區建國北路1段與朱崙街口,0,0,1,1,C03,7,5,5,50,3,1,1,5,4,5,13,4,4,1,4,5,2,13,1,63,2,9,3,4,7,6,1,10,1,11,108,1,21,121.5370022,25.0501153
114,08,22,18,53,2,10文山區,文山區忠順街1段72號旁,0,0,2,1,C03,7,6,5,50,14,9,1,5,4,5,13,4,4,9,5,5,2,1,1,63,2,8,6,1,7,9,1,10,2,11,70,1,21,121.5608785,24.9843638
114,08,22,19,22,2,11南港區,南港區東新街170巷9號對面,0,0,1,1,B03,8,5,5,50,11,9,1,5,4,5,13,4,4,5,5,5,2,17,1,61,3,10,7,1,7,13,1,8,2,4,40,1,21,121.5926195,25.0452802
114,08,22,19,26,2,03中山區,中山區中山北路1段64號,0,0,1,1,C03,8,5,5,50,14,9,1,5,4,5,13,4,4,1,4,5,1,17,1,28,3,10,5,1,7,6,1,10,1,12,108,1,21,121.5209595,25.04861801
114,08,22,19,30,2,12內湖區,內湖區港墘路183號,0,0,2,1,C03,7,5,5,50,14,9,1,5,4,5,13,4,4,1,4,5,2,17,1,39,2,9,6,1,7,21,1,10,1,14,118,1,22,121.5748144,25.0760709
114,08,22,19,31,2,03中山區,中山區新生北路1段與南京東路1段口,0,0,1,1,C03,7,5,5,40,4,1,1,5,4,5,13,1,1,5,4,4,2,13,1,53,3,10,3,4,7,9,1,10,1,11,16,1,21,121.5265418,25.05222956
114,08,22,19,43,2,11南港區,南港區松河街與向陽路口,0,0,1,1,C03,7,5,5,30,3,2,1,5,4,5,13,4,4,5,4,5,2,17,1,28,3,10,5,1,7,5,1,10,1,14,72,1,21,121.5926499,25.0583918
114,08,22,20,20,2,03中山區,中山區龍江路244號,0,0,3,1,C03,7,7,5,50,14,9,1,5,4,5,13,4,4,10,4,5,2,17,1,28,2,9,5,1,7,11,1,10,2,14,10,1,21,121.5407429,25.05912772
114,08,22,20,44,2,04大安區,大安區復興南路1段與市民大道3段口,0,0,2,1,C03,7,5,5,50,14,9,1,5,4,5,13,2,1,1,3,4,2,9,2,42,2,8,5,1,7,9,1,10,1,11,16,1,22,121.5438231,25.0448456
114,08,22,20,52,2,05中正區,中正區中華路1段與武昌街1段口,0,0,1,1,B03,7,5,5,50,4,1,1,5,4,5,13,1,1,1,4,5,2,16,1,45,3,10,7,1,7,8,1,8,9,8,100,1,22,121.5090682,25.0442712
114,08,22,21,28,2,01大同區,大同區延平北路4段與酒泉街口,0,0,1,1,C03,8,5,5,50,5,2,1,5,4,5,13,4,4,5,5,5,2,13,1,40,2,9,6,1,7,9,1,10,2,11,108,1,21,121.5111308,25.0724133
114,08,22,21,32,2,03中山區,中山區濱江街251號,0,0,2,1,B03,8,5,5,50,14,9,1,5,4,5,13,4,4,1,4,5,2,13,1,21,3,10,3,4,7,9,1,8,1,2,108,1,21,121.5415169,25.0726927
114,08,22,21,35,2,04大安區,大安區忠孝東路4段與敦化南路1段口,0,0,1,1,B03,8,5,5,50,5,1,1,5,4,5,13,1,1,1,3,5,1,16,1,38,3,10,7,1,7,6,1,8,1,2,9,1,21,121.5490936,25.0414074
114,08,22,21,35,2,04大安區,大安區延吉街與光復南路308巷口,0,0,1,1,C03,8,5,5,50,4,1,1,5,4,5,13,4,4,5,4,5,2,15,1,36,2,9,6,1,7,9,1,10,1,11,75,1,21,121.5551539,25.0389159
114,08,22,22,04,2,08士林區,士林區凱旋路61巷4弄1108386燈桿,0,0,1,1,C03,7,5,5,30,14,9,1,5,4,5,13,4,4,10,5,5,2,17,1,18,2,8,6,1,7,9,1,10,1,12,108,1,21,121.5387733,25.1337184
114,08,22,22,30,2,08士林區,士林區文林路500號,0,0,1,1,B03,8,5,5,50,14,9,1,5,4,5,13,4,4,4,1,5,1,13,1,51,3,10,7,1,7,9,1,8,2,1,16,1,21,121.5242223,25.0966155
114,08,22,22,50,2,07信義區,信義區基隆路2段103號,0,0,1,1,C03,7,5,5,50,14,9,1,5,4,5,13,4,4,2,2,5,2,13,1,50,2,1,5,4,7,9,1,10,1,11,108,1,21,121.5575989,25.0295714
114,08,22,22,52,2,12內湖區,內湖區康寧路3段與成功路5段口,0,0,1,1,B03,8,5,5,50,3,1,1,5,4,5,13,1,1,9,4,5,2,16,1,64,3,10,7,1,7,6,1,8,2,3,9,1,21,121.6061716,25.073228
114,08,22,23,08,2,01大同區,大同區忠孝西路1段與延平北路1段口,0,0,2,1,C03,7,5,5,50,3,1,1,5,4,5,13,2,1,1,4,5,2,17,1,18,2,8,5,4,7,8,3,18,1,14,16,1,21,121.5106697,25.0484173
114,08,23,00,35,2,09北投區,北投區陽金公路16.5公里,0,0,2,1,B03,7,5,8,40,11,9,1,5,4,5,13,4,4,5,2,5,2,17,1,29,3,10,7,1,7,15,1,8,2,8,86,1,21,121.5569439,25.1776122
114,08,23,04,37,2,01大同區,大同區延平北路4段88號,0,0,1,1,C03,8,5,5,50,14,8,1,5,4,5,13,4,4,5,5,4,2,17,1,38,2,9,6,1,7,9,3,18,6,11,21,1,21,121.5108512,25.0711059
114,08,23,05,30,2,02萬華區,萬華區忠孝西路2段與西寧南路口,0,0,1,1,C03,8,7,5,50,4,2,1,5,4,5,13,1,1,1,4,5,2,17,2,23,2,9,6,1,7,6,1,10,1,12,9,1,21,121.5074625,25.0485112
114,08,23,05,51,2,06松山區,松山區民權東路5段與撫遠街口,0,0,2,1,C03,8,6,5,50,4,1,1,5,4,5,13,1,1,1,4,5,2,15,1,26,2,9,5,1,7,9,1,10,2,12,81,1,21,121.5658877,25.0633113
114,08,23,06,19,2,04大安區,大安區信義路2段與新生南路1段口,0,0,1,1,B03,8,6,5,50,4,1,1,5,4,5,13,2,1,1,4,5,2,17,1,39,3,10,7,1,7,5,1,8,1,5,85,1,21,121.5328767,25.0335142
114,08,23,07,26,2,08士林區,士林區承德路5段與士商路口,0,0,1,1,B03,8,6,5,50,4,1,1,5,4,5,13,1,1,1,4,5,1,16,1,26,3,10,3,4,7,6,1,8,2,2,9,1,22,121.5142209,25.0960583
114,08,23,08,00,2,06松山區,松山區民權東路4段200號,0,0,1,1,B03,8,6,5,40,14,8,1,5,4,5,13,4,4,1,3,4,2,17,1,47,3,10,3,4,7,1,1,8,11,17,19,2,21,121.5618219,25.0625649
114,08,23,08,20,2,02萬華區,萬華區長順街123巷23號,0,0,1,1,C03,8,5,5,30,14,9,1,5,4,5,13,4,4,5,4,5,2,17,2,62,3,10,5,4,7,1,1,10,1,11,19,1,21,121.4893364,25.03346618
114,08,23,08,43,2,07信義區,信義區信安街與信安街67巷口口,0,0,1,1,B03,8,5,8,50,4,1,1,5,4,5,13,1,1,5,4,5,2,17,1,62,3,10,7,1,7,5,1,8,1,5,8,1,22,121.5573621,25.0260075
114,08,23,08,51,2,02萬華區,萬華區西寧南路與內江街口,0,0,2,1,C03,8,5,8,50,22,22,1,5,4,5,13,1,1,10,5,5,2,17,1,74,2,9,3,4,7,9,1,10,1,11,42,1,21,121.5059852,25.0416427
114,08,23,08,52,2,11南港區,南港區忠孝東路7段與忠孝東路7段265巷口,0,0,1,1,B03,8,6,5,50,3,2,1,5,4,5,13,1,1,9,4,5,2,13,1,56,3,10,3,4,7,9,1,8,1,1,16,1,21,121.6036946,25.0517821
114,08,23,08,54,2,06松山區,松山區南京東路3段250號,0,0,4,1,B12,7,6,5,50,14,9,1,4,4,5,13,4,4,5,5,5,2,13,2,38,3,10,3,4,7,13,1,8,1,17,38,1,21,121.5449763,25.0516328
114,08,23,08,58,2,06松山區,松山區光復北路與民生東路5段27巷9弄口,0,0,2,1,C03,8,6,5,30,3,1,1,5,4,5,13,4,4,8,3,5,1,16,1,31,2,9,3,1,7,5,1,10,2,14,72,1,21,121.5549726,25.0598509
114,08,23,09,05,2,12內湖區,內湖區潭美街8號與新明路143巷口,0,0,1,1,B03,8,6,5,40,3,1,1,5,4,5,13,4,4,8,3,5,1,16,1,44,4,11,3,4,7,6,1,8,9,2,9,2,21,121.5897938,25.0586888
114,08,23,09,11,2,08士林區,士林區中社路1段與中社路1段36巷口,0,0,1,1,B03,8,5,5,50,3,2,1,5,4,5,13,4,4,5,4,4,2,12,1,39,3,10,7,1,7,4,1,8,1,8,94,1,21,121.5600153,25.1093463
114,08,23,09,33,2,03中山區,中山區北安路往東八二三紀念公園前,0,0,1,1,C03,7,5,5,50,14,11,1,5,4,5,13,1,1,7,4,1,2,12,1,60,3,10,5,4,7,15,1,10,1,13,118,1,22,121.5278766,25.07717128
114,08,23,09,40,2,08士林區,士林區至善路2段（中影前）,0,0,1,1,B03,8,6,5,50,14,9,1,5,4,5,13,1,1,1,4,5,1,12,2,57,3,10,3,4,7,7,1,8,1,2,100,1,22,121.5445559,25.097129
114,08,23,10,12,2,09北投區,北投區大業路與中央北路2段95巷1弄口,0,0,1,1,A02,8,6,5,50,3,1,1,5,4,5,13,4,4,1,4,5,2,9,1,39,3,10,7,1,7,1,1,2,1,17,36,1,26,121.4967483,25.1355045
114,08,23,10,13,2,03中山區,中山區中山北路2段與長春路口,0,0,2,1,C03,8,6,5,50,4,1,1,5,4,5,13,2,1,1,4,4,2,17,2,30,2,9,6,1,7,5,1,10,1,11,74,1,21,121.5221543,25.05808251
114,08,23,10,26,2,04大安區,(基隆路4段43號前),0,0,1,1,C03,8,6,5,50,3,1,1,5,4,5,13,2,1,1,4,4,2,17,2,25,3,10,6,1,7,12,1,10,1,11,16,1,21,121.5404701,25.01381847
114,08,23,10,30,2,05中正區,中正區汀州路3段與羅斯福路3段128巷口,0,0,1,1,B03,8,7,5,50,3,1,1,5,4,5,13,4,4,2,4,5,2,16,1,35,3,10,7,1,7,6,1,8,1,2,9,1,22,121.5260733,25.0203396
114,08,23,10,40,2,05中正區,中正區水源路與同安街101巷口口,0,0,1,1,B03,8,6,5,30,3,1,1,5,4,5,13,4,4,10,5,5,1,17,1,65,3,10,7,1,7,6,1,8,2,2,9,1,21,121.5212847,25.0207633
114,08,23,10,40,2,12內湖區,內湖區南湖大橋與康寧路3段口口,0,0,1,1,B12,8,6,5,50,4,1,1,5,4,5,13,2,1,1,4,5,2,17,1,62,4,11,3,4,7,21,7,19,11,15,44,2,22,121.6111485,25.0648509
114,08,23,10,56,2,04大安區,大安區和平東路3段與和平東路3段1巷口,0,0,1,1,B01,8,6,5,50,4,1,1,5,4,5,13,2,1,1,3,4,2,16,1,57,3,10,7,1,7,5,1,8,2,2,8,1,21,121.5467034,25.0247701
114,08,23,11,10,2,02萬華區,萬華區萬大路與艋舺大道120巷38弄口,0,0,1,1,C03,8,6,5,50,4,1,1,5,4,5,13,4,4,5,5,5,2,16,1,74,3,10,5,1,7,6,1,10,1,13,9,1,26,121.500636,25.03166527
114,08,23,11,30,2,03中山區,中山區民權東路1段48號,0,0,2,1,C03,7,6,5,50,14,9,1,5,4,5,13,2,1,1,5,5,2,13,2,21,3,10,6,1,7,9,3,18,1,11,108,1,22,121.5241593,25.0626366
114,08,23,11,32,2,02萬華區,萬華區西園路2段與西藏路口,0,0,2,1,C03,8,5,5,50,4,4,1,5,4,5,13,1,1,1,4,5,2,13,1,66,2,9,5,4,7,9,6,10,2,11,108,1,21,121.4955632,25.0284263
114,08,23,12,00,2,07信義區,信義區基隆路2段17號,0,0,2,1,C03,8,6,5,50,14,9,1,5,4,5,13,4,4,1,4,5,2,13,2,50,2,9,3,4,7,9,1,10,1,11,16,1,21,121.5591745,25.0322125