發生年度,發生月,發生日,發生時-Hours,發生分,處理別-編號,區序,肇事地點,死亡人數,2-30日死亡人數,受傷人數,當事人序號,車種,天候,光線,道路類別,速限-速度限制,道路型態,事故位置,路面狀況1,路面狀況2,路面狀況3,道路障礙1,道路障礙2,號誌1,號誌2,車道劃分-分向,車道劃分-分道1,車道劃分-分道2,車道劃分-分道3,事故類型及型態,性別,年齡,受傷程度,主要傷處,保護裝置,行動電話,車輛用途,當事者行動狀態,駕駛資格情形,駕駛執照種類,飲酒情形,車輛撞擊部位1,肇因碼-個別,個人肇逃否,職業,座標-X,座標-Y
114,08,23,12,01,2,01大同區,大同區台北橋機慢車道(三重往台北),0,0,3,1,C03,8,5,5,40,8,8,1,5,4,5,13,4,4,9,5,5,2,13,2,49,2,8,5,1,7,12,1,10,1,17,30,1,21,121.5071221,25.0634101
114,08,23,12,04,2,05中正區,中正區新生南路1段50號,0,0,2,1,C03,8,6,5,50,14,9,1,5,4,5,13,4,4,3,2,5,2,17,1,55,2,9,5,1,7,9,1,10,2,11,108,1,22,121.5327836,25.04216978
114,08,23,12,16,2,03中山區,中山區中山北路3段181號,0,0,3,1,C03,8,7,5,50,14,9,1,5,4,5,13,4,4,1,4,5,2,17,1,27,2,9,5,1,7,9,3,18,1,11,16,1,21,121.5237095,25.0713269
114,08,23,12,58,2,09北投區,北投區石牌路2段榮民總醫院大門口,0,0,3,1,C03,8,7,5,50,14,9,5,5,4,5,13,1,1,10,5,5,2,13,1,40,2,9,5,1,7,9,1,10,1,11,16,1,21,121.5202552,25.1186801
114,08,23,13,00,2,05中正區,中正區林森南路地下道,0,0,2,1,C03,8,5,5,50,7,9,1,5,4,5,13,4,4,5,4,5,2,13,1,84,2,7,6,1,7,9,1,10,1,11,16,1,22,121.5180804,25.03307164
114,08,23,13,07,2,05中正區,中正區廈門街113巷35-1號對面,0,0,2,1,B03,8,6,5,30,14,9,1,5,4,5,13,4,4,10,5,5,1,17,1,56,3,10,7,1,7,14,1,8,2,4,40,1,21,121.5210452,25.0233725
114,08,23,13,38,2,07信義區,信義區松勤街5號,0,0,1,1,B01,8,6,5,30,14,9,1,5,4,5,13,4,4,10,5,5,2,13,1,67,3,10,3,4,7,9,1,4,2,1,108,1,22,121.5606444,25.0320807
114,08,23,14,00,2,08士林區,士林區德行東路129巷與德行東路109巷64弄口,0,0,3,1,C03,8,6,5,30,4,1,1,5,4,5,13,4,4,10,5,5,2,15,1,37,2,9,3,4,7,9,1,10,1,12,72,1,21,121.5293506,25.10938768
114,08,23,14,09,2,08士林區,士林區至善路2段與故宮路口,0,0,2,1,C03,8,5,5,50,3,2,1,5,4,5,13,1,1,1,4,5,1,17,1,34,2,9,6,1,7,6,1,10,1,14,99,1,21,121.5465673,25.098032
114,08,23,14,15,2,12內湖區,內湖區大湖街190-1號,0,0,1,1,B03,8,7,5,30,11,9,1,5,4,5,13,4,4,10,5,5,1,11,1,71,3,10,7,1,7,9,1,9,1,7,5,1,21,121.6055457,25.0939442
114,08,23,14,30,2,01大同區,大同區酒泉街與酒泉街103巷口,0,0,1,1,C03,8,7,5,30,3,1,1,5,4,5,13,4,4,10,5,5,2,16,2,71,2,9,6,1,7,5,1,10,1,12,72,1,21,121.5149285,25.0720183
114,08,23,14,38,2,05中正區,中正區凱達格蘭大道與中山南路口,0,0,1,1,C03,8,6,5,50,5,1,1,5,4,5,13,2,1,5,4,5,2,16,1,38,2,9,5,1,7,5,1,10,2,13,8,1,22,121.5179894,25.03876254
114,08,23,15,22,2,07信義區,信義區忠孝東路4段國父紀念館西北門,0,0,1,1,B03,8,6,5,50,14,9,1,5,4,5,13,4,4,3,4,5,2,12,1,49,3,10,7,1,7,1,1,8,1,4,19,1,21,121.559424,25.0412247
114,08,23,15,34,2,02萬華區,萬華區環河南路1段與峨眉街口,0,0,2,1,C03,7,7,5,40,3,1,1,5,4,5,13,4,4,8,3,5,2,16,2,38,2,7,5,1,7,5,3,18,1,12,98,1,21,121.5015643,25.0448139
114,08,23,15,40,2,01大同區,大同區大龍街與昌吉街口,0,0,2,1,C03,7,6,5,50,4,1,1,5,4,5,13,2,1,4,4,5,2,16,2,73,2,9,3,4,7,5,1,10,1,12,8,1,21,121.5160044,25.0659285
114,08,23,16,00,2,06松山區,松山區敦化北路與長春路口,0,0,1,1,B03,8,6,5,50,5,2,1,5,4,5,13,2,1,9,4,4,2,17,1,82,3,10,7,1,7,8,1,8,1,2,100,1,22,121.5487595,25.0542472
114,08,23,16,05,2,09北投區,北投區自強街87號,0,0,1,1,B03,8,7,5,50,14,9,1,5,4,5,13,2,1,5,5,5,2,17,1,36,3,10,7,1,7,9,1,8,1,17,108,1,21,121.5148182,25.1107041
114,08,23,16,27,2,09北投區,北投區公館路228巷與三合街1段117巷口,0,0,2,1,C03,8,6,5,30,4,1,1,5,4,5,13,4,4,10,5,5,2,17,1,59,2,9,5,1,7,9,1,10,9,14,72,1,21,121.5047304,25.1246397
114,08,23,17,00,2,07信義區,信義區光復南路271號,0,0,1,1,B03,8,7,5,50,14,9,1,5,4,5,13,4,4,1,4,5,2,12,1,27,3,10,7,1,7,8,1,8,1,5,100,1,21,121.5577415,25.0407773
114,08,23,17,08,2,08士林區,士林區故宮路與故宮路35巷口,0,0,1,1,B12,8,6,5,50,4,4,1,5,4,5,13,2,1,1,4,5,2,13,1,42,3,10,7,1,7,9,1,8,1,8,108,1,21,121.5471482,25.0968178
114,08,23,17,24,2,11南港區,南港區研究院路1段與研究院路1段101巷口,0,0,1,1,B03,8,5,5,50,4,1,1,5,4,5,13,1,1,3,5,2,2,16,2,34,3,10,3,4,7,5,1,8,1,2,71,1,21,121.616125,25.0519528
114,08,23,17,28,2,09北投區,北投區知行路與知行路260巷口,0,0,1,1,F03,7,7,5,50,14,9,1,5,4,5,13,4,4,5,5,5,2,11,2,64,2,9,5,1,7,9,8,20,1,15,108,1,21,121.4673734,25.121474
114,08,23,17,40,2,08士林區,士林區復興橋南往北,0,0,1,1,C03,8,6,5,50,14,9,1,5,4,5,13,1,1,4,3,5,1,12,2,73,2,8,6,1,7,9,1,10,1,14,17,1,21,121.5369584,25.0999565
114,08,23,17,57,2,08士林區,士林區福國路15巷與福國路口,0,0,2,1,C03,7,7,5,50,4,2,1,5,4,5,13,2,1,1,4,5,1,17,2,47,2,8,5,1,7,9,1,10,1,12,81,1,21,121.524668,25.10211406
114,08,23,18,08,2,06松山區,松山區塔悠路與健康路口,0,0,2,1,C03,8,7,5,50,14,9,1,5,4,5,13,4,4,1,4,5,2,17,1,42,2,7,5,1,7,7,1,10,1,14,100,1,21,121.5699838,25.0541094
114,08,23,18,10,2,05中正區,中正區中山南路與信義路1段口,0,0,1,1,C03,8,7,5,40,14,9,1,5,4,5,13,2,1,4,5,1,2,17,1,25,3,10,5,1,7,6,1,10,2,11,9,1,26,121.5180531,25.0384008
114,08,23,19,09,2,02萬華區,萬華區中華路2段364巷與中華路2段416巷66弄口,0,0,2,1,C03,7,5,5,50,3,2,1,5,4,5,13,4,4,9,5,5,2,13,2,66,2,9,3,4,7,9,3,18,1,11,108,1,22,121.5036868,25.0284378
114,08,23,19,37,2,07信義區,信義區松山路與松隆路口,0,0,1,1,B03,8,5,5,50,14,7,1,5,4,5,13,2,1,1,4,4,2,38,1,21,2,1,7,1,7,9,3,18,2,1,108,1,21,121.5777808,25.0483846
114,08,23,20,13,2,10文山區,文山區恆光街12-2號旁,0,0,1,1,C03,7,6,5,30,14,9,1,5,4,5,13,4,4,5,5,5,2,3,1,28,3,10,6,1,7,9,1,10,2,11,108,1,21,121.5668272,24.9829888
114,08,23,20,58,2,02萬華區,萬華區康定路與康定路56巷口,0,0,1,1,A02,7,5,5,50,3,2,1,5,4,5,13,4,4,9,4,5,2,16,1,44,3,10,3,4,7,7,1,2,1,2,100,1,22,121.5023931,25.0425981
114,08,23,21,25,2,03中山區,中山區明水路603號,0,0,1,1,C03,8,5,5,50,14,9,1,5,4,5,13,4,4,1,4,5,2,17,1,24,2,9,6,1,7,9,1,10,1,11,108,1,21,121.5513849,25.08170989
114,08,23,21,55,2,08士林區,士林區承德路4段與通河街口,0,0,1,1,B12,7,6,5,50,4,2,1,5,4,5,13,1,1,5,5,5,2,13,1,34,3,10,7,1,7,9,1,8,2,1,108,1,22,121.521865,25.0803326
114,08,23,22,12,2,04大安區,大安區信義路3段147巷與復興南路1段340巷口,0,0,1,1,B03,8,5,5,30,3,2,1,5,4,5,13,4,4,5,5,5,2,17,1,42,3,10,7,1,7,13,1,8,1,15,40,1,21,121.5420122,25.0362335
114,08,24,01,34,2,01大同區,大同區承德橋與敦煌路口(北向南),0,0,2,1,C03,7,5,5,50,8,11,1,5,4,5,13,2,1,5,2,5,2,17,2,56,2,8,5,4,7,9,1,10,1,14,108,1,21,121.5203571,25.0760098
114,08,24,02,10,2,04大安區,大安區忠孝東路4段10號,0,0,1,1,C03,8,5,5,50,14,9,1,5,4,5,13,4,4,1,3,5,2,13,1,22,2,9,6,1,7,9,1,10,1,11,108,1,21,121.5441099,25.0415453
114,08,24,03,50,2,09北投區,北投區陽金公路馬槽橋,0,0,2,1,C03,8,5,8,40,8,9,1,5,4,5,13,4,4,4,1,5,2,13,1,18,2,8,6,1,7,9,1,10,1,15,108,1,21,121.5626737,25.1785685
114,08,24,04,53,2,04大安區,大安區安和路1段90巷與信義路4段199巷口,0,0,1,1,B01,8,5,5,30,4,1,1,5,4,5,12,4,4,5,5,5,2,15,2,49,3,10,7,1,7,9,1,4,1,1,72,1,21,121.5516607,25.0346854
114,08,24,06,19,2,09北投區,北投區中央北路1段與中央北路1段197巷口,0,0,1,1,F01,8,6,5,50,4,1,1,5,4,5,13,4,4,5,5,5,2,16,1,89,2,1,4,1,7,5,8,20,9,14,8,1,21,121.4976565,25.1358889
114,08,24,06,50,2,09北投區,北投區中央北路1段198巷6號,0,0,1,1,F01,8,7,5,30,14,9,1,5,4,5,13,4,4,5,5,5,1,5,1,61,3,10,4,1,7,5,8,20,1,11,44,1,22,121.4981012,25.1363676
114,08,24,07,41,2,04大安區,大安區仁愛路3段與建國南路1段口,0,0,2,1,C03,8,6,5,50,4,1,1,5,4,5,13,2,1,1,4,4,2,13,1,30,2,9,6,4,7,9,1,10,1,11,16,1,21,121.5381084,25.0380284
114,08,24,08,50,2,02萬華區,萬華區昆明街148號,0,0,1,1,C03,8,6,5,50,14,9,1,5,4,5,13,4,4,10,4,5,2,18,1,60,2,9,5,1,7,9,1,10,8,14,21,1,21,121.5047312,25.0425702
114,08,24,09,05,2,01大同區,大同區延平北路2段與延平北路2段135巷口,0,0,1,1,B01,8,6,5,50,4,1,1,5,4,5,13,4,4,5,2,5,2,17,1,60,3,10,7,1,7,11,1,4,1,4,44,1,21,121.5115462,25.0576616
114,08,24,10,15,2,04大安區,大安區基隆路4段43號,0,0,1,1,B01,8,6,5,50,14,7,1,5,4,5,13,4,4,1,4,4,2,12,1,66,3,10,7,1,7,7,1,4,2,4,100,1,22,121.5420233,25.0151857
114,08,24,10,22,2,02萬華區,萬華區桂林路67號,0,0,1,1,C03,8,6,5,50,14,9,1,5,4,5,13,4,4,9,4,5,2,27,1,51,2,9,6,1,7,9,1,9,1,11,44,1,22,121.5023629,25.0383225
114,08,24,10,57,2,08士林區,士林區中山北路5段455號對面,0,0,2,1,C03,8,5,5,50,14,9,1,5,4,5,13,4,4,1,1,1,2,12,1,43,3,10,6,1,7,14,1,10,9,17,14,1,21,121.5275938,25.091022
114,08,24,11,20,2,04大安區,大安區仁愛路3段與仁愛路口側附近3段5巷口,0,0,1,1,B03,8,6,5,50,3,1,1,5,4,5,13,4,4,10,4,5,2,17,1,26,3,10,2,1,7,6,1,8,1,2,9,1,21,121.5334338,25.0383742
114,08,24,11,39,2,07信義區,信義區松隆路與松信路口,0,0,1,1,C03,8,6,5,50,4,1,1,5,4,5,13,2,1,5,5,5,2,12,1,75,2,9,3,4,7,7,1,10,2,11,100,1,22,121.5721389,25.046996
114,08,24,11,49,2,01大同區,大同區長安西路289號與長安西路口,0,0,1,1,B03,8,5,5,50,3,1,1,5,4,5,13,4,4,9,4,5,2,11,1,52,3,10,7,1,7,5,1,8,2,1,74,1,21,121.5093792,25.05202
114,08,24,12,30,2,05中正區,中正區羅斯福路4段與基隆路4段口,0,0,1,1,C03,8,7,5,50,5,1,1,5,4,5,13,2,1,1,4,5,2,16,1,28,2,9,5,1,7,9,1,10,1,12,42,1,21,121.5368714,25.01122
114,08,24,12,46,2,06松山區,松山區南京東路5段251巷24弄23號,0,0,1,1,C03,8,7,5,30,14,9,1,5,4,5,13,4,4,10,5,5,2,12,1,65,2,9,5,1,7,9,1,10,7,14,21,1,26,121.5644833,25.0524541
114,08,24,13,36,2,07信義區,信義區松平路與松仁路口,0,0,1,1,F01,7,6,5,30,4,1,1,5,4,5,13,2,1,10,5,5,2,17,1,79,2,9,3,4,7,11,8,20,1,14,11,1,22,121.5683675,25.0304782
114,08,24,13,46,2,04大安區,大安區忠孝東路3段150號,0,0,1,1,C03,8,6,5,50,14,9,1,5,4,5,13,4,4,1,4,5,2,13,1,24,2,7,5,1,7,7,1,10,1,14,108,1,22,121.53811,25.0416231
114,08,24,14,06,2,07信義區,信義區大道路109號,0,0,2,1,C03,8,6,5,50,14,9,1,5,4,5,13,4,4,5,4,5,2,16,1,40,2,9,6,4,7,9,1,10,1,11,108,1,22,121.5829802,25.0394335
114,08,24,14,07,2,03中山區,中山區北安路與大直街口,0,0,1,1,C03,7,7,5,50,3,1,1,5,4,5,13,1,1,1,3,5,1,17,2,26,2,8,6,1,7,7,1,10,1,14,100,1,21,121.5462902,25.07906068
114,08,24,14,16,2,06松山區,松山區塔悠路與塔悠路口351號旁堤外便道,0,0,1,1,B03,8,7,5,50,3,1,1,5,4,5,13,4,4,1,4,5,2,12,1,58,3,10,7,1,7,15,1,8,1,2,9,1,25,121.5685367,25.0627351
114,08,24,14,19,2,02萬華區,萬華區大理街與西園路1段306巷口,0,0,1,1,B03,8,5,8,30,4,1,4,5,4,5,13,4,4,10,5,5,2,15,2,64,3,10,3,4,7,9,1,8,1,1,72,1,21,121.4993754,25.0344916
114,08,24,14,26,2,03中山區,中山區中山橋往北（機車專用道）,0,0,1,1,F01,8,5,8,0,14,20,4,5,4,5,13,4,4,10,5,5,2,18,1,80,2,9,3,4,7,9,8,20,6,17,21,1,21,121.5265203,25.07450606
114,08,24,15,00,2,02萬華區,萬華區柳州街與南寧路口,0,0,1,1,C04,8,7,5,50,5,1,1,5,4,5,13,2,1,5,5,5,2,12,2,75,2,9,5,4,7,1,1,11,1,13,8,1,22,121.5049231,25.0368167
114,08,24,15,15,2,03中山區,中山區新生北路2段121號橋下迴轉道,0,0,1,1,B01,8,7,5,0,14,9,1,5,4,5,13,4,4,10,5,5,2,1,1,70,3,10,7,1,7,9,1,8,1,2,70,1,26,121.5275718,25.05918246
114,08,24,15,21,2,12內湖區,內湖區成功路2段250巷與成功路2段250巷23弄口,0,0,2,1,C03,8,7,6,30,4,1,1,5,4,5,13,4,4,10,5,5,2,15,2,52,2,9,6,1,7,9,1,11,1,14,72,1,21,121.5891354,25.0661464
114,08,24,16,00,2,06松山區,松山區市民大道6段與中坡北路口,0,0,1,1,C03,8,7,6,50,4,1,1,5,4,5,13,2,1,1,4,5,2,17,1,39,3,10,5,1,7,15,1,10,1,14,42,1,21,121.5802565,25.0495069
114,08,24,16,35,2,06松山區,松山區民權大橋西往東上橋第2燈桿,0,0,2,1,C03,7,6,5,40,14,11,1,5,4,5,13,4,4,8,3,4,2,13,2,23,2,9,5,1,7,9,1,10,1,13,16,1,21,121.5671666,25.063308
114,08,24,16,45,2,01大同區,大同區承德路2段與民權西路口,0,0,1,1,C03,8,6,5,50,5,2,1,5,4,5,13,2,1,1,4,5,2,17,1,35,2,8,6,1,7,8,1,10,1,11,42,1,21,121.5181568,25.06283104
114,08,24,16,57,2,02萬華區,萬華區康定路24號,0,0,1,1,C04,8,7,5,50,14,9,1,5,4,5,13,4,4,5,5,5,2,17,2,55,2,8,5,1,7,4,1,11,9,12,108,2,21,121.5030264,25.0450651
114,08,24,17,14,2,12內湖區,內湖區南湖大橋與康寧路3段口,0,0,3,1,C03,7,7,5,50,3,2,1,5,4,5,13,1,1,1,5,5,2,17,1,19,2,9,5,1,7,9,1,10,2,11,16,1,21,121.6110873,25.06521667
114,08,24,17,18,2,10文山區,文山區指南路2段與指南路2段45巷口,0,0,2,1,C03,8,7,5,40,3,18,1,5,4,5,13,4,4,10,5,5,2,3,1,64,2,5,5,1,7,9,1,10,2,11,70,1,21,121.5743297,24.9879291
114,08,24,17,50,2,03中山區,中山區民權東路3段72號,0,0,1,1,B01,7,7,5,50,14,9,1,5,4,5,13,4,4,1,4,5,2,17,1,59,3,10,7,1,7,15,1,4,2,2,42,1,21,121.5427033,25.0621167
114,08,24,17,53,2,09北投區,北投區大業路527巷與中央北路2段257巷口,0,0,1,1,B03,8,7,5,40,3,1,1,5,4,5,13,1,1,5,5,5,2,16,1,33,3,10,7,1,7,5,1,8,1,8,74,1,22,121.4909001,25.1376338
114,08,24,18,35,2,07信義區,信義區基隆路1段333號,0,0,2,1,B03,8,6,5,50,14,9,1,5,4,5,13,4,4,1,4,5,2,12,1,63,3,10,7,1,7,10,1,8,2,8,100,1,22,121.560675,25.0346071
114,08,24,19,25,2,01大同區,大同區延平北路4段與酒泉街口,0,0,1,1,,7,5,5,50,4,2,1,5,4,5,13,2,1,5,2,5,2,27,3,28,,,,,,,,,,,66,1,,121.5109194,25.0725354
114,08,24,19,47,2,02萬華區,萬華區堤外便道自行車道近華江橋,0,0,1,1,F01,7,5,7,0,14,23,2,5,4,5,13,4,4,10,5,5,2,10,1,60,3,10,3,4,7,9,8,20,1,11,118,1,22,121.4898787,25.035161
114,08,24,19,54,2,04大安區,大安區光復南路96巷與光復南路口,0,0,2,1,B01,7,5,5,50,4,2,1,5,4,5,13,4,4,1,4,1,1,17,1,56,3,10,7,1,7,10,1,4,1,17,100,1,21,121.5576084,25.0439662
114,08,24,21,25,2,12內湖區,內湖區康寧路1段106巷與康寧路1段口,0,0,2,1,C03,8,5,5,50,3,1,1,5,4,5,13,4,4,9,5,5,2,13,1,26,2,9,5,1,7,9,1,10,1,11,108,1,21,121.5932499,25.0796595
114,08,24,22,28,2,06松山區,松山區南京東路5段407號,0,0,1,1,C03,8,5,5,50,14,9,1,5,4,5,13,4,4,1,4,5,2,17,1,21,2,9,5,1,7,9,1,10,1,11,76,1,21,121.5697834,25.0514423
114,08,24,22,34,2,12內湖區,內湖區康寧路3段與康寧路3段70巷口,0,0,1,1,C03,8,5,5,50,4,1,1,5,4,5,13,2,1,1,4,5,2,13,1,19,2,9,6,1,7,9,1,10,1,11,16,1,21,121.6111724,25.0704531
114,08,24,22,55,2,04大安區,大安區通安街與安和路2段35巷口,0,0,1,1,C03,8,5,5,30,4,1,1,5,4,5,13,4,4,10,5,5,2,15,1,20,2,9,6,1,7,9,1,10,1,11,72,1,21,121.5532938,25.0316978
114,08,24,23,57,2,02萬華區,萬華區昆明街76-1號,0,0,1,1,C03,8,5,5,50,14,9,1,5,4,5,13,4,4,10,4,5,2,13,1,19,2,8,5,1,7,9,1,10,1,11,108,1,21,121.5056102,25.0457158
114,08,25,00,51,2,05中正區,中正區台北車站東側門東一門,0,0,1,1,H01,7,5,5,0,14,9,1,5,4,5,13,4,4,1,4,1,2,9,1,73,2,7,4,5,8,20,8,20,1,16,60,1,21,121.5184084,25.04754977
114,08,25,01,51,2,08士林區,士林區承德路5段與通河東街2段口,0,0,1,1,C03,8,5,5,50,5,2,1,5,4,5,13,2,1,1,4,4,1,16,1,21,2,9,5,1,7,9,1,10,1,14,81,1,21,121.5140255,25.0956259
114,08,25,02,19,2,09北投區,北投區竹子湖路,0,0,2,1,B03,8,6,5,50,14,9,1,5,4,5,13,4,4,5,5,5,2,10,1,21,2,9,7,1,7,9,1,8,2,1,4,1,21,121.5457301,25.1604027
114,08,25,05,55,2,08士林區,士林區芝玉路1段196號,0,0,2,1,B03,8,6,5,30,14,9,1,5,4,5,13,4,4,10,5,5,2,29,1,48,2,7,7,1,7,9,1,8,2,5,108,1,22,121.5333576,25.1080015
114,08,25,06,48,2,02萬華區,萬華區大理街46號,0,0,1,1,C03,8,6,5,50,14,9,1,5,4,5,13,4,4,9,5,4,2,13,2,30,2,9,6,1,7,9,1,10,2,11,108,1,22,121.4995705,25.0344817
114,08,25,06,50,2,09北投區,士林區中正路與延平北路5段口,0,0,1,1,B03,8,7,5,50,4,2,1,5,4,5,13,2,1,1,4,5,2,13,1,55,3,10,7,1,7,8,6,18,2,5,16,1,22,121.5090592,25.0865261
114,08,25,07,41,2,03中山區,中山區民生東路2段41號,0,0,2,1,C03,8,7,5,50,14,9,1,5,4,5,13,4,4,5,2,5,2,17,1,51,2,9,6,1,7,1,1,10,1,11,19,1,21,121.5291128,25.0580726
114,08,25,07,50,2,09北投區,北投區大業路往南106-08-106152桿,0,0,1,1,C03,8,6,5,40,14,8,1,5,4,5,13,4,4,8,3,4,2,13,2,73,2,7,6,1,7,9,1,8,1,11,108,1,21,121.4958241,25.1339087
114,08,25,07,57,2,03中山區,中山區林森北路與中山北路2段93巷口,0,0,1,1,C03,8,6,5,30,3,1,1,5,4,5,13,4,4,5,5,5,2,17,2,33,3,10,5,1,7,6,1,10,2,13,72,1,21,121.5255427,25.05927348
114,08,25,08,28,2,11南港區,南港區力行橋與研究院路1段101巷口,0,0,1,1,B03,8,6,5,50,5,2,1,5,4,5,13,1,1,5,5,5,2,13,4,0,4,11,3,4,7,6,7,19,9,3,119,2,22,121.6169786,25.0517407
114,08,25,08,36,2,03中山區,中山區北安路與劍南路口,0,0,1,1,C03,8,6,5,30,14,9,1,5,4,5,13,2,1,1,4,5,2,13,1,48,2,9,6,1,7,8,1,10,2,11,16,1,21,121.5535666,25.0853874
114,08,25,08,49,2,03中山區,中山區林森北路286號,0,0,1,1,A02,8,7,5,50,14,9,1,5,4,5,13,4,4,4,5,5,1,9,1,60,3,10,7,1,7,14,1,2,1,2,40,1,21,121.5211384,25.05009342
114,08,25,08,49,2,06松山區,松山區市民大道5段與東興路口,0,0,1,1,C03,8,7,5,40,4,1,1,5,4,5,13,2,1,9,4,5,2,15,1,30,2,9,6,1,7,9,1,10,2,14,79,1,22,121.5658055,25.0483937
114,08,25,09,01,2,07信義區,信義區林口街38巷與福德街84巷口,0,0,1,1,B03,8,6,5,30,3,1,1,5,4,5,13,4,4,9,4,5,2,15,1,65,3,10,7,1,7,9,1,8,1,4,72,1,21,121.5808872,25.0384254
114,08,25,09,16,2,03中山區,中山區錦西街與民權西路70巷口,0,0,1,1,B03,8,7,5,50,4,2,1,5,4,5,13,2,1,9,4,5,2,13,1,31,3,10,7,1,7,1,1,8,1,5,108,1,21,121.5208878,25.06036936
114,08,25,09,21,2,06松山區,松山區八德路3段與光復南路口,0,0,2,1,C03,8,6,5,50,4,1,1,5,4,5,13,1,1,8,3,4,1,16,2,45,2,9,3,1,7,9,1,21,1,14,81,1,21,121.5577698,25.0481657
114,08,25,10,16,2,12內湖區,內湖區陽光街與瑞光路口,0,0,1,1,C03,8,6,5,50,4,1,1,5,4,5,13,1,1,5,5,5,2,17,1,55,3,10,5,1,7,5,1,10,9,17,71,1,21,121.5792349,25.0737388
114,08,25,10,54,2,01大同區,大同區重慶北路3段320號(對面）,0,0,1,1,B01,8,6,5,50,14,9,1,5,4,5,13,3,1,1,4,5,2,17,1,62,3,10,7,1,7,15,1,4,1,2,101,1,21,121.513925,25.07469611
114,08,25,10,56,2,04大安區,大安區四維路228巷與和平東路3段1巷口,0,0,2,1,C03,8,6,5,30,4,1,1,5,4,5,13,4,4,10,5,5,2,15,1,60,2,9,6,1,7,9,1,10,1,11,72,1,21,121.54674,25.0255883
114,08,25,11,33,2,04大安區,大安區信義路3段與建國南路1段口口,0,0,1,1,B03,8,6,5,50,4,1,1,5,4,5,13,2,1,4,4,5,2,17,1,29,3,10,3,4,7,5,1,15,2,8,98,1,22,121.5380245,25.0336038
114,08,25,11,54,2,01大同區,大同區承德路2段(0804197燈桿）,0,0,1,1,B01,8,6,5,50,14,9,1,5,4,5,13,4,4,1,4,5,2,17,1,61,3,10,7,1,7,7,1,4,2,17,100,1,21,121.5177311,25.05360361
114,08,25,12,09,2,02萬華區,萬華區內江街27號,0,0,1,1,C03,8,7,5,50,14,9,1,5,4,5,13,4,4,10,4,5,2,12,1,40,2,9,5,1,7,9,1,10,1,14,44,1,21,121.5061797,25.0416421
114,08,25,12,17,2,10文山區,文山區辛亥路4段與辛亥路4段77巷口口,0,0,1,1,B01,8,6,5,50,3,1,1,5,4,5,13,2,1,1,4,5,2,12,1,60,3,10,7,1,7,9,1,4,1,2,17,1,21,121.5585932,25.0074178
114,08,25,12,25,2,10文山區,文山區辛亥路4段與辛亥路4段77巷口,0,0,1,1,C03,8,6,5,50,3,1,1,5,4,5,13,2,1,1,4,5,2,16,1,20,3,10,6,1,7,11,1,10,11,14,92,1,21,121.5586551,25.0074465
114,08,25,12,32,2,02萬華區,萬華區環河南路1段與長沙街2段口,0,0,2,1,C03,8,6,5,40,3,2,1,5,4,5,13,2,1,5,4,5,1,17,2,25,2,9,3,4,7,9,1,10,1,11,16,1,22,121.4997846,25.041675
114,08,25,12,41,2,05中正區,中正區中山南路與凱達格蘭大道口,0,0,1,1,B03,8,6,5,50,4,1,1,5,4,5,13,1,1,9,4,3,1,17,2,74,3,10,7,1,7,6,1,8,2,5,9,1,22,121.5173374,25.0393086
114,08,25,13,05,2,04大安區,大安區仁愛路4段與敦化南路2段口,0,0,1,1,C03,8,5,5,50,4,2,1,5,4,5,13,2,1,8,3,5,1,16,1,23,2,9,5,1,7,6,3,18,2,14,9,1,21,121.5485776,25.0369906
114,08,25,13,39,2,04大安區,大安區羅斯福路3段與師大路口口,0,0,2,1,C03,8,6,5,50,4,1,1,5,4,5,13,2,1,1,4,5,2,17,2,19,2,9,5,1,7,9,1,10,1,12,44,1,22,121.5278597,25.021014
114,08,25,13,41,2,02萬華區,萬華區中華路2段600號,0,0,1,1,B02,8,7,5,50,14,7,1,5,4,5,13,1,1,8,3,4,2,13,1,40,3,10,7,1,7,9,1,8,1,1,16,1,21,121.5098297,25.0247228
114,08,25,13,45,2,01大同區,大同區鄭州路與塔城街口,0,0,1,1,C03,8,6,5,40,4,2,1,5,4,5,13,1,1,1,4,5,2,17,1,75,4,11,,,,,,,11,,119,2,,121.5105323,25.05027779
114,08,25,13,57,2,01大同區,大同區重慶北路1段與長安西路口,0,0,1,1,B02,8,6,5,50,5,1,1,5,4,5,13,2,1,5,2,5,2,17,1,24,3,10,7,1,7,11,1,8,1,8,10,1,21,121.5140054,25.0515673
114,08,25,14,00,2,03中山區,中山區長安西路3號,0,0,1,1,B12,8,6,5,50,14,9,1,5,4,5,13,4,4,5,4,5,2,17,1,32,3,10,7,1,7,9,1,8,1,4,42,1,21,121.5210096,25.05002852
114,08,25,14,02,2,03中山區,中山區錦西街與民生西路3巷口,0,0,1,1,B03,8,6,5,30,4,1,1,5,4,5,13,4,4,10,5,5,2,16,1,34,3,10,7,1,7,6,1,8,1,2,9,1,21,121.5218799,25.0602392
114,08,25,14,45,2,05中正區,中正區和平西路1段60號,0,0,1,1,C03,8,7,5,40,14,8,1,5,4,5,13,4,4,1,4,4,2,13,1,42,2,9,5,1,7,8,1,10,2,11,108,1,22,121.5195192,25.0264238
114,08,25,15,08,2,03中山區,中山區市民大道3段與建國南路1段口,0,0,1,1,B02,8,7,6,40,4,2,1,5,4,5,13,4,4,9,4,5,2,17,1,56,3,10,7,1,7,7,1,8,1,17,100,1,21,121.5476316,25.0481315