發生年度,發生月,發生日,發生時-Hours,發生分,處理別-編號,區序,肇事地點,死亡人數,2-30日死亡人數,受傷人數,當事人序號,車種,天候,光線,道路類別,速限-速度限制,道路型態,事故位置,路面狀況1,路面狀況2,路面狀況3,道路障礙1,道路障礙2,號誌1,號誌2,車道劃分-分向,車道劃分-分道1,車道劃分-分道2,車道劃分-分道3,事故類型及型態,性別,年齡,受傷程度,主要傷處,保護裝置,行動電話,車輛用途,當事者行動狀態,駕駛資格情形,駕駛執照種類,飲酒情形,車輛撞擊部位1,肇因碼-個別,個人肇逃否,職業,座標-X,座標-Y
114,08,25,15,09,2,03中山區,中山區濱江街105號,0,0,1,1,B12,8,7,5,50,14,9,1,5,4,5,13,2,1,1,4,5,2,17,1,29,3,10,7,1,7,1,1,8,1,17,19,1,21,121.5354891,25.073161
114,08,25,15,13,2,02萬華區,萬華區西寧南路與成都路口,0,0,1,1,B01,8,7,5,50,4,18,1,5,4,5,13,2,1,10,4,5,2,3,1,55,3,10,3,4,7,5,1,4,1,8,70,1,22,121.505915,25.0426731
114,08,25,15,30,2,01大同區,大同區民生西路與迪化街1段口,0,0,1,1,B03,8,6,5,50,4,1,1,5,4,5,13,2,1,8,3,5,2,16,2,66,3,10,7,1,7,5,1,8,1,5,71,1,21,121.5098459,25.0569529
114,08,25,15,34,2,12內湖區,內湖區康樂街61巷2號附近側附近,0,0,1,1,C03,7,6,5,30,14,9,1,5,4,5,13,4,4,10,5,5,2,13,1,18,3,10,6,1,7,9,1,10,1,11,108,1,21,121.6184629,25.0684422
114,08,25,15,50,2,05中正區,中正區市民大道1段M2迴轉道前,0,0,1,1,C03,8,6,5,40,14,6,1,5,4,5,13,4,4,1,4,5,1,17,1,22,3,10,6,1,7,5,1,10,2,13,8,1,22,121.5186108,25.0483919
114,08,25,15,57,2,08士林區,士林區文林路與安平街口,0,0,2,1,C03,8,5,5,50,4,2,1,5,4,5,13,4,4,5,5,5,2,12,1,58,2,9,6,1,7,1,1,10,1,14,19,1,21,121.5263422,25.0883029
114,08,25,16,02,2,08士林區,士林區中山北路5段銘傳大學公車站,0,0,2,1,C03,8,6,5,50,14,9,1,5,4,5,13,4,4,8,4,5,1,13,1,26,2,3,5,1,7,9,1,9,1,11,108,1,21,121.527437,25.089344
114,08,25,16,11,2,08士林區,士林區至善路3段336巷至善幹72號,0,0,2,1,C03,8,6,5,30,11,9,1,5,4,5,13,4,4,10,5,5,1,11,1,30,2,9,3,4,7,9,1,10,2,14,118,1,21,121.5922851,25.13196276
114,08,25,16,14,2,03中山區,中山區北安路630巷與北安路588巷20弄口,0,0,1,1,B03,8,7,5,50,4,2,1,5,4,5,13,1,1,10,4,5,2,16,1,81,3,10,7,1,7,6,1,8,1,2,9,1,21,121.5503322,25.08235477
114,08,25,16,23,2,10文山區,文山區萬美街1段與萬和街口,0,0,2,1,C03,8,6,5,40,14,9,1,5,4,5,13,1,1,5,5,5,2,13,1,29,2,9,6,1,7,9,1,10,2,11,16,1,21,121.5666415,25.0020449
114,08,25,16,27,2,05中正區,中正區羅斯福路2段與同安街口,0,0,1,1,C03,8,7,5,50,3,2,1,5,4,5,13,1,1,1,4,5,2,17,1,64,2,7,5,1,7,9,1,10,1,14,108,1,22,121.5232024,25.0259455
114,08,25,16,31,2,11南港區,南港區南港路3段與南港路3段190巷口,0,0,2,1,C03,8,6,5,50,3,2,1,5,4,5,13,2,1,5,4,5,2,16,1,21,2,9,6,1,7,11,1,10,1,14,103,1,21,121.5874522,25.0530396
114,08,25,16,39,2,09北投區,北投區公館路165號,0,0,4,1,,8,7,5,40,14,9,1,5,4,1,11,4,4,5,5,5,2,28,3,31,,,,,,,,,,,128,1,,121.5065507,25.1289663
114,08,25,16,40,2,08士林區,士林區福國路94號,0,0,1,1,B03,7,7,5,50,14,9,1,5,4,5,13,2,1,1,4,4,1,16,2,50,3,10,7,1,7,6,1,8,2,6,17,1,21,121.52224,25.1020836
114,08,25,16,47,2,04大安區,大安區四維路170巷與和平東路3段1巷口,0,0,2,1,B03,8,6,5,40,3,1,1,5,4,5,13,4,4,5,5,5,2,17,1,30,3,10,3,4,7,11,1,8,1,17,80,1,22,121.5469032,25.0282188
114,08,25,16,48,2,10文山區,文山區木柵路2段109巷與木柵路2段109巷25弄口,0,0,1,1,C03,8,7,5,30,3,2,1,5,4,5,13,4,4,10,5,5,2,3,1,46,3,10,5,4,7,9,1,10,1,11,108,1,22,121.5630502,24.989911
114,08,25,16,58,2,09北投區,北投區士科路與福國路口,0,0,1,1,B01,8,5,5,50,4,1,1,5,4,5,13,2,1,1,4,5,2,16,1,66,3,10,7,1,7,6,1,4,2,2,9,1,21,121.514767,25.1015134
114,08,25,17,10,2,03中山區,中山區民族東路410巷與龍江路356巷口,0,0,3,1,C03,8,7,5,50,4,2,1,5,4,5,13,1,1,9,5,5,2,17,1,70,2,9,5,1,7,5,1,10,1,11,74,1,21,121.5393337,25.06426042
114,08,25,17,10,2,05中正區,中正區新生南路1段與仁愛路2段口,0,0,2,1,C03,8,6,5,50,4,2,1,5,4,5,13,1,1,3,1,5,2,13,1,28,2,9,6,1,7,9,1,10,1,11,108,1,22,121.5326556,25.0385578
114,08,25,17,17,2,03中山區,中山區市民大道2段與長安東路1段30巷口,0,0,1,1,B03,8,7,5,40,14,9,1,5,4,5,13,4,4,10,4,5,2,17,2,60,3,10,7,1,7,8,1,8,1,2,100,1,21,121.5261048,25.0475836
114,08,25,17,27,2,09北投區,北投區明德路333巷18號前,0,0,2,1,C03,8,6,5,30,14,9,1,5,4,5,13,4,4,10,5,5,2,2,1,74,2,9,5,1,7,9,1,10,1,11,108,1,21,121.5192985,25.1163217
114,08,25,17,27,2,11南港區,南港區忠孝東路7段369號,0,0,1,1,B03,8,6,5,50,14,9,1,5,4,5,13,4,4,1,4,5,2,16,1,46,3,10,3,4,7,6,1,8,1,2,9,1,21,121.604314,25.0519026
114,08,25,17,50,2,03中山區,中山區大直橋往南,0,0,3,1,C03,8,7,5,50,14,9,1,5,4,5,13,4,4,1,4,5,2,13,1,66,3,10,3,4,7,12,1,10,1,17,44,1,21,121.5444498,25.0760885
114,08,25,17,55,2,09北投區,北投區紗帽路1206323號燈桿,0,0,1,1,C03,8,6,5,50,14,9,1,5,4,5,13,4,4,8,5,5,1,20,1,17,2,9,6,1,7,9,2,18,1,14,42,1,21,121.5330515,25.1503452
114,08,25,17,57,2,09北投區,北投區大度路往西1205091號燈桿,0,0,2,1,C03,8,6,5,50,14,12,1,5,4,5,13,4,4,1,4,5,1,17,1,44,2,9,6,1,7,9,1,10,1,12,108,1,21,121.4968893,25.1214862
114,08,25,18,00,2,07信義區,信義區忠孝東路5段與忠孝東路5段295巷口口,0,0,1,1,C03,8,5,5,50,3,1,1,5,4,5,13,4,4,1,4,5,2,17,1,66,3,10,6,1,7,6,1,10,1,12,80,1,22,121.5725069,25.0410741
114,08,25,18,01,2,05中正區,中正區汀州路1段與汀州路1段140巷口,0,0,2,1,C03,8,7,5,50,3,1,1,5,4,5,13,4,4,9,5,5,2,17,2,46,2,7,5,1,7,5,1,10,1,14,8,1,22,121.5082799,25.0293169
114,08,25,18,02,2,12內湖區,內湖區港墘路與內湖路1段737巷50弄口,0,0,1,1,B03,8,5,5,50,4,1,1,5,4,5,13,1,1,9,4,5,2,17,1,41,3,10,7,1,7,5,1,8,2,4,44,1,21,121.5778883,25.0808592
114,08,25,18,15,2,01大同區,大同區忠孝西路1段與塔城街口,0,0,1,1,B03,7,5,5,50,5,2,1,5,4,5,13,2,1,1,4,5,2,17,1,59,3,10,3,4,7,9,1,10,2,2,42,1,21,121.5099301,25.0482047
114,08,25,18,20,2,03中山區,中山區北安路與北安路759巷口,0,0,1,1,C03,8,7,5,50,4,1,1,5,4,5,13,2,1,10,5,5,2,13,2,45,2,9,6,1,7,9,1,10,1,11,108,1,21,121.5527022,25.08585013
114,08,25,18,22,2,06松山區,松山區民生東路3段與敦化北路口,0,0,1,1,C03,8,6,5,50,14,7,1,5,4,5,13,2,1,9,4,4,2,13,1,43,2,7,6,1,7,9,1,10,1,11,16,1,22,121.5488115,25.05779855
114,08,25,18,30,2,10文山區,文山區木柵路1段66-8號,0,0,1,1,C03,8,5,5,50,14,9,1,5,4,5,13,4,4,5,4,5,2,29,2,29,2,9,5,1,7,9,1,10,1,12,42,1,21,121.5479863,24.9870827
114,08,25,18,51,2,12內湖區,內湖區康寧路3段與五分街口,0,0,1,1,C03,8,5,5,50,4,1,1,5,4,5,13,2,1,1,4,5,2,16,1,62,2,9,5,1,7,7,1,10,1,13,100,1,21,121.6118023,25.0677908
114,08,25,19,01,2,09北投區,北投區致遠一路2段12巷與致遠一路2段口,0,0,3,1,F01,8,5,5,30,4,1,1,5,4,3,10,4,4,10,5,5,2,16,1,13,2,9,4,1,7,5,8,20,1,14,4,1,15,121.5144636,25.1109933
114,08,25,19,14,2,01大同區,大同區寧夏路（北向南，靜修女中旁）,0,0,3,1,C03,8,5,5,50,14,9,1,5,4,5,13,4,4,8,1,5,1,16,1,67,2,9,6,4,7,9,1,10,1,12,4,1,21,121.5153975,25.0575951
114,08,25,19,17,2,11南港區,南港區經貿二路157巷36弄與經貿二路157巷口,0,0,1,1,B03,8,5,5,50,3,1,1,5,4,5,13,2,1,4,4,5,2,2,1,46,3,10,3,4,7,5,1,8,2,1,70,1,21,121.6173385,25.0602914
114,08,25,19,20,2,06松山區,松山區八德路4段746號對面公車站,0,0,1,1,A02,8,5,8,30,22,22,1,5,4,5,13,4,4,10,5,5,2,9,1,44,3,10,3,4,7,5,1,2,9,5,108,1,21,121.5783936,25.0496301
114,08,25,19,30,2,02萬華區,萬華區西昌街42號,0,0,1,1,B01,7,5,5,30,14,9,1,5,4,5,13,4,4,10,5,5,2,9,1,40,3,10,3,4,7,14,1,4,1,2,38,1,22,121.5006904,25.0423147
114,08,25,19,59,2,02萬華區,萬華區桂林路與堤外便道口北往南過中興橋,0,0,3,1,C03,8,5,5,40,14,11,1,5,4,5,13,4,4,4,5,5,2,13,1,52,2,9,6,1,7,15,1,10,1,11,108,1,22,121.4970294,25.0262857
114,08,25,20,40,2,07信義區,信義區基隆路汽機車混合地下道,0,0,2,1,C03,8,5,5,30,7,9,1,5,4,5,13,4,4,10,3,5,1,17,1,46,2,9,6,1,7,4,1,10,2,14,1,1,22,121.5609429,25.0360261
114,08,25,20,51,2,04大安區,大安區通化街180巷與通化街口,0,0,1,1,B03,8,5,5,30,4,2,1,5,4,5,13,4,4,8,3,5,1,17,1,51,4,11,3,4,7,15,7,19,11,17,72,2,22,121.5533828,25.0273716
114,08,25,21,25,2,08士林區,士林區承德路5段55號對面,0,0,1,1,C03,7,5,8,50,22,22,1,5,4,5,13,4,4,1,2,4,1,13,1,18,3,10,5,1,7,9,1,10,2,11,16,1,21,121.5134472,25.09731341
114,08,25,21,52,2,02萬華區,萬華區堤外便道近桂林疏散門,0,0,2,1,H01,7,5,5,40,14,9,1,5,4,5,13,4,4,9,5,5,2,3,1,66,2,8,4,5,8,16,8,20,10,16,53,1,22,121.4957351,25.0389305
114,08,26,01,56,2,03中山區,中山區明水路405號對面,0,0,1,1,C03,7,5,5,50,14,9,1,5,4,5,13,4,4,1,5,5,1,23,1,30,2,8,3,4,7,15,1,10,7,14,21,1,21,121.5481693,25.07734554
114,08,26,06,24,2,01大同區,大同區民權西路194號,0,0,2,1,C03,8,6,5,50,14,9,1,5,4,5,13,4,4,1,4,5,2,13,2,63,2,9,5,1,7,6,3,18,2,13,44,1,21,121.5139807,25.0628888
114,08,26,06,27,2,02萬華區,萬華區和平西路3段與康定路口,0,0,1,1,A02,8,5,5,50,4,1,1,5,4,5,13,1,1,8,3,5,1,29,1,52,3,10,7,1,7,5,1,1,2,17,44,1,21,121.5013014,25.0353306
114,08,26,06,32,2,01大同區,大同區酒泉街74號,0,0,2,1,C03,8,5,5,50,3,1,1,5,4,5,13,4,4,5,4,5,2,3,1,21,2,9,5,1,7,9,1,10,2,11,70,1,21,121.5149405,25.07199
114,08,26,06,47,2,11南港區,南港區南港路3段與南港路3段80巷口,0,0,2,1,C03,8,6,5,50,3,1,1,5,4,5,13,4,4,4,3,5,2,17,1,21,2,9,3,4,7,4,1,10,1,12,94,1,21,121.5911605,25.0538853
114,08,26,07,20,2,06松山區,松山區東興路15巷與東興路口,0,0,1,1,C03,8,7,5,50,14,9,1,5,4,5,13,1,1,5,4,5,2,11,1,56,2,8,5,1,7,7,1,10,1,14,100,1,26,121.565375,25.0502087
114,08,26,07,45,2,02萬華區,萬華區艋舺大道與雙園街60巷74弄口,0,0,1,1,C03,8,7,5,50,3,1,1,5,4,3,12,4,4,9,4,4,2,13,1,31,3,10,5,1,7,12,1,10,1,11,44,1,21,121.4924287,25.0294111
114,08,26,07,45,2,04大安區,大安區和平東路3段莊敬隧道前,0,0,1,1,B12,8,6,5,50,14,9,1,5,4,5,13,4,4,5,5,5,2,17,1,56,3,10,3,4,7,9,1,8,1,17,30,1,21,121.564595,25.01026922
114,08,26,07,50,2,04大安區,大安區復興南路1段122巷與復興南路1段口,0,0,1,1,B03,7,5,5,30,3,2,1,5,4,5,13,4,4,1,4,5,2,16,1,45,3,10,7,1,7,6,1,8,1,1,80,1,21,121.5436372,25.0428689
114,08,26,07,58,2,06松山區,松山區民權東路5段與撫遠街口,0,0,2,1,C03,8,7,5,50,4,1,1,5,4,5,13,2,1,1,4,5,2,13,1,25,2,9,5,1,7,9,1,10,1,11,108,1,25,121.5662352,25.0633636
114,08,26,08,25,2,10文山區,文山區木柵路1段與無名巷口,0,0,1,1,C03,8,6,5,50,4,2,1,5,4,5,13,1,1,5,4,5,2,16,1,75,2,9,6,1,7,11,1,10,1,14,10,1,21,121.5540449,24.9880937
114,08,26,08,29,2,05中正區,中正區中華路2段與廣州街口口,0,0,1,1,A02,8,6,5,50,4,1,1,5,4,5,13,1,1,1,4,5,2,12,1,46,3,10,3,4,7,10,1,2,2,8,100,1,21,121.5066561,25.0361131
114,08,26,08,40,2,05中正區,中正區杭州南路1段與徐州路口,0,0,2,1,C03,8,6,5,50,4,1,1,5,4,5,13,1,1,10,4,5,2,16,1,53,2,9,6,1,7,5,1,10,1,14,8,1,22,121.52572,25.040211
114,08,26,08,43,2,02萬華區,萬華區艋舺大道86巷與艋舺大道口,0,0,1,1,C03,8,6,5,50,3,2,1,5,4,5,13,4,4,8,3,5,1,17,1,40,2,8,5,1,7,6,1,10,1,14,72,1,21,121.5034112,25.0334032
114,08,26,08,46,2,06松山區,松山區敦化北路88號,0,0,1,1,B03,8,6,5,50,14,9,1,4,4,5,13,4,4,5,5,5,2,12,2,50,3,10,3,4,7,7,1,10,1,4,100,1,21,121.5487402,25.0510906
114,08,26,08,50,2,03中山區,中山區民族東路與龍江路口,0,0,2,1,C03,8,6,5,50,3,1,1,5,4,5,13,1,1,3,4,4,2,16,2,64,2,9,6,4,7,5,1,10,1,14,80,1,21,121.5401943,25.0679128
114,08,26,08,50,2,12內湖區,內湖區成功路2段252號,0,0,1,1,C03,8,6,5,50,3,1,1,5,4,5,13,2,1,1,4,5,2,17,2,28,2,8,6,1,7,9,1,10,1,12,16,1,21,121.5904534,25.0662154
114,08,26,08,51,2,04大安區,大安區仁愛路3段17號,0,0,2,1,F01,8,6,5,50,14,9,1,5,4,5,13,4,4,1,4,5,2,10,1,76,2,9,4,4,7,9,8,20,1,13,4,1,21,121.5341917,25.0384025
114,08,26,09,08,2,08士林區,士林區葫東街28-2號,0,0,1,1,H02,8,6,5,0,14,9,1,5,4,5,13,4,4,9,5,5,2,9,1,46,3,10,4,5,7,19,8,20,10,16,126,1,21,121.5111032,25.0836143
114,08,26,09,47,2,02萬華區,萬華區青年路10號對面,0,0,2,1,C03,8,5,8,30,22,22,1,5,4,5,13,4,4,10,5,5,2,17,1,71,2,9,3,4,7,15,1,10,1,12,100,1,21,121.5059932,25.0259062
114,08,26,09,48,2,01大同區,大同區重慶北路3段與民族西路口,0,0,1,1,B03,8,5,5,50,4,1,1,5,4,5,13,2,1,5,4,5,2,16,2,61,3,10,7,1,7,6,1,8,2,2,9,1,21,121.5141577,25.0684401
114,08,26,09,58,2,03中山區,中山區龍江路與合江街61巷口,0,0,1,1,B12,8,6,5,30,4,1,1,5,4,5,13,4,4,10,4,5,2,17,1,20,3,10,7,1,7,5,1,8,1,8,80,1,21,121.5405635,25.05691687
114,08,26,10,00,2,01大同區,大同區民族西路221巷與民族西路221巷口,0,0,1,1,B03,8,6,5,30,3,1,1,5,4,5,13,4,4,10,5,5,2,9,1,56,3,10,7,1,7,2,1,8,1,3,12,1,21,121.5132204,25.0696177
114,08,26,10,00,2,04大安區,大安區芳蘭路與長興街口,0,0,1,1,C03,8,6,5,50,4,1,1,5,4,5,13,1,1,10,5,5,2,29,3,0,,,,,,,,,,,67,1,,121.5474574,25.0150332
114,08,26,10,12,2,04大安區,大安區通化街19巷與文昌街250巷口,0,0,1,1,C03,8,6,5,30,4,1,1,5,4,3,10,4,4,10,5,5,2,15,2,59,2,9,5,1,7,9,1,10,1,12,72,1,21,121.5557201,25.0316464
114,08,26,10,57,2,08士林區,士林區承德路5段與士商路口,0,0,1,1,B03,8,7,5,40,4,1,1,5,4,5,13,2,1,1,4,5,2,16,1,43,3,10,7,1,7,6,1,8,2,2,9,1,21,121.5142206,25.0960765
114,08,26,11,10,2,08士林區,士林區中山北路5段與劍潭路口,0,0,1,1,C03,8,6,5,40,14,8,1,5,4,5,13,1,1,1,3,5,1,13,2,21,2,9,6,1,7,9,1,10,1,11,17,1,21,121.5266747,25.08480459
114,08,26,11,10,2,12內湖區,內湖區東湖路160巷與五分街口口,0,0,1,1,C03,8,7,5,30,4,1,1,5,4,5,13,1,1,10,5,5,2,12,2,64,2,9,6,1,7,9,1,10,1,14,118,1,21,121.6173847,25.0670586
114,08,26,11,13,2,11南港區,南港區南港路1段277巷與南港路1段287巷2弄口,0,0,1,1,B03,8,6,5,50,14,9,1,5,4,5,13,4,4,4,5,5,2,12,1,35,3,10,3,4,7,15,1,8,1,4,40,1,21,121.608773,25.0539977
114,08,26,11,19,2,12內湖區,內湖區康樂街61巷與康樂街85巷口,0,0,3,1,C03,8,6,5,30,4,1,1,5,4,5,13,4,4,10,5,5,2,17,2,62,2,8,6,1,7,9,1,10,2,11,75,1,21,121.6195143,25.0695798
114,08,26,11,27,2,04大安區,大安區和平東路2段221號,0,0,1,1,C03,8,6,5,40,14,8,1,5,4,5,13,4,4,1,4,4,2,13,2,30,2,9,3,4,7,9,1,10,1,12,108,1,22,121.5430636,25.0251049
114,08,26,11,38,2,10文山區,文山區萬芳路1-12號,0,0,1,1,C03,8,6,5,30,14,9,1,4,4,5,13,4,4,10,5,5,2,17,1,26,2,9,6,1,7,9,1,10,2,14,42,1,21,121.5708521,24.9949807
114,08,26,11,50,2,03中山區,中山區八德路2段與建國北路1段口,0,0,1,1,B03,8,6,5,50,4,1,1,5,4,5,13,2,1,5,4,5,2,16,1,48,3,10,7,1,7,6,1,8,1,2,9,1,21,121.537415,25.0463344
114,08,26,12,10,2,03中山區,中山區民生東路3段與合江街口,0,0,1,1,C03,8,5,5,50,4,1,1,5,4,5,13,2,1,1,4,5,2,17,1,32,2,7,6,1,7,5,1,10,1,11,8,1,21,121.5391778,25.05787138
114,08,26,12,26,2,09北投區,北投區中央北路3段與中央北路3段148巷口口,0,0,1,1,B01,8,6,5,50,3,1,1,5,4,5,13,1,1,10,5,5,2,17,1,64,3,10,7,1,7,1,1,4,2,4,19,1,21,121.4828392,25.1371746
114,08,26,12,34,2,04大安區,大安區市民大道4段與敦化南路1段161巷5弄口,0,0,1,1,C03,8,6,5,40,3,1,1,5,4,5,13,4,4,1,4,5,2,13,1,49,2,9,5,1,7,9,1,10,1,11,108,1,21,121.5495882,25.0446818
114,08,26,12,45,2,02萬華區,萬華區長泰街73巷與長泰街73巷6弄口,0,0,1,1,F01,8,6,5,30,3,1,1,5,4,5,13,4,4,10,5,5,2,16,2,58,3,10,4,1,7,6,8,20,1,11,9,1,26,121.5001602,25.02233308
114,08,26,12,50,2,08士林區,士林區德行東路81巷與德行東路81巷15弄口,0,0,1,1,C03,8,5,5,30,3,2,1,5,4,5,13,4,4,10,5,5,2,13,2,43,2,9,6,1,7,9,6,18,2,11,104,1,21,121.5274761,25.1081282
114,08,26,13,24,2,07信義區,信義區光復南路與文昌街口,0,0,1,1,B01,8,7,5,50,4,1,1,5,4,5,13,1,1,3,4,4,2,15,1,55,3,10,3,4,7,9,1,4,1,1,81,1,21,121.5574683,25.0321514
114,08,26,14,00,2,06松山區,松山區濱江街863號,0,0,2,1,C03,8,6,5,40,14,8,1,5,4,5,13,4,4,9,4,4,2,13,2,39,2,9,6,1,7,9,1,9,1,11,108,1,21,121.5602622,25.07106498
114,08,26,14,05,2,11南港區,南港區研究院路2段與研究院路2段61巷口,0,0,2,1,C03,8,6,5,50,5,4,1,5,4,5,13,2,1,1,3,5,2,17,2,71,2,9,3,4,7,1,1,10,1,13,19,1,21,121.6160658,25.0440088
114,08,26,14,37,2,04大安區,大安區和平東路3段與基隆路2段口口,0,0,1,1,B03,8,6,5,50,5,1,1,5,4,5,13,2,1,1,4,5,2,13,2,50,3,10,7,1,7,6,1,4,1,5,108,1,22,121.552158,25.0241633
114,08,26,14,41,2,10文山區,文山區景後街95號對面,0,0,1,1,F03,8,6,5,50,14,9,1,5,4,5,13,4,4,9,5,5,2,12,2,67,2,9,5,1,7,9,8,20,2,12,108,1,21,121.5427386,24.9918999
114,08,26,14,55,2,10文山區,文山區忠順街1段48巷與忠順街1段48巷5弄口,0,0,2,1,C03,8,6,5,30,3,1,1,5,4,5,13,4,4,10,5,5,2,15,1,20,2,9,6,1,7,9,1,10,1,11,72,1,21,121.5601502,24.9836816
114,08,26,15,30,2,04大安區,大安區市民大道3段與復興南路1段口,0,0,1,1,B03,8,5,5,40,4,1,1,5,4,5,13,2,1,1,3,5,1,12,1,54,3,10,7,1,7,9,1,8,1,2,17,1,21,121.5437282,25.044737
114,08,26,15,41,2,04大安區,大安區市民大道3段與建國南路1段口,0,0,1,1,B03,8,6,5,40,3,1,1,5,4,5,13,1,1,5,4,4,2,16,1,33,3,10,3,4,7,6,1,8,1,5,9,1,21,121.5363355,25.0446415
114,08,26,15,42,2,06松山區,松山區塔悠路與南京東路5段口,0,0,1,1,B03,7,6,5,50,5,2,1,5,4,5,13,2,1,1,2,5,2,17,1,61,3,10,7,1,7,5,1,8,1,4,17,1,21,121.5703185,25.0515166
114,08,26,15,42,2,09北投區,北投區石牌路2段與天母西路口口,0,0,1,1,B03,8,6,5,50,3,1,1,5,4,5,13,3,1,10,5,5,2,17,2,61,3,10,7,1,7,1,1,8,1,8,19,1,21,121.5219104,25.119222
114,08,26,16,55,2,04大安區,大安區敦化南路2段162號,0,0,1,1,C03,8,6,5,50,14,9,1,5,4,5,13,1,1,1,4,5,2,12,2,32,2,8,5,4,7,7,1,10,1,14,100,1,21,121.5484732,25.0248021
114,08,26,16,55,2,04大安區,大安區和平東路3段228巷與安居街8巷口,0,0,1,1,B03,8,5,5,30,3,18,1,5,4,5,13,4,4,9,4,5,2,3,1,38,3,10,7,1,7,5,1,8,2,1,70,1,21,121.554235,25.0218603
114,08,26,17,31,2,02萬華區,萬華區環河南路2段與環河南路2段250巷口,0,0,1,1,B03,8,6,5,50,4,1,1,5,4,5,13,2,1,1,4,5,2,17,1,51,3,10,7,1,7,5,1,8,1,5,71,1,21,121.4920886,25.0329385
114,08,26,17,52,2,01大同區,大同區忠孝橋機慢車道(東往西向),0,0,1,1,C03,8,5,5,50,8,11,1,5,4,5,13,4,4,1,4,5,2,13,1,22,2,9,5,1,7,9,1,10,1,11,16,1,21,121.5067857,25.0489416
114,08,26,18,00,2,03中山區,中山區錦州街25號旁,0,0,1,1,C03,8,5,5,50,14,9,1,5,4,5,13,4,4,4,5,5,1,17,1,61,2,3,3,4,7,5,1,10,8,12,21,1,21,121.5253779,25.0603672
114,08,26,18,12,2,12內湖區,內湖區金湖路與康寧路2段口,0,0,2,1,C03,8,7,5,50,3,1,1,5,4,5,13,4,4,1,4,5,2,11,2,24,2,9,5,1,7,9,1,10,2,12,108,1,21,121.6005749,25.0769944
114,08,26,18,29,2,08士林區,士林區環河北路3段95號,0,0,1,1,C03,7,5,5,50,14,9,1,5,4,5,13,4,4,1,4,5,1,17,2,25,3,10,5,1,7,7,1,10,1,11,100,1,21,121.5069248,25.0835997
114,08,26,18,47,2,04大安區,大安區基隆路4段往南（台大停車場前）,0,0,2,1,C03,8,6,5,50,14,9,1,5,4,5,13,4,4,1,4,4,2,12,1,33,2,9,6,1,7,8,1,10,1,12,17,1,21,121.5384615,25.0124128
114,08,26,18,55,2,12內湖區,內湖區民權東路6段11巷與瑞光路76巷附近口,0,0,2,1,C03,7,5,5,50,14,9,1,5,4,5,13,4,4,5,4,5,2,16,1,24,3,10,5,1,7,11,1,10,1,11,10,1,21,121.5782503,25.067203
114,08,26,19,00,2,11南港區,南港區東新街8號附近側附近,0,0,1,1,B03,8,5,5,50,14,9,1,5,4,5,13,4,4,4,3,5,2,12,1,29,3,10,3,4,7,7,1,8,1,5,17,1,21,121.5830216,25.0508654
114,08,26,19,23,2,07信義區,信義區吳興街122號,0,0,3,1,C03,8,5,5,30,14,9,1,5,4,5,13,4,4,9,5,5,2,17,1,50,2,8,6,1,7,11,1,10,2,14,10,1,22,121.5614249,25.02978313
114,08,26,21,18,2,03中山區,中山區八德路2段與八德路2段210巷口,0,0,1,1,B01,8,5,5,50,4,1,1,5,4,5,13,1,1,9,4,5,2,12,1,56,3,10,7,1,7,7,1,4,2,8,44,1,21,121.5392376,25.046514
114,08,26,21,24,2,08士林區,士林區文林路與福國路口,0,0,2,1,C03,8,5,5,50,5,1,1,5,4,5,13,1,1,5,4,5,2,17,1,55,2,9,5,1,7,11,1,10,1,12,10,1,26,121.5216139,25.10154252
114,08,26,23,32,2,03中山區,中山區中山北路1段與長安西路口,0,0,1,1,B03,7,5,5,50,4,1,1,5,4,5,13,2,1,1,5,1,1,16,2,24,3,10,3,4,7,5,1,8,1,2,71,1,21,121.5215301,25.04991885
114,08,27,00,25,2,07信義區,信義區松德路66號,0,0,1,1,B03,7,5,5,30,14,8,1,5,4,5,13,2,1,1,4,4,2,13,1,26,3,10,7,1,7,9,1,8,1,1,116,1,21,121.5760804,25.0384171
114,08,27,06,35,2,05中正區,中正區和平西路2段與莒光路口,0,0,1,1,C03,8,7,5,50,3,1,1,5,4,5,13,1,1,8,3,5,2,13,2,49,3,10,5,1,7,9,1,10,2,11,16,1,21,121.5076341,25.0311898
114,08,27,07,39,2,12內湖區,內湖區康寧路3段與安康路口口,0,0,2,1,C03,8,5,5,50,4,2,1,5,4,5,13,4,4,5,4,5,2,17,2,58,2,9,6,1,7,7,1,10,2,14,100,1,21,121.6108223,25.0654862
114,08,27,07,42,2,08士林區,士林區至善路2段與故宮路口,0,0,1,1,C03,8,7,5,50,3,1,1,5,4,5,13,1,1,1,4,5,1,17,1,55,3,10,3,1,7,21,7,19,11,15,118,2,21,121.5465327,25.0980175
114,08,27,07,46,2,02萬華區,萬華區中華路2段416巷與萬大路277巷37弄口,0,0,1,1,B03,8,5,5,30,4,19,1,5,4,5,13,1,1,10,5,5,2,8,1,73,3,10,3,4,7,5,1,8,1,8,8,1,21,121.5022456,25.026579
114,08,27,08,00,2,03中山區,中山區民生東路3段與合江街口,0,0,2,1,C03,8,7,5,50,14,9,1,5,4,5,13,2,1,10,4,5,2,17,1,58,2,9,5,1,7,10,1,10,1,11,44,1,21,121.5389772,25.05753772