發生年度,發生月,發生日,發生時-Hours,發生分,處理別-編號,區序,肇事地點,死亡人數,2-30日死亡人數,受傷人數,當事人序號,車種,天候,光線,道路類別,速限-速度限制,道路型態,事故位置,路面狀況1,路面狀況2,路面狀況3,道路障礙1,道路障礙2,號誌1,號誌2,車道劃分-分向,車道劃分-分道1,車道劃分-分道2,車道劃分-分道3,事故類型及型態,性別,年齡,受傷程度,主要傷處,保護裝置,行動電話,車輛用途,當事者行動狀態,駕駛資格情形,駕駛執照種類,飲酒情形,車輛撞擊部位1,肇因碼-個別,個人肇逃否,職業,座標-X,座標-Y
114,08,27,08,09,2,08士林區,士林區通河街1巷與通河街口,0,0,1,1,B03,8,6,5,30,4,1,1,5,4,5,13,3,1,5,4,5,1,16,1,56,3,10,3,4,7,5,1,8,1,2,72,1,22,121.5237499,25.0798998
114,08,27,08,16,2,09北投區,北投區承德路7段95號北往南方向,0,0,1,1,C03,8,5,5,60,14,9,1,5,4,5,13,4,4,9,4,5,1,12,2,32,2,9,5,1,7,10,1,10,2,11,100,1,21,121.5099065,25.1116797
114,08,27,08,29,2,01大同區,大同區延平北路4段94號,0,0,1,1,C03,8,5,5,50,14,8,1,5,4,5,13,4,4,5,4,4,2,13,2,27,2,9,5,1,7,9,1,10,2,11,16,1,21,121.5108818,25.0715305
114,08,27,08,33,2,07信義區,信義區逸仙路與逸仙路32巷口,0,0,2,1,C03,7,5,5,50,3,2,1,5,4,5,13,4,4,10,5,5,2,17,1,44,2,9,3,4,7,11,7,19,9,11,10,2,21,121.5615162,25.0402462
114,08,27,08,48,2,01大同區,大同區重慶北路3段與敦煌路口,0,0,1,1,C03,8,6,5,50,3,2,1,5,4,5,13,4,4,1,4,5,2,17,2,24,2,8,6,4,7,6,1,10,1,14,72,1,22,121.5136398,25.0761174
114,08,27,08,49,2,10文山區,文山區羅斯福路6段與景華街口口,0,0,1,1,C03,8,6,5,50,4,2,1,5,4,5,13,2,1,1,4,5,2,12,1,18,2,9,6,1,7,9,1,10,1,11,16,1,21,121.5412035,24.9945777
114,08,27,09,00,2,06松山區,松山區三民路與三民路68巷口,0,0,2,1,C01,8,7,5,30,4,1,1,5,4,5,13,4,4,9,4,5,2,17,1,52,2,9,6,1,7,5,1,9,1,14,72,1,22,121.5637952,25.0551404
114,08,27,09,03,2,12內湖區,內湖區潭美街與安美街175巷口,0,0,2,1,C03,8,6,5,40,3,1,1,5,4,5,13,4,4,8,3,5,1,16,1,38,2,9,6,1,7,9,1,10,2,11,108,1,21,121.6009309,25.060873
114,08,27,09,05,2,03中山區,中山區朱崙街91號,0,0,1,1,B03,8,7,5,50,14,9,1,5,4,5,13,4,4,10,4,5,2,17,1,26,3,10,7,1,7,1,1,8,2,1,19,1,21,121.5434667,25.04992087
114,08,27,09,12,2,10文山區,文山區福和橋機車道西往東（P8柱子旁）,0,0,2,1,C03,8,6,5,40,8,11,1,5,4,5,13,2,1,3,4,3,1,13,2,35,2,9,5,1,7,9,1,10,2,13,44,1,21,121.5362846,25.0109144
114,08,27,09,30,2,12內湖區,內湖區基湖路25號,0,0,1,1,B02,8,6,5,50,14,9,1,5,4,5,13,4,4,5,4,5,2,17,1,26,3,10,7,1,7,1,1,8,1,4,19,1,21,121.5649161,25.0803192
114,08,27,09,54,2,03中山區,中山區建國北路3段與農安街口,0,0,1,1,B03,8,7,5,50,4,1,1,5,4,5,13,1,1,1,4,5,2,16,2,61,3,10,7,1,7,6,1,8,1,6,9,1,21,121.536509,25.06483727
114,08,27,10,17,2,06松山區,松山區民生東路4段65號,0,0,1,1,C03,8,7,5,50,14,9,1,5,4,5,13,4,4,9,4,5,2,17,1,41,2,9,5,1,7,9,1,10,1,12,77,1,22,121.5501661,25.05785335
114,08,27,10,30,2,06松山區,松山區民權東路3段與民權東路3段140巷口,0,0,1,1,C03,8,6,5,50,3,4,1,5,4,5,13,2,1,3,4,5,2,13,1,46,3,10,6,1,7,12,1,10,1,12,16,1,22,121.5464701,25.0619917
114,08,27,10,35,2,08士林區,士林區士商路01停車格,0,0,1,1,B03,8,6,5,50,14,9,1,5,4,5,13,4,4,5,5,5,2,16,2,42,3,10,7,1,7,11,1,8,1,8,10,1,21,121.5208453,25.0898108
114,08,27,10,54,2,12內湖區,內湖區堤頂大道2段99號,0,0,1,1,C03,7,6,5,50,14,9,1,5,4,5,13,4,4,1,4,5,2,17,1,57,2,9,5,1,7,7,1,10,2,14,100,1,21,121.5703882,25.07682677
114,08,27,11,05,2,03中山區,中山區松江路50號,0,0,1,1,C03,8,5,5,50,14,9,1,5,4,5,13,1,1,1,4,5,2,11,1,29,3,10,5,1,7,1,1,10,1,13,19,1,21,121.5328659,25.0482367
114,08,27,11,12,2,09北投區,北投區懷德街與東陽街口,0,0,1,1,B03,8,5,5,50,4,1,1,5,4,5,13,1,1,7,4,5,1,17,1,66,3,10,7,1,7,5,1,8,2,8,27,1,21,121.5194745,25.1123056
114,08,27,11,14,2,11南港區,南港區東新街170巷北往南，編號95號停車格,0,0,1,1,C03,8,6,5,50,14,9,1,5,4,5,13,4,4,9,4,5,2,17,1,17,2,9,6,1,7,9,2,18,1,12,13,1,21,121.5932093,25.04088
114,08,27,11,22,2,06松山區,松山區南京東路4段120巷與寧安街9巷口,0,0,1,1,C03,7,6,5,30,4,2,1,5,4,5,13,2,1,8,3,5,2,16,1,52,2,9,5,1,7,5,1,10,1,11,83,1,21,121.5549718,25.0498211
114,08,27,11,47,2,07信義區,信義區松智路市政府前,0,0,1,1,C03,7,6,5,50,14,9,1,5,4,5,13,1,1,5,4,5,2,12,1,46,2,8,5,1,7,8,1,10,2,12,100,1,21,121.5655368,25.0373673
114,08,27,11,58,2,08士林區,士林區延平北路8段2巷151弄延平幹114 R24L9 B5956 HB82,0,0,1,1,B12,8,7,5,30,14,9,1,5,4,5,13,4,4,10,5,5,2,17,1,30,3,10,7,1,7,1,1,8,1,5,19,1,21,121.483801,25.1088143
114,08,27,12,28,2,04大安區,大安區復興南路1段101號,0,0,1,1,B12,8,6,5,50,14,9,1,5,4,5,13,4,4,1,4,5,2,17,1,64,3,10,7,1,7,1,1,4,1,17,19,1,21,121.5439662,25.0438523
114,08,27,12,28,2,04大安區,大安區辛亥路3段21巷(和平籃球館旁),0,0,1,1,C03,8,6,5,30,14,9,1,5,4,5,13,4,4,10,5,5,2,13,1,34,2,9,3,4,7,9,1,10,1,11,16,1,22,121.5453232,25.0216732
114,08,27,13,14,2,05中正區,中正區金山北路與八德路1段43巷口,0,0,1,1,B12,8,5,5,30,3,2,1,5,4,5,13,4,4,1,5,5,2,17,1,71,3,10,7,1,7,2,1,8,1,3,12,1,21,121.5304514,25.0445725
114,08,27,13,15,2,01大同區,大同區忠孝西路2段與塔城街口,0,0,1,1,B03,8,7,5,50,4,2,1,5,4,5,13,2,1,1,4,5,2,17,1,52,3,10,3,4,7,8,1,8,1,7,100,1,21,121.510426,25.0482292
114,08,27,13,26,2,04大安區,大安區和平東路2段18巷與新生南路3段19巷口,0,0,1,1,C03,7,6,5,30,4,1,1,5,4,5,13,4,4,10,5,5,1,15,2,42,2,1,5,1,7,9,1,10,1,14,72,1,21,121.5359168,25.0249709
114,08,27,13,41,2,08士林區,士林區德行西路89號,0,0,1,1,B03,8,7,5,50,14,9,1,5,4,5,13,4,4,9,5,5,2,17,1,58,3,10,7,1,7,6,1,8,2,1,80,1,21,121.5217096,25.104536
114,08,27,13,44,2,06松山區,松山區八德路3段8巷與八德路3段12巷52弄口,0,0,2,1,F01,7,6,5,50,4,1,1,5,4,5,13,1,1,5,5,5,2,15,1,32,2,9,4,1,7,9,8,20,1,12,81,1,21,121.5496936,25.04618892
114,08,27,13,46,2,10文山區,文山區木柵路1段3號,0,0,1,1,C03,8,5,5,50,14,9,1,5,5,5,13,4,4,5,5,5,2,18,1,29,2,9,6,1,7,9,1,10,1,12,116,1,21,121.5423006,24.98830708
114,08,27,14,08,2,06松山區,松山區光復北路81號,0,0,3,1,B03,7,6,5,30,3,1,1,5,4,5,13,4,4,9,5,5,2,17,1,64,3,10,7,1,7,6,1,8,1,1,9,1,21,121.558,25.0500891
114,08,27,14,15,2,03中山區,中山區長安西路與長安西路19巷2弄口,0,0,1,1,B03,7,6,5,50,4,1,1,5,4,5,13,2,1,4,5,5,1,16,1,38,3,10,3,4,7,6,1,8,1,2,9,1,21,121.5203362,25.05014113
114,08,27,14,15,2,08士林區,士林區承德路5段1101938燈桿,0,0,2,1,C03,8,6,5,40,14,8,1,5,4,5,13,4,4,1,4,4,2,29,2,34,2,9,6,1,7,9,1,10,1,14,115,1,21,121.5153362,25.0932923
114,08,27,14,15,2,12內湖區,內湖區成功路4段與金龍路口,0,0,3,1,C04,7,6,5,50,4,1,1,5,4,5,13,1,1,10,5,5,2,16,2,37,2,9,6,1,7,5,1,10,2,14,8,1,21,121.5950396,25.0842063
114,08,27,14,18,2,04大安區,大安區敦化南路2段與四維路154巷口,0,0,1,1,B01,8,6,5,50,4,1,1,5,4,5,13,2,1,4,1,1,2,12,1,36,2,9,7,1,7,9,1,4,9,4,118,1,22,121.5483117,25.0303861
114,08,27,14,49,2,09北投區,北投區石牌路2段342號,0,0,1,1,C03,8,7,5,50,14,9,1,5,4,5,13,4,4,5,5,5,2,13,1,55,2,9,5,1,7,9,3,18,2,11,108,1,21,121.52464,25.1227899
114,08,27,15,10,2,09北投區,北投區承德路7段與實踐街口,0,0,1,1,C03,8,7,5,60,4,1,1,5,4,5,13,2,1,1,4,4,2,16,2,65,2,9,6,1,7,9,1,10,1,11,44,1,22,121.5072563,25.1144579
114,08,27,15,18,2,07信義區,信義區松信路80號,0,0,1,1,C03,7,6,5,50,14,9,1,5,4,5,13,4,4,9,4,5,2,17,1,62,2,8,3,1,7,11,1,10,1,12,99,1,22,121.5720869,25.0460275
114,08,27,15,48,2,12內湖區,內湖區成功路4段與金湖路口,0,0,1,1,B02,8,6,5,50,4,1,1,5,4,5,13,2,1,1,3,5,2,17,2,57,3,10,7,1,7,5,1,4,2,17,71,1,21,121.5951256,25.0840746
114,08,27,15,53,2,01大同區,大同區承德路2段與民生西路口,0,0,2,1,C03,8,6,8,50,4,1,1,5,4,5,13,2,1,1,4,5,2,17,2,43,2,8,5,4,7,7,1,10,1,12,100,1,21,121.5189428,25.0572075
114,08,27,17,34,2,03中山區,中山區復興北路176號,0,0,1,1,A02,7,6,5,50,14,9,1,5,4,5,13,4,4,1,5,5,1,17,1,61,3,10,3,4,7,7,1,2,1,17,80,1,21,121.5440259,25.05424277
114,08,27,17,35,2,05中正區,中正區忠孝東路1段與天津街口,0,0,1,1,B03,7,7,5,50,4,1,1,5,4,5,13,2,1,1,4,1,2,16,1,31,3,10,7,1,7,6,1,8,9,2,9,1,21,121.5217488,25.045323
114,08,27,17,42,2,01大同區,大同區承德路3段（承德橋下迴轉道）,0,0,1,1,C04,8,6,5,50,11,6,1,5,4,5,13,4,4,10,3,5,1,10,1,35,3,10,6,4,7,9,1,10,1,11,4,1,21,121.5206757,25.0764597
114,08,27,17,51,2,12內湖區,內湖區環山路3段與內湖路2段103巷口,0,0,1,1,C03,8,7,5,50,3,1,1,5,4,5,13,2,1,5,4,5,2,18,1,30,2,9,5,1,7,6,1,10,1,14,42,1,21,121.5810388,25.084676
114,08,27,18,28,2,03中山區,中山區八德路2段與市民大道3段口,0,0,1,1,C03,8,7,5,50,5,1,1,5,4,5,13,1,1,1,4,5,2,12,1,18,3,10,5,1,7,6,1,10,1,12,9,1,21,121.5346602,25.0450365
114,08,27,18,45,2,04大安區,大安區金山南路2段188號附近側附近,0,0,1,1,B03,7,5,5,50,14,9,1,5,4,5,13,4,4,1,4,5,2,12,1,53,3,10,3,4,7,9,1,8,1,2,17,1,22,121.5199387,25.04132254
114,08,27,19,46,2,03中山區,中山區吉林路與長春路口,0,0,1,1,C03,7,5,5,50,4,1,1,5,4,5,13,1,1,9,4,5,2,17,1,45,3,10,6,4,7,5,1,9,2,17,71,1,21,121.5301153,25.05482067
114,08,27,20,00,2,05中正區,中正區牯嶺街與牯嶺街60巷口,0,0,2,1,C03,8,5,5,50,4,1,1,5,4,5,13,4,4,9,4,5,2,16,1,56,2,9,5,1,7,6,1,10,1,13,9,1,21,121.5179859,25.0279196
114,08,27,20,16,2,02萬華區,萬華區康定路320號,0,0,1,1,F01,8,5,5,50,14,9,1,5,4,3,13,1,1,9,4,5,2,17,1,73,2,1,2,4,7,15,8,20,1,11,86,1,21,121.5013308,25.03563977
114,08,27,20,24,2,03中山區,中山區市民大道3段與安東街16巷18弄口,0,0,1,1,,8,5,5,40,14,9,1,5,4,5,13,4,4,1,4,5,2,24,3,0,,,,,,,,,,,130,1,,121.5410469,25.04475402
114,08,27,20,45,2,04大安區,大安區仁愛路4段300巷25弄與仁愛路4段300巷口,0,0,1,1,B03,8,5,5,30,4,2,1,5,4,5,13,4,4,10,5,5,1,15,1,19,3,10,7,1,7,9,1,8,1,2,72,1,26,121.5544483,25.0358011
114,08,27,20,56,2,02萬華區,萬華區和平西路3段與桂林路246巷口,0,0,1,1,B03,8,5,5,30,4,1,1,5,4,5,13,1,1,10,5,5,2,17,1,35,3,10,3,1,7,6,1,8,1,7,82,1,22,121.4910362,25.0357858
114,08,27,20,56,2,04大安區,大安區市民大道3段昌隆198公園,0,0,1,1,B03,7,5,5,40,14,9,1,5,4,5,13,2,1,1,4,5,2,12,1,71,3,10,3,4,7,9,1,8,1,5,17,1,22,121.5393718,25.0444996
114,08,27,22,38,2,03中山區,中山區樂群三路56號,0,0,1,1,C03,7,5,5,50,14,9,1,5,4,5,13,4,4,8,4,5,2,16,1,29,4,11,3,4,7,9,7,19,11,11,42,2,22,121.5527075,25.0826587
114,08,28,00,18,2,09北投區,北投區中央北路3段與中央北路3段220巷口,0,0,1,1,B03,8,5,5,50,3,1,1,5,4,5,13,1,1,5,4,5,2,17,1,57,3,10,3,4,7,1,1,8,2,7,19,1,21,121.4806516,25.1362801
114,08,28,03,56,2,01大同區,大同區環河堤外便道與環河堤外便道口3號水門堤外便道,0,0,1,1,A12,8,5,5,40,3,2,1,2,4,5,13,2,1,5,4,5,2,17,1,45,4,11,3,4,7,21,1,7,9,17,35,2,22,121.5063221,25.0509383
114,08,28,04,45,2,04大安區,大安區信義路3段134巷與建國南路2段69巷口,0,0,1,1,C03,8,6,5,50,4,1,1,5,4,5,13,2,1,9,5,5,2,15,1,32,2,8,6,1,7,9,1,10,1,11,44,1,21,121.5394169,25.0311832
114,08,28,04,50,2,06松山區,松山區富錦街與撫遠街口,0,0,1,1,B03,8,5,5,50,4,2,1,5,4,5,13,2,1,1,3,5,2,16,1,46,3,10,3,4,7,11,1,8,2,4,103,1,21,121.5663427,25.0618441
114,08,28,07,05,2,11南港區,南港區市民大道8段與南港路1段171巷口,0,0,1,1,C03,7,6,5,50,3,2,1,5,4,5,13,1,1,5,4,5,2,13,1,63,3,10,5,1,7,9,1,10,1,11,108,1,21,121.6132649,25.0541961
114,08,28,07,11,2,05中正區,中正區愛國東路20號,0,0,1,1,C03,8,6,5,40,14,7,1,5,4,5,13,4,4,1,4,4,2,12,1,75,2,1,6,1,7,10,1,10,2,14,100,1,21,121.5176268,25.0344646
114,08,28,07,20,2,07信義區,信義區忠孝東路4段553巷5號,0,0,2,1,C02,8,5,8,50,22,22,1,5,4,5,13,4,4,5,4,5,2,17,1,52,2,9,6,1,7,5,1,9,1,12,17,1,22,121.5627327,25.0422413
114,08,28,07,32,2,04大安區,大安區金山南路2段55號,0,0,1,1,B03,8,6,5,50,14,9,1,5,4,5,13,4,4,1,4,5,2,17,2,39,3,10,7,1,7,9,1,8,2,15,108,1,21,121.5270745,25.0326725
114,08,28,07,43,2,06松山區,松山區八德路4段245巷與八德路4段245巷13弄口,0,0,2,1,C03,8,7,5,30,4,1,1,5,4,5,13,4,4,10,5,5,2,16,2,48,2,7,6,1,7,9,1,10,1,14,72,1,22,121.5647707,25.0493195
114,08,28,08,00,2,03中山區,中山區民生東路1段與民生東路1段27巷口,0,0,1,1,B01,8,7,5,50,3,1,1,5,4,5,13,4,4,9,4,5,2,16,1,64,3,10,7,1,7,5,1,4,1,6,98,1,21,121.5249987,25.0581269
114,08,28,08,04,2,11南港區,南港區市民大道7段222號,0,0,2,1,C03,8,6,5,50,14,9,1,5,4,5,13,4,4,3,4,5,2,13,1,25,2,9,6,1,7,9,1,10,2,11,108,1,21,121.5872008,25.0502424
114,08,28,08,05,2,10文山區,文山區和平東路4段燈桿0707307號,0,0,2,1,C03,8,6,5,40,14,13,1,5,4,5,13,4,4,5,5,5,1,17,1,36,3,10,3,4,7,12,1,10,2,13,99,1,22,121.5665943,25.00628239
114,08,28,08,20,2,09北投區,北投區大度路3段6510002號燈桿,0,0,2,1,C03,8,6,5,50,14,9,1,5,4,5,13,4,4,1,4,5,2,13,1,42,2,9,6,1,7,9,1,10,2,11,16,1,21,121.4673366,25.1230695
114,08,28,08,28,2,09北投區,北投區大度路與大度路150巷口,0,0,2,1,C03,7,5,5,50,3,2,1,5,4,5,13,1,1,1,4,4,1,13,1,71,2,9,5,1,7,7,1,10,2,13,100,1,21,121.5209163,25.1205588
114,08,28,08,29,2,09北投區,北投區稻香路29-4號,0,0,1,1,C03,8,5,5,50,14,9,1,5,4,5,13,4,4,7,4,5,1,17,1,60,3,10,6,1,7,11,1,10,1,14,44,1,21,121.4904278,25.1392384
114,08,28,08,40,2,03中山區,中山區民生西路3巷與中山北路2段96巷口,0,0,1,1,,8,7,5,30,4,1,1,5,4,5,13,4,4,10,5,5,2,3,4,0,,,,,,,,,11,,119,2,,121.5211246,25.05013597
114,08,28,08,40,2,05中正區,中正區博愛路與長沙街1段口,0,0,1,1,C03,8,5,5,50,3,2,1,5,3,5,13,4,4,9,4,5,2,18,1,39,2,9,5,1,7,9,1,10,2,14,44,1,21,121.5112961,25.0399708
114,08,28,08,40,2,08士林區,士林區中正路628號,0,0,2,1,C03,8,7,5,50,14,9,1,5,4,5,13,1,1,1,5,5,2,13,1,33,2,8,6,1,7,9,1,10,1,11,16,1,21,121.5085482,25.0866616
114,08,28,08,46,2,03中山區,中山區民生東路2段178號旁,0,0,1,1,C03,8,7,5,50,14,9,1,5,4,5,13,4,4,1,4,5,2,17,2,26,2,9,3,4,7,8,1,10,1,14,100,1,29,121.5361981,25.0578085
114,08,28,08,50,2,09北投區,北投區公館路與公館路344巷口,0,0,1,1,C03,8,6,5,30,5,1,1,5,4,5,13,4,4,9,5,5,2,13,1,25,2,7,6,1,7,9,1,9,1,14,16,1,21,121.5054019,25.1238955
114,08,28,08,50,2,09北投區,北投區中和街與中和街458巷口,0,0,2,1,C03,8,5,5,30,3,2,1,5,4,5,13,4,4,7,4,5,2,17,1,68,2,8,6,1,7,5,1,10,2,14,4,1,21,121.4961581,25.1449043
114,08,28,08,50,2,12內湖區,內湖區瑞光路15號,0,0,1,1,C03,8,6,5,50,14,9,1,5,4,5,13,1,1,10,5,5,2,13,2,30,2,8,6,1,7,9,1,10,1,11,16,1,21,121.583592,25.0695784
114,08,28,08,51,2,03中山區,中山區民權東路1段2號,0,0,1,1,C03,8,5,5,50,14,9,1,5,4,5,13,4,4,1,4,4,2,12,2,19,2,8,3,4,7,9,1,10,1,12,108,1,21,121.5236881,25.06273703
114,08,28,08,56,2,04大安區,大安區復興南路1段89號,0,0,1,1,C03,8,6,5,50,14,9,1,5,4,5,13,4,4,1,3,4,2,13,1,27,2,9,5,1,7,7,1,10,1,11,100,1,22,121.5439324,25.0442672
114,08,28,09,22,2,02萬華區,萬華區西藏路125巷與雙和街口,0,0,2,1,B03,8,6,6,30,4,1,1,5,4,5,13,1,1,10,5,5,1,17,1,51,3,10,7,1,7,11,1,8,1,8,10,1,21,121.5026985,25.0279137
114,08,28,09,30,2,03中山區,(林森北路448號前),0,0,1,1,B01,8,7,5,50,14,9,1,5,4,5,13,4,4,9,5,5,2,16,1,61,3,10,7,1,7,11,1,4,1,8,10,1,21,121.5254827,25.06061598
114,08,28,09,59,2,03中山區,中山區中山北路2段39巷2-2號,0,0,1,1,B03,8,6,7,50,14,9,1,5,4,5,13,4,4,1,5,5,2,16,1,23,3,10,3,4,7,5,1,10,1,4,8,1,29,121.5249819,25.0538665
114,08,28,10,07,2,08士林區,士林區承德路4段39號,0,0,2,1,C03,8,6,5,50,14,9,1,5,4,5,13,4,4,1,4,4,2,17,2,63,3,10,3,1,7,9,1,10,11,17,44,2,21,121.5227254,25.08110284
114,08,28,10,10,2,06松山區,松山區塔悠路211號,0,0,1,1,B03,8,6,6,50,14,9,1,5,4,5,13,4,4,8,3,4,1,16,1,48,3,10,3,1,7,6,1,8,1,2,9,1,21,121.569268,25.0585103
114,08,28,10,18,2,09北投區,北投區中央北路4段48號,0,0,1,1,B03,8,6,5,50,14,9,1,5,4,5,13,3,1,9,4,5,2,16,1,27,3,10,7,1,7,6,1,8,1,2,9,1,21,121.4774261,25.1346647
114,08,28,10,22,2,01大同區,大同區塔城街與鄭州路口口,0,0,2,1,C03,8,5,5,50,5,1,1,5,4,5,13,2,1,1,4,1,2,13,2,37,2,9,6,1,7,1,1,10,1,13,19,1,22,121.5105274,25.0501582
114,08,28,10,31,2,04大安區,大安區和平東路3段與基隆路2段口,0,0,1,1,B02,8,5,5,50,14,9,1,5,4,5,13,2,1,10,5,5,2,17,1,31,3,10,3,4,7,6,1,8,1,4,9,1,21,121.5521185,25.0240543
114,08,28,10,39,2,09北投區,北投區中央北路3段1巷與新興路口,0,0,1,1,C03,8,5,5,50,4,2,1,5,4,5,13,1,1,9,4,5,1,17,2,47,2,9,5,1,7,5,1,10,1,14,8,1,21,121.486705,25.138291
114,08,28,10,51,2,06松山區,松山區光復北路1號,0,0,1,1,B01,7,6,5,50,14,9,1,5,4,5,13,4,4,3,4,5,2,17,1,49,2,1,7,1,7,5,1,4,1,2,77,1,21,121.5579113,25.048582
114,08,28,11,10,1,09北投區,北投區文林北路與文林北路75巷口,1,0,0,1,C03,8,6,5,50,3,1,1,5,4,5,13,2,1,1,3,4,2,13,1,37,1,1,5,1,7,9,3,18,2,11,108,1,21,121.5152476,25.10704813
114,08,28,11,17,2,12內湖區,內湖區康寧路3段與安康路口,0,0,1,1,B03,8,6,5,30,4,1,1,5,4,5,13,2,1,10,5,5,2,17,1,75,3,10,3,4,7,15,1,7,1,8,113,1,21,121.6106396,25.0656875
114,08,28,11,30,2,06松山區,松山區撫遠街與撫遠街394巷口,0,0,1,1,B03,8,6,5,50,4,2,1,5,4,5,13,4,4,1,4,5,2,9,2,48,3,10,7,3,7,3,1,8,1,7,108,1,22,121.5655155,25.0649283
114,08,28,11,40,2,02萬華區,萬華區桂林路119號,0,0,1,1,,7,7,5,40,14,12,1,5,4,5,13,4,4,8,3,4,2,1,4,0,4,11,3,4,7,21,7,19,11,15,119,2,22,121.5004143,25.0384997
114,08,28,11,50,2,12內湖區,內湖區洲子街18號(大港墘公園地下停車場前),0,0,1,1,B03,8,6,5,50,14,9,1,5,4,5,13,4,4,8,3,5,1,16,2,39,3,10,7,1,7,7,1,8,2,4,100,1,21,121.5744878,25.0787086
114,08,28,11,55,2,04大安區,大安區和平東路1段與和平東路1段104巷口旁,0,0,1,1,B03,8,6,5,50,3,2,1,5,4,5,13,4,4,1,4,5,2,12,1,56,3,10,7,1,7,15,1,8,1,2,17,1,21,121.5253418,25.0267301
114,08,28,12,02,2,12內湖區,內湖區成功路5段與成功路5段170巷口口,0,0,1,1,C03,8,5,5,50,14,9,1,5,4,5,13,4,4,1,4,5,2,17,1,74,2,9,6,1,7,7,1,10,2,14,100,1,21,121.6058078,25.0826346
114,08,28,12,21,2,01大同區,大同區萬全街12號,0,0,1,1,C03,8,6,8,30,14,11,4,5,4,5,13,4,4,10,5,5,2,9,1,26,4,11,3,4,7,9,1,10,11,12,108,1,22,121.5206852,25.0583594
114,08,28,12,23,2,01大同區,大同區延平北路3段與民權西路口,0,0,2,1,C03,8,6,5,50,4,1,1,5,4,5,13,2,1,1,4,5,2,17,2,22,2,8,6,4,7,5,1,10,1,14,8,1,22,121.5112037,25.06305775
114,08,28,12,26,2,09北投區,北投區文林北路與文林北路75巷口,0,0,1,1,C03,8,6,5,50,4,2,1,5,4,5,13,2,1,1,4,4,2,29,2,29,2,9,5,1,7,14,1,10,9,12,38,1,21,121.5171313,25.1055439
114,08,28,12,42,2,05中正區,中正區重慶北路1段與北平西路口,0,0,1,1,B01,7,7,5,30,5,2,1,5,4,1,13,1,1,9,4,4,2,12,1,59,3,10,7,1,7,8,1,2,2,2,100,1,26,121.5132984,25.0483894
114,08,28,12,55,2,03中山區,中山區松江路109號,0,0,1,1,B03,8,5,5,50,14,9,1,5,4,5,13,4,4,1,4,5,2,16,2,35,3,10,3,4,7,8,1,8,1,5,100,1,21,121.5326686,25.05132438
114,08,28,12,56,2,10文山區,文山區羅斯福路5段與萬盛街口,0,0,1,1,C03,8,6,5,50,4,4,1,5,4,5,13,2,1,1,4,5,2,13,2,29,2,9,5,1,7,9,1,10,2,11,16,1,21,121.5379926,25.0082062
114,08,28,13,01,2,02萬華區,萬華區環河南路1段與康定路口,0,0,1,1,C03,8,6,5,40,3,2,1,5,4,5,13,1,2,9,5,5,2,12,1,65,2,9,5,1,7,1,3,18,1,14,19,1,22,121.5029767,25.0460418
114,08,28,14,20,2,07信義區,信義區逸仙路50巷與忠孝東路4段554巷口,0,0,1,1,B12,8,6,5,30,4,1,1,5,4,5,13,4,4,9,5,5,2,15,1,23,3,10,7,1,7,9,1,8,1,8,72,1,21,121.563381,25.0406081
114,08,28,14,50,2,03中山區,中山區建國北路2段19巷與長春路258巷2弄口,0,0,1,1,B03,8,7,5,30,4,1,1,5,4,5,13,4,4,10,5,5,2,15,1,24,3,10,7,1,7,9,1,8,1,2,72,1,21,121.5383914,25.05442044
114,08,28,14,52,2,09北投區,北投區大度路3段與知行路口,0,0,1,1,B03,8,7,5,50,4,2,1,5,4,5,13,2,1,5,4,5,2,17,1,75,3,10,7,1,7,5,1,8,1,4,108,1,21,121.4668937,25.12315125
114,08,28,15,25,2,04大安區,大安區忠孝東路4段216巷與安和路1段49巷口,0,0,1,1,B03,8,6,5,30,4,1,1,5,4,5,13,4,4,9,4,5,1,15,1,55,3,10,3,4,7,9,1,8,1,5,72,1,21,121.5529597,25.0384917
114,08,28,15,26,2,05中正區,中正區中華路2段與中華路2段303巷口口,0,0,2,1,C03,8,6,5,50,4,1,1,5,4,5,12,1,1,5,5,4,2,16,2,27,2,8,5,1,7,5,1,10,1,11,71,1,21,121.5048168,25.0292622
114,08,28,15,27,2,01大同區,大同區環河北路1段與迪化街1段224巷口,0,0,1,1,C03,8,6,5,50,3,1,1,5,4,5,13,4,4,1,4,5,2,13,1,48,2,9,5,1,7,9,1,10,2,11,44,1,21,121.5085372,25.0593221
114,08,28,15,29,2,04大安區,大安區羅斯福路4段與新生南路3段口,0,0,1,1,C03,8,6,4,50,4,2,1,5,4,5,13,2,1,9,4,5,1,13,1,42,2,7,5,1,7,9,1,10,1,11,16,1,21,121.5330009,25.0161514
114,08,28,15,54,2,07信義區,信義區永吉路與永吉路187巷口,0,0,2,1,F02,8,6,5,30,3,1,1,5,4,5,13,4,4,1,4,4,2,17,2,42,2,2,3,4,7,6,8,20,2,14,72,1,22,121.5726433,25.0456452
114,08,28,16,35,2,03中山區,中山區長春路與一江街口,0,0,1,1,B02,8,6,5,50,14,9,1,5,4,5,13,1,1,8,3,4,2,11,1,27,3,10,7,1,7,5,1,8,1,6,8,1,21,121.5315274,25.0548018