發生年度,發生月,發生日,發生時-Hours,發生分,處理別-編號,區序,肇事地點,死亡人數,2-30日死亡人數,受傷人數,當事人序號,車種,天候,光線,道路類別,速限-速度限制,道路型態,事故位置,路面狀況1,路面狀況2,路面狀況3,道路障礙1,道路障礙2,號誌1,號誌2,車道劃分-分向,車道劃分-分道1,車道劃分-分道2,車道劃分-分道3,事故類型及型態,性別,年齡,受傷程度,主要傷處,保護裝置,行動電話,車輛用途,當事者行動狀態,駕駛資格情形,駕駛執照種類,飲酒情形,車輛撞擊部位1,肇因碼-個別,個人肇逃否,職業,座標-X,座標-Y
114,08,28,16,41,2,10文山區,文山區景文街與景中街口,0,0,1,1,B12,8,6,5,50,4,1,1,5,4,5,13,2,1,5,5,5,2,16,1,33,3,10,7,1,7,6,1,8,2,2,9,1,21,121.5413393,24.9928462
114,08,28,16,45,2,03中山區,中山區一江街與南京東路2段口,0,0,1,1,B02,8,7,5,50,4,1,1,5,4,5,13,1,1,1,4,4,2,13,1,64,3,10,3,4,7,6,1,8,1,5,108,1,22,121.531566,25.0521917
114,08,28,16,52,2,08士林區,士林區中山北路7段與天母東路口,0,0,2,1,B03,8,6,5,50,4,1,1,5,4,5,13,2,1,3,4,5,2,17,1,56,3,10,7,1,7,9,6,14,1,5,81,1,26,121.53006,25.11836874
114,08,28,17,20,2,12內湖區,內湖區瑞光路102號,0,0,1,1,C03,8,6,5,50,14,9,1,5,4,5,13,4,4,5,4,5,2,12,1,73,2,9,5,4,7,21,7,19,9,14,101,1,21,121.5814546,25.0715378
114,08,28,17,37,2,09北投區,北投區承德路7段139號,0,0,4,1,H01,8,6,5,0,14,9,1,5,4,5,13,4,4,1,4,1,2,6,1,26,2,9,4,5,8,18,8,20,10,16,121,1,21,121.5087942,25.1126862
114,08,28,17,43,2,09北投區,北投區崗山路與崗山路8巷口,0,0,1,1,B03,8,6,5,30,4,1,1,5,4,5,13,4,4,10,5,5,2,15,1,37,3,10,7,1,7,9,1,8,2,1,72,1,21,121.4867984,25.1402865
114,08,28,18,02,2,08士林區,士林區中正路586巷與中正路口,0,0,4,1,C03,7,6,5,50,3,2,1,5,4,5,13,4,4,1,4,5,1,17,2,52,2,8,6,1,7,8,1,10,1,14,100,1,22,121.5095257,25.08675749
114,08,28,18,05,2,03中山區,中山區樂群一路與敬業三路口基隆河16號疏散門前,0,0,1,1,B03,7,5,5,50,14,9,1,5,4,5,13,1,1,3,3,5,2,17,1,36,3,10,7,1,7,6,1,8,1,17,98,1,21,121.5563051,25.0770938
114,08,28,18,15,2,07信義區,信義區市民大道5段82號,0,0,2,1,C03,8,5,5,40,14,9,1,5,4,5,13,4,4,1,4,5,2,13,1,58,2,9,3,4,7,9,1,10,2,11,16,1,22,121.5669546,25.0485188
114,08,28,18,38,2,01大同區,大同區延平北路2段272巷與安西街口,0,0,1,1,C03,8,5,5,30,5,1,1,5,4,5,13,4,4,10,5,5,2,15,2,44,2,8,6,1,7,9,1,10,2,11,72,1,21,121.509751,25.0620808
114,08,28,19,02,2,05中正區,中正區臨沂街19巷與臨沂街口,0,0,3,1,C03,7,5,5,30,4,1,1,5,4,5,8,4,4,5,5,5,2,15,2,20,2,9,5,1,7,9,3,18,2,11,72,1,22,121.5304802,25.041991
114,08,28,19,09,2,07信義區,信義區忠孝東路5段789號,0,0,1,1,C03,7,5,5,50,14,9,1,5,4,5,13,4,4,8,4,5,2,13,1,18,3,10,3,4,7,9,1,10,1,11,16,1,21,121.5817004,25.0440194
114,08,28,19,30,2,02萬華區,萬華區康定路與成都路口,0,0,1,1,C03,8,5,5,50,4,1,1,5,4,5,13,2,1,10,4,5,2,17,1,25,2,7,6,1,7,5,1,10,1,14,8,1,21,121.5026589,25.04351252
114,08,28,20,56,2,11南港區,南港區研究院路2段86號,0,0,1,1,C03,8,5,5,50,14,9,1,5,4,5,13,2,1,3,4,5,2,17,1,20,2,1,5,1,7,9,1,10,1,11,44,1,22,121.6154881,25.0451265
114,08,28,21,20,2,05中正區,中正區林森南路地下道,0,0,1,1,C03,8,5,5,50,7,9,1,5,4,5,13,4,4,10,2,5,2,12,2,31,3,10,5,1,7,9,1,10,2,12,108,1,22,121.5191228,25.03377133
114,08,28,22,03,1,05中正區,中正區中華路2段與中華路2段467巷口,1,0,0,1,B03,7,5,5,50,3,18,1,5,4,5,13,3,1,5,5,4,2,3,1,64,3,10,7,1,7,9,1,8,2,1,70,1,22,121.5112177,25.0243854
114,08,28,22,20,2,05中正區,中正區中山南路與忠孝西路1段口,0,0,2,1,C03,7,5,5,50,4,2,1,5,4,5,13,1,1,1,4,1,2,13,2,21,2,9,5,1,7,9,1,10,1,13,44,1,21,121.519353,25.04540865
114,08,28,22,28,2,07信義區,信義區基隆路2段與信義路5段口,0,0,1,1,F02,7,5,5,0,14,20,4,5,4,5,13,4,4,10,5,5,2,18,1,36,2,9,4,1,7,9,8,20,8,14,21,1,21,121.5596098,25.0327564
114,08,28,23,15,2,04大安區,大安區信義路4段與信義路4段265巷口,0,0,1,1,C03,8,5,5,30,4,1,1,5,4,5,13,2,1,9,4,5,1,16,1,32,3,10,5,1,7,5,1,10,2,11,71,1,23,121.5543037,25.033337
114,08,29,00,29,2,12內湖區,內湖區安康路與康寧路3段口,0,0,2,1,A12,8,5,5,50,5,1,1,2,4,5,13,1,1,5,5,5,2,17,1,44,3,10,7,1,7,5,1,3,9,17,30,1,21,121.6109409,25.065056
114,08,29,06,01,2,10文山區,文山區木新路3段與木新路3段74巷口口旁,0,0,1,1,B12,8,6,5,30,3,1,1,5,4,5,13,4,4,10,5,5,2,3,1,44,3,10,7,1,7,6,1,8,2,1,70,1,21,121.5634707,24.9823489
114,08,29,06,17,2,03中山區,中山區中山北路3段水晶橋下,0,0,1,1,C03,7,7,5,50,14,9,1,5,4,5,13,1,1,1,3,5,1,17,1,53,2,9,6,1,7,11,1,10,1,14,83,1,21,121.5229533,25.07084544
114,08,29,06,47,2,05中正區,中正區愛國東路24號,0,0,1,1,C03,8,6,5,50,14,7,1,5,4,5,13,1,1,1,4,4,2,13,1,29,3,10,5,1,7,9,3,18,2,11,108,1,21,121.5182544,25.03418665
114,08,29,07,30,2,05中正區,中正區愛國西路與重慶南路2段口口,0,0,2,1,C03,8,6,5,50,4,1,1,5,4,5,13,1,1,1,4,5,2,17,1,35,2,5,6,1,7,6,3,18,1,11,9,1,21,121.5124877,25.0348889
114,08,29,07,52,2,01大同區,大同區重慶北路3段與重慶北路3段335巷口,0,0,2,1,C03,8,6,5,50,3,1,1,5,4,5,13,4,4,1,4,5,2,17,1,30,2,9,6,4,7,9,1,10,2,11,16,1,22,121.5139467,25.074627
114,08,29,07,54,2,06松山區,松山區民生東路3段與敦化北路口,0,0,1,1,F01,7,6,5,50,4,1,1,5,5,5,13,1,1,1,4,5,2,18,1,38,2,9,4,1,7,9,8,20,2,14,87,1,21,121.5490094,25.05783976
114,08,29,07,55,2,11南港區,南港區市民大道7段與昆陽街口,0,0,1,1,C03,8,6,5,50,4,1,1,5,4,5,13,1,1,3,5,5,2,13,1,41,2,9,3,4,7,9,1,10,1,11,16,1,21,121.5936712,25.0511674
114,08,29,08,15,2,12內湖區,內湖區大湖街190-1號,0,0,1,1,A12,8,6,5,30,11,9,1,5,4,5,13,4,4,10,5,5,1,11,1,39,3,10,7,1,7,9,1,2,2,4,44,1,21,121.6055097,25.0939613
114,08,29,08,17,2,08士林區,士林區文林路615巷與文林路775巷口,0,0,1,1,B03,8,6,5,50,3,2,1,5,4,5,13,2,1,5,5,5,2,17,2,40,3,10,7,1,7,9,1,8,1,8,4,1,21,121.5176959,25.1000236
114,08,29,08,20,2,10文山區,文山區辛亥路7段與辛亥路7段5巷口,0,0,1,1,C03,8,7,5,40,3,2,1,5,4,5,13,4,4,5,5,4,2,13,1,28,3,10,5,1,7,9,1,10,1,11,108,1,21,121.5526425,24.9871095
114,08,29,08,20,2,07信義區,信義區仁愛路4段507號,0,0,1,1,C03,8,6,5,50,14,9,1,5,4,5,13,4,4,5,4,5,1,16,2,47,2,8,3,4,7,5,1,10,1,12,8,1,22,121.5615117,25.03869386
114,08,29,08,25,2,10文山區,文山區羅斯福路5段與萬盛街口,0,0,2,1,C03,8,6,5,50,3,1,1,5,4,5,13,4,4,1,4,5,2,13,1,28,2,9,6,1,7,9,1,10,1,11,16,1,21,121.5388135,25.0071313
114,08,29,08,29,2,05中正區,中正區南昌路1段與寧波西街口,0,0,2,1,B03,8,7,5,50,4,1,1,5,4,5,13,1,1,1,2,5,2,13,1,46,3,10,7,1,7,9,1,8,1,1,108,1,21,121.5176185,25.0307542
114,08,29,08,30,2,03中山區,中山區濱江街178-5號,0,0,1,1,B12,8,6,5,50,14,9,1,5,4,5,13,1,1,1,4,4,2,13,1,64,3,10,3,4,7,9,1,8,1,5,108,1,22,121.5381149,25.0723381
114,08,29,08,40,2,02萬華區,萬華區康定路與大理街口,0,0,2,1,B12,8,6,5,50,4,1,1,5,4,5,13,2,1,5,5,5,2,16,1,59,3,10,7,1,7,5,6,8,1,8,8,1,26,121.5011404,25.03461861
114,08,29,08,45,2,12內湖區,內湖區民權東路6段296巷與康寧路3段26巷口,0,0,1,1,C03,8,7,5,30,4,1,1,5,4,5,13,1,3,9,5,5,2,15,1,76,2,8,5,1,7,9,1,10,1,11,75,1,21,121.607476,25.0712988
114,08,29,08,55,2,10文山區,文山區和平東路4段356巷與和平東路4段口,0,0,1,1,C03,8,5,5,40,3,2,1,5,4,5,13,2,1,5,5,5,1,13,2,52,3,10,5,1,7,9,1,10,1,11,16,1,21,121.5740362,24.9992968
114,08,29,09,00,2,03中山區,中山區復興北路484號,0,0,1,1,B01,8,6,5,50,14,9,1,5,4,5,13,4,4,1,5,5,1,12,1,67,3,10,3,4,7,7,1,4,1,2,100,1,21,121.5441759,25.0650317
114,08,29,09,06,2,12內湖區,內湖區內湖路1段411巷030207燈桿附近,0,0,2,1,C03,8,6,5,50,14,9,1,5,4,5,13,4,4,8,3,5,1,17,1,50,2,7,6,1,7,7,1,10,2,14,100,1,21,121.5705752,25.0859391
114,08,29,09,15,2,03中山區,中山區八德路2段312巷13號,0,0,1,1,B01,8,7,5,30,14,9,1,5,4,5,13,4,4,9,4,5,2,3,1,61,3,10,3,4,7,9,1,4,1,5,108,1,25,121.5428217,25.04690417
114,08,29,09,33,2,02萬華區,萬華區西園路2段372巷15弄與西園路2段320巷口,0,0,1,1,C03,8,6,5,30,3,1,1,5,4,5,13,4,4,10,5,5,1,17,1,39,3,10,3,4,7,6,1,10,1,11,42,1,22,121.4915774,25.0268442
114,08,29,09,40,2,05中正區,中正區貴陽街1段與公園路1段北口(外交部西側停車場),0,0,1,1,B03,8,5,5,50,3,2,1,5,4,5,13,4,4,9,4,5,2,17,1,68,3,10,7,1,7,6,1,8,1,5,9,1,21,121.5154301,25.0388295
114,08,29,09,45,2,01大同區,大同區延平北路2段88號,0,0,1,1,B12,8,6,5,50,14,9,1,5,4,5,13,4,4,5,4,5,2,17,1,55,3,10,3,4,7,11,1,8,1,8,10,1,21,121.511615,25.0561993
114,08,29,09,50,2,12內湖區,內湖區成功路5段與康湖路口口,0,0,1,1,F01,8,6,5,40,14,8,1,5,4,5,13,4,4,1,4,4,2,13,1,35,2,9,5,1,7,9,8,20,1,11,42,1,21,121.6065737,25.0816262
114,08,29,10,30,2,01大同區,大同區民權西路102巷與民權西路102巷4弄口,0,0,1,1,F02,7,6,5,30,4,1,1,5,4,5,13,4,4,10,4,5,2,15,2,36,2,8,3,4,7,9,8,20,2,12,72,1,21,121.5177097,25.0615924
114,08,29,10,42,2,12內湖區,內湖區陽光街與江南街71巷口,0,0,2,1,C03,8,7,5,50,3,1,1,5,4,5,13,4,4,4,3,5,1,17,2,37,2,9,5,1,7,5,1,10,1,12,8,1,21,121.5795168,25.0739255
114,08,29,11,10,2,07信義區,信義區忠孝東路5段236巷與忠孝東路5段236巷10弄口,0,0,1,1,B13,8,6,5,50,3,2,1,5,4,5,13,1,1,4,3,5,2,17,1,32,3,10,3,4,7,9,1,8,1,17,81,1,21,121.5718836,25.0400506
114,08,29,11,21,2,01大同區,大同區通河西街1段與通河西街堤外便道口,0,0,1,1,F01,8,5,5,30,3,1,1,5,4,5,13,4,4,10,4,5,2,12,2,43,2,9,2,1,7,11,8,20,1,11,71,1,22,121.5177752,25.0777668
114,08,29,11,32,2,08士林區,士林區通河東街1段38號,0,0,1,1,C03,8,6,5,30,14,9,1,5,4,5,13,4,4,10,5,5,2,11,1,61,2,7,6,1,7,9,1,10,1,14,42,1,21,121.5166004,25.0832757
114,08,29,11,43,2,04大安區,大安區忠孝東路4段170巷與忠孝東路4段170巷17弄口,0,0,2,1,C03,8,6,5,30,4,1,1,5,4,5,13,4,4,10,5,5,2,15,1,49,2,9,5,1,7,9,1,10,1,11,72,1,21,121.5507638,25.0399352
114,08,29,11,43,2,06松山區,松山區松河街2號,0,0,2,1,C03,8,7,5,40,22,9,1,5,4,5,13,4,4,5,5,5,2,17,1,67,2,9,6,1,7,5,1,8,1,11,42,1,21,121.5710379,25.0514025
114,08,29,12,08,2,07信義區,信義區信義路5段與基隆路1段口,0,0,1,1,C03,8,6,5,50,14,9,1,5,4,5,13,1,1,5,4,5,2,13,1,65,2,9,6,1,7,5,1,10,1,11,16,1,21,121.5598642,25.0330261
114,08,29,12,13,2,09北投區,北投區大同街294號前,0,0,2,1,C03,8,6,5,50,14,9,1,5,4,5,13,4,4,5,5,5,2,17,1,41,2,8,5,1,7,11,1,9,2,11,10,1,21,121.4994209,25.1408144
114,08,29,12,47,2,07信義區,信義區信義路5段91巷15弄與松德路200巷口口,0,0,1,1,B03,8,6,5,30,14,9,1,5,4,5,13,1,1,6,3,5,2,13,1,40,3,10,7,1,7,6,1,8,1,6,44,1,21,121.5735242,25.0346188
114,08,29,13,13,2,04大安區,大安區信義路4段與無名巷口,0,0,1,1,B02,8,6,5,50,3,1,1,5,4,5,13,4,4,10,3,5,2,17,1,24,3,10,7,1,7,6,1,8,1,6,44,1,21,121.5501124,25.0331308
114,08,29,13,15,2,06松山區,松山區光復北路與光復北路60巷口,0,0,2,1,C03,8,5,5,50,3,1,1,5,4,5,13,1,1,9,4,5,2,17,2,32,2,7,6,1,7,7,1,10,1,14,100,1,21,121.5578234,25.04973507
114,08,29,13,21,2,04大安區,大安區忠孝東路4段176號,0,0,2,1,B01,8,6,5,50,14,9,1,5,4,5,13,4,4,1,4,5,2,12,1,49,3,10,7,1,7,9,1,4,1,2,108,1,21,121.5512837,25.0413839
114,08,29,13,25,2,12內湖區,內湖區內湖路1段與內湖路1段715巷口口,0,0,1,1,B03,8,5,5,50,3,1,1,5,4,5,13,4,4,1,4,4,2,17,1,26,3,10,7,1,7,6,1,8,1,2,9,1,21,121.5776718,25.0791953
114,08,29,13,30,2,06松山區,松山區敦化北路與民生東路4段口,0,0,2,1,B03,8,6,5,50,4,1,1,5,4,5,13,1,1,1,4,4,2,16,1,29,2,2,7,1,7,6,1,8,2,5,85,1,21,121.5492561,25.0576703
114,08,29,13,47,2,10文山區,文山區木柵路1段與木柵路1段378巷口,0,0,3,1,C03,8,7,5,50,3,1,1,5,4,5,13,4,4,10,5,5,2,17,2,41,2,9,5,1,7,1,1,10,1,13,19,1,21,121.5566269,24.988485
114,08,29,14,23,2,04大安區,大安區基隆路3段與臥龍街口,0,0,1,1,B03,8,6,5,30,3,2,1,5,4,5,13,4,4,10,5,5,1,16,1,80,3,10,3,4,7,6,1,8,2,7,72,1,21,121.5483635,25.0205262
114,08,29,15,23,2,03中山區,中山區明水路與樂群一路口,0,0,2,1,B02,8,6,5,50,5,2,1,5,4,5,13,1,1,8,4,5,1,17,2,37,2,9,7,1,7,9,1,8,1,1,108,1,21,121.5505241,25.07726507
114,08,29,15,57,2,04大安區,大安區敦化南路2段63巷5號,0,0,1,1,B12,8,6,5,50,14,9,1,5,4,5,13,4,4,5,5,5,2,17,1,38,3,10,7,1,7,9,1,8,2,1,108,1,21,121.5494309,25.0310916
114,08,29,16,10,2,03中山區,中山區林森北路與林森北路51巷口,0,0,1,1,C03,8,7,5,50,4,1,1,5,4,5,13,4,4,5,4,5,2,13,2,37,2,9,5,1,7,9,1,10,1,11,16,1,22,121.5244556,25.04847623
114,08,29,16,10,2,10文山區,文山區興隆路4段與興隆路4段1巷口,0,0,2,1,C03,8,6,5,50,3,1,1,5,4,5,13,1,1,3,4,4,2,16,2,46,2,9,6,1,7,5,1,10,1,12,8,1,21,121.5589324,24.9911458
114,08,29,16,14,2,11南港區,南港區南港路1段與南港路1段2巷口,0,0,1,1,B03,8,7,5,50,3,2,1,5,4,5,13,4,4,1,4,5,2,16,1,45,3,10,7,1,7,6,1,8,1,6,9,1,21,121.6202311,25.0548902
114,08,29,16,16,2,09北投區,北投區知行路336號,0,0,1,1,B12,8,7,5,50,14,9,1,5,4,5,13,4,4,5,5,5,2,17,1,62,3,10,7,1,7,13,1,8,2,4,40,1,22,121.4669935,25.122876
114,08,29,16,16,2,07信義區,信義區市府路1號與仁愛路4段口,0,0,1,1,A02,8,6,5,50,3,2,1,5,4,5,13,2,1,5,4,4,2,9,1,61,3,10,7,1,7,12,1,2,1,17,44,1,21,121.5636563,25.0372961
114,08,29,16,19,2,11南港區,南港區南港路3段47巷與市民大道7段口,0,0,1,1,B01,8,5,5,50,3,1,1,5,4,5,13,2,1,1,4,5,2,16,1,55,3,10,7,1,7,5,1,2,2,2,44,1,21,121.5909148,25.0508015
114,08,29,16,26,2,12內湖區,內湖區堤頂大道2段與港墘路口,0,0,1,1,B03,8,6,5,70,5,1,1,5,4,5,13,1,1,1,3,5,1,17,1,57,3,10,7,1,7,5,1,8,2,2,8,1,21,121.5723594,25.0745509
114,08,29,16,29,2,03中山區,中山區中山北路2段108號,0,0,1,1,B03,8,6,5,50,14,9,1,5,4,5,13,4,4,1,4,1,2,17,1,54,4,11,3,4,7,21,7,19,1,15,17,2,22,121.5228773,25.06060327
114,08,29,16,31,2,08士林區,士林區中山北路6段與中山北路6段450巷口,0,0,1,1,C03,8,6,5,50,4,1,1,5,4,5,13,1,1,1,4,5,1,23,1,68,2,9,5,1,7,9,1,10,1,14,44,1,22,121.5273434,25.1143464
114,08,29,16,45,2,05中正區,中正區濟南路2段9號,0,0,1,1,B03,8,5,5,50,14,9,1,5,4,5,13,4,4,9,4,5,2,17,1,63,3,10,7,1,7,11,1,8,2,8,10,1,21,121.5275311,25.0412539
114,08,29,16,56,2,05中正區,中正區中山南路與徐州路口,0,0,1,1,C03,8,6,5,50,4,2,1,5,4,5,13,2,1,5,4,5,2,12,1,19,3,10,6,1,7,12,1,10,1,14,108,1,22,121.5186596,25.04203443
114,08,29,16,57,2,05中正區,中正區市民大道2段與林森北路口,0,0,2,1,C03,8,6,5,40,4,1,1,5,4,5,13,1,1,10,5,5,2,12,1,56,2,9,6,1,7,9,1,10,2,14,108,1,22,121.5241052,25.0476941
114,08,29,17,06,2,11南港區,南港區經貿二路與南港路1段口,0,0,1,1,B03,8,6,5,50,4,1,1,5,4,5,13,1,1,10,5,5,2,16,1,23,3,10,3,4,7,5,3,18,1,5,83,1,21,121.6171432,25.0550167
114,08,29,17,13,2,08士林區,士林區承德路4段10巷與通河街76巷口,0,0,1,1,B03,8,6,5,30,4,1,1,5,4,5,13,4,4,10,5,5,1,15,1,58,3,10,7,1,7,9,1,8,2,6,72,1,21,121.5202385,25.08034344
114,08,29,17,22,2,07信義區,信義區虎林街108巷108號,0,0,1,1,F02,8,6,5,30,14,9,1,5,4,5,13,4,4,10,5,5,2,17,1,69,2,7,3,4,7,9,8,20,1,14,108,1,21,121.5746704,25.0425595
114,08,29,17,33,2,04大安區,大安區敦化南路2段與文昌街口,0,0,2,1,C03,8,6,5,50,3,2,1,5,4,5,13,1,1,1,4,5,2,17,1,32,2,9,6,1,7,9,1,10,1,11,16,1,21,121.5490435,25.03289708
114,08,29,17,36,2,11南港區,南港區福德街331號,0,0,1,1,A02,8,7,5,50,14,9,1,5,4,5,13,4,4,9,5,5,2,9,1,59,3,10,7,1,7,3,1,2,9,17,18,1,21,121.5883722,25.0394654
114,08,29,17,40,2,04大安區,大安區和平東路1段197號,0,0,1,1,B03,8,6,5,50,14,9,1,5,4,5,13,4,4,2,3,4,2,12,1,75,3,10,7,1,7,8,1,8,1,2,100,1,22,121.5340024,25.0262403
114,08,29,17,42,2,10文山區,文山區羅斯福路6段159巷1弄14號,0,0,2,1,C03,8,6,5,30,14,9,1,5,4,5,10,4,4,10,5,5,2,11,1,59,2,7,6,1,7,1,1,10,2,14,19,1,21,121.5409329,24.998004
114,08,29,17,45,2,10文山區,文山區辛亥路7段與辛亥路7段76巷口口,0,0,1,1,B03,8,6,5,50,3,1,1,5,4,5,13,2,1,5,5,4,1,16,1,62,3,10,7,1,7,5,1,8,1,8,71,1,21,121.5537558,24.9820105
114,08,29,17,45,2,11南港區,南港區忠孝東路6段與忠孝東路6段188巷口,0,0,2,1,C03,8,6,5,50,4,2,1,5,4,4,12,1,1,1,4,5,2,13,1,37,2,9,3,4,7,11,1,10,1,13,10,1,21,121.5866613,25.048675
114,08,29,17,47,2,05中正區,中正區羅斯福路1段與愛國東路口,0,0,1,1,C03,8,6,5,40,4,2,1,5,4,5,13,1,1,1,4,4,2,13,2,49,2,8,5,1,7,9,1,10,1,11,108,1,21,121.517456,25.0345071
114,08,29,18,02,2,09北投區,北投區立德路156號,0,0,1,1,B03,8,6,5,50,14,9,1,5,4,5,13,4,4,9,4,5,2,16,2,45,3,10,7,1,7,11,1,8,1,4,10,1,21,121.4726391,25.1282976
114,08,29,18,05,2,08士林區,士林區大南路361號,0,0,1,1,C03,8,5,5,50,14,9,1,5,4,5,13,4,4,9,5,5,1,16,2,55,2,9,6,1,7,1,1,10,1,11,19,1,21,121.5164889,25.08917042
114,08,29,18,25,2,10文山區,文山區羅斯福路5段與興隆路1段口,0,0,1,1,B03,8,5,5,50,4,1,1,5,4,5,13,2,1,1,4,5,2,13,2,28,3,10,7,1,7,9,1,8,2,1,108,1,21,121.538689,25.0043818
114,08,29,19,00,2,01大同區,大同區環河北路1段與長安西路口,0,0,1,1,C03,8,5,5,50,3,2,1,5,4,5,13,2,1,8,3,5,2,12,2,21,2,9,6,1,7,15,1,10,1,12,101,1,21,121.5072618,25.0520083
114,08,29,19,22,2,03中山區,中山區中山北路2段71號旁,0,0,1,1,C03,8,5,5,50,14,9,1,5,4,5,13,4,4,1,4,5,2,16,1,62,2,9,6,1,7,9,1,10,2,12,42,1,21,121.5229309,25.0574139
114,08,29,19,57,2,05中正區,中正區延平南路121巷與延平南路口,0,0,1,1,C03,8,5,5,30,3,1,1,5,4,5,13,4,4,10,4,5,2,17,2,48,2,8,5,1,7,6,1,10,1,11,98,1,22,121.5089202,25.03975378
114,08,29,20,30,2,03中山區,中山區建國北路3段與五常街口(南側迴轉道),0,0,1,1,B03,8,5,5,50,3,1,1,5,3,5,13,2,1,5,2,5,2,9,2,49,3,10,7,1,7,5,1,8,1,17,70,1,21,121.5372484,25.06436264
114,08,29,21,07,2,12內湖區,內湖區港墘路與港華街口側附近口,0,0,2,1,,7,5,5,50,4,1,1,5,4,5,13,2,1,1,3,5,2,17,4,0,4,11,3,4,7,21,8,20,11,17,119,2,22,121.5781565,25.0822465
114,08,29,21,23,2,01大同區,大同區市民大道1段209號,0,0,1,1,B02,8,5,5,30,14,9,1,5,4,5,13,4,4,10,5,5,2,13,1,56,3,10,7,1,7,6,1,4,9,8,44,1,21,121.51875,25.048509
114,08,29,22,00,2,09北投區,北投區致遠一路1段124巷與自強街120巷15弄口,0,0,3,1,C03,8,5,5,30,4,1,1,5,4,5,13,4,4,10,5,5,1,15,1,37,2,9,5,1,7,4,1,10,1,11,1,1,21,121.5158341,25.1103274
114,08,30,06,34,2,10文山區,文山區永安街22巷與永安街口,0,0,1,1,B03,7,7,5,50,4,1,1,5,4,5,13,4,4,10,5,5,2,1,1,75,3,10,3,4,7,6,1,8,1,5,70,1,22,121.5702626,24.9865792
114,08,30,06,36,2,11南港區,南港區忠孝東路6段與向陽路口,0,0,2,1,B01,8,7,5,30,5,1,1,5,4,5,13,1,1,1,4,4,2,12,1,60,3,10,3,4,7,8,1,4,1,5,99,1,21,121.5952938,25.0506812
114,08,30,07,45,2,01大同區,大同區承德路3段與民權西路口,0,0,1,1,C03,8,6,5,50,5,2,1,5,4,5,13,2,1,1,4,5,2,13,1,54,2,9,6,1,7,9,1,10,1,12,108,1,21,121.5186549,25.062971
114,08,30,08,01,2,08士林區,士林區平菁街（平菁幹9）電桿,0,0,1,1,B03,7,6,5,30,11,9,1,5,4,5,13,4,4,10,4,5,1,11,1,64,3,10,3,4,7,4,1,8,1,4,5,1,22,121.572417,25.1369151
114,08,30,08,21,2,05中正區,中正區廈門街75號,0,0,2,1,C03,8,6,5,30,14,9,1,5,4,5,13,4,4,9,4,5,2,16,1,59,2,9,5,1,7,11,1,10,1,12,10,1,21,121.5174554,25.02497882
114,08,30,08,40,2,09北投區,北投區泉源路19號前,0,0,2,1,C03,8,6,5,30,14,9,1,5,4,5,13,4,4,9,5,5,2,16,2,32,2,8,5,1,7,5,1,10,1,12,8,1,21,121.5043238,25.1377636
114,08,30,08,54,2,03中山區,中山區民權東路2段與新生北路2段口,0,0,2,1,C03,8,7,5,50,5,1,1,5,4,5,13,1,1,9,4,5,2,13,1,49,2,9,5,1,7,9,1,10,2,11,16,1,21,121.5277103,25.0625295
114,08,30,09,02,2,07信義區,信義區市民大道5段與光復南路口,0,0,2,1,C04,7,6,5,50,5,1,1,5,4,5,13,1,1,1,4,5,2,13,2,23,2,8,6,1,7,9,1,10,1,11,108,1,21,121.5578612,25.0453727
114,08,30,09,28,2,07信義區,信義區光復南路與光復南路415巷口,0,0,1,1,B03,8,6,5,30,3,1,1,5,4,5,13,4,4,1,4,5,1,15,1,72,3,10,3,4,7,9,1,8,1,1,80,1,22,121.5577067,25.0371984
114,08,30,09,35,2,04大安區,大安區仁愛路4段與敦化南路1段口口,0,0,1,1,B03,8,6,5,50,4,1,1,5,4,5,13,2,1,5,4,5,2,15,2,78,3,10,7,1,7,9,1,8,1,5,81,1,22,121.5486201,25.0371236
114,08,30,09,41,2,05中正區,中正區古亭河濱公園自行車道(永福橋下),0,0,1,1,F01,8,6,5,50,14,23,1,5,4,5,13,4,4,9,4,5,1,10,2,73,3,10,4,1,7,9,8,20,1,17,118,1,21,121.5289439,25.01259898
114,08,30,09,50,2,07信義區,信義區和平東路3段與和平東路3段631巷口,0,0,2,1,C03,8,6,5,30,3,1,1,5,4,5,13,3,1,9,4,5,1,16,1,81,2,8,3,4,7,5,1,10,1,11,72,1,22,121.5633254,25.01328269
114,08,30,09,57,2,02萬華區,萬華區艋舺大道與西園路2段372巷口,0,0,1,1,B12,8,7,5,50,3,1,1,5,4,5,13,4,4,9,4,5,1,16,1,61,3,10,7,1,7,5,1,8,1,2,44,1,21,121.4899337,25.0275745
114,08,30,10,05,2,05中正區,中正區濟南路2段13號,0,0,1,1,B03,8,6,5,50,14,9,1,5,4,5,13,4,4,9,5,5,2,16,1,32,3,10,7,1,7,6,1,8,1,4,44,1,21,121.5275543,25.0412431
114,08,30,10,35,2,06松山區,松山區健康路325巷24弄與延壽街18巷口,0,0,2,1,C03,8,6,5,30,4,1,1,5,4,5,13,4,4,10,5,5,2,15,1,59,2,9,6,1,7,9,3,18,2,12,75,1,21,121.5687315,25.0566092