發生年度,發生月,發生日,發生時-Hours,發生分,處理別-編號,區序,肇事地點,死亡人數,2-30日死亡人數,受傷人數,當事人序號,車種,天候,光線,道路類別,速限-速度限制,道路型態,事故位置,路面狀況1,路面狀況2,路面狀況3,道路障礙1,道路障礙2,號誌1,號誌2,車道劃分-分向,車道劃分-分道1,車道劃分-分道2,車道劃分-分道3,事故類型及型態,性別,年齡,受傷程度,主要傷處,保護裝置,行動電話,車輛用途,當事者行動狀態,駕駛資格情形,駕駛執照種類,飲酒情形,車輛撞擊部位1,肇因碼-個別,個人肇逃否,職業,座標-X,座標-Y
114,08,30,10,38,2,11南港區,南港區南港路2段與向陽路口,0,0,1,1,B03,8,6,5,50,4,1,1,5,4,5,13,2,2,1,4,4,2,16,1,60,3,10,3,4,7,6,1,8,2,2,9,1,22,121.5947698,25.0545176
114,08,30,10,40,2,02萬華區,萬華區昆明街與漢口街2段口,0,0,1,1,C03,8,6,5,50,4,1,1,5,4,5,13,2,1,9,4,5,1,17,1,21,3,10,3,4,7,5,1,10,1,14,42,1,22,121.505636,25.0459752
114,08,30,11,00,2,03中山區,中山區復興北路514巷與復興北路488巷1弄口,0,0,1,1,B03,8,7,5,30,4,1,1,5,4,5,13,4,4,9,5,5,2,15,1,62,3,10,7,1,7,9,1,8,1,6,72,1,21,121.5436593,25.0660085
114,08,30,11,30,2,03中山區,中山區民族東路410巷16號,0,0,1,1,H01,8,6,5,30,14,9,1,5,4,5,13,4,4,10,5,5,2,3,1,58,3,10,4,5,8,16,8,20,10,16,67,1,22,121.5393369,25.0664288
114,08,30,12,03,2,08士林區,士林區中正路與中正路586巷口,0,0,1,1,C03,8,6,5,50,3,2,1,5,4,5,13,4,4,1,4,5,1,16,2,35,2,8,5,1,7,8,1,10,1,14,80,1,21,121.510057,25.0870984
114,08,30,12,16,2,03中山區,中山區龍江路與龍江路318巷口,0,0,1,1,C03,8,7,5,30,4,1,1,5,4,5,13,4,4,10,5,5,2,15,2,42,2,9,5,1,7,9,1,10,1,14,72,1,22,121.5409301,25.0647544
114,08,30,12,24,2,09北投區,北投區杏林二路60巷與杏林二路口,0,0,1,1,B03,8,7,5,30,4,1,1,5,4,5,13,4,4,10,5,5,2,15,1,46,3,10,7,1,7,9,1,8,1,1,72,1,21,121.4970175,25.1423696
114,08,30,12,25,2,05中正區,中正區汀州路3段與羅斯福路4段196巷口,0,0,1,1,C03,8,6,5,50,4,1,1,5,4,5,13,4,4,5,2,5,2,13,1,36,3,10,5,1,7,9,1,10,1,11,16,1,21,121.5359473,25.0115817
114,08,30,12,36,2,05中正區,中正區懷寧街與貴陽街1段口,0,0,2,1,C03,7,6,5,50,3,1,1,5,4,5,13,4,4,10,5,5,2,16,1,28,2,7,6,4,7,5,1,10,1,11,8,1,22,121.5134878,25.0399132
114,08,30,12,51,2,07信義區,信義區松仁路與松高路口,0,0,1,1,C03,8,7,5,50,4,1,1,5,4,5,13,1,1,9,4,5,2,11,1,47,3,10,5,1,7,15,1,10,1,13,100,1,21,121.5685561,25.0390103
114,08,30,13,22,2,01大同區,大同區延平北路1段與長安西路口,0,0,1,1,B03,8,6,5,50,5,1,1,5,4,5,13,4,4,5,5,5,2,16,2,44,3,10,7,1,7,6,1,8,2,2,9,1,21,121.511823,25.0521445
114,08,30,13,22,2,07信義區,信義區林口街與林口街52巷口,0,0,2,1,H01,8,6,5,40,14,9,1,5,4,5,13,4,4,7,3,5,2,6,1,9,2,9,4,5,8,18,8,20,10,16,121,1,14,121.5793697,25.0382997
114,08,30,13,24,2,08士林區,士林區社正路與社正路17巷口,0,0,1,1,B03,8,6,5,50,3,2,1,5,4,5,13,4,4,9,4,5,1,14,1,49,3,10,7,1,7,2,1,8,1,7,12,1,21,121.5089661,25.08879929
114,08,30,13,26,2,03中山區,中山區民權東路2段76號,0,0,2,1,C03,8,6,5,50,14,9,1,5,4,5,13,4,4,1,4,5,2,13,1,29,2,7,6,1,7,9,1,10,1,11,16,1,22,121.5312282,25.0624303
114,08,30,13,59,2,09北投區,北投區中和街與中和街20巷口,0,0,2,1,C03,8,7,5,50,14,9,1,5,4,5,13,4,4,5,5,5,2,13,1,33,2,9,5,1,7,9,1,10,1,11,76,1,21,121.5029999,25.13781
114,08,30,14,24,2,02萬華區,萬華區環河南路1段與峨眉街口,0,0,1,1,B12,8,6,5,40,3,1,1,5,4,5,13,4,4,9,4,5,1,17,1,34,3,10,3,4,7,6,1,8,1,2,9,1,22,121.5015544,25.0447871
114,08,30,14,37,2,10文山區,文山區木新路3段155巷與木新路3段127巷10弄口,0,0,1,1,C03,7,5,5,30,4,1,1,5,4,5,13,4,4,10,5,5,2,15,1,19,2,7,3,4,7,9,1,10,1,11,72,1,22,121.5612413,24.9813568
114,08,30,14,51,2,04大安區,大安區羅斯福路4段119巷與羅斯福路4段123巷21弄口,0,0,1,1,C03,7,5,5,30,3,1,1,5,4,5,13,4,4,5,4,5,2,16,1,30,3,10,3,4,7,5,1,10,1,13,74,1,21,121.5381522,25.0105011
114,08,30,15,01,2,02萬華區,萬華區忠孝西路2段與忠孝西路2段16巷口,0,0,1,1,C03,7,7,6,50,3,2,1,5,4,5,13,4,4,1,3,5,2,16,1,32,2,8,5,1,7,9,1,10,1,14,108,1,21,121.5085222,25.0482573
114,08,30,15,06,2,11南港區,南港區重陽路與園區街口,0,0,2,1,B03,8,6,5,50,3,1,1,5,4,5,13,3,1,9,4,5,2,13,1,74,3,10,3,4,7,9,1,7,2,1,108,1,21,121.6107208,25.0595786
114,08,30,15,35,2,12內湖區,內湖區東湖路與東湖路113巷口,0,0,1,1,B03,7,7,5,50,4,2,1,5,4,5,13,1,1,5,5,5,2,17,1,35,3,10,7,1,7,6,1,8,1,2,9,1,21,121.6150521,25.0686162
114,08,30,15,42,2,10文山區,文山區萬壽路25巷5號前,0,0,1,1,B03,7,6,5,30,14,9,1,5,4,5,13,4,4,10,5,5,2,17,1,50,3,10,3,4,7,15,1,8,1,4,40,1,21,121.576072,24.9888769
114,08,30,15,46,2,08士林區,士林區文林路與中正路口口,0,0,2,1,B03,7,7,5,50,14,9,1,5,4,5,13,2,1,8,3,5,2,12,1,51,3,10,3,4,7,9,1,8,1,2,108,1,22,121.5247307,25.0947255
114,08,30,15,50,2,07信義區,信義區基隆路汽機車混合地下道,0,0,3,1,C03,8,5,5,30,7,11,1,5,4,5,13,4,4,7,2,5,1,17,1,44,3,10,6,1,7,9,1,10,11,17,44,2,22,121.5637931,25.04123544
114,08,30,16,03,2,04大安區,大安區建國南路1段南往北方向(憶光大樓停車場前),0,0,1,1,B03,8,6,5,40,14,9,1,5,4,5,13,2,1,1,4,5,2,17,1,48,3,10,7,1,7,6,1,8,1,5,108,1,21,121.5369546,25.0431132
114,08,30,16,17,2,08士林區,士林區中正路與承德路5段口,0,0,1,1,B03,8,6,4,50,3,1,1,5,4,5,13,1,1,10,3,5,1,16,1,33,3,10,7,1,7,6,1,8,2,8,42,1,21,121.5156009,25.0906369
114,08,30,16,32,2,10文山區,文山區木新路2段156號,0,0,1,1,C03,8,7,5,0,22,20,4,5,4,5,13,4,4,10,5,5,2,17,1,48,3,10,5,1,7,2,1,9,1,13,44,1,21,121.5688688,24.9841276
114,08,30,16,58,2,06松山區,松山區民權東路4段121號,0,0,3,1,C04,8,6,8,40,22,22,1,5,4,5,13,2,1,2,4,4,2,13,2,55,2,9,6,1,7,9,1,11,1,11,16,1,21,121.5593946,25.062456
114,08,30,17,53,2,05中正區,中正區牯嶺街65號,0,0,1,1,B03,8,6,5,50,4,1,1,5,4,5,13,4,4,9,4,5,2,17,1,34,3,10,2,1,7,5,1,10,1,4,8,1,21,121.5172513,25.0289476
114,08,30,18,30,2,02萬華區,萬華區馬場町河濱公園(自行車道),0,0,2,1,F01,8,5,8,50,22,22,2,5,4,5,13,4,4,10,5,5,2,17,2,6,2,8,4,1,7,5,8,20,1,14,44,1,21,121.5041737,25.0188401
114,08,30,18,37,2,03中山區,中山區民族西路與中山北路3段口,0,0,1,1,C03,8,5,5,50,5,2,1,5,4,5,13,2,1,5,4,5,2,12,2,36,2,8,6,1,7,7,1,10,1,14,100,1,21,121.5225994,25.0683977
114,08,30,19,15,2,02萬華區,萬華區廣州街與南寧路口,0,0,1,1,B03,8,5,5,50,5,2,1,5,4,5,13,2,1,5,5,5,2,17,1,60,3,10,7,1,7,6,1,8,1,6,9,1,21,121.5050645,25.0364889
114,08,30,19,27,2,05中正區,中正區重慶南路3段與重慶南路3段83巷口,0,0,3,1,B03,8,5,5,30,3,2,1,5,4,5,13,4,4,3,4,5,2,17,1,77,3,10,7,1,7,1,1,8,1,4,19,1,21,121.5165171,25.025468
114,08,30,19,43,2,04大安區,大安區和平東路1段與師大路口,0,0,2,1,C03,7,5,5,50,3,1,1,5,4,5,13,1,1,1,4,4,2,12,1,49,2,3,5,4,7,9,1,10,1,11,80,1,22,121.5285812,25.0266971
114,08,30,20,04,2,04大安區,大安區新生南路2段與金華街口,0,0,2,1,B12,8,5,5,40,5,2,1,5,4,5,13,2,1,8,3,4,1,16,1,63,3,10,7,1,7,6,1,8,1,2,9,1,21,121.5335252,25.030587
114,08,30,21,10,2,04大安區,大安區信義路3段與新生南路1段口口,0,0,2,1,C03,8,5,5,50,4,1,1,5,4,5,13,2,1,1,4,5,2,13,2,26,2,8,3,4,7,9,1,10,1,11,108,1,22,121.5334285,25.033805
114,08,30,21,10,2,05中正區,中正區金山南路1段與杭州南路1段111巷口,0,0,1,1,C03,8,7,5,30,3,2,1,5,4,5,13,4,4,10,5,5,2,17,1,40,3,10,5,1,7,6,1,10,1,11,99,1,26,121.5275636,25.0361679
114,08,30,21,50,2,02萬華區,萬華區環河南路1段與武昌街2段口,0,0,2,1,C03,8,5,5,40,4,1,1,5,4,5,13,1,1,9,4,5,2,17,2,63,2,9,6,4,7,9,1,10,1,11,81,1,21,121.5024877,25.04578786
114,08,30,21,52,2,08士林區,士林區中山北路6段與福國路口,0,0,1,1,B03,8,5,5,50,5,2,1,5,4,5,13,1,1,10,4,5,1,17,1,37,3,10,7,1,7,6,1,8,2,5,9,1,21,121.5253143,25.1027131
114,08,30,21,53,2,09北投區,北投區東華街1段與東陽街口,0,0,2,1,C03,8,5,5,50,4,1,1,5,4,5,13,1,1,9,4,5,2,16,1,75,2,9,5,1,7,5,1,10,2,13,71,1,21,121.5174693,25.1123372
114,08,30,22,45,2,01大同區,大同區重慶北路1段與長安西路口,0,0,1,1,C03,7,5,5,50,4,1,1,5,4,5,13,1,1,1,4,5,2,16,1,25,3,10,6,1,7,6,1,10,1,13,9,1,21,121.513854,25.0516555
114,08,30,23,41,2,06松山區,松山區松信路與八德路4段口,0,0,1,1,,8,5,5,50,5,1,1,5,4,5,13,2,1,3,4,5,2,17,4,0,,,,,7,6,7,19,11,,119,2,,121.5724143,25.0499271
114,08,31,00,23,2,01大同區,大同區塔城街與鄭州路口,0,0,1,1,B01,8,5,5,50,14,9,1,5,4,5,13,1,1,5,5,5,2,12,1,61,3,10,7,1,7,9,1,4,1,2,108,1,21,121.5105445,25.0504621
114,08,31,01,43,2,04大安區,大安區和平東路1段59號,0,0,1,1,B01,8,5,5,50,14,9,1,5,4,5,13,4,4,1,4,5,2,12,1,56,3,10,3,4,7,8,1,4,11,2,100,2,22,121.5240593,25.0270134
114,08,31,02,06,2,02萬華區,萬華區康定路166號,0,0,2,1,C03,8,5,5,50,14,7,1,5,4,5,13,4,4,4,3,5,2,13,2,19,2,9,6,1,7,9,1,10,1,11,108,1,22,121.5018918,25.0392828
114,08,31,03,08,2,03中山區,中山區松江路與松江路226巷口,0,0,1,1,F01,8,5,5,50,3,2,1,5,4,5,13,4,4,1,4,5,2,18,2,37,2,9,4,1,7,9,8,20,7,14,21,1,21,121.5329581,25.0584958
114,08,31,04,50,2,07信義區,信義區基隆路1段147巷與忠孝東路5段71巷口,0,0,1,1,C03,8,5,6,30,4,1,1,5,4,5,13,4,4,10,5,5,2,16,2,32,2,9,5,1,7,9,1,10,1,11,72,1,21,121.5673513,25.0423659
114,08,31,07,14,2,11南港區,南港區玉成街225巷7號,0,0,2,1,C03,8,6,5,30,14,9,1,5,4,5,13,4,4,10,5,5,2,11,1,64,2,7,5,1,7,9,1,10,2,14,44,1,21,121.5854257,25.0436856
114,08,31,07,44,2,09北投區,北投區中央北路1段與光明路口,0,0,1,1,B03,8,7,5,50,4,1,1,5,4,5,13,3,1,7,5,5,2,16,1,72,3,10,7,1,7,5,1,8,1,1,72,1,21,121.5015607,25.133274
114,08,31,07,48,2,12內湖區,內湖區內湖路1段411巷與內湖路1段口,0,0,1,1,B01,7,6,5,50,4,1,1,5,4,5,13,2,1,1,4,5,2,12,1,54,3,10,3,4,7,6,1,4,1,6,9,1,26,121.5708876,25.0816204
114,08,31,07,54,2,10文山區,文山區木新路2段與木新路2段299巷口,0,0,1,1,B03,7,5,5,50,4,1,1,5,4,5,13,2,1,10,5,4,2,16,2,60,3,10,3,4,7,5,1,8,1,2,71,1,22,121.565322,24.9827474
114,08,31,08,22,2,08士林區,士林區中山北路5段與小北街口,0,0,3,1,C03,8,6,5,40,14,9,1,5,4,5,13,4,4,9,4,5,1,17,1,63,2,8,5,1,7,9,1,10,1,12,44,1,21,121.5273842,25.090735
114,08,31,08,50,2,05中正區,中正區和平西路2段與寧波西街口口,0,0,1,1,B03,8,6,5,50,4,1,1,5,4,5,13,1,1,1,4,5,1,17,1,71,3,10,7,1,7,5,1,8,2,2,44,1,21,121.5124254,25.0287019
114,08,31,09,14,2,09北投區,北投區中央北路2段與稻香路口口,0,0,1,1,C03,8,6,5,50,4,1,1,5,4,5,13,1,1,10,5,5,2,16,1,32,3,10,5,1,7,5,1,10,1,14,8,1,21,121.4912038,25.1385542
114,08,31,09,50,2,07信義區,信義區永吉路120巷22弄與永吉路120巷口,0,0,1,1,C03,7,6,5,30,4,1,1,5,4,5,13,4,4,9,5,5,2,15,1,65,2,8,6,1,7,9,1,10,1,11,72,1,21,121.5703061,25.0446956
114,08,31,09,53,2,04大安區,大安區信義路4段179號,0,0,1,1,C03,8,6,5,50,14,9,1,5,4,5,13,4,4,10,5,5,2,17,1,46,2,9,6,1,7,9,1,10,2,11,44,1,21,121.5510336,25.0333282
114,08,31,10,06,2,02萬華區,萬華區堤外便道(燈桿：雙園031),0,0,2,1,C03,8,5,5,40,14,9,1,5,4,5,13,4,4,10,5,5,2,17,1,68,2,2,5,4,7,11,6,18,2,14,10,1,21,121.496093,25.0372789
114,08,31,10,25,2,08士林區,士林區中正路601號,0,0,1,1,B03,8,6,5,50,14,8,1,5,4,5,13,4,4,7,3,4,1,12,1,29,3,10,7,1,7,9,1,8,1,5,108,1,21,121.5097978,25.08666407
114,08,31,10,44,2,06松山區,松山區慶城街與慶城街口73號旁無名巷,0,0,1,1,B03,7,6,5,30,3,1,1,5,4,5,13,4,4,10,5,5,2,17,1,45,3,10,7,1,7,5,1,8,1,1,74,1,21,121.5478951,25.0566935
114,08,31,11,06,2,09北投區,北投區清江路169號前,0,0,2,1,C03,8,6,5,30,14,9,1,5,4,5,13,4,4,10,5,5,2,11,2,72,2,9,5,1,7,1,1,10,1,14,19,1,21,121.501898,25.1283402
114,08,31,11,16,2,02萬華區,萬華區西園路2段與西園路2段320巷口,0,0,2,1,C03,8,7,5,50,4,2,1,5,4,5,13,1,1,1,4,4,1,13,2,79,2,1,5,1,7,9,1,10,1,11,16,1,21,121.492562,25.0259897
114,08,31,11,45,2,08士林區,士林區中山北路7段81巷與天玉街口,0,0,1,1,C03,8,7,5,30,4,1,1,5,4,5,13,4,4,10,5,5,1,17,1,61,2,9,5,1,7,9,1,10,1,11,72,1,21,121.5306989,25.12176532
114,08,31,11,46,2,07信義區,信義區和平東路3段281號,0,0,1,1,B03,8,6,5,0,14,20,4,5,4,5,13,4,4,10,5,5,2,17,1,36,3,10,7,1,7,1,1,8,1,1,19,1,21,121.5550478,25.0221862
114,08,31,11,56,2,10文山區,文山區秀明路1段221號旁第70號停車格,0,0,1,1,F02,8,6,5,50,14,9,1,5,4,5,13,4,4,4,4,5,2,17,2,13,2,7,4,1,7,9,8,20,1,12,116,1,21,121.5705174,24.9917543
114,08,31,12,50,2,09北投區,北投區復興二路與開明街口,0,0,2,1,C03,8,6,5,30,4,1,1,5,4,5,13,4,4,10,5,5,2,15,2,34,2,9,5,1,7,9,1,10,1,14,72,1,21,121.5021715,25.1414051
114,08,31,13,25,2,12內湖區,內湖區堤外便道與堤外便道口西往東(0309056路燈),0,0,1,1,C03,8,6,5,50,14,9,1,5,4,5,13,4,4,9,4,5,2,13,1,63,2,9,5,1,7,7,1,10,1,12,104,1,21,121.6106401,25.06310247
114,08,31,14,50,2,03中山區,中山區南京東路3段223巷與遼寧街185巷口,0,0,1,1,C03,7,6,5,30,4,1,1,5,4,5,13,4,4,10,5,5,2,15,1,22,2,9,6,1,7,9,1,10,1,14,72,1,22,121.5435043,25.0533154
114,08,31,14,54,2,01大同區,大同區民權西路266號與民權西路口,0,0,2,1,C03,7,6,5,50,3,2,1,5,4,5,13,2,1,8,3,5,1,16,1,23,2,9,6,4,7,15,1,10,2,14,100,1,21,121.5121824,25.062872
114,08,31,15,02,2,03中山區,中山區錦州街166號,0,0,1,1,B01,7,6,5,50,14,9,1,5,4,5,13,4,4,8,3,4,2,16,1,64,3,10,7,1,7,5,1,8,1,8,8,1,21,121.5297438,25.0603145
114,08,31,15,27,2,11南港區,南港區忠孝東路6段與忠孝東路6段278巷口,0,0,1,1,B03,7,6,5,50,3,2,1,5,4,5,13,1,1,1,4,5,2,16,1,48,3,10,3,4,7,5,1,8,1,5,74,1,21,121.5890989,25.049196
114,08,31,16,12,2,01大同區,大同區雙連街與萬全街口,0,0,1,1,B01,8,7,5,30,4,2,1,5,4,5,13,4,4,10,4,5,2,17,1,52,3,10,3,4,7,9,1,4,1,4,72,1,21,121.5190623,25.0585164
114,08,31,16,28,2,07信義區,信義區松山路541巷1號,0,0,1,1,B03,8,7,5,30,14,9,1,5,4,5,13,4,4,10,5,5,2,17,1,53,3,10,3,4,7,9,1,8,2,10,108,1,21,121.5783256,25.0377632
114,08,31,17,15,2,03中山區,中山區民權東路1段與中山北路2段口,0,0,1,1,C03,7,5,5,50,4,1,1,5,4,5,13,1,1,9,4,4,2,13,1,19,2,8,6,4,7,9,1,10,1,11,16,1,21,121.5227555,25.06289906
114,08,31,17,15,2,09北投區,北投區永興路1段17號,0,0,1,1,B03,7,7,5,50,14,9,1,5,4,5,13,4,4,7,5,5,2,12,1,28,3,10,7,1,7,9,1,8,1,5,108,1,21,121.4995193,25.13880925
114,08,31,17,18,2,08士林區,士林區延平北路6段與中正路口,0,0,1,1,F01,8,6,5,50,4,1,1,5,4,5,13,1,1,10,4,5,2,17,1,12,3,10,5,1,7,5,8,20,1,17,96,1,14,121.5092562,25.08687689
114,08,31,17,58,2,11南港區,南港區市民大道7段與東新街口口,0,0,4,1,C03,8,5,5,50,4,4,1,5,4,5,13,2,1,1,5,5,2,13,1,32,2,7,3,4,7,12,3,18,1,11,108,1,22,121.5835431,25.0495658
114,08,31,18,00,2,12內湖區,內湖區民權東路6段與民善街口,0,0,1,1,C03,8,6,5,50,4,2,1,5,4,5,13,1,1,1,4,5,2,12,2,42,2,8,5,1,7,9,1,10,1,11,108,1,21,121.5740004,25.0651674
114,08,31,18,30,2,12內湖區,內湖區內湖路2段103巷與麗山街37巷口,0,0,2,1,C03,8,5,5,50,3,2,1,5,4,5,13,4,4,5,5,5,2,16,2,60,2,9,5,1,7,5,1,10,1,11,74,1,21,121.5820847,25.0807134
114,08,31,19,18,2,12內湖區,內湖區文德路101巷3弄與文德路101巷口,0,0,1,1,F01,8,5,5,0,14,20,4,5,4,5,13,4,4,10,5,5,2,9,2,65,3,10,2,1,7,11,8,20,1,11,11,1,21,121.583314,25.0790909
114,08,31,21,50,2,04大安區,大安區羅斯福路2段67號,0,0,1,1,C03,8,5,5,50,14,9,1,5,4,5,13,4,4,1,2,5,2,13,2,32,2,9,3,4,7,9,1,10,1,11,108,1,22,121.5232029,25.0267644
114,08,31,21,51,2,03中山區,中山區長春路與長春路口24號旁無名巷,0,0,1,1,B01,8,5,5,50,3,1,1,5,4,5,13,4,4,9,4,4,2,16,1,69,3,10,7,1,7,5,1,4,1,4,8,1,26,121.5242966,25.05486081
114,08,31,21,51,2,05中正區,中正區重慶南路1段與衡陽路口,0,0,1,1,B01,7,5,5,50,4,2,1,5,4,5,13,1,1,9,4,5,2,17,1,65,3,10,7,1,7,6,1,4,1,5,9,1,21,121.513126,25.04236859
114,08,31,22,13,2,04大安區,大安區仁愛路3段與建國南路1段口,0,0,1,1,B03,8,5,5,50,4,2,1,5,4,5,13,2,1,1,4,5,2,16,1,62,3,10,7,1,7,6,1,8,1,1,85,1,21,121.5376114,25.0380237
114,08,31,22,30,2,12內湖區,內湖區康寧路3段與安康路口,0,0,2,1,C03,8,5,5,50,4,1,1,5,4,5,13,1,1,5,4,5,2,17,2,44,2,9,6,1,7,9,1,10,1,12,108,1,21,121.6108313,25.0648893
114,08,31,23,20,2,08士林區,士林區延平北路5段與葫蘆街口,0,0,1,1,C03,7,5,5,50,3,2,1,5,4,5,13,2,1,1,4,5,1,3,1,29,3,10,6,1,7,9,1,10,2,11,118,1,21,121.5108778,25.080068
114,08,31,23,23,2,05中正區,中正區汀州路3段與羅斯福路3段316巷口口,0,0,1,1,B01,7,5,5,50,3,1,1,5,4,5,13,1,1,5,5,5,2,16,1,33,3,10,7,1,7,5,1,4,2,1,71,1,21,121.531944,25.0153077
114,09,01,00,20,2,01大同區,大同區環河北路2段與敦煌路口,0,0,1,1,B01,8,5,5,50,4,1,1,5,4,5,13,1,1,8,3,5,2,13,1,69,3,10,7,1,7,9,6,4,1,1,105,1,21,121.5094366,25.0761671
114,09,01,01,44,2,05中正區,中正區羅斯福路1段與寧波東街口口,0,0,3,1,C03,7,5,5,50,4,1,1,5,4,5,13,1,1,1,4,5,2,16,1,23,2,7,5,1,7,6,1,10,2,12,9,1,21,121.5192271,25.0316596
114,09,01,07,17,2,04大安區,大安區仁愛路3段與忠孝東路3段248巷口,0,0,1,1,C03,7,6,5,50,3,2,1,5,4,5,13,4,4,1,4,5,2,13,1,56,2,9,5,1,7,12,1,10,1,11,16,1,21,121.5413888,25.0383596
114,09,01,07,20,2,02萬華區,萬華區康定路與內江街口,0,0,1,1,B03,7,7,5,50,4,1,1,5,4,5,13,1,1,9,4,5,2,16,2,44,3,10,7,1,7,5,1,4,1,5,44,1,21,121.502342,25.041697
114,09,01,08,05,2,12內湖區,內湖區民權東路6段286號前,0,0,1,1,B03,8,5,5,50,14,9,1,5,4,5,13,4,4,1,4,5,2,17,1,46,3,10,7,1,7,8,3,18,9,4,100,1,21,121.6051128,25.0723679
114,09,01,08,14,2,05中正區,中正區重慶南路1段與武昌街1段口,0,0,2,1,C03,7,5,5,50,3,2,1,5,4,5,13,1,1,9,4,5,2,17,1,30,2,8,5,1,7,7,3,18,2,11,100,1,21,121.513272,25.0441809
114,09,01,08,30,2,05中正區,中正區公園路與青島西路口,0,0,1,1,B03,8,6,5,50,4,2,1,5,4,3,13,2,1,5,4,5,2,17,1,61,3,10,7,1,7,14,1,8,1,4,40,1,22,121.5171366,25.04501389
114,09,01,08,39,2,02萬華區,萬華區貴陽街2段與貴陽街2段115巷口,0,0,2,1,C03,7,7,5,50,4,2,1,5,4,5,13,4,4,10,3,5,2,13,2,29,2,8,5,1,7,9,1,10,1,11,108,1,21,121.5030559,25.0399333
114,09,01,09,00,2,02萬華區,萬華區莒光路與莒光路153巷口,0,0,1,1,C03,8,5,5,50,4,1,1,5,4,5,13,4,4,1,4,5,2,17,1,50,3,10,5,4,7,12,1,10,1,13,44,1,21,121.5028681,25.0312034
114,09,01,09,11,2,01大同區,大同區承德路3段122巷與承德路3段108巷28弄口,0,0,2,1,C03,8,5,5,30,4,1,1,5,4,5,13,4,4,5,4,5,2,15,1,31,2,9,5,1,7,1,1,10,1,11,19,1,21,121.5174911,25.0672828
114,09,01,09,18,2,05中正區,中正區金山北路與八德路1段口,0,0,1,1,C03,7,5,5,50,4,2,1,5,4,5,13,1,1,9,4,5,2,17,2,44,2,8,5,1,7,4,1,10,1,12,108,1,21,121.529892,25.0437521
114,09,01,09,27,2,03中山區,中山區民權東路2段134號,0,0,1,1,C03,7,5,5,50,14,9,1,5,4,4,13,1,1,8,4,4,2,17,1,30,2,1,6,4,7,7,1,10,2,11,100,1,21,121.5339273,25.06240491
114,09,01,09,43,2,09北投區,北投區實踐街與實踐街48巷口,0,0,1,1,B03,8,7,5,50,3,2,1,5,4,5,13,4,4,9,5,5,2,12,1,65,3,10,7,1,7,4,1,8,9,2,17,2,21,121.5090918,25.1152314
114,09,01,09,54,2,04大安區,大安區新生南路3段與新生南路3段25巷口,0,0,1,1,B13,7,6,5,50,3,1,1,5,4,5,13,4,4,1,4,5,2,16,1,41,3,10,7,1,7,6,1,4,1,2,9,1,21,121.5347935,25.0244716
114,09,01,10,08,2,07信義區,信義區吳興街156巷與吳興街156巷2弄口,0,0,1,1,C03,7,6,5,30,4,1,1,5,4,5,13,4,4,5,2,5,2,3,1,52,3,10,6,1,7,9,1,10,1,11,108,1,21,121.5614838,25.0290552
114,09,01,10,30,2,09北投區,北投區行義路與行義路31巷口,0,0,1,1,F01,7,7,5,50,4,1,1,5,4,5,13,2,1,10,5,5,2,3,1,54,3,10,3,1,7,9,8,20,1,11,70,1,21,121.5269226,25.1252845
114,09,01,11,24,2,10文山區,文山區木柵路1段59巷與木柵路1段59巷11弄口,0,0,2,1,C03,7,6,5,30,3,2,1,5,4,5,13,4,4,9,5,5,2,17,1,42,2,8,6,1,7,6,1,10,1,14,80,1,21,121.5464113,24.9877676
114,09,01,12,20,2,02萬華區,萬華區康定路與康定路372巷口,0,0,2,1,C03,7,6,5,50,4,1,1,5,4,5,13,2,1,2,4,5,2,17,2,49,2,9,6,1,7,5,1,10,1,12,71,1,21,121.5009745,25.0341024
114,09,01,12,22,2,03中山區,中山區民生東路1段96號,0,0,1,1,B03,7,6,5,50,14,9,1,5,4,5,13,4,4,10,5,4,2,10,1,26,3,10,7,1,7,9,1,8,1,1,4,1,21,121.5272513,25.0577849
114,09,01,12,32,2,12內湖區,內湖區康寧路3段與東湖路口,0,0,1,1,C03,8,7,5,50,3,2,1,5,4,5,13,1,1,5,5,5,2,17,1,60,2,9,5,1,7,15,6,18,1,11,44,1,21,121.6123803,25.068897
114,09,01,12,38,2,12內湖區,內湖區南湖大橋與康寧路3段口,0,0,1,1,C03,7,7,5,50,4,1,1,5,4,5,13,2,1,1,2,5,1,13,2,26,2,8,5,1,7,9,1,10,1,11,16,1,21,121.6110256,25.0649295
114,09,01,13,47,2,07信義區,信義區大道路28巷與大道路口,0,0,2,1,C03,7,6,5,30,4,1,1,4,4,5,13,4,4,9,4,5,2,15,1,71,2,9,5,1,7,9,6,10,1,12,72,1,21,121.5819301,25.0419409
114,09,01,14,37,2,07信義區,信義區忠孝東路5段69號,0,0,1,1,B03,8,6,5,50,14,9,1,5,4,5,13,4,4,3,3,5,2,17,1,48,3,10,7,1,7,6,1,8,1,2,9,1,21,121.5672782,25.0411798
114,09,01,14,45,2,04大安區,大安區延吉街與光復南路346巷口,0,0,1,1,B01,7,6,5,50,4,1,1,5,4,5,13,4,4,8,3,5,1,3,1,61,3,10,7,1,7,5,1,4,1,4,108,1,21,121.5552425,25.038516
114,09,01,15,19,2,01大同區,大同區歸綏街97巷18號,0,0,1,1,C03,7,6,5,30,14,9,1,4,4,5,13,4,4,10,5,5,2,17,2,65,3,10,6,1,7,1,1,10,1,17,19,1,21,121.5158952,25.0593613