發生年度,發生月,發生日,發生時-Hours,發生分,處理別-編號,區序,肇事地點,死亡人數,2-30日死亡人數,受傷人數,當事人序號,車種,天候,光線,道路類別,速限-速度限制,道路型態,事故位置,路面狀況1,路面狀況2,路面狀況3,道路障礙1,道路障礙2,號誌1,號誌2,車道劃分-分向,車道劃分-分道1,車道劃分-分道2,車道劃分-分道3,事故類型及型態,性別,年齡,受傷程度,主要傷處,保護裝置,行動電話,車輛用途,當事者行動狀態,駕駛資格情形,駕駛執照種類,飲酒情形,車輛撞擊部位1,肇因碼-個別,個人肇逃否,職業,座標-X,座標-Y
114,09,01,15,37,2,08士林區,士林區中山北路6段與德行東路口,0,0,1,1,B03,8,5,5,50,4,2,1,5,4,5,13,1,1,10,4,5,1,17,1,52,3,10,7,1,7,6,1,8,2,5,9,1,21,121.5250183,25.1066227
114,09,01,16,03,2,04大安區,大安區復興南路1段200號,0,0,1,1,F01,7,6,5,0,14,20,4,5,4,5,13,4,4,10,5,5,2,9,1,55,3,10,4,1,7,9,8,20,1,15,88,1,22,121.5435741,25.0396235
114,09,01,16,04,2,04大安區,大安區愛國東路246號附近,0,0,1,1,B03,7,6,5,40,14,8,1,5,4,5,13,2,1,1,4,4,2,17,2,60,3,10,7,1,7,15,1,8,1,4,40,1,21,121.5250412,25.0318727
114,09,01,16,20,2,01大同區,大同區延平北路2段272巷與安西街口,0,0,1,1,C03,8,6,5,30,4,1,1,5,4,5,13,4,4,8,4,5,2,15,1,51,2,8,6,1,7,9,1,10,1,12,72,1,21,121.5097481,25.0620788
114,09,01,16,41,2,09北投區,北投區大業路491號,0,0,1,1,F01,8,6,5,50,14,7,1,5,4,5,13,4,4,1,4,4,2,18,1,17,2,9,6,1,7,9,8,20,1,17,42,1,21,121.495565,25.1331598
114,09,01,17,33,2,07信義區,信義區忠孝東路5段453號,0,0,1,1,A02,8,6,5,50,14,9,1,5,4,5,13,4,4,3,3,5,2,17,1,43,3,10,7,1,7,9,1,6,1,2,44,1,21,121.5767545,25.0408852
114,09,01,17,50,2,04大安區,大安區信義路3段與仁愛路3段24巷口,0,0,1,1,B03,7,6,5,50,3,1,1,5,4,5,13,1,1,10,5,5,2,16,1,42,3,10,7,1,7,5,1,8,1,4,8,1,21,121.5359135,25.0336693
114,09,01,17,53,2,11南港區,南港區興華路與南港路2段口,0,0,1,1,C03,7,5,5,50,4,2,1,5,4,5,13,1,1,5,4,4,2,16,1,52,2,8,6,1,7,8,1,10,2,13,100,1,21,121.6059742,25.0542626
114,09,01,18,05,2,05中正區,中正區中華路1段與忠孝西路1段口,0,0,1,1,C03,8,5,5,50,4,1,1,5,4,5,13,2,1,1,4,5,2,13,1,29,2,8,5,1,7,9,1,10,1,11,16,1,21,121.5100805,25.0477015
114,09,01,18,26,2,04大安區,大安區基隆路2段與敦化南路2段口口,0,0,1,1,C03,8,5,5,50,5,1,1,5,4,5,13,2,1,1,4,5,2,13,1,39,2,8,5,1,7,9,1,10,1,11,108,1,21,121.5488529,25.0211986
114,09,01,18,44,2,04大安區,大安區和平東路2段98號,0,0,2,1,C03,7,5,5,50,14,9,1,5,4,5,13,4,4,1,4,5,2,12,2,32,3,10,5,1,7,8,1,10,1,17,100,1,21,121.5414114,25.02510838
114,09,01,19,25,2,04大安區,大安區基隆路2段與樂業街口,0,0,2,1,C03,7,5,5,50,14,9,1,5,4,5,13,2,1,3,2,5,2,13,1,25,2,9,5,1,7,9,1,10,1,11,16,1,21,121.5503239,25.02247719
114,09,01,19,44,2,06松山區,松山區八德路3段32號,0,0,3,1,C03,8,5,5,50,14,9,1,5,4,5,13,4,4,5,4,5,2,11,2,18,2,7,6,1,7,15,1,10,1,12,100,1,22,121.5520816,25.0481363
114,09,01,19,56,2,04大安區,大安區信義路4段199巷與安和路1段112巷口,0,0,1,1,C03,8,5,5,30,4,1,1,5,4,5,13,4,4,9,5,5,1,15,1,57,2,9,5,4,7,9,3,18,1,12,72,1,21,121.5516554,25.033905
114,09,01,21,13,2,12內湖區,內湖區康樂街136巷與康樂街136巷30弄口,0,0,1,1,B03,8,5,5,30,3,1,1,5,4,5,13,4,4,10,5,5,2,17,2,47,3,10,7,1,7,6,1,8,9,17,72,2,21,121.617814,25.0721755
114,09,01,21,14,2,05中正區,中正區汀州路2段123號,0,0,2,1,C03,8,5,5,50,14,9,1,5,4,5,13,4,4,9,5,5,2,17,1,28,2,9,5,1,7,5,1,9,2,14,8,1,22,121.5193779,25.0249961
114,09,01,22,15,2,08士林區,士林區德行西路與福華路口,0,0,1,1,C03,8,5,5,50,4,1,1,5,4,5,13,2,1,1,4,5,2,17,2,22,2,8,3,4,7,5,1,10,1,14,8,1,22,121.522364,25.104837
114,09,02,01,25,2,05中正區,中正區中山南路與愛國西路口,0,0,1,1,C03,8,5,5,50,4,1,1,5,4,5,13,1,1,10,5,5,2,12,1,19,3,10,5,1,7,9,1,10,2,12,17,1,26,121.5164678,25.0348947
114,09,02,06,28,2,07信義區,信義區基隆路2段105號,0,0,1,1,F03,8,6,5,50,14,9,1,5,4,5,13,4,4,2,4,5,2,17,1,57,2,9,6,4,7,10,8,20,2,11,100,1,21,121.5576117,25.0296026
114,09,02,06,35,2,02萬華區,萬華區西園路2段與寶興街口,0,0,1,1,B03,8,6,8,50,5,1,1,5,4,5,13,1,1,10,4,4,2,17,1,24,3,10,7,1,7,5,1,8,9,5,71,1,21,121.4936141,25.0268628
114,09,02,07,12,2,02萬華區,萬華區青年路與國興路口,0,0,1,1,B03,8,5,5,30,4,2,1,5,4,5,13,1,1,5,5,5,2,17,1,53,3,10,7,4,7,15,1,8,1,8,100,1,21,121.5064122,25.02603648
114,09,02,07,30,2,05中正區,中正區汀州路3段與思源街口口,0,0,1,1,B03,8,6,5,50,4,1,1,5,4,5,13,1,1,1,4,5,1,17,1,62,4,11,3,4,7,15,7,19,11,15,17,1,22,121.5324609,25.0146917
114,09,02,07,30,2,12內湖區,內湖區康寧路3段165巷與康寧路3段189巷口,0,0,1,1,C03,8,5,5,30,3,1,1,5,4,5,13,4,4,10,5,5,1,16,2,46,2,9,5,1,7,5,1,10,1,12,72,1,21,121.6126612,25.071861
114,09,02,07,48,2,10文山區,文山區木柵路2段56號,0,0,1,1,C03,8,7,5,50,14,9,1,5,4,5,13,1,1,5,4,5,2,17,1,42,3,10,5,1,7,9,1,10,1,14,108,1,21,121.5591774,24.9886918
114,09,02,08,00,2,02萬華區,萬華區環河南路1段與成都路口,0,0,1,1,C02,7,7,5,40,3,1,1,5,4,5,13,4,4,9,4,5,2,12,1,32,3,10,5,1,7,9,1,9,1,12,108,1,21,121.5012892,25.0446492
114,09,02,08,14,2,03中山區,中山區民族東路與林森北路口,0,0,1,1,C03,8,6,5,50,3,2,1,5,4,5,13,2,1,1,4,5,2,13,2,20,2,8,5,1,7,9,1,10,1,11,42,1,21,121.5258684,25.0682578
114,09,02,08,18,2,04大安區,大安區市民大道3段與安東街口口,0,0,1,1,C03,7,6,5,40,3,4,1,5,4,5,13,2,1,1,4,5,2,12,1,37,3,10,5,1,7,9,1,10,1,14,17,1,22,121.5419186,25.044521
114,09,02,08,20,2,04大安區,大安區敦化南路1段277號,0,0,1,1,A02,7,6,5,50,14,9,1,5,4,5,13,4,4,1,3,5,2,9,1,66,3,10,7,1,7,15,1,1,1,17,118,1,21,121.5491156,25.0361162
114,09,02,08,28,2,03中山區,中山區北安路與北安路770巷口,0,0,1,1,C03,8,6,5,30,14,9,1,5,4,5,13,4,4,1,4,5,2,13,1,49,2,9,6,1,7,8,1,10,1,14,108,1,21,121.5532054,25.0854932
114,09,02,08,30,2,05中正區,中正區仁愛路1段台大會議中心停車場出入口,0,0,1,1,B01,8,7,8,50,22,22,1,5,4,5,13,4,4,1,3,1,2,17,1,49,3,10,7,1,7,15,1,4,2,8,44,1,21,121.5212373,25.0389459
114,09,02,08,53,2,08士林區,士林區天玉街27巷與天母北路87巷9弄口,0,0,1,1,B01,7,7,5,30,4,1,1,5,4,5,13,4,4,10,5,5,1,17,1,49,3,10,7,1,7,9,1,4,1,1,72,1,21,121.5277163,25.12224233
114,09,02,08,59,2,07信義區,信義區虎林街242巷與松德路133巷口口,0,0,1,1,C03,8,6,5,30,4,1,1,5,4,5,13,4,4,9,5,5,2,15,2,65,3,10,6,1,7,9,1,10,1,17,72,1,22,121.5764996,25.0356748
114,09,02,09,02,2,04大安區,大安區復興南路2段與復興南路2段337巷口,0,0,1,1,B03,7,6,5,30,3,2,1,5,4,5,13,4,4,10,5,5,2,15,2,64,3,10,7,1,7,9,1,8,1,1,72,1,21,121.5435258,25.0235973
114,09,02,09,05,2,05中正區,中正區汀州路3段與羅斯福路3段316巷口,0,0,1,1,B03,8,6,5,50,4,1,1,5,4,5,13,1,1,5,2,5,2,17,1,21,3,10,7,1,7,9,1,8,1,1,44,1,21,121.5319328,25.01530502
114,09,02,09,23,2,09北投區,北投區育仁路與大同街口,0,0,1,1,C03,8,7,5,30,5,2,1,5,4,5,13,3,1,10,5,5,2,16,2,60,2,8,5,1,7,11,1,10,1,11,80,1,22,121.4983511,25.1337678
114,09,02,09,52,2,04大安區,大安區仁愛路3段與建國南路1段口口,0,0,1,1,C03,7,6,5,50,4,2,1,5,4,5,13,2,1,1,4,5,2,12,1,47,3,10,5,1,7,9,1,10,1,12,17,1,22,121.5380819,25.0376546
114,09,02,10,05,2,05中正區,中正區市民大道1段與承德路1段口,0,0,1,1,B12,8,7,5,50,4,1,1,5,4,5,13,1,1,4,4,5,2,17,1,66,3,10,7,1,7,6,1,8,1,2,9,1,21,121.5164248,25.0486694
114,09,02,10,08,2,02萬華區,萬華區西園路2段與西園路2段11巷口,0,0,2,1,C03,8,5,5,50,4,1,1,5,4,5,13,1,1,1,4,5,2,17,2,37,2,9,5,4,7,6,1,10,1,12,9,1,21,121.4974824,25.03201624
114,09,02,10,11,1,12內湖區,內湖區南京東路6段與南京東路6段368巷口,1,0,1,1,C03,8,5,5,50,3,1,1,5,4,5,13,2,1,1,4,5,1,16,2,61,1,9,6,1,7,5,1,10,9,14,8,1,21,121.5861869,25.0597991
114,09,02,10,40,2,03中山區,中山區濱江街251號,0,0,1,1,B02,8,6,5,50,14,9,1,5,4,5,13,4,4,1,4,5,2,16,1,22,3,10,7,1,7,6,1,8,2,2,9,1,21,121.5414757,25.0725619
114,09,02,10,52,2,12內湖區,內湖區環山路2段與環山路2段25巷口,0,0,1,1,B11,8,6,5,50,3,2,1,5,4,5,13,4,4,5,4,5,2,17,1,31,3,10,7,1,7,11,1,8,2,4,10,1,21,121.5715175,25.08616935
114,09,02,11,04,2,06松山區,松山區敦化南路1段與市民大道4段口口,0,0,3,1,C03,8,7,5,40,4,2,1,5,4,5,13,2,1,1,4,5,2,13,1,21,2,9,6,1,7,9,1,10,2,11,16,1,21,121.5492711,25.0449099
114,09,02,11,08,2,07信義區,信義區嘉興街235號,0,0,1,1,B03,8,6,5,30,14,9,1,5,4,5,13,4,4,9,5,5,2,2,1,81,4,11,3,4,7,9,7,19,9,2,108,2,22,121.555843,25.0252838
114,09,02,11,47,2,11南港區,南港區忠孝東路6段與永吉路口,0,0,1,1,B03,8,6,5,50,5,1,1,5,4,5,13,2,1,1,3,5,2,17,1,47,3,10,3,4,7,6,1,8,1,17,9,1,21,121.5825717,25.045289
114,09,02,11,51,2,02萬華區,萬華區中興橋往台北，3645燈桿旁,0,0,1,1,C03,8,7,7,30,14,11,1,5,4,5,13,4,4,10,5,5,2,13,1,29,3,10,3,4,7,9,1,10,1,13,118,1,22,121.5004882,25.0432752
114,09,02,12,05,2,04大安區,大安區忠孝東路4段與仁愛路4段27巷口,0,0,1,1,B03,8,6,5,50,3,2,1,5,4,5,13,4,4,1,4,5,1,17,1,113,4,11,3,4,7,9,7,19,11,17,44,2,22,121.5455296,25.0415302
114,09,02,12,31,2,01大同區,大同區承德路1段與華陰街口口,0,0,1,1,B03,7,6,5,50,4,2,1,4,4,5,13,2,1,1,5,5,1,13,1,74,3,10,7,1,7,10,1,8,2,6,100,1,21,121.5167981,25.0502277
114,09,02,12,46,2,04大安區,大安區辛亥路2段與新生南路3段口,0,0,1,1,B03,7,5,5,50,4,1,1,5,4,5,13,2,1,1,4,5,2,16,2,48,3,10,7,1,7,6,1,8,1,5,9,1,21,121.5346539,25.0222614
114,09,02,13,04,2,03中山區,中山區中山北路3段2號,0,0,1,1,B01,6,7,5,50,14,9,1,4,4,5,13,4,4,1,4,5,2,17,1,60,3,10,7,1,7,8,1,4,1,17,100,1,21,121.5221827,25.0641891
114,09,02,13,25,2,10文山區,文山區忠順街1段與忠順街1段41巷口,0,0,1,1,B12,7,6,5,30,3,2,1,5,4,5,12,4,4,10,5,5,2,17,1,37,3,10,7,1,7,6,1,8,1,1,14,1,21,121.5586562,24.9840736
114,09,02,13,35,2,02萬華區,萬華區西昌街170號,0,0,1,1,,6,7,5,50,14,9,1,4,4,5,13,4,4,9,5,5,2,2,4,0,,,,,,9,,,11,1,119,2,,121.5005585,25.0381767
114,09,02,13,39,2,03中山區,中山區中山北路2段與民生西路口,0,0,1,1,B12,6,6,5,50,14,9,1,4,4,5,13,1,1,1,3,1,2,13,1,39,3,10,7,1,7,9,1,8,2,1,16,1,21,121.5227647,25.0582439
114,09,02,13,55,2,04大安區,大安區光復南路290巷與無名巷口廢鐵道,0,0,1,1,C03,6,6,5,20,4,1,1,4,4,5,13,4,4,9,5,5,1,16,1,39,3,10,5,4,7,5,1,10,1,17,74,1,21,121.5567439,25.0393701
114,09,02,14,00,2,04大安區,大安區基隆路3段155巷57號,0,0,1,1,C03,6,6,6,30,14,9,1,4,4,5,13,4,4,9,4,5,1,16,1,27,3,10,3,4,7,5,1,10,1,15,8,1,21,121.5434004,25.0146792
114,09,02,14,03,2,06松山區,松山區市民大道4段291號,0,0,2,1,C03,7,7,5,40,14,9,1,4,4,1,13,4,4,1,4,5,2,13,1,27,2,9,6,1,7,9,1,10,1,11,16,1,21,121.5563814,25.0449322
114,09,02,14,30,2,03中山區,中山區民生東路1段與民生東路1段27巷口,0,0,1,1,B03,8,6,5,50,3,1,1,5,4,5,13,4,4,5,4,5,2,16,1,35,3,10,7,1,7,6,1,8,1,17,9,1,21,121.5250473,25.0581415
114,09,02,14,34,2,12內湖區,內湖區安康路324巷與安康路328巷口,0,0,1,1,C03,7,6,5,50,3,1,1,5,4,5,13,4,4,9,4,5,2,13,1,71,2,9,5,1,7,9,1,10,1,11,16,1,21,121.6099412,25.0634996
114,09,02,14,43,2,06松山區,松山區民權東路3段104號,0,0,2,1,C03,8,5,5,50,14,9,1,5,4,5,13,4,4,1,3,5,2,13,2,66,2,8,5,4,7,9,3,18,2,11,16,1,22,121.5447437,25.0620175
114,09,02,15,12,2,04大安區,大安區羅斯福路3段與新生南路3段口,0,0,1,1,C03,7,5,5,50,14,9,1,5,4,5,13,2,1,1,4,5,2,13,1,18,2,9,6,1,7,9,1,10,2,11,116,1,21,121.5331151,25.0160461
114,09,02,16,40,2,03中山區,中山區崇實路國防部2號門前,0,0,1,1,B03,8,6,5,40,14,9,1,5,4,5,13,4,4,1,4,5,2,17,1,50,3,10,7,1,7,6,1,8,2,2,9,1,21,121.544734,25.08135871
114,09,02,17,00,2,11南港區,南港區市民大道8段與南港路1段137巷口,0,0,1,1,C03,8,6,5,30,3,1,1,5,4,5,13,4,4,10,4,5,2,17,2,68,2,9,3,4,7,6,1,10,1,12,9,1,21,121.613835,25.0543275
114,09,02,17,30,2,10文山區,文山區秀明路2段72號,0,0,1,1,H01,8,6,5,50,14,9,1,5,4,5,13,4,4,9,5,5,2,3,1,94,3,10,4,5,8,16,8,20,10,16,121,1,21,121.5756574,24.9918693
114,09,02,17,37,2,05中正區,中正區新生南路1段148號,0,0,1,1,B01,7,6,5,50,14,9,1,4,4,5,13,4,4,3,2,5,2,12,1,58,3,10,7,1,7,8,1,4,1,2,87,1,22,121.5325835,25.03525326
114,09,02,18,08,2,06松山區,松山區松河街22號,0,0,1,1,C03,7,5,5,40,14,9,1,5,4,5,13,4,4,9,5,5,2,13,1,20,3,10,5,1,7,9,1,10,1,11,16,1,21,121.5727589,25.05080345
114,09,02,18,19,2,10文山區,文山區木柵路4段與木柵路4段33巷口,0,0,2,1,C03,7,5,5,50,3,1,1,5,4,5,13,1,1,10,5,5,2,16,1,22,2,9,6,1,7,5,1,10,1,12,8,1,21,121.5715332,24.9940648
114,09,02,18,20,2,01大同區,大同區鄭州路與塔城街口,0,0,3,1,C03,6,5,5,40,4,1,1,4,4,5,13,2,1,1,4,5,2,17,2,46,2,9,5,4,7,9,1,10,1,14,44,1,21,121.5100967,25.0504759
114,09,02,18,28,2,09北投區,北投區明德路與文林北路口,0,0,1,1,B03,6,5,5,50,4,1,1,4,4,5,13,2,1,4,1,5,2,17,1,57,3,10,7,1,7,5,1,8,1,8,71,1,21,121.5167063,25.1061774
114,09,02,18,31,2,03中山區,中山區松江路115號,0,0,3,1,C03,6,5,5,50,14,9,1,4,4,5,13,4,4,1,4,5,2,16,1,18,2,8,6,1,7,7,1,10,1,13,100,1,21,121.5330885,25.0515982
114,09,02,18,35,2,03中山區,中山區民族東路410巷與龍江路318巷口,0,0,1,1,B03,6,5,5,30,3,1,1,4,4,5,13,4,4,9,5,5,2,14,1,26,3,10,3,4,7,2,1,8,1,7,12,1,21,121.5381261,25.06475022
114,09,02,18,54,2,01大同區,大同區民生西路與太原路口,0,0,1,1,C03,8,5,5,50,3,1,1,5,4,5,13,2,1,5,4,5,2,17,1,51,3,10,5,1,7,5,1,10,1,17,74,1,21,121.516927,25.0571241
114,09,02,19,06,2,09北投區,北投區石牌路2段與天母西路口,0,0,1,1,C03,6,5,5,50,3,2,1,4,4,5,13,3,1,9,4,5,1,12,1,62,2,8,6,1,7,8,1,10,1,14,100,1,21,121.5218481,25.1191848
114,09,02,19,15,2,10文山區,文山區政大一街與政大三街口,0,0,1,1,B03,8,5,5,30,3,1,1,5,4,5,13,4,4,10,5,5,1,17,1,64,3,10,7,1,7,5,1,8,1,1,74,1,21,121.5821475,24.9853945
114,09,02,19,29,2,06松山區,松山區新東街29號,0,0,1,1,B03,7,5,5,50,14,9,1,4,4,5,13,4,4,5,5,5,2,17,2,43,3,10,3,4,7,4,1,8,2,17,94,1,21,121.5659441,25.0589152
114,09,02,20,26,2,05中正區,中正區林森南路與忠孝東路1段口,0,0,1,1,B01,7,5,5,50,4,1,1,4,4,5,13,2,1,5,4,5,2,13,1,61,3,10,7,1,7,9,1,4,2,1,108,1,26,121.523389,25.0447504
114,09,02,21,11,2,01大同區,大同區鄭州路往西(中興醫院旁),0,0,2,1,C03,7,5,5,40,14,9,1,4,4,5,13,4,4,1,4,5,2,17,2,18,2,9,6,4,7,10,1,10,2,13,100,1,21,121.5095036,25.050448
114,09,02,21,45,2,04大安區,大安區復興南路2段與復興南路2段78巷口口,0,0,1,1,B03,7,5,5,50,4,2,1,5,4,5,13,2,1,1,4,5,1,17,1,55,3,10,7,1,7,9,1,8,1,5,16,1,21,121.543677,25.0308684
114,09,02,21,47,2,04大安區,大安區仁愛路4段與安和路1段口,0,0,1,1,B01,7,5,5,50,4,1,1,4,4,5,13,2,1,1,2,1,2,16,1,63,3,10,7,1,7,5,1,4,1,4,71,1,21,121.5510448,25.03803969
114,09,02,22,23,2,01大同區,大同區民族西路223-9號,0,0,1,1,B03,7,5,5,50,14,9,1,5,4,5,13,4,4,5,4,5,2,17,1,32,3,10,2,4,7,13,1,8,2,7,38,1,21,121.5124727,25.0687111
114,09,02,22,48,2,03中山區,中山區市民大道2段與林森北路口,0,0,1,1,C03,7,5,5,40,4,1,1,5,4,5,13,1,1,1,4,5,2,17,1,53,3,10,6,1,7,8,1,10,1,13,100,1,21,121.5242259,25.04791045
114,09,03,00,26,1,03中山區,中山區南京東路1段與中山北路1段口,1,0,1,1,H01,7,5,5,50,4,18,1,5,4,5,13,1,1,1,4,5,2,3,1,67,1,3,4,5,8,16,8,20,10,16,122,1,21,121.5227156,25.0525104
114,09,03,01,40,2,02萬華區,萬華區環河南路2段245號停車場出入口,0,0,1,1,C03,8,5,5,50,3,2,1,5,4,5,13,1,1,1,4,5,2,17,2,22,2,9,6,1,7,9,1,10,1,14,42,1,21,121.4892958,25.0282455
114,09,03,07,16,2,12內湖區,內湖區康樂街與東湖路口,0,0,1,1,C03,8,6,5,50,4,2,1,5,4,5,13,2,1,5,4,5,2,17,2,74,2,9,6,1,7,5,1,11,2,13,8,1,21,121.6173286,25.06814711
114,09,03,07,28,2,09北投區,北投區行義路42-1號,0,0,1,1,B03,8,7,8,40,14,9,1,5,4,5,13,4,4,9,5,5,2,12,2,50,3,10,3,4,7,4,1,8,1,5,108,1,21,121.5274464,25.1256458
114,09,03,07,30,2,05中正區,中正區愛國西路與南昌路1段口,0,0,1,1,C03,8,7,5,50,4,2,1,5,4,5,13,1,2,1,4,1,2,12,1,70,2,9,6,1,7,8,1,10,1,14,100,1,22,121.5144904,25.0348404
114,09,03,07,38,2,12內湖區,內湖區環山路1段59巷30弄9號,0,0,2,1,B03,8,7,5,30,14,9,1,5,4,5,13,4,4,10,5,5,2,17,1,74,3,10,3,4,7,14,1,8,9,2,40,1,21,121.5672881,25.0852548
114,09,03,08,20,2,12內湖區,內湖區潭美街與堤頂大道1段口,0,0,1,1,B03,8,5,5,50,4,1,1,5,4,5,13,1,1,1,4,5,1,16,1,71,3,10,7,1,7,6,1,8,1,2,9,1,21,121.5735988,25.0563562
114,09,03,08,20,2,12內湖區,內湖區民權大橋與行愛路附近口,0,0,1,1,C03,8,6,5,50,14,11,1,5,4,5,13,4,4,1,2,5,2,12,1,49,3,10,5,1,7,8,1,10,1,12,13,1,21,121.5781369,25.0665275
114,09,03,08,23,2,03中山區,中山區建國北路2段21號,0,0,1,1,C03,8,7,5,50,14,9,1,5,4,5,13,4,4,1,4,5,2,13,1,38,2,9,6,1,7,9,1,10,1,11,108,1,21,121.5370879,25.0543012
114,09,03,08,24,2,04大安區,大安區羅斯福路2段與和平東路1段口,0,0,1,1,C03,8,6,5,50,4,1,1,5,4,5,13,1,1,1,3,5,2,13,2,27,2,9,6,1,7,9,1,10,1,11,108,1,21,121.5227897,25.0267346
114,09,03,08,40,2,11南港區,南港區市民大道7段與玉成街59巷口,0,0,2,1,C03,8,6,5,50,3,1,1,5,4,5,13,4,4,1,4,5,2,16,2,68,2,8,5,4,7,6,1,10,1,15,9,1,22,121.5820568,25.0495423
114,09,03,08,44,2,07信義區,信義區信義路6段15巷與信義路6段15巷12弄口,0,0,2,1,B03,8,6,5,30,4,1,1,5,4,5,13,4,4,10,5,5,2,17,2,67,3,10,3,4,7,9,1,8,1,5,72,1,22,121.5751345,25.0349226
114,09,03,08,46,2,02萬華區,萬華區華中橋機車道北往南方向(華中047牌面前),0,0,1,1,C03,8,6,7,50,8,11,1,5,4,5,13,4,4,9,4,3,1,13,1,28,2,8,5,1,7,12,1,10,1,11,16,1,21,121.4954289,25.0146857
114,09,03,08,50,2,02萬華區,萬華區華中橋機車道往中和方向(華中047牌面),0,0,1,1,C03,8,6,5,40,8,8,1,5,4,5,13,4,4,9,4,4,2,12,2,36,2,8,3,4,7,9,1,10,1,14,16,1,22,121.493515,25.03807068
114,09,03,08,51,2,02萬華區,萬華區水源路209號,0,0,1,1,C03,8,6,5,40,14,9,1,5,4,5,13,4,4,9,5,5,2,17,1,64,3,10,6,1,7,8,1,10,2,17,100,1,21,121.5020923,25.0189692
114,09,03,09,00,2,12內湖區,內湖區南京東路6段與舊宗路1段口,0,0,1,1,C03,8,6,5,50,4,1,1,5,4,5,13,2,1,1,4,1,2,17,1,32,2,9,6,1,7,9,1,10,1,11,108,1,21,121.5813706,25.057282
114,09,03,09,02,2,07信義區,信義區忠孝東路5段與松山路口口,0,0,2,1,H01,8,6,5,0,4,2,1,5,4,5,13,2,1,1,4,5,2,3,2,70,2,1,4,5,8,16,8,20,1,16,121,1,22,121.5779122,25.0406043
114,09,03,09,10,2,04大安區,大安區潮州街29號,0,0,2,1,C03,8,6,5,50,14,9,1,5,4,5,13,4,4,10,5,5,2,17,1,28,2,7,3,4,7,1,1,10,1,11,19,1,21,121.5233939,25.0293812
114,09,03,09,13,2,04大安區,大安區羅斯福路2段與和平東路1段口,0,0,1,1,C03,8,6,5,50,4,1,1,5,4,5,13,1,1,1,3,5,2,17,1,36,3,10,6,1,7,6,1,10,1,14,99,1,21,121.5226796,25.0269343
114,09,03,09,14,2,06松山區,松山區復興北路311號,0,0,1,1,B01,8,6,5,50,14,9,1,5,4,5,13,4,4,8,4,4,1,16,1,57,3,10,3,1,7,14,1,4,1,4,38,1,21,121.5442898,25.0587773
114,09,03,09,51,2,01大同區,大同區延平北路3段與延平北路3段83巷口口,0,0,1,1,F01,8,6,5,50,4,2,1,5,4,5,13,2,1,5,5,5,2,17,1,64,2,9,4,1,7,1,8,20,1,11,19,1,21,121.5110656,25.0672012
114,09,03,10,02,2,05中正區,中正區中華路2段39巷與中華路2段口,0,0,2,1,C03,8,6,5,50,3,1,1,5,4,5,13,4,4,1,4,5,2,17,1,84,2,9,6,1,7,7,1,10,1,12,100,2,21,121.5063471,25.0351672
114,09,03,10,12,2,12內湖區,內湖區金莊路與石潭路口,0,0,1,1,B01,8,5,5,50,4,1,1,5,4,5,13,2,1,5,4,5,1,16,1,62,3,10,7,1,7,5,1,4,1,6,8,1,21,121.5876996,25.0627399
114,09,03,10,20,2,03中山區,中山區建國高架道北往南農安出口前,0,0,1,1,B03,8,7,5,70,10,7,1,5,4,5,13,4,4,3,3,5,2,13,1,31,3,10,7,1,7,9,1,8,1,1,16,1,21,121.5367447,25.06385021
114,09,03,10,24,2,11南港區,南港區忠孝東路7段與忠孝東路7段415巷口,0,0,2,1,B03,8,6,5,50,4,2,1,5,4,5,13,1,1,5,4,5,2,17,2,40,3,10,7,1,7,5,1,8,1,1,44,1,21,121.6090817,25.0522913
114,09,03,10,36,2,05中正區,中正區中山南路與徐州路口,0,0,1,1,C03,8,5,5,50,14,9,1,5,4,5,13,4,4,9,4,5,2,17,1,29,2,9,5,1,7,7,1,10,2,14,100,1,21,121.5185455,25.0424387
114,09,03,11,43,2,02萬華區,萬華區康定路與桂林路口,0,0,1,1,B03,8,6,5,50,4,1,1,5,4,5,13,2,1,10,5,5,2,17,1,77,3,10,7,1,7,5,1,8,1,2,71,1,21,121.5017289,25.0383756
114,09,03,11,45,2,06松山區,松山區慶城街28號,0,0,1,1,B03,8,6,5,30,14,9,1,5,4,5,13,4,4,5,5,5,2,17,1,28,3,10,7,1,7,5,1,4,2,4,8,1,21,121.5458441,25.0540553
114,09,03,12,05,2,02萬華區,萬華區長泰街282巷與寶興街222巷口,0,0,1,1,C03,8,6,5,30,4,1,1,5,4,5,13,4,4,10,5,5,2,17,2,18,2,9,3,4,7,5,1,10,1,11,42,1,22,121.493651,25.0219332
114,09,03,12,13,2,02萬華區,萬華區光復橋往台北,0,0,2,1,C03,8,7,5,50,14,7,1,5,4,5,13,4,4,4,3,5,2,13,1,18,3,10,5,1,7,9,1,10,1,11,44,1,22,121.4946404,25.02768363
114,09,03,12,14,2,08士林區,士林區天母東路與忠誠路2段口,0,0,1,1,C04,8,6,5,50,4,1,1,5,4,5,13,2,1,1,4,5,2,16,2,19,2,7,6,1,7,5,1,10,1,12,8,1,21,121.534784,25.1180929
114,09,03,12,32,2,08士林區,士林區承德路4段2巷與承德路4段2巷口堤防便道路邊停車格32號處,0,0,1,1,B03,8,5,5,30,14,9,1,5,4,5,13,4,4,10,5,5,2,11,1,33,2,9,7,1,7,9,1,8,2,5,108,1,21,121.5191206,25.0799064