發生年度,發生月,發生日,發生時-Hours,發生分,處理別-編號,區序,肇事地點,死亡人數,2-30日死亡人數,受傷人數,當事人序號,車種,天候,光線,道路類別,速限-速度限制,道路型態,事故位置,路面狀況1,路面狀況2,路面狀況3,道路障礙1,道路障礙2,號誌1,號誌2,車道劃分-分向,車道劃分-分道1,車道劃分-分道2,車道劃分-分道3,事故類型及型態,性別,年齡,受傷程度,主要傷處,保護裝置,行動電話,車輛用途,當事者行動狀態,駕駛資格情形,駕駛執照種類,飲酒情形,車輛撞擊部位1,肇因碼-個別,個人肇逃否,職業,座標-X,座標-Y
114,09,05,08,46,2,11南港區,南港區玉成街153巷與玉成街口口,0,0,1,1,B03,8,6,5,50,4,18,1,5,4,5,13,1,1,10,5,5,2,3,1,39,3,10,3,4,7,5,1,8,1,8,70,1,22,121.5837966,25.0451998
114,09,05,08,55,2,10文山區,文山區興隆路2段61巷與景豐街31巷口口,0,0,1,1,B03,8,6,5,30,4,1,1,5,4,5,13,4,4,10,5,5,2,15,2,19,3,10,7,1,7,9,1,8,2,1,72,1,21,121.5454835,25.0000048
114,09,05,09,11,2,03中山區,中山區中山北路3段22號,0,0,2,1,C03,8,7,5,50,14,9,1,5,4,5,13,4,4,10,4,5,2,13,1,22,2,9,5,1,7,9,1,10,1,11,16,1,21,121.5221967,25.05807055
114,09,05,09,22,2,03中山區,中山區敬業三路11號,0,0,1,1,B12,8,5,5,50,14,9,1,5,4,5,13,4,4,1,4,5,2,16,1,38,3,10,3,4,7,6,1,8,2,5,9,1,21,121.556259,25.08359894
114,09,05,09,25,2,12內湖區,內湖區新湖一路與新湖二路191巷口,0,0,1,1,B03,8,6,5,50,3,1,1,5,4,5,13,4,4,5,5,5,2,16,1,29,3,10,7,1,7,5,1,8,1,4,8,1,22,121.5804841,25.0610478
114,09,05,09,49,2,03中山區,中山區吉林路196號,0,0,1,1,C03,8,6,5,50,14,7,1,5,4,5,13,1,1,5,4,4,2,17,1,36,2,9,6,1,7,9,1,10,1,14,42,1,21,121.5301757,25.0584017
114,09,05,09,56,2,07信義區,信義區信義路4段375號,0,0,1,1,B03,8,6,5,50,14,9,1,5,4,5,13,4,4,5,5,5,2,16,1,66,3,10,7,1,7,5,1,8,2,8,8,1,21,121.5578206,25.0331817
114,09,05,09,57,2,04大安區,大安區市民大道4段與光復南路口,0,0,2,1,C03,8,7,5,40,14,9,1,5,4,5,13,2,1,1,4,5,2,17,2,24,2,9,3,4,7,9,1,10,1,12,17,1,21,121.5580648,25.0449621
114,09,05,10,11,2,02萬華區,華中橋牽引道,0,0,2,1,C03,8,6,5,40,3,2,1,5,4,5,13,1,1,1,4,5,2,17,1,55,2,8,6,1,7,9,1,10,1,12,44,1,21,121.4955739,25.0167078
114,09,05,10,18,2,02萬華區,萬華區萬大路423巷與萬大路口,0,0,1,1,C03,8,6,5,50,4,1,1,5,4,5,13,1,1,10,5,5,2,17,2,85,2,9,5,1,7,5,3,18,1,14,8,1,21,121.4986984,25.0214954
114,09,05,10,20,2,04大安區,大安區復興南路1段227號,0,0,1,1,C03,8,6,5,50,14,9,1,5,4,5,13,4,4,1,4,5,1,12,1,58,4,11,3,4,7,7,7,19,11,15,100,2,22,121.5437858,25.0384324
114,09,05,10,26,2,07信義區,信義區松智路與松平路口,0,0,2,1,B01,8,6,5,50,4,1,1,5,4,5,13,2,1,9,4,5,2,17,1,50,3,10,3,4,7,6,1,4,1,5,9,1,21,121.5654017,25.0304438
114,09,05,10,50,2,07信義區,信義區和平東路3段與和平東路3段391巷口,0,0,1,1,B01,8,6,5,50,4,1,1,5,4,5,13,2,1,1,4,5,1,12,1,54,3,10,3,4,7,1,1,4,1,7,19,1,21,121.5575878,25.0197085
114,09,05,11,05,2,03中山區,中山區德惠街與新生北路3段口迴轉道口,0,0,1,1,B03,8,5,5,50,4,1,1,5,4,5,13,1,1,2,4,5,2,16,1,53,3,10,7,1,7,9,1,8,2,4,81,1,21,121.5275968,25.06695335
114,09,05,11,18,2,06松山區,松山區長春路與敦化北路口,0,0,1,1,B01,8,5,5,50,5,1,1,5,4,5,13,2,1,1,3,5,2,17,1,60,3,10,3,4,7,6,1,4,2,17,9,1,26,121.5489119,25.0543307
114,09,05,11,52,2,04大安區,大安區敦化南路1段362號,0,0,1,1,B01,8,7,5,50,14,9,1,5,4,5,13,4,4,1,4,5,2,12,1,62,3,10,3,4,7,15,1,4,1,2,100,1,21,121.5485183,25.0341703
114,09,05,12,06,2,07信義區,信義區吳興街與吳興街260巷口,0,0,1,1,B01,8,6,5,30,4,18,1,5,4,5,13,4,4,5,2,5,1,3,1,30,3,10,3,4,7,6,1,4,2,5,70,1,22,121.5638571,25.0267508
114,09,05,12,07,2,03中山區,中山區八德路2段與安東街口,0,0,2,1,C03,8,6,5,50,3,1,1,5,4,5,13,1,1,5,4,5,2,17,1,56,2,9,6,1,7,11,1,10,1,13,10,1,21,121.5476326,25.04814561
114,09,05,12,16,2,03中山區,中山區民權東路1段與林森北路口,0,0,1,1,C03,8,6,5,50,4,1,1,5,4,5,13,1,1,1,4,5,2,12,2,63,2,9,5,1,7,7,3,18,1,14,101,1,22,121.5257583,25.062774
114,09,05,12,48,2,03中山區,中山區吉林路與松江路184巷26弄口,0,0,1,1,B02,8,6,5,40,4,1,1,5,4,5,13,4,4,7,4,4,2,16,1,49,3,10,7,1,7,5,1,8,1,5,8,1,21,121.5302065,25.0561835
114,09,05,13,00,2,12內湖區,內湖區東湖路113巷與東湖路113巷95弄口,0,0,1,1,C03,8,5,5,30,4,1,1,5,4,5,13,2,1,5,5,5,1,16,1,21,3,10,6,1,7,5,1,10,9,14,8,1,21,121.6155934,25.0720294
114,09,05,13,12,2,03中山區,中山區南京西路與中山北路1段口,0,0,1,1,B03,8,7,5,50,4,2,1,5,4,5,13,2,1,1,4,5,2,13,1,76,3,10,7,1,7,9,1,8,1,5,16,1,21,121.5221987,25.0522488
114,09,05,13,25,2,07信義區,信義區莊敬路與松勤街口,0,0,1,1,F03,8,6,5,50,4,2,1,5,4,5,13,2,1,5,4,5,1,13,2,64,2,9,3,4,7,9,8,20,1,11,5,1,22,121.5613087,25.0323126
114,09,05,13,41,2,07信義區,信義區永吉路326巷與永吉路278巷57弄口,0,0,1,1,B03,8,6,5,30,4,1,1,5,4,5,13,4,4,5,4,5,2,15,2,58,3,10,7,1,7,9,1,8,2,2,14,1,21,121.5753958,25.0433496
114,09,05,13,45,2,03中山區,中山區松江路與南京東路2段口,0,0,1,1,B03,8,6,5,50,4,4,1,5,4,5,13,2,1,1,4,5,2,13,1,43,3,10,7,1,7,9,1,8,1,5,16,1,21,121.532933,25.0523605
114,09,05,14,30,2,08士林區,士林區中山北路6段與德行西路口,0,0,1,1,B03,8,6,5,50,4,1,1,5,4,5,13,2,1,1,4,5,1,17,1,46,3,10,7,1,7,5,1,8,2,2,8,1,21,121.5247907,25.1064454
114,09,05,15,21,2,06松山區,松山區三民路41號,0,0,1,1,B01,8,6,5,50,14,9,1,5,4,5,13,4,4,9,4,5,2,17,1,46,3,10,7,1,7,15,1,4,1,17,101,1,21,121.5636667,25.05607517
114,09,05,15,25,2,05中正區,中正區羅斯福路1段129號,0,0,1,1,C03,8,7,5,50,14,9,1,5,4,5,13,4,4,1,4,5,2,12,1,59,2,9,5,1,7,8,1,10,9,12,100,1,22,121.5202983,25.0301781
114,09,05,15,42,2,06松山區,松山區光復北路240號,0,0,1,1,B02,8,7,5,50,14,9,1,5,4,5,13,4,4,9,4,5,2,13,2,73,3,10,7,1,7,9,1,8,9,1,108,2,22,121.5554051,25.0570056
114,09,05,15,42,2,07信義區,信義區信義路5段與市府路口,0,0,1,1,C03,8,5,5,50,3,1,1,5,4,5,13,2,1,10,3,5,2,12,1,34,2,9,5,4,7,9,1,10,1,12,108,1,21,121.5638972,25.0330179
114,09,05,15,45,2,09北投區,北投區中山路1210011號燈桿,0,0,1,1,C03,8,6,5,40,14,9,1,5,4,5,13,4,4,9,5,5,2,13,2,35,2,9,6,1,7,9,1,10,1,11,16,1,21,121.5069178,25.1368819
114,09,05,15,53,2,03中山區,中山區市民大道1段與中山北路1段口,0,0,1,1,C02,8,7,5,40,4,2,1,5,4,5,13,2,1,1,4,5,2,12,1,58,2,9,6,1,7,9,1,9,1,12,108,1,21,121.5204642,25.0482269
114,09,05,16,11,2,08士林區,士林區延平北路6段與社子街口,0,0,1,1,F01,8,5,5,50,4,2,1,5,4,5,13,2,1,4,5,5,1,17,2,16,2,9,4,1,7,5,8,20,2,14,44,1,21,121.5178856,25.08662126
114,09,05,16,14,2,03中山區,中山區民權東路1段與林森北路口,0,0,1,1,C03,8,7,5,50,4,2,1,5,4,5,13,1,1,1,4,5,2,17,1,32,2,9,5,1,7,15,1,10,1,14,17,1,22,121.5259978,25.0627687
114,09,05,16,20,2,01大同區,大同區昌吉街延平國小前,0,0,2,1,C03,8,6,5,50,14,9,1,5,4,5,13,4,4,4,4,5,2,13,1,74,2,8,5,1,7,9,1,10,1,11,16,1,21,121.5125629,25.0659606
114,09,05,16,28,2,01大同區,大同區長安西路與承德路1段口,0,0,2,1,C03,8,6,5,50,4,1,1,5,4,5,13,2,1,8,3,5,1,16,1,51,2,9,6,1,7,5,1,10,2,11,74,1,21,121.5170497,25.0509333
114,09,05,16,55,2,08士林區,士林區中山北路5段與文林路口,0,0,1,1,B03,8,7,5,40,3,1,1,5,4,5,13,1,1,1,1,5,1,16,2,59,3,10,7,1,7,6,1,8,1,2,44,1,21,121.5254294,25.08613172
114,09,05,16,58,2,04大安區,大安區和平東路3段1巷與四維路228巷口,0,0,1,1,C03,8,5,5,30,4,1,1,5,4,5,13,4,4,10,5,5,2,15,2,73,2,9,6,1,7,9,1,10,1,11,72,1,21,121.5467534,25.0255853
114,09,05,17,05,2,09北投區,北投區中央北路2段與中央北路2段350巷口,0,0,1,1,B03,8,5,8,50,3,1,1,5,4,5,13,2,1,9,4,5,2,16,1,77,3,10,3,4,7,5,1,8,1,6,71,1,21,121.4882901,25.1384395
114,09,05,17,07,2,10文山區,文山區景華街82巷與景華街82巷7弄口,0,0,1,1,C03,8,6,5,30,3,1,1,4,4,5,13,4,4,10,5,5,2,16,2,58,2,7,5,1,7,6,1,10,1,11,72,1,21,121.5453312,24.99463385
114,09,05,17,35,2,11南港區,南港區舊莊街1段3巷與舊莊街1段3巷12弄口,0,0,2,1,C03,7,7,5,30,3,2,1,5,4,5,13,4,4,9,5,5,2,3,2,61,2,9,5,1,7,9,1,10,1,11,14,1,21,121.6181369,25.0423872
114,09,05,17,39,2,02萬華區,萬華區桂林路246巷與桂林路244巷口,0,0,2,1,C03,8,7,5,50,3,1,1,5,4,5,13,1,1,1,3,5,2,17,1,40,2,9,5,1,7,5,1,10,1,14,99,1,21,121.495572,25.0384901
114,09,05,17,45,2,06松山區,松山區民生東路4段75巷與民生東路4段口,0,0,1,1,C03,8,5,6,50,3,1,1,5,4,5,13,4,4,1,4,5,2,13,2,32,2,8,6,1,7,9,1,10,1,11,108,1,22,121.5513214,25.05796063
114,09,05,18,08,2,02萬華區,萬華區堤外便道與桂林路口水門口,0,0,1,1,C03,8,6,5,40,5,1,1,5,4,5,13,1,1,8,3,5,1,17,1,30,3,10,5,1,7,5,1,10,1,11,17,1,21,121.4958605,25.0390277
114,09,05,18,36,2,04大安區,大安區基隆路4段與羅斯福路4段口,0,0,2,1,C03,8,5,5,30,5,1,1,5,4,5,13,1,1,1,5,5,2,12,1,27,2,9,3,4,7,6,1,10,1,12,9,1,21,121.5373891,25.0111248
114,09,05,18,40,2,03中山區,中山區建國北路2段與錦州街口,0,0,1,1,C03,7,5,5,50,4,1,1,5,4,5,13,2,1,1,5,5,1,16,1,37,2,9,3,4,7,9,1,10,1,11,13,1,21,121.5376002,25.0603792
114,09,05,18,45,2,05中正區,中正區重慶南路1段與寶慶路口,0,0,1,1,B03,7,5,5,50,4,1,1,4,4,5,13,1,1,5,4,5,2,13,1,57,3,10,7,1,7,5,1,8,1,8,108,1,22,121.5129994,25.0411438
114,09,05,19,00,2,02萬華區,萬華區堤外便道龍山104桿,0,0,1,1,C03,8,5,5,40,14,11,1,5,4,5,13,4,4,8,4,5,2,17,1,44,3,10,5,1,7,15,6,10,1,17,14,1,21,121.5017318,25.0452457
114,09,05,19,13,2,01大同區,大同區鄭州路與西寧北路口,0,0,1,1,B03,8,5,5,50,5,1,1,5,4,5,13,2,1,1,4,5,2,13,2,49,3,10,7,1,7,9,1,8,1,1,108,1,21,121.5081323,25.05040057
114,09,05,19,15,2,08士林區,士林區中山北路6段與德行西路口,0,0,5,1,B03,8,5,5,50,4,1,1,5,4,5,13,2,1,1,4,5,2,17,1,40,2,3,3,4,7,5,1,8,1,2,71,1,22,121.5247752,25.1064151
114,09,05,19,19,2,01大同區,大同區南京西路196號,0,0,1,1,A02,7,5,5,50,14,9,1,5,4,5,13,4,4,1,4,5,2,9,1,51,3,10,7,1,7,9,1,2,11,17,44,1,21,121.5173564,25.05328722
114,09,05,19,42,2,02萬華區,萬華區萬大路與萬大路486巷口,0,0,1,1,B12,8,5,5,30,3,2,1,5,4,5,13,4,4,1,4,5,2,17,1,26,3,10,7,4,7,8,1,8,1,2,100,1,21,121.4973442,25.01960683
114,09,05,19,57,2,12內湖區,內湖區港墘路與洲子街口,0,0,1,1,B02,8,5,5,50,4,1,1,5,4,5,13,1,1,1,3,5,1,16,1,38,3,10,7,1,7,6,1,8,1,5,9,1,21,121.5758712,25.0780409
114,09,05,20,10,2,08士林區,士林區承德路4段與劍潭路口,0,0,2,1,C03,8,5,5,50,4,2,1,5,4,5,13,1,1,10,4,5,1,17,2,18,2,9,6,1,7,9,1,10,1,11,16,1,21,121.5236015,25.08397832
114,09,05,20,39,2,07信義區,信義區忠孝東路5段423巷與忠孝東路5段423巷3弄口,0,0,1,1,B03,8,5,5,30,4,1,1,5,4,5,8,4,4,5,5,5,2,17,1,40,3,10,3,4,7,6,1,8,2,17,72,1,21,121.5753121,25.0413751
114,09,05,20,49,2,05中正區,中正區中山北路1段與北平東路口,0,0,1,1,B03,8,5,5,50,4,1,1,5,4,5,13,1,1,5,4,5,1,17,1,22,3,10,7,1,7,5,1,8,1,5,80,1,21,121.5203737,25.0472249
114,09,05,21,06,2,03中山區,中山區林森北路與民生東路1段口,0,0,1,1,B03,8,5,5,50,14,9,1,5,4,5,13,1,1,8,3,4,2,13,1,51,3,10,7,1,7,9,1,8,1,1,108,1,21,121.5255417,25.0578615
114,09,05,21,24,2,03中山區,中山區敬業三路與樂群二路口,0,0,1,1,B01,8,5,5,50,4,1,1,5,4,5,13,1,1,1,4,5,2,12,1,68,3,10,7,1,7,6,1,4,2,2,9,1,21,121.5562647,25.0798842
114,09,05,21,50,2,04大安區,大安區忠孝東路4段與延吉街70巷5弄口,0,0,1,1,B01,8,5,5,50,3,1,1,5,4,5,13,4,4,1,4,5,2,16,1,57,3,10,3,4,7,6,1,8,1,2,9,1,21,121.5539495,25.0415258
114,09,05,22,08,2,03中山區,中山區建國北路3段與民族東路口,0,0,2,1,A02,8,5,5,50,14,9,1,5,4,5,13,1,1,1,3,4,2,13,1,55,2,1,7,1,7,9,1,6,1,1,108,1,21,121.5340508,25.0682654
114,09,05,22,18,2,11南港區,南港區興中路與重陽路口,0,0,1,1,B03,8,5,5,50,4,1,1,5,4,5,13,2,1,5,5,5,2,16,1,47,3,10,3,4,7,6,1,8,1,2,9,1,21,121.6067323,25.0580152
114,09,05,22,33,2,03中山區,中山區建國北路2段與錦州街口,0,0,1,1,B02,7,5,5,50,5,2,1,5,4,5,13,2,1,8,3,5,1,17,1,46,3,10,7,1,7,9,1,4,1,1,81,1,21,121.5367703,25.0597284
114,09,05,23,53,1,05中正區,中正區重慶南路2段與愛國西路口,1,0,0,1,C03,8,5,5,50,4,1,1,5,4,5,13,1,1,5,4,5,2,18,1,39,1,9,5,1,7,9,1,10,1,12,14,1,21,121.5126076,25.0346074
114,09,06,06,00,2,03中山區,中山區民族東路78號,0,0,4,1,C03,8,7,5,50,14,9,1,5,4,5,13,4,4,9,4,5,2,17,1,74,2,8,5,1,7,9,1,10,2,11,108,1,21,121.5264152,25.068332
114,09,06,07,30,2,08士林區,士林區忠誠路2段50巷2號,0,0,1,1,B03,8,6,5,30,14,9,1,5,4,5,13,4,4,10,5,5,2,17,2,50,3,10,7,1,7,1,1,8,1,1,19,1,26,121.5302731,25.1107507
114,09,06,07,32,2,09北投區,北投區公館路與大興街口,0,0,2,1,C03,8,6,5,40,4,1,1,5,4,5,13,2,1,5,5,5,2,16,1,33,2,8,5,1,7,5,1,10,1,12,8,1,21,121.5046608,25.1310313
114,09,06,07,42,2,08士林區,士林區中正路與福港街口,0,0,1,1,C03,8,6,5,50,4,2,1,5,4,5,13,1,1,10,3,5,1,13,2,46,2,8,5,1,7,9,1,10,1,11,16,1,21,121.5179854,25.0918241
114,09,06,07,57,2,07信義區,信義區基隆路2段79巷與基隆路2段79巷30弄口,0,0,2,1,C03,8,7,6,30,4,1,1,5,4,5,13,4,4,10,5,5,2,15,1,61,2,9,5,1,7,9,1,10,2,14,72,1,21,121.5597552,25.0294065
114,09,06,08,10,2,10文山區,文山區景美堤外便道北往南（燈桿：景美034旁）,0,0,1,1,H01,8,6,8,0,22,22,1,5,4,5,13,4,4,9,5,5,1,9,1,66,3,10,4,5,8,16,8,20,10,17,53,1,21,121.5183568,25.04847309
114,09,06,08,15,2,04大安區,大安區和平東路2段與復興南路2段口,0,0,1,1,F01,8,6,5,50,4,1,1,5,4,5,13,1,1,9,4,5,1,12,1,68,2,7,4,4,7,7,8,20,2,12,100,1,21,121.5435035,25.0247465
114,09,06,08,52,2,03中山區,中山區復興北路514巷與民權東路3段39巷口,0,0,1,1,C03,8,7,5,50,3,1,1,5,4,5,13,4,4,9,5,5,2,18,2,30,2,7,6,1,7,12,1,10,1,12,42,1,21,121.542778,25.06592188
114,09,06,09,00,2,01大同區,大同區淡水河濱自行車道（3K+400處，往南）,0,0,3,1,F01,8,6,5,0,14,23,1,5,4,5,13,4,4,8,5,5,1,9,1,13,2,9,4,4,7,9,8,20,1,11,108,1,21,121.508577,25.0642436
114,09,06,09,14,2,04大安區,大安區信義路3段與建國南路2段口,0,0,1,1,B01,8,6,5,50,4,1,1,5,4,5,13,2,1,1,3,5,2,17,1,64,3,10,7,1,7,9,1,4,1,6,5,1,21,121.5380645,25.033369
114,09,06,09,51,2,12內湖區,內湖區康寧路3段267號,0,0,1,1,B12,8,7,5,50,14,9,1,5,4,5,13,4,4,9,4,5,2,17,1,43,3,10,7,1,7,8,1,6,2,17,80,1,21,121.6112308,25.0666726
114,09,06,10,12,2,03中山區,中山區中山北路2段126號,0,0,1,1,B03,8,7,5,50,14,9,1,5,4,5,13,4,4,9,4,5,2,17,1,49,3,10,7,1,7,8,1,8,1,17,100,1,21,121.5227322,25.06124081
114,09,06,10,18,2,08士林區,士林區文林路726號,0,0,2,1,B01,8,6,5,50,14,7,1,5,4,5,13,4,4,1,4,4,2,12,1,55,3,10,7,1,7,8,1,4,1,4,100,1,26,121.5206207,25.1024665
114,09,06,10,19,2,10文山區,文山區木柵路4段與木柵路4段149巷口,0,0,2,1,C03,8,6,5,50,14,9,2,5,4,5,13,2,1,5,4,5,2,13,1,74,2,8,5,4,7,9,1,10,1,11,108,1,21,121.5750425,24.9987964
114,09,06,10,19,2,12內湖區,內湖區民權東路6段56巷3號,0,0,2,1,C03,8,7,5,50,14,9,1,5,4,5,13,1,1,4,4,5,1,16,2,64,2,9,6,1,7,15,6,18,1,14,100,1,21,121.5848218,25.0682929
114,09,06,10,22,2,02萬華區,萬華區萬大路與長泰街口,0,0,1,1,C03,8,6,8,30,3,1,1,5,4,5,13,2,1,2,4,5,2,17,1,51,3,10,6,1,7,9,1,10,1,17,30,1,21,121.4994964,25.0227097
114,09,06,10,45,2,10文山區,文山區羅斯福路6段與羅斯福路6段166巷口口,0,0,1,1,C03,8,6,5,50,4,2,1,5,4,5,13,2,1,1,4,5,2,12,1,78,3,10,6,1,7,8,1,10,11,13,100,2,21,121.5410972,24.9947011
114,09,06,11,16,2,05中正區,中正區愛國東路與愛國東路口大孝門門,0,0,2,1,C03,8,5,5,50,4,1,1,5,4,5,13,1,1,1,4,1,2,16,1,74,2,7,5,1,7,9,1,10,9,11,81,1,21,121.5209705,25.03304297
114,09,06,11,16,2,05中正區,中正區愛國東路大孝門前,0,,1,1,C03,8,,,50,,,,,,,,,,,,,,,1,74,,,,,,,,,9,,,,,121.5199616,25.04133398
114,09,06,11,48,2,05中正區,中正區三元街與三元街230巷附近口,0,0,1,1,B03,8,6,5,50,4,2,1,5,4,5,13,1,1,1,4,4,1,17,1,38,3,10,7,1,7,6,1,8,2,2,9,1,21,121.5126681,25.0275229
114,09,06,12,19,2,03中山區,中山區龍江路356巷與五常街53巷口,0,0,2,1,C03,8,5,5,50,4,1,1,5,4,5,13,4,4,8,4,5,2,16,2,57,2,9,5,1,7,9,1,10,1,11,72,1,21,121.5396634,25.066035
114,09,06,12,38,2,05中正區,中正區忠孝西路1段與館前路口,0,0,2,1,C03,8,6,5,50,4,1,1,5,4,5,13,1,1,10,5,5,1,12,2,49,2,9,6,1,7,8,1,10,2,12,100,1,22,121.5150101,25.0467808
114,09,06,12,55,2,02萬華區,萬華區興義街與西園路2段320巷口,0,0,3,1,C03,8,6,5,30,4,1,1,5,4,5,13,4,4,10,5,5,2,15,1,25,2,7,5,1,7,9,3,18,1,12,72,1,22,121.4917752,25.0266594
114,09,06,13,27,2,01大同區,大同區鄭州路與塔城街口,0,0,1,1,C04,8,6,5,50,4,1,1,5,4,5,13,1,1,5,2,5,2,17,2,43,2,9,6,1,7,9,1,10,2,11,108,1,21,121.510517,25.05021484
114,09,06,13,40,2,05中正區,中正區羅斯福路4段168號,0,0,3,1,B01,8,6,5,50,14,9,1,5,4,5,13,4,4,1,4,5,1,12,1,63,3,10,7,1,7,7,1,4,2,2,100,1,21,121.5363865,25.0120925
114,09,06,14,15,2,04大安區,大安區和平東路3段與敦化南路2段口,0,0,1,1,B03,8,6,5,50,4,2,1,5,4,5,13,2,1,10,5,5,2,16,1,25,3,10,7,1,7,5,1,8,1,6,71,1,21,121.5489878,25.0245412
114,09,06,14,16,2,07信義區,信義區松高路與松高路20巷口,0,0,1,1,C03,8,6,5,50,3,1,1,5,4,5,13,4,4,5,4,5,2,16,1,21,2,7,6,1,7,5,1,10,1,14,8,1,21,121.5676968,25.0390988
114,09,06,14,28,2,01大同區,大同區重慶北路3段223巷41號,0,0,2,1,C04,8,6,5,30,14,9,1,5,4,5,13,4,4,10,5,5,2,17,2,36,2,8,5,1,7,11,1,9,1,13,10,1,21,121.515514,25.07051618
114,09,06,14,49,2,11南港區,南港區南港路1段與興中路口,0,0,1,1,C03,8,7,5,50,4,1,1,5,4,5,13,1,1,9,4,5,2,17,1,55,2,9,3,4,7,9,1,10,1,14,44,1,21,121.6075316,25.0545487
114,09,06,15,22,2,07信義區,信義區虎林街212巷與虎林街202巷口,0,0,1,1,C03,8,7,5,30,4,1,1,5,4,5,13,4,4,10,5,5,2,17,1,24,3,10,3,4,7,9,1,10,1,12,72,1,22,121.5767439,25.0375476
114,09,06,15,45,2,03中山區,中山區民權東路3段58號與民權東路3段60巷口,0,0,1,1,C03,8,6,5,50,4,1,1,5,4,5,13,1,1,3,4,5,2,13,1,21,3,10,6,1,7,9,1,10,1,11,16,1,21,121.5423119,25.0622365
114,09,06,15,52,2,03中山區,中山區市民大道2段67號,0,0,1,1,B03,8,6,5,40,14,9,1,5,4,5,13,4,4,1,5,5,1,16,1,33,3,10,3,4,7,5,1,8,1,4,80,1,21,121.5289009,25.04664112
114,09,06,16,21,2,07信義區,信義區忠孝東路4段550號,0,0,1,1,B01,8,6,5,50,14,9,1,5,4,5,13,4,4,1,4,5,2,13,1,33,3,10,3,4,7,9,1,4,2,5,16,1,26,121.5633922,25.0411398
114,09,06,16,29,2,02萬華區,萬華區中華路2段364巷與中華路2段364巷24弄口,0,0,1,1,C03,8,7,5,50,4,1,1,5,4,5,13,1,1,9,5,5,2,17,2,74,2,8,5,1,7,5,3,18,1,11,8,1,21,121.5041934,25.0287104
114,09,06,16,30,2,12內湖區,內湖區環山路3段與內湖路2段103巷口,0,0,1,1,B03,8,7,5,50,3,1,1,5,4,5,13,1,1,4,3,5,1,17,1,39,3,10,7,1,7,5,1,8,1,2,8,1,21,121.5809151,25.0846754
114,09,06,16,48,2,12內湖區,內湖區星雲街與星雲街15巷口,0,0,1,1,B03,8,6,5,40,3,2,1,5,4,5,13,4,4,9,4,5,2,16,1,70,3,10,7,1,7,11,6,18,1,5,10,1,21,121.590649,25.0780626
114,09,06,16,50,2,05中正區,中正區重慶南路2段與愛國西路口口,0,0,2,1,C03,8,6,5,50,4,1,1,5,4,5,13,1,1,1,4,5,1,13,2,27,2,7,6,1,7,9,1,10,2,11,16,1,21,121.5124898,25.035199
114,09,06,17,02,2,07信義區,信義區忠孝東路4段與基隆路1段口,0,0,1,1,B02,8,6,5,50,4,1,1,5,4,5,13,1,1,1,3,5,2,15,2,45,3,10,3,4,7,4,1,8,2,8,85,1,22,121.5643925,25.0411512
114,09,06,17,27,2,05中正區,中正區延平南路與開封街1段口,0,0,2,1,C03,8,5,5,50,4,2,1,5,4,5,13,1,1,9,5,5,2,17,2,21,2,9,6,1,7,5,1,10,1,13,8,1,21,121.5107372,25.0459827
114,09,06,17,54,2,10文山區,文山區木柵路5段1號,0,0,2,1,B03,8,7,5,50,14,9,1,5,4,5,13,4,4,5,4,5,2,12,2,61,3,10,7,1,7,1,1,8,2,4,19,1,21,121.5788849,25.0008709
114,09,06,18,30,2,06松山區,松山區八德路4段與八德路4段207巷口,0,0,1,1,B03,8,5,5,50,4,1,1,5,4,5,13,1,1,5,4,5,2,16,1,46,3,10,7,1,7,5,1,8,2,1,71,1,22,121.563996,25.0488662
114,09,06,18,51,2,09北投區,北投區珠海路與珠海路157巷口,0,0,1,1,B12,8,5,5,30,4,1,1,5,4,5,13,3,1,5,5,5,1,15,1,42,3,10,7,1,7,9,1,8,1,1,72,1,22,121.5100915,25.1418639
114,09,06,19,00,2,05中正區,中正區市民大道1段捷運Ｍ1出口前,0,0,1,1,B03,8,5,5,40,22,6,1,5,4,5,13,4,4,1,4,1,2,16,1,46,3,10,7,1,7,5,1,8,2,4,8,1,21,121.518174,25.04833987
114,09,06,19,01,2,10文山區,文山區萬芳路與木柵路4段33巷口,0,0,2,1,C03,8,5,5,30,3,1,1,5,4,5,13,4,4,10,5,5,2,15,1,40,2,8,3,4,7,9,1,10,1,14,72,1,22,121.5710018,24.9952716
114,09,06,19,10,2,08士林區,士林區中山北路6段256號對面,0,0,1,1,B03,8,5,8,50,22,22,1,5,4,5,13,4,4,1,5,5,1,17,2,45,3,10,7,1,7,15,1,8,1,5,17,1,21,121.5254067,25.10943477
114,09,06,20,32,2,02萬華區,萬華區萬大路與莒光路口,0,0,1,1,C03,7,5,5,50,4,2,1,5,4,5,13,1,1,1,3,5,2,2,1,73,3,10,5,1,7,6,1,10,2,12,70,1,21,121.500442,25.031228
114,09,06,20,35,2,08士林區,士林區仰德大道2段（嶺頭公車站）,0,0,1,1,C03,8,5,5,40,14,9,1,5,4,5,13,4,4,4,3,5,1,13,2,22,3,10,3,4,7,9,1,10,1,11,16,1,22,121.5407279,25.1023361
114,09,06,20,49,2,09北投區,北投區光明路與中山路口口,0,0,1,1,C03,7,5,6,50,4,1,1,5,4,5,13,1,1,10,5,5,2,11,1,31,3,10,5,1,7,9,1,10,1,11,16,1,21,121.5042638,25.1369184