發生年度,發生月,發生日,發生時-Hours,發生分,處理別-編號,區序,肇事地點,死亡人數,2-30日死亡人數,受傷人數,當事人序號,車種,天候,光線,道路類別,速限-速度限制,道路型態,事故位置,路面狀況1,路面狀況2,路面狀況3,道路障礙1,道路障礙2,號誌1,號誌2,車道劃分-分向,車道劃分-分道1,車道劃分-分道2,車道劃分-分道3,事故類型及型態,性別,年齡,受傷程度,主要傷處,保護裝置,行動電話,車輛用途,當事者行動狀態,駕駛資格情形,駕駛執照種類,飲酒情形,車輛撞擊部位1,肇因碼-個別,個人肇逃否,職業,座標-X,座標-Y
114,09,06,21,00,2,07信義區,信義區松仁路與松仁路228巷口,0,0,2,1,C03,7,5,5,50,4,1,1,5,4,5,13,3,1,9,5,5,2,3,1,36,2,7,5,1,7,9,1,10,11,11,70,1,21,121.5690295,25.025552
114,09,06,21,10,1,12內湖區,內湖區潭美街與新明路321巷口,1,0,1,1,H01,8,5,5,40,3,19,1,5,4,5,13,2,1,5,5,5,2,3,2,78,1,9,4,5,8,16,8,20,10,16,121,1,21,121.5854695,25.05593379
114,09,06,21,25,2,01大同區,大同區民權西路239號與民權西路口,0,0,1,1,C03,8,5,5,50,14,9,1,5,4,5,13,2,1,1,4,5,2,17,2,37,2,9,6,1,7,9,1,10,2,11,108,1,21,121.5106997,25.0631557
114,09,06,22,30,2,03中山區,中山區市民大道2段與新生北路1段62巷口金山北路,0,0,1,1,B03,8,5,5,50,14,9,1,5,4,5,13,2,1,1,5,5,2,16,1,54,3,10,7,1,7,6,1,8,1,5,9,1,21,121.5306221,25.0461064
114,09,06,22,50,2,04大安區,大安區通化街19巷14號,0,0,1,1,C03,8,6,5,30,14,9,1,5,4,5,13,4,4,10,5,5,2,17,1,37,3,10,6,1,7,1,1,10,11,17,19,1,21,121.5549598,25.031674
114,09,07,00,00,2,01大同區,大同區延平北路2段與延平北路2段61巷口,0,0,1,1,B03,8,5,5,50,4,1,1,5,4,5,13,2,1,4,4,5,2,16,1,25,2,7,3,4,7,9,1,8,2,1,108,1,21,121.5116856,25.0554391
114,09,07,00,14,2,02萬華區,萬華區環河南路1段與貴陽街2段口,0,0,1,1,F01,8,5,5,30,4,1,1,5,4,5,8,1,1,9,5,5,2,15,1,113,2,9,4,4,7,9,8,20,11,12,44,1,22,121.4979333,25.0400604
114,09,07,00,30,2,05中正區,中正區重慶南路1段與衡陽路口,0,0,2,1,C03,8,5,5,50,4,1,1,5,4,5,13,1,1,10,5,5,2,16,1,32,2,8,5,1,7,6,1,10,2,12,9,1,22,121.5131536,25.0422705
114,09,07,01,00,2,05中正區,中正區羅斯福路3段與新生南路3段口,0,0,2,1,H01,8,5,5,0,4,1,1,5,4,5,13,1,1,2,2,5,2,3,1,34,2,9,4,5,8,16,8,20,10,16,122,1,22,121.5324657,25.016421
114,09,07,01,25,2,03中山區,中山區中山北路3段與民族東路口,0,0,1,1,C03,8,5,5,50,4,2,1,5,4,5,13,1,1,1,4,5,2,17,1,29,2,9,5,1,7,9,1,10,1,11,16,1,21,121.5228863,25.0681466
114,09,07,03,31,2,03中山區,中山區中山北路1段35號,0,0,1,1,B01,8,5,5,50,14,9,1,5,4,5,13,1,3,10,4,1,2,13,1,60,3,10,3,4,7,8,1,4,2,3,100,1,21,121.5216422,25.0488505
114,09,07,04,50,2,08士林區,士林區光華路61巷4弄天玉宮步道前,0,0,1,1,C03,8,6,5,40,11,9,1,5,4,5,13,4,4,10,5,5,1,18,1,61,2,9,6,4,7,6,1,10,1,15,108,1,21,121.5398087,25.1306875
114,09,07,06,34,2,03中山區,中山區民權東路3段60巷與民權東路3段口,0,0,1,1,C03,8,7,5,50,14,9,1,5,4,5,13,1,1,1,4,5,2,13,1,46,3,10,5,1,7,9,1,10,1,11,16,1,22,121.5422153,25.0622455
114,09,07,06,40,2,03中山區,中山區中山北路4段與北安路口,0,0,1,1,C03,8,7,5,50,14,9,1,5,4,5,13,1,1,1,2,5,2,13,1,18,3,10,6,1,7,9,1,10,1,11,16,1,21,121.5271002,25.07660962
114,09,07,07,18,2,10文山區,文山區木新路2段52號,0,0,1,1,A02,8,5,5,50,14,9,1,5,4,5,13,2,1,5,4,5,2,9,1,63,3,10,7,1,7,1,1,2,11,17,44,1,21,121.570633,24.9863718
114,09,07,08,20,2,09北投區,北投區雙溪河濱公園與雙溪河濱公園口自行車道,0,0,2,1,F01,8,6,8,0,3,1,1,5,4,5,13,4,4,5,5,5,1,16,1,48,2,9,6,1,7,5,8,20,2,14,74,1,21,121.5111204,25.097934
114,09,07,08,25,2,03中山區,中山區民生東路2段與民生東路2段164巷口,0,0,1,1,C03,8,7,5,50,14,9,1,5,4,5,13,4,4,1,4,5,2,13,2,24,2,9,6,1,7,15,1,10,1,11,108,1,21,121.5338313,25.0577917
114,09,07,09,13,2,08士林區,士林區中社路2段100號,0,0,1,1,B03,8,6,5,50,12,9,1,5,4,5,13,4,4,5,5,5,1,17,1,56,3,10,7,1,7,1,6,8,2,17,19,1,22,121.5663797,25.1057982
114,09,07,09,52,2,10文山區,文山區興隆路4段與興隆路4段29巷口旁,0,0,2,1,B03,8,6,5,50,14,6,1,5,4,5,13,2,1,10,5,5,2,16,1,73,3,10,7,1,7,11,1,8,1,4,10,1,21,121.5593398,24.9904773
114,09,07,09,55,2,08士林區,士林區延平北路9段堤外自行車道3011590號電燈桿,0,0,2,1,G06,8,6,5,0,11,9,1,5,4,5,13,4,4,10,5,5,1,11,1,70,2,9,4,1,7,9,8,20,1,16,17,1,21,121.4697445,25.1096217
114,09,07,11,27,2,09北投區,北投區磺港路與新市街口,0,0,2,1,C03,8,6,5,50,3,1,1,5,4,5,13,4,4,5,5,5,2,3,2,61,2,8,5,1,7,9,1,8,2,11,70,1,21,121.5026732,25.1329816
114,09,07,11,44,2,05中正區,中正區公園路與愛國西路口口,0,0,1,1,B01,8,5,5,50,5,1,1,5,4,5,13,1,1,1,4,5,1,17,1,47,3,10,7,1,7,5,1,4,2,4,8,1,21,121.514493,25.0345037
114,09,07,11,55,2,01大同區,大同區鄭州路與塔城街口,0,0,2,1,C03,8,6,5,40,4,1,1,5,4,5,13,2,1,9,4,5,2,15,1,34,2,9,6,4,7,9,1,10,1,13,81,1,21,121.5104854,25.0502955
114,09,07,12,02,2,09北投區,北投區七星街與育仁路口,0,0,2,1,H01,8,7,5,0,14,9,1,5,4,5,13,4,4,10,5,5,2,3,2,30,2,9,4,5,8,16,8,20,10,16,53,1,22,121.5015287,25.1366978
114,09,07,12,12,2,09北投區,北投區無名巷與復興一路口(復興一路13號前),0,0,1,1,B03,8,5,5,30,3,2,1,5,4,5,13,4,4,10,4,5,1,17,2,56,3,10,7,1,7,6,1,8,2,5,72,1,21,121.5023689,25.1395043
114,09,07,12,24,2,07信義區,信義區信義路6段與信義路6段15巷口,0,0,1,1,B02,8,6,5,30,4,18,1,5,4,5,13,1,1,5,4,5,2,3,1,27,3,10,7,1,7,5,1,8,2,1,70,1,21,121.575429,25.0341746
114,09,07,12,31,2,04大安區,大安區羅斯福路4段1號附近,0,0,2,1,B03,8,6,5,50,14,9,1,5,4,5,13,4,4,1,4,5,2,12,1,40,3,10,7,1,7,4,1,8,2,6,108,1,21,121.5338319,25.015351
114,09,07,12,37,2,10文山區,文山區木新路2段223號前,0,0,2,1,C03,8,6,5,40,14,8,1,5,4,5,13,4,4,5,4,4,2,13,1,58,2,9,5,1,7,9,1,10,1,12,16,1,21,121.567372,24.9834588
114,09,07,13,06,2,02萬華區,萬華區青年路69號,0,0,1,1,B03,8,6,6,30,14,9,1,5,4,5,13,4,4,5,5,5,2,16,1,39,3,10,3,4,7,5,1,8,1,4,8,1,22,121.5027736,25.0238569
114,09,07,13,44,2,02萬華區,萬華區堤外便道近華翠大橋北往南（HDU282)標誌,0,0,1,1,C04,7,6,5,40,14,9,1,5,4,5,13,4,4,10,5,5,2,29,1,24,2,9,2,1,7,9,1,10,8,12,21,1,21,121.4890212,25.0272067
114,09,07,14,00,2,03中山區,中山區民生東路3段6號,0,0,1,1,B03,8,6,5,50,14,9,1,5,4,5,13,4,4,3,4,4,2,12,1,46,3,10,3,4,7,13,1,8,1,8,40,1,21,121.5374085,25.0577654
114,09,07,14,03,2,01大同區,大同區民權西路與重慶北路2段口,0,0,1,1,C03,7,6,5,50,4,1,1,5,4,5,13,1,1,1,4,5,2,17,2,27,2,9,5,1,7,9,1,9,1,11,108,1,21,121.5134444,25.06290898
114,09,07,14,41,2,03中山區,中山區八德路2段300巷與市民大道3段口,0,0,1,1,B03,8,5,5,50,3,1,1,5,4,5,13,4,4,1,4,5,2,16,2,55,3,10,3,4,7,6,1,8,2,5,9,1,21,121.5427743,25.0449121
114,09,07,15,02,2,05中正區,中正區汀州路2段141號,0,0,1,1,B12,8,6,5,50,14,9,1,5,4,5,13,4,4,9,4,5,2,12,1,73,3,10,7,1,7,1,1,8,2,8,19,1,21,121.5198367,25.0249076
114,09,07,16,05,2,02萬華區,萬華區貴陽街2段29巷(長沙街2段76號前),0,0,2,1,B03,7,7,8,30,22,22,1,5,4,5,13,4,4,10,5,5,2,17,2,62,3,10,7,1,7,1,1,8,1,1,19,1,21,121.5053027,25.0403502
114,09,07,16,25,2,04大安區,大安區和平東路3段與樂利路口,0,0,1,1,B01,7,6,5,50,5,2,1,5,4,5,13,2,1,9,4,5,1,17,2,45,4,11,3,4,7,6,7,19,11,15,17,2,21,121.552302,25.0246955
114,09,07,16,37,2,12內湖區,內湖區陽光街321巷56號,0,0,1,1,B03,8,6,6,50,11,9,1,4,4,5,13,4,4,9,5,5,2,16,1,30,3,10,3,4,7,1,1,8,1,4,19,1,22,121.5777767,25.0714312
114,09,07,16,57,2,03中山區,中山區龍江路與合江街73巷口,0,0,2,1,C03,6,7,5,30,4,1,1,4,4,5,13,4,4,9,4,5,2,15,1,44,2,8,6,1,7,9,1,10,1,11,72,1,21,121.540739,25.05884894
114,09,07,17,05,2,01大同區,大同區重慶北路2段與涼州街口,0,0,1,1,C03,8,5,5,50,4,2,1,5,4,5,13,2,1,1,4,5,2,12,1,69,2,9,5,1,7,9,3,18,1,14,17,1,21,121.5136327,25.0606643
114,09,07,17,50,2,03中山區,中山區樂群三路與敬業三路口,0,0,1,1,B03,6,5,5,50,4,2,1,4,4,5,13,2,1,5,5,5,2,14,1,66,3,10,7,1,7,2,1,8,1,3,42,1,22,121.5565268,25.0826665
114,09,07,17,55,2,05中正區,中正區博愛路與武昌街1段口,0,0,1,1,B01,6,5,5,50,4,1,1,4,4,5,13,1,1,10,4,5,2,16,1,67,3,10,7,1,7,5,1,4,2,8,8,1,22,121.5114219,25.0441166
114,09,07,18,13,2,04大安區,大安區基隆路2段與光復南路口,0,0,1,1,B03,6,5,5,50,14,9,1,4,4,5,13,2,1,1,4,5,2,12,1,41,3,10,7,1,7,9,1,8,1,8,44,1,21,121.5575019,25.0298047
114,09,07,18,30,2,05中正區,中正區寧波東街與金華街口,0,0,1,1,B03,6,5,5,50,4,2,1,4,4,5,13,2,1,5,4,5,2,13,1,52,3,10,7,1,7,9,1,8,2,1,108,1,21,121.5199188,25.0319879
114,09,07,18,43,2,09北投區,北投區光明路181號與光明路口,0,0,1,1,C03,6,5,5,50,3,2,1,4,4,5,13,4,4,10,5,5,2,17,1,67,2,9,5,1,7,1,1,10,1,12,19,1,21,121.5041315,25.1363536
114,09,07,19,10,2,12內湖區,內湖區民權東路6段146號,0,0,1,1,B03,6,5,5,50,3,1,1,4,4,5,13,4,4,1,4,5,2,17,1,32,3,10,7,1,7,6,1,8,2,17,9,1,21,121.5903553,25.0688847
114,09,07,19,54,2,07信義區,信義區市民大道5段與東寧路口,0,0,1,1,C03,6,5,5,40,3,2,1,4,4,5,13,2,1,1,4,5,2,13,2,33,2,9,6,1,7,12,1,10,2,11,116,1,22,121.5637146,25.0472959
114,09,07,20,07,2,02萬華區,萬華區環河南路2段58號,0,0,1,1,C03,6,5,5,50,14,9,1,4,4,5,13,1,1,9,4,5,2,17,1,33,3,10,5,4,7,9,6,18,1,11,16,1,21,121.4962043,25.03761047
114,09,07,20,21,2,03中山區,中山區新生北路2段141巷與中原街口,0,0,2,1,F01,7,5,5,30,4,1,1,4,4,5,13,4,4,9,5,5,2,15,1,77,2,9,4,1,7,9,8,20,1,12,72,1,22,121.5289406,25.0616468
114,09,07,20,34,2,02萬華區,萬華區環河南路1段24號,0,0,2,1,C03,7,5,5,40,14,9,1,4,4,5,13,4,4,8,3,5,2,13,1,44,2,8,5,1,7,9,1,10,1,11,16,1,21,121.5056853,25.0483931
114,09,07,20,40,2,03中山區,中山區中山北路3段與中山北路口水晶情人橋前,0,0,1,1,C03,8,5,6,50,4,1,1,4,4,5,13,1,1,9,3,1,2,13,1,29,2,7,5,4,7,9,1,10,1,11,108,1,21,121.5233849,25.07090112
114,09,07,21,19,2,05中正區,中正區中華路1段與忠孝西路1段口,0,0,1,1,C03,7,5,5,50,4,2,1,4,4,5,13,1,1,1,4,5,2,13,1,43,2,9,6,1,7,9,1,10,2,11,44,1,22,121.5100785,25.0476065
114,09,07,22,08,2,02萬華區,萬華區西園路1段與桂林路口,0,0,1,1,B03,8,5,5,50,4,1,1,5,4,5,13,1,1,8,3,4,2,16,1,37,3,10,7,1,7,5,1,8,2,5,80,1,21,121.499741,25.0385078
114,09,07,22,10,2,10文山區,文山區木柵路1段與試院路口,0,0,1,1,B01,7,6,5,50,4,1,1,5,4,5,13,1,1,10,5,5,2,17,1,63,3,10,7,1,7,5,1,4,2,17,42,1,21,121.5499233,24.9874549
114,09,07,22,10,2,10文山區,文山區木柵路1段與試院路口,,,1,1,B01,7,,,50,,,,,,,,,,,,,,,1,63,,,,,,,,,2,,,,,121.5499294,24.9874562
114,09,07,22,54,2,02萬華區,萬華區西寧南路與西寧南路71巷口,0,0,2,1,B01,6,5,8,50,22,22,1,4,4,5,13,4,4,10,5,5,2,14,1,46,3,10,3,4,7,2,1,4,2,3,12,1,21,121.5069439,25.0460775
114,09,08,02,05,2,06松山區,松山區敦化北路120巷與敦化北路120巷7弄口,0,0,1,1,B01,7,5,5,30,4,1,1,5,4,5,13,4,4,10,5,5,2,15,1,57,3,10,7,1,7,9,1,2,1,8,72,1,21,121.5480111,25.0539041
114,09,08,07,00,2,01大同區,大同區延平北路2段與保安街口,0,0,1,1,F01,8,5,5,50,3,1,1,5,4,5,13,1,1,9,4,5,1,17,2,15,4,11,3,4,7,5,8,20,9,17,8,2,16,121.5114321,25.0590567
114,09,08,07,00,2,04大安區,大安區仁愛路4段與忠孝東路4段216巷口,0,0,1,1,C03,8,6,5,30,4,1,1,5,4,5,13,2,1,9,4,5,1,16,1,31,3,10,6,4,7,6,1,10,2,12,9,1,21,121.5528793,25.0379944
114,09,08,07,25,2,02萬華區,萬華區和平西路3段與桂林路246巷口,0,0,1,1,B03,8,5,5,30,3,1,1,5,4,5,13,4,4,5,5,5,2,12,1,67,3,10,7,1,7,1,1,8,1,4,99,1,22,121.4910771,25.0358303
114,09,08,07,38,2,03中山區,中山區長安東路1段與長安東路1段53巷口,0,0,1,1,B01,8,6,5,50,4,1,1,5,4,5,13,2,1,4,5,5,1,16,1,50,3,10,3,4,7,11,1,4,1,4,10,1,21,121.5263429,25.0487425
114,09,08,07,45,2,11南港區,南港區忠孝東路7段與忠孝東路7段325巷口,0,0,1,1,C03,8,6,5,50,3,1,1,5,4,5,13,2,1,3,4,4,2,13,1,25,2,9,6,1,7,9,1,10,1,11,16,1,21,121.6055094,25.0518827
114,09,08,07,50,2,06松山區,松山區民生東路3段與民生東路3段107巷口,0,0,1,1,B03,8,6,5,50,3,1,1,5,4,5,13,4,4,3,4,5,2,15,1,69,3,10,7,1,7,9,1,8,1,1,72,1,21,121.5448209,25.0578877
114,09,08,07,54,2,01大同區,大同區承德路3段與承德路3段176巷口,0,0,2,1,C03,8,6,5,50,3,1,1,5,4,5,13,4,4,1,5,5,2,17,2,40,2,8,6,1,7,6,1,10,1,12,9,1,22,121.5182817,25.0690425
114,09,08,07,54,2,12內湖區,內湖區內湖路1段520號,0,0,2,1,B03,8,6,5,40,14,8,1,5,4,5,13,4,4,1,4,4,2,17,2,49,3,10,7,1,7,6,1,8,2,5,9,1,21,121.5758391,25.07982907
114,09,08,08,00,2,03中山區,中山區南京東路2段與松江路口,0,0,1,1,A04,8,7,5,40,14,10,2,5,4,5,13,4,4,1,4,4,2,9,1,61,3,10,3,4,7,12,1,1,1,17,44,1,21,121.5324423,25.0520428
114,09,08,08,00,2,08士林區,士林區承德路5段南向北方向,0,0,1,1,C03,8,6,5,60,14,9,1,5,4,5,13,4,4,10,4,5,1,17,1,19,2,9,6,1,7,8,1,10,1,11,108,1,21,121.5154318,25.0928419
114,09,08,08,15,2,09北投區,北投區石牌路2段90巷與明德路337巷口,0,0,2,1,C03,8,5,5,30,3,1,1,5,4,5,13,4,4,5,5,5,2,17,1,78,2,9,3,4,7,5,1,10,1,12,8,1,22,121.5186767,25.1170113
114,09,08,08,15,2,12內湖區,內湖區行善路與舊宗路1段口,0,0,1,1,C03,8,6,5,50,14,9,1,5,4,5,13,4,4,1,4,5,2,17,2,40,2,9,6,1,7,7,1,10,1,11,100,1,21,121.5799673,25.0593088
114,09,08,08,52,2,03中山區,中山區民生東路1段58號,0,0,1,1,C04,8,6,5,50,14,9,1,5,4,5,13,4,4,5,4,5,2,12,2,34,2,9,6,1,7,7,1,10,1,14,100,1,22,121.5252389,25.05804519
114,09,08,09,13,2,03中山區,中山區松江路與市民大道3段口,0,0,1,1,B03,8,7,5,50,14,9,1,5,4,5,13,1,1,1,4,5,2,16,1,62,3,10,7,1,7,6,1,8,11,15,9,2,22,121.5327777,25.0457123
114,09,08,09,20,2,03中山區,中山區松江路93巷3號,0,0,1,1,B03,8,5,5,30,14,9,1,5,4,5,13,4,4,10,5,5,2,1,1,36,3,10,3,4,7,9,1,8,1,2,108,1,22,121.5342648,25.0506457
114,09,08,09,25,2,01大同區,大同區民生西路171巷與萬全街口,0,0,1,1,C03,8,6,5,30,4,1,1,5,4,5,13,4,4,10,5,5,2,15,2,72,2,9,6,1,7,9,1,10,1,14,72,1,22,121.5167032,25.05798
114,09,08,09,35,2,07信義區,信義區福德街137巷與福德街137巷11弄口,0,0,2,1,C03,8,7,5,30,3,1,1,5,4,5,13,4,4,10,5,5,2,17,1,35,2,8,6,1,7,5,1,10,1,11,74,1,22,121.5829915,25.0369482
114,09,08,09,43,2,08士林區,士林區百齡橋與大南路口,0,0,1,1,B12,8,6,5,50,5,2,1,5,4,5,13,4,4,10,4,5,1,17,1,53,3,10,7,1,7,6,1,7,1,5,9,1,21,121.5163107,25.09059373
114,09,08,09,50,2,04大安區,大安區基隆路高架道第49號燈桿,0,0,1,1,C03,8,6,5,60,14,9,1,5,4,5,13,4,4,9,4,5,1,12,2,74,2,1,5,1,7,7,1,10,1,14,100,1,21,121.5416342,25.0148233
114,09,08,09,53,2,03中山區,中山區濱江街297號,0,0,1,1,C03,8,7,5,50,14,9,2,5,4,5,13,4,4,1,4,5,2,17,1,20,2,9,3,4,7,9,1,10,1,14,13,1,21,121.5454414,25.0724835
114,09,08,09,59,2,09北投區,北投區大度路3段6510007燈桿處,0,0,1,1,B03,8,6,5,50,14,9,1,5,4,5,13,4,4,1,4,5,2,12,2,61,3,10,7,1,7,9,1,8,2,2,108,1,21,121.4666189,25.1233709
114,09,08,10,27,2,02萬華區,萬華區萬大路371號,0,0,1,1,C03,8,7,5,30,14,9,1,5,4,5,13,2,1,5,4,5,2,16,1,72,2,9,3,4,7,7,1,10,1,14,100,1,22,121.4995656,25.0228676
114,09,08,10,29,2,07信義區,信義區松壽路9號,0,0,1,1,C03,8,6,5,30,14,9,1,5,4,5,13,4,4,10,4,5,2,13,1,36,2,7,3,4,7,9,1,9,1,11,108,1,22,121.5666251,25.036792
114,09,08,10,43,2,05中正區,中正區羅斯福路1段7號,0,0,1,1,C03,8,7,5,40,14,9,1,5,4,5,13,4,4,8,3,4,2,17,4,0,,,,,,,,,11,,119,2,,121.5178489,25.033471
114,09,08,10,46,2,07信義區,信義區信義路5段101號,0,0,2,1,C03,8,6,5,50,14,9,1,5,4,5,13,4,4,10,4,5,2,13,1,67,2,9,5,1,7,9,1,10,1,11,16,1,21,121.5722724,25.0328993
114,09,08,10,50,2,05中正區,中正區羅斯福路1段7號,0,0,1,1,C03,8,7,5,40,14,8,1,5,4,5,13,4,4,8,3,4,2,17,2,29,2,9,6,1,7,9,1,10,1,15,118,1,21,121.5171955,25.0345117
114,09,08,10,57,2,05中正區,中正區中山南路與仁愛路1段口,0,0,2,1,C03,8,5,5,50,4,1,1,5,4,5,13,1,1,9,4,5,2,17,2,20,2,9,5,1,7,9,1,10,2,12,17,1,21,121.5181159,25.0391599
114,09,08,10,58,2,09北投區,北投區東昇路與行義路口,0,0,2,1,C03,8,5,5,40,3,1,1,5,4,5,13,4,4,7,4,5,2,17,1,19,2,9,3,4,7,5,1,10,2,11,74,1,21,121.5235197,25.1459715
114,09,08,10,59,2,06松山區,松山區光復北路60巷與八德路3段199巷口,0,0,1,1,C03,8,6,5,30,4,1,1,5,4,5,13,4,4,8,5,4,2,15,1,48,2,8,6,1,7,9,1,10,1,12,72,1,22,121.5563321,25.0498027
114,09,08,11,16,2,03中山區,中山區中山北路2段與撫順街口,0,0,2,1,C03,8,5,5,50,3,1,1,5,4,5,13,4,4,1,4,5,2,13,1,18,2,8,3,4,7,9,1,10,1,11,16,1,21,121.5222325,25.06422317
114,09,08,11,40,2,03中山區,中山區民生東路2段與松江路口,0,0,1,1,C03,8,6,5,50,14,9,1,5,4,5,13,4,4,1,5,5,1,12,1,78,2,7,3,4,7,9,1,10,1,17,108,1,21,121.5335869,25.0580618
114,09,08,11,40,2,10文山區,文山區木柵路1段與木柵路1段70巷口,0,0,1,1,C03,8,5,5,50,4,1,1,5,4,5,13,2,1,10,5,5,1,17,1,64,2,9,5,1,7,5,1,10,9,17,8,1,21,121.5488377,24.9872267
114,09,08,11,56,2,03中山區,中山區龍江路與龍江路55巷口,0,0,1,1,B03,8,7,5,50,4,1,1,5,4,5,13,4,4,9,4,5,2,17,1,55,3,10,3,4,7,5,1,8,1,1,72,1,22,121.5404432,25.0495631
114,09,08,11,57,2,02萬華區,萬華區環河南路2段280巷與環河南路2段250巷33弄口,0,0,3,1,B03,8,6,5,50,3,1,1,5,4,5,13,4,4,9,5,5,2,17,1,57,3,10,7,1,7,5,1,8,1,8,8,1,21,121.4893342,25.0333392
114,09,08,12,10,2,04大安區,大安區基隆路3段137號,0,0,2,1,C03,8,6,5,50,14,7,1,5,4,5,13,4,4,1,4,4,2,13,1,27,2,9,6,1,7,9,1,10,1,12,16,1,21,121.5431668,25.0160828
114,09,08,12,11,2,03中山區,中山區市民大道3段與松江路口,0,0,2,1,C03,8,5,5,40,4,1,1,5,4,5,13,1,1,1,4,5,2,3,1,39,2,9,3,4,7,9,1,10,2,11,118,1,21,121.5332849,25.04578922
114,09,08,12,18,2,03中山區,中山區市民大道2段與天津街口,0,0,1,1,B01,8,7,5,50,4,1,1,5,4,5,13,1,1,9,5,5,2,16,1,65,3,10,7,1,7,5,1,4,1,4,16,1,22,121.5218674,25.0481208
114,09,08,12,27,2,12內湖區,內湖區民善街205號前,0,0,1,1,B03,8,5,5,50,14,9,1,5,4,5,13,4,4,5,5,5,2,17,1,68,3,10,7,1,7,6,1,8,2,5,9,1,21,121.5744469,25.06404929
114,09,08,13,30,2,12內湖區,內湖區瑞光路與陽光街口,0,0,1,1,C04,8,6,5,50,4,1,1,5,4,5,13,2,1,5,4,5,2,17,2,25,3,10,6,1,7,5,1,8,1,12,74,1,21,121.5792216,25.0737786
114,09,08,13,45,2,08士林區,士林區忠誠路1段與忠誠路1段171巷口,0,0,1,1,B03,8,6,5,30,5,1,1,5,4,5,13,1,1,1,4,5,2,17,1,72,3,10,7,1,7,9,1,8,2,5,108,1,22,121.5300451,25.1076486
114,09,08,13,49,2,06松山區,松山區光復北路95號,0,0,1,1,B03,8,6,5,50,14,9,1,5,4,5,13,4,4,1,3,5,2,13,1,41,3,10,7,1,7,9,1,8,1,1,16,1,21,121.5579653,25.0508306
114,09,08,14,20,2,03中山區,中山區市民大道2段與長安東路1段30巷口,0,0,2,1,C03,8,6,5,40,3,1,1,5,4,4,13,4,4,1,5,5,2,13,1,28,2,9,6,1,7,9,1,10,1,11,16,1,22,121.5264109,25.0474126
114,09,08,14,44,2,02萬華區,萬華區環河南路2段274號,0,0,1,1,C03,8,5,8,50,22,22,1,5,4,5,13,4,4,10,5,5,2,17,1,48,2,9,3,4,7,9,6,18,1,11,42,1,21,121.4919755,25.032785
114,09,08,14,49,2,02萬華區,萬華區中華路2段416巷與雙和街31巷口,0,0,2,1,C04,8,6,6,30,4,1,1,5,4,5,13,1,1,9,4,5,1,15,1,49,2,8,5,1,7,9,1,11,1,11,81,1,21,121.5022124,25.0266159
114,09,08,15,10,2,08士林區,士林區承德路4段31號,0,0,1,1,C03,8,5,5,50,14,9,1,5,4,5,13,4,4,1,4,5,2,13,1,58,3,10,3,4,7,9,1,10,2,11,16,1,21,121.5195753,25.09623315
114,09,08,15,44,2,03中山區,中山區南京東路1段128號,0,0,1,1,C03,7,6,5,50,14,9,1,5,4,5,13,2,1,1,5,5,1,13,2,38,2,9,3,4,7,9,1,10,1,11,16,1,21,121.5271016,25.0519736
114,09,08,16,50,2,05中正區,中正區延平南路與長沙街1段口,0,0,1,1,C03,7,6,5,50,4,1,1,5,4,5,13,2,1,10,5,5,2,16,2,60,2,9,6,4,7,9,1,10,2,11,81,1,22,121.5082852,25.03953705
114,09,08,17,02,2,03中山區,中山區北安路87巷與北安路口對面,0,0,1,1,C03,8,6,5,50,3,1,1,5,4,5,13,1,1,1,4,5,2,13,1,28,2,9,6,4,7,9,1,10,1,14,16,1,22,121.5288781,25.0776969
114,09,08,17,05,2,06松山區,松山區塔悠路與南京東路5段口,0,0,1,1,C04,8,7,5,50,4,1,1,5,4,5,13,1,1,1,4,5,2,16,1,56,2,9,5,1,7,5,1,11,2,14,103,1,21,121.5702822,25.0514239
114,09,08,17,07,2,06松山區,松山區八德路4段245巷16號,0,0,1,1,C03,8,6,5,30,14,9,1,5,4,5,13,4,4,10,4,5,2,17,2,31,2,8,6,4,7,9,1,10,1,14,72,1,22,121.5647046,25.0494908
114,09,08,17,12,2,09北投區,北投區石牌路2段315巷34弄與石牌路2段343巷口,0,0,1,1,,8,6,5,0,3,2,1,5,4,5,13,4,4,10,5,5,2,18,3,80,,,,,,,,,,,66,1,,121.5241724,25.12341062
114,09,08,17,25,2,12內湖區,內湖區東湖路113巷49弄45號,0,0,1,1,C03,8,5,5,30,3,1,1,5,4,5,13,4,4,10,5,5,2,17,1,31,2,9,6,1,7,6,1,10,1,17,108,1,21,121.6148316,25.0694768
114,09,08,17,47,2,07信義區,信義區基隆路1段(忠孝東路4段569號),0,0,2,1,C03,7,5,8,50,22,22,1,5,4,5,13,4,4,1,4,5,2,17,2,50,2,9,6,1,7,9,1,10,1,14,17,1,22,121.5646557,25.0417321
114,09,08,17,48,2,04大安區,大安區辛亥路2段與新生南路3段口,0,0,1,1,C03,8,5,5,40,4,1,1,5,4,5,13,1,1,9,4,4,1,17,1,21,2,7,3,4,7,7,1,10,1,11,100,1,21,121.5344265,25.0221017
114,09,08,18,03,2,10文山區,文山區木柵路1段與和興路口口,0,0,1,1,C03,8,6,5,50,4,1,1,5,4,5,13,2,1,5,4,5,1,13,2,60,2,7,6,1,7,9,1,10,1,11,108,1,21,121.5460505,24.9867256