發生年度,發生月,發生日,發生時-Hours,發生分,處理別-編號,區序,肇事地點,死亡人數,2-30日死亡人數,受傷人數,當事人序號,車種,天候,光線,道路類別,速限-速度限制,道路型態,事故位置,路面狀況1,路面狀況2,路面狀況3,道路障礙1,道路障礙2,號誌1,號誌2,車道劃分-分向,車道劃分-分道1,車道劃分-分道2,車道劃分-分道3,事故類型及型態,性別,年齡,受傷程度,主要傷處,保護裝置,行動電話,車輛用途,當事者行動狀態,駕駛資格情形,駕駛執照種類,飲酒情形,車輛撞擊部位1,肇因碼-個別,個人肇逃否,職業,座標-X,座標-Y
114,09,08,18,24,2,02萬華區,萬華區和平西路2段與艋舺大道口,0,0,1,1,A02,7,5,5,50,4,2,1,5,4,5,13,2,1,1,4,4,2,9,1,54,3,10,7,1,7,12,1,2,1,17,44,1,21,121.505051,25.0335858
114,09,08,18,30,2,12內湖區,內湖區民權東路6段136巷與民權東路6段136巷39弄口口,0,0,2,1,C03,8,5,5,40,4,1,1,5,4,5,13,2,1,5,5,5,2,16,2,32,2,9,5,1,7,5,1,10,1,11,71,1,21,121.5877647,25.0663054
114,09,08,18,35,2,04大安區,大安區基隆路2段與和平東路3段口,0,0,1,1,C04,8,6,5,50,5,2,1,5,4,5,13,2,1,1,4,5,2,17,2,64,2,9,3,4,7,6,1,11,1,12,9,1,21,121.552756,25.0246827
114,09,08,18,39,2,01大同區,大同區忠孝橋機慢車道(燈桿288677),0,0,1,1,C03,7,5,5,40,8,11,1,5,4,5,13,4,4,10,5,5,2,29,1,36,2,9,5,4,7,9,1,9,1,11,44,1,21,121.5057156,25.0492853
114,09,08,19,25,2,09北投區,北投區洲美快速道路6510199號燈桿旁,0,0,2,1,B03,7,5,5,50,10,7,1,5,4,5,13,4,4,9,4,5,1,13,2,42,3,10,7,1,7,12,1,8,1,1,16,1,21,121.4990037,25.1010622
114,09,08,19,34,2,01大同區,大同區哈密街與重慶北路3段口口,0,0,1,1,C03,8,5,5,50,4,2,4,5,4,5,13,2,1,10,5,5,2,17,1,63,2,9,6,1,7,1,1,10,2,11,19,1,21,121.5136387,25.0729012
114,09,08,20,10,2,08士林區,士林區中正路與福港街口,0,0,2,1,C03,8,5,5,50,3,1,1,5,4,5,13,2,1,5,4,5,2,17,1,20,2,9,3,4,7,8,1,10,1,12,101,1,21,121.5175322,25.0919177
114,09,08,20,25,2,12內湖區,內湖區內湖路1段91巷18號對面,0,0,3,1,C03,8,5,5,30,14,9,1,5,4,5,13,4,4,10,5,5,2,13,1,37,2,9,6,1,7,9,1,10,2,11,44,1,21,121.5617651,25.0851941
114,09,08,20,35,2,03中山區,中山區濱江街與濱江街口無名巷,0,0,1,1,B03,8,5,5,30,3,1,1,5,4,5,13,4,4,9,4,5,2,17,1,46,3,10,7,1,7,7,1,8,1,4,72,1,21,121.5508698,25.07235484
114,09,08,21,12,2,03中山區,中山區北安路與崇實路口,0,0,2,1,C03,8,5,5,50,4,1,1,5,4,5,13,2,1,1,4,5,2,16,2,21,2,9,6,1,7,5,1,10,2,11,98,1,21,121.5444745,25.0798165
114,09,08,21,18,2,09北投區,北投區泉源路與新民路口,0,0,1,1,C03,7,5,5,30,4,2,1,5,4,5,13,3,1,5,5,5,1,17,1,18,2,9,5,1,7,6,1,10,2,11,42,1,22,121.5051896,25.1385085
114,09,08,22,02,2,06松山區,松山區南京東路4段與南京東路4段120巷口,0,0,1,1,A02,7,5,5,50,4,1,1,5,4,5,13,1,1,1,4,5,2,9,1,52,3,10,7,1,7,9,1,2,9,17,44,1,21,121.5549206,25.0516083
114,09,08,22,07,2,01大同區,大同區承德路2段與民權西路口,0,0,3,1,C03,7,5,5,50,4,1,1,5,4,5,13,2,1,1,4,5,2,17,1,22,2,7,5,4,7,9,1,10,1,12,108,1,21,121.5185503,25.063139
114,09,08,23,23,2,03中山區,中山區民生東路1段32號,0,0,1,1,B03,8,5,5,50,14,9,1,5,4,5,13,1,1,4,3,5,1,17,1,39,3,10,7,1,7,11,1,8,1,2,10,1,21,121.5213032,25.04996387
114,09,09,05,45,2,09北投區,北投區中央北路4段與大度路3段口,0,0,1,1,C03,8,7,5,50,11,9,1,5,4,5,13,2,1,1,4,5,2,17,1,23,3,10,5,1,7,6,1,10,2,12,82,1,21,121.4644983,25.12421508
114,09,09,07,05,2,10文山區,文山區和平東路4段第0706287燈桿前,0,0,1,1,C03,8,7,5,40,11,9,1,5,4,5,13,4,4,5,5,5,1,18,1,27,2,9,5,1,7,9,1,10,11,11,118,1,21,121.5718865,25.0019653
114,09,09,07,26,2,03中山區,中山區中山北路1段與南京東路1段口,0,0,1,1,C03,8,7,5,50,4,2,1,5,4,5,13,1,1,1,4,5,2,13,2,61,2,7,5,1,7,9,1,10,2,11,16,1,21,121.5225441,25.0518383
114,09,09,07,32,2,06松山區,松山區南京東路5段171號,0,0,2,1,C03,8,6,5,50,14,7,1,5,4,5,13,4,4,3,4,4,2,17,1,71,2,9,6,4,7,9,6,10,2,11,16,1,22,121.5635564,25.0514972
114,09,09,07,35,2,09北投區,北投區明德路與致遠一路1段口,0,0,1,1,C03,8,5,5,50,4,1,1,5,4,5,13,1,1,5,4,5,2,17,1,31,2,7,3,4,7,5,1,10,2,12,71,1,21,121.5179245,25.107464
114,09,09,07,40,2,06松山區,松山區南京東路5段80號,0,0,2,1,C03,8,6,5,50,14,7,1,5,4,5,13,4,4,3,4,4,2,13,1,27,2,9,6,1,7,9,1,10,1,11,108,1,21,121.5611785,25.0514116
114,09,09,08,01,2,10文山區,文山區興隆路1段與興隆路1段202巷口口,0,0,2,1,C03,8,6,5,50,3,2,1,5,4,5,13,4,4,1,4,5,2,16,2,63,2,9,6,1,7,7,1,10,2,14,100,1,21,121.5436319,25.0001448
114,09,09,08,05,2,06松山區,松山區健康路與寶清街口,0,0,1,1,B03,8,6,5,40,4,1,1,5,4,5,13,1,1,1,4,5,2,17,1,61,3,10,7,1,7,5,1,4,1,2,17,1,21,121.5673731,25.0543187
114,09,09,08,05,2,09北投區,北投區光明路與溫泉路口,0,0,1,1,C03,8,5,5,50,3,1,1,5,4,5,13,4,4,9,4,5,2,17,2,75,2,8,3,4,7,5,1,10,1,14,8,1,21,121.502347,25.1343995
114,09,09,08,09,2,10文山區,文山區景興路與景華街口,0,0,1,1,B03,8,6,5,50,4,1,1,5,4,5,13,2,1,1,4,5,2,17,2,31,3,10,7,1,7,5,1,8,1,17,71,1,21,121.5446337,24.9951294
114,09,09,08,14,2,07信義區,信義區忠孝東路4段與忠孝東路4段553巷口,0,0,1,1,C03,8,6,5,30,5,1,1,5,4,5,13,1,1,3,3,5,2,17,1,59,2,7,6,1,7,5,5,10,1,14,83,1,21,121.5626657,25.041167
114,09,09,08,20,2,08士林區,士林區延平北路7段堤內288桿,0,0,1,1,C03,8,5,8,30,22,22,1,5,4,5,13,4,4,10,5,5,1,10,1,20,2,9,5,1,7,9,1,10,1,11,5,1,21,121.4962798,25.0987608
114,09,09,08,26,2,01大同區,大同區民族西路與大龍街口,0,0,1,1,A12,8,5,5,50,4,2,1,5,4,5,13,1,1,9,4,5,1,16,1,32,3,10,3,4,7,5,1,7,1,1,71,1,21,121.5158697,25.0685309
114,09,09,08,35,2,07信義區,信義區信安街與嘉興街219巷口,0,0,1,1,C03,8,7,8,50,4,1,1,5,4,5,13,1,1,9,5,5,2,12,1,70,2,8,3,4,7,9,1,10,1,14,17,1,21,121.5567719,25.0256315
114,09,09,08,41,2,10文山區,文山區木柵路1段與木柵路1段59巷口,0,0,2,1,C03,8,6,5,50,4,1,1,5,4,5,13,1,1,5,4,5,2,16,2,33,2,9,6,1,7,5,1,10,1,12,71,1,21,121.5459995,24.9868005
114,09,09,09,00,2,04大安區,大安區忠孝東路3段與忠孝東路3段10巷口,0,0,1,1,B03,8,6,5,50,3,2,1,5,4,5,13,4,4,3,4,5,1,12,2,26,3,10,3,4,7,9,1,8,1,2,44,1,21,121.5335886,25.0421163
114,09,09,09,05,2,11南港區,南港區重陽路321號,0,0,1,1,B03,8,7,5,50,14,7,1,5,4,5,13,4,4,8,4,4,2,17,1,61,3,10,7,1,7,11,1,8,1,1,10,1,21,121.6058042,25.0579714
114,09,09,09,10,2,12內湖區,內湖區堤外便道與五分街口,0,0,1,1,B12,8,5,5,50,3,1,1,5,4,5,13,1,1,4,3,5,1,16,1,43,3,10,3,4,7,6,1,8,11,5,9,1,21,121.6179257,25.0658373
114,09,09,09,13,2,05中正區,中正區汀州路3段293號,0,0,2,1,C03,8,6,5,50,14,9,1,5,4,5,13,4,4,9,5,5,1,16,2,44,2,8,6,1,7,5,1,11,1,12,8,1,21,121.5358526,25.0118286
114,09,09,09,14,2,01大同區,大同區延平北路2段與民權西路口,0,0,2,1,C03,8,6,5,50,4,1,1,5,4,5,13,2,1,1,5,5,2,16,1,42,2,7,6,1,7,5,1,9,1,14,8,1,22,121.5112169,25.0628544
114,09,09,09,17,2,07信義區,信義區忠孝東路5段437號,0,0,2,1,C03,8,6,5,50,14,9,1,5,4,5,13,4,4,3,3,5,2,13,2,35,2,9,6,1,7,9,1,10,1,11,44,1,21,121.5760098,25.0408948
114,09,09,09,20,2,05中正區,中正區中山北路1段與北平東路口,0,0,1,1,C03,8,6,5,50,4,1,1,5,4,5,13,2,1,10,4,5,2,17,2,40,3,10,6,4,7,15,1,10,1,17,100,1,22,121.5203569,25.0478456
114,09,09,09,52,2,06松山區,松山區富錦街往東（燈桿0202225),0,0,2,1,B01,8,6,5,50,14,9,1,5,4,5,13,4,4,9,4,5,2,17,2,44,2,8,3,4,7,11,1,4,1,7,10,1,22,121.5554094,25.0603513
114,09,09,10,00,2,06松山區,松山區民權東路5段與塔悠路口,0,0,1,1,C04,8,6,5,50,3,1,1,5,4,5,13,1,1,1,3,5,2,29,2,20,2,8,6,4,7,9,1,10,11,11,16,1,21,121.5684166,25.0634857
114,09,09,10,07,2,05中正區,中正區和平西路1段與南昌路2段口,0,0,1,1,C03,8,6,5,50,5,1,1,5,4,5,13,1,1,1,4,5,2,13,1,19,2,9,5,1,7,9,1,10,1,11,16,1,21,121.5209216,25.0267403
114,09,09,10,30,2,12內湖區,內湖區行忠路171巷與行忠路口,0,0,1,1,B12,7,6,5,50,4,1,1,5,4,5,13,1,1,10,5,5,2,3,1,62,3,10,7,1,7,5,1,8,2,1,70,1,21,121.5814402,25.066954
114,09,09,10,38,2,07信義區,信義區松隆路與永吉路口,0,0,1,1,B02,8,6,5,50,5,1,1,5,4,5,13,1,1,1,4,5,2,17,1,50,3,10,3,4,7,6,1,8,1,6,9,1,22,121.5703033,25.0455318
114,09,09,10,46,2,03中山區,中山區北安路630巷9弄22號,0,0,1,1,B12,8,6,5,30,14,9,1,5,4,5,13,4,4,8,5,5,1,12,1,73,3,10,3,4,7,1,1,8,1,8,19,1,21,121.5498175,25.0834251
114,09,09,10,48,2,05中正區,中正區重慶南路2段與愛國西路口,0,0,1,1,C03,8,6,5,50,4,1,1,5,4,5,13,1,1,1,4,5,2,16,2,42,2,7,5,1,7,6,1,10,2,12,9,1,21,121.5123669,25.0350454
114,09,09,10,56,2,05中正區,中正區中山南路與青島東路口,0,0,3,1,C03,8,6,5,50,4,1,1,5,4,5,13,1,1,8,4,1,1,12,1,50,2,9,6,1,7,8,1,10,2,12,100,1,22,121.519374,25.0444118
114,09,09,11,23,2,03中山區,中山區民權東路2段160號前,0,0,1,1,B03,8,7,5,0,14,9,1,5,4,5,13,4,4,1,4,5,2,9,1,25,3,10,3,4,7,9,1,8,1,2,108,1,22,121.5353369,25.0623273
114,09,09,11,40,2,03中山區,中山區林森北路與新生北路2段28巷口,0,0,1,1,B12,8,7,5,30,4,2,1,5,4,5,13,1,1,9,5,5,2,1,1,61,3,10,7,1,7,5,1,8,1,8,70,1,21,121.5256722,25.0538835
114,09,09,11,40,2,09北投區,北投區中央北路1段1號,0,0,1,1,B03,8,6,5,50,14,9,1,5,4,5,13,4,4,5,4,5,2,11,1,72,3,10,7,1,7,9,1,8,1,17,44,1,21,121.5013299,25.13351029
114,09,09,11,45,2,07信義區,信義區基隆路1段141號,0,0,2,1,B03,7,6,5,50,14,9,1,5,4,5,13,2,1,1,4,5,1,13,2,58,3,10,3,4,7,9,1,8,1,1,44,1,21,121.5656487,25.0430973
114,09,09,11,50,2,03中山區,中山區建國北路1段與建國北路1段88巷口迴轉道,0,0,1,1,B03,8,7,5,50,5,2,1,5,4,5,13,1,1,9,4,5,2,13,2,47,3,10,7,1,7,14,1,8,1,6,44,1,21,121.5368444,25.0492637
114,09,09,11,55,2,03中山區,中山區撫順街12號,0,0,1,1,B03,8,6,5,50,14,9,1,5,4,5,13,4,4,4,5,5,1,1,1,25,3,10,3,4,7,9,1,8,2,8,70,1,21,121.5207855,25.06360956
114,09,09,12,25,2,08士林區,士林區文林路與雙溪街口,0,0,2,1,C03,7,6,5,40,4,2,1,5,4,5,13,2,1,5,5,4,2,17,2,29,2,9,6,1,7,6,1,10,2,12,9,1,21,121.5234372,25.0996327
114,09,09,12,36,2,03中山區,中山區中山北路2段181號,0,0,1,1,C03,8,6,5,50,14,8,1,5,4,5,13,4,4,1,5,1,1,12,2,71,2,9,3,4,7,8,1,10,1,14,100,1,21,121.5226303,25.0633208
114,09,09,12,49,2,03中山區,中山區民生西路52號,0,0,1,1,B12,8,6,5,50,14,9,1,5,4,5,13,4,4,9,4,5,2,12,1,38,3,10,7,1,7,13,1,8,1,4,40,1,22,121.5222173,25.05803712
114,09,09,12,52,2,10文山區,文山區木柵路1段325號,0,0,1,1,C03,8,6,5,50,14,9,1,5,4,5,13,2,1,5,4,5,2,13,1,21,2,8,5,1,7,9,1,10,1,11,16,1,21,121.5564,24.9885047
114,09,09,13,00,2,09北投區,北投區關渡路30號,0,0,1,1,C03,8,7,5,50,14,9,1,5,4,5,13,4,4,5,5,5,2,16,1,36,2,9,6,1,7,9,1,10,1,11,108,1,22,121.4693353,25.1213144
114,09,09,13,30,2,12內湖區,內湖區文德路與內湖路2段口,0,0,1,1,B03,8,6,5,50,3,1,1,5,4,5,13,4,4,1,4,5,2,16,1,54,3,10,7,1,7,7,1,8,1,8,72,1,21,121.5791471,25.0786163
114,09,09,14,58,2,10文山區,文山區景興路與景中街口,0,0,1,1,B03,8,6,5,50,4,1,1,5,4,5,13,2,1,1,4,5,2,16,1,37,3,10,7,1,7,11,1,8,2,8,10,1,21,121.5441926,24.9926918
114,09,09,15,11,2,10文山區,文山區興隆路3段54號與興隆路3段口,0,0,2,1,C03,8,6,5,50,3,1,1,5,4,5,13,2,1,1,4,5,1,12,1,74,2,9,6,1,7,7,1,10,2,14,101,1,21,121.5560302,25.0001449
114,09,09,15,37,2,04大安區,大安區忠孝東路4段309號,0,0,1,1,C03,6,6,5,50,14,9,1,4,4,5,13,4,4,3,4,5,1,13,1,37,2,8,6,4,7,9,1,10,2,14,16,1,21,121.5558109,25.0414695
114,09,09,15,59,2,06松山區,松山區光復北路與民生東路5段27巷9弄口,0,0,1,1,B03,7,7,5,50,3,1,1,4,4,5,13,4,4,9,4,4,2,17,2,62,3,10,7,1,7,11,1,8,2,17,10,2,21,121.5549153,25.0598093
114,09,09,16,47,2,10文山區,文山區景文街與羅斯福路6段401巷口口,0,0,1,1,B03,6,6,5,50,3,19,1,4,4,5,12,4,4,5,5,4,1,3,1,40,3,10,7,1,7,9,1,8,2,1,70,1,21,121.5413632,24.9918694
114,09,09,17,27,2,07信義區,信義區吳興街225巷與吳興街口口,0,0,1,1,C03,7,5,8,50,22,22,1,4,4,5,13,1,1,5,4,5,2,17,1,49,3,10,6,1,7,5,1,10,2,17,8,1,21,121.5631424,25.0277627
114,09,09,17,40,2,05中正區,中正區市民大道2段與長安東路1段30巷口,0,0,1,1,,8,7,5,40,14,9,1,5,4,5,13,1,1,1,4,5,2,17,4,0,,,,,7,21,8,20,9,13,119,2,,121.5260739,25.0472755
114,09,09,17,53,2,04大安區,大安區信義路4段與信義路4段265巷口,0,0,1,1,B02,8,6,5,50,4,1,1,5,4,5,13,2,1,1,4,5,1,16,1,72,4,11,3,4,7,5,7,19,9,2,118,2,22,121.5542927,25.0333405
114,09,09,17,57,2,11南港區,南港區東新街與東新街108巷口,0,0,1,1,B03,8,7,5,50,4,1,1,5,4,5,13,2,1,4,3,4,2,17,1,49,3,10,7,1,7,5,1,16,1,1,71,1,21,121.5878549,25.0465075
114,09,09,18,06,2,08士林區,士林區文昌路與美崙街口,0,0,1,1,C03,8,5,5,50,4,1,1,5,4,5,13,2,1,5,4,5,2,16,2,60,2,9,6,1,7,6,1,10,1,11,9,1,21,121.5207868,25.0968727
114,09,09,18,09,2,03中山區,中山區濱江街與民族東路口,0,0,2,1,A31,8,5,5,50,4,2,1,3,4,5,13,2,1,1,4,5,2,17,1,30,3,10,7,1,7,9,1,1,9,17,34,1,21,121.5211389,25.05008675
114,09,09,18,11,2,03中山區,中山區復興北路與五常街口,0,0,1,1,B01,8,5,5,50,4,1,1,5,4,5,13,1,1,1,4,5,2,17,1,68,3,10,3,4,7,5,1,4,1,17,8,1,21,121.5441861,25.0645279
114,09,09,18,17,2,03中山區,中山區樂群三路與敬業三路口,0,0,1,1,B03,8,5,5,50,4,1,1,5,4,5,13,2,1,5,4,5,2,16,1,42,3,10,7,1,7,6,1,8,1,2,9,1,21,121.5563807,25.0826994
114,09,09,18,42,2,02萬華區,萬華區堤外便道自行車道（3010191燈桿）,0,0,2,1,C03,7,5,7,50,14,23,1,4,4,5,13,4,4,9,5,5,2,9,1,23,2,9,5,1,7,9,1,10,1,11,118,1,21,121.509875,25.0228806
114,09,09,18,45,2,02萬華區,萬華區萬大路166號,0,0,1,1,F01,7,5,5,30,14,9,1,5,4,5,13,4,4,1,4,5,2,17,1,57,3,10,4,1,7,1,8,20,1,17,19,1,21,121.50038,25.0282717
114,09,09,18,50,2,03中山區,中山區建國北路2段與建國北路2段96巷口,0,0,1,1,C03,7,5,5,50,3,2,1,4,4,5,13,4,4,1,4,5,2,13,1,19,3,10,6,1,7,9,1,10,1,11,16,1,21,121.5366325,25.0575892
114,09,09,19,09,2,01大同區,大同區承德橋機慢車道（下坡處，往南）,0,0,1,1,C03,8,5,5,50,8,11,1,5,4,5,13,4,4,2,4,3,2,13,1,45,2,9,6,1,7,9,1,10,2,11,44,1,21,121.5203075,25.0759882
114,09,09,19,13,2,10文山區,文山區道南橋下涵洞,0,0,1,1,C03,7,5,5,30,9,9,1,4,4,5,13,4,4,10,5,5,1,13,2,20,2,9,3,4,7,9,1,10,1,11,16,1,22,121.571586,24.98801685
114,09,09,19,42,2,03中山區,中山區復興北路與八德路2段口,0,0,2,1,C03,8,5,5,50,4,2,1,5,4,5,13,4,4,1,4,5,2,13,2,28,2,9,6,1,7,9,1,10,1,11,108,1,21,121.5438597,25.0477641
114,09,09,19,55,2,03中山區,中山區市民大道3段19號,0,0,1,1,C03,8,5,5,40,14,9,1,5,4,5,13,4,4,1,4,5,2,18,1,37,2,9,5,1,7,9,1,10,9,14,44,1,22,121.5339064,25.045279
114,09,09,20,28,2,12內湖區,內湖區內湖路1段737巷51弄與麗山街46巷6弄口,0,0,1,1,F01,8,5,5,30,3,2,1,5,4,5,13,4,4,5,5,5,2,12,1,70,2,1,4,1,7,15,8,20,1,14,100,1,21,121.5801046,25.0803013
114,09,09,21,30,2,03中山區,中山區中山北路2段與民權西路口,0,0,2,1,C03,8,5,5,50,4,2,1,5,4,5,13,2,1,9,4,5,2,13,1,18,2,9,6,1,7,9,1,10,1,11,108,1,25,121.5224669,25.06291334
114,09,09,22,08,2,04大安區,大安區基隆路4段與羅斯福路4段口,0,0,1,1,C03,7,5,5,50,5,1,1,5,4,5,13,2,1,1,4,4,1,13,2,29,2,8,3,4,7,6,1,10,1,11,108,1,22,121.5372397,25.0115203
114,09,09,22,24,2,03中山區,中山區中山北路4段與中山橋口,0,0,1,1,C03,8,5,5,50,11,9,1,5,4,5,13,4,4,10,4,5,2,17,1,21,2,9,6,1,7,8,1,10,1,12,102,1,21,121.5256979,25.0746415
114,09,10,03,15,2,08士林區,士林區中正路與重慶北路4段口口,0,0,1,1,B12,8,5,5,50,3,1,1,5,4,5,13,4,4,10,3,5,2,17,2,73,3,10,3,4,7,6,1,8,1,2,9,1,22,121.5099269,25.0867044
114,09,10,04,28,2,07信義區,信義區吳興街284巷24弄26號,0,0,1,1,C03,8,5,8,30,22,22,1,5,4,5,13,4,4,10,5,5,2,17,1,36,2,9,5,4,7,9,1,10,2,12,72,1,21,121.5627011,25.0238714
114,09,10,06,37,2,12內湖區,內湖區五分街22號,0,0,1,1,B12,8,7,8,40,14,9,1,5,4,5,13,4,4,9,5,5,2,8,1,57,3,10,7,1,7,6,3,18,9,15,9,1,21,121.6141406,25.0674093
114,09,10,06,46,2,04大安區,大安區仁愛路4段91巷與仁愛路4段71巷口,0,0,1,1,B02,8,7,5,30,4,1,1,5,4,5,13,4,4,10,5,5,2,15,1,73,2,9,3,4,7,9,1,4,1,1,72,1,21,121.54712,25.0385848
114,09,10,06,48,2,08士林區,士林區中正路與重慶北路4段口,0,0,2,1,B03,8,6,5,50,3,2,1,5,4,5,13,4,4,10,4,5,1,17,1,61,3,10,7,1,7,6,1,8,2,2,9,1,21,121.5098686,25.08672233
114,09,10,06,50,2,11南港區,南港區三重路與經貿二路62巷口,0,0,2,1,C03,8,6,5,50,3,1,1,5,4,5,13,2,1,5,4,5,2,13,1,21,2,7,6,1,7,9,1,10,2,11,16,1,21,121.6140502,25.0569025
114,09,10,07,13,2,10文山區,文山區木柵路2段109巷與木柵路2段109巷25弄口,0,0,1,1,C03,8,6,6,30,5,2,1,5,4,5,13,4,4,10,5,5,2,13,2,46,2,9,6,1,7,9,1,10,1,11,16,1,21,121.5624743,24.9904408
114,09,10,07,30,2,12內湖區,內湖區成功路4段與金湖路口側附近口,0,0,1,1,C03,8,6,5,50,4,1,1,5,4,5,13,2,1,1,3,5,1,16,2,74,2,9,6,1,7,5,1,10,1,13,8,1,21,121.5952342,25.0840741
114,09,10,07,40,2,05中正區,中正區貴陽街1段與公園路口,0,0,3,1,C03,8,7,5,50,4,1,1,5,4,5,13,1,1,10,5,5,2,16,1,22,2,9,5,1,7,5,1,9,1,11,8,1,21,121.5152691,25.0386038
114,09,10,07,44,2,10文山區,文山區羅斯福路6段與車前路口,0,0,1,1,C03,8,6,5,50,4,1,1,5,4,5,13,2,1,1,4,5,2,13,1,69,2,8,6,1,7,9,1,9,2,11,16,1,21,121.5403371,24.9915471
114,09,10,08,04,2,10文山區,文山區辛亥路6段108號,0,0,2,1,C03,8,7,5,50,14,9,1,5,4,5,13,4,4,1,4,5,2,17,2,18,2,8,5,1,7,15,1,10,1,11,80,1,21,121.5522313,24.988193
114,09,10,08,07,2,11南港區,南港區松河街與成美橋口旁引道,0,0,1,1,C03,8,6,5,30,5,1,1,5,4,5,13,4,4,5,5,5,2,17,2,24,3,10,5,1,7,5,1,9,1,17,72,1,22,121.5831652,25.0528526
114,09,10,08,13,2,09北投區,北投區東華街1段380號,0,0,1,1,C03,8,6,5,50,14,9,1,5,4,5,13,4,4,10,4,5,2,13,1,61,2,9,6,1,7,9,1,10,2,11,16,1,21,121.5188291,25.1101051
114,09,10,08,14,2,05中正區,中正區南海路與詔安街口,0,0,1,1,B01,8,6,5,50,4,1,1,5,4,5,13,1,1,5,2,5,2,17,1,66,3,10,7,1,7,11,1,4,2,1,10,1,21,121.5083134,25.0284059
114,09,10,08,15,2,02萬華區,萬華區萬大路423巷與萬青街口,0,0,1,1,C03,8,6,6,50,5,2,1,5,4,5,13,1,1,9,4,5,1,17,2,65,2,7,5,1,7,1,1,10,9,12,19,1,21,121.5018137,25.022036
114,09,10,08,21,2,04大安區,大安區和平東路3段與和平東路3段346巷口,0,0,2,1,H01,8,6,5,50,4,18,1,5,4,5,13,2,1,1,4,5,1,3,1,75,2,9,4,5,8,18,8,20,10,16,122,1,21,121.5575403,25.0195871
114,09,10,08,23,2,06松山區,松山區民生東路4段81號,0,0,1,1,C04,8,5,5,50,14,9,1,5,4,5,13,4,4,1,3,5,2,13,2,43,2,9,5,1,7,9,1,10,2,14,108,1,22,121.5516233,25.0579742
114,09,10,08,36,2,04大安區,大安區基隆路4段156號,0,0,1,1,C03,8,6,5,50,14,7,1,5,4,5,13,4,4,10,4,4,1,12,1,39,4,11,3,4,7,9,7,19,11,11,118,2,22,121.5378114,25.0116017
114,09,10,08,36,2,04大安區,大安區建國南路1段44巷與建國南路1段口,0,0,2,1,C03,8,6,5,50,3,1,1,5,4,5,13,4,4,1,4,5,2,16,1,20,2,9,5,1,7,8,1,10,1,12,80,1,21,121.5363314,25.0439832
114,09,10,08,36,2,06松山區,松山區南京東路3段255號,0,0,1,1,B01,8,6,5,50,14,9,1,5,4,5,13,2,1,3,4,5,2,17,1,64,3,10,3,4,7,9,1,4,2,1,108,1,22,121.5445371,25.0519464
114,09,10,08,43,2,09北投區,北投區承德路6段與福國路口,0,0,1,1,C03,8,7,5,60,14,9,1,5,4,5,13,1,1,1,4,5,2,13,1,28,2,9,5,1,7,9,1,10,1,11,16,1,22,121.5121092,25.1021979
114,09,10,08,48,2,09北投區,北投區中央北路4段與中央北路4段583巷口,0,0,2,1,C03,8,6,5,50,4,2,1,5,4,5,13,1,1,5,4,5,2,12,1,47,2,8,6,1,7,9,1,9,2,14,108,1,21,121.4655565,25.1258156
114,09,10,08,55,2,12內湖區,內湖區港墘路與內湖路口側附近1段口,0,0,2,1,C03,8,6,5,50,4,1,1,5,4,5,13,2,1,1,3,5,2,16,2,30,2,9,6,1,7,6,1,10,1,12,9,1,21,121.5771267,25.0799037
114,09,10,08,56,2,03中山區,中山區新生北路2段96號,0,0,1,1,C03,8,7,5,50,14,9,1,5,4,5,13,4,4,1,4,5,2,12,1,49,2,9,5,1,7,9,1,10,2,14,17,1,21,121.5274346,25.0589056
114,09,10,09,00,2,03中山區,中山區一江街21號,0,0,1,1,B03,8,5,5,50,14,9,1,5,4,5,13,4,4,9,4,5,2,17,1,58,3,10,3,4,7,11,1,8,1,4,80,1,21,121.5314859,25.05262696
114,09,10,09,05,2,03中山區,中山區明水路與樂群一路口,0,0,1,1,B03,8,6,5,50,14,9,1,5,4,5,13,4,4,1,5,5,1,12,2,51,3,10,3,4,7,7,1,8,1,7,100,1,21,121.5514517,25.0772528
114,09,10,09,16,2,06松山區,松山區基隆路1段與寶清街口,0,0,1,1,C03,8,5,5,50,5,1,1,5,4,5,13,2,1,1,3,5,2,13,1,22,3,10,5,4,7,6,1,10,2,11,16,1,22,121.5689698,25.0493888
114,09,10,09,20,2,11南港區,南港區研究院路1段151巷與研究院路1段口,0,0,1,1,C03,8,6,5,50,5,1,1,5,4,5,13,2,1,1,5,5,2,16,2,68,3,10,5,1,7,5,1,10,1,17,8,1,22,121.6155748,25.0507296
114,09,10,10,03,2,03中山區,中山區民生東路2段115巷與吉林路161巷口,0,0,2,1,C03,8,7,5,30,4,1,1,5,4,5,13,4,4,10,5,5,2,15,1,24,2,9,5,1,7,9,1,10,1,11,72,1,22,121.531648,25.0589308
114,09,10,10,15,2,08士林區,士林區百齡橋7510195號電燈桿,0,0,2,1,C03,8,6,5,50,8,11,1,5,4,5,13,4,4,3,2,5,1,17,2,39,2,9,6,1,7,9,1,10,1,12,108,1,21,121.5139531,25.0895409
114,09,10,10,15,2,12內湖區,內湖區環山路1段與環山路1段136巷口,0,0,1,1,B01,8,6,5,50,4,2,1,5,4,5,13,2,1,9,4,5,2,17,1,58,3,10,3,4,7,11,1,4,1,5,71,1,22,121.5678458,25.0864592