發生年度,發生月,發生日,發生時-Hours,發生分,處理別-編號,區序,肇事地點,死亡人數,2-30日死亡人數,受傷人數,當事人序號,車種,天候,光線,道路類別,速限-速度限制,道路型態,事故位置,路面狀況1,路面狀況2,路面狀況3,道路障礙1,道路障礙2,號誌1,號誌2,車道劃分-分向,車道劃分-分道1,車道劃分-分道2,車道劃分-分道3,事故類型及型態,性別,年齡,受傷程度,主要傷處,保護裝置,行動電話,車輛用途,當事者行動狀態,駕駛資格情形,駕駛執照種類,飲酒情形,車輛撞擊部位1,肇因碼-個別,個人肇逃否,職業,座標-X,座標-Y
114,09,10,10,53,2,01大同區,大同區民生西路186號,0,0,1,1,B03,8,6,5,50,14,9,1,5,4,5,13,4,4,5,4,5,1,17,1,37,3,10,3,4,7,11,1,8,2,1,10,1,22,121.5172659,25.0571699
114,09,10,10,58,2,02萬華區,萬華區西藏路125巷9號,0,0,1,1,B12,8,7,5,30,14,9,1,5,4,5,13,4,4,9,5,5,2,17,1,35,3,10,7,1,7,1,1,8,1,2,44,1,21,121.5025476,25.0286046
114,09,10,11,05,2,01大同區,大同區重慶北路1段62號,0,0,1,1,B12,8,7,5,50,14,9,1,5,4,5,13,1,1,1,4,5,2,13,1,27,3,10,7,1,7,9,1,8,1,1,108,1,21,121.5139334,25.0519507
114,09,10,12,39,2,12內湖區,內湖區東湖路與東湖路33巷口,0,0,1,1,C03,8,5,6,30,3,1,1,5,4,5,13,4,4,4,3,5,1,16,1,32,2,9,3,4,7,6,1,10,1,14,72,1,21,121.613513,25.0688491
114,09,10,12,48,2,09北投區,北投區明德路337巷1號,0,0,1,1,A12,8,6,5,50,14,9,1,2,4,5,13,4,4,9,5,5,2,17,1,47,3,10,7,1,7,9,1,3,9,17,37,1,21,121.520274,25.1166488
114,09,10,12,50,2,04大安區,大安區市民大道4段28號,0,0,1,1,C03,8,6,5,50,14,9,1,5,4,5,13,4,4,1,4,5,2,17,1,55,2,9,6,1,7,10,1,10,1,11,100,1,21,121.5450848,25.0448351
114,09,10,13,13,2,04大安區,大安區建國南路1段與建國南路1段341巷口,0,0,2,1,B12,8,7,5,50,4,1,1,5,4,5,13,1,1,10,4,5,2,15,1,28,3,10,7,1,7,9,1,8,2,5,81,1,21,121.5380814,25.0344269
114,09,10,13,14,2,03中山區,中山區八德路2段與龍江路口,0,0,1,1,B01,8,6,5,50,3,1,1,5,4,5,13,1,1,5,4,5,2,16,1,28,3,10,3,1,7,5,1,10,1,4,8,1,22,121.5403781,25.0467083
114,09,10,13,35,2,01大同區,大同區民權西路與延平北路2段口,0,0,2,1,C03,8,7,5,40,4,1,1,5,4,5,13,1,1,1,4,5,2,16,2,46,2,9,6,1,7,5,3,18,1,13,8,1,21,121.5110973,25.0628584
114,09,10,13,36,2,11南港區,南港區忠孝東路7段與忠孝東路7段265巷口,0,0,1,1,B02,8,6,5,50,4,1,1,5,4,5,13,2,1,1,4,4,2,16,1,52,3,10,7,1,7,5,1,8,1,2,8,1,21,121.6035258,25.0517914
114,09,10,14,13,2,12內湖區,內湖區內湖路1段與港墘路口引道,0,0,1,1,B12,8,7,5,30,3,18,1,5,4,5,13,4,4,1,5,5,2,3,1,35,3,10,7,1,7,6,1,2,9,1,70,1,21,121.5764409,25.0797215
114,09,10,14,32,2,11南港區,南港區研究院路2段與研究院路2段61巷口,0,0,1,1,B12,8,7,5,50,4,2,1,5,4,5,13,2,1,1,3,5,2,17,1,50,3,10,7,1,7,6,1,8,1,2,9,1,21,121.6160972,25.0438663
114,09,10,14,35,2,04大安區,大安區基隆路2段270號,0,0,2,1,F01,8,5,5,50,14,7,1,5,4,5,13,4,4,1,4,5,2,17,1,72,2,9,3,4,7,10,8,20,1,14,100,1,21,121.5493457,25.0216338
114,09,10,14,38,2,12內湖區,內湖區成功路4段167巷與成功路4段口,0,0,1,1,B03,8,7,5,40,3,1,1,5,4,5,13,4,4,1,4,4,2,16,1,55,3,10,7,1,7,6,1,8,1,2,9,1,21,121.5944129,25.0835261
114,09,10,15,10,2,06松山區,松山區塔悠路與健康路口,0,0,1,1,B03,8,7,5,50,4,1,1,5,4,5,13,2,1,9,4,4,2,17,2,62,3,10,7,1,7,6,1,8,2,5,9,1,22,121.5696502,25.0545723
114,09,10,15,30,2,11南港區,南港區南港路1段30號,0,0,1,1,C03,8,6,5,50,14,9,1,5,4,5,13,4,4,1,4,5,2,13,1,20,2,9,6,1,7,9,1,10,2,11,16,1,21,121.6172497,25.0551164
114,09,10,16,07,2,03中山區,中山區民族東路與民族東路410巷口,0,0,1,1,C03,8,6,5,50,4,1,1,5,4,5,13,2,1,1,4,5,2,16,1,35,3,10,6,1,7,6,1,10,1,13,9,1,21,121.5384646,25.06817
114,09,10,16,20,2,05中正區,中正區中山北路1段與北平東路口,0,0,2,1,C03,8,6,5,50,4,2,1,5,4,5,13,1,1,1,4,5,2,13,2,21,2,8,6,1,7,9,1,10,2,11,16,1,22,121.5205299,25.0473939
114,09,10,16,25,2,02萬華區,萬華區貴陽街2段與西昌街口,0,0,2,1,C03,8,7,5,40,4,2,1,5,4,5,13,1,1,10,5,5,2,12,1,59,2,8,5,1,7,7,1,10,1,14,100,1,21,121.5007704,25.0402085
114,09,10,16,35,2,09北投區,北投區光明路與中山路口,0,0,1,1,C03,8,6,5,50,4,1,1,5,4,5,13,1,1,9,4,5,2,13,1,38,3,10,6,1,7,9,1,10,1,11,16,1,21,121.5043474,25.1367025
114,09,10,16,39,2,09北投區,北投區中央北路4段與大度路3段口,0,0,1,1,B01,8,6,5,50,4,1,1,5,4,5,13,2,1,5,4,5,2,16,1,52,3,10,7,1,7,6,1,2,9,2,9,1,21,121.464765,25.124372
114,09,10,17,08,2,05中正區,中正區羅斯福路2段5號,0,0,1,1,C03,8,6,5,50,14,9,1,5,4,5,13,4,4,1,4,5,1,17,1,63,2,2,5,1,7,9,1,10,2,11,16,1,21,121.5208465,25.0293981
114,09,10,17,15,2,11南港區,南港區東新街80巷3號與東新街80巷口,0,0,2,1,C03,8,6,5,30,3,2,1,5,4,5,13,4,4,5,5,5,2,16,1,32,2,7,6,1,7,4,1,10,2,11,108,1,21,121.5870792,25.0460576
114,09,10,17,20,2,05中正區,中正區中山南路與濟南路1段口,0,0,2,1,C03,8,6,5,50,14,9,1,5,4,5,13,1,1,1,4,5,2,13,1,27,2,9,6,1,7,9,1,9,1,11,108,1,21,121.5187051,25.0431326
114,09,10,17,24,2,02萬華區,萬華區康定路與成都路口,0,0,1,1,C03,8,6,5,50,4,1,1,5,4,5,13,1,1,10,4,5,2,17,1,56,2,9,6,1,7,5,1,10,1,14,8,1,22,121.502935,25.0434813
114,09,10,17,57,2,08士林區,士林區文林路與福國路口,0,0,1,1,C03,8,5,5,50,5,1,1,5,4,5,13,2,1,1,2,5,2,16,1,49,2,9,5,1,7,7,1,9,2,14,99,1,21,121.5213562,25.1019351
114,09,10,18,10,2,08士林區,士林區百齡橋西往東7510213號燈桿,0,0,1,1,C03,8,5,5,50,8,11,1,5,4,5,13,4,4,1,4,5,2,17,1,23,2,9,3,4,7,9,1,10,1,15,44,1,22,121.5194468,25.09637144
114,09,10,18,16,2,04大安區,大安區金山南路2段218號,0,0,1,1,H02,8,5,5,50,14,9,1,5,4,5,13,4,4,1,4,5,2,9,2,61,3,10,3,5,7,21,8,20,10,16,126,1,22,121.5260236,25.0278306
114,09,10,18,20,2,03中山區,中山區中山北路3段與民族東路口,0,0,1,1,C03,8,5,5,50,4,1,1,5,4,5,13,2,1,1,4,5,2,17,2,20,3,10,6,1,7,9,1,10,1,11,16,1,21,121.5237228,25.0683846
114,09,10,18,20,2,09北投區,北投區中央北路4段與大度路3段口,0,0,1,1,C03,8,5,5,50,5,1,1,5,4,5,13,1,1,5,2,5,2,12,1,20,3,10,6,1,7,6,1,10,1,12,9,1,21,121.4648336,25.1243883
114,09,10,19,00,2,06松山區,松山區市民大道5段與光復南路口,0,0,1,1,F01,8,5,5,50,5,2,1,5,4,5,13,1,1,1,4,5,2,15,1,65,2,9,5,1,7,9,8,20,1,14,14,1,21,121.5578724,25.0453627
114,09,10,19,29,2,01大同區,大同區南京西路與南京西路155巷口,0,0,1,1,B03,7,5,5,50,4,2,1,5,4,5,13,4,4,5,4,5,2,17,4,65,,,,,,,,,11,,119,2,,121.5127741,25.0540302
114,09,10,21,23,2,02萬華區,萬華區桂林路與環河南路2段口,0,0,1,1,F01,7,5,5,50,4,2,1,5,4,5,13,4,4,5,4,4,2,17,1,113,4,11,3,4,7,21,8,20,11,15,44,1,22,121.4973289,25.0384904
114,09,10,21,28,2,05中正區,中正區中山南路與青島東路口,0,0,3,1,C03,8,5,5,50,4,1,1,5,4,5,13,1,1,9,4,5,2,16,1,29,2,9,5,1,7,10,1,10,1,12,100,1,21,121.5193898,25.04447715
114,09,10,22,02,2,08士林區,士林區承德路4段238號與大南路口,0,0,2,1,B03,7,5,5,50,5,1,1,5,4,5,13,2,1,1,4,5,1,17,1,64,3,10,7,1,7,9,1,8,2,6,44,1,21,121.521563,25.0889478
114,09,10,22,09,2,08士林區,士林區忠誠路2段與天母東路口,0,0,2,1,C04,8,5,5,50,14,9,1,5,4,5,13,1,1,1,3,5,1,17,2,25,2,9,3,4,7,5,1,11,1,14,8,1,22,121.5347402,25.1181391
114,09,10,22,56,2,09北投區,北投區承德路7段與承德路7段32巷口,0,0,3,1,C03,8,5,5,60,3,2,1,5,4,5,13,4,4,3,4,5,2,16,1,32,2,9,3,4,7,6,1,10,1,12,9,1,22,121.511148,25.1110264
114,09,11,05,20,2,11南港區,南港區福德街與福德街339巷口,0,0,1,1,B03,8,5,5,50,3,2,1,5,4,5,13,4,4,9,5,5,2,3,1,69,3,10,7,1,7,9,1,8,1,1,70,1,21,121.5885502,25.0395275
114,09,11,07,10,2,04大安區,大安區羅斯福路3段111號,0,0,1,1,B03,8,5,5,50,14,9,1,5,4,5,13,4,4,1,4,1,1,17,2,48,3,10,7,1,7,9,1,8,9,17,118,1,21,121.5266988,25.0221334
114,09,11,07,14,2,11南港區,南港區忠孝東路7段371號與興中路口空橋旁,0,0,1,1,B03,8,6,5,50,3,2,1,5,4,5,13,4,4,9,4,5,2,16,1,46,3,10,3,4,7,8,1,8,1,2,100,1,21,121.6079189,25.0526269
114,09,11,07,18,2,01大同區,大同區民權西路136號,0,0,1,1,B02,8,6,5,50,14,9,1,5,4,5,13,4,4,1,4,5,2,17,1,46,3,10,7,1,7,2,1,4,1,4,12,1,21,121.5162297,25.0628263
114,09,11,07,20,2,05中正區,中正區中華路2段與中華路2段467巷口,0,0,2,1,B03,8,7,5,40,3,1,1,5,4,5,13,1,1,5,5,4,2,16,1,48,3,10,7,1,7,11,1,8,2,1,10,1,22,121.5110223,25.024441
114,09,11,07,26,2,07信義區,信義區永吉路30巷106號,0,0,1,1,B03,8,5,5,50,14,9,1,5,4,5,13,4,4,5,4,5,2,9,1,29,4,11,3,4,7,9,7,19,9,15,108,2,22,121.5687431,25.0432571
114,09,11,07,35,2,12內湖區,內湖區民權東路6段190巷35弄,0,0,1,1,B03,8,6,5,30,4,1,1,5,4,5,13,2,1,5,5,5,2,1,1,45,3,10,7,1,7,5,1,8,2,5,70,1,21,121.5943527,25.0670082
114,09,11,07,40,2,08士林區,士林區雙溪街與至誠路2段51巷口,0,0,1,1,C03,8,6,5,30,4,1,1,5,4,5,13,4,4,10,5,5,2,17,2,40,2,9,3,4,7,9,1,10,1,11,108,1,21,121.5295089,25.1005641
114,09,11,07,42,2,04大安區,大安區基隆路3段與基隆路3段155巷口,0,0,2,1,C03,8,5,5,50,14,7,1,5,4,5,13,2,1,1,4,4,2,13,1,53,2,9,3,4,7,9,1,10,1,11,108,1,21,121.542641,25.0156998
114,09,11,07,45,2,07信義區,信義區忠孝東路5段31巷18弄25號,0,0,2,1,F01,8,5,5,30,14,9,1,5,4,5,13,4,4,10,5,5,2,17,2,61,2,9,4,1,7,5,8,20,1,11,8,1,22,121.5667914,25.0416174
114,09,11,07,50,2,09北投區,北投區文承路與北科路口,0,0,1,1,B03,8,6,5,50,4,1,1,5,4,5,13,1,1,5,4,5,2,16,1,50,3,10,7,1,7,5,1,8,1,6,71,1,21,121.5158146,25.10527191
114,09,11,07,56,2,03中山區,中山區建國北路2段7號,0,0,2,1,B03,8,7,5,0,14,20,1,5,4,5,13,4,4,10,5,5,2,17,2,48,2,2,7,1,7,1,1,8,9,1,19,1,21,121.5371448,25.0529081
114,09,11,08,05,2,03中山區,中山區民族西路與中山北路3段口,0,0,1,1,C03,8,6,5,50,4,1,1,5,4,5,13,1,1,9,4,4,2,13,2,48,2,9,6,4,7,7,1,10,2,12,16,1,21,121.5233857,25.06847804
114,09,11,08,08,2,07信義區,信義區松德路169巷11號,0,0,1,1,C03,8,6,5,30,11,9,1,5,4,5,13,4,4,10,5,5,2,17,1,36,3,10,5,4,7,9,1,10,1,11,131,1,21,121.5755377,25.0360988
114,09,11,08,09,2,09北投區,北投區新民路與新民路1巷口,0,0,2,1,C03,8,5,5,30,3,1,1,5,4,5,13,4,4,7,4,5,1,3,2,58,2,1,6,1,7,9,1,10,1,11,70,1,21,121.5077704,25.139525
114,09,11,08,14,2,12內湖區,內湖區民權東路6段與民權東路口側附近6段135巷口,0,0,1,1,B03,8,6,5,50,3,1,1,5,4,5,13,4,4,1,3,5,2,16,1,34,3,10,7,1,7,6,1,8,1,2,9,1,21,121.594175,25.0689535
114,09,11,08,34,2,09北投區,北投區承德路7段303號,0,0,1,1,C03,8,6,8,60,22,22,1,5,4,5,13,4,4,1,4,4,2,17,1,34,3,10,6,1,7,1,1,10,1,11,19,1,21,121.5042724,25.11684294
114,09,11,08,54,2,07信義區,信義區吳興街與吳興街8巷口,0,0,2,1,C03,8,5,5,30,4,2,1,5,4,5,13,4,4,10,5,5,2,17,2,42,2,9,6,1,7,5,1,10,1,12,4,1,22,121.5594076,25.031723
114,09,11,09,00,2,10文山區,文山區木新路3段95巷與木新路3段95巷4弄口,0,0,1,1,C03,8,6,5,30,4,1,1,5,4,5,13,4,4,10,5,5,2,15,2,20,2,9,6,1,7,9,1,10,1,14,72,1,21,121.5630326,24.9814538
114,09,11,09,04,2,02萬華區,萬華區堤外便道富民疏散門引道,0,0,2,1,B03,8,6,5,30,3,1,1,5,4,5,13,4,4,5,5,5,2,17,1,33,3,10,3,4,7,6,1,8,2,8,99,1,22,121.500552,25.0172017
114,09,11,09,06,2,12內湖區,內湖區舊宗路2段181號與瑞湖街口,0,0,2,1,C03,8,7,5,50,3,1,1,5,4,5,13,4,4,5,5,5,2,16,2,52,2,9,5,1,7,5,1,10,1,12,8,1,21,121.576293,25.0719983
114,09,11,09,28,2,09北投區,北投區新民路與新民路1巷口,0,0,1,1,B03,8,6,5,30,3,1,1,5,4,5,13,4,4,5,5,5,2,16,1,65,3,10,7,1,7,5,1,8,2,8,44,1,21,121.5077736,25.1395118
114,09,11,09,35,2,06松山區,松山區八德路4段18號,0,0,1,1,B03,8,6,5,50,14,9,1,5,4,5,13,2,1,5,4,5,2,17,2,60,3,10,3,4,7,9,1,8,1,17,44,1,22,121.5584953,25.0482207
114,09,11,09,43,2,03中山區,中山區樂群一路中山432號公園前,0,0,1,1,B03,8,7,5,50,14,9,1,5,4,5,13,4,4,9,4,4,2,13,1,69,3,10,3,4,7,9,1,8,1,3,44,1,21,121.5563647,25.07763354
114,09,11,10,18,2,01大同區,大同區民權西路與承德路2段口,0,0,1,1,B12,8,7,5,50,4,2,1,5,4,5,13,1,1,1,4,5,2,12,1,56,3,10,7,1,7,7,1,8,1,4,17,1,21,121.5180256,25.0628139
114,09,11,10,30,2,12內湖區,內湖區康寧路3段與康寧路口側附近3段70巷口,0,0,2,1,C03,8,6,6,50,4,1,1,5,4,5,13,2,1,1,3,5,2,16,1,28,2,9,6,1,7,5,1,10,1,12,71,1,21,121.6112071,25.0703898
114,09,11,10,49,2,09北投區,北投區承德路6段與承德路7段口,0,0,1,1,B03,8,6,5,60,3,1,1,5,4,5,13,1,1,1,4,5,2,15,1,73,3,10,7,1,7,15,1,8,1,1,118,1,21,121.5112891,25.1105276
114,09,11,11,40,2,04大安區,大安區市民大道4段與敦化南路1段口,0,0,3,1,C03,8,6,5,40,4,1,1,5,4,5,13,2,1,1,4,5,2,12,2,18,2,9,6,1,7,15,1,10,1,13,100,1,21,121.5494082,25.0446328
114,09,11,11,55,2,05中正區,中正區杭州南路1段111巷與杭州南路1段口,0,0,1,1,B03,8,5,5,50,3,2,1,5,4,5,13,4,4,10,5,5,2,17,2,41,3,10,7,1,7,6,1,8,1,2,9,1,21,121.5267165,25.0433878
114,09,11,12,03,2,05中正區,中正區汀州路3段與思源街口,0,0,1,1,B03,8,6,5,50,4,1,1,5,4,5,13,1,1,1,4,5,2,13,1,60,3,10,7,1,7,9,1,8,1,1,108,1,21,121.5323224,25.014856
114,09,11,12,12,2,12內湖區,內湖區文德路與內湖路2段76巷口,0,0,1,1,C03,8,7,5,50,4,1,1,5,4,5,13,1,1,9,4,5,2,16,2,29,3,10,6,1,7,9,1,10,9,12,81,1,21,121.5811709,25.0785216
114,09,11,12,18,2,12內湖區,內湖區民權東路6段120巷3弄10號,0,0,1,1,B03,8,7,5,40,14,9,1,5,4,5,13,4,4,9,4,5,2,16,1,30,3,10,7,1,7,11,1,8,2,4,10,1,21,121.5877883,25.0683175
114,09,11,12,30,2,08士林區,士林區中山北路5段與劍潭路口,0,0,1,1,B03,8,5,5,50,4,1,1,5,4,5,13,1,1,1,3,5,1,16,1,20,3,10,7,1,7,6,1,8,1,2,98,1,21,121.5253468,25.0842315
114,09,11,12,35,2,07信義區,信義區基隆路1段與松隆路口,0,0,1,1,C03,8,6,5,50,3,2,1,5,4,5,13,2,1,3,2,5,2,13,1,19,2,9,6,1,7,9,1,10,2,11,108,1,21,121.5658055,25.0431517
114,09,11,12,56,2,03中山區,中山區民權東路2段166號,0,0,1,1,C03,8,6,5,50,14,9,1,5,4,5,13,4,4,1,3,5,2,13,2,49,2,7,6,1,7,9,1,8,1,11,16,1,21,121.5352835,25.0623331
114,09,11,13,00,2,09北投區,北投區中央北路3段與中央北路3段102巷口,0,0,2,1,C03,8,6,5,50,3,1,1,5,4,5,13,1,1,8,4,5,2,16,2,63,2,9,6,1,7,5,1,10,2,14,8,1,21,121.4840286,25.1376292
114,09,11,13,07,2,07信義區,信義區忠孝東路5段與基隆路1段口,0,0,1,1,B11,8,6,5,50,4,1,1,5,4,5,13,2,1,1,5,5,2,17,1,33,3,10,3,4,7,6,1,8,9,2,44,1,21,121.5647048,25.0412604
114,09,11,13,20,2,08士林區,士林區中山北路4段與通河街口,0,0,1,1,C03,8,5,5,50,3,2,1,5,4,5,13,2,1,2,4,4,2,13,1,21,3,10,5,1,7,9,1,10,1,11,108,1,21,121.5240239,25.07996866
114,09,11,13,25,2,03中山區,中山區一江街與南京東路2段口,0,0,1,1,C03,8,7,5,50,4,2,1,5,4,5,13,1,1,9,4,5,2,12,1,57,3,10,5,1,7,4,1,10,1,12,108,1,21,121.5314622,25.0519021
114,09,11,13,32,2,04大安區,大安區通安街與安和路2段35巷口,0,0,2,1,C03,8,7,5,30,4,2,1,5,4,5,13,4,4,10,5,5,1,15,1,30,2,7,5,1,7,9,1,10,1,14,72,1,26,121.5532959,25.0317116
114,09,11,13,43,2,01大同區,大同區民生西路與民樂街口口,0,0,2,1,C04,8,5,5,50,4,1,1,5,4,5,13,2,1,9,4,5,2,15,2,46,2,9,5,1,7,11,1,11,1,11,71,1,22,121.510631,25.056968
114,09,11,13,59,2,05中正區,中正區中華路1段與衡陽路口,0,0,2,1,C03,8,6,5,50,5,1,1,5,4,5,13,2,1,3,4,4,2,12,1,41,2,9,5,1,7,8,1,10,9,14,101,1,22,121.5084531,25.04217278
114,09,11,14,16,2,03中山區,中山區市民大道3段與八德路2段口,0,0,2,1,C03,8,7,5,40,5,1,1,5,4,5,13,1,1,1,4,5,2,17,1,19,2,9,5,1,7,7,1,10,1,14,100,1,21,121.5348309,25.0450295
114,09,11,14,17,2,12內湖區,內湖區南京東路6段與成功路2段口引道,0,0,1,1,B01,8,7,5,30,11,17,1,5,4,5,13,4,4,10,5,5,2,13,1,44,3,10,7,1,7,9,1,4,2,1,16,2,21,121.5919854,25.0621239
114,09,11,14,18,2,07信義區,信義區松仁路238號,0,0,1,1,B03,8,7,5,50,14,9,1,5,4,5,13,1,1,9,4,5,2,13,1,29,3,10,3,4,7,9,3,18,2,1,14,1,21,121.5693164,25.024882
114,09,11,14,22,2,03中山區,中山區北安路與敬業四路口,0,0,2,1,C03,8,6,5,50,4,1,1,5,4,5,13,1,1,9,4,5,2,13,1,47,2,9,5,4,7,9,1,10,1,11,76,1,21,121.5585531,25.08449384
114,09,11,14,33,2,07信義區,信義區忠孝東路5段與基隆路1段口,0,0,1,1,C03,8,6,5,50,4,2,1,5,4,5,13,2,1,1,2,5,2,12,2,25,2,7,3,4,7,7,1,10,1,14,100,1,21,121.5648138,25.0411999
114,09,11,14,41,2,07信義區,信義區虎林街31號,0,0,1,1,B03,8,6,5,50,14,9,1,5,4,5,13,4,4,8,3,5,2,12,1,53,3,10,7,1,7,11,3,18,1,5,10,1,21,121.576295,25.0478104
114,09,11,14,57,2,11南港區,南港區成美橋北往南第7010390燈桿旁,0,0,1,1,B03,8,6,5,50,8,9,1,5,4,5,13,4,4,5,4,5,2,12,1,49,3,10,3,4,7,4,1,8,2,6,108,1,21,121.5829557,25.0522247
114,09,11,15,20,2,12內湖區,內湖區成功路3段174巷12號,0,0,2,1,C03,8,6,5,50,14,9,1,5,4,5,13,4,4,9,5,5,2,17,2,71,2,6,6,1,7,11,1,10,1,12,118,1,22,121.5905531,25.0812728
114,09,11,15,39,2,04大安區,大安區建國南路1段與建國南路1段270巷口口,0,0,1,1,B03,8,6,5,50,4,1,1,5,4,5,13,1,1,1,4,5,2,16,2,51,3,10,3,4,7,6,1,8,1,2,9,1,22,121.537419,25.036465
114,09,11,15,40,2,07信義區,信義區信安街192號,0,0,1,1,B03,8,6,5,50,14,9,1,5,4,5,13,4,4,8,5,5,2,12,1,48,3,10,7,1,7,14,1,8,1,4,40,1,21,121.5550633,25.0228054
114,09,11,15,44,2,06松山區,松山區民生東路5段247號,0,0,1,1,C03,8,7,5,50,14,9,1,5,4,5,13,4,4,9,4,5,2,17,1,19,2,9,6,1,7,9,1,10,2,12,42,1,22,121.5678843,25.059277
114,09,11,15,50,2,11南港區,南港區中坡北路94號,0,0,1,1,A12,8,6,5,50,14,9,1,5,4,5,13,4,4,1,4,5,2,17,1,37,3,10,3,4,7,15,1,7,9,9,116,1,21,121.5802878,25.0478745
114,09,11,15,59,2,02萬華區,萬華區寶興街163號,0,0,1,1,F01,8,7,5,50,14,9,1,5,4,5,13,4,4,9,5,5,2,17,2,81,2,8,4,1,7,15,8,20,9,12,4,1,21,121.4952786,25.0239761
114,09,11,16,19,2,07信義區,信義區吳興街220巷11弄與吳興街220巷口,0,0,1,1,B01,8,6,5,30,3,2,1,5,4,5,13,4,4,10,5,5,2,16,1,55,3,10,3,4,7,6,1,4,2,2,9,1,21,121.5628014,25.0274441
114,09,11,16,21,2,03中山區,(長安東路2段38號前),0,0,1,1,B03,8,7,5,50,4,2,1,5,4,5,13,1,1,4,3,5,1,17,2,43,3,10,7,1,7,5,1,8,1,1,71,1,21,121.5314443,25.04845078
114,09,11,16,57,2,03中山區,中山區濱江街308號,0,0,2,1,C03,8,7,5,30,14,9,1,5,4,5,13,4,4,10,5,5,2,17,1,41,2,9,6,4,7,1,1,10,1,14,19,1,21,121.5468846,25.07208979
114,09,11,17,00,2,03中山區,中山區建國北路1段與建國北路1段88巷口,0,0,1,1,B03,8,7,5,50,5,1,1,5,4,5,13,1,1,1,4,5,2,12,1,62,3,10,7,1,7,8,1,8,2,8,100,1,21,121.5364233,25.0495095
114,09,11,17,17,2,05中正區,中正區桃源街與衡陽路口,0,0,1,1,B03,8,5,5,50,3,2,1,5,4,5,13,4,4,9,4,5,2,16,2,71,3,10,7,1,7,5,1,8,9,1,44,1,21,121.5105235,25.0421632
114,09,11,17,23,2,03中山區,中山區濱江街180巷與松江路581巷口,0,0,3,1,C03,8,7,5,30,3,1,1,5,4,5,13,4,4,9,5,5,1,17,1,19,2,9,5,1,7,9,1,10,1,11,80,1,21,121.5384394,25.07013
114,09,11,17,45,2,12內湖區,內湖區民權東路6段與瑞光路口,0,0,2,1,C03,8,5,5,50,4,1,1,5,4,5,13,2,1,1,4,5,2,12,1,44,2,9,5,1,7,6,1,9,1,14,9,1,21,121.5841212,25.0688979
114,09,11,18,00,2,04大安區,大安區建國南路1段與新生南路1段161巷口,0,0,1,1,B03,8,6,5,50,4,1,1,5,4,5,13,1,1,1,4,5,2,16,1,25,3,10,7,1,7,6,1,8,2,5,9,1,21,121.5375331,25.0345791
114,09,11,18,30,2,09北投區,北投區軟橋街與文林北路5巷口,0,0,2,1,C03,8,5,5,50,3,2,1,5,4,5,13,4,4,5,4,5,2,16,1,22,3,10,3,4,7,5,1,10,2,11,74,1,22,121.5171347,25.1000293
114,09,11,18,54,2,02萬華區,萬華區和平西路3段173號,0,0,1,1,C03,7,5,5,50,14,8,1,5,4,5,13,4,4,1,1,1,2,17,1,28,2,9,6,1,7,9,1,9,1,17,16,1,21,121.4982901,25.0353661
114,09,11,19,05,2,01大同區,大同區鄭州路143號,0,0,2,1,B03,8,5,5,40,14,9,1,5,4,5,13,4,4,8,3,5,1,17,2,32,3,10,3,4,7,9,1,8,1,2,17,1,21,121.5097597,25.0503633
114,09,11,19,07,2,09北投區,北投區中央北路1段2號,0,0,1,1,B01,8,5,8,50,22,22,1,5,4,5,13,3,1,1,4,5,2,17,1,61,3,10,7,1,7,9,1,4,1,8,72,1,21,121.5015209,25.1334856
114,09,11,19,20,2,06松山區,松山區八德路3段與八德路3段74巷口,0,0,1,1,B03,8,5,5,30,4,1,1,5,4,5,13,1,1,10,5,5,2,8,1,61,4,11,3,4,7,21,7,19,11,15,108,2,22,121.5525258,25.04820477
114,09,11,19,23,2,07信義區,信義區基隆路1段102巷與基隆路1段口,0,0,1,1,B03,7,5,5,50,3,1,1,5,4,5,13,4,4,10,5,5,2,17,1,42,3,10,7,1,7,6,1,8,1,2,9,1,21,121.566807,25.0453464
114,09,11,19,29,2,10文山區,文山區木柵路1段171號前,0,0,1,1,B03,8,5,5,50,14,9,1,5,4,5,13,4,4,5,4,5,2,17,1,60,3,10,3,4,7,9,1,8,2,5,108,1,22,121.5506951,24.9877174
114,09,11,20,00,2,09北投區,北投區承德路7段143號,0,0,1,1,C03,8,5,5,50,14,9,1,5,4,5,13,4,4,1,4,4,2,12,1,50,2,9,3,4,7,7,1,10,1,14,100,1,22,121.5088525,25.1126998
114,09,11,20,15,2,03中山區,中山區北安路47號,0,0,2,1,C03,7,5,5,50,14,9,1,5,4,5,13,1,1,1,4,5,2,17,1,31,2,8,3,4,7,9,1,10,1,17,16,1,21,121.5298971,25.07806761
114,09,11,20,49,2,07信義區,信義區莊敬路239巷與莊敬路239巷1弄口,0,0,2,1,C03,7,5,5,30,4,1,1,5,4,5,13,4,4,8,5,5,2,13,1,29,2,9,6,1,7,9,1,9,1,11,108,1,21,121.5627201,25.0299058
114,09,11,22,56,2,09北投區,北投區承德路7段與承德路7段393巷口,0,0,1,1,B12,8,5,5,60,4,1,1,5,4,5,13,1,1,1,4,4,2,16,1,75,3,10,7,1,7,5,1,8,2,2,71,1,21,121.5013947,25.1194348
114,09,11,23,33,2,09北投區,北投區實踐街與實踐街82巷口,0,0,1,1,B03,8,5,5,30,4,1,1,5,4,5,13,4,4,10,5,5,2,15,1,34,3,10,7,1,7,9,1,8,1,4,72,1,21,121.51077,25.1152622