發生年度,發生月,發生日,發生時-Hours,發生分,處理別-編號,區序,肇事地點,死亡人數,2-30日死亡人數,受傷人數,當事人序號,車種,天候,光線,道路類別,速限-速度限制,道路型態,事故位置,路面狀況1,路面狀況2,路面狀況3,道路障礙1,道路障礙2,號誌1,號誌2,車道劃分-分向,車道劃分-分道1,車道劃分-分道2,車道劃分-分道3,事故類型及型態,性別,年齡,受傷程度,主要傷處,保護裝置,行動電話,車輛用途,當事者行動狀態,駕駛資格情形,駕駛執照種類,飲酒情形,車輛撞擊部位1,肇因碼-個別,個人肇逃否,職業,座標-X,座標-Y
114,09,12,04,23,2,01大同區,大同區民權西路與大龍街口,0,0,1,1,B01,8,5,5,50,5,2,1,5,4,5,13,2,1,8,3,5,1,12,1,55,3,10,3,4,7,8,1,4,1,2,100,1,21,121.515737,25.0630099
114,09,12,07,31,2,10文山區,文山區保儀路與恆光街口,0,0,1,1,C03,8,6,5,30,3,1,1,5,4,5,13,4,4,10,5,5,2,17,2,51,2,7,3,4,7,5,1,10,1,11,72,1,22,121.5660303,24.9838064
114,09,12,07,40,2,08士林區,士林區光華路與長春街口,0,0,1,1,C03,8,5,5,30,14,9,1,5,4,5,13,4,4,10,5,5,2,29,2,21,2,9,5,1,7,4,1,10,1,11,1,1,21,121.5314035,25.10496309
114,09,12,07,47,2,08士林區,士林區仰德大道1段30.5k,0,0,1,1,C03,8,6,5,40,11,9,1,5,4,5,13,4,4,4,5,5,1,17,1,57,2,9,6,1,7,9,1,10,2,12,42,1,23,121.5377588,25.10568417
114,09,12,07,50,2,05中正區,中正區南昌路2段與南昌路2段9巷口,0,0,1,1,B03,8,7,5,50,3,2,1,5,4,5,13,4,4,9,4,5,2,16,1,41,3,10,7,1,7,6,1,8,1,6,9,1,21,121.5194574,25.0282822
114,09,12,08,39,2,12內湖區,內湖區內湖路3段72巷與內湖路3段60巷12弄口,0,0,1,1,B03,8,6,6,30,4,1,1,5,4,5,13,4,4,10,5,5,2,15,1,40,3,10,7,1,7,9,1,8,2,5,108,1,21,121.5913857,25.0886276
114,09,12,08,44,2,03中山區,中山區龍江路233號,0,0,1,1,B03,8,6,5,30,14,9,1,5,4,5,13,4,4,10,5,5,2,17,2,41,3,10,3,4,7,5,1,8,2,1,8,1,21,121.5407892,25.05743382
114,09,12,08,47,2,07信義區,信義區忠孝東路5段510號,0,0,1,1,B03,8,6,5,50,14,9,1,5,4,5,13,4,4,10,3,5,2,12,1,47,3,10,3,4,7,1,1,8,1,8,19,1,21,121.5788087,25.0412235
114,09,12,09,00,2,12內湖區,南港區重陽路與三重路口,0,0,2,1,B03,8,6,5,50,3,1,1,5,4,5,13,4,4,5,4,5,2,16,2,35,2,9,7,1,7,5,1,8,2,1,74,1,21,121.6130078,25.0619089
114,09,12,09,55,2,08士林區,士林區延平北路7段106巷花卉村前,0,0,1,1,B03,8,6,5,30,14,9,1,5,4,5,13,3,1,10,5,5,1,17,2,57,3,10,7,1,7,1,1,8,2,1,19,1,21,121.5003814,25.0952092
114,09,12,10,01,2,02萬華區,萬華區萬大路與萬大路口底水門口左轉堤外便道,0,0,2,1,A12,8,7,5,40,3,1,1,5,4,5,13,1,1,9,5,5,2,17,1,68,3,10,7,1,7,14,1,6,1,1,85,1,22,121.4952596,25.0162599
114,09,12,10,20,2,08士林區,士林區中正路與承德路5段口,0,0,2,1,B03,8,6,5,30,4,2,1,5,4,5,13,2,1,3,4,5,2,13,1,63,3,10,7,1,7,9,1,8,2,1,76,1,21,121.5164682,25.0912178
114,09,12,10,25,2,07信義區,信義區松山路與忠孝東路5段口,0,0,1,1,B12,8,6,5,50,4,2,1,5,4,5,13,2,1,10,4,5,2,13,1,35,3,10,3,4,7,9,1,8,2,5,108,1,21,121.5777523,25.0410283
114,09,12,10,48,2,12內湖區,內湖區港墘路與洲子街口,0,0,1,1,B03,8,7,5,50,4,1,1,5,4,5,13,1,1,9,2,5,2,16,1,20,3,10,7,1,7,5,1,8,2,15,71,1,21,121.5760772,25.0785271
114,09,12,11,10,2,01大同區,大同區承德路2段與民權西路口,0,0,2,1,C03,8,6,5,50,4,1,1,5,4,5,13,2,1,1,4,5,2,17,1,27,2,5,3,4,7,9,1,10,1,15,118,1,21,121.5180615,25.0628085
114,09,12,11,23,2,06松山區,松山區敦化北路與敦化北路238巷口,0,0,1,1,B03,8,6,5,30,3,1,1,5,4,5,13,4,4,1,4,4,2,17,2,35,3,10,7,1,7,6,1,8,1,6,9,1,21,121.5496119,25.0597771
114,09,12,11,44,2,06松山區,松山區新東街33號對面,0,0,2,1,H01,8,6,5,50,14,9,1,5,4,5,13,4,4,5,5,5,2,17,1,79,2,9,4,5,8,16,8,20,1,16,121,1,22,121.5658907,25.0597326
114,09,12,11,47,2,09北投區,北投區光明路224號,0,0,1,1,B03,8,6,5,50,14,9,1,5,4,5,13,4,4,9,5,5,2,16,1,68,3,10,7,1,7,6,1,8,1,5,9,1,21,121.5053046,25.1361585
114,09,12,12,03,2,11南港區,南港區向陽路196巷與向陽路口,0,0,2,1,B03,8,6,5,50,3,1,1,5,4,5,13,3,1,5,4,5,2,13,2,43,3,10,3,4,7,6,1,8,1,5,108,1,21,121.5937018,25.0565197
114,09,12,12,16,2,07信義區,信義區信安街1號(吳興街156巷),0,0,1,1,B03,8,7,5,30,14,9,1,5,4,5,13,1,1,9,4,5,2,13,2,31,3,10,3,4,7,9,1,8,2,8,105,1,21,121.5584401,25.0286254
114,09,12,12,20,2,08士林區,士林區福林路與福林路口士林官邸前迴轉道,0,0,2,1,C03,8,6,5,50,3,1,1,5,4,5,13,3,1,5,5,5,2,13,2,66,2,9,5,1,7,9,1,10,1,11,16,1,21,121.5305831,25.09541144
114,09,12,12,53,2,04大安區,大安區忠孝東路4段與敦化南路1段口,0,0,2,1,C03,8,7,5,50,4,2,1,5,4,5,13,2,1,8,3,1,1,13,1,25,2,9,5,1,7,12,1,10,1,11,16,1,26,121.5489101,25.0415752
114,09,12,13,56,2,08士林區,士林區中山北路6段與忠誠路1段口,0,0,1,1,C03,8,7,5,50,4,2,1,5,4,5,13,2,1,1,2,5,1,17,1,19,2,9,5,1,7,5,1,10,1,14,8,1,21,121.5249072,25.10405563
114,09,12,14,00,2,08士林區,士林區文林路與文林路421巷口,0,0,2,1,C03,8,6,5,50,3,2,1,5,4,5,13,4,4,8,3,5,1,3,2,21,2,9,5,1,7,9,1,10,1,12,16,1,21,121.5248078,25.0942972
114,09,12,14,28,2,05中正區,中正區貴陽街1段與公園路口,0,0,3,1,C03,8,7,5,50,4,1,1,5,4,5,13,1,1,10,5,5,2,16,1,57,2,7,5,1,7,5,1,10,2,11,8,1,21,121.5153105,25.0385923
114,09,12,14,43,2,05中正區,中正區羅斯福路1段7之1號,0,0,1,1,C03,8,7,5,40,14,7,1,5,4,5,13,4,4,3,4,4,2,12,1,27,2,9,5,1,7,7,1,10,1,14,100,1,21,121.5179722,25.0332828
114,09,12,15,10,2,01大同區,大同區延平北路2段20號,0,0,2,1,C03,8,6,5,50,14,9,1,5,4,5,13,4,4,5,4,5,2,13,1,56,2,9,6,1,7,9,1,10,1,11,16,1,21,121.5117015,25.054572
114,09,12,15,45,2,07信義區,信義區松高路與基隆路1段口,0,0,1,1,C03,8,6,5,50,3,2,1,5,4,5,13,4,4,5,4,5,2,12,1,63,2,9,6,4,7,7,1,10,2,14,100,1,21,121.5631369,25.0392124
114,09,12,16,12,2,03中山區,中山區新生高架道北側附近往北民族東上方,0,0,2,1,C02,8,7,5,60,11,9,1,5,4,5,13,4,4,10,4,5,2,17,1,19,2,9,5,1,7,9,1,10,1,11,16,1,21,121.5211549,25.05005483
114,09,12,16,25,2,08士林區,士林區忠誠路2段70巷與忠誠路2段口,0,0,2,1,B03,8,6,5,30,3,1,1,5,4,5,13,4,4,10,5,5,1,15,2,63,3,10,3,4,7,9,1,8,1,1,80,1,22,121.53164,25.1135467
114,09,12,16,50,2,10文山區,文山區景興路46巷與三福街4巷口(景華街49巷),0,0,1,1,C03,8,6,5,30,4,1,1,4,4,5,13,3,1,10,5,5,2,15,2,29,2,9,6,1,7,9,1,10,1,12,72,1,21,121.5428582,24.9960431
114,09,12,16,54,2,06松山區,松山區光復北路與南京東路4段179巷3弄口,0,0,2,1,C03,8,7,5,30,4,1,1,5,4,5,13,4,4,9,4,5,2,15,1,62,2,9,6,1,7,9,1,10,2,15,72,1,22,121.5571949,25.0521737
114,09,12,17,25,2,10文山區,文山區羅斯福路6段與羅斯福路6段276巷口,0,0,1,1,B03,8,6,5,50,3,1,1,5,4,3,10,4,4,1,4,5,2,16,2,40,3,10,7,1,7,6,1,8,1,6,9,1,21,121.5400709,24.991302
114,09,12,17,36,2,11南港區,南港區忠孝東路6段291號,0,0,2,1,C03,8,6,5,30,14,9,1,5,4,5,13,4,4,10,5,5,2,3,2,27,2,9,3,4,7,9,1,10,2,11,108,1,21,121.5903477,25.0498669
114,09,12,17,55,2,02萬華區,萬華區西藏路與艋舺大道口,0,0,1,1,B02,8,7,5,50,4,1,1,5,4,5,13,1,1,1,3,5,2,15,2,27,3,10,7,1,7,15,1,8,1,1,74,1,22,121.491838,25.0289149
114,09,12,18,04,2,12內湖區,內湖區潭美街與新明路498巷口,0,0,2,1,F01,8,5,5,30,3,1,1,5,4,5,13,4,4,5,5,5,2,15,1,13,2,5,4,1,7,9,8,20,1,14,72,1,15,121.5778926,25.0533264
114,09,12,18,20,2,05中正區,中正區貴陽街1段與重慶南路1段口,0,0,2,1,C03,8,5,5,50,4,1,1,5,4,5,13,1,1,9,4,5,2,17,2,41,2,9,5,1,7,6,1,10,2,12,9,1,21,121.5129925,25.0388374
114,09,12,18,21,2,01大同區,大同區民權西路與延平北路3段口,0,0,1,1,B03,8,5,5,50,5,1,1,5,4,5,13,4,4,5,5,5,2,13,1,53,3,10,7,1,7,6,1,8,2,1,108,1,21,121.5112572,25.0631284
114,09,12,18,30,2,07信義區,信義區市府路1號附近側附近,0,0,3,1,A02,7,5,5,50,14,9,1,5,4,5,13,4,4,4,3,4,2,12,1,50,3,10,7,1,7,9,1,2,2,5,2,1,21,121.5636267,25.0365163
114,09,12,18,35,2,03中山區,中山區北安路與北安路口側附近573巷口,0,0,1,1,B03,8,5,5,50,4,1,1,5,4,5,13,1,1,1,3,5,2,17,1,35,3,10,3,4,7,5,1,8,1,2,44,1,21,121.548534,25.0812177
114,09,12,18,36,2,03中山區,中山區合江街與合江街55巷口,0,0,2,1,B03,8,5,5,30,4,1,1,5,4,5,13,4,4,9,5,5,2,17,1,47,3,10,7,1,7,1,1,8,1,17,72,1,21,121.5391279,25.05700182
114,09,12,18,43,2,05中正區,中正區林森北路與林森北路9巷口,0,0,3,1,C03,8,5,5,50,14,9,1,5,4,5,13,1,1,9,4,5,2,13,2,37,2,9,5,1,7,9,1,10,1,11,108,1,21,121.5235168,25.0456516
114,09,12,18,50,2,11南港區,南港區松河街與重陽路125巷口,0,0,1,1,B03,7,5,5,40,4,2,1,5,4,5,13,2,1,9,5,5,2,16,1,30,3,10,7,1,7,5,1,8,1,5,71,1,21,121.5973214,25.0584514
114,09,12,19,04,2,04大安區,大安區新生南路1段與新生南路1段133巷口,0,0,1,1,C03,8,5,5,50,3,2,1,5,4,5,13,4,4,1,1,5,2,13,1,58,3,10,3,4,7,9,1,10,1,11,16,1,22,121.5329146,25.0372084
114,09,12,19,07,2,10文山區,文山區萬芳路與萬和街口,0,0,1,1,C03,8,5,5,50,14,9,2,5,4,5,13,2,1,5,4,5,2,17,1,46,2,9,5,4,7,7,1,10,1,14,100,1,21,121.5690474,24.999191
114,09,12,19,15,2,01大同區,大同區民族西路236號,0,0,3,1,H01,8,5,5,50,14,9,1,5,4,5,13,4,4,8,3,5,1,1,1,41,2,7,4,5,8,16,8,20,10,16,121,1,21,121.512619,25.0685928
114,09,12,19,18,2,04大安區,大安區愛國東路與金山南路2段口,0,0,2,1,C03,8,5,5,50,5,1,1,5,4,5,13,1,1,3,4,5,2,17,1,21,2,5,6,4,7,15,1,10,1,12,80,1,21,121.5269143,25.0316062
114,09,12,19,20,2,04大安區,大安區敦化南路1段202號,0,0,1,1,C02,8,5,5,50,14,9,1,5,4,5,13,4,4,4,4,5,2,17,1,49,2,9,5,1,7,10,1,10,1,14,100,1,22,121.5486189,25.0420931
114,09,12,19,37,2,10文山區,文山區指南路2段6號,0,0,1,1,C03,8,5,5,50,14,9,2,5,4,5,13,4,4,5,5,5,2,13,2,23,2,8,5,4,7,9,1,10,1,11,16,1,21,121.5741872,24.9879247
114,09,12,20,00,2,07信義區,信義區忠孝東路4段560號,0,0,1,1,C03,8,5,5,50,14,9,1,5,4,5,13,4,4,9,4,5,2,13,2,23,2,9,5,4,7,9,1,10,2,11,108,1,21,121.5638195,25.041098
114,09,12,20,11,2,08士林區,士林區中山北路6段與忠誠路1段口,0,0,1,1,B03,8,5,5,50,5,1,1,5,4,5,13,1,1,1,4,5,2,12,1,57,3,10,3,4,7,9,1,8,1,2,17,1,21,121.5247958,25.103867
114,09,12,20,35,2,08士林區,士林區忠誠路2段與天母東路8巷19弄口,0,0,3,1,F07,7,6,5,50,3,1,1,5,4,5,13,4,4,1,3,4,2,16,1,52,2,8,4,1,7,15,8,20,2,15,42,1,21,121.5341053,25.11767749
114,09,12,20,37,2,03中山區,中山區市民大道3段與松江路口,0,0,1,1,C03,8,5,5,40,4,2,1,5,4,5,13,1,1,9,4,5,2,13,2,60,2,8,6,1,7,9,1,10,1,11,108,1,21,121.5326946,25.04595355
114,09,12,20,45,2,06松山區,松山區南京東路4段95號,0,0,1,1,B03,8,5,5,40,14,8,1,5,4,5,13,4,4,1,4,4,2,13,1,35,3,10,7,1,7,14,1,8,1,7,38,1,26,121.5544111,25.0517369
114,09,12,20,52,2,02萬華區,萬華區和平西路3段112號,0,0,2,1,H01,7,5,5,40,14,8,1,5,4,5,13,4,4,10,5,4,2,9,2,78,2,9,4,5,8,16,8,20,10,16,121,1,21,121.5003754,25.0351677
114,09,12,21,30,2,06松山區,松山區民權東路3段與民權東路3段140巷口,0,0,2,1,C03,8,5,5,50,4,1,1,5,4,5,13,2,1,1,4,5,2,16,1,48,2,7,6,1,7,5,1,10,1,14,8,1,22,121.5466714,25.0620875
114,09,12,22,50,2,08士林區,士林區中山北路5段與福林路口口,0,0,2,1,B02,8,5,5,50,3,1,1,5,4,5,13,1,1,1,3,1,1,12,1,19,2,1,7,1,7,6,1,8,1,2,9,1,21,121.5281721,25.09385253
114,09,12,23,00,2,01大同區,大同區鄭州路與太原路口,0,0,1,1,B03,7,5,5,40,3,1,1,5,4,5,13,3,1,7,4,5,2,16,1,28,3,10,7,1,7,6,1,8,1,2,9,1,21,121.5149094,25.0491842
114,09,12,23,47,2,08士林區,士林區中正路與通河西街1段口,0,0,1,1,C03,8,5,5,50,3,1,1,5,4,5,13,1,1,5,5,5,1,17,1,63,2,9,5,1,7,9,1,10,1,12,81,1,21,121.5118475,25.08766338
114,09,13,00,46,2,06松山區,松山區市民大道6段與基隆路1段口,0,0,2,1,C03,8,6,5,40,5,1,1,5,4,5,13,1,1,1,3,5,2,16,1,19,3,10,6,1,7,6,1,10,1,13,118,1,21,121.5694004,25.0491386
114,09,13,05,29,2,04大安區,大安區和平東路2段與新生南路2段口,0,0,2,1,C03,8,5,5,50,4,3,1,5,4,5,13,2,1,1,4,5,2,18,1,63,2,7,5,1,7,9,1,10,1,17,116,1,22,121.5359457,25.025943
114,09,13,05,38,2,12內湖區,內湖區金龍路222巷與金龍路口,0,0,1,1,B03,8,6,5,50,3,2,1,5,4,5,13,4,4,5,4,5,2,3,1,72,3,10,7,1,7,9,1,8,2,5,70,1,21,121.5869544,25.0881766
114,09,13,06,45,2,06松山區,松山區民權東路4段與光復北路口,0,0,2,1,C03,8,6,5,50,4,4,1,5,4,5,13,1,1,1,4,5,2,13,1,40,2,9,6,1,7,9,1,10,2,11,16,1,22,121.5545887,25.06184289
114,09,13,07,44,2,01大同區,大同區南京西路與南京西路262巷口,0,0,1,1,A12,8,5,5,50,11,9,1,5,4,5,13,4,4,3,4,5,2,29,3,52,,,,,,,,,,,130,1,,121.5145781,25.0540795
114,09,13,08,26,2,01大同區,大同區重慶北路3段與重慶北路3段113巷口,0,0,1,1,B02,8,6,5,50,4,2,1,5,4,5,13,1,1,1,4,5,2,17,1,30,3,10,7,1,7,6,1,8,1,1,9,1,21,121.5137699,25.06727456
114,09,13,08,30,2,11南港區,南港區研究院路3段16巷(西往東),0,0,1,1,C03,8,6,5,30,14,9,1,5,4,5,13,4,4,10,5,5,2,16,2,64,2,9,6,1,7,1,1,10,2,14,19,1,21,121.6152743,25.0355758
114,09,13,09,00,2,12內湖區,內湖區文德路206號,0,0,1,1,B03,8,6,5,50,14,9,1,5,4,5,13,4,4,9,5,5,2,17,1,33,3,10,7,1,7,1,1,8,1,17,19,1,21,121.5835839,25.0781505
114,09,13,09,00,2,12內湖區,內湖區瑞光路188巷與瑞湖街口,0,0,1,1,B03,8,6,5,50,3,1,1,5,4,5,13,4,4,5,4,5,2,16,1,29,3,10,7,1,7,5,1,8,1,4,74,1,21,121.5759104,25.0736176
114,09,13,09,04,2,01大同區,大同區民權西路136號,0,0,3,1,C03,8,5,5,50,14,9,1,5,4,5,13,4,4,1,4,5,2,13,2,26,2,8,5,1,7,9,1,10,1,11,16,1,21,121.5161173,25.0628658
114,09,13,10,28,2,04大安區,大安區忠孝東路4段77號,0,0,1,1,A02,8,6,5,50,14,9,1,5,4,3,13,4,4,1,4,5,2,17,1,36,3,10,7,1,7,7,1,2,1,5,100,1,21,121.547613,25.0416415
114,09,13,10,56,2,04大安區,大安區金山南路2段145號前,0,0,2,1,C03,8,7,5,50,14,7,1,5,4,5,13,4,4,3,4,4,2,13,1,24,2,9,6,1,7,9,1,10,2,11,108,1,21,121.5265029,25.029509
114,09,13,10,58,2,03中山區,中山區民權東路3段與龍江路口,0,0,1,1,F01,8,7,6,50,4,1,1,5,4,5,13,1,1,9,4,1,2,17,2,75,2,9,3,4,7,9,8,20,1,12,81,1,21,121.5407105,25.06229749
114,09,13,11,10,2,03中山區,中山區長春路167號,0,0,3,1,C03,8,6,5,40,14,8,1,5,4,5,13,4,4,9,4,5,2,16,1,47,2,9,6,1,7,1,1,10,1,14,19,1,22,121.5363078,25.0548209
114,09,13,11,40,2,01大同區,大同區承德路3段278號,0,0,2,1,C03,8,7,5,50,14,9,1,5,4,5,13,4,4,1,4,4,2,17,1,62,2,9,3,4,7,15,1,10,1,13,101,1,21,121.5194156,25.0737238
114,09,13,11,42,2,03中山區,中山區北安路458巷與北安路口,0,0,1,1,B03,8,7,5,50,4,2,1,5,4,5,13,2,1,1,4,5,2,15,1,53,3,10,7,1,7,9,1,8,9,2,81,1,21,121.5444971,25.0798257
114,09,13,11,46,2,12內湖區,內湖區內湖路1段629巷42號,0,0,1,1,B03,8,6,6,50,14,9,1,5,4,5,13,4,4,10,5,5,2,3,1,30,3,10,7,1,7,9,1,8,2,1,70,1,21,121.5756979,25.0814935
114,09,13,12,05,2,12內湖區,內湖區康樂街61巷與康樂街85巷口口,0,0,4,1,B03,8,5,5,30,4,1,1,5,4,5,13,4,4,10,5,5,2,17,1,67,3,10,7,1,7,9,1,8,1,5,80,1,21,121.6195177,25.0695901
114,09,13,12,10,2,10文山區,文山區試院路22號,0,0,1,1,C03,8,5,5,30,14,9,1,5,4,5,13,4,4,9,5,5,1,13,1,23,3,10,6,1,7,9,1,10,1,11,16,1,21,121.5493592,24.988978
114,09,13,12,12,2,04大安區,大安區仁愛路3段24巷與仁愛路3段口,0,0,1,1,B02,8,7,5,30,3,2,1,5,4,5,13,4,4,8,3,4,1,17,1,54,3,10,7,1,7,5,1,8,1,2,72,1,21,121.535607,25.0377519
114,09,13,12,15,2,03中山區,中山區北安路807號,0,0,1,1,B03,8,7,5,50,14,9,1,5,4,5,13,4,4,9,4,5,2,17,1,45,3,10,7,1,7,9,1,8,1,1,16,1,21,121.5542339,25.08529574
114,09,13,12,56,2,08士林區,士林區延平北路5段244巷與重慶北路4段口,0,0,1,1,B01,8,6,5,30,3,2,1,5,4,5,13,4,4,1,4,4,2,17,1,49,3,10,7,1,7,6,1,4,2,8,72,1,21,121.511297,25.0848438
114,09,13,12,59,2,01大同區,大同區重慶北路2段與民權西路口,0,0,2,1,C03,8,6,5,50,5,1,1,5,4,5,13,2,1,1,4,5,2,13,1,26,2,9,6,1,7,9,1,10,1,11,16,1,21,121.5134774,25.06291346
114,09,13,13,02,2,02萬華區,萬華區中華路2段與艋舺大道口,0,0,1,1,C03,8,7,5,40,3,2,1,5,4,5,13,1,1,9,4,4,2,13,2,61,2,9,5,1,7,9,1,10,1,11,108,1,21,121.5056987,25.0347766
114,09,13,13,05,2,06松山區,松山區延吉街與八德路3段74巷3弄口,0,0,2,1,C03,8,7,5,30,4,1,1,5,4,5,13,4,4,9,4,5,2,15,2,30,2,9,6,1,7,9,1,10,1,11,72,1,22,121.5534355,25.0475564
114,09,13,13,13,2,12內湖區,內湖區環山路3段與環山路3段16巷口,0,0,1,1,C03,8,6,5,50,3,2,1,5,4,5,13,2,1,5,4,5,2,29,1,18,2,9,6,1,7,9,1,10,2,11,116,1,21,121.5788246,25.08436531
114,09,13,13,55,2,08士林區,士林區格致路與凱旋路口,0,0,1,1,B03,8,6,5,40,3,1,1,5,4,5,13,4,4,5,5,5,2,17,1,67,3,10,7,1,7,6,1,8,1,2,9,1,21,121.5464158,25.13700947
114,09,13,14,00,2,08士林區,士林區文昌路與美崙街口,0,0,1,1,C03,8,6,5,50,4,1,1,5,4,5,13,2,1,4,4,5,2,17,2,63,2,9,3,4,7,6,1,10,1,12,9,1,21,121.5207813,25.0968729
114,09,13,14,05,2,08士林區,士林區福華路東華橋往北投,0,0,1,1,B03,8,6,5,50,8,9,1,5,4,5,13,4,4,10,4,5,1,2,1,64,3,10,7,4,7,9,1,8,11,2,108,2,21,121.5204213,25.10754152
114,09,13,14,35,2,04大安區,大安區忠孝東路4段與忠孝東路4段216巷口,0,0,2,1,H01,8,6,5,0,4,1,1,5,4,5,13,2,1,1,4,5,2,3,1,70,2,9,4,5,8,18,8,20,10,17,122,1,21,121.5529572,25.0412653
114,09,13,14,43,2,08士林區,士林區雨農路與福志路口,0,0,1,1,B03,8,5,5,50,4,2,1,5,4,5,13,2,1,5,4,5,2,17,2,27,3,10,7,1,7,5,1,8,1,2,71,1,21,121.5323309,25.0983437
114,09,13,14,45,2,05中正區,中正區南海路與南昌路1段口,0,0,1,1,B01,8,6,5,30,4,1,2,5,4,5,13,1,1,10,4,5,1,13,1,68,3,10,7,1,7,9,1,4,1,5,108,1,21,121.5166173,25.0324323
114,09,13,14,58,2,12內湖區,內湖區民權大橋與民權東路6段11巷口,0,0,1,1,B12,8,6,5,50,4,1,1,5,4,5,13,1,1,1,4,4,2,16,1,63,3,10,7,1,7,8,1,8,1,8,108,1,21,121.5782255,25.06676
114,09,13,15,10,2,08士林區,士林區仰德大道1段上山方向 電線桿編號:仰德幹24、B6655GA85,0,0,2,1,B13,8,6,5,40,11,9,1,5,4,5,13,4,4,8,5,5,1,12,1,62,3,10,7,1,7,9,1,8,2,2,108,1,21,121.5382776,25.10425799
114,09,13,15,18,2,02萬華區,萬華區桂林路與環河南路1段348巷口,0,0,1,1,F02,8,7,5,50,5,1,1,5,4,5,13,2,1,5,5,5,2,17,1,81,3,10,4,1,7,15,8,20,1,14,80,1,21,121.496154,25.0387795
114,09,13,15,20,2,09北投區,北投區立農街2段與立農街2段202巷口,0,0,1,1,B03,8,7,5,50,4,1,1,5,4,5,13,2,1,10,5,5,2,17,1,29,3,10,7,1,7,11,3,18,1,1,10,1,21,121.5142563,25.1188462
114,09,13,15,30,2,05中正區,中正區青島東路與紹興南街口,0,0,1,1,B03,8,6,5,50,4,1,1,5,4,5,13,1,1,5,4,5,2,17,1,68,3,10,7,1,7,11,1,8,2,17,103,1,22,121.524845,25.0431564
114,09,13,15,38,2,01大同區,大同區民權西路與承德路2段口口,0,0,3,1,C03,8,6,5,50,4,2,1,5,4,5,13,2,1,1,5,5,2,13,1,22,2,9,6,1,7,9,1,10,2,11,16,1,21,121.5178503,25.0628101
114,09,13,15,40,2,04大安區,大安區忠孝東路3段與安東街口,0,0,1,1,B03,8,6,5,50,3,1,1,5,4,5,13,4,4,8,3,5,2,12,1,34,3,10,3,4,7,9,1,8,1,4,44,1,21,121.5427644,25.0417167
114,09,13,16,08,2,03中山區,中山區北安路520號對面,0,0,2,1,B03,8,6,5,50,14,9,1,5,4,5,13,4,4,1,4,5,2,17,1,34,3,10,7,1,7,8,6,18,2,5,100,1,21,121.5459035,25.07979859
114,09,13,16,25,2,08士林區,士林區中山北路6段與中山北路6段195巷口,0,0,2,1,F01,8,6,5,50,3,2,1,5,4,5,13,1,1,1,4,5,2,12,2,31,2,9,4,1,7,15,8,20,1,14,100,1,21,121.5250797,25.1081791
114,09,13,17,01,1,11南港區,南港區南港路3段與東新街口,1,0,0,1,A11,7,6,5,50,5,2,1,5,4,5,13,2,1,5,4,5,2,12,1,50,3,10,7,1,7,1,1,3,2,17,108,1,21,121.5828431,25.0516083
114,09,13,17,15,2,03中山區,中山區美堤河濱公園道路近16號水門,0,0,1,1,B12,8,7,5,30,14,9,1,5,4,5,13,4,4,10,5,5,2,11,2,25,3,10,7,1,7,9,1,8,1,4,5,1,21,121.5579008,25.07696513
114,09,13,17,40,2,07信義區,信義區松隆路與中坡北路口,0,0,5,1,C04,8,6,5,50,3,18,1,5,4,5,13,2,1,1,4,5,2,3,2,47,2,9,3,4,7,5,1,10,2,11,70,1,22,121.5799244,25.0484208
114,09,13,18,10,2,05中正區,中正區中山南路與信義路1段口,0,0,1,1,C03,8,5,5,50,5,1,1,5,4,5,13,2,1,1,4,5,2,17,1,20,2,9,6,1,7,5,1,10,2,14,96,1,25,121.5179786,25.0386996
114,09,13,18,26,2,05中正區,中正區公園路與貴陽街1段口,0,0,2,1,C03,8,5,5,50,4,1,1,5,4,5,13,2,1,5,4,5,2,16,1,29,2,9,5,1,7,5,1,10,2,12,74,1,22,121.5152029,25.0386269
114,09,13,18,53,2,07信義區,信義區忠孝東路5段與大道路口,0,0,1,1,C03,8,5,5,50,5,1,1,5,4,5,13,1,1,9,4,5,2,17,2,21,2,9,5,1,7,9,1,10,2,14,81,1,23,121.5811816,25.0428702
114,09,13,18,58,2,05中正區,中正區衡陽路與桃源街口,0,0,1,1,B03,8,5,5,50,3,1,1,5,4,5,13,4,4,10,4,5,1,17,1,48,4,11,3,4,7,5,7,19,11,17,72,2,22,121.5105858,25.0422268
114,09,13,19,45,2,10文山區,文山區木柵路1段與富山路口,0,0,1,1,B01,8,5,5,50,5,1,1,5,4,5,13,1,1,5,4,5,1,11,1,61,3,10,7,1,7,11,1,4,1,3,10,1,21,121.5538377,24.9880875
114,09,13,20,12,2,11南港區,南港區忠孝東路6段與東新街口,0,0,2,1,C03,8,5,5,50,4,1,1,5,4,5,13,2,1,1,5,5,2,16,1,57,2,8,3,4,7,5,1,10,1,14,71,1,22,121.5851107,25.0480557
114,09,13,21,10,2,09北投區,北投區天母西路與天母西路100巷口,0,0,2,1,B03,8,5,5,50,4,2,1,5,4,5,13,4,4,7,4,5,1,3,1,50,3,10,3,4,7,5,1,8,2,1,70,1,21,121.5237506,25.1186511
114,09,13,21,36,2,03中山區,中山區建國北路2段與南京東路3段口,0,0,1,1,F01,8,5,5,0,4,1,1,5,4,5,13,1,1,1,4,5,2,15,1,17,2,8,4,1,7,9,8,20,1,11,81,1,21,121.5370697,25.05215656