發生年度,發生月,發生日,發生時-Hours,發生分,處理別-編號,區序,肇事地點,死亡人數,2-30日死亡人數,受傷人數,當事人序號,車種,天候,光線,道路類別,速限-速度限制,道路型態,事故位置,路面狀況1,路面狀況2,路面狀況3,道路障礙1,道路障礙2,號誌1,號誌2,車道劃分-分向,車道劃分-分道1,車道劃分-分道2,車道劃分-分道3,事故類型及型態,性別,年齡,受傷程度,主要傷處,保護裝置,行動電話,車輛用途,當事者行動狀態,駕駛資格情形,駕駛執照種類,飲酒情形,車輛撞擊部位1,肇因碼-個別,個人肇逃否,職業,座標-X,座標-Y
114,09,15,23,22,2,03中山區,中山區林森北路與南京東路1段口,0,0,1,1,B01,8,5,5,50,14,9,1,5,4,5,13,2,1,1,5,5,1,12,1,63,3,10,3,4,7,8,5,18,1,6,100,1,21,121.5252752,25.05191988
114,09,16,06,32,2,01大同區,大同區台北橋機慢車道往台北,0,0,2,1,C03,8,6,5,40,14,11,1,5,4,5,13,4,4,1,5,5,2,13,1,46,2,7,6,1,7,15,1,10,2,11,16,1,22,121.5099308,25.0630342
114,09,16,06,35,2,11南港區,南港區東新街與東新街77巷4弄口,0,0,1,1,B03,8,7,5,50,3,1,1,5,4,5,13,4,4,4,5,5,2,17,1,61,3,10,7,1,7,5,1,8,1,1,74,1,21,121.5881444,25.0468163
114,09,16,06,38,2,04大安區,大安區基隆路3段和平高中,0,0,1,1,B03,8,5,5,50,14,9,1,5,4,5,13,4,4,1,4,1,1,13,2,44,3,10,7,1,7,9,1,8,1,1,16,1,21,121.5473612,25.0196586
114,09,16,07,00,2,03中山區,中山區中山北路4段與北安路口,0,0,2,1,C03,8,7,5,50,11,9,1,5,4,5,13,1,1,1,2,5,2,12,1,44,2,9,6,1,7,15,1,10,1,11,100,1,21,121.5269588,25.0763987
114,09,16,07,00,2,09北投區,北投區大度路1208587號燈桿,0,0,1,1,C03,8,6,5,50,14,11,1,5,4,5,13,4,4,1,4,2,1,13,1,34,2,9,5,1,7,9,1,10,1,11,16,1,21,121.4780816,25.12232466
114,09,16,07,33,2,07信義區,信義區松勇路29號,0,0,1,1,C03,8,7,8,30,22,22,1,5,4,5,13,4,4,9,4,5,2,17,1,42,2,7,6,1,7,9,1,10,1,11,108,1,22,121.569792,25.0372998
114,09,16,07,39,2,03中山區,中山區明水路與樂群一路口,0,0,1,1,C03,8,5,5,50,3,1,1,5,4,5,13,1,1,1,4,5,2,16,2,43,2,7,3,4,7,5,1,10,1,14,108,1,21,121.5517178,25.07754925
114,09,16,07,48,2,08士林區,士林區新安路第039號燈桿前,0,0,1,1,C04,8,5,5,30,11,9,1,5,4,5,13,4,4,10,5,5,2,10,2,49,2,9,3,4,7,9,1,11,1,11,5,1,22,121.538273,25.1335718
114,09,16,08,08,2,04大安區,大安區建國南路2段向南,0,0,3,1,C03,8,6,5,50,14,9,1,5,4,5,13,2,2,1,4,5,2,13,2,22,2,9,6,1,7,9,1,10,2,11,16,1,21,121.5374581,25.0277769
114,09,16,08,12,2,04大安區,大安區羅斯福路3段與辛亥路1段口,0,0,2,1,C03,8,6,5,50,4,1,1,5,4,5,13,1,1,3,4,5,2,13,2,22,2,8,6,1,7,15,1,10,1,11,16,1,21,121.5292509,25.0198225
114,09,16,08,26,2,10文山區,文山區興隆路2段244巷與興隆路2段口,0,0,1,1,B03,8,6,5,50,3,1,1,5,4,5,13,4,4,5,5,5,2,16,1,42,3,10,7,1,7,6,1,8,1,4,72,1,21,121.5538955,25.0010296
114,09,16,08,39,2,08士林區,士林區文林路與文林路661巷口,0,0,3,1,C03,8,6,5,50,3,2,1,5,4,5,13,1,1,5,4,5,2,13,2,23,2,9,6,1,7,9,1,10,2,11,108,1,22,121.5224369,25.1008388
114,09,16,08,48,2,01大同區,大同區環河北路1段與鄭州路口,0,0,2,1,C03,8,6,5,50,14,9,1,5,4,5,13,4,4,1,4,5,2,16,2,56,2,9,5,1,7,8,1,10,2,12,100,1,22,121.5066654,25.0499937
114,09,16,08,57,2,08士林區,士林區百齡橋西向東,0,0,1,1,C03,8,6,5,40,8,11,1,5,4,5,13,4,4,1,4,4,1,13,1,70,3,10,5,1,7,9,1,10,1,11,16,1,21,121.5170869,25.09062197
114,09,16,09,03,2,09北投區,北投區石牌路1段與石牌路1段71巷口,0,0,1,1,C03,8,6,5,50,3,18,1,5,4,5,13,4,4,9,4,5,2,3,1,69,3,10,6,1,7,9,1,10,9,14,70,2,21,121.5112789,25.113628
114,09,16,09,25,2,11南港區,南港區市民大道8段與興華路口,0,0,1,1,H01,8,6,5,50,3,1,1,5,4,5,13,2,1,1,4,5,2,3,2,76,2,9,4,5,8,20,8,20,10,16,60,1,21,121.6064732,25.0533142
114,09,16,09,45,2,09北投區,北投區明德路與榮華二路口,0,0,1,1,C04,8,6,5,30,4,1,1,5,4,5,13,3,1,9,5,5,2,16,2,42,2,9,6,1,7,5,1,10,2,12,72,1,21,121.5221023,25.113597
114,09,16,10,20,2,02萬華區,萬華區華江橋機車道,0,0,1,1,C03,8,6,5,40,8,11,1,5,4,5,13,4,4,1,5,1,2,12,1,42,2,8,6,4,7,15,1,10,9,14,101,1,22,121.4897489,25.0341216
114,09,16,10,22,2,01大同區,大同區涼州街與延平北路2段口,0,0,1,1,F01,8,6,5,50,4,2,1,5,4,5,13,2,1,5,2,5,2,17,2,73,2,9,4,4,7,6,8,20,1,14,44,1,21,121.5120496,25.0605262
114,09,16,11,00,2,07信義區,信義區市民大道5段50號,0,0,2,1,C03,8,5,5,50,14,9,1,5,4,5,13,4,4,1,4,5,2,13,1,33,2,9,6,1,7,9,1,10,1,11,16,1,22,121.5634645,25.047371
114,09,16,11,04,2,09北投區,北投區石牌路2段與立農街2段口,0,0,1,1,B03,8,5,5,50,3,2,1,5,4,5,13,2,1,5,4,5,2,12,1,70,3,10,7,1,7,9,1,8,1,2,108,1,21,121.5209791,25.11931902
114,09,16,11,25,2,05中正區,中正區青島東路4-7號,0,0,2,1,C03,8,7,6,50,14,7,1,5,4,5,13,4,4,9,5,4,2,17,1,50,2,9,5,1,7,5,1,10,2,14,8,1,21,121.521801,25.0439098
114,09,16,11,40,2,04大安區,大安區辛亥路3段與基隆路3段口,0,0,2,1,C03,8,6,5,50,4,1,1,5,4,5,13,2,1,1,4,5,1,16,1,21,2,8,3,4,7,6,1,10,1,14,99,1,21,121.5469617,25.0192236
114,09,16,11,55,2,08士林區,士林區葫蘆街與無名巷口,0,0,1,1,C03,8,6,5,30,3,2,1,5,4,5,13,4,4,10,5,5,1,17,1,32,3,10,6,1,7,5,1,10,2,17,80,1,21,121.5087658,25.08057351
114,09,16,12,15,2,03中山區,中山區北安路自強隧道圓環外,0,0,1,1,B01,8,6,5,50,18,17,1,5,4,5,13,4,4,3,4,3,2,12,1,43,3,10,3,4,7,7,1,3,1,2,100,1,21,121.549707,25.0858324
114,09,16,12,33,2,06松山區,松山區民權東路3段與民權東路3段191巷口,0,0,1,1,C02,8,6,5,50,3,1,1,5,4,5,13,4,4,1,4,5,2,16,1,51,3,10,6,1,7,6,1,9,11,13,9,1,22,121.5482667,25.062093
114,09,16,13,21,2,04大安區,大安區和平東路1段與金山南路2段口,0,0,1,1,B03,8,6,5,40,14,7,1,5,4,5,13,1,1,1,4,4,1,12,2,22,3,10,3,4,7,1,1,8,1,8,19,1,21,121.526323,25.0266867
114,09,16,13,26,2,03中山區,中山區市民大道1段轉運站前迴轉道,0,0,2,1,C03,8,7,5,40,14,6,1,5,4,5,13,4,4,1,4,5,2,16,1,19,2,9,6,1,7,5,1,10,1,14,8,1,21,121.5188708,25.0484601
114,09,16,13,33,2,08士林區,士林區百齡橋下堤外涵洞,0,0,1,1,B03,8,6,5,30,9,9,1,5,4,3,10,4,4,10,5,5,1,17,1,37,3,10,7,1,7,1,1,8,1,1,19,1,21,121.5186234,25.080085
114,09,16,13,40,2,08士林區,士林區通河西街2段網球場旁自行車道,0,0,1,1,C03,8,5,8,0,22,22,1,5,4,5,13,4,4,10,5,5,1,17,1,75,2,8,5,1,7,6,1,10,1,17,9,1,21,121.513,25.08840839
114,09,16,15,00,2,03中山區,中山區中山北路1段140巷與中山北路1段口,0,0,1,1,B03,8,6,5,50,3,1,1,5,4,5,13,4,4,3,4,3,2,16,1,28,3,10,3,4,7,6,1,8,1,2,9,1,21,121.5225497,25.051098
114,09,16,15,40,2,03中山區,中山區北安路85號,0,0,1,1,C03,8,7,5,50,14,9,1,5,4,5,13,3,1,1,4,5,2,13,1,18,3,10,6,1,7,9,1,10,1,11,16,1,21,121.5297768,25.07799778
114,09,16,16,09,2,07信義區,信義區基隆路1段1-3號,0,0,2,1,C03,8,6,5,50,14,9,1,5,4,5,13,4,4,1,4,5,2,16,1,55,2,8,3,4,7,11,1,10,1,12,72,1,22,121.5648236,25.0414949
114,09,16,16,21,2,01大同區,大同區鄭州路與太原路11巷口,0,0,1,1,C03,8,6,5,40,3,2,1,5,4,5,13,4,4,9,4,5,2,12,1,63,3,10,5,1,7,9,1,10,1,14,17,1,21,121.5157146,25.0490128
114,09,16,16,28,2,02萬華區,萬華區萬大路114號,0,0,1,1,B03,8,7,5,30,14,9,1,5,4,5,13,4,4,1,4,4,2,12,1,28,3,10,7,1,7,10,1,8,1,5,17,1,21,121.5004635,25.0298243
114,09,16,16,29,2,03中山區,中山區民權東路2段144號,0,0,1,1,C03,8,7,5,50,14,9,1,5,4,5,13,4,4,1,4,5,2,12,1,27,2,8,6,1,7,1,1,10,1,14,19,1,21,121.5339279,25.06219877
114,09,16,16,59,2,09北投區,北投區中央北路1段與中央北路1段198巷口,0,0,2,1,F01,8,5,5,30,4,2,1,5,4,5,13,4,4,5,5,5,2,29,3,0,,,,,,,,,,,67,1,,121.4979285,25.1357216
114,09,16,17,08,2,11南港區,南港區大坑街與民權橋口,0,0,1,1,B03,8,6,5,40,4,2,1,5,4,5,13,2,1,5,5,5,2,16,1,59,3,10,7,1,7,6,1,8,1,2,71,1,21,121.6179004,25.0454435
114,09,16,17,27,2,11南港區,南港區昆陽街與市民大道7段口,0,0,2,1,C03,8,6,5,30,4,18,1,5,4,5,13,1,1,5,4,5,2,6,1,18,2,8,3,4,7,5,1,10,9,11,70,2,21,121.5936279,25.0512147
114,09,16,17,44,2,03中山區,中山區民權西路9巷與撫順街口,0,0,1,1,B03,8,6,5,30,3,2,1,5,4,5,13,4,4,9,5,5,2,13,1,40,3,10,7,1,7,5,1,8,1,8,108,1,22,121.5214073,25.0638158
114,09,16,17,50,2,04大安區,大安區信義路2段與新生南路2段口,0,0,2,1,C03,8,6,5,50,4,1,1,5,4,5,13,2,1,1,4,5,2,12,1,26,2,9,6,1,7,8,1,9,1,12,100,1,21,121.5329794,25.0334926
114,09,16,17,54,2,05中正區,中正區基隆路4段與汀州路3段口口,0,0,2,1,C03,8,6,5,50,4,1,1,5,4,5,13,1,1,1,4,5,1,15,1,23,2,7,6,1,7,9,1,10,2,11,81,1,21,121.5368248,25.0111787
114,09,16,18,07,2,01大同區,大同區寧夏路與歸綏街口,0,0,1,1,B01,8,5,5,50,5,2,1,5,4,5,13,4,4,5,5,5,2,13,1,61,3,10,7,1,7,9,1,4,1,1,44,1,21,121.5151595,25.058308
114,09,16,18,10,2,01大同區,大同區台北橋機慢車道西往東,0,0,2,1,C03,8,5,7,40,14,11,1,5,4,5,13,4,4,9,4,5,1,16,1,21,2,9,3,4,7,9,1,10,1,11,116,1,21,121.5103871,25.0629745
114,09,16,18,35,2,10文山區,文山區興隆路3段與興隆路3段206巷口口,0,0,1,1,B03,8,5,5,50,5,1,1,5,4,5,13,2,1,1,4,5,2,16,1,43,3,10,7,1,7,11,1,8,1,4,10,1,21,121.5592236,24.9978045
114,09,16,18,39,2,03中山區,中山區中山北路3段與德惠街口,0,0,4,1,C03,8,5,5,50,3,1,1,5,4,5,13,1,1,1,4,5,2,12,2,59,2,8,5,1,7,8,1,10,1,12,101,1,21,121.522332,25.0669654
114,09,16,18,45,2,01大同區,大同區敦煌路60號,0,0,1,1,C03,8,5,5,50,14,9,1,5,4,5,13,4,4,8,3,5,2,17,1,26,2,7,6,1,7,7,1,10,1,11,116,1,21,121.5184973,25.0755984
114,09,16,18,48,2,02萬華區,萬華區環河南路2段與長順街口,0,0,1,1,B03,8,5,5,50,4,1,1,5,4,5,13,2,1,1,4,5,2,17,1,69,3,10,7,1,7,5,1,8,1,17,71,1,21,121.4907045,25.0313703
114,09,16,19,00,2,08士林區,士林區文昌路與美崙街口,0,0,2,1,F03,8,6,5,50,4,2,1,5,4,5,13,2,1,9,4,5,1,17,2,63,2,6,5,1,7,5,8,20,1,11,71,1,21,121.5181885,25.08708387
114,09,16,19,05,2,08士林區,士林區德行東路與德行東路129巷口,0,0,2,1,C03,8,5,5,50,4,1,1,5,4,5,13,4,4,1,5,5,1,3,2,41,2,9,5,1,7,9,1,10,1,11,70,1,21,121.5289973,25.1079589
114,09,16,19,50,2,10文山區,文山區萬芳路74號停車格,0,0,1,1,C03,8,6,5,50,14,9,1,5,4,5,13,4,4,5,4,5,2,17,2,18,2,8,6,1,7,9,1,10,1,12,108,1,21,121.5667477,24.99898771
114,09,16,20,05,2,08士林區,士林區中正路與承德路5段口,0,0,1,1,F01,8,5,5,50,14,9,1,5,4,5,13,1,1,1,1,5,1,12,1,16,2,9,2,1,7,9,8,20,1,12,108,1,21,121.5154956,25.0904979
114,09,16,20,12,2,07信義區,信義區基隆路1段172巷與基隆路口側附近1段口,0,0,1,1,B03,7,5,5,50,3,1,1,5,4,5,13,4,4,9,4,5,2,16,1,27,3,10,3,4,7,6,1,8,9,5,9,1,21,121.5653853,25.0430249
114,09,16,20,30,2,07信義區,信義區基隆路汽機車混合地下道南側附近,0,0,3,1,C03,7,5,5,30,7,9,1,5,4,5,13,4,4,10,4,5,1,17,1,61,2,9,5,4,7,9,1,10,2,12,42,1,21,121.5613808,25.0361675
114,09,16,21,21,2,03中山區,中山區民權東路2段137號,0,0,1,1,B03,8,5,5,50,14,9,1,5,4,5,13,1,1,1,4,5,2,13,1,25,3,10,3,4,7,9,3,18,2,1,17,1,21,121.5346912,25.06275143
114,09,16,21,45,2,03中山區,中山區濱江街與松江路口,0,0,1,1,B03,8,5,5,50,3,1,1,5,4,5,13,1,1,1,4,5,2,20,2,46,2,9,7,1,7,5,1,8,1,1,130,1,21,121.5315244,25.0722691
114,09,16,21,45,2,08士林區,士林區中山北路5段與雙溪街口口,0,0,1,1,B03,8,5,5,50,4,1,1,5,4,5,13,3,1,8,3,5,1,13,1,26,3,10,7,1,7,9,1,8,1,5,76,1,21,121.5264937,25.10095462
114,09,16,22,36,2,12內湖區,內湖區行善路48巷16號,0,0,1,1,B12,8,5,5,50,14,9,1,5,4,5,13,4,4,5,5,5,2,17,1,31,3,10,7,1,7,5,1,3,1,8,8,1,21,121.5755354,25.05688513
114,09,16,23,00,2,03中山區,中山區八德路2段與建國北路1段口,0,0,1,1,B03,8,5,5,50,4,1,1,5,4,5,13,1,1,9,4,5,2,12,1,33,3,10,7,1,7,8,1,8,1,2,44,1,21,121.5363903,25.0458623
114,09,16,23,14,2,03中山區,中山區民生東路2段與民生東路2段147巷口,0,0,1,1,B02,8,5,5,50,3,1,1,5,4,5,13,4,4,1,3,5,2,16,2,38,3,10,7,1,7,6,1,8,2,4,72,1,21,121.5348384,25.05804828
114,09,16,23,57,2,03中山區,中山區中山北路2段與民權西路口,0,0,1,1,B01,8,5,5,50,4,1,1,5,4,5,13,1,1,1,4,5,2,17,1,67,3,10,7,1,7,6,1,4,2,2,9,1,21,121.5226678,25.0624986
114,09,17,06,02,2,11南港區,南港區忠孝東路7段與忠孝東路7段415巷口,0,0,1,1,C03,8,7,5,50,14,9,1,5,4,5,13,4,4,1,4,5,2,17,1,58,3,10,5,1,7,15,1,10,2,12,42,1,21,121.6093764,25.0524503
114,09,17,06,32,2,03中山區,中山區龍江路415巷與龍江路口,0,0,1,1,B03,8,6,5,50,4,1,1,5,4,5,13,4,4,9,5,5,2,15,1,69,3,10,3,4,7,9,1,8,1,1,75,1,22,121.5410152,25.0664256
114,09,17,06,51,2,04大安區,大安區通化街170巷與通化街口,0,0,1,1,C03,8,7,5,30,4,2,1,5,4,5,13,2,1,8,3,5,1,17,1,31,3,10,5,1,7,5,1,10,1,14,71,1,26,121.5535704,25.0281188
114,09,17,06,51,2,09北投區,北投區西安街2段333號,0,0,1,1,C03,8,6,5,50,14,9,1,5,4,5,13,4,4,1,4,5,2,13,1,20,2,8,6,1,7,9,1,10,1,11,16,1,21,121.5057091,25.1207029
114,09,17,06,54,2,11南港區,南港區市民大道7段與玉成街口,0,0,2,1,C03,8,7,5,50,4,2,1,5,4,5,13,2,1,1,4,5,2,16,1,45,2,8,6,1,7,5,1,10,1,14,80,1,21,121.581378,25.0490781
114,09,17,06,59,2,09北投區,北投區石牌路2段90巷與無名巷口,0,0,2,1,F01,8,7,5,30,3,2,1,5,4,5,13,4,4,10,5,5,2,15,1,73,2,9,4,1,7,9,8,20,2,14,72,1,22,121.5187225,25.1169875
114,09,17,07,11,2,09北投區,北投區文林北路與文林北路5巷口,0,0,1,1,B03,8,6,5,50,3,2,1,5,4,5,13,4,4,1,4,4,2,12,1,54,3,10,7,1,7,9,1,8,2,2,99,1,21,121.5190492,25.1040554
114,09,17,07,15,2,08士林區,士林區忠誠路2段與忠誠路2段70巷口,0,0,2,1,B03,8,6,5,30,3,2,1,5,4,5,13,4,4,10,4,4,1,17,1,45,3,10,7,1,7,6,1,8,2,7,72,1,21,121.5303636,25.1091664
114,09,17,07,21,2,06松山區,松山區民族東路685號,0,0,2,1,F01,8,7,5,30,14,9,1,5,4,5,13,4,4,10,5,5,2,17,1,26,2,9,4,1,7,8,8,20,2,14,100,1,21,121.5484105,25.06328339
114,09,17,07,24,2,10文山區,文山區萬芳路21-10號與無名巷口,0,0,1,1,B12,8,6,5,30,3,1,1,5,4,5,13,4,4,10,5,5,2,16,1,51,3,10,3,4,7,5,1,6,1,7,74,1,22,121.5645887,24.9982108
114,09,17,07,30,2,12內湖區,內湖區瑞湖街36號,0,0,2,1,C03,8,6,5,50,11,9,1,5,4,5,13,4,4,5,5,5,2,17,1,26,2,9,6,1,7,8,1,10,1,13,100,1,21,121.5759558,25.074636
114,09,17,07,32,2,09北投區,北投區公館路與公館路423巷口口,0,0,2,1,C03,8,6,5,50,3,1,1,5,4,5,13,4,4,10,5,5,2,18,1,65,2,9,5,1,7,9,1,10,1,14,108,1,21,121.5024646,25.1209521
114,09,17,07,33,2,10文山區,文山區新光路2段21號,0,0,2,1,B03,8,7,5,50,18,9,1,5,4,5,13,3,1,1,5,1,2,13,2,38,3,10,7,1,7,9,1,8,1,1,108,1,21,121.5834826,25.0003341
114,09,17,07,40,2,06松山區,松山區南京東路5段與南京東路5段123巷口,0,0,1,1,B03,8,6,5,50,4,1,1,5,4,5,13,2,1,1,4,4,2,13,1,61,3,10,7,1,7,5,1,8,2,8,108,1,21,121.560891,25.0514403
114,09,17,07,41,2,02萬華區,萬華區華中橋(路燈:7010523),0,0,1,1,C03,8,7,8,30,8,12,1,5,4,5,13,4,4,10,5,5,2,29,2,35,2,9,5,1,7,12,1,10,1,11,44,1,21,121.4956261,25.0161775
114,09,17,07,47,2,04大安區,大安區新生南路2段30巷與新生南路2段口,0,0,1,1,C03,8,7,5,40,3,2,1,5,4,5,13,2,1,8,3,4,1,12,1,49,3,10,5,1,7,12,1,10,1,11,108,1,26,121.5330347,25.0320069
114,09,17,07,53,2,09北投區,北投區西安街1段313巷與西安街1段313巷16弄口,0,0,2,1,C04,8,6,5,30,4,1,1,5,4,5,13,4,4,10,5,5,2,15,2,24,2,9,6,1,7,9,1,10,1,11,75,1,21,121.5155994,25.1125969
114,09,17,07,58,2,08士林區,士林區承德路5段與士商路口,0,0,1,1,B03,8,6,5,50,4,1,1,5,4,5,13,2,1,1,4,5,1,16,2,34,3,10,7,1,7,6,1,4,2,2,9,1,21,121.5147522,25.09625833
114,09,17,08,07,2,09北投區,北投區石牌路2段與石牌路2段99巷口口,0,0,1,1,B01,8,6,5,50,4,1,1,5,4,1,13,4,4,10,5,5,2,12,1,55,3,10,7,1,7,9,1,4,1,7,72,1,21,121.5165367,25.1174722
114,09,17,08,10,2,11南港區,南港區南港路3段與南港路3段80巷口,0,0,1,1,B01,8,6,5,50,3,1,1,5,4,5,13,4,4,5,4,5,2,16,1,55,3,10,3,4,7,11,1,4,2,4,10,1,21,121.5910908,25.0538708
114,09,17,08,12,2,03中山區,中山區民權東路1段與林森北路口,0,0,2,1,C03,8,5,5,50,4,1,1,5,4,5,13,1,1,1,4,5,2,12,2,42,2,8,3,4,7,9,1,10,1,14,16,1,21,121.5255875,25.06207082
114,09,17,08,18,2,01大同區,大同區承德路3段208巷17號與承德路3段208巷口,0,0,2,1,C03,8,5,5,30,3,2,1,5,4,5,13,4,4,7,5,5,2,16,2,40,2,9,6,1,7,5,1,10,1,11,74,1,22,121.5174818,25.0705093
114,09,17,08,27,2,05中正區,中正區林森南路地下道,0,0,1,1,C03,8,5,5,50,14,9,1,5,4,5,13,4,4,7,2,5,1,17,2,27,2,9,5,1,7,9,1,10,1,11,108,1,21,121.5202711,25.03520703
114,09,17,08,30,2,12內湖區,內湖區新湖二路與新湖一路36巷口,0,0,1,1,C03,8,6,5,50,3,1,1,5,4,5,13,4,4,5,4,5,2,17,2,31,2,9,6,1,7,5,1,10,1,17,2,1,21,121.5744733,25.0604957
114,09,17,08,35,2,03中山區,中山區雙城街與民族東路口,0,0,1,1,B01,8,5,5,50,3,1,1,5,4,5,13,1,1,1,4,4,2,16,1,73,2,3,3,4,7,11,6,4,2,8,103,1,21,121.5221643,25.05807488
114,09,17,08,35,2,10文山區,文山區辛亥路4段與辛亥路4段202巷口,0,0,1,1,B01,8,6,5,50,3,1,1,5,4,5,13,4,4,1,4,1,2,17,1,51,3,10,7,1,7,11,1,4,1,5,10,1,22,121.5558095,25.0027037
114,09,17,08,41,2,07信義區,信義區松高路與松高路口(台北市政府公務停車場入口）,0,0,1,1,B03,8,6,5,50,5,2,1,5,4,5,13,4,4,5,5,5,2,17,1,60,3,10,7,1,7,5,1,8,1,2,8,1,21,121.565015,25.0390531
114,09,17,08,45,2,07信義區,信義區永吉路與基隆路1段口,0,0,1,1,F01,8,6,5,0,14,20,1,5,4,5,13,4,4,10,5,5,2,18,2,56,2,9,4,4,7,9,8,20,9,14,44,1,21,121.5676078,25.0458499
114,09,17,08,50,2,09北投區,北投區天母西路100巷與榮華三路口,0,0,1,1,B03,8,6,5,30,4,1,1,5,4,5,13,4,4,10,5,5,2,16,1,68,3,10,7,1,7,6,1,8,1,5,9,1,21,121.5251761,25.1137711
114,09,17,08,50,2,11南港區,南港區忠孝東路7段西往東031燈桿,0,0,1,1,C03,8,7,5,40,14,8,1,5,4,5,13,4,4,1,4,4,2,13,2,34,2,8,6,1,7,9,1,10,1,11,16,1,21,121.6120225,25.0526066
114,09,17,08,52,2,03中山區,中山區北安路770巷與北安路口,0,0,2,1,C03,8,6,5,30,3,1,1,5,4,5,13,4,4,1,4,5,2,13,1,24,2,9,6,4,7,9,1,10,1,11,108,1,22,121.5531726,25.0855547
114,09,17,08,59,2,04大安區,大安區永康街14巷與永康街口,0,0,2,1,C03,8,7,5,30,4,2,1,5,4,5,13,4,4,8,3,5,1,15,1,32,2,2,5,1,7,9,1,10,1,14,72,1,26,121.5294857,25.0312936
114,09,17,09,15,2,12內湖區,內湖區民權東路6段50號附近側附近,0,0,2,1,C03,8,6,5,50,14,9,1,5,4,5,13,4,4,1,4,4,1,13,1,51,2,9,6,1,7,9,1,10,1,11,17,1,21,121.5828822,25.0683117
114,09,17,09,27,2,05中正區,中正區西藏路與西藏路62巷口口,0,0,1,1,B03,8,6,5,30,4,2,1,5,4,1,11,1,1,1,4,5,1,17,1,37,3,10,7,1,7,1,1,8,2,5,108,1,21,121.5064397,25.0307138
114,09,17,09,28,2,02萬華區,萬華區水源快速道路北往南方向(編號178燈桿前),0,0,1,1,B12,8,6,5,30,10,9,1,5,4,5,13,4,4,10,4,5,1,36,1,31,2,1,7,1,7,9,1,8,3,5,116,1,21,121.504552,25.0198684
114,09,17,09,30,2,06松山區,松山區光復北路132號,0,0,1,1,F01,8,6,5,0,14,20,4,5,4,5,13,4,4,10,5,5,2,18,1,19,2,9,4,1,7,9,8,20,1,15,42,1,22,121.5571727,25.0518654
114,09,17,09,35,2,11南港區,南港區松河街西往東玉成抽水站旁,0,0,1,1,C03,8,6,5,40,14,9,1,5,4,5,13,4,4,9,4,5,2,13,1,35,3,10,3,4,7,9,1,10,1,11,16,1,21,121.5819418,25.0525653
114,09,17,09,36,2,04大安區,大安區和平東路1段與和平東路1段104巷口,0,0,2,1,C03,8,7,5,40,3,2,1,5,4,5,13,4,4,10,4,4,2,17,2,47,2,9,6,1,7,9,3,18,1,11,16,1,21,121.52484,25.026787
114,09,17,09,50,2,03中山區,中山區大直橋與北安路口,0,0,2,1,C03,8,7,5,50,4,2,1,5,4,5,13,1,1,1,2,5,2,13,1,20,2,8,6,1,7,9,1,10,1,11,76,1,21,121.5445452,25.07947199
114,09,17,10,00,2,08士林區,士林區故宮路與自強隧道(外)口迴轉道,0,0,2,1,C03,8,6,5,50,3,1,1,5,4,5,13,4,4,1,4,5,2,17,1,20,3,10,3,4,7,5,1,10,2,14,8,1,21,121.5483441,25.0956725
114,09,17,10,04,2,09北投區,北投區石牌路2段90巷與明德路337巷口,0,0,2,1,C03,8,6,5,30,3,1,1,5,4,5,13,4,4,10,5,5,2,16,2,21,2,8,6,1,7,5,1,10,1,11,72,1,21,121.5186436,25.1169848
114,09,17,10,05,2,10文山區,文山區試院路與試院路144巷口,0,0,2,1,C03,8,7,5,30,4,1,1,5,4,5,13,4,4,10,5,5,2,16,2,19,2,9,6,1,7,5,1,8,1,11,8,1,21,121.5472638,24.9900166
114,09,17,10,13,2,11南港區,南港區東新街與東新街108巷口,0,0,1,1,B02,8,6,5,50,4,1,1,5,4,5,13,2,1,5,5,5,2,16,1,52,3,10,7,1,7,6,1,8,1,2,9,1,21,121.5878333,25.0465669
114,09,17,11,17,2,03中山區,中山區新生北路1段與吉林路12巷口,0,0,2,1,C03,8,7,5,30,3,1,1,5,4,5,13,4,4,10,4,5,2,17,1,58,2,9,5,1,7,9,1,10,2,11,71,1,21,121.5286179,25.0501036
114,09,17,11,30,2,03中山區,中山區吉林路24巷與吉林路口側附近口,0,0,1,1,C03,8,5,5,50,4,1,1,5,4,5,13,4,4,5,4,5,2,17,2,31,2,9,3,4,7,9,1,10,1,12,44,1,21,121.5300603,25.0510098
114,09,17,11,30,2,04大安區,大安區通安街與通化街38巷口,0,0,1,1,F02,8,6,5,30,4,1,1,5,4,5,13,2,1,10,5,5,1,15,2,47,2,9,4,4,7,9,8,20,2,11,81,1,21,121.5532687,25.0309301
114,09,17,11,47,2,10文山區,文山區興隆路2段249號附近側附近,0,0,1,1,C03,8,6,5,50,14,9,1,5,4,5,13,2,1,1,4,5,2,17,2,67,2,8,6,1,7,5,1,10,2,11,108,1,21,121.5515971,25.0019091
114,09,17,12,05,2,11南港區,南港區忠孝東路7段與興中路口,0,0,2,1,C03,8,6,5,50,3,1,1,5,4,5,13,1,1,9,4,5,2,16,2,68,2,9,3,4,7,9,1,10,1,14,44,1,21,121.6079463,25.0522857
114,09,17,12,08,2,02萬華區,萬華區萬大路217號,0,0,1,1,B11,8,7,5,30,14,9,1,5,4,5,13,4,4,1,4,5,2,17,1,37,3,10,7,1,7,1,1,4,1,8,19,1,21,121.5005461,25.0269163