發生年度,發生月,發生日,發生時-Hours,發生分,處理別-編號,區序,肇事地點,死亡人數,2-30日死亡人數,受傷人數,當事人序號,車種,天候,光線,道路類別,速限-速度限制,道路型態,事故位置,路面狀況1,路面狀況2,路面狀況3,道路障礙1,道路障礙2,號誌1,號誌2,車道劃分-分向,車道劃分-分道1,車道劃分-分道2,車道劃分-分道3,事故類型及型態,性別,年齡,受傷程度,主要傷處,保護裝置,行動電話,車輛用途,當事者行動狀態,駕駛資格情形,駕駛執照種類,飲酒情形,車輛撞擊部位1,肇因碼-個別,個人肇逃否,職業,座標-X,座標-Y
114,09,17,12,27,2,04大安區,大安區龍泉街與雲和街口,0,0,2,1,F01,8,6,5,20,4,1,1,5,4,5,13,4,4,10,5,5,1,15,2,24,2,9,4,1,7,9,8,20,1,12,72,1,21,121.5293629,25.023557
114,09,17,12,27,2,11南港區,南港區市民大道8段99號與市民大道8段口,0,0,1,1,F01,8,6,5,0,3,1,1,5,4,5,8,3,1,1,4,5,2,15,1,14,2,9,4,1,7,11,8,20,9,11,80,1,15,121.5995094,25.0520719
114,09,17,12,44,2,11南港區,南港區研究院路1段92號,0,0,1,1,B03,8,7,5,50,14,9,1,5,4,5,13,4,4,1,4,5,2,12,1,83,3,10,7,1,7,1,1,8,2,8,19,1,21,121.6161306,25.0525126
114,09,17,13,00,2,05中正區,中正區新生南路1段與新生南路1段58巷口,0,0,1,1,B03,8,6,5,50,3,1,1,5,4,5,13,4,4,3,4,4,2,16,1,29,3,10,7,1,7,6,1,8,1,5,74,1,22,121.5327584,25.04083963
114,09,17,13,00,2,09北投區,北投區崗山路與崗山路5巷口,0,0,1,1,B01,8,6,5,30,4,1,1,5,4,5,13,4,4,10,5,5,2,15,1,31,3,10,7,1,7,9,1,4,1,1,72,1,21,121.4867939,25.1402926
114,09,17,13,38,2,05中正區,中正區公園路與公園路20巷口,0,0,1,1,C03,8,7,5,30,4,2,1,5,4,5,13,1,1,9,4,5,2,3,1,46,3,10,5,1,7,9,1,10,9,11,108,2,21,121.5171527,25.04517771
114,09,17,14,07,2,07信義區,信義區和平東路3段391巷20弄與無名巷口,0,0,1,1,C03,8,5,5,30,4,1,1,5,4,5,13,4,4,9,4,5,2,17,1,56,3,10,3,4,7,9,1,10,1,11,118,1,21,121.5593627,25.0212571
114,09,17,14,08,2,10文山區,文山區木柵路5段58號,0,0,1,1,A31,8,6,5,50,14,9,1,5,4,5,13,4,4,5,4,5,2,16,1,45,3,10,7,1,7,5,1,1,2,2,8,1,21,121.5888818,25.0014106
114,09,17,14,15,2,06松山區,松山區光復北路與光復北路11巷口,0,0,1,1,B01,8,7,5,50,4,1,1,5,4,5,13,2,1,1,4,5,2,11,1,55,3,10,7,1,7,15,1,4,1,4,17,1,26,121.5579344,25.049156
114,09,17,14,30,2,08士林區,士林區仰德大道2段41巷旁,0,0,2,1,C03,8,6,5,40,14,9,1,5,4,5,13,4,4,4,4,5,1,13,1,18,2,8,3,4,7,9,1,10,1,11,108,1,22,121.5432793,25.1046852
114,09,17,14,59,2,03中山區,中山區林森北路與雙城街3巷口,0,0,1,1,B03,8,6,5,30,3,1,1,5,4,5,13,4,4,5,5,5,2,17,1,44,3,10,3,4,7,5,1,8,1,5,72,1,22,121.5256394,25.0633401
114,09,17,15,00,2,12內湖區,內湖區大湖街五指幹80號電桿旁,0,0,3,1,B03,8,7,5,30,14,9,1,5,4,5,13,4,4,10,5,5,1,11,1,45,2,9,3,4,7,9,1,8,2,8,5,1,21,121.6251512,25.07995819
114,09,17,15,06,2,07信義區,信義區松山路283號,0,0,3,1,C03,8,6,5,50,14,9,1,5,4,5,13,4,4,1,4,5,2,17,2,49,2,9,3,4,7,1,1,10,1,13,19,1,21,121.5778697,25.0429718
114,09,17,15,13,2,07信義區,信義區信安街103巷22號,0,0,1,1,B11,8,5,5,30,14,9,1,5,4,5,13,4,4,10,5,5,2,10,1,37,3,10,7,1,7,9,1,4,2,4,5,1,21,121.5597678,25.025201
114,09,17,15,37,2,09北投區,北投區承德路7段與承德路7段1巷口,0,0,1,1,B03,8,7,5,60,3,1,1,5,4,5,13,1,1,1,4,5,2,12,1,56,3,10,3,4,7,8,1,8,1,5,100,1,22,121.510621,25.1109142
114,09,17,16,07,2,03中山區,中山區長安東路1段105號與長安東路1段口無名巷,0,0,1,1,B02,8,6,5,50,4,1,1,5,4,5,13,4,4,5,4,5,2,16,1,46,3,10,3,4,7,6,1,8,1,2,9,1,22,121.5291341,25.0482081
114,09,17,16,20,2,06松山區,松山區八德路4段650號與八德路4段口市民大道6段,0,0,1,1,C03,8,7,5,40,3,2,1,5,4,5,13,4,4,9,4,5,2,12,1,31,2,8,6,1,7,9,1,10,1,11,108,1,22,121.5752828,25.0494523
114,09,17,16,30,2,06松山區,松山區光復南路22巷與八德路3段158巷口,0,0,2,1,C03,8,7,5,30,4,1,1,5,4,5,13,4,4,10,5,5,2,15,1,57,2,9,5,1,7,9,1,10,1,14,72,1,26,121.5552242,25.0468773
114,09,17,16,35,2,01大同區,大同區鄭州路與重慶北路1段口,0,0,1,1,B02,8,6,5,50,5,1,1,5,4,5,13,2,1,1,4,5,2,17,1,48,3,10,7,1,7,6,1,8,1,2,9,1,21,121.5133051,25.04955298
114,09,17,16,38,2,10文山區,文山區辛亥路7段與忠順街1段口,0,0,2,1,B03,8,7,5,50,3,2,1,5,4,5,13,2,1,10,5,5,2,21,1,78,2,3,7,1,7,5,1,8,1,1,131,1,21,121.5541242,24.9832735
114,09,17,17,01,2,03中山區,中山區復興北路426號,0,0,1,1,B03,8,5,5,50,14,9,1,5,4,5,13,1,1,1,4,5,2,13,1,58,3,10,3,4,7,9,1,8,1,1,108,1,22,121.5441411,25.0628851
114,09,17,17,09,2,03中山區,中山區濱江街289號,0,0,1,1,B01,8,7,5,50,14,9,1,5,4,5,13,1,1,1,4,5,2,17,1,65,3,10,7,1,7,14,1,4,1,2,40,1,21,121.5450586,25.0730471
114,09,17,17,58,2,06松山區,松山區東興路與八德路4段口,0,0,1,1,C04,8,5,5,50,4,1,1,5,4,5,13,1,1,9,4,5,2,12,2,67,2,9,5,1,7,9,1,10,2,14,17,1,21,121.5654884,25.0493861
114,09,17,18,30,2,05中正區,中正區和平西路1段與牯嶺街口,0,0,1,1,C03,8,5,5,50,4,2,1,5,4,5,13,1,1,1,4,5,2,16,1,43,2,7,6,1,7,7,1,10,1,13,100,1,22,121.5187335,25.0265418
114,09,17,18,30,2,10文山區,文山區新光路2段與無名巷口,0,0,2,1,C03,8,5,5,30,3,1,1,5,4,5,13,4,4,10,5,5,2,16,1,45,2,7,6,1,7,5,1,10,1,11,74,1,21,121.5878157,25.00040306
114,09,17,18,30,2,11南港區,南港區市民大道8段與興中路口,0,0,1,1,C03,7,7,5,50,4,2,1,5,4,5,13,2,1,9,4,5,2,12,1,73,3,10,6,1,7,8,1,10,1,13,100,1,21,121.6071082,25.0533208
114,09,17,18,33,2,10文山區,文山區福興路35號,0,0,2,1,F01,8,5,5,50,14,9,1,5,4,5,13,4,4,10,5,5,2,3,1,13,2,9,4,1,7,9,8,20,2,11,108,1,15,121.5510779,25.0029787
114,09,17,19,43,2,12內湖區,內湖區康寧路3段與康寧路3段165巷口,0,0,2,1,C03,8,5,5,50,4,1,1,5,4,5,13,1,1,1,4,5,2,16,1,56,2,9,5,1,7,5,1,8,2,12,98,1,21,121.6113011,25.0704441
114,09,17,20,06,2,03中山區,中山區市民高架道往西428燈桿前,0,0,1,1,B13,8,5,5,70,14,9,1,5,4,5,13,4,4,1,5,1,1,13,2,29,3,10,3,4,7,9,1,8,2,1,16,1,21,121.5133997,25.04957823
114,09,17,20,12,2,12內湖區,內湖區瑞光路478巷與堤頂大道2段口,0,0,1,1,B01,8,5,5,50,4,1,1,5,4,5,13,2,1,1,4,1,2,16,1,59,3,10,7,1,7,6,1,4,1,8,9,1,21,121.5683866,25.0775323
114,09,17,20,22,2,08士林區,士林區中山北路6段350號,0,0,3,1,A02,8,5,5,50,14,9,1,5,4,5,13,4,4,1,4,5,2,12,1,36,3,10,7,1,7,1,1,2,2,5,108,1,21,121.5261975,25.1119747
114,09,17,20,40,2,04大安區,大安區信義路4段184號捷運信義安和站,0,0,1,1,A02,7,5,5,40,14,10,1,5,4,5,13,2,1,1,4,5,2,9,1,52,3,10,7,1,7,1,1,2,9,17,44,1,21,121.5513669,25.033213
114,09,17,20,52,2,07信義區,信義區忠孝東路5段與基隆路1段口,0,0,1,1,B01,8,5,5,50,4,1,1,5,4,5,13,1,1,1,4,5,2,12,1,55,3,10,3,4,7,15,1,2,1,2,100,1,21,121.5646129,25.0412103
114,09,17,21,00,2,08士林區,士林區至善路1段第1101232號路燈桿,0,0,1,1,B03,7,5,5,50,14,7,1,5,4,5,13,4,4,1,4,4,1,17,2,26,3,10,7,1,7,11,1,8,2,5,10,1,21,121.5425541,25.0971617
114,09,17,21,10,2,05中正區,中正區貴陽街1段與懷寧街口,0,0,1,1,B02,8,5,5,50,3,1,1,5,4,5,13,4,4,10,5,5,2,12,1,29,3,10,7,1,7,10,1,8,2,6,100,1,26,121.513682,25.0386928
114,09,17,21,15,2,09北投區,北投區石牌路1段71巷與致遠二路61巷口,0,0,2,1,C03,8,5,5,30,4,1,1,5,4,5,13,4,4,9,4,5,2,15,1,20,2,9,3,4,7,9,1,10,1,11,80,1,22,121.5108671,25.1147174
114,09,17,21,40,2,11南港區,南港區玉成街189號與玉成街181巷口,0,0,1,1,C03,8,5,5,30,5,1,1,5,4,5,13,4,4,4,5,5,2,17,1,65,2,9,5,1,7,5,1,10,1,11,72,1,21,121.5843427,25.0444575
114,09,17,22,12,2,01大同區,大同區延平北路3段與民權西路口,0,0,1,1,C03,7,5,5,50,4,2,1,5,4,5,13,1,1,1,4,5,2,17,1,49,3,10,6,1,7,5,1,10,1,14,8,1,21,121.5112081,25.06306244
114,09,17,22,16,2,12內湖區,內湖區瑞光路與江南街口,0,0,1,1,C03,8,5,5,50,3,1,1,5,4,5,13,2,1,5,4,4,2,13,2,22,2,8,6,1,7,9,1,10,1,11,108,1,21,121.5753364,25.076101
114,09,17,22,30,2,04大安區,大安區信義路3段57號對面,0,0,1,1,C03,8,5,5,50,14,9,1,5,4,5,13,4,4,5,4,5,2,17,1,34,2,9,6,1,7,9,1,10,1,11,108,1,21,121.5362949,25.033404
114,09,18,00,09,2,09北投區,北投區泉源路1209703號燈桿,0,0,2,1,B03,8,5,5,40,11,9,1,5,4,5,13,4,4,4,5,5,1,11,1,54,3,10,7,1,7,9,1,8,2,8,4,1,21,121.5235268,25.14514211
114,09,18,02,53,2,01大同區,大同區環河北路1段與民生西路口,0,0,1,1,G03,7,5,5,50,4,2,1,4,4,5,13,1,1,5,2,5,2,17,1,55,3,10,7,1,7,5,1,5,11,17,37,1,21,121.5081901,25.05688907
114,09,18,03,15,2,05中正區,中正區南海路與汀州路1段口,0,0,1,1,B03,8,5,5,50,4,2,1,5,4,5,13,1,1,5,4,5,2,16,2,45,3,10,7,1,7,11,1,8,2,4,10,1,22,121.5086356,25.029126
114,09,18,06,06,2,01大同區,大同區承德路3段與民權西路口,0,0,1,1,B12,8,6,5,50,4,2,1,5,4,5,13,1,1,1,4,5,2,29,1,27,2,9,3,4,7,5,1,8,1,1,42,1,21,121.5185667,25.06283479
114,09,18,06,50,2,10文山區,文山區道南河濱公園自行車道（燈桿3013245）,0,0,1,1,F01,8,7,8,30,22,22,1,5,4,5,13,4,4,10,5,5,2,17,1,65,3,10,4,1,7,9,8,20,1,13,44,1,21,121.5651224,24.9813865
114,09,18,07,04,2,04大安區,大安區忠孝東路4段與敦化南路1段口,0,0,3,1,A02,8,7,6,50,4,2,1,5,4,5,13,2,1,8,3,1,1,15,1,57,3,10,7,1,7,15,1,2,1,2,71,1,26,121.5490257,25.0415835
114,09,18,07,06,2,10文山區,文山區景華街與景華街52巷口,0,0,1,1,C03,8,6,5,50,3,1,1,5,4,5,13,4,4,5,5,5,2,16,1,65,2,4,6,1,7,6,1,10,2,14,72,1,21,121.5438909,24.9950698
114,09,18,07,40,2,06松山區,松山區觀山河濱公園基4號水門內,0,0,1,1,F02,8,7,5,50,14,9,1,5,4,5,13,4,4,9,4,5,2,17,2,15,3,10,4,1,7,1,8,20,1,12,19,1,21,121.5763719,25.0514464
114,09,18,07,49,2,09北投區,北投區承德路7段3號前,0,0,1,1,B03,8,6,5,60,14,9,1,5,4,5,13,4,4,1,4,5,2,12,1,50,3,10,7,1,7,9,1,8,1,2,44,1,21,121.5101051,25.1114682
114,09,18,08,07,2,06松山區,松山區健康路131號,0,0,1,1,B03,8,6,5,50,14,9,1,5,4,5,13,2,1,1,4,4,2,17,2,60,3,10,7,1,7,6,1,8,1,1,108,1,21,121.5575309,25.0538321
114,09,18,08,15,2,06松山區,松山區民權東路3段與民權東路3段175巷口,0,0,2,1,C03,8,6,5,50,4,1,1,5,4,5,13,1,1,1,4,5,2,13,1,25,2,4,6,1,7,9,1,10,1,11,108,1,22,121.5478631,25.0621151
114,09,18,08,16,2,08士林區,士林區中正路與華興街口,0,0,2,1,C03,8,7,5,50,14,9,1,5,4,5,13,2,1,3,4,5,1,3,2,19,2,9,6,1,7,9,1,10,2,11,81,1,21,121.5225728,25.0945517
114,09,18,08,34,2,02萬華區,萬華區堤外便道南往北(DSR284牌面前),0,0,2,1,C03,8,6,5,40,14,9,1,5,4,5,13,4,4,8,3,5,1,13,1,75,2,9,5,1,7,12,1,10,1,11,16,1,21,121.4962464,25.0392675
114,09,18,08,41,2,04大安區,大安區信義路4段306號,0,0,1,1,C03,8,6,5,50,14,9,1,5,4,5,13,4,4,1,4,5,2,12,1,33,3,10,6,1,7,7,3,18,9,14,118,2,21,121.5550921,25.0330034
114,09,18,08,41,2,05中正區,中正區信義路2段17巷與杭州南路1段143巷口,0,0,1,1,C03,8,6,5,30,4,1,1,5,4,5,13,4,4,10,5,5,1,15,1,28,2,9,6,1,7,9,1,10,2,11,80,1,22,121.5256668,25.0359526
114,09,18,08,43,2,03中山區,中山區崇實路與大直街20巷口,0,0,1,1,B03,8,7,5,50,3,1,1,5,4,5,13,1,1,1,4,5,2,16,1,77,3,10,7,1,7,6,1,8,9,5,44,2,22,121.5445364,25.0811608
114,09,18,08,45,2,12內湖區,內湖區成功路5段與大湖山莊街口,0,0,2,1,C03,8,7,5,40,3,1,1,5,4,5,13,4,4,1,4,4,2,16,2,40,2,9,5,1,7,6,1,10,1,12,9,1,21,121.6020955,25.0840201
114,09,18,08,50,2,08士林區,士林區忠誠路2段207巷與士東路299巷口,0,0,2,1,C03,8,5,5,30,3,1,1,5,4,5,13,2,1,5,5,5,2,16,1,19,3,10,6,1,7,5,1,10,2,11,8,1,21,121.5376039,25.1164445
114,09,18,09,09,2,01大同區,大同區環河堤外便道南向北(忠孝橋下),0,0,2,1,C03,8,7,7,40,11,11,1,5,4,5,13,4,4,2,5,5,1,13,1,53,2,9,5,1,7,9,1,10,2,11,16,1,21,121.5056216,25.0494032
114,09,18,09,13,2,08士林區,士林區仰德大道1段與至誠路1段口,0,0,2,1,C03,8,6,5,40,5,1,1,5,4,5,13,2,1,4,4,5,1,17,1,73,2,7,5,1,7,1,1,10,1,14,19,1,21,121.5375735,25.1009038
114,09,18,09,16,2,03中山區,中山區中山北路2段31號,0,0,1,1,C03,8,5,5,50,14,9,1,5,4,1,13,4,4,1,5,1,1,28,1,20,2,9,3,4,7,8,1,10,1,14,108,1,21,121.5227429,25.05334562
114,09,18,09,20,2,08士林區,士林區福林路與中山北路5段470巷口,0,0,2,1,C03,8,5,5,50,3,2,1,5,4,5,13,4,4,4,5,5,1,17,1,47,2,9,5,1,7,5,1,10,1,14,8,1,21,121.52918,25.0944864
114,09,18,09,23,2,07信義區,信義區信義路5段與基隆路2段口,0,0,1,1,C03,8,6,5,50,5,2,1,5,4,5,13,1,1,5,5,5,2,12,1,26,2,9,5,1,7,15,1,10,1,12,100,1,21,121.5596505,25.032967
114,09,18,09,34,2,03中山區,中山區新生北路1段與長安東路1段口,0,0,1,1,B12,8,6,5,50,4,2,1,5,4,5,13,1,1,1,4,5,2,11,1,51,3,10,3,4,7,8,1,8,1,2,100,1,22,121.5296497,25.0484551
114,09,18,09,34,2,09北投區,北投區承德路7段與承德路7段1巷口,0,0,2,1,C03,8,7,5,60,3,2,1,5,4,5,13,1,1,3,4,5,2,13,1,29,2,9,5,1,7,12,1,10,1,11,108,1,21,121.5104977,25.1110623
114,09,18,09,40,2,07信義區,信義區大道路與林口街38巷口,0,0,1,1,C03,8,6,5,50,3,19,1,5,4,5,13,4,4,4,3,5,2,3,1,43,3,10,6,1,7,9,1,10,1,11,70,1,21,121.5831945,25.039228
114,09,18,09,48,2,02萬華區,萬華區康定路與長沙街2段口,0,0,1,1,B03,8,7,5,50,4,1,1,5,4,5,13,1,1,9,5,5,2,17,1,44,3,10,7,1,7,5,1,8,1,5,44,1,21,121.502116,25.0405916
114,09,18,10,08,2,04大安區,大安區信義路3段與建國南路1段口,0,0,1,1,F03,8,6,5,50,4,1,1,5,4,5,13,1,1,10,5,5,2,17,1,50,3,10,5,1,7,15,8,20,1,17,100,1,21,121.5375718,25.0335399
114,09,18,10,10,2,01大同區,大同區延平北路4段205號,0,0,1,1,B03,8,7,5,50,22,9,1,5,4,5,13,2,1,5,4,5,2,17,1,27,3,10,3,4,7,5,1,8,1,4,8,1,21,121.5115737,25.0744926
114,09,18,10,11,2,03中山區,中山區松江路與德惠街口,0,0,2,1,B03,8,6,5,50,5,2,1,5,4,5,13,2,1,8,3,5,1,17,1,38,2,8,7,1,7,5,5,8,1,1,71,1,21,121.5332359,25.06651645
114,09,18,10,15,2,09北投區,北投區承德路7段與石牌路1段口口,0,0,1,1,C03,8,6,5,60,3,1,1,5,4,5,13,1,1,1,4,5,2,12,1,35,3,10,5,1,7,9,1,10,2,12,17,1,21,121.5089583,25.1124978
114,09,18,10,29,2,05中正區,中正區中華路1段11號,0,0,1,1,B12,8,6,5,50,14,9,1,5,4,5,13,4,4,1,4,5,1,13,1,38,3,10,7,1,7,8,3,18,2,5,107,1,21,121.5099361,25.0471831
114,09,18,10,42,2,04大安區,大安區忠孝東路3段與新生南路1段口口,0,0,1,1,C03,8,6,5,50,4,1,1,5,4,5,13,2,1,1,5,4,2,13,1,40,3,10,3,4,7,9,6,10,1,11,104,1,22,121.532927,25.04212243
114,09,18,11,33,2,01大同區,大同區承德路1段與南京西路口,0,0,1,1,C03,8,6,5,50,5,2,1,5,4,5,13,4,4,1,4,4,2,17,1,49,3,10,6,1,7,8,1,10,1,11,80,1,21,121.5178302,25.05317956
114,09,18,12,52,2,07信義區,信義區吳興街118巷與吳興街118巷16弄口,0,0,1,1,B03,8,6,5,30,4,1,1,5,4,5,13,4,4,10,5,5,2,17,1,27,3,10,3,4,7,9,1,8,2,8,17,1,21,121.5607804,25.029804
114,09,18,12,55,2,03中山區,中山區市民大道2段49號前迴轉道,0,0,1,1,C03,8,7,5,40,14,9,1,5,4,5,13,4,4,1,4,5,2,13,1,18,2,9,3,4,7,9,1,10,1,14,108,1,21,121.5292731,25.0466508
114,09,18,13,30,2,05中正區,中正區金山南路1段與仁愛路2段口,0,0,1,1,B03,8,7,5,50,4,1,1,5,4,5,13,1,1,1,4,5,2,17,1,48,3,10,7,1,7,9,1,8,1,2,17,1,21,121.52826,25.0382663
114,09,18,13,59,2,11南港區,南港區松河街與南港路3段256巷口,0,0,1,1,B03,8,7,5,40,4,2,1,5,4,5,13,4,4,9,5,5,2,17,1,28,3,10,7,1,7,5,1,8,1,17,74,1,21,121.5832589,25.052875
114,09,18,14,14,2,04大安區,大安區信義路3段147巷與信義路3段147巷36弄口,0,0,1,1,B12,8,6,5,30,4,1,1,5,4,5,13,4,4,8,3,5,2,15,1,51,3,10,7,1,7,9,6,8,1,1,72,1,21,121.5419734,25.037188
114,09,18,14,14,2,04大安區,大安區敦南街與辛亥路3段21巷口,0,0,1,1,B03,8,6,5,30,4,1,1,5,4,5,13,4,4,10,5,5,2,16,1,53,3,10,7,1,7,9,1,8,2,5,108,1,21,121.5466886,25.0223036
114,09,18,14,28,2,03中山區,中山區松江路192號,0,0,1,1,B01,8,5,5,50,14,9,2,5,4,5,13,4,4,9,3,5,1,17,1,69,3,10,7,1,7,8,1,4,1,17,100,1,21,121.5330234,25.05704866
114,09,18,14,40,2,11南港區,南港區向陽路與向陽路口21號,0,0,2,1,F01,8,6,5,50,4,1,1,5,4,5,13,3,1,1,4,5,2,15,2,70,2,9,3,4,7,15,8,20,1,12,11,1,21,121.5951189,25.0526233
114,09,18,14,48,2,11南港區,南港區研究院路2段61巷與大坑街口,0,0,1,1,B03,8,6,5,40,4,1,1,5,4,5,13,2,1,5,5,5,2,13,1,25,3,10,3,4,7,1,1,8,1,1,44,1,22,121.6178501,25.0453375
114,09,18,15,00,2,09北投區,北投區中和街453-6號,0,0,1,1,C03,8,7,5,50,14,9,1,5,4,5,13,4,4,9,4,5,2,17,2,22,2,9,3,4,7,9,1,10,1,12,108,1,21,121.4971248,25.1446103
114,09,18,15,09,2,07信義區,信義區忠孝東路4段554巷與逸仙路42巷口,0,0,1,1,B03,8,6,5,30,3,2,1,5,4,5,13,4,4,10,5,5,2,17,1,32,3,10,3,4,7,9,1,8,1,4,108,1,21,121.563175,25.0402401
114,09,18,15,39,2,07信義區,信義區信義路5段150巷310號,0,0,1,1,C03,8,6,6,30,14,9,1,5,4,5,13,4,4,5,5,5,2,15,1,32,3,10,5,1,7,9,1,10,1,14,5,1,21,121.5701243,25.026246
114,09,18,16,08,2,07信義區,信義區忠孝東路4段與逸仙路口,0,0,1,1,C03,8,6,5,50,4,1,1,5,4,5,13,1,1,3,3,5,2,18,1,20,2,9,6,1,7,1,1,10,1,14,44,1,21,121.561529,25.0412975
114,09,18,16,20,2,12內湖區,內湖區成功路2段與成功交流道口北上匝道,0,0,1,1,B12,8,6,5,50,5,1,1,5,4,5,13,2,1,10,3,5,1,16,1,47,3,10,7,1,7,6,1,8,1,2,9,1,21,121.5909732,25.0641951
114,09,18,16,38,2,09北投區,北投區石牌路1段與石牌路1段58巷口,0,0,1,1,H01,8,6,5,0,3,2,1,5,4,5,13,4,4,5,4,5,2,9,2,53,3,10,4,5,8,16,8,20,10,17,121,1,21,121.5109152,25.1134299
114,09,18,17,35,2,02萬華區,萬華區堤外便道近華中河濱公園（燈桿華中197）,0,0,2,1,C03,8,7,5,40,14,9,1,5,4,5,13,4,4,10,5,5,2,16,1,69,2,8,3,4,7,11,1,10,1,11,10,1,22,121.4920533,25.0203902
114,09,18,17,40,2,10文山區,文山區興隆路2段220巷與興隆路2段220巷53弄口,0,0,1,1,C03,8,6,5,30,3,1,1,5,4,5,10,4,4,10,5,5,2,17,2,21,2,8,5,1,7,9,1,10,2,12,44,1,21,121.5518758,24.9998538
114,09,18,17,45,2,10文山區,文山區試院路22號,0,0,2,1,B03,8,5,5,30,14,9,1,5,4,5,13,4,4,9,5,5,1,17,1,78,3,10,7,1,7,3,1,8,1,8,18,1,21,121.5493409,24.9889865
114,09,18,18,05,2,09北投區,北投區中央北路4段與中央北路4段30巷口,0,0,3,1,C03,8,5,5,50,3,1,1,5,4,5,13,2,1,5,4,5,2,16,2,55,2,9,5,1,7,7,1,10,2,14,100,1,21,121.4782151,25.1351283
114,09,18,18,20,2,02萬華區,萬華區東園街78號,0,0,1,1,C03,8,5,5,50,14,7,1,5,4,5,13,4,4,4,3,5,2,17,1,55,3,10,6,1,7,7,1,10,1,17,101,1,22,121.497057,25.0249133
114,09,18,18,38,2,08士林區,士林區文林路與小北街口,0,0,2,1,C03,8,5,5,50,3,1,1,5,4,5,13,2,1,9,4,5,1,17,1,46,2,9,5,1,7,15,1,10,2,12,71,1,21,121.5269249,25.0902933
114,09,18,18,40,2,02萬華區,萬華區艋舺大道與和平西路2段口,0,0,1,1,C03,8,5,5,50,5,1,1,5,4,5,13,2,1,1,4,5,2,17,1,53,3,10,6,1,7,9,1,10,1,13,44,1,21,121.5048088,25.0338071
114,09,18,18,55,2,05中正區,中正區基隆路4段往南接近福和橋,0,0,1,1,,8,5,5,50,14,9,1,5,4,5,13,4,4,10,2,5,2,13,4,0,,,,,,,,,11,,119,2,,121.5125867,25.02401588
114,09,18,18,56,2,12內湖區,內湖區南京東路6段與南京東路6段口西往東(0305511路燈桿處),0,0,2,1,B12,8,5,5,50,10,9,1,5,4,5,13,4,4,3,4,5,2,12,1,31,4,11,3,4,7,7,7,19,11,15,100,2,21,121.5913239,25.0622489
114,09,18,18,56,2,07信義區,信義區林口街25號,0,0,1,1,C03,8,5,5,40,14,7,1,5,4,5,13,4,4,9,5,4,1,3,1,42,3,10,3,4,7,9,1,10,2,11,108,1,22,121.5792676,25.037473
114,09,18,18,58,2,09北投區,北投區西安街1段與明德路口,0,0,1,1,F02,8,5,5,50,4,1,1,5,4,5,13,1,1,10,4,5,2,16,2,42,2,9,4,1,7,5,8,20,2,14,71,1,26,121.5190373,25.109074
114,09,18,19,53,2,08士林區,士林區通河東街1段165號前,0,0,1,1,C03,8,5,5,30,14,9,1,5,4,5,13,4,4,10,5,5,2,10,1,29,2,9,6,1,7,9,1,10,1,11,108,1,21,121.5160675,25.0878138
114,09,18,21,52,2,09北投區,北投區明德路與明德路3巷口,0,0,1,1,C03,8,5,5,50,3,1,1,5,4,5,13,4,4,5,5,5,2,16,2,35,3,10,6,1,7,5,1,10,1,12,71,1,21,121.5169852,25.10647579
114,09,19,03,55,2,06松山區,松山區濱江街863號,0,0,1,1,B13,8,5,5,50,14,8,1,5,4,5,13,4,4,1,4,4,2,17,1,31,2,8,7,1,7,8,1,8,2,5,116,1,21,121.5609334,25.07083165
114,09,19,05,34,2,02萬華區,萬華區萬大路628號,0,0,1,1,G06,8,5,5,50,11,6,1,5,4,5,13,4,4,1,5,5,2,17,1,44,2,9,2,4,7,6,8,20,1,16,4,1,21,121.4957148,25.0169566
114,09,19,07,17,2,02萬華區,萬華區萬大路423巷與萬大路423巷63弄口,0,0,1,1,C03,8,5,5,50,3,1,1,5,4,5,13,4,4,5,5,5,2,17,1,50,3,10,5,4,7,5,6,18,1,14,8,1,21,121.5008619,25.0215289
114,09,19,07,25,2,07信義區,信義區逸仙路50巷與逸仙路50巷12弄口,0,0,1,1,B03,8,5,5,30,4,1,1,5,4,5,13,4,4,10,5,5,2,15,1,54,3,10,3,4,7,9,1,8,1,2,72,1,21,121.562563,25.0406276
114,09,19,07,46,2,04大安區,大安區復興南路2段與信義路3段口,0,0,1,1,C03,8,7,5,50,4,2,1,5,4,5,13,2,1,8,3,5,1,12,2,52,3,10,5,1,7,8,1,10,1,12,100,1,26,121.5434989,25.0332296
114,09,19,07,50,2,09北投區,北投區大業路與三合街2段口,0,0,1,1,C03,8,6,5,60,3,1,1,5,4,5,13,1,1,1,4,5,2,16,2,57,2,9,6,1,7,5,1,10,1,14,98,1,21,121.4984366,25.1257537
114,09,19,07,54,2,01大同區,大同區重慶北路2段與涼州街口,0,0,1,1,B03,8,6,5,50,5,2,1,5,4,5,13,2,1,1,4,5,2,9,1,25,3,10,7,1,7,5,1,8,2,1,70,1,21,121.5134799,25.060689
114,09,19,07,55,2,02萬華區,萬華區萬大路277巷與萬大路277巷14弄口,0,0,1,1,B03,7,7,5,30,4,1,1,5,4,5,13,4,4,10,5,5,2,16,2,51,3,10,7,1,7,5,1,8,1,5,72,1,21,121.5010253,25.0253949