發生年度,發生月,發生日,發生時-Hours,發生分,處理別-編號,區序,肇事地點,死亡人數,2-30日死亡人數,受傷人數,當事人序號,車種,天候,光線,道路類別,速限-速度限制,道路型態,事故位置,路面狀況1,路面狀況2,路面狀況3,道路障礙1,道路障礙2,號誌1,號誌2,車道劃分-分向,車道劃分-分道1,車道劃分-分道2,車道劃分-分道3,事故類型及型態,性別,年齡,受傷程度,主要傷處,保護裝置,行動電話,車輛用途,當事者行動狀態,駕駛資格情形,駕駛執照種類,飲酒情形,車輛撞擊部位1,肇因碼-個別,個人肇逃否,職業,座標-X,座標-Y
114,09,19,07,57,2,08士林區,士林區環河北路3段環快往南1104440燈桿,0,0,3,1,C02,8,6,5,60,14,9,1,5,4,5,13,4,4,1,4,4,1,13,1,37,2,7,6,1,7,9,1,9,2,11,16,1,21,121.5076738,25.0811736
114,09,19,08,14,2,12內湖區,內湖區文德路22巷53弄與江南街71巷75弄口,0,0,2,1,C03,8,6,5,30,4,1,1,5,4,5,13,4,4,10,5,5,2,15,1,46,2,9,6,1,7,9,1,10,2,12,75,1,21,121.5797575,25.0755174
114,09,19,08,25,2,03中山區,中山區吉林路與吉林路26巷口,0,0,1,1,C03,8,7,5,50,4,1,1,5,4,5,13,1,1,9,4,5,2,17,2,51,2,9,5,1,7,9,1,10,1,11,16,1,21,121.5300462,25.0511449
114,09,19,08,34,2,02萬華區,萬華區康定路與廣州街口,0,0,1,1,B01,8,5,5,50,4,1,1,5,4,5,13,1,1,5,4,5,2,17,1,54,3,10,7,4,7,5,1,4,1,8,8,1,21,121.5015033,25.0366623
114,09,19,08,53,2,10文山區,文山區木柵路1段64號,0,0,1,1,C03,8,6,5,50,14,9,1,5,4,5,13,4,4,5,4,5,1,13,1,38,2,8,6,1,7,9,1,10,1,11,16,1,21,121.547632,24.9869941
114,09,19,09,10,2,02萬華區,萬華區武昌街2段與武昌街2段120巷口,0,0,1,1,C03,8,7,5,30,4,1,1,5,4,5,13,4,4,10,5,5,2,16,1,40,2,9,5,1,7,5,1,10,1,12,72,1,21,121.5039728,25.0453921
114,09,19,09,19,2,12內湖區,內湖區瑞光路583巷與基湖路3巷口,0,0,1,1,B03,8,7,5,50,4,1,1,5,4,5,13,1,1,4,5,5,1,17,1,44,4,11,3,4,7,15,7,19,11,15,71,1,21,121.5678414,25.0803811
114,09,19,09,25,2,02萬華區,萬華區西園路2段與寶興街口,0,0,1,1,B02,8,6,5,50,5,1,1,5,4,5,13,1,1,9,5,5,2,17,1,26,3,10,7,1,7,1,1,8,1,8,19,1,21,121.4938456,25.0267489
114,09,19,09,25,2,08士林區,士林區美崙街152巷與美崙街口,0,0,1,1,F01,7,6,5,30,3,1,1,5,4,5,13,4,4,5,5,5,1,17,1,75,2,9,4,1,7,1,8,20,2,14,19,1,21,121.5193112,25.0969157
114,09,19,09,42,2,06松山區,松山區三民路180巷與新東街口,0,0,1,1,C03,8,6,5,30,3,2,1,5,4,5,13,4,4,10,5,5,2,17,2,47,2,9,6,1,7,5,1,10,1,12,72,1,21,121.5648862,25.0625241
114,09,19,09,43,2,03中山區,中山區長春路258巷2弄與建國北路2段19巷口,0,0,1,1,B03,8,6,5,30,3,1,1,5,4,5,13,4,4,10,5,5,2,15,1,37,3,10,7,1,7,9,1,8,1,1,14,1,21,121.5384602,25.0542802
114,09,19,09,53,2,03中山區,中山區北安路與劍南路口,0,0,1,1,C03,8,7,5,30,14,9,1,5,4,5,13,1,1,1,4,5,2,13,1,21,2,9,5,1,7,9,1,10,1,11,16,1,22,121.5538927,25.0853341
114,09,19,09,53,2,04大安區,大安區忠孝東路4段與延吉街口,0,0,1,1,B01,8,6,5,50,4,1,1,5,4,5,13,1,1,9,4,5,1,17,1,65,3,10,3,4,7,6,1,4,1,5,9,1,21,121.5543862,25.0412971
114,09,19,10,43,2,02萬華區,萬華區西藏路與西園路2段口,0,0,1,1,B03,8,6,8,50,4,1,1,5,4,5,13,2,1,1,4,5,2,13,1,45,3,10,7,1,7,6,1,8,1,1,82,1,21,121.4957985,25.0287749
114,09,19,11,13,2,12內湖區,內湖區民權東路6段247號停車場出入口,0,0,1,1,B03,8,6,5,30,14,9,1,5,4,5,13,4,4,10,5,5,2,9,1,60,3,10,7,1,7,5,1,8,2,1,108,1,21,121.6004933,25.06712145
114,09,19,11,19,2,03中山區,中山區中山北路2段與民生西路口,0,0,1,1,C03,8,6,5,50,4,1,1,5,4,5,13,1,1,1,4,5,2,12,2,45,3,10,5,1,7,9,1,10,1,12,44,1,22,121.5228386,25.0577917
114,09,19,11,20,2,10文山區,文山區秀明路2段與新光路1段口口,0,0,1,1,B03,8,6,5,50,4,1,1,5,4,5,13,2,1,10,5,5,1,16,2,71,3,10,7,1,7,5,1,8,1,5,8,1,21,121.5736781,24.9917268
114,09,19,11,30,2,03中山區,中山區天津街與長安東路1段口,0,0,1,1,B03,8,6,5,50,4,1,1,5,4,5,13,1,1,5,5,5,2,2,2,56,3,10,3,4,7,5,1,8,1,4,70,1,22,121.5228952,25.0494907
114,09,19,12,25,2,01大同區,大同區歸綏街與歸綏街86巷口,0,0,1,1,C03,8,6,5,30,4,1,1,5,4,5,13,4,4,10,5,5,1,15,1,43,3,10,6,4,7,9,1,8,1,11,72,1,21,121.5165866,25.0588527
114,09,19,12,28,2,07信義區,信義區基隆路2段25號,0,0,1,1,C03,8,6,5,50,14,9,1,5,4,5,13,4,4,3,4,5,2,9,1,61,3,10,3,4,7,9,1,10,9,11,44,1,22,121.558764,25.0314857
114,09,19,12,40,2,07信義區,信義區基隆路1段與松壽路口,0,0,1,1,B01,8,6,5,50,4,2,1,5,4,5,13,1,1,1,3,5,2,17,4,0,,,,,7,,7,,11,,119,2,,121.5614057,25.0358147
114,09,19,12,41,2,07信義區,信義區信義路6段與信義路6段15巷口,0,0,2,1,C03,8,6,5,50,4,1,1,5,4,5,13,2,1,10,3,5,2,13,2,21,2,9,5,1,7,9,1,10,1,12,108,1,21,121.5752755,25.0340926
114,09,19,12,43,2,05中正區,中正區南海路93巷與汀州路1段140巷13弄口,0,0,1,1,B03,8,6,5,30,3,1,1,5,4,5,13,4,4,10,5,5,2,17,1,52,3,10,7,1,7,5,1,8,1,1,74,1,21,121.5081969,25.0285991
114,09,19,12,55,2,03中山區,中山區市民大道3段與松江路口側附近口,0,0,1,1,B03,8,7,8,40,4,1,1,5,4,5,13,1,1,1,5,5,2,17,1,42,3,10,3,4,7,6,1,8,1,2,9,1,21,121.5329915,25.0455508
114,09,19,13,45,2,06松山區,松山區富錦街107巷與富錦街77巷2弄口,0,0,1,1,B03,8,6,5,40,3,1,1,5,4,5,13,4,4,4,3,5,2,16,1,66,3,10,3,4,7,5,1,8,1,8,118,1,21,121.5528971,25.0604395
114,09,19,14,36,2,07信義區,信義區信義路4段456號,0,0,1,1,C03,8,6,5,50,14,9,1,5,4,5,13,4,4,3,3,5,2,12,1,35,2,9,6,1,7,7,1,11,9,14,100,1,21,121.5586293,25.0329865
114,09,19,14,39,2,08士林區,士林區忠誠路1段173巷與德行東路190巷口,0,0,2,1,C03,8,6,5,30,4,1,1,5,4,5,13,4,4,10,5,5,2,15,2,24,2,9,6,1,7,9,1,10,1,11,72,1,21,121.5312916,25.1080774
114,09,19,14,45,2,04大安區,大安區羅斯福路2段15巷與杭州南路2段口,0,0,1,1,C03,8,6,5,30,5,1,1,5,4,5,13,2,1,1,4,5,1,17,1,21,3,10,3,4,7,6,1,10,1,11,9,1,22,121.5217788,25.0281682
114,09,19,14,55,2,01大同區,大同區大龍街與大龍街22巷口口,0,0,1,1,C03,8,6,5,50,4,1,1,5,4,5,13,4,4,5,5,5,2,17,1,33,4,11,3,4,7,11,7,19,11,17,10,2,21,121.5159676,25.0636378
114,09,19,14,55,2,01大同區,大同區承德路2段與民權西路口,0,0,2,1,C03,8,6,5,50,4,1,1,5,4,5,13,2,1,9,4,5,2,16,1,26,2,9,5,1,7,6,1,10,1,12,44,1,21,121.5179863,25.0627771
114,09,19,15,23,2,02萬華區,萬華區環河南路2段與環河南路2段149巷口,0,0,1,1,C03,8,7,5,50,4,1,1,5,4,5,13,2,1,3,4,5,2,13,2,40,2,9,5,4,7,9,1,10,1,11,108,1,22,121.4929371,25.0337705
114,09,19,16,09,2,04大安區,大安區仁愛路4段與敦化南路1段口,0,0,1,1,B03,8,7,5,50,18,9,1,5,4,5,13,2,1,8,3,5,1,17,2,36,3,10,7,1,7,5,1,8,1,4,8,1,21,121.549695,25.0378676
114,09,19,16,25,2,04大安區,大安區大安路2段132巷與瑞安街23巷24弄口,0,0,1,1,C03,8,6,5,30,4,1,1,5,4,5,13,4,4,10,4,5,2,15,2,44,2,8,5,1,7,9,1,10,2,12,72,1,21,121.5450951,25.0299394
114,09,19,16,36,2,07信義區,信義區信安街與信安街115巷口,0,0,1,1,C03,8,7,5,50,3,1,1,5,4,5,13,4,4,9,4,5,2,12,1,21,2,9,5,1,7,9,1,10,1,12,16,1,21,121.5558974,25.024569
114,09,19,17,00,2,09北投區,北投區石牌路1段39巷146號與石牌路1段39巷131弄口,0,0,2,1,F03,8,6,5,30,4,2,1,5,4,5,13,4,4,10,5,5,2,10,2,19,2,1,5,1,7,9,8,20,2,11,5,1,21,121.5099586,25.1181105
114,09,19,17,30,2,02萬華區,萬華區環河南路1段與武昌街2段口,0,0,1,1,C03,8,5,5,40,4,1,1,5,4,5,13,1,1,4,3,5,2,13,1,67,2,9,6,1,7,9,1,10,1,14,108,1,22,121.5024979,25.0456433
114,09,19,18,30,2,03中山區,中山區建國北路2段與合江街36巷口,0,0,1,1,C03,8,5,5,50,22,9,1,5,4,5,13,4,4,1,4,5,2,17,2,22,2,9,6,1,7,5,1,10,1,14,8,1,21,121.5370651,25.0558973
114,09,19,18,39,2,06松山區,松山區光復南路45巷12號,0,0,1,1,B03,7,5,5,30,14,9,1,5,4,5,13,4,4,10,5,5,2,17,4,0,,,,,7,,7,,11,,119,2,,121.5585221,25.0462564
114,09,19,18,40,2,12內湖區,內湖區內湖路1段737巷與內湖路1段附近口,0,0,1,1,C03,8,5,6,50,14,9,1,5,4,5,13,4,4,5,5,5,2,1,1,45,3,10,6,1,7,9,1,10,1,11,108,1,26,121.5783505,25.0790121
114,09,19,18,45,2,08士林區,士林區百齡橋往士林方向機車道,0,0,2,1,B12,7,5,5,50,8,9,1,5,4,5,13,4,4,3,3,5,1,13,1,73,4,11,3,4,7,8,1,8,11,17,100,2,21,121.5169712,25.09091353
114,09,19,19,12,2,04大安區,大安區羅斯福路4段131號,0,0,2,1,C03,8,5,5,50,14,9,1,5,4,5,13,4,4,1,3,5,2,17,1,62,2,9,5,1,7,9,1,10,2,11,108,1,22,121.5373804,25.0102968
114,09,19,19,28,2,04大安區,大安區忠孝東路3段與建國南路1段口,0,0,1,1,B03,7,5,5,50,4,1,1,5,4,5,13,2,1,3,3,3,2,16,1,21,3,10,7,1,7,6,1,8,1,5,9,1,22,121.5372228,25.0418118
114,09,19,19,33,2,04大安區,大安區新生南路3段南往北方向(台大停車場前),0,0,1,1,C03,8,5,5,40,14,8,1,5,4,5,13,4,4,1,4,4,2,17,2,60,2,9,6,1,7,1,1,10,2,14,19,1,21,121.5339395,25.0193197
114,09,19,19,38,2,09北投區,北投區中和街507巷6弄與中和街507巷口,0,0,2,1,C03,8,5,5,30,4,1,1,5,4,5,13,4,4,10,5,5,1,17,1,41,2,8,6,1,7,5,1,10,1,14,72,1,21,121.4941394,25.1447162
114,09,19,20,17,2,07信義區,信義區松仁路與松勤街口,0,0,1,1,B03,8,5,5,50,4,2,1,5,4,5,13,1,1,5,4,5,2,16,1,32,3,10,3,4,7,5,1,8,2,6,74,1,22,121.5682427,25.0319101
114,09,19,20,19,2,03中山區,中山區松江路與渭水路口,0,0,1,1,C03,8,5,5,50,4,1,1,5,4,5,13,2,1,1,2,5,2,16,1,40,2,9,6,1,7,8,1,10,2,14,100,1,21,121.5328946,25.0461275
114,09,19,20,51,2,02萬華區,萬華區西園路2段241號,0,0,1,1,C03,8,5,5,50,14,7,1,5,4,5,13,4,4,1,4,4,2,13,1,30,2,9,3,4,7,9,1,10,1,11,108,1,22,121.4934978,25.0266409
114,09,19,20,54,2,01大同區,大同區寧夏路與歸綏街口,0,0,1,1,B03,8,5,5,30,4,1,1,5,4,5,13,4,4,10,5,5,2,13,1,57,3,10,7,1,7,6,1,8,1,5,108,1,21,121.5150883,25.0583877
114,09,19,21,05,2,03中山區,中山區北安路139號,0,0,2,1,C03,8,5,5,50,18,9,1,5,4,5,13,4,4,1,4,5,1,13,1,33,2,9,5,1,7,9,1,9,1,11,108,1,21,121.5326262,25.0780996
114,09,19,21,20,2,04大安區,大安區建國南路1段與市民大道3段口,0,0,2,1,C03,8,5,5,50,4,1,1,5,4,5,13,2,1,1,4,5,2,13,1,22,2,9,5,1,7,9,1,10,1,11,81,1,22,121.5363481,25.0447126
114,09,19,21,20,2,05中正區,中正區中華路2段335號,0,0,1,1,B03,8,5,5,50,14,7,1,5,4,5,13,4,4,9,5,4,2,16,1,43,3,10,3,4,7,11,1,8,1,4,10,1,21,121.5067183,25.0271377
114,09,19,21,33,2,12內湖區,內湖區東湖路119巷50弄與康樂街72巷17弄口,0,0,1,1,C02,8,5,5,50,14,9,1,5,4,5,13,4,4,9,4,5,2,9,1,37,3,10,5,1,7,14,3,18,2,15,38,1,21,121.6180623,25.0695812
114,09,19,22,00,2,12內湖區,內湖區民權大橋,0,0,6,1,C03,8,5,5,40,8,11,1,5,4,5,13,4,4,1,4,4,1,9,1,64,2,9,5,1,7,7,1,10,2,14,118,1,21,121.5692498,25.063732
114,09,19,22,05,2,03中山區,中山區新生北路3段3巷與中原街口,0,0,1,1,B01,8,5,5,30,4,1,1,5,4,5,13,4,4,10,4,5,2,15,1,52,3,10,7,1,7,9,1,4,2,1,72,1,26,121.5290103,25.0632
114,09,19,23,21,2,01大同區,大同區延平北路3段與迪化街2段149巷口,0,0,4,1,C03,7,5,5,50,4,1,1,5,4,5,13,1,1,5,2,5,2,17,2,29,2,9,6,1,7,11,1,10,1,14,10,1,21,121.5109434,25.06722669
114,09,19,23,55,2,03中山區,中山區中山北路3段花博公園圓山5號旁,0,0,1,1,C04,8,5,5,50,14,9,1,5,4,5,13,4,4,1,4,5,2,17,2,24,2,9,5,1,7,9,1,10,1,11,108,1,21,121.5232947,25.0675506
114,09,20,01,03,2,07信義區,信義區光復南路348號對面,0,0,1,1,C03,7,5,5,40,14,8,1,5,4,5,13,4,4,3,3,4,2,18,1,41,2,9,6,4,7,9,1,10,7,12,21,1,21,121.5576846,25.0382315
114,09,20,05,55,2,12內湖區,內湖區堤外便道,0,0,2,1,F01,8,5,5,50,14,9,1,5,4,5,13,1,1,4,3,5,1,17,1,15,2,9,3,4,7,15,8,20,1,12,81,1,21,121.6138512,25.0653652
114,09,20,06,00,2,11南港區,南港區研究院路1段101巷與研究院路1段口,0,0,1,1,B03,8,5,5,50,4,2,2,5,4,5,13,4,4,9,4,5,2,16,1,59,3,10,7,1,7,5,1,8,2,6,71,1,21,121.6160059,25.0519365
114,09,20,06,57,2,08士林區,士林區重陽橋往北市機車道,0,0,1,1,C03,8,6,5,40,8,8,1,5,4,5,13,4,4,1,4,5,1,12,1,20,3,10,3,4,7,9,1,10,2,12,108,1,21,121.5032689,25.0851301
114,09,20,07,50,2,03中山區,中山區民權東路2段135巷與農安街口,0,0,1,1,B03,8,7,5,50,4,1,1,5,4,5,13,2,1,9,4,5,2,1,1,35,3,10,3,4,7,5,1,8,2,1,70,1,21,121.5348439,25.06468965
114,09,20,07,52,2,03中山區,中山區明水路397巷與明水路397巷7弄口,0,0,1,1,B03,8,7,5,30,4,1,1,5,4,5,13,4,4,9,4,5,2,16,2,77,3,10,7,1,7,9,1,8,1,8,72,1,21,121.5477275,25.0780646
114,09,20,08,36,2,07信義區,信義區忠孝東路5段372巷29弄與忠孝東路5段372巷口,0,0,1,1,B03,8,6,5,30,4,1,1,5,4,5,13,4,4,9,5,5,2,15,1,69,3,10,3,4,7,9,1,8,1,8,72,1,21,121.5739945,25.0389306
114,09,20,08,45,2,05中正區,中正區泉州街與詔安街口,0,0,1,1,B03,8,6,5,40,4,1,1,5,4,5,13,1,1,5,2,4,2,17,1,34,3,10,7,1,7,1,1,8,5,4,19,1,21,121.5132904,25.0252919
114,09,20,08,59,2,09北投區,北投區文林北路與無名巷口,0,0,1,1,B03,8,7,5,50,3,2,1,5,4,5,13,4,4,1,4,4,2,16,1,43,3,10,7,1,7,6,1,10,1,2,9,1,21,121.5137632,25.1082067
114,09,20,09,03,2,02萬華區,萬華區東園街與東園街35巷口,0,0,2,1,B12,8,5,5,50,3,1,1,5,4,5,13,3,1,5,5,5,2,17,1,71,3,10,7,4,7,9,1,6,1,2,94,1,21,121.4957826,25.0274648
114,09,20,09,30,2,12內湖區,內湖區民權東路6段與民權東路6段289巷口口,0,0,1,1,B03,8,6,5,50,3,2,1,5,4,1,13,4,4,1,1,5,2,16,2,55,3,10,7,1,7,6,1,8,1,6,9,1,21,121.601917,25.0682519
114,09,20,09,32,2,04大安區,大安區新生南路3段往北,0,0,1,1,C03,8,7,5,40,14,9,1,5,4,5,13,4,4,8,3,5,1,12,1,63,2,9,5,1,7,8,1,10,1,14,100,1,22,121.5344085,25.0209893
114,09,20,09,55,2,01大同區,大同區錦西街88號,0,0,1,1,C03,8,7,5,50,14,9,1,5,4,5,13,4,4,5,4,5,2,17,1,20,2,9,3,4,7,9,1,10,1,12,42,1,21,121.5188851,25.0602138
114,09,20,10,15,2,10文山區,文山區木柵路1段378巷34號,0,0,1,1,C03,8,5,5,30,14,9,1,5,4,5,13,4,4,10,5,5,2,10,2,70,2,7,5,1,7,9,1,10,1,11,5,1,21,121.5577713,24.9876514
114,09,20,10,46,2,08士林區,士林區延平北路5段109號,0,0,2,1,C03,8,7,5,50,14,9,1,5,4,5,13,4,4,1,5,5,2,17,1,65,2,7,6,1,7,1,1,10,1,11,19,1,21,121.5104518,25.0814359
114,09,20,11,16,2,10文山區,文山區興隆路3段與辛亥路4段口口,0,0,1,1,C03,8,6,5,50,4,1,1,5,4,5,13,2,1,1,2,5,2,13,1,40,3,10,6,1,7,9,1,10,1,11,76,1,21,121.5547629,25.0008109
114,09,20,11,18,2,07信義區,信義區和平東路3段與崇德街口,0,0,1,1,C03,8,6,5,50,3,2,1,5,4,5,13,4,4,8,3,5,2,16,2,62,2,9,3,4,7,6,1,10,1,12,17,1,22,121.5529697,25.0243146
114,09,20,11,57,2,04大安區,大安區敦化南路1段331號,0,0,1,1,B03,8,6,5,30,14,9,1,5,4,5,13,4,4,10,5,5,2,16,1,57,3,10,7,4,7,6,1,8,1,6,44,1,21,121.5494083,25.0341789
114,09,20,12,05,2,08士林區,士林區中山北路7段219巷110369電桿,0,0,1,1,B03,8,7,5,30,11,9,1,5,4,5,13,4,4,10,5,5,1,11,1,55,3,10,7,1,7,9,1,8,1,1,5,1,21,121.5321164,25.13455862
114,09,20,12,38,2,02萬華區,萬華區開封街2段61號,0,0,1,1,B01,8,6,5,50,14,9,1,5,4,5,13,4,4,5,4,5,2,1,1,68,4,11,3,4,7,9,1,4,11,4,108,2,21,121.505252,25.0469746
114,09,20,12,59,2,07信義區,信義區松平路50巷與松智路32巷口,0,0,1,1,B01,8,7,5,30,4,1,1,5,4,5,13,4,4,10,5,5,2,15,1,64,3,10,3,4,7,9,1,4,1,1,14,1,21,121.5642469,25.0300799
114,09,20,13,26,2,04大安區,大安區建國高架道,0,0,1,1,B03,8,6,5,70,10,9,1,5,4,5,13,4,4,1,1,5,2,13,1,24,3,10,7,1,7,9,1,8,1,1,108,1,21,121.5366098,25.0443848
114,09,20,14,14,2,12內湖區,內湖區大湖山莊街與大湖山莊街120巷口,0,0,1,1,C03,8,6,5,30,4,2,1,5,4,5,13,4,4,5,5,5,2,17,1,26,2,9,6,1,7,9,1,10,1,12,72,1,21,121.6019328,25.08456366
114,09,20,14,25,2,01大同區,大同區民生西路289號,0,0,1,1,B03,8,6,5,50,14,9,1,5,4,5,13,4,4,5,5,5,2,17,2,38,3,10,3,1,7,15,1,8,2,4,42,1,21,121.5132823,25.0570313
114,09,20,14,43,2,03中山區,中山區民權東路1段與民權東路1段12巷口,0,0,1,1,B03,8,6,5,40,3,2,1,5,4,5,13,4,4,1,4,4,2,13,2,56,3,10,7,1,7,6,1,8,1,7,9,1,22,121.5235083,25.0626518
114,09,20,14,45,2,08士林區,士林區大西路28號,0,0,1,1,C03,8,6,5,30,14,9,4,5,4,5,13,4,4,10,5,5,1,2,2,31,3,10,5,1,7,9,1,10,11,12,77,1,21,121.5182676,25.08741877
114,09,20,14,49,2,05中正區,中正區中山南路與仁愛路1段口,0,0,1,1,C03,8,5,5,50,4,2,1,5,4,5,13,1,1,1,4,1,1,17,1,23,3,10,5,1,7,6,1,10,1,12,17,1,21,121.5179367,25.03949
114,09,20,14,58,2,03中山區,中山區北安路536號與北安路口,0,0,2,1,C03,8,7,5,50,4,1,1,5,4,5,13,1,1,1,4,1,2,11,1,18,3,10,5,4,7,5,1,10,2,11,8,1,21,121.54736,25.07990491
114,09,20,14,59,2,07信義區,信義區信義路6段與虎林街口,0,0,1,1,C03,8,7,5,50,4,1,1,5,4,5,13,1,1,9,4,5,2,17,2,29,2,8,5,1,7,9,1,10,1,11,108,1,21,121.5779728,25.0361502
114,09,20,15,15,2,03中山區,中山區北安路516號,0,0,1,1,C03,8,7,5,50,14,9,1,5,4,5,13,1,1,1,4,5,2,13,1,25,2,9,5,1,7,9,1,10,1,11,108,1,21,121.5452829,25.0798346
114,09,20,15,36,2,09北投區,北投區承德路7段3號,0,0,1,1,C03,8,7,5,60,14,9,1,5,4,5,13,1,1,1,4,5,2,13,1,20,2,9,5,1,7,9,1,10,1,11,16,1,21,121.5106836,25.11104394
114,09,20,15,55,2,04大安區,大安區忠孝東路4段101號,0,0,1,1,C03,8,6,6,50,14,9,1,5,4,5,13,4,4,1,4,5,2,13,1,37,2,7,6,4,7,9,1,10,1,11,108,1,22,121.5483863,25.041593
114,09,20,16,16,2,03中山區,中山區民權東路3段與建國北路3段口,0,0,2,1,C03,8,6,5,50,4,1,1,5,4,5,13,2,1,5,4,5,2,16,1,27,2,7,5,1,7,6,1,10,1,14,108,1,21,121.5371216,25.0625107
114,09,20,16,21,2,02萬華區,萬華區貴陽街2段與昆明街口,0,0,1,1,B03,8,5,5,50,4,1,1,5,4,5,13,1,1,9,3,5,2,12,1,46,3,10,7,1,7,5,1,8,1,8,8,1,22,121.5041995,25.0397686
114,09,20,16,32,2,09北投區,北投區登山路89號,0,0,1,1,C03,8,6,5,50,14,9,1,5,4,5,13,4,4,5,5,5,1,27,2,21,2,9,5,1,7,4,1,10,1,11,4,1,21,121.5157699,25.1493378
114,09,20,17,02,2,07信義區,信義區菸廠路(大巨蛋停車場出入口光復南路133號),0,0,1,1,B03,8,7,5,50,14,9,1,5,4,5,13,4,4,9,4,5,2,17,1,33,3,10,7,1,7,6,1,8,1,2,108,1,21,121.5584026,25.0449198
114,09,20,17,05,2,12內湖區,內湖區瑞光路2號,0,0,1,1,C03,8,5,5,50,14,9,1,5,4,5,13,4,4,5,4,5,1,12,1,35,3,10,6,1,7,9,1,10,2,14,44,1,21,121.5837895,25.0692063
114,09,20,17,20,2,08士林區,士林區中正路627號,0,0,1,1,C03,8,7,5,50,14,18,1,5,4,5,13,2,1,1,3,4,1,3,2,72,3,10,6,1,7,9,1,10,1,11,70,1,21,121.5086762,25.08636891
114,09,20,17,40,2,06松山區,松山區南京東路5段與東興路口,0,0,2,1,C03,8,6,5,50,3,1,1,5,4,5,13,1,1,1,4,5,2,15,2,36,2,7,6,1,7,9,1,10,1,11,85,1,21,121.565352,25.0514997
114,09,20,17,56,2,01大同區,大同區民權西路120號,0,0,2,1,C03,7,5,5,50,14,9,1,5,4,5,13,4,4,1,4,5,2,17,2,19,2,9,5,4,7,9,1,10,1,11,16,1,21,121.51718,25.0626867
114,09,20,18,30,2,03中山區,中山區濱江街與松江路口,0,0,3,1,B03,8,5,5,50,3,1,1,5,4,5,13,1,1,5,4,5,2,17,2,50,2,3,7,1,7,9,1,8,1,8,81,1,21,121.5315409,25.072215
114,09,20,18,36,2,07信義區,信義區信義路5段與基隆路1段口,0,0,1,1,B03,8,5,5,50,14,9,1,5,4,5,13,2,1,1,4,5,2,17,1,38,3,10,7,1,7,6,1,8,2,8,9,1,21,121.5598195,25.0332672
114,09,20,19,13,2,09北投區,北投區公館路與東華街2段口,0,0,1,1,B03,8,6,5,50,4,2,1,5,4,5,13,2,1,5,4,5,2,17,1,71,3,10,7,1,7,5,1,8,9,5,17,2,21,121.5027292,25.1217484
114,09,20,19,32,2,01大同區,大同區民生西路與迪化街1段口,0,0,1,1,B03,7,5,5,50,4,1,1,5,4,5,13,2,1,5,4,5,2,17,1,50,3,10,3,4,7,5,1,8,1,1,74,1,22,121.5098383,25.0569495
114,09,20,19,39,2,01大同區,大同區大龍街與大龍街259巷口,0,0,1,1,C03,8,5,5,30,4,1,1,5,4,5,13,4,4,10,5,5,2,15,1,47,2,8,5,1,7,9,1,9,1,12,72,1,21,121.5164833,25.0716025
114,09,20,20,26,2,03中山區,中山區中山北路1段與長安東路1段口,0,0,1,1,C03,8,5,5,50,14,9,1,5,4,5,13,1,1,1,4,1,2,12,1,27,3,10,3,4,7,9,1,10,11,17,44,1,21,121.5209696,25.049723
114,09,20,20,55,2,07信義區,信義區忠孝東路4段515號,0,0,2,1,B01,8,5,5,50,14,9,1,5,4,5,13,4,4,1,4,5,2,16,1,57,3,10,7,1,7,8,1,4,1,6,100,1,21,121.5608738,25.0413711
114,09,20,21,25,2,10文山區,文山區辛亥路7段與辛亥路7段20巷口,0,0,2,1,B03,8,5,5,50,3,1,1,5,4,5,13,3,1,5,5,4,1,17,1,30,3,10,7,1,7,11,1,8,1,8,10,1,21,121.55314,24.9866161
114,09,20,21,50,2,07信義區,信義區莊敬路與莊敬路325巷口,0,0,2,1,C03,8,5,5,50,4,1,1,5,4,5,13,1,1,9,5,5,2,17,1,74,2,8,5,1,7,5,1,10,1,11,74,1,21,121.5635223,25.0280594
114,09,20,21,53,2,03中山區,中山區樂群一路與敬業三路口,0,0,1,1,B03,8,7,5,50,4,2,1,5,4,5,13,4,4,10,4,5,2,17,1,19,3,10,7,1,7,1,1,8,1,1,108,1,21,121.5563673,25.07748746
114,09,20,21,55,2,04大安區,大安區和平東路3段與基隆路2段口,0,0,1,1,B03,8,5,5,50,5,1,1,5,4,5,13,2,1,2,3,1,2,15,1,40,3,10,7,1,7,9,1,8,2,5,42,1,22,121.5524276,25.0244003
114,09,20,21,57,2,09北投區,北投區北投路1段與公館路口,0,0,1,1,B03,8,5,5,50,22,18,1,5,4,5,13,1,1,5,4,5,2,2,1,50,3,10,7,1,7,5,1,8,9,17,70,1,21,121.5026005,25.1214474
114,09,20,23,00,2,03中山區,中山區中山北路2段與中山北路2段46巷口,0,0,1,1,C03,8,5,5,50,3,1,1,5,4,5,13,4,4,9,5,5,2,16,1,31,2,9,6,1,7,9,1,10,1,12,108,1,21,121.522337,25.05535653
114,09,20,23,40,2,10文山區,文山區木柵路4段與木柵路4段111巷口,0,0,2,1,B03,8,5,5,50,3,1,1,5,4,5,13,2,1,5,4,5,2,15,1,41,3,10,3,4,7,11,1,8,1,8,103,1,22,121.573506,24.9972142
114,09,21,01,06,2,05中正區,中正區寶慶路與桃源街口,0,0,1,1,C03,7,5,5,50,4,2,1,5,4,5,13,2,1,7,4,5,2,13,2,29,2,8,6,1,7,9,1,10,2,11,108,1,21,121.5103061,25.041401