發生年度,發生月,發生日,發生時-Hours,發生分,處理別-編號,區序,肇事地點,死亡人數,2-30日死亡人數,受傷人數,當事人序號,車種,天候,光線,道路類別,速限-速度限制,道路型態,事故位置,路面狀況1,路面狀況2,路面狀況3,道路障礙1,道路障礙2,號誌1,號誌2,車道劃分-分向,車道劃分-分道1,車道劃分-分道2,車道劃分-分道3,事故類型及型態,性別,年齡,受傷程度,主要傷處,保護裝置,行動電話,車輛用途,當事者行動狀態,駕駛資格情形,駕駛執照種類,飲酒情形,車輛撞擊部位1,肇因碼-個別,個人肇逃否,職業,座標-X,座標-Y
114,09,22,19,38,2,03中山區,中山區合江街與合江街20巷口,0,0,1,1,C03,6,5,5,30,4,1,1,4,4,5,13,4,4,9,5,5,2,17,1,30,3,10,6,1,7,6,1,10,9,17,72,1,21,121.5390954,25.05514979
114,09,22,20,38,2,04大安區,大安區延吉街68-36號,0,0,1,1,B03,6,5,5,50,14,9,1,4,4,5,13,4,4,5,5,5,2,17,1,46,3,10,3,4,7,13,1,8,1,4,40,1,22,121.5541085,25.0427405
114,09,22,20,50,2,04大安區,大安區臥龍街與辛亥路3段157巷口,0,0,1,1,C03,6,5,5,40,5,1,1,4,4,5,13,2,1,5,4,5,2,17,1,24,4,11,3,4,7,5,7,19,11,15,8,2,22,121.5509219,25.0182433
114,09,22,20,50,2,09北投區,北投區大度路與中央北路2段257巷口,0,0,2,1,C03,6,5,5,50,5,2,1,4,4,5,13,2,1,1,4,3,1,23,2,46,2,9,6,1,7,9,1,10,1,11,108,1,22,121.485804,25.1221344
114,09,22,21,06,2,07信義區,信義區松仁路與松平路口口,0,0,1,1,B12,6,5,5,30,4,1,1,4,4,5,13,2,1,5,4,5,2,9,1,64,3,10,3,4,7,5,1,8,1,8,70,1,26,121.5683286,25.0304836
114,09,22,21,10,2,04大安區,大安區信義路4段與信義路4段265巷口口,0,0,1,1,B11,6,5,5,50,5,1,1,4,4,5,13,2,1,1,4,5,2,3,1,48,3,10,7,1,7,5,1,2,1,8,70,1,21,121.5543233,25.0333623
114,09,22,21,28,2,03中山區,中山區龍江路310號,0,0,1,1,C03,6,5,5,50,14,9,1,4,4,5,13,1,1,5,5,5,2,13,2,39,2,7,3,4,7,9,1,10,2,11,108,1,21,121.540883,25.06415969
114,09,22,22,08,2,12內湖區,內湖區瑞光路與民權東路6段口,0,0,1,1,A02,8,5,5,50,4,2,1,4,4,5,13,1,1,4,3,5,1,16,1,54,3,10,3,4,7,6,1,2,11,7,17,1,21,121.5840328,25.068998
114,09,22,22,12,2,08士林區,士林區承德路4段與劍潭路口,0,0,1,1,C03,6,5,5,50,4,2,1,4,4,5,13,2,1,1,2,5,1,17,1,29,3,10,5,1,7,7,1,10,1,13,101,1,21,121.5234494,25.08420429
114,09,22,22,28,2,07信義區,信義區忠孝東路5段372巷與忠孝東路5段236巷3弄口,0,0,2,1,C03,6,5,5,30,4,1,1,4,4,5,13,4,4,9,5,5,2,17,1,22,2,6,3,4,7,9,3,18,1,11,14,1,22,121.5740012,25.0403584
114,09,22,22,31,2,07信義區,信義區市民高架永吉路匝道,0,0,1,1,B03,6,5,5,80,14,9,1,4,4,5,13,4,4,9,4,4,1,23,1,35,2,9,7,1,7,8,1,8,2,2,100,1,21,121.5653598,25.0449452
114,09,23,00,05,2,05中正區,中正區重慶南路3段與詔安街口,0,0,1,1,C03,6,5,5,30,3,2,1,4,4,5,13,4,4,1,4,5,2,16,1,45,3,10,5,1,7,6,1,10,1,13,72,1,21,121.5164326,25.0251916
114,09,23,01,18,2,01大同區,大同區民族西路與民族西路225巷口,0,0,1,1,B02,6,5,5,30,4,1,1,4,4,5,13,2,1,5,4,5,2,15,2,24,2,8,3,4,7,9,1,8,2,7,72,1,22,121.512262,25.068679
114,09,23,05,28,2,07信義區,信義區忠孝東路5段與忠孝東路5段215巷口口,0,0,1,1,B12,6,5,5,50,3,1,1,4,4,5,13,2,1,1,4,5,2,9,1,70,3,10,3,4,7,5,1,8,2,8,70,1,26,121.5702338,25.0409919
114,09,23,06,12,2,03中山區,中山區民生東路2段與新生北路2段口,0,0,1,1,B12,6,6,5,50,4,2,1,4,4,5,13,2,1,5,4,5,2,13,1,37,3,10,7,1,7,9,1,8,1,5,16,1,21,121.5276,25.05798
114,09,23,06,40,2,11南港區,南港區南港路2段與南港路2段23巷口,0,0,2,1,A02,6,6,5,50,4,2,1,4,4,5,13,2,1,9,4,4,2,13,1,62,3,10,7,1,7,7,1,1,1,17,44,1,21,121.6029464,25.0536465
114,09,23,06,58,2,02萬華區,萬華區昆明街與康定路25巷口,0,0,1,1,B13,6,6,5,50,3,2,1,4,4,5,13,4,4,9,4,5,2,17,1,21,3,10,7,1,7,7,1,8,1,17,100,1,21,121.5049518,25.0435277
114,09,23,07,03,2,12內湖區,內湖區文湖街73號,0,0,1,1,C03,6,6,6,50,14,9,1,4,4,5,13,4,4,9,5,5,2,11,2,22,2,9,6,1,7,9,1,10,2,14,116,1,22,121.5635463,25.0865666
114,09,23,07,11,2,01大同區,大同區無名巷與哈密街59巷56弄口,0,0,2,1,C03,6,6,5,30,4,1,1,4,4,5,13,4,4,10,5,5,2,15,1,46,2,9,6,1,7,9,1,10,2,12,72,1,22,121.5145312,25.0753838
114,09,23,07,11,2,06松山區,松山區民權東路4段與光復北路口,0,0,1,1,C03,6,7,5,50,4,1,1,4,4,5,13,2,1,1,4,4,2,12,1,28,2,9,5,1,7,9,1,10,1,11,44,1,25,121.554705,25.0619977
114,09,23,07,25,2,04大安區,大安區金山南路2段31巷與愛國東路79巷口口,0,0,1,1,B03,6,6,5,30,4,1,1,4,4,5,13,4,4,10,5,5,2,3,1,53,3,10,3,4,7,9,1,8,1,4,70,1,22,121.5276448,25.03294291
114,09,23,07,26,2,09北投區,北投區文林北路5巷與軟橋街口,0,0,1,1,B03,8,6,5,50,3,1,1,4,4,5,13,4,4,5,4,5,2,17,1,48,3,10,7,1,7,5,1,8,1,8,44,1,21,121.5171731,25.1000655
114,09,23,07,41,2,04大安區,大安區和平東路1段與新生南路2段口,0,0,1,1,B03,6,6,5,50,4,1,1,4,4,5,13,1,1,8,3,5,2,12,2,21,2,2,3,4,7,15,1,8,1,5,44,1,21,121.5347643,25.0260183
114,09,23,07,50,2,01大同區,大同區延平北路2段272巷與安西街口,0,0,1,1,C03,6,5,5,30,4,1,1,4,4,5,13,4,4,9,4,5,2,15,1,58,2,9,5,1,7,9,1,10,1,12,72,1,21,121.5097598,25.0620725
114,09,23,07,57,2,01大同區,大同區長安西路與塔城街口,0,0,1,1,C03,6,6,5,50,5,1,1,4,4,5,13,4,4,5,5,5,2,16,1,61,3,10,6,1,7,5,1,10,1,12,71,1,21,121.5104369,25.0519974
114,09,23,08,05,2,10文山區,文山區指南路1段與指南路1段96巷口,0,0,2,1,C03,6,6,5,50,4,1,1,4,4,3,10,4,4,10,5,5,2,16,1,41,2,9,6,1,7,5,1,10,1,12,74,1,21,121.5711985,24.9876311
114,09,23,08,21,2,06松山區,松山區市民大道5段與東寧路口,0,0,1,1,C03,6,6,5,40,3,2,1,4,4,5,13,1,1,8,3,4,1,16,1,24,2,9,3,1,7,4,1,9,2,11,16,1,21,121.5632651,25.0474663
114,09,23,08,42,2,06松山區,松山區八德路4段302號後方（市民大道五段上）,0,0,2,1,C03,6,7,5,40,14,9,1,4,4,5,13,3,1,9,4,5,2,17,2,53,2,9,6,1,7,5,1,10,1,12,84,1,22,121.5673171,25.04873313
114,09,23,08,45,2,04大安區,大安區忠孝東路3段158號,0,0,1,1,C03,6,6,5,50,14,9,1,4,4,5,13,4,4,1,4,5,2,17,1,33,2,8,3,4,7,5,1,10,1,13,42,1,22,121.5449227,25.0375258
114,09,23,09,06,2,09北投區,北投區東昇路與登山路口,0,0,1,1,B03,6,7,5,50,3,1,1,4,4,5,13,4,4,9,4,5,1,17,1,61,3,10,3,4,7,5,1,8,1,17,72,1,22,121.5226647,25.1502626
114,09,23,09,08,2,02萬華區,萬華區中華路2段與中華路2段467巷口,0,0,1,1,,6,5,5,50,3,1,1,4,4,5,13,2,1,5,4,4,2,17,4,0,,,,,,,,,11,,119,2,,121.5111794,25.0243481
114,09,23,09,54,2,05中正區,中正區中山南路與徐州路口,0,0,2,1,C03,7,5,5,50,4,2,1,4,4,5,12,1,1,9,4,5,2,17,1,31,2,9,5,1,7,12,1,10,2,14,102,1,21,121.5185565,25.0417066
114,09,23,09,55,2,11南港區,南港區南港路2段與南港路2段38巷口,0,0,1,1,B03,6,7,5,50,3,2,1,4,4,5,13,2,1,9,4,4,2,16,1,46,3,10,7,1,7,5,1,8,1,6,8,1,21,121.6049597,25.0540822
114,09,23,10,07,2,07信義區,信義區中坡南路與中坡南路98巷口,0,0,1,1,C03,6,5,5,50,5,1,1,4,4,5,13,1,1,5,5,4,2,17,1,32,3,10,6,1,7,5,1,10,1,12,42,1,21,121.5849745,25.0408456
114,09,23,10,28,2,10文山區,文山區景福街113號對面（第30號車格）,0,0,1,1,C03,6,6,5,50,14,9,1,4,4,5,13,4,4,10,4,5,2,12,1,70,2,8,5,1,7,9,1,10,2,14,108,1,21,121.5364486,24.9973083
114,09,23,10,30,2,11南港區,南港區興中路12巷21號,0,0,1,1,C04,6,6,5,50,14,9,1,4,4,5,13,4,4,5,4,5,2,2,1,44,3,10,5,1,7,9,1,11,1,11,27,1,21,121.6065884,25.054898
114,09,23,10,54,2,07信義區,信義區莊敬路168號,0,0,1,1,C03,6,5,8,50,22,22,1,4,4,5,13,4,4,5,4,5,2,17,1,39,2,9,5,1,7,7,1,10,1,14,4,1,22,121.561285,25.0316837
114,09,23,11,25,2,06松山區,松山區民權東路5段14號,0,0,1,1,C03,6,7,5,50,14,9,1,4,4,5,13,4,4,1,4,5,2,12,2,23,2,8,5,1,7,7,1,10,1,14,100,1,26,121.5637063,25.0628642
114,09,23,11,53,2,02萬華區,萬華區和平西路3段與環河南路2段口,0,0,1,1,C03,8,6,5,50,5,1,1,4,4,5,13,1,1,8,3,5,1,17,2,21,2,8,5,1,7,12,1,10,9,17,116,1,21,121.4946594,25.0358214
114,09,23,11,54,2,07信義區,信義區松德路15號,0,0,1,1,B03,6,5,8,30,22,22,1,4,4,5,13,4,4,1,4,4,2,17,1,60,3,10,3,4,7,8,1,7,9,17,100,1,21,121.5773837,25.0391588
114,09,23,13,13,2,10文山區,文山區羅斯福路4段與基隆路4段口,0,0,1,1,B03,6,6,5,50,5,1,1,4,4,1,13,2,1,1,4,1,2,12,1,37,3,10,7,1,7,7,1,8,1,2,17,1,21,121.5370796,25.010933
114,09,23,13,46,2,04大安區,大安區仁愛路4段118號,0,0,2,1,C03,6,6,5,50,18,9,1,4,4,5,13,1,1,1,4,4,2,13,2,28,2,9,3,4,7,9,1,10,1,11,108,1,21,121.5496281,25.0375089
114,09,23,14,00,2,04大安區,大安區師大路24號,0,0,1,1,B12,6,6,5,50,14,9,1,4,4,5,13,4,4,5,5,5,2,9,1,38,3,10,3,4,7,2,1,8,1,6,12,1,22,121.5283356,25.025436
114,09,23,14,04,2,08士林區,士林區德行西路與福華路口,0,0,1,1,C03,8,6,5,50,4,1,1,4,4,5,13,1,1,5,4,5,2,17,1,44,2,9,3,4,7,5,1,10,1,13,71,1,21,121.5219656,25.10464069
114,09,23,14,10,2,04大安區,大安區和平東路2段與和平東路2段311巷口,0,0,1,1,B01,6,6,5,50,3,1,1,4,4,5,13,2,1,1,4,5,1,15,1,68,3,10,3,4,7,11,1,4,1,1,10,1,21,121.5446506,25.02480346
114,09,23,14,15,2,03中山區,中山區八德路2段167巷與建國北路1段23巷口,0,0,1,1,B01,8,7,5,30,4,1,1,5,4,5,13,4,4,10,5,5,2,17,1,57,3,10,7,1,7,9,1,4,1,2,72,1,21,121.5379845,25.0473694
114,09,23,15,20,2,07信義區,信義區基隆路1段180號,0,0,1,1,C04,6,7,5,50,14,9,1,4,4,5,13,4,4,1,4,5,2,18,1,28,2,9,3,4,7,9,1,10,1,14,44,1,21,121.5652904,25.0427936
114,09,23,15,23,2,03中山區,中山區民權東路3段58號,0,0,1,1,B03,6,6,5,50,14,9,1,4,4,5,13,4,4,1,4,5,2,16,1,69,3,10,7,1,7,8,1,8,9,17,100,1,21,121.5421325,25.0622752
114,09,23,16,22,2,10文山區,文山區羅斯福路6段136號,0,0,2,1,C03,6,6,5,50,14,9,1,4,4,5,10,4,4,1,4,5,2,12,1,57,2,9,6,1,7,9,1,10,1,11,16,1,21,121.5408765,24.9968936
114,09,23,16,34,2,02萬華區,萬華區中華路2段416巷56號,0,0,2,1,F01,6,6,5,50,14,9,1,4,4,5,13,4,4,9,5,5,2,17,2,72,2,9,4,1,7,1,8,20,1,11,19,1,21,121.5071691,25.0353259
114,09,23,16,49,2,05中正區,中正區金山南路1段與銅山街口,0,0,2,1,B03,6,6,5,50,4,2,1,4,4,5,13,2,1,3,4,5,2,13,1,19,3,10,7,1,7,9,1,8,2,1,16,1,22,121.5288296,25.03946964
114,09,23,16,57,2,01大同區,大同區鄭州路與西寧北路口,0,0,1,1,B01,6,5,5,50,4,1,1,4,4,5,13,2,1,1,4,5,2,13,2,36,3,10,3,4,7,5,1,2,2,1,108,1,21,121.5081326,25.05040065
114,09,23,17,10,2,08士林區,士林區仰德大道1段上山路段第1106019號路燈桿,0,0,1,1,C03,6,7,5,40,12,9,1,4,4,5,13,4,4,9,4,5,1,18,1,19,2,9,5,1,7,9,1,10,2,12,42,1,21,121.5380099,25.1044949
114,09,23,17,12,2,11南港區,南港區南港路1段與南港路1段277巷口,0,0,1,1,B03,6,6,5,50,14,9,1,4,4,5,13,4,4,5,4,5,2,12,2,50,2,7,7,1,7,13,1,8,1,4,40,1,21,121.6081198,25.0546682
114,09,23,17,17,2,12內湖區,內湖區江南街12巷與港墘路127巷16弄口,0,0,1,1,B02,6,5,5,30,3,1,1,4,4,5,13,4,4,10,5,5,2,16,1,61,3,10,7,1,7,7,1,14,1,5,101,1,21,121.5774571,25.0783013
114,09,23,17,33,2,05中正區,中正區中華路2段與南海路口,0,0,2,1,B01,6,6,5,50,4,1,1,4,4,5,13,1,1,5,2,5,2,13,1,61,3,10,7,1,7,9,1,4,1,1,108,1,21,121.5070993,25.0268278
114,09,23,17,40,2,05中正區,中正區忠孝東路2段與八德路1段口,0,0,1,1,B03,6,5,5,50,3,1,1,4,4,5,13,1,1,10,5,5,2,12,1,42,3,10,7,1,7,7,1,8,2,5,100,1,26,121.5293226,25.0434243
114,09,23,17,45,2,08士林區,士林區至善路1段往西（公車東吳大學站）,0,0,2,1,C03,6,6,5,50,14,8,1,4,4,5,13,4,4,1,4,4,1,16,1,18,2,8,3,4,7,8,1,10,1,12,100,1,22,121.5390246,25.0977592
114,09,23,17,50,2,07信義區,信義區莊敬路341巷與莊敬路口,0,0,1,1,C03,6,5,5,30,3,1,1,4,4,5,13,4,4,9,5,4,2,17,2,44,2,8,3,4,7,14,1,10,1,13,72,1,21,121.5642639,25.0279302
114,09,23,17,51,2,07信義區,信義區嘉興街與嘉興街口側附近127巷口,0,0,1,1,H01,6,5,5,50,3,1,1,4,4,5,13,4,4,5,5,5,2,3,1,11,3,10,4,5,8,18,8,20,10,17,121,1,14,121.5577509,25.0289332
114,09,23,18,01,2,03中山區,中山區民權東路1段79號,0,0,1,1,C03,6,5,5,50,14,9,1,4,4,5,13,4,4,1,4,5,2,13,1,24,2,7,6,1,7,7,1,10,1,11,16,1,25,121.5273376,25.0627276
114,09,23,18,19,2,05中正區,中正區公園路與凱達格蘭大道口,0,0,1,1,C03,6,6,5,50,4,1,1,4,4,5,13,1,1,10,5,5,2,12,1,58,3,10,6,1,7,7,1,10,9,14,101,1,21,121.5155317,25.0393463
114,09,23,18,27,2,03中山區,中山區錦州街與建國北路2段口,0,0,1,1,C03,6,5,5,50,14,9,1,4,4,5,13,1,1,1,3,5,2,18,2,23,2,9,5,1,7,9,1,10,9,14,42,1,22,121.5376098,25.0604077
114,09,23,18,28,2,10文山區,文山區景華街與景華街52巷口,0,0,2,1,C03,6,5,5,50,3,1,1,4,4,5,13,4,4,5,5,5,2,16,1,65,2,9,6,1,7,5,1,10,1,12,72,1,21,121.5437503,24.9950915
114,09,23,18,51,2,04大安區,大安區忠孝東路4段與復興南路1段口口,0,0,1,1,B01,6,5,5,50,4,1,1,4,4,5,13,2,1,1,4,5,2,17,1,61,3,10,7,1,7,14,1,4,1,6,40,1,21,121.5441049,25.0417369
114,09,23,18,55,2,05中正區,中正區金山南路1段75號,0,0,1,1,C04,6,6,5,50,14,9,1,4,4,5,13,4,4,3,4,5,2,13,2,21,2,7,5,1,7,9,1,10,1,11,44,1,21,121.5278939,25.0366401
114,09,23,19,07,2,12內湖區,內湖區文德路212號,0,0,1,1,B03,6,5,5,40,14,7,1,4,4,5,13,4,4,1,4,4,2,17,2,46,3,10,7,1,7,1,1,8,1,17,19,1,21,121.5848333,25.0784882
114,09,23,19,08,2,04大安區,大安區安和路1段與安和路1段117巷口,0,0,1,1,B03,6,5,5,50,3,1,1,4,4,5,13,4,4,1,4,5,2,17,1,73,3,10,7,1,7,6,1,8,1,2,9,1,22,121.5525964,25.0349666
114,09,23,19,10,2,08士林區,士林區重陽橋往三重機車道,0,0,1,1,C03,7,5,5,40,14,11,1,5,4,5,13,4,4,10,5,3,2,17,1,29,3,10,6,1,7,8,1,10,1,17,100,1,21,121.5036479,25.0853683
114,09,23,19,15,2,03中山區,中山區吉林路與吉林路口側附近315巷口,0,0,1,1,F01,6,5,5,50,4,1,1,4,4,5,13,4,4,5,4,4,2,17,2,74,2,9,3,4,7,9,8,20,1,11,72,1,21,121.5303655,25.063531
114,09,23,19,17,2,04大安區,大安區建國高架道與辛亥路車行地下道口,0,0,2,1,B01,6,5,5,70,10,9,1,4,4,5,13,4,4,3,4,5,1,23,1,42,2,6,3,4,7,21,1,4,1,4,108,1,21,121.5309855,25.02114605
114,09,23,20,06,2,08士林區,士林區中山北路6段與克強路口,0,0,1,1,B02,7,5,5,50,4,1,1,5,4,5,13,1,1,1,4,5,2,17,1,21,3,10,7,1,7,9,1,8,2,5,44,1,22,121.525266,25.1087005
114,09,23,20,13,2,03中山區,中山區中山北路2段與民生西路口,0,0,1,1,C03,6,6,5,50,4,1,1,4,4,5,13,1,1,5,4,5,2,11,2,59,2,9,6,1,7,9,1,10,1,11,13,1,22,121.5223704,25.0578469
114,09,23,20,19,2,05中正區,中正區永福橋往新北市,0,0,1,1,C03,6,6,5,50,14,9,1,4,4,5,13,4,4,7,4,5,2,12,1,59,2,9,5,1,7,8,1,10,1,12,100,1,21,121.5274967,25.0110538
114,09,23,21,34,2,06松山區,松山區敦化北路與敦化北路199巷口,0,0,1,1,B01,6,5,5,50,4,1,1,4,4,5,13,2,1,1,4,4,2,17,2,28,3,10,7,1,7,8,1,4,2,17,100,1,21,121.5492338,25.0557038
114,09,23,21,37,2,05中正區,中正區重慶南路3段52號,0,0,1,1,C03,6,5,5,50,14,9,1,4,4,5,13,4,4,8,3,4,1,29,1,36,2,9,6,1,7,9,1,10,9,17,44,1,21,121.5157211,25.0278258
114,09,23,21,46,2,02萬華區,萬華區萬大路與興寧街口,0,0,1,1,B03,6,5,5,0,4,2,1,4,4,5,13,1,1,8,3,5,1,17,1,32,3,10,7,1,7,13,1,8,1,4,40,1,21,121.500592,25.0321643
114,09,23,21,50,2,12內湖區,內湖區內湖路1段203巷與內湖路1段口,0,0,1,1,B03,7,5,5,50,4,1,1,5,4,5,13,2,1,1,4,5,2,17,2,66,3,10,7,1,7,5,1,8,2,8,42,1,21,121.5634531,25.0833196
114,09,23,22,00,2,08士林區,士林區中正路與百齡橋口,0,0,1,1,B03,7,5,5,30,3,2,1,5,4,5,13,4,4,10,4,5,1,17,1,30,3,10,7,1,7,7,1,8,1,4,73,1,22,121.5150588,25.090259
114,09,23,22,40,2,03中山區,中山區民權東路2段166號,0,0,1,1,B03,7,5,5,50,14,9,1,5,4,5,13,4,4,1,4,5,2,17,1,31,3,10,7,1,7,1,1,10,1,8,19,1,21,121.5350355,25.06250106
114,09,24,00,19,2,04大安區,大安區忠孝東路4段與光復南路口,0,0,1,1,,8,5,5,50,4,2,1,4,4,5,13,2,1,1,4,5,2,3,4,0,4,11,3,4,7,6,1,8,11,1,119,2,22,121.5576113,25.041129
114,09,24,00,24,2,01大同區,大同區民生西路與寧夏路口口,0,0,2,1,C03,6,5,5,50,5,1,1,4,4,5,13,2,1,5,4,5,2,3,1,31,2,9,5,1,7,1,1,10,2,11,70,1,21,121.5154429,25.0570883
114,09,24,03,10,2,04大安區,大安區市民大道4段與市民大道4段68巷口口,0,0,1,1,B12,8,5,5,40,3,1,1,5,4,5,13,4,4,1,4,5,2,16,1,42,3,10,7,1,7,6,1,8,1,5,9,1,21,121.5472033,25.0448869
114,09,24,04,57,2,08士林區,士林區菁山路85號,0,0,1,1,C03,7,5,5,40,11,9,1,3,4,5,13,4,4,4,5,5,1,36,1,18,2,9,6,1,7,9,1,10,1,11,13,1,21,121.5527751,25.1416019
114,09,24,05,00,2,02萬華區,萬華區西園路2段281巷與西園路2段281巷6弄口口,0,0,1,1,C03,8,5,5,30,4,1,1,5,4,5,13,4,4,10,5,5,2,15,1,39,4,11,3,4,7,9,7,19,11,15,108,2,22,121.4919091,25.02465003
114,09,24,06,02,1,08士林區,士林區通河西街2段與延平北路7段口,1,0,0,1,B03,8,7,5,30,5,2,1,5,4,5,13,1,1,1,1,5,1,17,1,77,3,10,7,1,7,6,1,8,2,5,9,1,21,121.4975204,25.09440612
114,09,24,06,15,2,01大同區,大同區哈密街23巷與承德路3段口,0,0,1,1,B03,8,6,5,30,5,2,1,5,4,5,13,4,4,10,5,5,1,17,1,41,3,10,7,1,7,11,1,8,1,1,80,1,21,121.5194533,25.07402991
114,09,24,06,49,2,07信義區,信義區松仁路206號,0,0,1,1,B03,8,7,5,50,14,9,1,5,4,5,13,4,4,10,4,5,2,13,1,57,3,10,7,1,7,9,1,8,1,1,108,1,21,121.5683394,25.0270503
114,09,24,07,00,2,06松山區,松山區南京東路5段250巷與南京東路5段口,0,0,2,1,C03,8,7,5,50,4,1,1,5,4,5,13,1,1,1,4,5,2,15,1,60,2,8,5,1,7,9,1,10,1,11,81,1,26,121.5661914,25.0512826
114,09,24,07,01,2,07信義區,信義區吳興街252號,0,0,1,1,C03,8,5,5,30,14,9,1,5,4,5,13,4,4,10,5,5,2,17,1,55,3,10,6,1,7,9,1,10,1,11,44,1,21,121.5632539,25.0262254
114,09,24,07,10,2,07信義區,信義區和平東路3段391巷8弄與和平東路3段391巷口,0,0,1,1,C03,8,6,5,30,4,2,1,5,4,5,13,4,4,10,5,5,2,3,1,68,3,10,5,1,7,9,3,18,1,11,70,1,21,121.5580144,25.0200305
114,09,24,07,22,2,10文山區,文山區萬美街1段69號,0,0,1,1,C03,8,6,5,40,14,9,1,5,4,5,13,4,4,9,5,5,2,16,2,44,2,8,5,1,7,11,1,10,1,11,118,1,21,121.5674923,25.0023296
114,09,24,07,36,2,07信義區,信義區仁愛路4段與光復南路附近口,0,0,1,1,C03,8,7,5,40,14,9,1,5,4,5,13,4,4,10,4,4,2,17,1,27,2,9,5,1,7,15,1,10,1,11,16,1,21,121.557665,25.0379642
114,09,24,07,42,2,02萬華區,萬華區萬大路與東園街口,0,0,2,1,C03,8,6,5,30,4,2,1,5,4,5,13,2,1,9,4,5,2,13,1,59,2,7,3,4,7,9,1,10,1,11,16,1,22,121.4985375,25.0214249
114,09,24,07,45,2,12內湖區,內湖區內湖路1段285巷29號,0,0,1,1,C03,8,5,5,30,14,9,1,5,4,5,13,4,4,10,5,5,1,13,2,54,2,9,5,1,7,9,1,10,1,11,108,1,21,121.5669403,25.08346292
114,09,24,07,50,2,12內湖區,內湖區麥帥一橋西向東，機車道,0,0,2,1,C03,8,5,5,40,14,11,1,5,4,5,13,4,4,1,4,5,2,17,1,48,2,8,5,1,7,9,1,10,2,11,76,1,21,121.5736306,25.052648
114,09,24,08,00,2,10文山區,文山區木新路3段95巷7弄與木新路3段45巷口,0,0,1,1,B02,8,6,5,30,4,1,1,5,4,5,13,4,4,10,5,5,1,16,1,57,3,10,7,1,7,5,1,8,1,1,74,1,21,121.5644311,24.981791
114,09,24,08,16,2,06松山區,松山區三民路與南京東路5段251巷46弄口,0,0,1,1,B03,8,6,5,50,3,1,1,5,4,5,13,4,4,5,4,5,2,17,1,49,3,10,7,1,7,5,1,8,1,5,8,1,21,121.5637024,25.0551689
114,09,24,08,17,2,06松山區,松山區松河街3號,0,0,1,1,C03,8,6,5,40,14,9,1,5,4,5,13,1,1,8,4,5,2,13,2,28,2,9,6,1,7,9,1,10,1,11,108,1,21,121.5720815,25.0508013
114,09,24,08,18,2,11南港區,南港區忠孝東路6段與忠孝東路6段188巷口,0,0,1,1,B03,8,6,5,50,4,2,1,5,4,5,13,2,1,1,4,5,2,16,1,68,3,10,7,1,7,9,1,8,1,1,16,1,21,121.5865104,25.0485859
114,09,24,08,39,2,02萬華區,萬華區西園路2段與西園路2段96巷口,0,0,1,1,B03,8,7,5,50,3,2,1,5,4,5,13,4,4,1,4,4,2,17,1,36,3,10,7,1,7,6,1,8,1,7,72,1,21,121.4965545,25.0307213
114,09,24,08,41,2,02萬華區,萬華區萬大路365號,0,0,1,1,C03,8,6,5,30,14,9,1,5,4,5,13,4,4,9,4,5,1,13,1,28,2,9,3,4,7,9,1,10,1,14,13,1,21,121.499645,25.0229214
114,09,24,08,44,2,07信義區,信義區吳興街與莊敬路178巷口,0,0,1,1,B11,8,7,8,30,5,2,1,5,4,5,13,4,4,10,5,5,2,17,2,25,3,10,7,1,7,15,1,8,2,8,99,1,21,121.560174,25.0312962
114,09,24,08,45,2,04大安區,大安區新生南路2段與金華街口,0,0,1,1,B12,8,6,5,50,5,1,1,5,4,5,13,1,1,8,3,5,2,16,1,69,3,10,3,4,7,5,1,8,1,5,8,1,21,121.5335288,25.030598
114,09,24,08,47,2,10文山區,文山區樟新街與樟新街5巷口口,0,0,1,1,C03,8,6,5,30,4,2,1,5,4,5,13,4,4,10,5,5,2,12,2,42,2,9,5,1,7,9,1,10,2,14,72,1,21,121.5550234,24.9799158
114,09,24,08,52,2,01大同區,大同區環河堤外便道3011741燈桿,0,0,1,1,C03,8,6,5,40,14,11,1,5,4,5,13,4,4,4,5,5,2,12,1,71,4,11,6,4,7,9,1,10,11,14,17,2,21,121.5057228,25.0495851
114,09,24,09,00,2,08士林區,士林區福林路與自祥街口,0,0,1,1,B03,8,5,5,50,3,4,1,5,4,5,13,1,1,5,4,5,2,13,1,37,3,10,7,1,7,1,1,8,2,5,108,1,21,121.5329204,25.0968698
114,09,24,09,15,2,12內湖區,內湖區金湖路393號,0,0,2,1,C03,8,6,6,50,3,2,1,5,4,5,13,4,4,1,2,5,2,13,1,18,2,1,5,1,7,9,3,18,1,11,108,1,22,121.6052096,25.0735171
114,09,24,09,19,2,11南港區,南港區研究院路2段與研究院路2段77巷北口,0,0,1,1,C03,8,5,5,50,14,9,1,5,4,5,13,4,4,1,4,5,2,13,1,18,2,9,3,4,7,12,1,10,1,11,16,1,22,121.6150927,25.0460989
114,09,24,09,45,2,11南港區,南港區南港路1段與興中路口,0,0,2,1,C03,8,7,5,50,4,1,1,5,4,5,13,1,1,5,4,5,1,16,1,63,2,9,3,4,7,5,1,10,2,12,8,1,21,121.6074506,25.0545084
114,09,24,09,47,2,04大安區,大安區信義路4段59號,0,0,1,1,C03,8,6,5,50,14,9,1,5,4,5,13,4,4,1,3,5,2,17,1,23,2,9,6,1,7,9,1,10,1,14,108,1,21,121.5453149,25.0335544