發生年度,發生月,發生日,發生時-Hours,發生分,處理別-編號,區序,肇事地點,死亡人數,2-30日死亡人數,受傷人數,當事人序號,車種,天候,光線,道路類別,速限-速度限制,道路型態,事故位置,路面狀況1,路面狀況2,路面狀況3,道路障礙1,道路障礙2,號誌1,號誌2,車道劃分-分向,車道劃分-分道1,車道劃分-分道2,車道劃分-分道3,事故類型及型態,性別,年齡,受傷程度,主要傷處,保護裝置,行動電話,車輛用途,當事者行動狀態,駕駛資格情形,駕駛執照種類,飲酒情形,車輛撞擊部位1,肇因碼-個別,個人肇逃否,職業,座標-X,座標-Y
114,09,25,13,50,2,03中山區,中山區中山北路3段與中山北路3段口花博公園5號門,0,0,1,1,C03,8,6,5,50,3,1,1,5,4,5,13,4,4,5,4,5,2,13,1,20,2,9,6,1,7,9,1,10,2,11,108,1,22,121.5228582,25.0610733
114,09,25,13,54,2,03中山區,中山區建國南路1段與八德路2段口,0,0,1,1,B03,8,7,5,50,4,2,1,5,4,5,13,2,1,1,4,5,2,16,1,57,3,10,7,1,7,6,1,8,1,2,9,1,21,121.5369533,25.0460508
114,09,25,14,15,2,07信義區,信義區信義路5段150巷與信義路5段150巷401弄口,0,0,1,1,B12,8,5,5,30,5,2,1,5,4,5,13,4,4,5,5,5,2,17,1,48,3,10,7,1,7,5,1,8,2,5,72,1,21,121.5707311,25.0250412
114,09,25,14,22,2,02萬華區,萬華區中華路2段416巷與西藏路125巷口,0,0,2,1,C03,8,7,5,50,4,1,1,5,4,5,13,2,1,9,5,5,2,16,2,57,2,9,3,4,7,5,1,10,1,11,8,1,22,121.5031979,25.0267886
114,09,25,14,30,2,09北投區,北投區尊賢街302巷34號,0,0,2,1,B03,8,5,5,30,14,9,1,5,4,5,13,4,4,10,4,5,1,17,1,33,2,3,7,1,7,9,1,8,2,1,108,1,21,121.5085055,25.1181046
114,09,25,14,50,2,01大同區,大同區民生西路與太原路口,0,0,1,1,B03,8,5,5,50,3,1,1,5,4,5,13,2,1,5,4,5,2,16,2,30,3,10,7,1,7,5,1,8,1,5,74,1,21,121.5169825,25.0571376
114,09,25,14,56,2,06松山區,松山區興安街與復興北路口,0,0,1,1,B01,8,7,5,50,4,1,1,5,4,5,13,2,1,1,4,5,2,13,1,55,2,7,7,1,7,9,1,4,1,1,16,1,21,121.5441788,25.0558408
114,09,25,15,00,2,03中山區,中山區長安東路1段23號前,0,0,1,1,B01,8,6,5,50,14,9,1,5,4,5,13,4,4,5,4,5,2,12,1,65,3,10,3,4,7,9,1,4,9,17,44,2,22,121.5237021,25.0493702
114,09,25,15,14,2,10文山區,文山區木柵路1段與木柵路1段58巷口,0,0,1,1,B02,8,6,5,50,3,1,1,5,4,5,13,2,1,10,5,5,2,16,1,28,3,10,3,4,7,5,1,8,2,5,71,1,22,121.5473351,24.9869347
114,09,25,15,20,2,09北投區,北投區懷德街85號,0,0,1,1,C03,8,7,6,50,14,9,1,5,4,5,13,4,4,7,4,5,2,17,1,67,2,9,3,4,7,9,1,10,1,11,108,1,21,121.5197716,25.1140984
114,09,25,15,20,2,12內湖區,內湖區民權東路6段與民權東路6段203巷口附近,0,0,1,1,B01,8,5,5,50,3,1,1,5,4,5,13,2,1,1,4,4,2,16,1,31,3,10,7,1,7,5,1,4,2,2,80,1,21,121.5953768,25.068602
114,09,25,15,48,2,08士林區,士林區中山北路6段186巷與中山北路6段186巷11弄口,0,0,2,1,C03,8,6,5,30,3,1,1,5,4,5,13,4,4,10,5,5,2,16,2,51,2,8,6,1,7,5,1,10,1,11,74,1,26,121.5260483,25.10756258
114,09,25,15,52,2,05中正區,中正區師大路與汀州路3段口,0,0,2,1,B03,8,7,5,50,5,2,1,5,4,5,13,1,1,1,4,4,2,13,1,34,2,2,7,1,7,12,1,8,1,3,42,1,22,121.5245416,25.0207425
114,09,25,16,06,2,02萬華區,萬華區和平西路3段與康定路口,0,0,1,1,C03,8,5,5,50,4,2,1,5,4,5,13,1,1,9,5,5,2,17,1,63,2,9,5,1,7,7,1,10,1,14,100,1,21,121.5014905,25.0352834
114,09,25,16,15,2,11南港區,南港區松河街與重陽路423巷口口,0,0,1,1,B03,8,6,5,50,3,1,1,5,4,5,13,4,4,5,5,5,2,16,1,57,3,10,3,4,7,12,1,8,1,1,72,1,22,121.6088113,25.0596629
114,09,25,16,21,2,01大同區,大同區哈密街與重慶北路3段口,0,0,1,1,C03,8,6,5,30,4,2,4,5,4,5,13,2,1,8,5,5,2,13,2,62,2,9,6,4,7,9,1,10,1,11,16,1,22,121.5139154,25.07291291
114,09,25,16,34,2,08士林區,士林區東山路25巷81弄99號,0,0,1,1,C03,8,5,5,30,12,9,1,5,4,5,13,4,4,10,5,5,2,17,1,18,2,7,6,1,7,6,1,10,2,12,14,1,21,121.5361427,25.133579
114,09,25,16,38,2,01大同區,大同區酒泉街與迪化街2段口,0,0,2,1,C03,8,6,5,50,3,2,1,5,4,5,13,2,1,9,4,5,2,17,2,59,2,9,6,4,7,5,1,10,1,14,80,1,21,121.5126954,25.0721348
114,09,25,16,40,2,12內湖區,內湖區環山路1段60巷與環山路1段口,0,0,1,1,C03,8,7,5,50,3,2,1,5,4,5,12,4,4,5,4,5,2,17,1,49,2,9,5,1,7,9,1,9,2,12,108,1,21,121.5667176,25.0864414
114,09,25,16,40,2,11南港區,南港區南港路3段與南港路3段256巷口,0,0,1,1,B03,8,7,5,50,3,2,1,5,4,5,13,1,1,7,4,5,2,12,1,64,3,10,3,4,7,11,1,8,1,4,10,1,21,121.5848504,25.0525273
114,09,25,16,52,2,03中山區,中山區大直街62巷與大直街62巷5弄口,0,0,1,1,C03,8,5,5,30,4,1,1,5,4,5,13,4,4,10,5,5,2,13,1,45,2,8,3,4,7,9,1,10,9,14,16,1,21,121.5445425,25.07939227
114,09,25,17,09,2,11南港區,南港區市民大道8段與興中路口口,0,0,1,1,C03,8,5,5,50,14,9,1,5,4,5,13,4,4,5,4,5,2,16,1,22,3,10,3,4,7,11,1,10,1,11,10,1,21,121.6078043,25.052906
114,09,25,17,18,2,10文山區,文山區木新路2段與木新路3段218巷口,0,0,2,1,C03,8,6,5,40,3,1,1,5,4,5,13,4,4,5,5,4,2,17,2,64,2,8,3,4,7,5,1,10,1,14,8,1,22,121.5674275,24.9835065
114,09,25,17,23,2,10文山區,文山區木新路3段與中崙路口,0,0,2,1,C03,8,7,5,30,3,1,1,5,4,5,13,4,4,10,5,5,2,15,1,61,2,9,5,1,7,9,1,10,1,14,72,1,21,121.5648847,24.9826787
114,09,25,17,24,2,01大同區,大同區延平北路1段與甘谷街口,0,0,2,1,C03,8,5,5,50,14,9,1,5,4,5,13,4,4,5,5,5,2,17,2,49,2,9,5,1,7,9,1,10,1,15,108,1,21,121.5118555,25.0521397
114,09,25,17,26,2,03中山區,中山區建國北路1段與南京東路3段口,0,0,1,1,B03,8,7,5,50,4,1,1,5,4,5,13,4,4,10,4,5,2,17,1,25,3,10,7,1,7,6,1,8,1,2,71,1,21,121.5371494,25.05189731
114,09,25,17,30,2,09北投區,北投區石牌路2段與裕民三路口,0,0,2,1,C03,8,5,5,50,3,1,1,5,4,5,13,4,4,1,4,5,2,13,2,43,2,7,6,1,7,9,1,11,1,12,108,1,21,121.515964,25.1161452
114,09,25,17,45,2,08士林區,士林區延平北路7段106巷與延平北路7段106巷口堤外,0,0,1,1,B12,8,5,5,30,3,2,1,5,4,5,13,4,4,10,5,5,1,14,1,24,3,10,7,1,7,2,1,8,1,3,12,1,26,121.4961482,25.10147693
114,09,25,17,49,2,05中正區,中正區羅斯福路2段與杭州南路2段附近口,0,0,2,1,B03,8,5,5,50,5,2,1,5,4,5,13,1,1,1,4,5,1,17,1,76,3,10,7,1,7,9,1,8,2,2,17,1,21,121.5221149,25.0278999
114,09,25,18,00,2,03中山區,中山區建國北路2段與錦州街口,0,0,1,1,C03,8,5,5,50,14,9,1,5,4,5,13,1,1,10,3,5,2,13,1,32,2,8,6,1,7,9,1,10,1,11,44,1,21,121.5383397,25.0602356
114,09,25,18,05,2,05中正區,中正區重慶北路1段與鄭州路口,0,0,1,1,C03,8,5,5,40,14,9,1,5,5,5,13,1,1,1,4,5,2,18,1,33,2,9,6,1,7,9,1,10,1,11,42,1,22,121.5135236,25.0492408
114,09,25,18,08,2,12內湖區,內湖區麗山街與內湖路2段103巷口,0,0,1,1,C03,8,5,5,50,3,1,1,5,4,5,13,3,1,5,5,5,2,13,2,64,2,8,5,1,7,6,1,10,2,11,108,1,21,121.5810995,25.0818747
114,09,25,18,23,2,03中山區,中山區市民大道3段143號,0,0,1,1,C03,8,5,5,40,14,9,1,5,4,5,13,4,4,1,4,5,2,13,2,28,2,9,5,1,7,9,1,10,1,11,16,1,22,121.539205,25.04466733
114,09,25,18,32,2,06松山區,松山區光復北路與民權東路4段口,0,0,1,1,C03,8,5,5,50,4,2,1,5,4,5,13,1,1,5,4,5,2,12,1,48,2,9,5,1,7,7,1,10,1,14,100,1,21,121.554649,25.0616721
114,09,25,18,32,2,08士林區,士林區仰德大道1段與復興橋口,0,0,1,1,C03,7,6,5,50,4,1,1,5,4,5,13,1,1,5,2,5,2,13,2,30,2,9,6,1,7,9,1,10,2,11,16,1,22,121.5376222,25.1007811
114,09,25,18,37,2,07信義區,信義區永吉路127巷與永吉路口,0,0,1,1,B01,8,5,5,50,5,1,1,5,4,5,13,2,1,3,4,5,2,12,1,49,3,10,7,1,7,7,1,4,2,8,100,1,21,121.5703573,25.0456651
114,09,25,18,46,2,05中正區,中正區汀州路2段63號,0,0,1,1,C02,8,5,5,50,14,9,1,5,4,5,13,4,4,9,5,5,2,12,1,57,3,10,6,1,7,4,1,9,1,14,108,1,22,121.5158322,25.0258421
114,09,25,18,54,2,06松山區,松山區八德路2段350號對面,0,0,2,1,C03,8,5,5,50,14,9,1,5,4,5,13,4,4,5,4,5,2,17,1,45,2,8,6,4,7,15,1,10,1,17,101,1,22,121.5454196,25.0479988
114,09,25,19,00,2,03中山區,中山區民族東路113號與濱江街180巷口,0,0,1,1,B03,8,5,5,50,4,2,1,5,4,5,13,2,1,1,4,4,2,13,1,48,3,10,7,1,7,6,1,8,1,6,9,1,21,121.5383662,25.0681204
114,09,25,19,18,2,08士林區,士林區芝玉路1段與芝玉路1段92巷口,0,0,1,1,C03,8,6,5,30,11,9,1,5,4,5,13,4,4,10,5,5,1,13,2,54,2,8,5,1,7,9,1,10,1,11,16,1,21,121.53577,25.1047471
114,09,25,19,22,2,09北投區,北投區中和街與中和街398巷口,0,0,1,1,C03,7,5,5,50,4,1,1,5,4,5,13,3,1,9,5,5,2,13,1,23,2,8,5,1,7,9,1,10,1,11,108,1,21,121.498232,25.1432915
114,09,25,19,36,2,09北投區,北投區立農街2段202巷與立農街2段202巷3弄口口,0,0,2,1,C03,7,5,5,30,4,1,1,5,4,5,13,4,4,10,5,5,2,15,1,19,2,9,5,1,7,9,1,10,1,11,72,1,21,121.5140859,25.1182996
114,09,25,19,45,2,07信義區,信義區松仁路130號,0,0,1,1,C02,8,5,5,50,14,9,1,5,4,5,13,4,4,9,4,5,2,17,1,63,3,10,5,4,7,7,1,9,2,13,100,1,21,121.5682294,25.0335999
114,09,25,21,05,2,01大同區,大同區忠孝西路2段與塔城街口,0,0,1,1,C03,7,5,5,50,4,2,1,5,4,5,13,2,1,1,4,5,2,17,1,52,3,10,3,4,7,15,1,10,1,13,100,1,21,121.5101924,25.0482644
114,09,25,23,24,2,12內湖區,內湖區港墘路與港墘路附近側附近221巷口,0,0,1,1,B03,8,5,5,50,3,1,1,5,4,5,13,4,4,1,3,5,2,16,1,36,3,10,7,1,7,6,1,8,1,2,9,1,21,121.5735967,25.0749918
114,09,26,00,18,2,04大安區,大安區師大路31號,0,0,1,1,C03,7,5,5,50,14,9,1,5,4,5,13,2,1,10,5,5,2,17,2,18,2,9,3,4,7,11,1,10,1,11,17,1,25,121.5284515,25.0251763
114,09,26,04,06,2,04大安區,大安區和平東路3段與基隆路2段口,0,0,1,1,B01,8,5,5,50,4,1,1,5,4,5,13,2,1,10,5,5,2,17,1,62,3,10,3,4,7,6,1,4,1,2,9,1,21,121.5523124,25.0240442
114,09,26,04,25,2,04大安區,大安區基隆路2段與和平東路3段口,0,0,2,1,B03,7,5,5,50,5,1,1,5,4,5,13,1,1,1,3,5,2,17,1,51,3,10,7,1,7,6,1,8,2,3,9,1,21,121.5527813,25.0246874
114,09,26,06,56,2,03中山區,中山區中山北路1段與南京東路口側附近1段口,0,0,2,1,C03,7,7,5,50,4,1,1,5,4,5,13,1,1,5,4,5,2,17,1,21,2,7,3,4,7,6,1,10,1,12,44,1,21,121.5226712,25.0522127
114,09,26,07,10,2,09北投區,北投區大同街與杏林一路口,0,0,1,1,C03,7,6,5,50,3,2,1,5,4,5,13,4,4,5,5,5,2,13,2,71,2,9,5,1,7,9,3,18,1,11,16,1,21,121.4993784,25.1408742
114,09,26,07,43,2,03中山區,中山區松江路與農安街口,0,0,1,1,F02,7,7,5,50,4,2,1,5,4,5,13,1,1,1,4,5,2,18,2,78,2,9,5,1,7,9,8,20,9,14,42,1,21,121.5331267,25.06464779
114,09,26,07,56,2,08士林區,士林區雙溪街與中山北路5段口,0,0,2,1,C03,8,6,5,50,5,1,1,5,4,5,13,3,1,5,5,5,2,16,1,38,2,8,6,1,7,7,1,10,1,14,101,1,21,121.5265617,25.1008101
114,09,26,08,15,2,01大同區,大同區民生西路與南京西路25巷口,0,0,1,1,B03,7,6,5,50,4,2,1,5,4,5,13,1,1,5,4,5,2,12,1,34,3,10,7,1,7,9,1,8,2,2,44,1,21,121.5204735,25.0576043
114,09,26,08,26,2,10文山區,文山區木柵路1段與木柵路1段335巷口,0,0,1,1,B01,8,6,5,0,4,1,1,5,4,5,13,1,1,10,5,5,2,16,1,47,3,10,7,1,7,5,1,4,11,15,8,1,21,121.5578717,24.9887015
114,09,26,08,43,2,05中正區,中正區鎮江街與忠孝東路1段口,0,0,1,1,C03,8,7,5,50,14,9,1,5,4,5,13,4,4,9,4,5,2,17,1,59,3,10,6,1,7,9,1,9,2,11,76,1,21,121.5214827,25.0449003
114,09,26,08,45,2,10文山區,文山區秀明路1段與秀明路1段79巷1弄口,0,0,1,1,C03,8,6,5,50,4,1,1,4,4,5,13,1,1,10,5,5,2,16,2,28,3,10,6,1,7,9,1,10,1,11,81,1,21,121.5649224,24.9897869
114,09,26,08,53,2,08士林區,士林區中山北路7段141巷42停車格,0,0,1,1,B03,7,6,5,50,14,9,1,5,4,5,13,4,4,5,5,5,2,12,2,68,3,10,7,1,7,1,1,8,1,8,19,1,21,121.5304209,25.1246458
114,09,26,09,07,2,12內湖區,內湖區潭美街與安美街口,0,0,2,1,C03,6,5,5,40,14,9,1,4,4,5,13,2,1,5,5,5,1,13,2,28,2,9,6,1,7,9,1,10,1,14,42,1,21,121.5972448,25.0604416
114,09,26,09,40,2,05中正區,中正區徐州路2號,0,0,1,1,C03,7,6,5,40,14,9,1,5,4,5,13,4,4,9,4,5,2,17,2,41,3,10,6,1,7,11,1,10,2,17,103,1,22,121.5206473,25.0413871
114,09,26,09,45,2,12內湖區,內湖區文德路277號與成功路3段口,0,0,1,1,B03,6,6,5,50,3,2,1,4,4,5,13,1,1,1,4,4,1,17,1,61,3,10,7,1,7,15,1,8,1,4,17,1,21,121.5891807,25.0791666
114,09,26,09,55,2,05中正區,中正區林森南路與忠孝東路1段口,0,0,2,1,B02,6,7,5,50,4,1,1,4,4,5,13,2,1,5,4,5,2,16,1,57,2,5,7,1,7,6,1,8,2,6,9,1,21,121.5234007,25.0447316
114,09,26,09,55,2,05中正區,中正區林森南路與徐州路口,0,0,2,1,C03,8,7,5,50,4,1,1,5,4,5,13,1,1,5,4,5,2,13,2,69,2,9,5,1,7,12,3,18,9,13,44,1,21,121.5222695,25.0411897
114,09,26,09,56,2,03中山區,中山區民生東路1段與新生北路口側附近2段口,0,0,1,1,B03,7,7,5,50,4,1,1,5,4,5,13,1,1,1,4,5,2,17,2,36,3,10,3,4,7,5,1,15,1,8,44,1,21,121.5274563,25.0579956
114,09,26,10,03,2,11南港區,南港區松河街與重陽路203巷口,0,0,1,1,B03,6,7,5,50,3,1,1,4,4,5,13,4,4,5,5,5,2,17,1,53,3,10,7,1,7,5,1,8,2,17,72,1,21,121.6002674,25.0582937
114,09,26,10,08,2,10文山區,文山區木新路2段與木新路2段79巷口,0,0,1,1,B03,7,6,5,50,3,1,1,4,4,5,13,4,4,10,5,5,2,16,1,58,3,10,7,1,7,5,1,8,1,6,74,1,21,121.570466,24.9851579
114,09,26,10,27,2,08士林區,士林區忠義街與忠義街111巷口,0,0,2,1,B02,6,6,5,40,4,2,1,4,4,5,13,4,4,9,4,5,1,13,1,28,3,10,7,1,7,9,1,8,2,1,108,1,21,121.5325915,25.10734345
114,09,26,10,47,2,08士林區,士林區延平北路6段與倫等街口,0,0,1,1,B03,6,6,5,50,3,1,1,4,4,5,13,1,1,2,4,5,2,13,1,34,2,9,3,4,7,9,1,8,2,1,108,1,21,121.5005242,25.0912692
114,09,26,10,51,2,04大安區,大安區信義路2段與新生南路2段口,0,0,1,1,B03,7,6,5,50,4,1,1,5,4,5,13,2,1,1,3,5,2,16,2,62,3,10,7,1,7,6,1,8,2,6,9,1,21,121.5326287,25.0334935
114,09,26,10,55,2,12內湖區,內湖區民權東路6段180巷與民權東路6段180巷72弄口口,0,0,1,1,B12,7,6,5,30,3,1,1,4,4,5,13,4,4,9,5,5,2,16,1,24,3,10,7,1,7,6,1,8,2,2,9,1,21,121.5925719,25.066078
114,09,26,10,57,2,09北投區,北投區文林北路296號對面,0,0,1,1,A02,6,6,5,50,14,7,1,4,4,5,13,4,4,1,4,4,2,12,1,54,3,10,7,1,7,1,1,2,2,17,19,1,21,121.5124804,25.1094635
114,09,26,11,04,2,08士林區,士林區格致路與光華路口,0,0,1,1,B03,6,6,5,40,3,2,1,4,4,5,13,4,4,9,2,5,1,16,1,28,3,10,7,1,7,6,1,8,1,2,9,1,21,121.5464621,25.13731409
114,09,26,11,07,2,05中正區,中正區基隆路4段與羅斯福路4段口口,0,0,2,1,C03,8,6,5,50,5,1,1,5,4,5,13,1,1,1,4,5,1,17,1,25,4,11,3,4,7,21,7,19,11,15,118,2,22,121.5365472,25.011339
114,09,26,11,15,2,04大安區,大安區忠孝東路3段與復興南路1段口,0,0,1,1,B03,8,6,5,50,4,2,1,5,4,5,13,2,1,1,4,5,2,17,1,50,3,10,3,4,7,6,1,8,1,8,9,1,21,121.5435359,25.0416533
114,09,26,11,30,2,07信義區,信義區市民大道5段與光復南路口,0,0,1,1,B03,8,6,5,40,5,2,1,5,4,5,13,1,1,1,4,5,2,23,1,64,2,1,3,4,7,9,1,8,2,5,108,1,22,121.5579185,25.0451419
114,09,26,11,31,2,07信義區,信義區莊敬路與莊敬路239巷口,0,0,2,1,C03,8,6,5,50,4,1,1,5,4,5,13,1,1,5,4,5,2,17,1,40,2,9,6,1,7,11,1,10,1,14,10,1,21,121.5626905,25.0299868
114,09,26,11,36,2,05中正區,中正區南海路與牯嶺街口,0,0,1,1,B03,8,7,5,30,4,1,4,5,4,5,13,1,1,1,5,5,2,17,1,63,3,10,7,1,7,5,1,8,1,8,71,1,22,121.5150706,25.0320262
114,09,26,12,06,2,12內湖區,內湖區新明路與新明路174巷口,0,0,2,1,B03,8,6,6,50,3,2,1,5,4,5,13,1,1,5,4,5,1,17,2,60,2,3,7,1,7,5,1,8,1,5,8,1,21,121.585472,25.0573558
114,09,26,12,06,2,07信義區,信義區吳興街269巷與莊敬路口,0,0,1,1,C03,8,6,5,30,3,1,1,5,4,5,13,4,4,9,4,5,2,16,1,34,3,10,3,4,7,5,1,10,2,11,72,1,21,121.5650758,25.0275827
114,09,26,12,10,2,04大安區,大安區復興南路2段82號,0,0,2,1,C03,8,6,5,50,14,9,1,5,4,5,13,4,4,1,4,5,2,17,1,56,2,8,3,4,7,9,1,10,1,11,16,1,21,121.5434595,25.0308931
114,09,26,12,17,2,09北投區,北投區公館路3號,0,0,2,1,C03,8,5,5,50,14,9,1,5,4,5,13,4,4,9,4,5,1,3,1,70,2,9,6,1,7,9,7,19,2,11,108,1,21,121.5024623,25.1333372
114,09,26,12,43,2,01大同區,大同區民權西路與延平北路3段口,0,0,1,1,B01,8,7,5,50,4,1,1,5,4,5,13,2,1,1,5,5,2,17,1,61,3,10,7,1,7,5,1,8,1,17,8,1,22,121.5111057,25.0630091
114,09,26,12,44,2,03中山區,中山區合江街69號,0,0,1,1,B03,8,7,5,50,14,9,1,5,4,5,13,4,4,7,5,5,2,2,1,79,3,10,3,4,7,9,1,8,9,1,108,1,21,121.5392179,25.05825393
114,09,26,12,52,2,03中山區,中山區中山北路2段92號,0,0,1,1,C04,8,7,5,50,14,9,1,5,4,5,13,4,4,1,4,5,2,12,1,19,2,9,5,1,7,7,1,10,1,14,100,1,21,121.5228603,25.0590321
114,09,26,12,58,2,08士林區,士林區百齡橋西往東引道口,0,0,3,1,C02,8,5,5,50,8,9,1,5,4,5,13,4,4,1,4,5,2,17,1,41,2,9,3,4,7,9,1,9,1,11,44,1,22,121.5209421,25.1205233
114,09,26,13,05,2,03中山區,中山區新生北路1段與長安東路1段口,0,0,1,1,,8,5,5,50,4,1,1,5,4,5,13,2,1,1,4,5,2,17,4,0,4,11,3,4,7,21,7,19,11,15,119,2,22,121.522221,25.04934663
114,09,26,13,26,2,04大安區,大安區基隆路2段與和平東路3段口,0,0,1,1,B02,7,7,5,50,5,1,1,5,4,5,13,2,1,1,4,5,1,17,1,59,3,10,7,1,7,6,1,8,1,2,9,1,21,121.5526387,25.0245672
114,09,26,15,38,2,02萬華區,萬華區環河南路2段與長順街口,0,0,1,1,B03,8,7,5,50,4,2,1,5,4,5,13,1,1,1,5,5,2,17,1,32,3,10,7,1,7,8,1,8,1,5,100,1,21,121.4906857,25.0311919
114,09,26,15,46,2,09北投區,北投區西安街1段313巷與西安街1段313巷16弄口,0,0,1,1,C04,8,5,5,30,4,1,1,5,4,5,13,4,4,10,4,5,1,17,2,65,2,7,6,1,7,9,1,10,1,12,75,1,21,121.5155864,25.1125821
114,09,26,16,02,2,02萬華區,萬華區萬大路與萬大路329巷口,0,0,1,1,A02,8,7,5,30,4,2,1,5,4,5,13,2,1,1,5,5,2,9,1,40,3,10,3,4,7,1,1,1,9,17,44,1,22,121.5002005,25.02398657
114,09,26,16,07,2,03中山區,中山區敬業四路與北安路口,0,0,1,1,B12,7,6,5,50,4,18,1,5,4,5,13,2,1,1,5,5,1,2,1,50,3,10,3,4,7,5,1,8,2,1,70,1,21,121.5583397,25.08484509
114,09,26,16,30,2,03中山區,中山區南京東路1段與林森北路口,0,0,1,1,B03,7,6,5,50,14,9,1,5,4,5,13,2,1,1,5,5,1,17,1,43,3,10,3,4,7,14,1,2,11,3,44,1,21,121.52547,25.05218733
114,09,26,16,30,2,06松山區,(塔悠路213號旁),0,0,1,1,B12,7,6,5,50,3,1,1,5,4,5,13,4,4,1,3,5,2,12,1,51,3,10,7,1,7,15,1,8,1,2,9,1,22,121.5692025,25.0588851
114,09,26,16,30,2,09北投區,北投區西安街2段No.1202033燈桿,0,0,1,1,C03,8,7,5,50,14,9,1,5,4,5,13,4,4,10,5,5,2,12,2,18,3,10,6,1,7,9,3,18,1,12,108,1,22,121.5139362,25.1163792
114,09,26,16,37,2,01大同區,大同區延平北路3段與民權西路口,0,0,1,1,B01,8,6,5,50,4,2,1,5,4,5,13,2,1,1,4,5,2,13,1,57,3,10,3,4,7,12,1,4,1,3,97,1,21,121.5108778,25.0630559
114,09,26,17,10,2,12內湖區,內湖區成功路2段與成功路2段426巷口口,0,0,1,1,B03,8,6,5,50,4,2,1,5,4,5,13,2,1,1,2,5,2,13,1,49,3,10,7,1,7,8,1,8,1,8,100,1,21,121.5896594,25.0718582
114,09,26,17,17,2,05中正區,中正區仁愛路2段與金山南路1段口,0,0,1,1,C03,8,7,5,50,4,1,1,5,4,5,13,2,1,1,4,1,2,16,1,66,2,9,6,1,7,5,1,10,1,14,8,1,21,121.5281876,25.0381346
114,09,26,17,33,2,02萬華區,萬華區堤外便道DSR222,0,0,1,1,C03,8,7,5,40,14,9,1,5,4,5,13,4,4,10,5,5,2,17,1,62,3,10,5,1,7,5,1,10,1,14,8,1,21,121.4912272,25.0364346
114,09,26,17,45,2,08士林區,士林區承德路5段雙溪橋,0,0,1,1,C03,8,5,5,40,14,9,1,5,4,5,13,4,4,1,3,4,1,13,2,24,2,8,6,1,7,9,1,10,1,11,16,1,21,121.5134059,25.0980139
114,09,26,17,46,2,09北投區,北投區北投路1段47號南往北方向,0,0,1,1,C03,8,5,5,50,14,9,1,5,4,5,13,4,4,9,4,5,2,13,1,53,3,10,6,1,7,9,1,10,1,11,108,1,21,121.5010455,25.1248655
114,09,26,18,04,2,12內湖區,內湖區瑞光路與陽光街口,0,0,1,1,B03,8,5,5,50,4,1,1,5,4,5,13,2,1,5,4,5,2,13,1,48,3,10,7,1,7,6,1,8,1,5,108,1,21,121.57913,25.0736914
114,09,26,18,32,2,06松山區,松山區敦化北路與長春路口,0,0,1,1,C03,7,5,5,50,4,2,1,5,4,5,13,2,1,1,3,4,2,12,1,19,3,10,6,1,7,15,1,10,1,17,100,1,22,121.5487488,25.0546017
114,09,26,18,39,2,02萬華區,萬華區環河南路1段與內江街口,0,0,1,1,C03,7,5,5,40,5,2,1,5,4,5,13,1,1,8,4,5,2,16,1,52,3,10,5,1,7,11,1,10,1,11,10,1,21,121.5001817,25.0420224
114,09,26,18,39,2,08士林區,士林區中山北路4段劍潭公車站,0,0,1,1,C03,8,5,5,50,14,9,1,5,4,5,13,4,4,3,4,5,2,17,1,40,2,9,6,1,7,8,1,10,1,11,100,1,26,121.5250228,25.08200923
114,09,26,18,42,2,08士林區,士林區至善路1段與福林路254巷口,0,0,2,1,C03,8,6,5,50,3,2,1,5,4,5,13,2,1,1,4,4,1,13,1,38,2,9,5,1,7,9,1,10,2,11,108,1,21,121.5378472,25.0981258
114,09,26,18,55,2,08士林區,士林區承德路4段與福港街口,0,0,1,1,B03,8,5,5,50,4,1,1,5,4,5,13,2,1,5,4,5,2,17,2,25,3,10,3,4,7,5,1,8,1,1,8,1,22,121.518787,25.08986656
114,09,26,19,00,2,03中山區,中山區長安東路2段與吉林路口,0,0,2,1,C03,8,5,5,50,14,9,1,5,4,5,13,1,1,4,3,5,2,16,2,20,2,8,6,1,7,5,1,10,2,11,98,1,21,121.5299902,25.0485647
114,09,26,19,00,2,05中正區,中正區濟南路1段與紹興南街口,0,0,2,1,C03,8,5,5,50,4,1,1,5,4,5,13,2,1,5,4,4,2,16,2,48,2,7,5,1,7,5,1,10,2,11,71,1,22,121.5243952,25.04200972
114,09,26,19,00,2,12內湖區,內湖區安康路32巷與潭美街口口,0,0,2,1,C03,8,5,5,40,14,9,1,5,4,5,13,4,4,5,5,5,2,17,2,33,2,9,6,1,7,9,1,10,1,17,42,1,21,121.5947231,25.0610451
114,09,26,19,20,2,10文山區,文山區保儀路13巷與集英街口,0,0,1,1,C03,8,5,5,30,4,1,2,5,4,5,13,4,4,10,5,5,2,17,1,63,2,7,5,4,7,9,1,10,2,12,75,1,21,121.5694058,24.9884399
114,09,26,20,29,2,08士林區,士林區中正路115號,0,0,1,1,B03,8,5,5,50,14,9,1,5,4,5,13,4,4,5,4,5,2,12,2,76,2,2,7,1,7,1,1,8,1,8,19,1,21,121.5286791,25.0958699
114,09,26,20,47,2,01大同區,大同區承德路3段與承德路3段122巷口,0,0,1,1,B03,7,5,5,50,4,1,1,5,4,5,13,2,1,1,4,5,2,17,2,40,3,10,7,4,7,6,1,8,1,5,9,1,21,121.5180799,25.0669329