發生年度,發生月,發生日,發生時-Hours,發生分,處理別-編號,區序,肇事地點,死亡人數,2-30日死亡人數,受傷人數,當事人序號,車種,天候,光線,道路類別,速限-速度限制,道路型態,事故位置,路面狀況1,路面狀況2,路面狀況3,道路障礙1,道路障礙2,號誌1,號誌2,車道劃分-分向,車道劃分-分道1,車道劃分-分道2,車道劃分-分道3,事故類型及型態,性別,年齡,受傷程度,主要傷處,保護裝置,行動電話,車輛用途,當事者行動狀態,駕駛資格情形,駕駛執照種類,飲酒情形,車輛撞擊部位1,肇因碼-個別,個人肇逃否,職業,座標-X,座標-Y
114,10,02,09,58,2,06松山區,松山區敦化北路與八德路3段口,0,0,1,1,C03,8,6,5,30,4,2,1,5,4,5,13,2,1,9,4,4,2,17,2,64,2,7,6,1,7,7,1,10,1,14,101,1,22,121.5487146,25.0482836
114,10,02,10,15,2,12內湖區,內湖區內湖路2段與成功路4段30巷口,0,0,2,1,C04,8,6,5,50,3,1,1,5,4,5,13,4,4,5,5,5,2,3,2,81,2,8,5,1,7,9,3,18,1,11,70,1,21,121.5908609,25.0824075
114,10,02,10,28,2,05中正區,中正區愛國東路與中山南路口,0,0,1,1,B12,8,6,5,50,4,1,1,5,4,5,13,2,1,1,4,5,2,13,1,43,3,10,7,1,7,9,1,8,1,1,108,1,22,121.5167901,25.03489815
114,10,02,10,48,2,08士林區,士林區格致路與凱旋路口,0,0,1,1,C03,8,6,5,40,4,2,1,5,4,5,13,2,1,5,2,5,1,11,1,24,2,9,5,1,7,5,1,10,2,12,74,1,21,121.5463089,25.1366851
114,10,02,11,00,2,12內湖區,內湖區民權東路6段191巷20弄與民權東路6段191巷口,0,0,1,1,B01,8,6,5,40,3,1,1,5,4,5,13,4,4,5,5,5,2,17,1,57,3,10,7,1,7,5,1,4,2,1,42,1,21,121.597923,25.0681921
114,10,02,11,46,2,08士林區,士林區志成街與志成街22巷口,0,0,3,1,C03,8,6,5,30,4,1,1,5,4,5,13,4,4,10,5,5,1,15,1,44,2,8,5,1,7,9,1,10,2,12,72,1,21,121.5301387,25.0968296
114,10,02,11,46,2,10文山區,文山區羅斯福路6段與羅斯福路6段401巷口口,0,0,1,1,C03,8,6,5,50,4,1,1,5,4,5,13,2,1,1,4,5,2,13,1,27,2,9,6,1,7,9,1,10,1,11,16,1,21,121.5405085,24.9920832
114,10,02,11,53,2,02萬華區,萬華區萬大路412號,0,0,1,1,C03,8,7,5,50,14,9,1,5,4,5,13,4,4,9,5,5,2,17,1,77,2,8,5,1,7,15,1,10,1,14,100,1,21,121.4984327,25.0213428
114,10,02,11,57,2,04大安區,大安區辛亥路2段西往東（台大後門前）,0,0,2,1,C03,8,5,5,40,14,9,1,5,4,5,13,4,4,10,5,5,2,13,1,23,2,9,3,4,7,9,1,10,1,13,108,1,21,121.5427622,25.0210399
114,10,02,12,09,2,06松山區,松山區八德路3段158巷與八德路3段158巷7弄口口,0,0,1,1,C03,8,7,5,30,4,1,1,5,4,5,13,4,4,10,5,5,2,15,2,63,2,8,6,1,7,9,1,10,1,12,72,1,21,121.5551664,25.0473244
114,10,02,12,24,2,04大安區,大安區忠孝東路3段239號,0,0,2,1,C04,8,6,5,50,14,9,1,5,4,5,13,4,4,3,5,5,2,13,2,19,2,9,6,4,7,9,1,10,1,11,16,1,21,121.5408789,25.0417361
114,10,02,12,38,2,04大安區,大安區忠孝東路4段與仁愛路4段71巷口,0,0,1,1,B01,8,6,5,50,3,1,1,5,4,3,13,2,1,1,4,5,2,17,1,54,3,10,3,4,7,6,1,4,1,17,71,1,22,121.5474117,25.041349
114,10,02,13,00,2,03中山區,中山區樂群一路與基湖路口,0,0,1,1,B03,8,5,5,50,4,1,1,5,4,5,13,1,1,9,4,5,2,16,1,49,3,10,3,4,7,6,1,8,2,3,9,1,21,121.5633019,25.07717622
114,10,02,13,03,2,01大同區,大同區重慶北路3段331號,0,0,1,1,B01,8,7,5,50,14,9,1,5,4,5,13,4,4,1,4,5,2,17,1,60,3,10,3,4,7,7,1,4,1,8,100,1,21,121.5138661,25.0744626
114,10,02,13,06,2,03中山區,中山區樂群三路301號,0,0,1,1,B03,8,7,5,50,14,9,1,5,4,5,13,4,4,9,4,5,2,17,2,22,3,10,7,1,7,6,1,8,1,2,9,1,21,121.560122,25.0827702
114,10,02,13,48,2,04大安區,大安區新生南路3段與辛亥路1段口,0,0,1,1,B03,8,5,5,50,4,2,1,5,4,5,13,2,1,10,5,5,2,17,1,64,3,10,3,4,7,6,1,8,1,5,9,1,21,121.5342985,25.0226448
114,10,02,13,52,2,12內湖區,內湖區潭美街與成功橋口下,0,0,1,1,B03,8,6,5,40,3,1,1,5,4,5,13,2,1,5,5,5,2,17,1,58,3,10,7,1,7,6,1,8,1,5,9,1,21,121.5916559,25.060125
114,10,02,13,53,2,01大同區,大同區延平北路1段與甘谷街口,0,0,1,1,B03,8,5,5,50,4,1,1,5,4,5,13,4,4,5,5,5,2,16,2,32,3,10,7,1,7,5,1,8,1,4,44,1,21,121.5118362,25.0527448
114,10,02,14,04,2,06松山區,松山區復興南路1段39號(市民大道四段側),0,0,1,1,B03,8,7,5,40,14,9,1,5,4,5,13,4,4,1,4,5,2,16,1,25,3,10,7,1,7,6,1,8,1,2,9,1,21,121.5451316,25.0451275
114,10,02,14,15,2,07信義區,信義區松隆路327號,0,0,1,1,A04,8,5,5,50,14,9,1,5,4,5,13,4,4,9,4,5,2,9,1,39,3,10,7,1,7,1,1,2,2,17,42,1,21,121.5786896,25.0481543
114,10,02,14,40,2,07信義區,信義區永吉路180巷與虎林街120巷口,0,0,1,1,C03,8,7,5,30,4,1,1,5,4,5,13,4,4,10,5,5,2,15,1,35,2,9,6,1,7,9,1,10,1,12,72,1,22,121.5713902,25.0422581
114,10,02,14,59,2,01大同區,大同區延平北路1段41號,0,0,1,1,B12,8,6,5,50,14,9,1,5,4,5,13,4,4,5,2,5,2,17,1,23,3,10,7,4,7,11,1,8,1,7,10,1,21,121.5121413,25.0511046
114,10,02,15,01,2,10文山區,文山區萬和街1號,0,0,1,1,C03,8,5,5,40,14,9,1,5,4,5,13,4,4,9,5,5,2,13,1,22,3,10,6,1,7,9,1,10,1,11,42,1,22,121.567168,25.001659
114,10,02,15,07,2,09北投區,北投區尊賢街與尊賢街239巷口,0,0,2,1,C03,8,7,5,30,4,1,1,5,4,5,13,4,4,10,5,5,2,16,2,26,2,9,5,1,7,5,1,10,1,14,8,1,21,121.5076388,25.1161641
114,10,02,15,18,2,04大安區,大安區羅斯福路4段與新生南路3段口,0,0,2,1,C03,8,6,5,50,4,3,1,5,4,5,13,2,1,1,4,4,1,13,1,23,2,9,3,4,7,9,1,10,1,11,108,1,22,121.532957,25.0162161
114,10,02,15,29,2,01大同區,大同區環河北路2段與環河北路2段161巷口,0,0,1,1,C03,8,6,5,50,3,2,1,5,4,5,13,4,4,1,4,5,2,17,1,50,3,10,6,4,7,15,1,10,1,17,42,1,22,121.5091157,25.0677801
114,10,02,15,30,2,12內湖區,內湖區內湖路1段88號,0,0,2,1,B03,8,6,5,50,14,7,1,5,4,5,13,4,4,1,4,4,2,17,1,46,3,10,7,1,7,9,1,8,1,1,108,1,21,121.5630678,25.0834358
114,10,02,15,44,2,07信義區,信義區基隆路1段與松隆路口,0,0,2,1,C03,8,7,5,50,3,2,1,5,4,5,13,2,1,1,2,5,2,17,1,20,2,9,6,1,7,9,1,10,2,11,108,1,22,121.5657824,25.0431099
114,10,02,15,54,2,08士林區,士林區德行東路109巷63弄與中山北路6段290巷7弄口,0,0,1,1,F03,8,7,5,30,4,1,1,5,4,5,13,4,4,10,5,5,1,17,1,80,2,7,6,1,7,9,8,20,1,11,72,1,21,121.5275357,25.10964623
114,10,02,16,03,2,05中正區,中正區臨沂街與臨沂街69巷口,0,0,1,1,G06,8,7,5,30,4,1,1,5,4,5,13,4,4,10,5,5,2,15,2,58,2,9,6,1,7,9,8,20,1,16,72,1,26,121.528203,25.0358055
114,10,02,16,14,2,02萬華區,萬華區中華路1段與長沙街2段口,0,0,1,1,C04,8,7,5,50,4,1,1,5,4,5,13,1,1,1,4,1,2,15,1,72,2,9,5,1,7,9,1,4,1,11,44,1,21,121.5077851,25.040548
114,10,02,16,30,2,04大安區,大安區建國高架道(往南)第196號燈桿,0,0,2,1,B12,8,7,5,40,10,16,1,5,4,5,13,2,1,1,4,5,1,13,1,41,2,8,3,4,7,9,1,8,1,1,107,1,21,121.5376158,25.0234071
114,10,02,16,48,2,12內湖區,內湖區康寧路3段99巷與康寧路3段99巷12弄口,0,0,1,1,C03,8,6,5,30,3,1,1,5,4,5,13,4,4,10,5,5,2,15,1,46,3,10,5,1,7,9,1,10,1,11,72,1,21,121.6106699,25.0726953
114,10,02,17,05,2,08士林區,士林區中山北路5段與福國路口,0,0,1,1,C03,8,6,5,50,3,2,1,5,4,5,13,1,1,3,2,5,2,17,2,33,2,9,6,1,7,14,1,10,1,12,116,1,26,121.5256164,25.10246898
114,10,02,17,17,2,11南港區,南港區研究院路2段與研究院路2段102巷口口,0,0,1,1,B03,8,6,5,50,4,1,1,5,4,5,13,2,1,1,4,5,2,15,1,58,3,10,7,1,7,9,1,8,1,2,81,1,21,121.6162978,25.0438419
114,10,02,17,21,2,08士林區,士林區至誠路2段與至誠路2段60巷口,0,0,1,1,B03,8,5,5,50,3,2,1,5,4,5,13,4,4,5,5,5,2,16,1,33,3,10,7,1,7,5,1,8,1,1,74,1,21,121.5284099,25.10167776
114,10,02,17,21,2,11南港區,南港區忠孝東路6段與東新街口,0,0,2,1,F01,8,6,5,50,4,1,1,5,4,5,13,2,1,1,4,5,2,15,2,82,2,9,4,1,7,9,8,20,1,11,81,1,22,121.5849945,25.0481753
114,10,02,17,24,2,05中正區,中正區林森南路地下道入口,0,0,1,1,C03,8,6,5,50,14,9,1,5,4,5,13,4,4,5,4,5,2,13,2,23,2,9,5,2,7,9,1,10,2,11,111,1,22,121.5214901,25.03845803
114,10,02,17,26,2,09北投區,北投區大度路3段296巷15號前,0,0,1,1,C03,8,6,5,30,14,9,1,5,4,5,13,4,4,10,5,5,2,12,2,23,3,10,5,1,7,11,1,10,1,11,10,1,21,121.4665601,25.1237627
114,10,02,17,36,2,04大安區,大安區基隆路4段156號,0,0,1,1,B02,8,5,5,50,14,9,1,5,4,5,13,4,4,1,4,5,2,12,2,54,3,10,3,4,7,9,1,8,11,2,44,2,21,121.5376401,25.01169111
114,10,02,17,37,2,10文山區,文山區羅斯福路5段97巷與羅斯福路5段97巷口,0,0,1,1,B03,8,6,5,30,3,1,1,5,4,5,13,4,4,10,5,5,2,15,1,68,3,10,7,1,7,9,1,8,1,8,42,1,21,121.5398967,25.0053869
114,10,02,17,39,2,03中山區,中山區中山北路1段與南京東路1段口,0,0,2,1,C03,8,5,5,50,4,1,1,5,4,5,13,1,1,1,4,1,2,12,2,18,2,9,5,4,7,6,1,10,1,13,9,1,21,121.5233736,25.0519242
114,10,02,17,42,2,03中山區,中山區中山北路4段0105014燈桿旁,0,0,1,1,C03,7,7,5,50,11,16,5,5,4,5,13,4,4,10,5,5,2,17,1,69,3,10,5,1,7,9,1,10,1,12,108,1,21,121.5261042,25.07458647
114,10,02,18,00,2,12內湖區,內湖區南京東路6段與南京東路6段口機車引道,0,0,1,1,B03,8,5,5,30,4,1,1,5,4,4,9,1,1,10,4,5,1,12,2,24,3,10,7,1,7,9,1,8,1,4,17,1,21,121.5769556,25.0543018
114,10,02,18,02,2,03中山區,中山區北安路與北安路595巷口,0,0,1,1,C03,7,5,5,50,4,1,1,5,4,5,13,1,1,1,4,5,2,13,1,32,2,9,3,4,7,9,1,10,1,11,14,1,21,121.5492489,25.08210464
114,10,02,18,08,2,10文山區,文山區指南路3段22巷與指南路3段14巷口口,0,0,1,1,B03,8,5,5,30,3,1,1,5,4,5,13,4,4,10,5,5,2,2,1,81,3,10,7,1,7,6,1,8,2,8,108,1,21,121.5788719,24.984084
114,10,02,18,10,2,05中正區,中正區濟南路2段與齊東街口,0,0,1,1,B03,8,5,5,50,3,1,1,5,4,5,13,4,4,8,4,5,2,17,2,74,3,10,7,1,7,9,1,8,1,5,118,1,21,121.5267969,25.0413999
114,10,02,18,11,2,07信義區,信義區永吉路與永吉路127巷口,0,0,2,1,C03,8,5,5,30,4,1,1,5,4,5,13,1,1,10,5,5,2,16,1,57,2,9,5,4,7,5,1,10,2,14,8,1,21,121.5703502,25.0457023
114,10,02,18,12,2,03中山區,中山區建國北路1段與長安東路2段口,0,0,2,1,C03,8,5,5,50,4,1,1,5,4,5,13,2,1,1,4,1,2,17,1,33,2,7,5,1,7,8,1,10,1,11,100,1,21,121.5379451,25.0483096
114,10,02,18,17,2,07信義區,信義區逸仙路50巷與逸仙路口,0,0,1,1,B03,8,5,5,30,3,1,1,5,4,5,13,4,4,9,4,5,2,17,1,46,3,10,7,1,7,5,1,8,1,1,72,1,22,121.561589,25.0406404
114,10,02,18,19,2,06松山區,松山區復興北路363號,0,0,2,1,C03,8,5,5,50,14,9,1,5,4,5,13,4,4,1,4,5,2,13,1,38,2,9,6,4,7,9,1,10,1,11,108,1,21,121.5443196,25.0606804
114,10,02,18,22,2,08士林區,士林區福華路與福華路164巷口,0,0,2,1,C03,8,5,5,50,3,2,1,5,4,5,13,4,4,10,4,5,2,13,1,69,2,9,3,4,7,9,1,10,2,11,16,1,21,121.5224182,25.10459619
114,10,02,18,23,2,07信義區,信義區信義路5段16號,0,0,2,1,F01,8,5,8,0,14,20,4,5,4,4,12,4,4,10,5,5,2,6,2,24,2,9,4,1,7,9,8,20,1,11,70,1,21,121.5632964,25.0327614
114,10,02,18,45,2,09北投區,北投區立功街北投立功場停車場,0,0,1,1,B03,8,5,5,30,3,2,1,5,4,5,13,4,4,10,5,5,2,17,1,43,3,10,3,4,7,1,1,8,1,1,19,1,26,121.4691539,25.1250882
114,10,02,18,46,2,01大同區,大同區忠孝橋機慢車道,0,0,2,1,C03,7,5,5,40,8,11,1,5,4,5,13,4,4,10,5,5,2,17,1,28,3,10,6,1,7,9,1,10,9,11,16,2,22,121.504588,25.04992
114,10,02,18,50,2,08士林區,士林區通河東街2段與無名巷口,0,0,1,1,B03,8,5,5,30,3,2,1,5,4,5,13,4,4,10,5,5,2,17,1,25,3,10,7,1,7,5,1,8,1,4,8,1,26,121.514863,25.0918784
114,10,02,18,58,2,06松山區,松山區民生東路3段126號,0,0,1,1,C03,7,5,5,50,14,9,1,5,4,5,13,4,4,1,4,5,2,17,1,29,2,9,6,1,7,8,1,10,1,14,100,1,21,121.5456026,25.0576977
114,10,02,19,11,2,04大安區,大安區羅斯福路3段125號,0,0,1,1,C03,8,5,5,50,14,9,1,5,4,5,13,4,4,10,5,5,2,13,1,52,2,9,3,4,7,9,1,10,1,11,42,1,21,121.5275081,25.0214289
114,10,02,19,19,2,04大安區,大安區敦化南路1段與仁愛路4段口,0,0,1,1,C03,8,5,5,50,5,1,1,5,4,5,13,2,1,1,4,5,2,17,2,25,2,9,3,4,7,6,1,10,1,14,9,1,21,121.5486054,25.0368897
114,10,02,19,35,2,05中正區,中正區中華路1段與酉陽街口,0,0,3,1,C03,7,5,5,50,3,2,1,5,4,5,13,4,4,1,4,1,2,16,1,18,2,9,6,1,7,6,1,10,2,12,9,1,25,121.509037,25.04378115
114,10,02,19,38,2,07信義區,信義區基隆路1段與忠孝東路5段口,0,0,2,1,C03,8,5,5,50,4,2,1,5,4,5,13,2,1,1,4,1,2,17,1,32,2,9,6,1,7,9,1,10,1,14,116,1,22,121.5644177,25.0408173
114,10,02,19,41,2,12內湖區,內湖區南京東路6段與新明路380巷口口,0,0,2,1,C03,8,5,5,50,3,2,1,5,4,5,13,4,4,1,4,5,2,13,2,54,2,9,5,1,7,9,1,10,1,11,108,1,21,121.579884,25.0558845
114,10,02,20,04,2,03中山區,中山區敬業二路與樂群三路口,0,0,2,1,C03,8,5,5,50,4,1,1,5,4,5,13,1,1,9,5,5,2,17,2,64,3,10,6,1,7,5,1,10,1,11,8,1,21,121.5545569,25.08255728
114,10,02,20,10,2,08士林區,士林區百齡橋,0,0,1,1,B03,8,5,5,50,14,9,1,5,4,5,13,4,4,10,3,5,1,12,1,43,3,10,3,4,7,8,1,8,1,4,44,1,22,121.5151611,25.090326
114,10,02,20,27,2,07信義區,信義區莊敬路169號,0,0,1,1,A02,8,5,5,50,14,9,1,5,4,5,13,4,4,5,4,5,2,9,1,30,3,10,7,1,7,1,1,2,9,17,44,1,21,121.5613314,25.0317747
114,10,02,20,37,2,06松山區,松山區民權東路4段81號停車格旁,0,0,2,1,C03,8,5,5,40,14,8,1,5,4,5,13,4,4,1,3,4,2,13,1,48,2,3,5,1,7,9,1,10,1,11,108,1,21,121.5626035,25.0628797
114,10,02,22,04,2,03中山區,中山區吉林路與南京東路2段口,0,0,2,1,C03,8,5,5,50,4,2,1,5,4,5,13,1,1,9,4,5,2,17,2,32,2,7,6,1,7,6,1,10,1,11,9,1,21,121.5304653,25.05195424
114,10,02,22,20,2,10文山區,文山區木新路3段與樟新街口,0,0,1,1,B02,8,5,5,50,5,4,1,5,4,5,13,1,1,5,5,5,1,13,1,41,3,10,7,1,7,9,1,4,11,1,16,1,21,121.5547736,24.9801636
114,10,02,22,32,2,10文山區,文山區木柵路1段與木柵路2段2巷口,0,0,1,1,B01,8,5,5,50,4,1,1,5,4,5,13,1,1,10,5,5,2,16,1,42,3,10,7,1,7,5,1,8,2,8,8,1,21,121.5578708,24.9887259
114,10,02,23,16,2,03中山區,中山區市民大道3段與松江路口,0,0,2,1,B03,7,5,5,40,4,1,1,5,4,5,13,1,1,1,4,5,2,16,1,31,3,10,3,4,7,6,1,8,1,2,9,1,21,121.5331295,25.04558314
114,10,02,23,46,2,06松山區,松山區三民路與民生東路5段137巷4弄口,0,0,1,1,B03,8,5,5,30,4,1,1,5,4,5,13,3,1,9,4,5,2,15,2,29,3,10,7,1,7,9,1,8,1,1,72,1,22,121.5632501,25.059919
114,10,03,01,25,2,01大同區,大同區承德路2段與民權西路口,0,0,2,1,A12,8,5,5,50,4,2,1,5,4,4,13,1,1,1,4,5,2,17,1,30,3,10,7,1,7,5,1,8,11,17,35,1,21,121.5189393,25.0627453
114,10,03,02,15,2,03中山區,中山區民生西路與中山北路2段口,0,0,1,1,B03,8,5,5,50,4,1,1,5,4,5,13,1,1,5,4,5,2,17,2,34,3,10,7,1,7,5,1,8,1,5,98,1,21,121.522793,25.05792592
114,10,03,06,37,2,09北投區,北投區東陽街411巷與裕民六路90巷31弄口,0,0,2,1,C03,8,5,5,30,4,1,1,5,4,5,13,4,4,10,5,5,2,16,1,22,2,9,5,1,7,9,1,10,1,11,72,1,21,121.5185171,25.11301969
114,10,03,06,45,2,07信義區,信義區市民大道5段與基隆路1段口,0,0,3,1,C03,8,6,5,50,5,1,1,5,4,5,13,1,1,1,4,5,2,15,1,19,2,9,6,1,7,9,1,10,1,11,81,1,21,121.5693271,25.049053
114,10,03,07,25,2,10文山區,文山區木柵路2段與興隆路4段口,0,0,2,1,C03,8,7,5,50,4,1,1,5,4,5,13,2,1,5,4,5,2,16,2,62,2,9,5,1,7,6,1,11,1,12,9,1,21,121.5602909,24.9888028
114,10,03,07,30,2,05中正區,中正區青島東路第26號停車格前,0,0,1,1,B03,8,6,5,50,14,8,1,5,4,5,13,4,4,9,4,4,1,12,1,65,3,10,7,1,7,13,1,8,2,4,40,1,22,121.5232824,25.0436053
114,10,03,07,33,2,03中山區,中山區錦州街與林森北路口,0,0,1,1,B01,8,7,5,50,14,9,1,5,4,5,13,4,4,4,5,5,1,17,1,29,3,10,7,1,7,1,1,8,1,4,19,1,21,121.5255822,25.06000306
114,10,03,07,36,2,07信義區,信義區中坡南路與中坡南路168巷口,0,0,1,1,B03,8,6,5,30,5,2,1,5,4,5,13,1,1,5,5,4,2,16,1,56,3,10,3,4,7,6,1,8,1,5,9,1,22,121.5841109,25.0391855
114,10,03,07,37,2,03中山區,中山區吉林路與長春路口,0,0,1,1,C03,8,6,5,50,4,1,1,5,4,5,13,2,1,5,4,4,2,16,2,27,2,9,6,1,7,9,1,10,1,14,108,1,21,121.5301583,25.0546266
114,10,03,07,45,2,02萬華區,萬華區環河南路1段與漢口街2段口,0,0,1,1,B03,8,6,5,40,3,2,1,5,4,5,13,2,1,5,4,5,1,17,2,29,3,10,3,4,7,9,1,8,1,5,17,1,22,121.5035724,25.0464565
114,10,03,07,50,2,06松山區,松山區民族東路與民族東路668巷口口,0,0,2,1,C03,8,7,5,30,3,1,1,5,4,5,13,4,4,10,5,5,2,16,2,48,2,8,6,1,7,1,1,10,1,14,19,1,21,121.5464882,25.0647655
114,10,03,07,50,2,12內湖區,內湖區民權東路6段與成功路2段口東北角,0,0,2,1,C03,8,7,5,50,4,2,1,5,4,5,13,1,1,9,4,5,2,12,1,28,2,7,6,1,7,7,1,10,2,12,16,1,21,121.5912009,25.0690344
114,10,03,08,04,2,10文山區,文山區新光路2段與文和橋口,0,0,2,1,C03,8,6,5,50,3,1,1,5,4,5,12,1,1,10,5,5,2,16,1,48,2,8,6,1,7,5,1,10,1,12,71,1,21,121.5963195,25.0012871
114,10,03,08,15,2,05中正區,中正區忠孝西路1段100號,0,0,2,1,C03,8,6,5,50,14,9,1,5,4,3,13,4,4,3,4,5,2,17,1,48,2,9,5,1,7,12,3,18,2,14,116,1,22,121.5143218,25.04704078
114,10,03,08,30,2,12內湖區,內湖區成功路2段325號,0,0,1,1,B03,8,5,5,0,14,5,1,5,4,5,13,1,1,1,3,4,1,23,2,70,2,9,3,4,7,9,1,8,1,8,108,1,21,121.5897967,25.0714589
114,10,03,08,37,2,06松山區,松山區敦化北路232號,0,0,1,1,C04,8,5,5,50,14,9,1,5,4,5,13,4,4,9,4,4,2,13,1,19,2,8,6,1,7,9,1,10,2,11,16,1,21,121.5492881,25.05902901
114,10,03,08,45,2,08士林區,士林區華岡路與華岡路口陽明天主堂公車站前,0,0,2,1,C03,8,5,5,30,3,1,1,5,4,5,13,4,4,10,5,5,1,17,1,21,2,9,6,1,7,5,1,10,1,11,8,1,21,121.5438398,25.1385033
114,10,03,08,45,2,11南港區,南港區忠孝東路6段70巷21弄6號,0,0,1,1,H01,8,6,5,30,14,9,1,5,4,5,13,4,4,10,5,5,2,3,2,83,2,9,4,5,8,16,8,20,10,16,121,1,21,121.5846014,25.0460556
114,10,03,08,50,2,03中山區,中山區民族西路大同大學側門前,0,0,1,1,C03,8,6,5,50,14,9,1,5,4,5,13,4,4,5,4,5,2,13,1,39,2,7,5,1,7,9,1,10,1,11,108,1,21,121.5227831,25.0683738
114,10,03,08,56,2,09北投區,北投區公館路與崇仁路1段口,0,0,1,1,B03,8,6,5,50,4,2,1,5,4,5,13,2,1,4,1,5,2,16,1,50,3,10,7,1,7,6,1,8,1,2,9,1,21,121.5029825,25.12273995
114,10,03,09,00,2,12內湖區,內湖區內湖路2段179巷與金龍隧道口,0,0,1,1,B03,8,7,5,50,3,1,1,5,4,5,13,2,1,5,4,4,2,17,2,44,3,10,7,1,7,6,1,8,9,6,17,1,21,121.5851081,25.0843685
114,10,03,09,08,2,05中正區,中正區杭州南路1段與丹陽街口,0,0,2,1,C03,8,7,5,50,3,1,1,5,4,5,13,4,4,9,4,5,2,3,2,57,2,9,5,1,7,9,1,10,2,11,108,1,21,121.5253592,25.0390082
114,10,03,09,22,2,06松山區,松山區民生東路4段與民生東路4段80巷口口,0,0,2,1,C03,8,7,5,50,3,1,1,5,4,5,13,2,1,1,4,5,2,16,2,31,2,9,6,1,7,11,1,10,1,12,10,1,21,121.5530168,25.058019
114,10,03,09,23,2,03中山區,中山區市民大道2段與天津街口,0,0,1,1,B12,8,6,5,40,4,1,1,5,4,5,13,2,1,1,4,5,2,11,1,33,3,10,7,1,7,9,1,8,1,2,108,1,21,121.5224285,25.0480287
114,10,03,09,44,2,04大安區,大安區信義路3段與復興南路2段口,0,0,1,1,B02,8,5,5,50,4,2,1,5,4,5,13,2,1,1,4,5,2,17,1,77,3,10,3,4,7,15,1,8,1,8,44,1,21,121.5432078,25.0332995
114,10,03,10,01,2,07信義區,信義區松高路79號,0,0,1,1,C03,8,6,5,50,14,9,1,5,4,5,13,4,4,5,4,5,2,13,1,27,2,6,6,1,7,9,1,10,1,11,108,1,21,121.5703359,25.0390955
114,10,03,10,09,2,08士林區,士林區雨聲街與雨聲街口陽明醫院急診前,0,0,1,1,B03,8,7,5,50,14,9,1,5,4,5,13,4,4,10,5,5,1,17,1,64,3,10,7,1,7,6,1,8,1,5,9,1,21,121.5312285,25.1049191
114,10,03,10,17,2,10文山區,文山區辛亥路5段29號,0,0,1,1,C03,8,6,5,50,14,9,1,5,4,5,13,1,1,1,4,5,2,12,2,54,2,8,6,1,7,14,1,10,2,14,44,1,21,121.5539991,24.9996669
114,10,03,10,18,2,06松山區,松山區光復北路與富錦街口,0,0,1,1,B03,8,5,5,50,4,1,1,5,4,5,13,1,1,5,4,4,2,17,1,46,3,10,7,1,7,5,1,8,2,2,71,1,21,121.5548866,25.0603576
114,10,03,10,21,2,07信義區,信義區吳興街156巷與吳興街156巷7弄口,0,0,1,1,C03,8,6,5,30,4,2,1,5,4,5,13,4,4,5,5,5,2,16,1,75,3,10,3,4,7,6,1,10,1,12,9,1,21,121.5614295,25.0289655
114,10,03,10,27,2,12內湖區,內湖區內湖路1段285巷65弄與內湖路1段285巷口,0,0,2,1,C03,8,5,5,30,14,9,1,5,4,5,13,4,4,10,5,5,2,13,2,21,2,9,6,1,7,14,7,19,11,13,108,1,21,121.5669201,25.0844847
114,10,03,10,44,2,05中正區,中正區汀州路3段與羅斯福路3段316巷口,0,0,1,1,C03,8,7,5,50,3,1,1,5,4,3,10,2,1,5,4,5,2,16,2,27,3,10,5,1,7,5,1,10,1,11,80,1,21,121.5319159,25.0153453
114,10,03,11,04,2,05中正區,中正區中山南路與濟南路1段口,0,0,2,1,C03,8,7,5,50,4,1,1,5,4,5,13,1,1,1,3,1,2,13,1,24,2,9,6,1,7,9,1,10,2,11,16,1,21,121.5190065,25.0431379
114,10,03,11,04,2,06松山區,松山區民權東路4段與光復北路口,0,0,1,1,B12,8,6,5,50,4,1,1,5,4,5,13,2,1,1,3,4,2,17,1,66,3,10,7,1,7,6,1,8,1,2,9,1,21,121.554552,25.0617908
114,10,03,11,05,2,03中山區,中山區松江路162號,0,0,1,1,B01,8,6,5,50,14,9,1,5,4,5,13,4,4,1,4,5,2,17,1,62,3,10,7,1,7,14,1,4,1,2,38,1,21,121.5331725,25.0552184
114,10,03,11,07,2,10文山區,文山區和平東路4段往南燈桿編號0706287旁,0,0,1,1,C03,8,6,5,40,11,9,1,5,4,5,13,4,4,5,5,5,1,18,1,44,2,9,6,1,7,9,1,10,1,12,116,1,21,121.5719526,25.0017982
114,10,03,11,18,2,02萬華區,萬華區環河南路1段與漢口街2段口,0,0,1,1,B03,8,6,5,40,3,1,1,5,4,5,13,3,1,5,5,5,2,3,1,61,3,10,7,1,7,11,1,8,1,1,70,1,26,121.5036905,25.04645141
114,10,03,11,40,2,08士林區,士林區延平北路8段2巷151弄41號,0,0,3,1,C03,8,6,5,30,14,9,1,5,4,5,13,4,4,10,5,5,2,10,1,30,2,8,5,1,7,1,1,10,9,11,19,1,21,121.4851619,25.1090608
114,10,03,11,40,2,12內湖區,內湖區潭美街763號,0,0,1,1,B03,8,6,5,40,14,9,1,5,4,5,13,4,4,10,5,5,2,16,1,41,3,10,7,1,7,11,1,8,1,4,10,1,21,121.608173,25.0629853
114,10,03,11,50,2,01大同區,大同區環河北路1段與迪化街1段224巷口口,0,0,1,1,C03,8,6,5,50,3,2,1,5,4,1,13,4,4,1,4,5,2,13,1,40,2,8,6,1,7,9,1,10,1,11,16,1,21,121.5085245,25.0592136