發生年度,發生月,發生日,發生時-Hours,發生分,處理別-編號,區序,肇事地點,死亡人數,2-30日死亡人數,受傷人數,當事人序號,車種,天候,光線,道路類別,速限-速度限制,道路型態,事故位置,路面狀況1,路面狀況2,路面狀況3,道路障礙1,道路障礙2,號誌1,號誌2,車道劃分-分向,車道劃分-分道1,車道劃分-分道2,車道劃分-分道3,事故類型及型態,性別,年齡,受傷程度,主要傷處,保護裝置,行動電話,車輛用途,當事者行動狀態,駕駛資格情形,駕駛執照種類,飲酒情形,車輛撞擊部位1,肇因碼-個別,個人肇逃否,職業,座標-X,座標-Y
114,10,03,11,50,2,05中正區,中正區愛國西路與南昌路1段口,0,0,1,1,A02,8,7,5,50,4,2,1,5,4,5,13,1,1,4,4,1,2,12,1,34,3,10,7,1,7,9,1,2,2,2,108,1,21,121.5151414,25.0347163
114,10,03,11,59,2,06松山區,松山區復興北路地下道往北方向（由北往南第3個緊急電話）,0,0,1,1,C03,8,5,5,40,7,9,1,5,4,5,13,4,4,1,1,5,2,13,1,19,2,9,5,4,7,9,1,10,2,11,108,1,25,121.5443739,25.0673943
114,10,03,12,04,2,09北投區,北投區大度路27號,0,0,2,1,C03,8,7,5,50,14,9,1,5,4,5,13,1,1,1,4,5,1,13,2,25,2,8,5,1,7,9,1,10,2,11,45,1,22,121.4967286,25.12114822
114,10,03,12,33,2,05中正區,中正區青島東路6-2號,0,0,2,1,C03,8,6,5,50,14,7,1,5,4,3,10,4,4,7,5,4,2,17,1,34,2,9,5,1,7,1,1,10,1,14,19,1,22,121.5221837,25.04381967
114,10,03,12,35,2,08士林區,士林區承德路4段與中正路口,0,0,1,1,C03,8,5,5,50,4,2,1,5,4,5,13,2,1,1,4,4,2,16,1,30,2,9,5,1,7,9,1,10,1,11,17,1,21,121.5162738,25.09071663
114,10,03,12,36,2,05中正區,中正區重慶南路3段138號,0,0,1,1,B11,8,6,5,50,14,9,1,5,4,5,13,1,1,1,4,5,2,12,1,32,3,10,3,4,7,3,1,4,1,6,18,1,26,121.5167033,25.0240283
114,10,03,12,49,2,11南港區,南港區重陽路與興南街口,0,0,1,1,C03,8,6,5,50,3,2,1,5,4,5,13,1,1,5,4,4,2,16,2,70,2,9,5,1,7,5,1,10,1,12,8,1,21,121.6043264,25.0576943
114,10,03,12,50,2,06松山區,松山區南京東路3段256巷與長安東路2段口,0,0,2,1,B03,8,7,5,30,3,1,1,5,4,5,13,4,4,5,4,5,2,16,2,42,3,10,7,1,7,6,1,8,1,8,72,1,26,121.5446436,25.0482992
114,10,03,13,20,2,05中正區,中正區南昌路1段54巷與南昌路1段54巷5弄口,0,0,1,1,C03,8,6,5,30,4,1,1,5,4,5,13,4,4,10,5,5,1,15,2,23,2,9,5,1,7,9,1,10,1,11,80,1,21,121.516001,25.0312435
114,10,03,13,50,2,06松山區,松山區民生東路4段131巷與民生東路4段97巷2弄口,0,0,1,1,B03,8,5,5,30,3,1,1,5,4,5,13,4,4,8,3,5,2,13,1,35,3,10,3,1,7,5,1,8,1,17,72,1,22,121.5539567,25.0587353
114,10,03,14,08,2,08士林區,士林區延平北路5段244巷22弄與延平北路5段244巷21弄口,0,0,1,1,B11,8,5,5,30,4,2,1,5,4,5,13,4,4,5,5,5,2,16,1,36,3,10,2,1,7,9,1,8,1,5,72,1,21,121.5108439,25.08466926
114,10,03,14,10,2,01大同區,大同區市民高架道往西(重慶北匝道),0,0,1,1,A02,8,6,5,40,10,9,1,5,4,5,13,4,4,5,4,5,1,13,1,54,3,10,3,4,7,1,1,2,1,1,19,1,21,121.513787,25.04933491
114,10,03,14,18,2,02萬華區,萬華區中華路1段80號,0,0,1,1,A02,8,7,7,50,14,10,1,5,4,5,13,4,4,1,5,5,2,9,1,48,3,10,7,1,7,1,1,2,9,17,44,1,21,121.509117,25.0454172
114,10,03,14,35,2,02萬華區,萬華區西藏路125巷與萬大路277巷口,0,0,2,1,C03,8,6,5,30,3,1,1,5,4,5,13,4,4,10,5,5,2,17,1,18,2,9,3,4,7,5,1,10,1,11,8,1,22,121.5035165,25.0256984
114,10,03,15,02,2,09北投區,北投區承德路7段與承德路7段393巷口,0,0,1,1,B03,8,7,5,60,4,1,1,5,4,5,13,1,1,1,4,5,2,16,1,29,3,10,7,1,7,5,1,8,1,2,71,1,21,121.5013488,25.1194766
114,10,03,15,27,2,04大安區,大安區大安路1段與敦化南路1段190巷口,0,0,2,1,C03,8,5,5,30,4,1,1,5,4,5,13,4,4,8,3,5,1,15,1,61,2,9,5,1,7,9,1,10,1,14,72,1,21,121.5461836,25.0426679
114,10,03,16,06,2,03中山區,中山區民權西路71號,0,0,2,1,C03,8,5,5,50,14,9,1,5,4,5,13,1,1,1,4,4,2,16,1,40,2,8,3,4,7,8,1,10,1,13,80,1,21,121.5188996,25.06318633
114,10,03,16,11,2,12內湖區,內湖區瑞光路66巷電桿民東幹26R6B7247DE18往軍營,0,0,2,1,C03,8,7,5,30,14,9,1,5,4,5,13,1,1,10,4,5,2,10,1,84,2,9,5,1,7,9,1,10,2,11,76,1,21,121.5825304,25.0706639
114,10,03,16,48,2,02萬華區,萬華區西園路2段與西園路2段320巷口,0,0,1,1,C03,8,6,5,50,4,2,1,5,4,5,13,2,1,9,4,4,2,12,1,19,2,9,3,4,7,7,1,10,1,14,44,1,22,121.4925887,25.0259838
114,10,03,16,58,2,01大同區,大同區鄭州路往西，Y25出口,0,0,2,1,C03,8,6,5,40,14,9,1,5,4,5,13,4,4,1,5,5,2,13,1,20,2,9,6,1,7,8,1,10,2,11,108,1,21,121.5112173,25.050171
114,10,03,17,03,2,05中正區,中正區水源路3-5號,0,0,1,1,B03,8,6,8,30,22,22,1,5,4,5,13,4,4,9,5,5,1,16,1,78,3,10,3,4,7,15,1,8,1,2,80,1,21,121.5272683,25.0133761
114,10,03,17,05,2,05中正區,中正區台北車站西側門A1入口,0,0,1,1,C03,8,5,5,30,14,9,1,5,4,5,13,4,4,10,4,5,1,18,1,26,2,9,6,1,7,9,1,10,2,14,116,1,22,121.5156344,25.0486127
114,10,03,17,10,2,05中正區,中正區重慶南路2段25號,0,0,1,1,B01,8,7,5,50,14,9,1,5,4,5,13,4,4,1,4,5,2,12,1,67,3,10,7,1,7,7,1,4,1,7,42,1,21,121.5142829,25.0321581
114,10,03,17,18,2,10文山區,文山區木柵路2段與秀明路1段口,0,0,1,1,B02,8,6,5,50,4,2,2,5,4,5,13,2,1,5,5,5,2,17,1,34,3,10,3,4,7,6,1,7,2,2,9,1,21,121.5634053,24.9890119
114,10,03,17,25,2,02萬華區,萬華區西園路2段與東園街口,0,0,1,1,C03,8,6,5,50,3,1,1,5,4,5,13,2,1,1,4,5,2,16,1,81,2,9,6,1,7,6,1,10,1,11,9,1,21,121.49526,25.0280733
114,10,03,17,30,2,01大同區,大同區忠孝西路2段與塔城街口,0,0,1,1,C04,8,6,5,50,4,1,1,5,4,5,13,1,1,1,4,5,2,17,1,32,2,9,5,1,7,15,1,10,2,12,101,1,21,121.5099771,25.0482303
114,10,03,17,30,2,08士林區,士林區仰德大道4段39巷1號,0,0,1,1,B02,8,5,8,40,22,22,1,5,4,5,13,4,4,4,5,5,1,17,1,48,3,10,7,1,7,5,1,8,1,7,8,1,21,121.55159,25.1227341
114,10,03,17,30,2,12內湖區,內湖區民權東路6段50號,0,0,1,1,B03,8,5,5,50,14,9,1,5,4,5,13,4,4,1,3,4,1,12,1,61,3,10,3,4,7,15,1,8,1,2,80,1,21,121.5832881,25.0683847
114,10,03,17,45,2,06松山區,松山區南京東路3段與南京東路3段335巷口,0,0,1,1,B03,8,7,5,50,14,7,1,5,4,5,13,4,4,9,4,5,2,12,1,52,3,10,7,1,7,7,1,8,1,2,100,1,22,121.5476213,25.0518559
114,10,03,17,47,2,06松山區,松山區八德路2段與敦化南路1段口,0,0,2,1,A02,8,5,5,50,4,4,1,5,4,5,13,1,1,5,4,5,2,13,1,36,3,10,7,1,7,9,1,1,2,5,44,1,22,121.5483192,25.0481659
114,10,03,18,03,2,05中正區,中正區林森南路地下道出口上坡處,0,0,1,1,B03,8,5,5,50,14,9,1,5,4,5,13,4,4,10,4,5,2,17,1,56,3,10,7,1,7,9,1,8,1,15,17,1,21,121.5188316,25.03355
114,10,03,18,16,2,09北投區,北投區中央北路2段與大業路口,0,0,2,1,C03,8,5,5,50,4,1,1,5,4,5,13,1,1,5,4,5,2,16,1,62,3,10,5,1,7,5,1,10,1,11,71,1,21,121.4971821,25.1360897
114,10,03,18,18,2,09北投區,北投區承德路6段燈桿1200018旁,0,0,2,1,C03,7,5,5,40,14,9,1,5,4,5,13,4,4,1,4,5,2,17,2,54,2,9,5,1,7,9,1,10,1,11,44,1,21,121.5125824,25.1008166
114,10,03,18,33,2,09北投區,北投區大業路與大業路517巷口,0,0,1,1,B03,8,6,5,50,3,1,1,5,4,5,13,4,4,1,4,4,2,3,1,65,3,10,7,1,7,9,1,8,2,1,108,1,21,121.4957041,25.1335466
114,10,03,19,00,2,08士林區,士林區天母東路43巷與天母東路口,0,0,2,1,C03,8,5,5,50,4,1,1,5,4,5,13,1,1,3,4,5,2,17,2,40,2,9,6,1,7,5,1,10,2,11,8,1,22,121.5323595,25.1180866
114,10,03,19,16,2,02萬華區,萬華區華江橋機車道往新北市平面道,0,0,1,1,C03,8,5,7,40,14,11,1,5,4,5,13,4,4,10,5,5,2,17,1,29,3,10,3,4,7,15,1,10,1,13,42,1,21,121.4923739,25.037069
114,10,03,19,57,2,03中山區,中山區南京東路2段與一江街口,0,0,1,1,C03,8,5,5,50,4,1,1,5,4,5,13,1,1,5,4,5,2,13,1,58,2,9,6,1,7,9,1,10,1,11,108,1,22,121.5315201,25.0517448
114,10,03,20,50,2,08士林區,士林區士東路200巷內,0,0,1,1,F01,8,5,5,30,14,9,1,5,4,5,13,4,4,10,5,5,2,16,1,13,3,10,4,4,7,5,8,20,1,14,8,1,21,121.5337618,25.1116437
114,10,03,21,21,2,02萬華區,萬華區桂林路與昆明街口,0,0,2,1,C03,7,5,5,50,4,2,1,5,4,5,13,2,1,5,4,5,2,12,2,32,2,8,5,4,7,15,1,10,1,14,101,1,22,121.5042897,25.0379804
114,10,03,21,45,2,07信義區,信義區光復南路與光復南路443巷口口,0,0,2,1,C03,7,5,5,50,4,4,1,5,4,5,13,2,1,1,4,5,2,13,1,25,2,8,6,4,7,9,1,10,1,11,16,1,22,121.5575836,25.03529
114,10,03,23,12,2,11南港區,南港區忠孝東路7段582號,0,0,1,1,C03,8,5,5,40,14,8,1,5,4,5,13,4,4,1,4,4,2,17,2,53,2,8,5,1,7,9,1,10,1,11,108,1,21,121.6145365,25.0528931
114,10,03,23,26,2,03中山區,中山區林森北路與民權東路1段口口,0,0,1,1,B01,8,5,5,50,4,1,1,5,4,5,13,1,1,5,4,5,2,17,1,59,3,10,3,4,7,6,1,3,11,5,9,2,21,121.5256804,25.0625565
114,10,03,23,55,2,02萬華區,萬華區武昌街2段與武昌街2段91巷口,0,0,1,1,H01,7,5,5,30,3,2,1,5,4,5,13,4,4,10,5,5,2,9,2,53,3,10,4,5,8,16,8,20,10,17,121,1,21,121.5036185,25.0454832
114,10,04,00,48,2,12內湖區,內湖區成功路4段與成功路4段200巷口,0,0,2,1,C03,8,5,5,30,3,2,1,5,4,5,13,4,4,1,5,5,2,17,1,26,2,8,5,1,7,6,1,10,2,14,72,1,21,121.5953622,25.084334
114,10,04,01,18,2,03中山區,中山區長安東路1段53巷19號,0,0,1,1,B03,8,5,5,30,14,9,1,5,4,5,13,4,4,10,5,5,2,14,1,41,2,7,7,1,7,2,1,6,2,3,12,1,21,121.526834,25.0502596
114,10,04,01,27,2,02萬華區,萬華區康定路(格萊天漾飯店旁),0,0,1,1,B01,7,5,5,50,11,9,1,5,4,5,13,4,4,5,4,4,2,17,1,59,3,10,7,1,7,9,1,4,1,2,44,1,21,121.5008181,25.0337305
114,10,04,03,46,2,03中山區,中山區民生東路1段5號,0,0,1,1,B03,8,5,5,50,14,9,1,5,4,5,13,2,1,5,4,5,2,13,1,29,3,10,7,1,7,9,6,18,9,1,108,1,21,121.523346,25.0579562
114,10,04,04,50,2,08士林區,士林區通河東街1段與和豐街口,0,0,2,1,C03,8,5,5,30,3,1,1,5,4,5,13,4,4,10,5,5,2,16,2,69,2,9,3,4,7,1,3,18,2,14,19,1,21,121.5171532,25.0823709
114,10,04,05,12,2,05中正區,中正區基隆路4段與汀州路3段口,0,0,1,1,B01,8,5,5,30,5,1,1,5,4,5,13,1,1,5,4,5,2,16,1,44,3,10,7,1,7,5,1,2,1,8,71,1,21,121.5362817,25.0109658
114,10,04,07,30,2,04大安區,大安區羅斯福路2段與和平東路1段口,0,0,2,1,C03,8,6,5,50,4,1,1,5,4,5,13,2,1,1,4,4,2,17,1,56,3,10,3,4,7,15,1,10,1,17,44,1,22,121.5226827,25.0270469
114,10,04,08,30,2,10文山區,文山區羅斯福路6段249號,0,0,1,1,B03,8,6,5,50,14,9,1,5,4,5,13,4,4,1,4,5,2,12,1,63,3,10,7,1,7,8,1,8,1,6,100,1,21,121.5412923,24.9953496
114,10,04,08,48,2,02萬華區,萬華區和平西路3段與桂林路246巷口,0,0,1,1,C03,8,6,5,50,5,1,1,5,3,5,13,1,1,10,5,5,2,18,2,25,2,9,3,4,7,9,1,10,9,14,44,1,22,121.4910435,25.0357912
114,10,04,09,02,2,08士林區,士林區通河街76巷與承德路4段10巷口,0,0,1,1,C03,8,6,5,30,4,1,1,5,4,5,13,4,4,5,5,5,2,17,1,54,2,9,3,4,7,9,1,10,9,11,72,1,21,121.5182944,25.08731574
114,10,04,09,20,2,10文山區,文山區羅斯福路6段159巷與三福街口口,0,0,1,1,C03,8,6,5,30,4,2,1,5,4,5,13,4,4,10,5,5,1,16,1,56,2,9,6,1,7,6,1,10,1,13,72,1,21,121.5424679,24.9970993
114,10,04,09,38,2,09北投區,北投區北投路2段與大興街23巷口,0,0,2,1,C03,8,5,5,50,3,2,1,5,4,5,13,2,1,5,4,4,2,11,2,76,2,9,5,1,7,7,1,10,1,11,99,1,21,121.4991943,25.13090186
114,10,04,10,36,2,07信義區,信義區市民大道5段82號,0,0,2,1,F02,8,6,5,40,14,9,1,5,4,5,13,4,4,9,4,4,2,12,1,60,2,9,4,1,7,8,8,20,1,14,100,1,21,121.5671753,25.048572
114,10,04,10,40,2,01大同區,大同區承德路1段與太原路133巷口,0,0,1,1,C03,8,6,5,50,3,1,1,5,4,5,13,4,4,1,4,5,2,16,2,65,2,7,3,4,7,9,1,10,1,11,99,1,21,121.5174523,25.0528757
114,10,04,10,49,2,01大同區,大同區台北橋機慢車道(西向東),0,0,2,1,C03,8,6,5,40,8,11,1,5,4,5,13,4,4,10,4,5,2,17,2,31,2,9,5,4,7,8,1,10,1,12,44,1,21,121.511016,25.0626403
114,10,04,11,48,2,07信義區,信義區崇德街與嘉興街口口,0,0,1,1,C03,8,5,8,50,4,1,1,5,4,5,13,1,1,5,4,5,2,17,1,45,2,9,6,1,7,9,1,10,2,14,44,1,22,121.5554077,25.0241411
114,10,04,12,08,1,05中正區,中正區中華路1段與衡陽路口,1,0,1,1,H01,8,6,5,50,5,18,1,5,4,5,13,2,1,1,4,1,1,3,1,92,1,1,4,5,8,16,8,20,10,16,122,1,22,121.5085382,25.0423302
114,10,04,12,23,2,08士林區,士林區延平北路6段458號,0,0,2,1,C01,8,6,5,50,14,9,1,5,4,5,13,4,4,1,4,5,2,13,1,56,2,9,6,1,7,9,1,9,1,11,108,1,21,121.4989914,25.0928395
114,10,04,12,24,2,08士林區,士林區天母北路9巷與天母北路口,0,0,1,1,B03,8,7,6,50,3,1,1,5,4,5,13,4,4,9,4,5,1,17,1,37,3,10,7,1,7,5,1,8,2,4,44,1,21,121.5262969,25.1192553
114,10,04,12,24,2,08士林區,士林區天母西路62巷,0,0,1,1,B03,8,7,5,30,14,6,1,5,4,5,13,4,4,10,5,5,1,12,1,38,3,10,7,1,7,6,1,8,2,2,9,1,21,121.5240197,25.1181073
114,10,04,12,24,2,10文山區,文山區永安街與永安街22巷口口,0,0,1,1,C03,8,7,5,50,4,1,1,5,5,5,13,4,4,5,5,5,2,29,2,72,2,9,5,1,7,5,1,10,1,11,8,1,21,121.5702451,24.9867365
114,10,04,12,30,2,07信義區,信義區林口街24巷33號,0,0,1,1,C03,8,6,5,30,14,9,1,5,4,5,13,4,4,10,5,5,2,18,1,73,3,10,6,4,7,14,1,10,9,17,116,1,21,121.5811845,25.0379511
114,10,04,12,51,2,04大安區,大安區金山南路2段與金華街口,0,0,2,1,C03,8,6,5,50,4,1,1,5,4,5,13,2,1,1,4,5,2,16,1,48,2,9,6,4,7,6,3,18,1,12,9,1,22,121.526525,25.0302935
114,10,04,13,12,2,08士林區,士林區中正路與福港街口,0,0,1,1,B03,8,6,5,30,3,1,1,5,4,5,13,2,1,2,3,5,2,17,1,64,3,10,7,1,7,5,1,8,2,1,74,1,21,121.5177886,25.09172104
114,10,04,13,16,2,02萬華區,萬華區萬大路與萬大路387巷口,0,0,1,1,C03,8,6,5,30,11,9,1,5,4,5,13,4,4,9,4,5,1,17,1,31,2,9,3,4,7,9,1,10,1,14,108,1,22,121.4995408,25.0227473
114,10,04,14,30,2,09北投區,北投區西安街1段313巷與西安街1段313巷16弄口,0,0,1,1,C03,8,7,5,30,4,1,1,5,4,5,13,4,4,10,5,5,2,16,2,58,2,9,5,1,7,9,1,10,1,11,72,1,22,121.5155931,25.1125895
114,10,04,14,45,2,08士林區,士林區忠誠路2段與德行東路口口,0,0,2,1,C03,8,6,5,50,4,1,1,5,4,5,13,2,1,1,4,5,2,16,2,18,3,10,6,1,7,6,1,10,1,12,9,1,21,121.5302477,25.10920082
114,10,04,14,49,2,04大安區,大安區師大路與師大路93巷口口,0,0,1,1,C03,8,6,5,50,4,1,1,5,4,5,13,4,4,5,4,5,2,12,2,42,3,10,5,1,7,11,1,10,1,14,10,1,21,121.5284215,25.0228832
114,10,04,15,15,2,08士林區,士林區文林路與前街口,0,0,2,1,C03,8,6,5,50,4,2,1,5,4,5,13,1,1,10,5,5,2,17,1,18,2,7,6,1,7,11,1,10,1,14,10,1,22,121.5241269,25.0974553
114,10,04,15,20,2,03中山區,中山區撫順街41巷口側附近,0,0,1,1,B12,8,7,5,50,14,9,1,5,4,5,13,4,4,5,4,5,2,17,1,54,3,10,3,4,7,9,1,8,1,2,108,1,26,121.5193436,25.0633546
114,10,04,15,45,2,12內湖區,內湖區潭美街763號,0,0,1,1,B03,8,6,5,40,14,9,1,5,4,5,13,4,4,5,5,5,2,16,1,44,3,10,7,1,7,7,1,8,1,6,100,1,21,121.6082102,25.0629644
114,10,04,15,48,2,03中山區,中山區民權東路2段115號,0,0,1,1,C03,8,7,5,50,14,9,1,5,4,5,13,4,4,3,4,5,2,13,2,52,2,9,6,1,7,9,1,10,2,11,16,1,21,121.5343772,25.0624928
114,10,04,15,54,2,09北投區,北投區自強街與自強街46巷口,0,0,1,1,C03,8,7,5,30,3,1,1,5,4,5,13,4,4,9,5,5,2,16,1,46,3,10,5,1,7,5,1,10,1,11,72,1,21,121.5134445,25.1103456
114,10,04,16,11,2,03中山區,中山區濱江街與大佳河濱公園口10號水門外無名巷口,0,0,1,1,B03,8,6,5,30,3,1,1,5,4,5,13,2,2,10,4,5,2,16,2,25,3,10,7,1,7,5,1,8,1,1,108,1,21,121.5306257,25.0716723
114,10,04,16,19,2,09北投區,北投區石牌路1段與石牌路1段71巷口,0,0,1,1,B03,8,7,6,50,3,1,1,5,4,5,13,4,4,5,4,5,2,3,1,55,3,10,7,1,7,9,1,8,2,8,70,1,22,121.5112735,25.113616
114,10,04,16,25,2,04大安區,大安區大安路1段與大安路1段75巷口,0,0,1,1,B03,8,6,5,50,3,2,1,5,4,5,13,4,4,5,4,5,2,17,1,42,3,10,7,1,7,15,1,8,1,2,38,1,21,121.5466799,25.0420318
114,10,04,16,34,2,05中正區,中正區羅斯福路3段與辛亥路1段口口,0,0,2,1,C03,8,6,5,50,4,1,1,5,4,5,13,1,1,1,4,5,2,13,1,64,2,7,6,1,7,9,1,10,1,11,16,1,21,121.5292016,25.0196347
114,10,04,17,30,2,10文山區,文山區崇德街063號路燈,0,0,1,1,C03,8,5,5,30,11,9,1,5,4,5,13,4,4,10,5,5,1,10,2,32,2,9,5,1,7,9,1,10,1,11,5,1,21,121.5721609,25.01133163
114,10,04,17,47,2,05中正區,中正區重慶南路3段與寧波西街口口,0,0,1,1,C03,8,5,5,50,4,1,1,5,4,5,13,1,1,1,4,5,2,17,2,26,2,7,6,1,7,6,1,10,1,13,9,1,21,121.5153735,25.0297643
114,10,04,17,50,2,08士林區,士林區承德路4段與承德路4段77巷口,0,0,1,1,B03,8,5,5,50,5,2,1,5,4,5,13,1,1,10,4,5,1,17,1,29,3,10,7,1,7,5,1,8,2,6,71,1,21,121.51782,25.08696218
114,10,04,17,52,2,11南港區,南港區忠孝東路6段195號,0,0,1,1,C03,8,5,5,30,14,9,1,5,4,5,13,4,4,10,5,5,2,3,2,17,3,10,6,1,7,9,2,18,1,11,80,1,16,121.5878003,25.0492747
114,10,04,18,28,2,10文山區,文山區羅斯福路5段170巷與羅斯福路5段口,0,0,1,1,B03,8,5,5,30,4,1,1,5,4,5,13,2,1,5,5,5,2,12,1,76,3,10,7,1,7,9,1,8,1,2,17,1,21,121.538961,25.0043171
114,10,04,18,34,2,05中正區,中正區新生南路1段與仁愛路2段口,0,0,1,1,B03,8,5,5,50,4,1,1,5,4,5,13,1,1,10,5,5,2,17,2,48,3,10,7,1,7,8,1,8,9,17,100,1,21,121.532657,25.0382395
114,10,04,18,38,2,12內湖區,內湖區舊宗路1段與行善路口,0,0,2,1,C04,8,5,5,50,4,2,1,5,4,5,13,2,1,1,4,5,2,12,2,18,2,9,5,1,7,15,1,10,1,14,98,1,21,121.5804913,25.0586803
114,10,04,19,15,2,09北投區,北投區大度路3段與中央北路4段口,0,0,2,1,B03,8,5,5,50,4,1,1,5,4,5,13,1,1,3,2,4,1,16,1,19,3,10,7,1,7,5,1,8,2,2,83,1,21,121.4644758,25.1238868
114,10,04,20,10,2,04大安區,大安區辛亥路1段79號,0,0,1,1,C03,8,5,5,50,14,9,1,5,4,5,13,4,4,10,5,5,2,13,2,29,2,9,6,1,7,9,1,10,1,11,44,1,21,121.5306026,25.0211787
114,10,04,21,04,2,09北投區,北投區石牌路2段與東華街2段口,0,0,2,1,C03,8,5,5,50,4,1,1,5,4,5,13,1,1,1,2,5,2,16,2,18,3,10,5,1,7,9,1,10,1,11,81,1,21,121.5151932,25.11544
114,10,04,21,05,2,05中正區,中正區仁愛路1段59號,0,0,1,1,B12,8,5,6,50,14,9,1,5,4,5,13,4,4,1,4,5,2,12,1,26,3,10,7,1,7,1,1,8,2,4,19,1,21,121.52479,25.0384601
114,10,04,21,57,2,09北投區,北投區公館路228巷與公館路228巷15弄口,0,0,1,1,B03,8,5,5,30,3,2,1,5,4,5,13,4,4,10,5,5,2,17,2,36,2,9,7,1,7,5,6,18,2,8,108,1,21,121.5073072,25.1260691
114,10,04,22,20,2,08士林區,士林區福國路與文昌路口,0,0,1,1,B03,8,5,5,50,5,1,1,5,4,5,13,1,1,1,2,5,2,17,1,23,3,10,3,4,7,5,1,8,2,4,8,1,21,121.5208985,25.1011758
114,10,04,22,26,2,05中正區,中正區中華路1段與寶慶路口,0,0,2,1,C03,8,5,5,50,5,1,1,5,4,5,13,1,1,10,5,4,2,16,1,67,2,8,6,4,7,15,1,10,1,13,100,1,22,121.5085454,25.04224802
114,10,04,22,38,2,10文山區,文山區景文街與羅斯福路6段469巷口,0,0,2,1,B03,8,5,5,50,5,1,1,5,4,5,13,2,1,5,5,5,1,16,1,67,3,10,7,1,7,5,1,8,1,8,71,1,21,121.5408884,24.989733
114,10,04,22,47,2,06松山區,松山區市民大道4段127號,0,0,1,1,C03,8,5,5,40,14,9,1,5,4,5,13,4,4,1,3,5,2,17,2,18,2,8,6,1,7,9,1,10,1,11,107,1,25,121.5501443,25.0447917
114,10,04,23,18,2,03中山區,中山區中山北路1段與長安西路口,0,0,2,1,C03,8,5,5,50,4,2,1,5,4,5,13,1,1,1,4,5,2,16,1,22,2,9,5,1,7,10,1,10,1,13,100,1,22,121.5215569,25.0499877
114,10,05,00,28,2,12內湖區,內湖區安康路與五分街口口,0,0,1,1,B03,8,5,5,30,4,1,1,5,4,5,13,4,4,5,5,5,2,16,1,50,3,10,7,1,7,9,1,8,2,1,75,1,21,121.6152356,25.0673183
114,10,05,05,52,2,04大安區,大安區復興南路2段與復興南路2段171巷口,0,0,1,1,,8,5,5,50,4,1,1,5,4,5,13,2,1,10,5,5,2,17,4,0,,,,,,,,,11,,119,2,,121.5434419,25.0278041
114,10,05,07,26,2,10文山區,文山區興隆路2段與興隆路2段123巷口,0,0,3,1,C03,8,6,5,30,5,2,1,5,4,5,13,4,4,10,5,5,2,16,2,73,2,9,6,1,7,8,1,10,1,14,72,1,21,121.5477119,24.999698
114,10,05,08,55,2,08士林區,士林區延平北路7段106巷與延平北路7段口,0,0,2,1,F01,8,5,5,30,3,1,1,5,4,5,13,4,4,5,5,5,2,17,2,13,2,8,3,4,7,1,8,20,9,14,19,1,22,121.517855,25.08670122
114,10,05,09,20,2,08士林區,士林區中山北路5段250號對面,0,0,2,1,C03,8,6,5,50,14,9,1,5,4,5,13,2,1,5,4,5,2,12,1,26,2,8,6,1,7,1,1,10,1,14,19,1,21,121.526636,25.0873724
114,10,05,10,18,2,10文山區,文山區興隆路4段(燈桿編號0705805前）,0,0,1,1,C03,8,7,5,50,14,9,1,5,4,5,13,4,4,3,4,5,2,13,1,72,3,10,5,1,7,9,1,10,2,13,118,1,21,121.5606489,24.9872939
114,10,05,10,23,2,08士林區,士林區承德路5段與中正路口,0,0,1,1,B03,8,6,5,50,4,1,1,5,4,5,13,1,1,8,4,5,1,16,1,29,3,10,7,1,7,5,1,8,2,2,85,1,21,121.5164739,25.0911848
114,10,05,10,27,2,05中正區,中正區市民大道1段與承德路1段口,0,0,1,1,C03,8,6,5,40,4,1,1,5,4,5,13,1,1,1,4,5,1,23,1,19,2,9,6,1,7,9,1,10,2,11,107,1,22,121.5166383,25.0486647
114,10,05,10,45,2,09北投區,北投區大度路3段與關渡路口,0,0,1,1,B03,8,6,5,50,3,1,1,5,4,5,13,1,1,1,4,5,2,16,2,45,3,10,7,1,7,6,1,8,1,2,9,1,21,121.469492,25.1228995
114,10,05,10,55,2,08士林區,士林區至善路1段與至善路1段口往東梅林新村公車站旁路邊停車格24前,0,0,1,1,C03,8,7,5,50,14,7,1,5,4,5,13,4,4,8,3,4,2,12,2,21,2,9,3,4,7,9,1,10,11,12,44,1,22,121.5406231,25.0972301
114,10,05,11,33,2,04大安區,大安區市民大道4段與敦化南路1段161巷5弄口,0,0,1,1,B03,8,5,5,40,3,1,1,5,4,5,13,4,4,1,3,5,2,16,1,56,3,10,7,1,7,6,1,8,1,2,9,1,21,121.5496539,25.0446324
114,10,05,11,54,2,04大安區,大安區大安路1段與大安路1段169巷口,0,0,1,1,B03,8,6,5,30,4,1,1,5,4,5,13,4,4,5,5,5,2,16,2,60,3,10,3,4,7,5,1,8,1,5,72,1,22,121.5462629,25.0367578
114,10,05,12,29,2,05中正區,中正區南昌路1段與羅斯福路1段58巷口口,0,0,1,1,B12,8,6,5,50,3,1,1,5,4,5,13,4,4,5,5,5,2,16,1,41,3,10,3,4,7,1,1,8,2,4,19,1,26,121.5180804,25.0300763
114,10,05,12,36,2,08士林區,士林區天玉街27巷與天母北路87巷口,0,0,1,1,C03,8,6,5,30,4,1,1,5,4,5,13,4,4,4,1,5,1,15,1,39,2,9,5,1,7,9,1,10,1,11,72,1,21,121.5276791,25.1222523