發生年度,發生月,發生日,發生時-Hours,發生分,處理別-編號,區序,肇事地點,死亡人數,2-30日死亡人數,受傷人數,當事人序號,車種,天候,光線,道路類別,速限-速度限制,道路型態,事故位置,路面狀況1,路面狀況2,路面狀況3,道路障礙1,道路障礙2,號誌1,號誌2,車道劃分-分向,車道劃分-分道1,車道劃分-分道2,車道劃分-分道3,事故類型及型態,性別,年齡,受傷程度,主要傷處,保護裝置,行動電話,車輛用途,當事者行動狀態,駕駛資格情形,駕駛執照種類,飲酒情形,車輛撞擊部位1,肇因碼-個別,個人肇逃否,職業,座標-X,座標-Y
114,10,05,12,37,2,08士林區,士林區士東路與士東路200巷口,0,0,2,1,C03,8,6,5,50,3,1,1,5,4,5,13,2,1,3,3,5,2,12,2,18,2,8,6,1,7,11,1,10,2,11,99,1,21,121.5334433,25.11236154
114,10,05,13,30,2,12內湖區,內湖區南京東路6段與舊宗路1段口,0,0,2,1,C03,8,7,5,50,4,1,1,5,4,5,13,1,1,9,3,5,2,13,1,56,2,9,6,1,7,9,1,10,1,11,16,1,21,121.5815108,25.0571141
114,10,05,13,36,2,09北投區,北投區磺港路228號,0,0,1,1,C03,8,7,5,30,14,9,5,5,4,5,13,4,4,10,5,5,2,13,1,20,3,10,5,1,7,9,1,10,1,11,16,1,21,121.5029238,25.1258526
114,10,05,14,09,2,08士林區,士林區後港街與前港街口,0,0,1,1,B03,8,6,5,30,4,2,1,5,4,5,13,3,1,10,5,5,1,16,2,58,3,10,7,1,7,5,1,8,1,4,44,1,21,121.5224639,25.0847462
114,10,05,14,09,2,07信義區,信義區吳興街與吳興街281巷口,0,0,1,1,C03,8,7,5,30,3,1,1,5,4,5,13,4,4,10,5,5,2,16,1,27,2,9,5,4,7,5,1,10,2,12,75,1,21,121.5659241,25.0265021
114,10,05,14,10,2,05中正區,中正區中山南路與信義路1段口,0,0,2,1,C03,8,6,5,50,5,1,1,5,4,5,13,2,1,1,4,5,2,17,1,23,2,9,6,1,7,5,1,10,1,14,96,1,21,121.5179048,25.0387049
114,10,05,14,12,2,01大同區,大同區延平北路3段與延平北路3段66巷口,0,0,2,1,C03,8,6,5,30,4,1,1,5,4,5,13,4,4,4,4,5,2,16,2,21,2,9,3,4,7,5,1,10,1,14,72,1,21,121.5110399,25.0654598
114,10,05,15,47,2,12內湖區,內湖區潭美街與成功路2段口,0,0,2,1,B03,8,7,5,50,3,1,1,5,4,5,13,2,1,5,5,5,2,16,2,41,3,10,7,1,7,5,1,8,2,8,71,1,21,121.5917318,25.0600904
114,10,05,15,52,2,02萬華區,萬華區華江橋機車道往台北市方向(編號P18牌面前),0,0,1,1,C03,8,5,7,40,8,11,1,5,4,5,13,4,4,9,4,3,1,17,1,19,3,10,5,1,7,12,1,10,1,11,44,1,21,121.4882227,25.0354545
114,10,05,16,03,2,10文山區,文山區辛亥路4段與興德路66巷口,0,0,3,1,C03,8,6,5,30,3,1,1,5,4,5,13,3,1,5,5,5,2,16,1,50,2,9,6,1,7,5,1,10,1,11,72,1,21,121.5567718,25.0043394
114,10,05,16,12,2,06松山區,松山區南京東路5段與塔悠路口口,0,0,1,1,C03,8,6,5,50,5,2,1,5,4,5,13,2,1,1,3,5,2,17,2,46,2,9,6,1,7,15,1,10,2,14,99,1,22,121.5705489,25.0513393
114,10,05,16,20,2,10文山區,文山區萬芳路50號,0,0,1,1,B03,8,7,5,40,14,9,1,5,4,5,13,2,1,5,4,5,2,16,1,73,3,10,7,1,7,11,1,8,1,4,103,1,21,121.5708045,24.9968026
114,10,05,16,25,2,02萬華區,萬華區光復橋往台北市（燈桿編號003014前）,0,0,1,1,C03,8,7,8,50,8,9,1,5,3,5,13,4,4,10,5,5,2,20,1,18,2,9,5,1,7,15,1,10,1,11,108,1,21,121.4911352,25.0246179
114,10,05,16,30,2,06松山區,松山區南京東路5段250巷與南京東路5段250巷2弄口,0,0,1,1,B01,8,6,5,30,4,1,1,5,4,5,13,4,4,10,5,5,2,15,1,40,3,10,7,1,7,9,1,4,1,4,72,1,22,121.566118,25.05072043
114,10,05,17,28,2,04大安區,大安區羅斯福路3段283巷7弄與羅斯福路3段269巷口,0,0,2,1,C03,8,5,5,20,5,1,1,5,4,5,13,4,4,10,5,5,2,15,1,35,2,8,6,4,7,9,6,10,1,14,72,1,21,121.5309124,25.0189894
114,10,05,17,44,2,05中正區,中正區中山南路與凱達格蘭大道口,0,0,1,1,C03,8,5,5,50,5,1,1,5,4,5,13,1,1,10,4,5,2,16,2,20,2,9,6,4,7,5,1,10,2,12,96,1,22,121.5169604,25.03928441
114,10,05,18,12,2,11南港區,南港區向陽路與重陽路口,0,0,2,1,C03,8,5,5,50,5,2,1,5,4,5,13,1,1,5,5,5,2,12,1,31,3,10,5,1,7,9,1,10,1,13,44,1,21,121.5944593,25.0548717
114,10,05,18,19,2,09北投區,北投區大業路527巷豐年運動公園停車場出入口,0,0,3,1,C04,8,5,5,40,14,9,1,5,4,5,13,4,4,5,4,5,2,11,1,75,2,9,5,1,7,11,1,10,1,12,80,1,21,121.4957438,25.1348993
114,10,05,19,03,2,04大安區,大安區羅斯福路2段與和平東路1段口,0,0,2,1,C03,8,5,5,50,4,2,1,5,4,5,13,2,1,1,4,5,2,12,1,30,2,8,6,1,7,15,1,10,1,12,100,1,21,121.5226803,25.0268928
114,10,05,19,50,2,07信義區,信義區基隆路1段與逸仙路口側附近50巷口,0,0,2,1,C01,7,5,8,50,3,1,1,5,4,5,13,4,4,1,4,5,2,17,1,48,3,10,6,1,7,6,1,9,2,12,44,1,22,121.5638314,25.0403955
114,10,05,20,21,2,12內湖區,內湖區民權大橋與民權東路6段口,0,0,1,1,B03,8,5,5,50,14,11,1,5,4,5,13,4,4,1,4,5,2,17,1,54,3,10,3,4,7,7,1,4,2,17,100,1,21,121.5777794,25.0666146
114,10,05,21,32,2,05中正區,中正區重慶南路3段與汀州路2段口,0,0,2,1,B01,8,5,5,50,5,1,1,5,4,5,13,1,1,2,4,5,2,17,1,55,3,10,7,1,7,5,1,2,1,17,71,1,21,121.5162994,25.0257782
114,10,05,22,15,2,09北投區,北投區公館路334巷與公館路228巷口,0,0,1,1,C03,8,5,5,30,4,1,1,5,4,5,13,4,4,10,5,5,1,15,2,52,2,9,5,1,7,9,1,10,1,11,72,1,21,121.5078697,25.1253772
114,10,05,23,00,2,03中山區,中山區中山北路4段與中山北路3段口,0,0,1,1,C03,8,5,5,50,14,9,1,5,4,5,13,1,1,9,4,1,2,18,1,25,2,9,5,1,7,9,1,10,1,12,118,1,21,121.5258051,25.0751109
114,10,06,00,02,2,05中正區,中正區市民大道2段與林森北路口,0,0,1,1,C03,7,5,5,40,4,1,1,5,4,5,13,2,1,1,2,5,2,16,2,19,2,7,6,1,7,5,1,10,2,13,8,1,25,121.5242663,25.0477199
114,10,06,00,20,2,05中正區,中正區金山北路與金山北路口迴轉道,0,0,1,1,B01,8,5,5,50,3,1,1,5,4,5,13,4,4,10,5,5,2,16,1,58,3,10,7,1,7,5,1,4,1,4,8,1,21,121.530411,25.0454689
114,10,06,00,26,2,06松山區,松山區八德路3段12巷與八德路3段12巷70弄口口,0,0,2,1,C03,8,5,5,30,3,1,1,5,4,5,13,4,4,10,5,5,2,15,1,19,2,8,6,1,7,9,1,10,2,11,72,1,25,121.5507029,25.04532026
114,10,06,02,19,2,02萬華區,萬華區昆明街與峨眉街口,0,0,1,1,B03,8,5,5,50,4,1,1,5,4,5,13,2,1,10,4,5,2,3,2,55,3,10,7,1,7,5,1,8,1,1,70,1,21,121.5051064,25.0440263
114,10,06,02,55,2,10文山區,文山區辛亥路7段與辛亥路7段84巷口,0,0,2,1,B03,8,5,5,50,3,2,1,5,4,5,13,4,4,5,4,5,1,17,1,19,2,9,7,1,7,9,1,8,2,5,108,1,25,121.5535821,24.9814241
114,10,06,04,59,2,07信義區,信義區忠孝東路5段22巷與松高路口,0,0,1,1,F01,8,5,5,50,3,1,1,5,4,5,13,2,1,5,4,5,2,15,1,86,2,9,3,4,7,9,8,20,1,11,99,1,22,121.5659461,25.0390594
114,10,06,05,01,2,05中正區,中正區汀州路1段與莒光路口,0,0,1,1,B03,8,5,5,50,5,1,1,5,4,5,13,1,1,5,5,5,2,13,1,25,3,10,7,1,7,9,1,8,2,8,42,1,22,121.5065095,25.031541
114,10,06,06,45,2,03中山區,中山區八德路2段與八德路2段210巷口,0,0,1,1,B01,8,7,5,50,4,2,1,5,4,5,13,1,1,9,4,5,2,16,1,68,3,10,7,1,7,5,1,4,1,1,8,1,21,121.5394695,25.04645554
114,10,06,07,00,2,01大同區,大同區敦煌路192號,0,0,2,1,C03,8,7,5,50,14,9,1,5,4,5,13,4,4,1,4,5,2,17,1,19,2,9,3,4,7,15,3,18,1,12,108,1,21,121.5122962,25.076396
114,10,06,08,00,2,07信義區,信義區和平東路3段與基隆路2段口,0,0,1,1,B02,8,6,5,50,4,2,1,5,4,5,13,1,1,1,4,5,2,17,1,49,3,10,3,4,7,6,1,4,2,2,9,1,22,121.5529402,25.0247168
114,10,06,08,59,2,04大安區,大安區和平東路3段與基隆路2段口,0,0,2,1,C03,8,5,5,50,4,2,1,5,4,5,13,2,1,10,5,5,2,13,1,35,3,10,3,4,7,8,1,10,1,13,100,1,21,121.5526359,25.0245737
114,10,06,09,43,2,03中山區,中山區南京東路2段與一江街口,0,0,1,1,C03,8,7,5,40,4,2,1,5,4,5,13,1,1,1,4,4,2,17,1,57,3,10,6,1,7,6,1,10,9,17,9,1,21,121.5315614,25.05223182
114,10,06,09,45,2,11南港區,南港區東新街南港公園停車場出入口前,0,0,3,1,C03,8,7,5,50,14,9,1,5,4,5,13,4,4,9,5,5,2,16,2,63,2,9,6,1,7,11,1,10,1,12,10,1,21,121.5913977,25.0461461
114,10,06,09,54,2,05中正區,中正區汀州路2段93號,0,0,1,1,B03,8,7,5,50,14,9,2,5,4,5,13,4,4,9,5,5,2,1,1,46,3,10,7,1,7,1,1,8,2,5,19,1,22,121.5181376,25.0252483
114,10,06,09,56,2,09北投區,北投區中央北路4段與中央北路4段515巷口,0,0,1,1,B03,8,6,5,50,3,1,1,5,4,5,13,1,1,9,4,5,2,16,1,33,3,10,7,1,7,5,1,8,2,2,71,1,21,121.468387,25.1281918
114,10,06,10,05,2,07信義區,信義區福德街268巷與福德街268巷7弄口口,0,0,1,1,C03,8,6,5,30,4,1,1,5,4,5,13,4,4,5,4,5,2,15,1,83,2,9,6,1,7,9,1,10,1,11,72,1,22,121.585762,25.0396807
114,10,06,10,15,2,03中山區,中山區建國北路3段109號,0,0,1,1,B03,8,6,5,50,14,9,1,5,4,5,13,4,4,1,4,5,2,12,1,68,3,10,3,4,7,9,1,8,1,2,16,1,21,121.5363256,25.0662692
114,10,06,10,44,2,02萬華區,萬華區東園街73巷90號,0,0,1,1,C03,8,7,5,50,14,9,1,5,4,5,13,4,4,10,5,5,2,13,2,50,2,9,5,1,7,9,1,10,2,11,16,1,21,121.4992551,25.0264789
114,10,06,10,45,2,05中正區,中正區博愛路與愛國西路口,0,0,4,1,B03,8,5,5,50,4,2,1,5,4,5,13,1,1,9,4,5,2,17,2,70,3,10,7,1,7,1,1,8,2,4,19,1,21,121.5108411,25.0359737
114,10,06,10,57,2,03中山區,中山區吉林路121之3號,0,0,1,1,B03,8,6,5,50,14,8,1,5,4,5,13,4,4,9,4,4,2,38,1,30,2,8,3,4,7,9,3,18,2,1,105,1,21,121.5302891,25.05709226
114,10,06,10,59,2,04大安區,大安區大安路2段與信義路4段口,0,0,1,1,F01,8,6,5,50,4,2,1,5,5,5,13,2,1,5,5,5,2,29,2,35,2,9,4,1,7,9,8,20,1,17,44,1,21,121.5460251,25.03310789
114,10,06,11,22,2,12內湖區,內湖區內湖路2段175號前,0,0,2,1,C03,8,7,5,50,14,18,1,5,4,5,13,4,4,9,4,5,2,3,1,64,2,9,6,1,7,9,1,10,2,11,70,1,21,121.5928379,25.07065037
114,10,06,11,45,2,03中山區,中山區中原街與新生北路3段3巷口,0,0,1,1,B02,8,6,5,30,4,1,1,5,4,5,13,4,4,9,4,5,2,15,1,31,3,10,3,4,7,9,1,8,1,8,72,1,21,121.5284119,25.0632416
114,10,06,12,42,2,07信義區,信義區吳興街118巷與吳興街118巷15弄口,0,0,1,1,C03,8,7,5,30,4,1,1,5,4,5,13,4,4,10,5,5,2,17,1,39,2,8,3,4,7,9,1,10,1,12,44,1,21,121.5607958,25.0298238
114,10,06,12,49,2,02萬華區,萬華區環河南路1段與中興橋口機車道匝道,0,0,2,1,C03,8,7,5,40,5,2,1,5,4,5,13,4,4,8,5,5,2,16,1,18,2,9,5,1,7,7,1,10,1,14,80,1,21,121.5003497,25.042494
114,10,06,14,02,2,12內湖區,內湖區成美橋北往南,0,0,1,1,B03,8,7,5,50,14,9,1,5,4,5,13,4,4,1,5,5,2,17,1,74,3,10,7,1,7,9,1,8,2,4,44,1,21,121.6129982,25.06768044
114,10,06,14,26,2,09北投區,北投區大業路與中央北路1段口,0,0,1,1,F03,8,7,5,50,14,9,1,5,4,5,13,4,4,1,4,5,2,12,1,58,2,9,3,4,7,8,8,20,1,14,100,1,22,121.4971809,25.1361959
114,10,06,14,32,2,07信義區,信義區松山路465巷2弄28號,0,0,1,1,C03,8,5,5,30,14,9,1,5,4,5,13,4,4,9,5,5,2,17,1,45,2,9,3,4,7,15,1,10,1,11,17,1,21,121.5783669,25.0385677
114,10,06,15,04,2,02萬華區,萬華區環河南路2段280巷15號,0,0,1,1,C03,8,5,8,30,22,22,1,5,4,5,13,4,4,10,5,5,2,17,1,35,2,8,3,4,7,15,1,10,1,17,108,1,21,121.4901901,25.0328987
114,10,06,15,21,2,12內湖區,內湖區瑞光路316巷82-3號附近側附近,0,0,2,1,B03,8,6,5,50,14,9,1,5,4,5,13,4,4,8,5,5,2,16,1,32,3,10,7,1,7,11,1,8,1,8,10,1,21,121.5729792,25.0753782
114,10,06,15,57,2,11南港區,南港區興中路與忠孝東路7段口,0,0,2,1,B03,8,6,5,50,14,9,1,5,4,4,13,4,4,5,4,5,2,16,2,62,3,10,3,4,7,11,1,8,2,4,10,1,21,121.6078386,25.0526731
114,10,06,16,07,2,01大同區,大同區延平北路2段248號,0,0,2,1,C03,8,6,5,50,14,9,1,5,4,5,13,4,4,5,4,5,2,17,2,53,2,9,5,1,7,9,1,10,2,11,108,1,21,121.5113513,25.0601905
114,10,06,16,15,2,08士林區,士林區至善路2段與故宮路口,0,0,1,1,B12,8,6,5,30,5,2,1,5,4,5,13,2,1,1,4,5,1,15,2,36,3,10,7,1,7,9,1,7,1,5,81,1,21,121.5458478,25.09805502
114,10,06,16,16,2,01大同區,大同區南京西路18巷4弄4號,0,0,1,1,C03,8,7,5,30,14,9,1,5,4,5,13,4,4,10,5,5,2,17,2,36,3,10,3,4,7,15,1,10,1,14,100,1,21,121.5200647,25.0523385
114,10,06,16,34,2,05中正區,中正區中華路1段與秀山街口,0,0,1,1,C03,8,5,5,50,3,2,1,5,4,5,13,4,4,9,4,5,2,17,1,35,3,10,5,1,7,15,1,10,2,17,100,1,21,121.5087728,25.0430765
114,10,06,18,16,2,01大同區,大同區民權西路144巷與台北橋口匝道下橋處,0,0,1,1,B03,8,5,5,40,4,2,1,5,4,5,13,1,1,5,4,5,2,13,1,21,3,10,7,1,7,9,1,8,2,1,108,1,21,121.5157588,25.0629128
114,10,06,18,27,2,02萬華區,萬華區中華路1段與南寧路口,0,0,1,1,C03,8,5,5,50,5,1,1,5,4,5,13,1,1,10,5,5,2,17,4,0,4,11,3,4,7,5,7,19,11,15,119,2,22,121.5065597,25.0372026
114,10,06,18,32,2,03中山區,中山區南京西路12號,0,0,2,1,A02,8,5,5,50,14,9,1,5,4,5,13,4,4,1,5,5,2,9,1,32,3,10,7,1,7,9,1,2,9,17,44,1,22,121.5213787,25.0524282
114,10,06,20,23,2,02萬華區,萬華區環河南路1段350巷,0,0,3,1,C03,8,5,5,50,14,7,1,5,4,5,13,4,4,9,5,5,2,13,1,28,2,8,5,1,7,7,1,10,1,11,108,1,22,121.4964541,25.0390996
114,10,06,22,09,2,06松山區,松山區中坡北路與市民大道6段口,0,0,2,1,B03,8,5,5,50,4,1,1,5,4,5,13,1,1,1,1,4,2,17,1,67,3,10,3,4,7,5,1,8,1,2,71,1,21,121.5799879,25.0494899
114,10,06,22,14,2,08士林區,士林區承德路4段與承德路4段179巷口,0,0,1,1,B03,8,5,5,50,3,1,1,5,4,5,13,3,1,1,4,5,2,17,2,33,3,10,3,4,7,6,1,8,1,15,9,1,21,121.5226779,25.087327
114,10,07,01,17,2,08士林區,士林區中山北路7段15號,0,0,1,1,B03,8,5,5,50,4,2,1,5,4,5,13,1,1,1,4,5,1,16,1,58,3,10,3,4,7,5,1,8,1,2,71,1,22,121.5304813,25.1189446
114,10,07,03,37,2,05中正區,中正區莒光路2號前,0,0,2,1,C03,8,5,5,40,14,8,1,5,4,5,13,4,4,1,4,4,2,17,2,22,2,9,6,1,7,9,1,10,7,11,21,1,22,121.5073243,25.0315689
114,10,07,04,40,2,12內湖區,內湖區成功路4段339號,0,0,1,1,C03,8,5,5,40,14,8,1,5,4,5,13,4,4,1,4,4,2,17,1,57,2,9,6,1,7,9,1,10,2,11,108,1,21,121.5993568,25.08461761
114,10,07,06,26,2,12內湖區,內湖區金龍路與內湖路3段18巷口口,0,0,1,1,B03,8,5,5,50,3,1,1,5,4,5,13,1,1,5,4,5,2,17,1,43,3,10,7,1,7,9,1,8,1,8,81,1,21,121.5926756,25.0849663
114,10,07,07,37,2,09北投區,北投區西安街2段277號,0,0,1,1,C03,8,7,5,50,14,9,1,5,4,5,13,4,4,1,4,5,2,17,2,18,2,7,5,1,7,8,1,10,1,12,100,1,21,121.5066519,25.1205384
114,10,07,07,40,2,11南港區,南港區研究院路2段108號,0,0,1,1,C03,8,6,5,50,14,9,1,5,4,5,13,4,4,1,4,5,2,13,2,38,2,9,3,4,7,7,1,10,1,12,16,1,22,121.6167174,25.0429512
114,10,07,07,43,2,04大安區,大安區復興南路2段224號,0,0,1,1,C03,8,6,5,50,14,9,1,5,4,5,13,4,4,1,4,5,2,13,1,50,2,8,5,1,7,9,1,8,1,11,16,1,22,121.5439568,25.0258075
114,10,07,08,08,2,06松山區,松山區南京東路4段52巷與寧安街52巷口,0,0,1,1,B03,8,6,5,30,4,1,1,5,4,5,13,4,4,10,5,5,2,1,2,63,3,10,7,1,7,9,1,8,1,5,44,1,21,121.5536474,25.05047602
114,10,07,08,15,2,12內湖區,內湖區環東大道往市區,0,0,1,1,B03,8,6,5,80,8,9,1,5,4,5,13,4,4,1,5,5,2,13,2,31,3,10,7,1,7,9,1,8,2,1,16,1,21,121.5809338,25.0567994
114,10,07,08,16,2,08士林區,士林區德行西路與文林路口,0,0,2,1,C03,8,6,5,0,4,2,1,5,4,5,13,2,1,3,3,4,2,15,1,81,2,3,5,1,7,1,3,18,2,12,19,1,21,121.5196727,25.10338302
114,10,07,08,20,2,01大同區,大同區鄭州路145號,0,0,2,1,C03,8,7,5,40,14,9,1,5,4,5,13,4,4,1,4,5,2,17,1,61,2,9,3,4,7,5,1,10,1,14,8,1,21,121.5089086,25.0504776
114,10,07,08,27,2,02萬華區,萬華區莒光路153巷與莒光路口,0,0,3,1,C03,8,6,5,50,4,1,1,5,4,5,13,4,4,8,3,5,1,17,2,44,2,9,5,1,7,12,1,10,2,11,16,1,21,121.5028735,25.0311915
114,10,07,08,29,2,04大安區,大安區新生南路1段123號,0,0,2,1,C03,8,5,5,50,14,9,1,5,4,5,11,4,4,10,5,5,2,13,2,60,2,8,3,1,7,9,1,10,1,13,16,1,21,121.5329095,25.0386733
114,10,07,08,36,2,06松山區,松山區敦化北路南往北第0201653號燈桿,0,0,1,1,B03,8,6,5,30,14,8,1,5,4,5,13,4,4,1,4,4,2,17,2,34,3,10,7,4,7,6,1,8,1,2,9,1,21,121.5492324,25.0499909
114,10,07,08,42,2,10文山區,文山區景隆街與羅斯福路6段159巷1弄口,0,0,1,1,C03,8,6,5,30,4,1,1,5,4,5,13,4,4,10,5,5,2,15,1,41,3,10,6,1,7,9,1,10,1,14,72,1,21,121.5402463,24.9997409
114,10,07,09,10,2,02萬華區,萬華區中華路2段與莒光路口,0,0,1,1,C03,8,5,8,50,22,22,1,5,4,5,13,1,1,10,5,5,2,17,2,36,2,9,3,4,7,5,1,10,1,14,8,1,21,121.504141,25.0312491
114,10,07,09,10,2,09北投區,北投區立德路與立功街口,0,0,1,1,B03,8,7,5,50,4,1,1,5,4,5,13,2,1,10,5,5,2,16,1,48,3,10,7,1,7,5,1,8,1,2,8,1,21,121.4716398,25.1254168
114,10,07,09,23,2,09北投區,北投區致遠三路55巷33號,0,0,1,1,C03,8,6,5,30,14,9,1,5,4,5,13,4,4,10,5,5,2,10,1,64,3,10,6,1,7,9,1,10,9,14,44,1,21,121.5104208,25.1210298
114,10,07,09,28,2,11南港區,南港區市民大道8段與南港路1段277巷口,0,0,2,1,B03,8,7,5,50,4,2,1,5,4,5,13,2,1,9,4,5,2,16,2,52,3,10,7,1,7,5,1,8,1,7,71,1,21,121.6088118,25.0535672
114,10,07,10,00,2,08士林區,士林區陽明路1段34號與陽明路1段口,0,0,2,1,C03,8,6,5,40,3,1,1,5,4,5,13,4,4,8,4,5,1,17,1,61,2,9,6,1,7,5,1,10,1,12,74,1,21,121.549452,25.149294
114,10,07,10,04,2,05中正區,中正區貴陽街1段235號,0,0,1,1,B03,8,6,5,50,14,9,1,5,4,5,13,4,4,7,4,5,2,16,1,34,3,10,2,1,7,5,1,8,9,4,8,1,22,121.5092501,25.0391048
114,10,07,10,05,2,06松山區,松山區北寧路與南京東路4段52巷口,0,0,2,1,B12,8,7,5,50,3,1,1,5,4,5,13,4,4,9,4,4,2,17,1,38,2,2,7,1,7,5,1,8,2,5,73,1,21,121.5526819,25.0504721
114,10,07,10,09,2,06松山區,松山區南京東路4段與敦化北路口,0,0,1,1,B03,8,6,5,50,4,1,1,5,4,5,13,2,1,3,4,4,2,17,1,58,3,10,7,1,7,6,1,8,1,5,9,1,21,121.5493284,25.0516536
114,10,07,10,47,2,08士林區,士林區仰德大道3段與新安路口,0,0,1,1,B03,8,6,5,40,3,2,1,5,4,5,13,2,1,9,5,5,1,17,1,94,3,10,7,1,7,5,6,18,1,8,71,1,21,121.5528768,25.1189419
114,10,07,11,10,2,03中山區,中山區內湖路1段32巷與堤頂大道2段口588號,0,0,2,1,C03,8,5,6,50,14,9,1,5,4,5,13,4,4,9,4,5,2,16,2,44,2,9,3,4,7,1,1,10,1,11,19,1,21,121.5602477,25.0841731
114,10,07,11,51,2,12內湖區,內湖區陽光街與陽光街68巷152弄口口,0,0,1,1,B03,8,6,5,50,3,1,1,5,4,5,13,4,4,4,5,5,2,12,2,55,3,10,7,1,7,4,1,8,1,2,1,1,21,121.5830406,25.0749862
114,10,07,11,56,2,12內湖區,內湖區港華街與港華街29巷口,0,0,1,1,C03,8,6,5,50,3,2,1,5,4,5,13,4,4,5,4,5,2,13,2,63,2,8,5,1,7,9,1,10,1,11,16,1,21,121.5768188,25.0825339
114,10,07,12,01,2,05中正區,中正區重慶北路1段與鄭州路口,0,0,1,1,C03,8,6,5,50,4,1,1,5,4,5,13,2,1,1,2,5,2,12,1,80,2,7,5,1,7,9,1,10,1,14,17,1,22,121.5134074,25.0493219
114,10,07,12,10,2,05中正區,中正區中山南路與凱達格蘭大道口,0,0,1,1,B03,8,7,5,50,18,8,1,5,4,5,13,1,1,1,4,1,2,13,1,68,3,10,7,1,7,6,1,8,1,5,9,1,21,121.5173476,25.03927495
114,10,07,12,43,2,04大安區,大安區基隆路4段與羅斯福路4段口,0,0,2,1,C03,8,6,5,50,4,2,1,5,4,5,13,1,1,10,4,5,2,13,1,21,2,7,6,1,7,9,1,10,1,11,44,1,21,121.5375565,25.01157027
114,10,07,12,50,2,07信義區,信義區忠孝東路5段與忠孝東路5段295巷口,0,0,1,1,B03,8,6,5,50,3,1,1,5,4,5,13,4,4,1,4,5,1,17,1,23,3,10,3,4,7,6,1,8,1,17,9,1,22,121.5725435,25.0410449
114,10,07,12,56,2,08士林區,士林區中山北路5段與文林路口,0,0,1,1,B03,8,6,5,50,3,2,1,5,4,5,13,2,1,1,4,5,1,17,2,44,3,10,7,1,7,6,1,8,1,6,9,1,21,121.5255421,25.08628787
114,10,07,13,10,2,03中山區,中山區復興北路與長安東路2段口,0,0,1,1,B01,8,6,5,50,4,1,1,5,4,5,13,1,1,1,4,4,2,12,1,61,3,10,3,4,7,9,1,3,1,2,17,1,21,121.5434256,25.0485394
114,10,07,13,19,2,04大安區,大安區新生南路1段與忠孝東路3段口,0,0,1,1,B03,8,6,5,50,4,1,1,5,4,5,13,2,1,1,3,1,2,16,1,20,3,10,7,1,7,6,1,8,2,5,9,1,22,121.532969,25.0421834
114,10,07,13,44,2,07信義區,信義區和平東路3段395號,0,0,1,1,B01,8,6,5,50,14,9,1,5,4,5,13,1,1,1,3,5,2,12,1,63,3,10,3,4,7,9,1,4,1,4,17,1,21,121.5577227,25.0196242
114,10,07,13,50,2,09北投區,北投區中央北路4段487號,0,0,2,1,C03,8,5,5,50,14,9,1,5,4,5,13,4,4,9,4,5,2,17,2,61,2,9,3,4,7,1,1,10,1,13,19,1,21,121.4691816,25.1284953
114,10,07,14,03,2,05中正區,中正區市民大道1段與中山北路1段口,0,0,1,1,B03,8,6,5,40,4,1,1,5,4,5,13,2,1,1,4,5,2,16,1,56,3,10,7,1,7,6,1,8,1,6,9,1,22,121.5206699,25.04795592
114,10,07,14,03,2,09北投區,北投區中央南路2段103號,0,0,2,1,B02,8,6,5,40,14,9,1,5,4,5,13,4,4,9,5,5,2,16,1,50,3,10,7,1,7,11,1,8,2,7,10,1,21,121.5001521,25.1220798
114,10,07,14,05,2,10文山區,文山區萬慶街(景福街136號),0,0,2,1,C03,8,6,5,30,14,9,1,5,4,5,13,4,4,9,5,5,2,16,1,19,2,9,6,1,7,5,1,10,1,14,8,1,21,121.5359006,24.9956871
114,10,07,14,23,2,07信義區,信義區永吉路30巷與松隆路口,0,0,1,1,B03,8,6,5,30,4,2,1,5,4,5,13,2,1,10,5,5,2,17,1,33,3,10,3,4,7,5,1,8,2,1,71,1,21,121.5687633,25.0442808
114,10,07,14,24,2,02萬華區,萬華區西昌街75號,0,0,2,1,C03,8,6,5,50,14,9,1,5,4,5,13,4,4,10,5,5,2,17,1,75,2,8,5,1,7,5,1,10,1,14,99,1,21,121.5008755,25.0415789
114,10,07,14,26,2,08士林區,士林區中正路與承德路4段口,0,0,1,1,C03,8,6,5,50,4,2,1,5,4,5,13,2,1,1,4,5,1,13,2,32,2,9,5,1,7,9,1,10,2,11,16,1,21,121.5163364,25.0907783
114,10,07,15,10,2,12內湖區,內湖區麗山街62巷與麗山街口,0,0,2,1,C03,8,6,5,30,4,1,1,5,4,5,13,4,4,10,5,5,2,17,1,74,2,9,6,1,7,9,1,10,1,12,75,1,21,121.5802476,25.081466
114,10,07,15,13,2,01大同區,大同區太原路與長安西路口口,0,0,1,1,C03,8,6,5,50,4,2,1,5,4,5,13,2,1,5,5,5,2,16,2,58,2,8,5,1,7,9,1,10,1,11,44,1,21,121.5153263,25.051328
114,10,07,15,25,2,09北投區,北投區明德路與明德路337巷口,0,0,1,1,C03,8,7,5,50,3,1,1,5,4,5,13,4,4,9,5,5,2,16,1,83,2,9,3,4,7,5,1,10,1,11,8,1,21,121.5203674,25.1168317
114,10,07,15,35,2,03中山區,中山區民權東路1段與民權東路1段12巷口,0,0,1,1,B01,8,7,5,50,3,2,1,5,4,5,13,4,4,1,4,4,2,16,2,48,3,10,7,1,7,6,1,4,1,2,9,1,21,121.5234646,25.06261082