發生年度,發生月,發生日,發生時-Hours,發生分,處理別-編號,區序,肇事地點,死亡人數,2-30日死亡人數,受傷人數,當事人序號,車種,天候,光線,道路類別,速限-速度限制,道路型態,事故位置,路面狀況1,路面狀況2,路面狀況3,道路障礙1,道路障礙2,號誌1,號誌2,車道劃分-分向,車道劃分-分道1,車道劃分-分道2,車道劃分-分道3,事故類型及型態,性別,年齡,受傷程度,主要傷處,保護裝置,行動電話,車輛用途,當事者行動狀態,駕駛資格情形,駕駛執照種類,飲酒情形,車輛撞擊部位1,肇因碼-個別,個人肇逃否,職業,座標-X,座標-Y
114,10,09,08,18,2,12內湖區,內湖區康寧路3段與康寧路3段99巷口口,0,0,1,1,C03,7,5,5,50,3,2,1,5,4,5,13,4,4,1,4,4,2,17,1,60,2,9,6,1,7,8,1,10,1,14,100,1,21,121.610081,25.0713094
114,10,09,08,33,2,01大同區,大同區長安西路與延平北路1段口口,0,0,2,1,C03,8,6,5,50,5,1,1,5,4,5,13,2,1,5,5,5,2,12,2,38,2,1,6,1,7,9,1,10,2,14,44,1,21,121.5118569,25.0520274
114,10,09,08,36,2,03中山區,中山區敬業一路與敬業二路口,0,0,1,1,B02,8,6,5,50,4,1,1,5,4,5,13,2,1,4,5,5,1,16,1,38,3,10,3,4,7,6,1,8,1,2,9,1,21,121.5543284,25.08392544
114,10,09,09,01,2,09北投區,北投區天母西路117巷與天母西路口,0,0,1,1,B03,8,7,5,50,3,1,1,5,4,5,13,1,1,4,5,5,2,13,1,60,3,10,7,1,7,5,1,8,1,1,118,1,21,121.5231465,25.1188913
114,10,09,09,08,2,04大安區,大安區四維路236巷與四維路口,0,0,1,1,B12,8,7,5,30,3,2,1,5,4,5,13,4,4,10,5,5,1,3,1,26,4,11,3,4,7,5,7,19,11,15,8,2,22,121.5478611,25.0252057
114,10,09,09,13,2,04大安區,大安區樂業街與樂業街79巷口口,0,0,2,1,C03,8,6,6,50,4,2,1,5,4,5,13,4,4,9,4,5,2,17,2,23,2,9,5,1,7,9,1,10,1,12,44,1,21,121.5509239,25.0218181
114,10,09,09,20,2,09北投區,北投區立農街1段與立農街1段187巷口,0,0,1,1,C03,8,7,5,30,4,1,1,5,4,5,13,1,1,10,5,5,2,16,2,37,3,10,5,1,7,5,1,10,2,11,71,1,22,121.5037899,25.1200704
114,10,09,09,25,2,05中正區,中正區重慶南路1段136巷與重慶南路1段口,0,0,1,1,B03,8,7,5,50,3,1,1,5,4,5,13,4,4,5,4,5,2,16,1,48,3,10,7,1,7,6,6,18,2,5,9,1,21,121.5124823,25.0362333
114,10,09,10,15,2,08士林區,士林區文林路661巷與文林路661巷40弄口,0,0,2,1,C03,8,6,5,30,4,2,1,5,4,5,13,4,4,10,5,5,1,17,1,78,2,3,6,1,7,9,1,10,1,12,75,1,21,121.5214298,25.10009455
114,10,09,10,15,2,10文山區,文山區木柵路3段2號與秀明路1段22巷口口旁,0,0,1,1,C03,8,7,5,30,3,2,1,5,4,5,13,4,4,10,5,5,2,16,1,65,2,9,5,1,7,6,1,11,1,11,80,1,21,121.5643309,24.9885783
114,10,09,10,20,2,07信義區,信義區永吉路127巷與基隆路1段83巷口,0,0,1,1,C03,8,7,5,30,4,1,1,5,4,5,13,4,4,10,5,5,2,15,2,44,2,9,5,4,7,9,6,10,2,11,72,1,21,121.5703805,25.0466646
114,10,09,11,00,2,08士林區,士林區承德路4段與後港街口,0,0,1,1,C03,8,6,5,50,5,1,1,5,4,5,13,1,1,1,4,4,2,17,1,50,2,9,3,4,7,9,1,10,2,17,42,1,21,121.5233703,25.08219547
114,10,09,11,21,2,02萬華區,萬華區堤外便道華江雁鴨自然公園腳踏車道連接華江橋牽引道,0,0,2,1,F01,8,6,8,0,22,22,5,5,4,5,13,4,4,10,5,5,2,10,1,60,2,9,3,4,7,15,8,20,1,11,99,1,22,121.488941,25.03511744
114,10,09,11,25,2,04大安區,大安區瑞安街與瑞安街180巷口,0,0,1,1,C03,8,6,5,50,5,1,1,5,4,5,13,2,1,5,5,5,2,17,1,55,3,10,5,1,7,15,1,10,1,17,100,1,22,121.5410913,25.0286045
114,10,09,11,28,2,02萬華區,萬華區內江街與雅江街口,0,0,1,1,B03,8,7,5,50,4,1,1,5,4,5,13,3,1,5,5,5,2,3,1,56,3,10,3,4,7,11,1,8,1,5,44,1,22,121.5016185,25.0417712
114,10,09,11,43,2,09北投區,北投區中央北路1段73號北投國小前,0,0,2,1,C03,8,7,5,50,14,18,1,5,4,5,13,3,1,5,5,5,2,3,1,85,2,9,5,1,7,9,1,10,1,11,70,1,21,121.5003888,25.1342442
114,10,09,11,45,2,12內湖區,內湖區潭美街與安康路228巷口,0,0,1,1,C03,7,6,5,40,14,9,1,5,4,5,13,1,1,5,5,5,2,13,2,27,2,7,6,1,7,9,1,10,2,11,16,1,21,121.603394,25.0611199
114,10,09,11,52,2,01大同區,大同區延平北路2段與民權西路口,0,0,1,1,C03,8,6,5,40,4,1,1,5,4,5,13,2,1,1,4,5,2,17,1,29,3,10,5,4,7,9,1,10,1,14,44,1,21,121.5113432,25.06283588
114,10,09,12,40,2,12內湖區,內湖區康寧路3段與安康路口,0,0,1,1,B03,8,5,5,50,3,1,1,5,4,5,13,2,1,1,4,1,1,16,1,48,3,10,7,1,7,6,1,8,2,2,9,1,21,121.6109585,25.0648884
114,10,09,12,48,2,08士林區,士林區至善路2段198號號旁,0,0,1,1,A02,8,7,5,50,14,9,1,5,4,5,13,1,1,1,4,5,1,17,1,55,3,10,7,1,7,9,1,2,2,2,108,1,21,121.549144,25.09939316
114,10,09,12,57,2,09北投區,北投區清江路與中央南路1段197巷口,0,0,1,1,C03,8,7,5,30,4,1,1,5,4,5,13,4,4,10,5,5,2,15,1,61,2,9,5,1,7,9,1,10,2,14,72,1,21,121.5019185,25.1286472
114,10,09,12,57,2,10文山區,文山區興隆路2段與景豐街口,0,0,1,1,A05,8,6,5,50,3,2,1,5,4,5,13,2,1,1,4,5,2,13,1,25,3,10,7,1,7,9,1,2,1,5,16,1,21,121.5465497,24.9990179
114,10,09,13,03,2,04大安區,大安區市民大道3段188號,0,0,1,1,B01,8,6,5,40,14,9,1,5,4,5,13,4,4,10,4,5,2,17,1,42,3,10,7,1,7,1,1,4,1,7,19,1,21,121.5376243,25.0445985
114,10,09,13,12,2,03中山區,中山區中山北路1段83巷與中山北路1段口,0,0,1,1,B01,8,6,5,50,3,1,1,5,4,5,13,4,4,1,4,5,2,16,1,49,3,10,3,4,7,6,1,4,1,2,9,1,22,121.522063,25.05051465
114,10,09,13,20,2,01大同區,大同區延平北路2段272巷與安西街口,0,0,1,1,C03,8,6,5,30,4,1,1,5,4,5,13,4,4,9,4,5,2,15,2,49,2,9,5,1,7,9,1,10,1,12,72,1,21,121.509755,25.0620782
114,10,09,13,43,2,01大同區,大同區環河堤外便道(延平宮旁),0,0,1,1,C03,8,6,5,40,14,9,1,5,4,5,13,4,4,10,5,5,2,17,1,71,2,9,5,4,7,9,1,10,1,14,108,1,21,121.506932,25.0525919
114,10,09,13,58,2,05中正區,中正區中華路2段與中華路2段175巷口,0,0,2,1,C03,8,6,5,50,4,1,1,5,4,5,13,4,4,5,4,5,2,13,1,25,2,9,5,1,7,9,1,10,2,11,16,1,21,121.5041496,25.0304115
114,10,09,13,59,2,04大安區,大安區復興南路2段與復興南路口側附近2段148巷口,0,0,1,1,B12,8,6,5,50,4,1,1,5,4,5,13,2,1,1,4,4,2,17,1,35,3,10,7,1,7,5,1,8,1,2,71,1,22,121.5433988,25.0284391
114,10,09,14,05,2,02萬華區,萬華區環河南路1段與西昌街29巷口,0,0,1,1,B12,8,6,5,30,3,1,1,5,4,5,13,4,4,5,4,5,2,17,1,28,3,10,7,1,7,5,1,8,1,4,99,1,21,121.5004613,25.0427032
114,10,09,14,10,2,03中山區,中山區民權東路2段143號,0,0,1,1,B03,8,7,5,50,14,9,1,5,4,5,13,4,4,1,4,5,2,12,2,59,3,10,7,1,7,8,1,8,1,5,100,1,21,121.5344075,25.0625777
114,10,09,14,10,2,08士林區,士林區德行東路與德行東路229巷口,0,0,2,1,C03,8,6,5,50,3,1,1,5,4,5,13,4,4,9,5,5,2,16,1,36,2,9,5,1,7,11,6,10,9,12,10,1,21,121.5331315,25.1094254
114,10,09,14,22,2,07信義區,信義區松仁路與松高路口口,0,0,1,1,B03,8,6,5,50,4,1,1,5,4,5,13,2,1,3,2,5,2,17,2,45,4,11,3,4,7,15,1,8,11,15,44,2,21,121.5684078,25.0389957
114,10,09,15,39,2,04大安區,大安區復興南路2段與復興南路2段128巷口,0,0,1,1,C03,8,6,5,50,3,1,1,5,4,5,13,2,1,1,4,5,2,12,1,78,2,9,6,4,7,7,1,10,1,14,100,1,22,121.54363,25.0293283
114,10,09,16,13,2,02萬華區,萬華區環河快速道路往南過忠孝橋,0,0,1,1,B12,8,7,5,60,14,7,1,5,4,5,13,4,4,10,3,5,2,13,1,33,3,10,7,1,7,9,1,8,1,1,108,1,22,121.5005399,25.0439424
114,10,09,16,32,2,09北投區,北投區大業路與雙全街口,0,0,1,1,B03,8,7,5,50,4,1,1,5,4,5,13,2,1,10,5,5,2,16,1,65,3,10,7,1,7,5,6,18,2,6,71,1,21,121.5010709,25.1371609
114,10,09,16,33,2,03中山區,中山區民族東路336號,0,0,1,1,B03,8,7,5,50,14,9,1,5,4,5,13,4,4,1,3,5,1,17,1,66,3,10,7,1,7,6,1,8,1,6,9,1,21,121.5228533,25.06842602
114,10,09,16,40,2,12內湖區,內湖區內湖路1段661號前,0,0,1,1,A01,8,5,5,50,14,9,1,5,4,5,13,4,4,1,4,5,2,9,1,54,3,10,7,1,7,9,1,2,1,17,42,1,21,121.5748996,25.0802583
114,10,09,16,49,2,04大安區,大安區基隆路高架道往南第104號燈桿,0,0,2,1,B03,8,6,5,60,14,9,1,5,4,5,13,4,4,10,4,5,2,13,2,39,2,1,3,4,7,8,1,8,1,8,100,1,22,121.5487047,25.02903171
114,10,09,16,50,2,10文山區,文山區羅斯福路5段256號,0,0,2,1,C03,8,6,5,50,14,9,1,5,4,5,13,4,4,1,4,5,2,13,2,53,2,8,6,1,7,3,6,18,1,13,44,1,21,121.5392749,25.0009497
114,10,09,17,00,2,04大安區,大安區復興南路2段151巷口側附近,0,0,1,1,B02,8,5,5,50,14,9,1,5,4,5,13,2,1,5,4,5,2,17,1,34,3,10,3,4,7,14,1,8,1,7,38,1,21,121.5437037,25.0284568
114,10,09,17,08,2,03中山區,中山區吉林路與長春路口,0,0,3,1,C03,8,7,5,50,4,1,1,5,4,5,13,1,1,9,4,5,2,17,2,38,2,9,5,1,7,5,1,10,2,11,71,1,21,121.5300924,25.0548721
114,10,09,17,30,2,01大同區,大同區南京西路95號,0,0,1,1,C03,8,5,5,50,14,9,1,5,4,5,13,4,4,1,5,5,2,13,1,55,2,8,6,1,7,9,1,10,1,11,108,1,21,121.5182731,25.0532069
114,10,09,17,44,2,11南港區,南港區三重路41巷33號,0,0,1,1,B03,8,5,5,30,14,9,1,5,4,5,13,4,4,10,5,5,2,17,1,50,3,10,7,1,7,5,1,8,1,6,80,1,21,121.6126035,25.0599233
114,10,09,17,59,2,10文山區,文山區景美溪橋,0,0,2,1,C03,8,5,5,50,8,7,1,5,4,5,13,4,4,1,4,4,2,13,1,40,2,3,3,4,7,9,1,10,1,11,16,1,22,121.5450537,24.9867845
114,10,09,18,04,2,03中山區,中山區復興北路與八德路2段口,0,0,1,1,B03,8,5,5,50,4,2,1,5,4,5,13,2,1,1,4,5,2,16,1,43,3,10,7,1,7,6,1,8,1,2,9,1,21,121.5438116,25.0475945
114,10,09,18,54,2,01大同區,大同區重慶北路3段與民權西路口口,0,0,1,1,C03,8,5,5,50,5,1,1,5,4,5,13,2,1,1,4,5,2,15,1,69,3,10,6,1,7,12,1,10,2,11,81,1,22,121.513739,25.0631241
114,10,09,19,10,2,05中正區,中正區貴陽街1段120號,0,0,1,1,B03,8,5,5,50,14,9,1,5,4,5,13,4,4,5,4,5,1,17,1,28,3,10,7,1,7,7,1,8,1,3,14,1,21,121.5084355,25.0391048
114,10,09,19,10,2,12內湖區,內湖區瑞光路與陽光街口口,0,0,1,1,A02,7,5,5,50,4,1,1,5,4,5,13,2,1,5,4,5,2,12,1,30,3,10,7,1,7,9,1,2,1,2,17,1,21,121.5792478,25.0736097
114,10,09,19,23,2,12內湖區,內湖區行善路456號,0,0,1,1,B01,6,5,5,40,14,8,1,4,4,5,13,4,4,3,4,4,1,17,1,45,3,10,7,1,7,14,1,4,1,7,40,1,26,121.5854376,25.0644629
114,10,09,19,31,2,09北投區,北投區中央北路1段與大業路口,0,0,1,1,C03,8,5,5,50,4,1,1,5,4,5,13,2,1,1,4,5,2,17,1,22,2,9,6,1,7,5,1,10,1,13,8,1,22,121.4972424,25.1360605
114,10,09,19,40,2,11南港區,南港區大坑街與研究院路2段61巷口,0,0,1,1,C03,8,5,5,50,4,1,1,5,4,5,13,1,1,4,3,5,2,16,2,25,2,8,5,1,7,5,1,10,2,13,8,1,21,121.6178835,25.0453703
114,10,09,19,50,2,03中山區,中山區長春路28號對面,0,0,2,1,B03,8,5,5,50,14,7,1,5,4,5,13,4,4,9,5,4,1,17,1,47,2,2,7,1,7,11,1,8,1,4,10,1,21,121.5250025,25.0549169
114,10,09,19,50,2,10文山區,文山區木柵路4段52號（公車站名捷運木柵站）,0,0,1,1,A02,8,5,5,50,14,9,1,5,4,5,13,2,1,5,4,5,2,9,1,64,3,10,7,1,7,15,1,2,11,17,44,1,21,121.5739619,24.9975627
114,10,09,19,51,2,05中正區,中正區水源路11-1號附近,0,0,1,1,B13,8,5,5,50,14,9,1,5,4,5,13,4,4,9,5,5,2,17,1,43,3,10,3,4,7,14,1,8,2,4,120,1,26,121.5257007,25.0158285
114,10,09,20,00,2,08士林區,士林區福林路與中山北路5段口,0,0,2,1,G06,8,5,5,50,4,1,1,5,4,5,13,2,1,4,4,5,2,17,1,16,2,9,4,4,7,9,8,20,1,11,99,1,21,121.5282468,25.0940306
114,10,09,20,24,2,03中山區,中山區吉林路426號,0,0,1,1,C03,8,5,5,50,14,7,1,5,4,5,13,4,4,5,4,4,2,17,1,21,2,9,5,1,7,12,1,10,1,17,44,1,21,121.5321023,25.0659546
114,10,09,20,40,2,04大安區,大安區信義路4段與敦化南路2段口口,0,0,1,1,B03,8,5,5,50,4,1,1,5,4,5,13,2,1,4,4,5,2,17,1,58,3,10,7,1,7,6,1,8,1,5,9,1,22,121.5484273,25.0331745
114,10,09,20,51,2,09北投區,北投區明德路與明德路333巷口,0,0,1,1,B03,8,5,5,30,3,1,1,5,4,5,13,4,4,5,5,5,2,16,1,49,3,10,7,1,7,5,1,8,1,8,72,1,22,121.5201826,25.1161636
114,10,09,20,58,2,04大安區,大安區市民大道4段32號迴轉道,0,0,1,1,B03,8,5,5,40,14,9,1,5,4,5,13,4,4,1,4,5,2,13,1,59,3,10,7,1,7,9,1,8,1,1,16,1,21,121.5452254,25.0449723
114,10,09,21,03,2,04大安區,大安區市民大道3段310號前,0,0,2,1,C03,8,5,5,40,14,9,1,5,4,5,13,4,4,8,3,5,1,12,1,19,2,8,5,1,7,9,1,10,1,12,17,1,25,121.5434083,25.0447213
114,10,09,21,12,2,06松山區,松山區市民大道5段與八德路4段72巷口,0,0,1,1,B01,8,5,5,40,3,1,1,5,4,5,13,4,4,1,4,5,2,9,1,61,3,10,7,1,7,14,1,8,9,17,36,1,26,121.5602928,25.0462588
114,10,09,21,15,2,10文山區,文山區景興路與景華街口,0,0,1,1,C03,8,5,5,50,4,1,1,5,4,5,13,1,1,1,4,5,2,17,1,21,2,9,6,1,7,9,1,10,2,12,13,1,21,121.5446964,24.9951646
114,10,09,21,49,2,04大安區,大安區師大路與雲和街口,0,0,2,1,C03,8,5,5,50,4,2,1,5,4,5,13,4,4,5,5,5,2,17,2,24,2,9,6,1,7,9,1,10,1,11,14,1,21,121.5285075,25.0236227
114,10,09,22,00,2,03中山區,中山區長安東路2段與遼寧街口,0,0,1,1,B01,8,5,5,50,4,1,1,5,4,5,13,2,1,5,4,5,2,17,1,42,3,10,7,1,7,5,1,4,1,17,71,1,21,121.5421733,25.0483289
114,10,09,22,03,2,01大同區,大同區承德路3段176巷與民族西路75巷口,0,0,2,1,C03,7,5,5,30,3,2,1,5,4,5,13,4,4,10,5,5,2,15,2,30,2,9,6,4,7,15,1,10,1,11,72,1,21,121.5180299,25.0691239
114,10,09,22,19,2,05中正區,中正區忠孝西路1段與館前路口,0,0,1,1,B01,8,5,5,30,14,9,1,5,4,5,13,4,4,10,4,5,2,12,1,67,4,11,7,4,7,8,1,4,11,2,100,2,21,121.5150397,25.0472226
114,10,09,22,37,2,09北投區,北投區承德路6段與文承路口,0,0,1,1,C03,8,5,5,60,3,2,1,5,4,5,13,2,1,1,4,4,2,13,1,21,2,9,6,1,7,9,1,10,1,11,16,1,26,121.511805,25.1051215
114,10,09,22,42,2,03中山區,中山區建國高架道,0,0,2,1,B03,8,5,5,70,10,9,1,5,4,5,13,4,4,1,4,5,2,17,1,58,2,9,7,1,7,9,1,8,2,1,44,1,21,121.5358626,25.06813987
114,10,09,23,26,2,12內湖區,內湖區舊宗路2段與民權東路6段口,0,0,2,1,B03,8,5,5,50,14,9,1,5,4,5,13,2,1,1,4,5,2,13,1,44,3,10,7,1,7,9,1,8,1,1,16,1,21,121.5748318,25.0661188
114,10,10,02,43,2,10文山區,文山區景興路300號,0,0,1,1,C03,8,6,5,50,14,9,1,5,4,5,13,4,4,9,5,5,2,17,2,18,2,9,6,1,7,9,1,10,1,11,13,1,21,121.5420972,24.9888921
114,10,10,04,21,2,03中山區,中山區民族東路果菜市場車道口,0,0,2,1,C03,8,5,5,50,14,9,1,5,4,5,13,2,1,1,4,5,2,12,1,43,2,9,6,1,7,1,1,10,1,14,19,1,21,121.5381256,25.0681264
114,10,10,06,27,2,05中正區,中正區林森北路與北平東路口,0,0,2,1,C03,8,6,5,50,4,1,1,5,4,5,13,1,1,5,4,5,2,16,1,64,2,9,6,1,7,5,1,10,2,11,96,1,22,121.5237535,25.0463722
114,10,10,06,59,2,06松山區,松山區八德路3段74巷41號,0,0,1,1,B03,8,5,5,30,14,9,1,5,4,5,13,4,4,9,5,5,2,9,1,50,3,10,3,4,7,2,1,8,2,7,12,1,22,121.5524732,25.0461658
114,10,10,08,06,2,04大安區,大安區建國南路1段32號,0,0,1,1,B02,8,6,5,50,14,9,1,5,4,5,13,4,4,10,4,5,2,14,1,56,3,10,3,4,7,2,1,8,1,3,12,1,21,121.536329,25.0440652
114,10,10,08,20,2,09北投區,北投區行義路與行義路186巷口,0,0,1,1,B03,8,6,7,40,3,18,1,5,4,5,13,3,1,5,2,5,2,6,2,72,3,10,7,1,7,9,1,8,1,2,70,2,21,121.5284163,25.1322862
114,10,10,08,38,2,11南港區,南港區玉成街138號,0,0,1,1,B02,8,6,5,50,14,9,1,5,4,5,13,4,4,5,5,5,2,12,1,42,3,10,3,4,7,9,1,8,1,2,99,1,22,121.583196,25.0451017
114,10,10,08,39,2,09北投區,北投區石牌路1段39巷與石牌路1段39巷131弄口,0,0,3,1,C03,8,7,5,30,4,1,1,5,4,5,13,4,4,10,5,5,2,15,2,43,2,9,5,1,7,9,1,10,1,11,72,1,21,121.5085869,25.1181151
114,10,10,08,47,2,03中山區,中山區中原街與新生北路2段119巷口,0,0,1,1,B13,8,6,5,30,4,1,1,5,4,6,12,4,4,9,4,5,2,11,1,56,3,10,3,4,7,9,1,8,1,1,72,1,21,121.5288773,25.05922536
114,10,10,08,57,2,09北投區,北投區承德路6段120號,0,0,1,1,B03,8,6,5,40,14,8,1,5,4,5,13,4,4,1,4,4,2,16,1,37,3,10,7,1,7,6,1,8,1,2,9,1,21,121.5123114,25.1033757
114,10,10,09,07,2,11南港區,南港區研究院路3段與研究院路3段175巷口,0,0,1,1,B03,8,7,5,50,3,1,1,5,4,5,13,3,1,5,5,5,2,17,1,57,3,10,7,1,7,1,1,8,1,8,19,1,21,121.6124377,25.0333899
114,10,10,09,20,2,08士林區,士林區中山北路6段360號對面,0,0,2,1,B03,8,5,8,50,22,22,1,5,4,5,13,4,4,1,5,5,1,17,2,55,3,10,7,1,7,9,1,8,1,2,17,1,21,121.5263481,25.1125679
114,10,10,09,21,2,10文山區,文山區羅斯福路5段95號,0,0,1,1,F01,8,6,8,0,22,20,4,5,5,5,13,4,4,10,5,5,2,37,1,54,2,9,4,1,7,9,8,20,1,11,99,1,21,121.5392115,25.0059051
114,10,10,10,00,2,03中山區,中山區民族西路與玉門街口,0,0,1,1,B01,8,6,5,50,14,9,1,5,4,5,13,4,4,4,5,5,1,13,1,54,3,10,3,4,7,9,1,4,1,8,108,1,21,121.5203666,25.06850285
114,10,10,10,01,2,04大安區,大安區芳蘭路與長興街口,0,0,1,1,F01,8,6,5,50,3,2,1,5,4,5,13,2,1,5,5,5,2,16,1,59,2,1,2,4,7,7,8,20,2,14,100,1,22,121.5474946,25.0148294
114,10,10,10,06,2,08士林區,士林區菁山路與無名巷口,0,0,2,1,B03,8,6,5,30,3,1,1,5,4,5,13,4,4,5,5,5,1,17,1,48,3,10,7,1,7,5,1,8,2,8,74,1,22,121.5590021,25.1427392
114,10,10,10,11,2,04大安區,大安區永康街31巷與信義路2段198巷口,0,0,1,1,B01,8,5,5,30,4,1,1,5,4,5,13,4,4,10,5,5,2,15,1,25,3,10,3,4,7,9,1,8,1,2,72,1,21,121.5309313,25.0316536
114,10,10,10,36,2,08士林區,士林區延平北路5段與延平北路5段213巷口,0,0,3,1,C03,8,6,5,50,3,2,1,5,4,5,13,4,4,10,4,5,1,17,1,66,2,9,6,1,7,6,1,10,2,14,9,1,21,121.5099642,25.0837465
114,10,10,10,50,2,04大安區,大安區忠孝東路4段與復興南路1段口口,0,0,1,1,B03,8,6,5,50,4,1,1,5,4,5,13,2,1,1,4,5,2,16,1,34,3,10,7,1,7,6,1,8,1,2,9,1,21,121.5439388,25.0417425
114,10,10,11,09,2,03中山區,中山區新生北路2段73號,0,0,1,1,B03,8,6,5,50,14,9,1,5,4,5,13,4,4,10,3,5,1,17,1,77,3,10,7,1,7,1,1,8,1,1,19,1,21,121.5277142,25.05657616
114,10,10,11,13,2,08士林區,士林區至誠路2段與至誠路2段51巷口,0,0,1,1,C03,8,6,5,50,4,1,1,5,4,5,13,4,4,4,5,5,1,15,2,23,3,10,5,1,7,9,1,10,2,11,108,1,21,121.5281205,25.1014869
114,10,10,11,30,2,03中山區,中山區新生北路3段與濱江街口,0,0,1,1,B03,8,6,5,50,3,1,1,5,4,5,13,3,1,1,5,5,1,16,1,58,3,10,3,4,7,5,1,8,1,5,80,1,21,121.5278384,25.07064772
114,10,10,11,42,2,03中山區,中山區建國北路3段與建國北路3段86巷口,0,0,1,1,B01,8,6,5,50,3,1,1,5,4,5,13,3,1,9,5,5,2,3,1,67,4,11,3,4,7,6,7,19,11,6,118,2,22,121.5342141,25.0669119
114,10,10,11,52,2,05中正區,中正區羅斯福路3段316巷與羅斯福路3段口,0,0,3,1,C03,8,6,5,30,4,1,1,5,4,5,13,1,1,10,5,5,1,13,1,31,2,7,5,1,7,9,1,10,2,11,16,1,21,121.5327478,25.0160176
114,10,10,12,04,2,04大安區,大安區光復南路420巷與延吉街口側附近口,0,0,1,1,F01,8,6,5,30,4,1,1,5,4,5,13,4,4,10,5,5,2,15,2,74,2,9,4,1,7,9,8,20,1,11,72,1,21,121.5556045,25.0365498
114,10,10,12,33,2,04大安區,大安區臥龍街151巷7號,0,0,1,1,B03,8,6,5,50,14,9,1,5,4,3,10,4,4,9,5,5,2,29,1,36,2,9,7,1,7,7,1,8,1,4,108,1,21,121.5512793,25.0187502
114,10,10,12,38,2,04大安區,大安區信義路2段198巷與永康街17巷口口,0,0,1,1,C03,8,6,5,30,4,1,1,5,4,5,13,4,4,10,4,5,2,15,2,43,2,8,5,1,7,9,1,10,1,17,72,1,21,121.530706,25.0323781
114,10,10,12,40,2,07信義區,信義區基隆路1段333號,0,0,1,1,C03,8,6,5,50,14,9,1,5,4,5,13,4,4,1,4,5,2,17,1,33,2,9,6,4,7,1,1,10,2,14,19,1,26,121.5607001,25.0347074
114,10,10,12,41,2,05中正區,中正區羅斯福路3段58巷與晉江街口,0,0,2,1,B03,8,5,5,30,5,1,1,5,4,3,10,4,4,10,5,5,2,17,1,51,3,10,7,1,7,6,1,8,1,5,75,1,21,121.5254773,25.0222277
114,10,10,12,54,2,07信義區,信義區松高路台北市政府公務停車場入口,0,0,2,1,C03,8,6,5,50,14,9,1,5,4,5,13,4,4,5,4,5,2,13,1,23,2,6,6,1,7,9,1,10,1,11,16,1,21,121.5650279,25.0390774
114,10,10,13,20,2,02萬華區,萬華區大理街170巷與大理街160巷21弄口,0,0,1,1,C03,8,7,5,30,3,2,1,5,4,5,13,4,4,10,5,5,2,12,1,30,2,9,5,1,7,9,1,10,2,12,108,1,21,121.493023,25.0328746
114,10,10,13,24,2,03中山區,中山區復興北路地下道與濱江街口,0,0,1,1,B03,8,6,5,40,4,1,1,5,4,5,13,1,1,1,5,1,2,13,1,33,3,10,3,4,7,9,1,8,1,1,16,1,22,121.5445085,25.0719404
114,10,10,13,50,2,05中正區,中正區愛國西路與延平南路口,0,0,4,1,C03,8,6,5,50,4,1,1,5,4,5,12,1,1,1,4,5,2,17,1,42,2,8,6,4,7,6,1,10,1,13,9,1,22,121.5081762,25.03722609
114,10,10,14,31,2,10文山區,文山區羅斯福路5段與興隆路1段口,0,0,3,1,C03,8,6,5,50,4,1,1,5,4,5,13,2,1,1,4,5,2,15,1,28,2,9,6,1,7,9,3,18,2,14,81,1,21,121.5387012,25.0043819
114,10,10,14,39,2,04大安區,大安區基隆路3段與辛亥路3段口,0,0,1,1,C03,8,5,5,50,4,2,1,5,4,5,13,2,1,1,4,5,2,12,1,74,4,11,5,4,7,15,1,10,9,11,101,1,21,121.5469918,25.0191907
114,10,10,15,03,2,11南港區,南港區同德路與成福路口,0,0,2,1,B03,8,6,5,50,4,1,1,5,4,5,13,2,1,5,5,5,2,16,1,64,3,10,3,4,7,5,1,8,1,8,8,1,22,121.5858883,25.0460524
114,10,10,15,48,2,08士林區,士林區百齡橋與承德路4段口,0,0,2,1,B03,8,5,5,50,3,1,1,5,4,5,13,4,4,1,4,5,2,17,1,19,2,1,3,4,7,6,1,8,1,5,9,1,22,121.5194204,25.09631541
114,10,10,15,50,2,01大同區,(民權西路184巷9號前),0,0,1,1,H01,8,6,5,0,14,9,1,5,4,5,13,4,4,10,5,5,2,9,2,71,2,9,4,5,8,21,8,20,1,16,60,1,21,121.5146894,25.0622792
114,10,10,16,10,2,09北投區,北投區軟橋街與士科路口,0,0,2,1,C03,8,5,5,50,3,2,1,5,4,5,13,4,4,5,4,5,2,17,2,57,2,9,3,4,7,6,1,10,2,14,71,1,21,121.5147786,25.0997095
114,10,10,16,50,2,05中正區,中正區和平西路1段101號,0,0,1,1,B01,8,6,5,50,14,9,1,5,4,5,13,4,4,1,4,5,1,17,2,66,3,10,7,1,7,7,1,4,2,2,100,1,21,121.5179412,25.0269027
114,10,10,17,00,2,03中山區,中山區市民大道2段與長安東路1段52巷口,0,0,2,1,C03,8,7,5,40,3,2,1,5,4,5,13,1,1,1,4,5,2,17,2,49,2,3,5,1,7,9,1,10,1,11,108,1,21,121.5280649,25.0469636
114,10,10,17,09,2,11南港區,南港區市民大道8段與南港路2段178巷口,0,0,3,1,C03,8,7,5,50,3,1,1,5,4,5,13,1,1,1,4,5,2,9,1,32,2,8,5,1,7,9,3,18,2,11,70,1,21,121.599764,25.0522032