發生年度,發生月,發生日,發生時-Hours,發生分,處理別-編號,區序,肇事地點,死亡人數,2-30日死亡人數,受傷人數,當事人序號,車種,天候,光線,道路類別,速限-速度限制,道路型態,事故位置,路面狀況1,路面狀況2,路面狀況3,道路障礙1,道路障礙2,號誌1,號誌2,車道劃分-分向,車道劃分-分道1,車道劃分-分道2,車道劃分-分道3,事故類型及型態,性別,年齡,受傷程度,主要傷處,保護裝置,行動電話,車輛用途,當事者行動狀態,駕駛資格情形,駕駛執照種類,飲酒情形,車輛撞擊部位1,肇因碼-個別,個人肇逃否,職業,座標-X,座標-Y
114,10,13,09,18,2,10文山區,文山區萬芳路與萬和街口,0,0,1,1,C03,8,5,5,40,3,1,1,5,4,5,13,2,1,10,5,5,2,13,1,25,2,8,6,1,7,5,1,10,1,11,42,1,22,121.5691839,24.9987328
114,10,13,09,30,2,10文山區,文山區木柵路3段與木新路1段口,0,0,2,1,C03,8,6,5,50,3,2,1,5,4,5,13,1,1,5,4,5,2,13,1,63,2,9,5,1,7,1,1,10,2,11,19,1,21,121.5709259,24.9903952
114,10,13,09,58,2,05中正區,中正區臨沂街與臨沂街27巷口,0,0,2,1,C03,8,5,5,30,4,1,1,5,4,5,13,4,4,9,4,5,2,17,1,42,2,8,5,1,7,9,1,10,2,11,72,1,21,121.5302665,25.0411454
114,10,13,10,05,2,02萬華區,萬華區桂林路242巷與桂林路244巷口,0,0,1,1,C03,8,6,5,50,3,1,1,5,4,5,13,1,1,1,4,5,2,12,1,37,3,10,6,1,7,9,1,10,1,14,101,1,21,121.4955645,25.0384773
114,10,13,10,15,2,04大安區,大安區基隆路3段與基隆路3段155巷口,0,0,1,1,C03,8,6,5,50,4,2,1,5,4,5,13,2,1,1,4,5,2,29,2,49,2,9,6,1,7,5,1,10,1,14,42,1,21,121.5424824,25.0157315
114,10,13,10,22,2,03中山區,中山區中原街與新生北路2段149巷口,0,0,1,1,C03,8,6,5,50,4,1,1,5,4,5,13,4,4,9,5,5,2,17,1,34,3,10,5,1,7,5,1,10,2,17,44,1,22,121.5289674,25.0620074
114,10,13,10,22,2,05中正區,中正區牯嶺街73號,0,0,1,1,C03,8,6,5,50,14,9,1,5,4,5,13,4,4,9,5,5,2,17,2,66,2,7,6,1,7,1,1,10,1,13,19,1,26,121.5174539,25.0286847
114,10,13,10,27,2,10文山區,文山區保儀路與永安街22巷口,0,0,2,1,C03,8,6,5,50,3,1,1,5,4,5,13,1,1,10,5,5,2,16,2,74,2,9,6,1,7,5,1,10,2,11,44,1,21,121.5683548,24.9868648
114,10,13,10,43,2,06松山區,松山區健康路131號,0,0,1,1,B01,8,6,5,50,14,19,1,4,4,5,13,2,1,1,5,1,2,3,1,66,3,10,3,4,7,5,1,4,1,1,108,1,21,121.5578136,25.0537435
114,10,13,11,12,2,12內湖區,內湖區陽光街與陽光街265巷口,0,0,1,1,C03,8,6,5,50,14,9,1,5,4,5,13,2,1,5,5,5,2,17,2,71,3,10,6,1,7,9,1,10,1,11,108,1,21,121.5808592,25.07444975
114,10,13,11,20,2,08士林區,士林區承德橋與通河街口,0,0,1,1,B03,8,6,5,50,4,1,1,5,4,5,13,2,1,4,4,5,2,17,2,54,3,10,3,4,7,6,1,8,1,2,9,1,21,121.5222529,25.0801949
114,10,13,11,22,2,05中正區,中正區和平西路1段與羅斯福路2段口,0,0,2,1,C03,8,6,5,50,4,1,1,5,4,5,13,1,1,3,4,5,2,13,1,39,2,7,5,1,7,9,1,10,1,11,108,1,21,121.5222681,25.02711865
114,10,13,12,02,2,01大同區,大同區環河快速道路與民生西路口,0,0,1,1,C03,8,6,5,50,4,2,1,5,4,5,13,1,1,5,2,5,2,17,1,62,2,8,6,1,7,11,1,10,1,13,92,1,21,121.5081512,25.05676784
114,10,13,12,14,2,03中山區,中山區松江路123巷與伊通街口,0,0,1,1,B03,8,7,5,30,4,1,1,5,4,5,13,4,4,9,4,5,2,9,1,34,3,10,7,1,7,9,1,8,1,1,108,1,21,121.5348178,25.0529103
114,10,13,12,25,2,12內湖區,內湖區港墘路37巷與內湖路1段737巷口,0,0,2,1,C03,8,6,5,50,4,1,1,5,4,5,13,2,1,5,5,5,2,3,1,53,2,9,6,1,7,9,1,10,1,11,42,1,21,121.5792591,25.0820654
114,10,13,12,35,2,03中山區,中山區中山北路2段36巷與中山北路2段口口,0,0,1,1,B01,8,6,5,50,3,2,1,5,4,5,13,4,4,1,4,5,2,13,1,65,3,10,7,1,7,8,1,4,2,3,100,1,22,121.5225869,25.0553903
114,10,13,12,40,2,03中山區,中山區民族東路96號,0,0,1,1,B03,8,6,5,50,14,9,1,5,4,5,13,4,4,5,4,5,2,17,1,32,3,10,7,1,7,7,1,8,1,8,100,1,21,121.527622,25.0685446
114,10,13,13,08,2,10文山區,文山區景文街與景中街口,0,0,1,1,B01,8,6,5,50,4,1,1,5,4,5,13,1,1,5,5,5,2,16,1,59,3,10,7,1,7,5,1,4,2,4,8,1,21,121.5413133,24.993048
114,10,13,13,35,2,01大同區,大同區延平北路3段與延平北路3段83巷口,0,0,3,1,C03,8,6,5,50,4,2,1,5,4,5,13,1,1,5,4,5,2,16,1,45,2,9,6,1,7,11,1,10,2,12,10,1,21,121.5109897,25.0673083
114,10,13,13,50,2,11南港區,南港區市民大道7段與向陽路口,0,0,1,1,C03,8,6,5,50,4,1,1,5,4,5,13,2,1,1,4,5,2,16,2,50,2,9,5,1,7,5,1,10,2,14,8,2,22,121.5954236,25.0514433
114,10,13,13,58,2,08士林區,士林區大南路與華齡街口,0,0,1,1,B02,8,6,5,30,3,1,1,5,4,5,13,4,4,5,5,5,2,16,1,54,3,10,7,1,7,11,1,4,1,8,10,1,26,121.5199045,25.08862173
114,10,13,14,10,2,08士林區,士林區基河路與美崙街口,0,0,1,1,C03,8,7,5,50,3,2,1,5,4,5,13,2,1,5,4,5,1,13,1,41,3,10,5,1,7,12,1,10,1,11,16,1,21,121.5193257,25.09629611
114,10,13,14,15,2,03中山區,中山區八德路2段167巷與建國北路1段23巷口,0,0,2,1,C03,8,6,5,30,4,1,1,5,4,5,13,4,4,10,5,5,2,15,1,64,2,9,5,1,7,9,1,10,1,11,72,1,21,121.5379012,25.04747191
114,10,13,14,34,2,01大同區,大同區重慶北路1段與長安西路口,0,0,2,1,C03,8,6,5,50,14,9,1,5,4,5,13,2,1,9,4,5,1,17,2,27,2,7,6,4,7,5,1,10,1,12,8,1,21,121.5139391,25.0515787
114,10,13,14,37,2,10文山區,文山區秀明路1段木柵國小公車站,0,0,1,1,B01,8,6,5,50,14,9,1,5,4,5,13,3,1,1,4,5,2,16,1,66,3,10,7,1,7,11,1,8,1,4,10,1,21,121.5698243,24.991697
114,10,13,14,58,2,01大同區,大同區通河西街1段第0802676號燈桿,0,0,2,1,F01,8,5,5,25,22,9,1,5,4,5,13,4,4,10,5,5,2,17,1,63,2,9,4,1,7,11,8,20,1,15,10,1,21,121.517756,25.0777784
114,10,13,15,30,2,08士林區,士林區至善路1段138巷102號,0,0,2,1,C03,8,6,5,30,11,9,1,5,4,5,13,4,4,10,5,5,2,10,2,19,2,9,3,4,7,9,1,10,1,11,5,1,21,121.5428937,25.09676223
114,10,13,15,46,2,03中山區,中山區北安路655號,0,0,1,1,C03,8,7,5,50,14,9,1,5,4,5,13,4,4,1,4,5,2,12,1,33,2,9,6,1,7,7,1,10,1,14,100,1,21,121.5493099,25.0842827
114,10,13,16,04,2,08士林區,士林區雨聲街與雨聲街165巷口,0,0,1,1,C03,8,7,5,50,4,1,1,5,4,5,13,1,1,5,5,5,2,17,1,22,2,8,6,1,7,9,1,10,1,11,16,1,21,121.5335889,25.10239375
114,10,13,16,11,2,03中山區,中山區長安東路2段27號,0,0,1,1,B03,8,5,5,50,14,9,1,5,4,5,13,4,4,1,4,5,2,13,2,47,3,10,3,4,7,9,1,8,1,5,16,1,21,121.531266,25.0485268
114,10,13,16,11,2,09北投區,北投區榮華三路與榮華三路42巷口,0,0,2,1,B03,8,6,5,30,4,1,1,5,4,5,13,4,4,5,5,5,2,15,2,53,2,9,7,1,7,9,1,8,1,5,75,1,21,121.5206903,25.1140814
114,10,13,16,22,2,09北投區,北投區西安街1段與致遠一路1段46巷口,0,0,1,1,A02,8,5,5,40,4,2,1,5,4,5,13,1,1,9,4,5,1,17,1,55,3,10,7,1,7,15,1,1,9,17,16,1,26,121.5181677,25.1103442
114,10,13,16,35,2,03中山區,中山區龍江路與龍江路345巷口,0,0,2,1,C03,8,6,5,40,3,1,1,5,4,5,13,4,4,5,2,5,2,13,2,21,2,9,6,1,7,9,1,10,2,11,16,1,21,121.5408941,25.063403
114,10,13,16,39,2,08士林區,士林區中山北路5段與福林橋口,0,0,1,1,B03,8,7,5,50,5,1,1,5,4,5,13,2,1,5,4,5,1,17,1,62,3,10,7,1,7,7,1,8,1,5,100,1,21,121.5274996,25.09780086
114,10,13,16,45,2,01大同區,大同區通河西街1段第038號燈桿,0,0,1,1,C03,8,5,5,25,11,9,1,5,4,5,13,4,4,9,5,5,2,12,1,22,2,9,5,1,7,4,1,10,1,11,1,1,21,121.5163013,25.0791156
114,10,13,16,50,2,09北投區,北投區大同街與永興路1段口,0,0,1,1,B03,8,5,5,50,4,2,1,5,4,5,13,1,1,9,4,5,2,17,2,62,3,10,7,1,7,6,1,8,1,8,80,1,21,121.4991113,25.1384804
114,10,13,17,04,2,06松山區,松山區敦化北路與南京東路4段口,0,0,1,1,B01,8,6,5,30,4,1,1,5,4,5,13,1,1,1,3,4,2,17,1,53,3,10,3,4,7,6,1,4,1,1,9,1,21,121.5485066,25.0518418
114,10,13,17,51,2,06松山區,松山區光復北路191號,0,0,1,1,C03,8,5,5,50,14,9,1,5,4,5,13,4,4,5,4,5,2,13,1,41,2,9,6,1,7,9,1,10,1,11,16,1,25,121.5550902,25.0593701
114,10,13,17,58,2,05中正區,中正區愛國東路100號口,0,0,1,1,C03,8,5,5,40,14,7,1,5,4,5,13,4,4,1,4,4,2,12,1,62,2,8,5,1,7,8,1,10,1,14,100,1,21,121.5211796,25.032888
114,10,13,17,58,2,12內湖區,內湖區新豐街與行善路231巷口,0,0,3,1,C03,8,5,5,30,4,1,1,5,4,5,13,4,4,5,5,5,2,16,2,44,2,9,5,1,7,5,1,10,2,13,72,1,21,121.5831279,25.0598653
114,10,13,17,59,2,12內湖區,內湖區民權東路6段138號,0,0,1,1,B03,8,5,5,50,14,9,1,5,4,5,13,4,4,9,4,5,2,12,1,52,3,10,7,1,7,8,1,8,2,2,100,1,21,121.5884828,25.0689703
114,10,13,18,10,2,09北投區,北投區公館路與北投路1段口,0,0,2,1,C03,8,5,5,50,4,1,1,5,4,5,13,1,1,5,4,5,2,16,1,46,2,9,6,1,7,5,1,10,1,12,71,1,21,121.5026816,25.121416
114,10,13,18,24,2,04大安區,大安區和平東路2段與建國南路2段口口,0,0,2,1,B03,8,5,5,50,4,1,1,5,4,5,13,2,1,1,4,5,2,17,1,30,2,1,3,4,7,8,1,8,1,6,100,1,22,121.5383959,25.0258468
114,10,13,18,30,2,03中山區,中山區松江路295號,0,0,1,1,C03,8,5,5,50,14,9,1,5,4,5,13,4,4,7,2,5,2,17,1,24,3,10,5,1,7,7,1,10,1,13,100,1,21,121.5362058,25.068029
114,10,13,18,54,2,05中正區,中正區徐州路12號,0,0,1,1,B03,8,5,5,40,14,7,1,5,4,5,13,4,4,9,4,4,2,16,1,48,3,10,7,1,7,11,1,4,1,4,10,1,21,121.5227826,25.0408792
114,10,13,19,03,2,10文山區,文山區羅斯福路5段與羅斯福路5段170巷口,0,0,2,1,C03,8,5,5,50,4,4,1,5,4,5,13,2,1,1,4,5,2,13,1,59,2,7,5,1,7,9,1,10,1,11,108,1,21,121.5387409,25.0047159
114,10,13,19,10,2,10文山區,文山區指南路2段12號,0,0,1,1,C03,8,5,5,50,14,9,1,5,4,5,13,2,1,5,5,5,1,12,2,24,2,8,6,1,7,9,1,10,1,14,17,1,21,121.5743659,24.9878829
114,10,13,19,10,2,07信義區,信義區永吉路333號,0,0,1,1,C03,8,5,5,40,14,8,1,5,4,5,13,4,4,3,4,4,2,12,1,64,2,9,5,1,7,10,1,10,1,14,100,1,21,121.5761394,25.0455494
114,10,13,19,17,2,01大同區,大同區環河北路1段與鄭州路口口,0,0,1,1,C03,8,5,5,50,4,2,1,5,4,5,13,2,1,5,4,5,2,11,1,54,2,9,5,1,7,7,1,10,2,14,99,1,21,121.5066596,25.0503455
114,10,13,19,34,2,03中山區,中山區市民高架道往西建國閘道,0,0,1,1,B03,8,5,5,40,14,16,1,5,4,5,13,4,4,5,4,5,2,13,1,30,3,10,7,1,7,9,1,8,1,1,16,1,22,121.537461,25.04482077
114,10,13,19,37,2,12內湖區,內湖區內湖路1段與基湖路口,0,0,1,1,B02,8,5,5,50,4,1,1,5,4,5,13,2,1,5,4,5,2,16,1,54,3,10,3,4,7,6,1,8,1,2,9,1,22,121.5655578,25.0823039
114,10,13,20,34,2,04大安區,大安區市民大道4段與光復南路口口,0,0,1,1,B03,8,5,5,50,4,1,1,5,4,5,13,2,1,1,4,5,2,12,1,59,3,10,3,4,7,9,1,8,1,4,101,1,22,121.5576577,25.0448871
114,10,13,21,36,2,11南港區,南港區南港路2段與向陽路口,0,0,1,1,C03,8,6,5,50,4,2,1,5,5,5,13,2,1,1,4,5,2,18,2,28,2,9,6,4,7,9,1,10,1,14,116,1,21,121.5952371,25.0545264
114,10,13,22,22,2,03中山區,中山區中山北路3段39號,0,0,1,1,C03,8,6,5,50,14,9,2,5,4,5,13,4,4,1,4,5,2,13,1,19,2,9,6,4,7,9,1,10,1,11,108,1,22,121.5224193,25.0659196
114,10,13,23,00,2,07信義區,信義區松仁路226號,0,0,3,1,C03,7,5,8,50,22,22,1,5,4,5,13,1,1,5,4,5,2,13,2,38,2,9,6,1,7,9,1,10,2,11,108,1,22,121.5687657,25.0259189
114,10,14,00,57,2,02萬華區,萬華區中華路1段與成都路口,0,0,1,1,B03,8,5,5,50,4,1,1,5,4,5,13,1,1,9,4,1,2,17,1,113,4,11,3,4,7,6,7,19,11,1,44,2,22,121.5080862,25.04225196
114,10,14,04,05,2,07信義區,信義區基隆路汽機車混合地下道,0,0,2,1,C03,7,5,5,30,14,9,1,5,4,5,13,4,4,10,2,5,2,18,2,24,2,9,6,1,7,9,1,10,1,14,44,1,21,121.5866723,25.04653612
114,10,14,05,11,2,03中山區,中山區林森北路與錦州街口,0,0,1,1,B03,8,5,5,50,4,2,1,5,4,5,13,1,1,5,5,5,2,17,1,43,3,10,7,1,7,1,1,8,9,17,19,1,22,121.5257478,25.060275
114,10,14,07,27,2,06松山區,松山區南京東路5段176號,0,0,1,1,C03,8,6,5,40,14,8,1,4,4,5,13,4,4,1,5,4,2,11,1,44,3,10,6,4,7,1,1,10,9,14,19,1,21,121.5634981,25.0513259
114,10,14,07,32,2,09北投區,北投區中正街67號,0,0,2,1,C03,8,6,5,30,14,9,1,5,4,5,13,4,4,10,5,5,2,16,1,53,2,7,5,1,7,11,1,9,2,11,10,1,21,121.4999585,25.13233
114,10,14,07,37,2,12內湖區,內湖區民權東路6段185-2號前,0,0,1,1,B03,8,7,5,50,14,7,1,5,4,5,13,4,4,1,4,4,2,17,1,78,3,10,7,1,7,9,1,8,9,17,16,2,21,121.5971094,25.0677933
114,10,14,07,45,2,12內湖區,內湖區安美街與安康路106巷口,0,0,2,1,C03,8,7,5,30,3,2,1,5,4,5,13,4,4,10,5,5,2,17,2,43,2,1,5,1,7,15,1,10,1,11,44,1,21,121.5991769,25.0599329
114,10,14,07,50,2,01大同區,大同區錦西街與錦西街52巷口,0,0,2,1,F01,8,6,5,50,3,2,1,5,4,5,13,4,4,5,4,5,2,16,1,15,2,7,2,1,7,5,8,20,1,14,8,1,21,121.5198024,25.0602863
114,10,14,07,54,2,06松山區,松山區市民大道5段與基隆路1段口,0,0,2,1,C03,8,6,5,40,14,9,1,5,4,5,13,4,4,1,4,5,2,12,2,48,4,11,3,4,7,9,1,10,11,17,44,2,22,121.5687022,25.0490311
114,10,14,08,00,2,08士林區,士林區延平北路5段83巷28弄5號旁,0,0,2,1,F03,8,6,5,30,11,9,1,5,4,5,8,4,4,10,5,5,2,17,2,42,2,9,3,4,7,9,8,20,1,11,5,1,21,121.5094638,25.0807474
114,10,14,08,14,2,01大同區,大同區昌吉街與伊寧街75巷口,0,0,2,1,F01,8,6,5,50,3,1,1,5,4,5,13,4,4,9,5,5,2,16,2,63,2,9,4,1,7,5,8,20,2,12,74,1,21,121.5104053,25.0658748
114,10,14,08,15,2,04大安區,大安區延吉街與延吉街126巷口,0,0,1,1,B02,8,6,5,30,4,1,1,5,4,5,13,4,4,5,5,5,2,15,1,60,3,10,7,1,7,9,1,8,1,8,72,1,22,121.5547581,25.0403024
114,10,14,08,33,2,02萬華區,萬華區萬大路424巷與長泰街279巷口,0,0,1,1,B12,8,6,5,30,3,1,1,5,4,5,13,4,4,8,4,5,2,9,1,46,3,10,7,1,7,5,1,8,2,17,8,1,21,121.4939431,25.020726
114,10,14,08,34,2,03中山區,中山區民生東路2段135號,0,0,1,1,C04,8,7,5,50,14,9,1,5,4,5,13,4,4,5,4,5,2,12,2,47,2,7,6,1,7,9,1,11,1,11,108,1,21,121.5324149,25.0580209
114,10,14,08,35,2,03中山區,中山區濱江街與大直橋口,0,0,1,1,B03,8,6,5,50,4,2,1,5,4,5,13,2,1,1,4,5,2,17,1,66,3,10,7,1,7,9,1,8,2,2,44,1,21,121.5435384,25.0724966
114,10,14,09,03,2,04大安區,大安區和平東路1段197-1號,0,0,1,1,C03,8,6,5,50,14,9,1,5,4,5,13,4,4,1,4,5,2,12,1,66,3,10,5,1,7,7,1,10,1,12,100,1,22,121.5342674,25.0262374
114,10,14,09,08,2,01大同區,大同區承德路3段與民族西路口,0,0,1,1,B11,8,5,5,50,4,1,1,5,4,5,13,1,1,9,4,5,1,11,1,39,3,10,3,4,7,1,1,8,1,8,80,1,21,121.5183506,25.0684846
114,10,14,09,46,2,08士林區,士林區中正路601號與重慶北路4段口,0,0,2,1,C03,8,5,5,50,3,2,1,5,4,5,13,4,4,9,4,5,2,13,1,24,2,9,5,1,7,9,1,10,1,11,16,1,21,121.5097197,25.08686752
114,10,14,09,48,2,01大同區,大同區延平北路1段與鄭州路口,0,0,1,1,B03,8,6,5,40,4,1,1,5,4,5,13,1,1,1,4,5,2,16,1,27,3,10,7,1,7,6,1,8,1,5,9,1,21,121.5117807,25.0497993
114,10,14,09,51,2,02萬華區,萬華區萬大路與西藏路口,0,0,1,1,C03,8,6,8,30,4,2,1,5,4,5,13,2,1,1,4,4,2,17,1,27,2,9,6,1,7,9,1,10,1,11,44,1,21,121.5004562,25.029735
114,10,14,10,08,2,04大安區,大安區信義路4段53巷與復興南路1段295巷口,0,0,1,1,C03,8,6,5,30,4,1,1,5,4,5,13,4,4,8,5,5,2,15,1,36,2,1,5,1,7,9,1,10,2,11,118,1,22,121.5451196,25.0351416
114,10,14,10,09,2,10文山區,文山區和平東路4段310號,0,0,1,1,B12,8,6,5,50,14,9,1,5,4,5,13,4,4,5,5,5,2,17,1,43,3,10,3,4,7,11,1,8,3,4,10,1,22,121.5737242,24.9998861
114,10,14,10,29,2,01大同區,大同區承德路2段與民生西路口,0,0,1,1,B03,8,6,5,50,14,9,1,5,4,5,13,2,1,9,4,5,2,17,1,59,3,10,7,1,7,6,1,8,1,2,9,1,21,121.5180605,25.0574176
114,10,14,10,38,2,04大安區,大安區建國南路1段與建國南路1段口迴轉道,0,0,1,1,C04,8,6,5,50,3,1,1,5,4,5,13,1,1,1,3,5,2,17,2,75,2,9,6,1,7,5,1,8,1,13,8,1,21,121.5363699,25.0437716
114,10,14,10,40,2,12內湖區,內湖區康樂街85巷與康樂街61巷口,0,0,1,1,C03,8,5,5,30,4,1,1,5,4,5,13,4,4,10,5,5,1,15,1,23,2,8,6,1,7,9,1,10,1,14,75,1,21,121.6195209,25.0695896
114,10,14,10,50,2,05中正區,中正區寧波西街與寧波西街40巷口,0,0,1,1,H01,8,7,5,50,3,2,1,5,4,1,12,4,4,10,4,5,2,3,2,48,3,10,4,5,8,16,8,20,10,16,121,1,21,121.5180513,25.0309964
114,10,14,10,55,2,12內湖區,內湖區成功路3段與陽光街口,0,0,1,1,B01,8,6,5,50,4,1,1,5,4,5,13,1,1,1,3,5,1,16,1,59,3,10,7,1,7,6,1,8,1,2,9,1,21,121.5898968,25.0774488
114,10,14,11,25,2,05中正區,中正區愛國西路16號,0,0,1,1,A02,8,6,5,50,14,9,1,5,4,5,13,4,4,1,4,5,1,9,1,47,3,10,7,1,7,9,1,2,2,1,118,1,21,121.5125247,25.0350923
114,10,14,11,37,2,05中正區,中正區羅斯福路3段316巷與羅斯福路3段316巷8弄口,0,0,1,1,B03,8,7,5,30,4,1,1,5,4,5,13,4,4,10,5,5,2,17,1,32,3,10,7,1,7,9,1,8,1,1,42,1,22,121.532436,25.0157033
114,10,14,11,40,2,08士林區,士林區葫蘆街與葫蘆街11巷口,0,0,1,1,B12,8,6,5,30,3,2,1,5,4,5,13,4,4,10,5,5,2,9,1,31,3,10,3,4,7,13,1,8,2,3,38,1,22,121.5103046,25.0799639
114,10,14,11,40,2,12內湖區,內湖區成功路2段498巷與成功路2段口,0,0,1,1,B03,8,6,5,50,3,1,1,5,4,5,13,2,1,1,4,5,2,11,1,74,3,10,3,4,7,11,1,8,1,2,10,1,22,121.5899909,25.0735949
114,10,14,12,07,2,09北投區,北投區明德路與東陽街口,0,0,1,1,C03,8,6,5,50,3,1,1,5,4,5,13,1,1,5,5,5,2,13,2,22,2,8,6,1,7,9,1,10,1,11,16,1,21,121.521529,25.11192105
114,10,14,12,25,2,12內湖區,內湖區行善路與石潭路口,0,0,1,1,B03,8,5,5,50,3,1,1,5,4,5,13,2,1,1,4,5,1,16,1,32,3,10,7,1,7,5,1,8,1,2,8,1,21,121.5850208,25.0630624
114,10,14,12,25,2,07信義區,信義區市府路與松壽路口,0,0,1,1,F01,8,6,5,0,4,1,1,5,4,5,13,2,1,1,5,5,2,29,3,0,,,,,,,,,,,67,1,,121.5637516,25.0360688
114,10,14,12,26,2,04大安區,大安區基隆路2段與敦化南路2段口,0,0,2,1,C03,8,6,5,50,4,1,1,5,4,5,13,2,1,10,5,5,2,17,1,23,2,9,3,4,7,9,1,10,1,11,108,1,21,121.5491693,25.0215137
114,10,14,12,31,2,03中山區,中山區民權東路2段與建國北路3段口,0,0,1,1,C03,8,7,6,50,4,1,1,5,4,5,13,2,1,7,2,5,2,17,2,18,2,9,5,1,7,9,1,10,1,14,108,1,21,121.5369698,25.0624903
114,10,14,13,06,2,06松山區,松山區市民高架道東往西（6510796燈桿）,0,0,5,1,B03,8,7,5,80,10,7,1,5,4,5,13,4,4,1,4,5,1,13,1,42,2,9,7,1,7,9,1,8,2,1,108,1,21,121.5455074,25.0450094
114,10,14,13,57,2,04大安區,大安區樂利路與基隆路2段口,0,0,1,1,B03,8,5,5,50,14,9,1,5,4,5,13,4,4,1,4,5,2,17,2,60,3,10,3,4,7,8,1,8,2,5,108,1,21,121.5522867,25.0246915
114,10,14,14,00,2,03中山區,中山區民權東路2段與中原街口,0,0,2,1,C03,8,6,5,50,3,2,1,5,4,5,13,2,1,1,4,5,2,17,1,49,2,8,5,1,7,9,1,10,1,14,44,1,21,121.5297238,25.0628242
114,10,14,14,11,2,02萬華區,萬華區成都路與昆明街口,0,0,1,1,F03,8,6,5,50,4,2,1,5,4,5,13,1,1,10,5,5,2,17,1,37,2,6,5,1,7,8,8,20,1,13,100,1,21,121.5049163,25.042973
114,10,14,14,19,2,12內湖區,內湖區內湖路2段與內湖路2段205巷口,0,0,2,1,C03,8,6,5,50,3,2,1,5,4,5,13,4,4,9,5,5,2,17,2,21,2,9,6,1,7,5,1,10,1,12,8,1,21,121.5887609,25.08166572
114,10,14,14,54,2,04大安區,大安區忠孝東路4段147巷與敦化南路1段187巷口,0,0,2,1,C03,8,6,5,30,4,1,1,5,4,5,13,4,4,10,5,5,2,15,2,18,2,9,6,1,7,9,1,10,1,11,72,1,21,121.5496667,25.04258629
114,10,14,15,02,2,01大同區,大同區西寧北路與忠孝西路2段口,0,0,1,1,C03,8,6,5,50,4,2,1,5,4,5,13,2,1,1,4,5,2,13,1,25,3,10,6,4,7,9,1,10,1,12,16,1,21,121.5076351,25.0489993
114,10,14,15,38,2,06松山區,松山區富錦街與新中街口,0,0,3,1,H01,8,7,5,50,4,1,1,5,4,5,13,2,1,5,4,5,2,9,1,42,2,4,4,5,8,20,8,20,1,16,122,1,25,121.5602569,25.0606959
114,10,14,15,45,2,02萬華區,萬華區峨眉街與峨眉街125巷口,0,0,1,1,B03,8,5,5,50,3,1,1,5,4,5,13,4,4,9,4,5,2,9,2,46,3,10,7,4,7,5,1,8,2,5,44,1,21,121.5023689,25.0446513
114,10,14,15,50,2,03中山區,中山區北安路與明水路口側附近口,0,0,1,1,B03,8,7,5,50,3,2,1,5,4,5,13,1,1,1,4,5,2,13,2,26,3,10,3,4,7,8,3,18,1,1,44,1,21,121.5388465,25.077711
114,10,14,15,55,2,03中山區,中山區中原街與新生北路2段141巷口,0,0,1,1,B01,8,7,6,50,4,1,1,5,4,5,13,4,4,10,4,5,2,17,1,24,3,10,7,1,7,5,1,4,1,8,101,1,21,121.5291898,25.0615566
114,10,14,16,41,2,10文山區,文山區木新路2段122號,0,0,1,1,B03,8,6,5,50,14,9,1,5,4,5,13,4,4,5,4,5,2,17,1,43,3,10,7,1,7,8,1,8,1,17,50,1,21,121.5695441,24.984275
114,10,14,17,15,2,03中山區,中山區天津街與長安東路口側附近1段口,0,0,1,1,C03,8,7,5,50,4,1,1,5,4,5,13,1,1,5,5,5,2,17,1,29,3,10,3,4,7,5,3,18,4,12,44,1,21,121.5228289,25.0495614
114,10,14,17,24,2,02萬華區,萬華區環河南路1段320號,0,0,2,1,B12,8,5,5,50,14,9,1,5,4,5,13,4,4,9,4,5,2,17,1,69,3,10,7,4,7,11,1,8,1,8,103,1,21,121.4988275,25.04094163
114,10,14,17,29,2,05中正區,中正區南昌路2段與福州街口口,0,0,1,1,B03,8,5,5,50,4,1,1,5,4,5,13,1,1,5,5,5,1,17,1,70,3,10,7,1,7,1,1,8,2,8,19,1,21,121.5193391,25.0291073
114,10,14,17,39,2,03中山區,中山區吉林路與吉林路144巷口,0,0,1,1,C03,8,5,5,40,4,2,1,5,4,5,13,2,1,4,5,4,1,17,2,42,3,10,3,4,7,6,1,10,9,17,80,1,21,121.5301564,25.05607388
114,10,14,17,52,2,07信義區,信義區仁愛路4段與光復南路口,0,0,1,1,B01,8,5,5,50,14,8,1,5,4,5,13,1,1,4,5,3,2,17,1,24,3,10,7,1,7,14,1,4,9,2,40,1,21,121.5579588,25.0377906
114,10,14,17,53,2,06松山區,松山區松河街234號,0,0,2,1,C03,8,5,5,40,14,9,1,5,4,5,13,4,4,9,4,5,2,17,1,37,2,8,6,1,7,1,1,10,1,11,19,1,25,121.5782368,25.0517614
114,10,14,17,57,2,08士林區,士林區延平北路6段與社正路口,0,0,1,1,B03,8,5,5,50,4,2,1,5,4,5,13,4,4,10,5,5,2,16,1,59,3,10,7,1,7,1,1,8,1,1,80,1,21,121.5089804,25.0881706
114,10,14,18,00,2,08士林區,士林區雨農橋7010050燈桿,0,0,1,1,C03,8,5,5,50,14,9,1,5,4,5,13,4,4,1,5,5,1,13,2,27,3,10,3,4,7,9,1,10,1,12,108,1,21,121.5313301,25.10495208