發生年度,發生月,發生日,發生時-Hours,發生分,處理別-編號,區序,肇事地點,死亡人數,2-30日死亡人數,受傷人數,當事人序號,車種,天候,光線,道路類別,速限-速度限制,道路型態,事故位置,路面狀況1,路面狀況2,路面狀況3,道路障礙1,道路障礙2,號誌1,號誌2,車道劃分-分向,車道劃分-分道1,車道劃分-分道2,車道劃分-分道3,事故類型及型態,性別,年齡,受傷程度,主要傷處,保護裝置,行動電話,車輛用途,當事者行動狀態,駕駛資格情形,駕駛執照種類,飲酒情形,車輛撞擊部位1,肇因碼-個別,個人肇逃否,職業,座標-X,座標-Y
114,10,17,15,03,2,08士林區,士林區承德路4段6巷與通河街76巷口,0,0,1,1,C03,8,7,5,30,4,1,1,5,4,5,13,4,4,9,4,5,2,15,1,50,3,10,5,1,7,9,1,10,1,11,72,1,22,121.5198798,25.079714
114,10,17,15,16,2,04大安區,大安區基隆路3段155巷與芳蘭路口,0,0,2,1,B11,8,6,5,50,4,1,1,5,4,5,13,2,1,10,5,5,2,17,1,57,3,10,3,4,7,6,1,3,1,2,44,1,21,121.5450749,25.012591
114,10,17,15,22,2,10文山區,文山區恆光街與恆光街22巷口,0,0,1,1,C03,8,7,5,30,5,1,1,5,4,5,13,1,1,10,5,5,2,17,2,43,3,10,5,1,7,11,1,10,1,12,71,1,21,121.5670219,24.9824721
114,10,17,15,22,2,12內湖區,內湖區南京東路6段與新明路298巷口,0,0,1,1,B03,8,7,5,50,4,2,1,5,4,5,13,1,1,5,4,5,2,17,1,32,3,10,7,1,7,9,1,8,1,2,108,1,21,121.5816621,25.0568422
114,10,17,15,40,2,07信義區,信義區市民大道5段與東興路口,0,0,1,1,B01,8,6,5,40,4,1,1,5,4,5,13,1,1,3,4,5,2,17,1,61,3,10,3,4,7,5,1,4,2,1,98,1,21,121.5657794,25.0481926
114,10,17,15,55,2,08士林區,士林區凱旋路61巷4弄陽明教養院門口,0,0,1,1,B03,8,5,5,30,12,9,1,5,4,5,13,4,4,10,5,5,1,17,2,32,3,10,7,1,7,9,1,8,1,5,5,1,21,121.5408035,25.1351478
114,10,17,15,56,2,11南港區,南港區市民大道7段與東新街口,0,0,1,1,C03,8,7,5,50,4,1,1,5,4,4,13,2,1,1,3,5,2,12,1,30,2,9,6,1,7,9,1,10,1,12,17,1,21,121.583908,25.0496205
114,10,17,16,10,2,08士林區,士林區至誠路1段78號,0,0,1,1,C03,8,7,5,50,14,9,1,5,4,5,13,4,4,8,3,5,2,13,1,32,2,9,3,4,7,9,1,10,1,11,16,1,22,121.5355123,25.1015332
114,10,17,16,11,2,04大安區,大安區忠孝東路4段與復興南路1段口,0,0,1,1,C03,8,6,5,50,4,2,1,5,4,5,13,2,1,10,5,5,2,17,1,52,3,10,3,4,7,1,1,10,1,13,19,1,21,121.5438865,25.0412967
114,10,17,16,24,2,07信義區,信義區忠孝東路5段435-2號,0,0,2,1,C03,8,6,5,50,14,9,1,5,4,5,13,4,4,1,4,5,2,13,2,27,2,9,3,4,7,9,1,10,1,11,16,1,22,121.5758534,25.0409229
114,10,17,16,40,2,03中山區,中山區民生東路2段166號,0,0,1,1,B03,8,6,5,50,14,9,1,5,4,5,13,4,4,5,5,5,2,17,2,59,3,10,3,4,7,9,1,8,1,1,108,1,22,121.522214,25.05805648
114,10,17,16,40,2,08士林區,士林區至善路1段與福林路254巷口口,0,0,1,1,B03,8,7,5,50,14,8,1,5,4,5,13,1,1,8,3,4,2,12,2,37,3,10,3,4,7,8,1,8,9,15,100,1,22,121.5377582,25.0982672
114,10,17,16,42,2,05中正區,中正區仁愛路1段50號,0,0,2,1,B03,8,5,5,50,14,9,1,5,4,5,13,4,4,10,4,1,1,17,1,37,3,10,7,1,7,5,1,8,1,2,8,1,21,121.5242104,25.03832198
114,10,17,16,45,2,12內湖區,內湖區堤頂大道2段與瑞光路316巷口,0,0,1,1,B03,8,6,5,50,3,1,1,5,4,5,13,4,4,9,4,5,2,16,2,67,3,10,3,4,7,6,1,8,2,1,72,1,22,121.5721277,25.0751619
114,10,17,16,47,2,08士林區,士林區承德路4段與前港街口,0,0,1,1,B03,8,6,5,40,3,1,1,5,4,5,13,4,4,1,3,4,1,16,2,57,3,10,7,1,7,6,1,8,1,2,9,1,21,121.5233063,25.084914
114,10,17,17,16,2,10文山區,文山區木柵路2段與木柵路2段86巷口,0,0,1,1,C03,8,6,5,30,3,1,1,5,4,5,13,4,4,10,5,5,2,3,2,44,3,10,6,1,7,6,1,10,9,12,70,1,21,121.5598776,24.9886572
114,10,17,17,56,2,08士林區,士林區延平北路7段與延平北路7段63巷口,0,0,1,1,C03,8,7,5,50,3,2,1,5,4,5,13,4,4,4,3,5,1,3,2,64,3,10,5,1,7,9,1,10,2,11,16,1,21,121.4955937,25.0962047
114,10,17,18,00,2,03中山區,中山區植福路(敬業三路22號旁),0,0,2,1,C03,8,6,5,40,14,9,1,5,4,5,13,4,4,9,4,4,2,16,1,29,2,9,6,1,7,11,1,10,1,14,10,1,22,121.5569873,25.0839204
114,10,17,18,00,2,05中正區,中正區汀州路3段與汀州路3段24巷口,0,0,1,1,C03,8,5,5,50,3,2,1,5,4,5,13,4,4,5,4,5,2,13,1,36,3,10,5,1,7,9,1,10,1,11,16,1,21,121.5285901,25.0176078
114,10,17,18,05,2,08士林區,士林區至善路1段與福林路254巷口,0,0,1,1,A02,8,5,5,50,3,2,1,5,4,5,13,1,1,10,4,4,1,17,1,54,3,10,7,1,7,8,1,2,1,2,42,1,21,121.5377309,25.09821894
114,10,17,18,06,2,11南港區,南港區經貿二路與三重路口,0,0,1,1,C03,8,5,5,50,5,1,1,5,4,5,13,2,1,1,3,5,2,12,2,56,2,9,5,1,7,9,1,10,1,12,44,1,21,121.6143369,25.060447
114,10,17,18,20,2,04大安區,大安區師大路39巷8號,0,0,1,1,C03,8,5,5,30,14,9,1,5,4,6,13,4,4,10,5,5,1,9,2,43,3,10,5,4,7,9,1,10,11,15,4,2,21,121.5288485,25.0246743
114,10,17,18,28,2,03中山區,中山區濱江街97號對面,0,0,1,1,B03,8,6,5,50,14,9,1,5,4,5,13,4,4,1,5,5,2,9,1,25,4,11,3,4,7,15,1,8,9,15,118,2,21,121.5342164,25.0732688
114,10,17,18,30,2,08士林區,士林區德行西路與中山北路6段口,0,0,1,1,B01,8,5,5,50,14,9,1,5,4,5,13,2,1,5,4,5,2,13,1,40,3,10,7,1,7,9,1,4,1,5,108,1,21,121.524518,25.106279
114,10,17,19,16,2,02萬華區,萬華區西園路1段與和平西路3段口,0,0,2,1,C03,7,5,5,50,4,1,1,5,4,5,13,2,1,1,4,5,2,3,2,54,2,9,6,1,7,9,1,10,1,11,70,1,21,121.4993673,25.0354855
114,10,17,19,20,2,02萬華區,萬華區西寧南路與西寧南路71巷口,0,0,1,1,B01,8,5,5,50,14,9,1,5,4,5,13,4,4,8,3,5,2,13,1,66,3,10,7,1,7,9,1,4,1,1,16,1,21,121.5068862,25.0460652
114,10,17,20,38,2,01大同區,大同區延平北路3段與延平北路3段83巷口,0,0,1,1,C03,8,6,5,50,4,1,1,5,4,5,13,2,1,8,1,5,1,16,2,74,3,10,6,1,7,9,1,10,1,12,4,1,21,121.5109527,25.0672747
114,10,17,21,04,2,08士林區,士林區通河西街2段與社正路口,0,0,2,1,C03,8,6,5,30,5,2,1,5,4,5,13,2,1,9,4,5,1,17,1,20,2,8,5,1,7,5,1,10,1,12,71,1,21,121.5116453,25.0890514
114,10,17,21,21,2,07信義區,信義區松仁路3號,0,0,1,1,C03,7,5,5,50,14,9,1,5,4,5,13,1,1,6,4,5,2,13,1,33,2,9,6,1,7,9,1,10,1,11,108,1,21,121.5685166,25.0399377
114,10,17,21,28,2,02萬華區,萬華區堤外便道萬板橋下(橋墩編號P05),0,0,3,1,C03,7,5,8,40,12,9,1,5,4,5,13,4,4,9,5,5,2,13,1,20,2,9,6,1,7,9,1,10,1,11,16,1,22,121.4881527,25.0303387
114,10,17,21,38,2,06松山區,松山區南京東路5段250巷與南京東路5段250巷18弄口,0,0,1,1,C03,8,5,5,30,4,2,1,5,4,5,13,4,4,10,5,5,2,17,1,44,2,9,5,1,7,9,1,10,1,11,16,1,21,121.5661008,25.0502315
114,10,17,21,58,2,01大同區,大同區承德橋（南向北）,0,0,1,1,C03,8,5,5,50,14,9,1,5,4,5,13,4,4,8,3,5,1,12,1,56,4,11,3,4,7,9,7,19,11,12,119,2,22,121.5207025,25.0765667
114,10,17,22,02,2,03中山區,中山區龍江路與民權東路3段口,0,0,1,1,B03,8,5,5,50,4,1,1,5,4,5,13,2,1,1,5,5,2,9,1,53,3,10,7,1,7,9,1,8,1,17,70,1,22,121.5406731,25.0624288
114,10,17,22,12,2,01大同區,大同區華陰街73號與華陰街口,0,0,1,1,C03,8,5,5,30,5,1,1,5,4,5,13,4,4,10,4,5,2,17,2,50,2,9,6,1,7,5,1,10,1,12,80,1,21,121.5182154,25.0495608
114,10,17,22,19,2,12內湖區,內湖區金龍路與成功路4段口,0,0,2,1,C03,8,5,5,50,4,1,1,5,4,5,13,1,1,5,4,5,2,2,1,37,2,9,5,1,7,5,1,10,1,11,70,1,21,121.595311,25.0841807
114,10,17,22,44,2,02萬華區,萬華區艋舺大道與萬大路口,0,0,2,1,B01,8,5,5,50,4,1,1,5,4,5,13,1,1,8,3,5,1,17,1,49,3,10,7,1,7,5,1,4,1,5,71,1,21,121.5005762,25.0330062
114,10,17,22,54,2,08士林區,士林區文林路與福德路口,0,0,1,1,B03,6,5,5,50,5,1,2,4,4,5,13,2,1,4,4,5,2,17,2,36,3,10,2,1,7,5,1,8,2,4,8,1,21,121.5262202,25.09225294
114,10,17,23,30,2,08士林區,士林區中山北路5段與中山北路5段470巷口,0,0,2,1,C03,8,5,5,50,3,1,1,5,4,5,13,4,4,1,4,5,1,16,1,45,2,7,3,4,7,6,1,10,1,12,9,1,22,121.5278698,25.0921714
114,10,18,05,21,2,02萬華區,萬華區民和街與德昌街132巷口,0,0,2,1,C03,8,5,5,30,4,1,1,5,4,5,13,4,4,10,5,5,2,15,1,71,2,9,5,1,7,9,1,10,1,12,72,1,21,121.4962532,25.0249229
114,10,18,05,32,2,02萬華區,萬華區忠孝西路2段26號,0,0,1,1,B01,7,5,5,50,14,9,1,5,4,5,13,4,4,1,4,5,2,16,1,52,3,10,3,4,7,8,1,4,1,4,100,1,22,121.5082937,25.0483803
114,10,18,05,33,2,04大安區,大安區新生南路2段與金華街口,0,0,2,1,C03,8,7,5,50,3,1,1,5,4,5,13,2,1,1,4,5,1,17,1,67,2,9,6,1,7,9,1,10,1,17,44,1,21,121.5338928,25.0305379
114,10,18,06,30,2,03中山區,中山區民權西路69號,0,0,2,1,C03,8,7,5,50,14,9,1,5,4,5,13,4,4,7,2,5,2,17,1,41,2,9,5,1,7,9,1,10,1,12,108,1,21,121.5200114,25.06294771
114,10,18,06,44,2,05中正區,中正區市民大道1段與中山北路1段口,0,0,2,1,C03,8,6,5,40,4,2,1,5,4,5,13,1,1,1,4,5,1,13,2,24,2,4,6,1,7,9,1,10,2,11,16,1,22,121.5203948,25.0480534
114,10,18,06,50,2,12內湖區,內湖區文德路22巷53弄與江南街71巷75弄口,0,0,1,1,C03,8,6,5,30,4,1,1,5,4,5,13,4,4,10,5,5,2,17,4,0,,,,,,,,,11,,119,2,,121.5797697,25.0755103
114,10,18,07,12,2,08士林區,士林區中正路510號,0,0,2,1,C03,8,6,5,40,14,8,1,5,4,5,13,4,4,1,4,4,2,13,1,41,2,9,5,1,7,9,1,10,1,11,16,1,21,121.5152585,25.0934713
114,10,18,07,38,2,02萬華區,萬華區水源路199號,0,0,1,1,B01,8,7,5,50,14,7,1,5,4,5,13,4,4,4,1,5,2,12,1,61,3,10,7,1,7,11,1,4,1,5,10,1,22,121.507452,25.0221387
114,10,18,08,44,2,08士林區,士林區延平北路5段244巷9號,0,0,1,1,B11,8,5,5,30,14,9,1,5,4,5,13,4,4,10,5,5,2,17,1,28,3,10,7,1,7,13,1,8,2,3,44,1,21,121.5102067,25.0841388
114,10,18,09,25,2,03中山區,中山區濱江街往西(國道一號涵洞前),0,0,1,1,A41,8,7,5,50,14,9,1,5,4,5,13,1,1,1,4,4,2,17,1,42,3,10,7,1,7,6,1,1,1,2,17,1,21,121.5359502,25.07261469
114,10,18,10,07,2,03中山區,中山區南京東路2段21巷9號,0,0,1,1,C03,8,6,5,30,14,9,1,5,4,5,13,4,4,5,5,5,2,12,2,28,2,9,5,1,7,1,1,10,1,12,19,1,22,121.5287671,25.052747
114,10,18,10,28,2,05中正區,中正區重慶南路1段122號,0,0,1,1,C03,8,6,5,50,14,9,1,5,4,5,13,2,1,5,4,5,2,13,2,23,2,8,5,1,7,9,1,10,1,11,16,1,22,121.5129156,25.04013561
114,10,18,10,29,2,05中正區,中正區中山南路與信義路1段口,0,0,1,1,C03,8,6,5,50,5,1,1,5,4,5,13,1,1,10,4,1,1,16,2,55,2,9,6,1,7,5,1,10,2,14,96,1,22,121.517906,25.0387064
114,10,18,10,40,2,05中正區,中正區汀州路1段284巷與汀州路1段口,0,0,1,1,C03,8,6,5,30,3,1,1,5,4,5,13,4,4,10,5,5,1,10,2,67,2,9,5,1,7,9,1,10,2,11,4,1,21,121.5113217,25.0268183
114,10,18,10,46,2,01大同區,大同區錦西街180-2號,0,0,3,1,C03,8,6,5,50,14,9,1,5,4,5,13,4,4,9,4,5,2,17,1,71,2,9,5,1,7,5,1,10,2,12,8,1,21,121.5156015,25.05973956
114,10,18,10,55,2,05中正區,中正區市民大道2段與林森北路口,0,0,2,1,C03,8,6,5,40,4,2,1,5,4,5,13,1,1,1,4,5,2,16,1,42,2,8,5,1,7,5,1,10,1,14,8,1,22,121.5242728,25.0477269
114,10,18,10,59,2,06松山區,松山區民生東路5段163-1號三民所門口,0,0,1,1,B03,8,6,5,50,14,9,1,5,4,5,13,4,4,1,5,5,2,14,1,56,3,10,7,1,7,2,1,8,1,3,12,1,22,121.5632127,25.0596527
114,10,18,11,00,2,08士林區,士林區福國路與文林路口,0,0,1,1,C03,8,6,5,50,5,1,1,5,4,5,13,2,1,1,4,5,2,17,1,75,2,8,3,4,7,7,1,10,1,14,100,1,21,121.5218505,25.1019194
114,10,18,11,02,2,12內湖區,內湖區民權東路6段與民權東路6段190巷口,0,0,2,1,C03,8,6,5,50,3,1,1,5,4,5,13,4,4,1,3,5,2,13,1,19,2,9,5,1,7,9,1,10,1,11,107,1,21,121.5942897,25.0687382
114,10,18,11,04,2,09北投區,北投區東華街2段180號,0,0,2,1,B03,8,6,5,50,14,9,1,5,4,5,13,4,4,10,4,5,2,17,2,44,3,10,7,1,7,1,1,8,1,8,19,1,21,121.5111258,25.12006
114,10,18,11,10,2,11南港區,南港區市民大道8段99號對面,0,0,1,1,C03,8,7,5,50,14,9,1,5,4,5,13,4,4,1,3,5,2,13,2,24,2,8,6,1,7,9,1,10,1,11,16,1,21,121.5960593,25.051546
114,10,18,11,38,2,03中山區,中山區新生北路3段與民權東路1段口,0,0,1,1,,8,6,5,50,4,1,1,5,4,5,13,1,1,1,5,5,2,15,4,0,,,,,,9,,,,,119,2,,121.5274411,25.062749
114,10,18,11,38,2,04大安區,大安區信義路4段與敦化南路2段口,0,0,1,1,A04,8,6,5,50,4,1,1,5,4,5,13,2,1,1,4,5,1,9,1,44,3,10,3,4,7,9,1,2,1,17,44,1,21,121.5485147,25.0332679
114,10,18,11,49,2,01大同區,大同區重慶北路1段與長安西路口,0,0,1,1,C03,8,6,5,50,4,1,1,5,4,5,13,2,1,1,4,5,2,16,1,27,3,10,3,4,7,5,1,10,1,11,71,1,21,121.5140084,25.0516193
114,10,18,11,50,2,01大同區,大同區重慶北路3段113巷與昌吉街61巷口,0,0,2,1,C03,8,6,5,50,4,1,1,5,4,5,13,4,4,8,4,5,2,16,1,77,2,8,5,1,7,5,1,10,1,13,8,1,21,121.5147415,25.0672933
114,10,18,11,50,2,11南港區,南港區忠孝東路6段與東新街口,0,0,1,1,C03,8,6,5,50,4,2,1,5,4,5,13,2,1,5,5,5,2,16,2,46,2,9,5,1,7,5,1,10,1,14,8,1,21,121.5851641,25.0479415
114,10,18,12,06,2,06松山區,松山區民生東路5段137巷4弄37號,0,0,1,1,F01,8,6,5,30,14,9,1,5,4,5,13,4,4,10,5,5,2,17,2,66,2,9,4,1,7,15,8,20,1,14,116,1,22,121.5629698,25.0598934
114,10,18,12,08,2,05中正區,中正區汀州路1段104號,0,0,2,1,B12,8,5,5,50,14,9,1,5,4,5,13,4,4,10,3,5,2,17,1,39,3,10,7,1,7,11,1,8,2,8,44,1,21,121.5077064,25.0300278
114,10,18,12,10,2,12內湖區,內湖區文德路22巷44弄18號,0,0,1,1,H01,8,7,8,30,14,9,1,5,4,5,13,4,4,10,5,5,2,3,2,2,3,10,4,5,8,18,8,20,10,17,121,1,24,121.5808237,25.0767321
114,10,18,12,21,2,08士林區,士林區至善路2段與故宮路口,0,0,1,1,B01,8,6,5,30,4,2,1,5,4,5,13,1,1,10,4,5,1,17,1,57,3,10,7,1,7,6,1,4,1,4,9,1,21,121.5464368,25.09823432
114,10,18,12,26,2,08士林區,士林區承德路5段與士商路口,0,0,2,1,B03,8,6,5,40,4,1,1,5,4,5,13,2,1,1,4,4,1,16,1,40,3,10,7,1,7,6,1,8,2,6,71,1,21,121.5142261,25.0960041
114,10,18,12,30,2,03中山區,中山區明水路568號,0,0,1,1,B03,8,7,5,40,14,8,1,5,4,5,13,4,4,1,4,4,2,2,1,44,3,10,7,1,7,9,1,8,1,2,108,1,21,121.5520951,25.08008849
114,10,18,12,31,2,09北投區,北投區公館路與三合街1段口,0,0,2,1,C04,8,6,5,40,4,1,1,5,4,5,13,1,1,5,5,5,2,15,2,41,3,10,6,1,7,9,1,8,9,14,81,2,22,121.5075305,25.1275677
114,10,18,12,32,2,03中山區,中山區民權東路2段70號,0,0,1,1,C03,8,6,5,50,14,9,1,5,4,5,13,4,4,1,5,5,2,13,1,27,2,9,6,4,7,9,1,10,1,11,108,1,21,121.5312193,25.0624597
114,10,18,13,40,2,12內湖區,內湖區民權東路6段與民權東路6段11巷口,0,0,2,1,C03,8,6,5,50,4,1,1,5,4,5,13,2,1,5,4,5,2,16,1,52,2,8,6,1,7,5,1,10,2,14,8,1,21,121.5784548,25.066795
114,10,18,14,32,2,08士林區,士林區社中街250巷與社中街210巷21弄口,0,0,3,1,C03,7,5,5,30,4,2,1,5,4,5,13,4,4,10,5,5,2,16,1,53,2,9,5,1,7,9,3,18,1,11,72,1,21,121.507637,25.09207916
114,10,18,14,46,2,05中正區,中正區羅斯福路3段與師大路口,0,0,1,1,C03,8,6,5,50,4,1,1,5,4,5,13,1,1,5,2,5,2,17,2,59,2,9,5,1,7,5,1,10,1,11,71,1,21,121.5277086,25.0209719
114,10,18,14,47,2,03中山區,中山區龍江路318巷28號,0,0,2,1,C03,8,6,5,30,14,9,1,5,4,5,13,4,4,10,5,5,2,9,2,22,2,9,6,1,7,9,1,10,1,11,108,1,22,121.5386762,25.0647836
114,10,18,14,57,2,02萬華區,萬華區華江橋機車道（燈桿001035）,0,0,1,1,C03,8,7,7,40,8,11,1,5,4,5,13,4,4,10,5,5,2,20,1,18,2,9,5,1,7,15,1,10,1,11,44,1,21,121.4893832,25.0338847
114,10,18,15,02,2,03中山區,中山區市民大道2段與長安東路1段52巷口,0,0,2,1,B03,8,6,5,40,3,1,1,5,4,5,13,2,1,1,5,5,2,16,1,39,3,10,7,1,7,6,1,8,1,2,9,1,22,121.5278096,25.0470392
114,10,18,15,10,2,02萬華區,萬華區康定路260號,0,0,2,1,C04,8,7,5,50,14,7,1,5,4,5,13,4,4,4,1,5,2,16,2,45,2,8,6,1,7,1,1,10,1,14,19,1,22,121.5016429,25.0379624
114,10,18,15,29,2,04大安區,大安區忠孝東路3段217巷與忠孝東路3段217巷1弄口,0,0,1,1,B03,8,7,5,30,4,1,1,5,4,5,13,4,4,10,5,5,2,15,1,35,3,10,7,1,7,9,1,8,1,7,72,1,21,121.5397048,25.0423171
114,10,18,15,38,2,04大安區,大安區和平東路2段311巷與和平東路2段311巷43弄口,0,0,1,1,B03,8,6,5,30,4,1,1,5,4,5,13,4,4,10,5,5,2,17,1,34,3,10,7,1,7,6,1,8,1,2,44,1,21,121.545227,25.0257168
114,10,18,15,42,2,07信義區,信義區松高路與松智路口,0,0,2,1,B01,8,6,5,50,3,2,1,5,4,5,13,1,1,9,4,5,2,17,1,43,3,10,7,1,7,14,1,4,2,2,44,1,21,121.5662707,25.0391534
114,10,18,15,48,2,02萬華區,萬華區西園路2段與東園街口,0,0,3,1,C03,8,6,5,50,4,1,1,5,4,5,13,1,1,8,3,5,1,15,1,69,2,7,5,1,7,9,1,10,1,14,81,1,21,121.495187,25.0281921
114,10,18,16,02,2,10文山區,文山區辛亥路4段與萬美街2段口,0,0,1,1,C03,8,6,5,50,3,2,1,5,4,5,13,2,1,5,2,5,2,13,1,25,2,8,5,1,7,9,1,10,1,11,108,1,21,121.5582692,25.0063127
114,10,18,16,14,2,05中正區,中正區重慶南路3段與和平西路1段口,0,0,1,1,C03,8,6,5,50,4,1,1,5,4,5,13,1,1,1,4,5,2,13,1,35,2,8,5,1,7,9,1,10,1,11,16,1,21,121.5158424,25.02751031
114,10,18,16,15,2,01大同區,大同區鄭州路與西寧北路口,0,0,1,1,C03,8,7,5,40,14,9,1,5,4,5,13,4,4,1,4,5,2,17,1,60,3,10,3,4,7,9,1,10,1,11,16,1,21,121.5077196,25.0504299
114,10,18,16,23,2,08士林區,士林區基河路與美崙街口,0,0,1,1,B03,8,6,5,50,3,1,1,5,4,5,13,1,1,5,4,5,1,16,1,37,3,10,7,1,7,9,1,8,2,8,42,1,22,121.5185252,25.0951358
114,10,18,16,24,2,09北投區,北投區中央北路4段與學園路口,0,0,1,1,C03,8,6,5,50,3,1,1,5,4,5,13,1,1,5,4,5,2,16,2,18,3,10,6,1,7,6,1,10,1,12,9,1,25,121.4659738,25.12664728
114,10,18,17,08,2,10文山區,（興順街191號旁）,0,0,1,1,C03,8,6,5,50,3,1,1,5,4,5,13,4,4,5,5,5,2,17,2,28,2,9,5,1,7,5,1,10,2,14,44,1,21,121.5457162,25.0020554
114,10,18,17,13,2,07信義區,信義區松智路31巷與松智路口,0,0,1,1,C03,8,6,5,30,3,2,1,5,4,5,13,4,4,10,5,5,2,17,1,66,2,8,5,1,7,5,1,10,2,12,72,1,22,121.5653875,25.03098041
114,10,18,17,24,2,04大安區,大安區信義路3段與建國南路2段口,0,0,1,1,F01,8,5,5,50,22,23,1,5,4,5,13,4,4,10,5,5,2,17,2,55,2,9,3,4,7,9,8,20,1,15,42,1,21,121.5373034,25.0333444
114,10,18,17,50,2,01大同區,大同區承德路3段與庫倫街口,0,0,1,1,C03,7,5,5,50,4,2,1,5,4,5,13,2,1,1,4,5,2,17,1,73,3,10,3,4,7,15,1,10,1,15,29,1,21,121.5186517,25.0716459
114,10,18,17,53,2,06松山區,松山區民權大橋往西下橋處第4根燈桿前,0,0,1,1,B03,8,5,5,30,14,11,1,5,4,5,13,4,4,9,4,5,2,17,2,39,3,10,7,1,7,8,1,8,2,2,100,1,21,121.5673872,25.06347297
114,10,18,18,09,2,03中山區,中山區復興北路地下道與濱江街口,0,0,1,1,B03,8,5,5,40,4,1,1,5,4,5,13,1,1,9,4,5,2,13,2,41,3,10,3,4,7,9,1,8,2,1,16,1,21,121.5316819,25.0683802
114,10,18,18,11,2,06松山區,松山區富錦街與三民路口,0,0,1,1,B03,8,5,5,50,4,1,1,5,4,5,13,1,1,5,5,5,2,16,1,41,3,10,7,1,7,6,1,8,1,2,9,1,21,121.5631567,25.0608938
114,10,18,18,17,2,03中山區,中山區北安路630巷與北安路口,0,0,1,1,B03,6,5,5,50,4,2,1,4,4,5,13,1,1,1,3,5,1,17,1,77,3,10,7,1,7,11,1,8,1,2,10,1,21,121.5392462,25.0778876
114,10,18,18,25,2,08士林區,士林區中正路與文林路口,0,0,1,1,B03,6,5,8,50,22,22,1,4,4,5,13,2,1,1,5,5,1,17,1,50,3,10,7,1,7,8,1,8,1,17,17,1,21,121.5245537,25.09527402
114,10,18,18,34,2,04大安區,大安區光復南路346巷與光復南路口口,0,0,1,1,B03,8,5,5,30,3,2,1,5,4,5,13,4,4,1,4,5,1,17,1,44,3,10,7,1,7,6,1,8,1,8,74,1,21,121.5575262,25.038106
114,10,18,18,56,2,05中正區,中正區和平西路1段與泉州街口口,0,0,1,1,B01,7,5,5,50,5,1,1,5,4,5,13,1,1,1,4,5,2,17,1,49,3,10,3,4,7,11,1,4,1,4,10,1,21,121.5147707,25.0276326
114,10,18,18,56,2,10文山區,文山區辛亥隧道(內)(北往南，近隧道口),0,0,1,1,B03,8,5,5,50,6,9,1,5,4,5,13,4,4,10,2,5,2,12,1,56,3,10,7,1,7,9,1,8,2,2,17,1,21,121.5570314,25.0100302
114,10,18,21,10,2,01大同區,大同區台北橋機慢車道（東向西）,0,0,2,1,C03,8,5,5,50,14,11,1,5,4,5,13,4,4,10,3,5,1,12,1,80,2,9,6,1,7,9,1,10,2,12,108,1,21,121.5098268,25.0632837
114,10,18,21,34,2,08士林區,士林區忠誠路1段173巷與德行東路190巷口,0,0,1,1,C03,7,5,5,30,4,1,1,4,4,5,13,4,4,10,5,5,2,15,2,33,2,9,6,1,7,9,1,10,1,12,72,1,21,121.5312958,25.1080761
114,10,18,21,48,2,01大同區,大同區南京西路與南京西路155巷口,0,0,1,1,C03,8,5,5,50,4,1,1,5,4,5,13,4,4,5,4,5,2,13,1,25,3,10,6,1,7,9,1,10,2,14,16,1,21,121.5137146,25.0540446
114,10,18,22,35,2,01大同區,大同區市民高架道460燈桿,0,0,1,1,B03,7,5,5,50,10,9,1,5,4,5,13,4,4,1,4,5,2,17,1,37,3,10,3,4,7,9,1,8,1,1,42,1,21,121.5126574,25.0497129
114,10,18,22,38,2,11南港區,南港區忠孝東路7段559號,0,0,1,1,B01,8,5,5,40,14,8,1,5,4,5,13,4,4,3,4,4,2,16,1,64,3,10,7,1,7,8,1,4,1,6,100,1,21,121.6135776,25.0529482
114,10,18,23,22,2,02萬華區,萬華區西藏路201號,0,0,1,1,C03,8,5,5,50,14,9,1,5,4,5,13,1,1,8,3,5,1,17,1,24,2,3,5,1,7,9,1,10,2,11,108,1,21,121.4986347,25.0294299
114,10,19,02,18,2,04大安區,大安區和平東路1段與師大路口,0,0,1,1,B01,8,5,5,50,3,1,1,5,4,5,13,2,1,1,4,4,2,17,1,59,3,10,7,1,7,6,1,3,1,6,17,1,21,121.5286236,25.0264989
114,10,19,03,04,2,01大同區,大同區民生西路423巷與民生西路423巷27弄口,0,0,1,1,B01,6,5,5,30,3,1,1,4,4,5,13,4,4,10,5,5,2,17,1,60,4,11,3,4,7,6,1,4,9,17,4,2,21,121.5086709,25.0577153
114,10,19,03,05,2,06松山區,松山區八德路4段245巷32弄84號,0,0,2,1,B01,6,5,5,30,14,9,1,4,4,5,13,4,4,9,5,5,2,17,1,68,2,1,7,1,7,5,1,4,2,2,8,1,21,121.5627274,25.0498397
114,10,19,06,40,2,03中山區,中山區民族東路與吉林路口側附近口,0,0,1,1,B03,6,5,5,50,14,18,1,4,4,5,13,2,1,10,4,5,1,9,1,74,3,10,7,1,7,5,1,4,2,8,16,1,22,121.5303477,25.0683434
114,10,19,07,26,2,04大安區,大安區延吉街與仁愛路4段345巷15弄口,0,0,1,1,B03,6,7,5,50,4,1,1,4,4,5,13,4,4,9,5,5,2,16,2,59,3,10,7,1,7,5,1,8,1,8,8,1,21,121.555146,25.0388111