發生年度,發生月,發生日,發生時-Hours,發生分,處理別-編號,區序,肇事地點,死亡人數,2-30日死亡人數,受傷人數,當事人序號,車種,天候,光線,道路類別,速限-速度限制,道路型態,事故位置,路面狀況1,路面狀況2,路面狀況3,道路障礙1,道路障礙2,號誌1,號誌2,車道劃分-分向,車道劃分-分道1,車道劃分-分道2,車道劃分-分道3,事故類型及型態,性別,年齡,受傷程度,主要傷處,保護裝置,行動電話,車輛用途,當事者行動狀態,駕駛資格情形,駕駛執照種類,飲酒情形,車輛撞擊部位1,肇因碼-個別,個人肇逃否,職業,座標-X,座標-Y
114,10,19,08,30,2,02萬華區,萬華區寶興街與寶興街140巷口,0,0,2,1,C03,6,7,5,50,4,1,1,4,4,5,13,2,1,5,5,5,2,10,2,23,3,10,5,4,7,9,1,10,1,12,81,1,22,121.4948801,25.0247732
114,10,19,09,45,2,07信義區,信義區忠孝東路4段425號,0,0,1,1,C03,6,5,5,50,14,9,1,4,4,5,13,4,4,9,4,5,2,18,1,26,2,9,5,4,7,9,1,10,9,17,42,1,21,121.5605782,25.0412394
114,10,19,09,48,2,07信義區,信義區松山路與松德路口,0,0,1,1,C03,6,6,5,30,3,1,1,4,4,5,13,2,1,8,5,5,2,16,2,62,3,10,6,1,7,6,1,10,1,13,9,1,21,121.5779374,25.0395703
114,10,19,10,27,2,03中山區,中山區民生東路3段與建國北路2段口,0,0,2,1,C03,6,7,5,50,4,1,1,4,4,5,13,2,1,3,4,5,2,17,1,34,2,9,6,1,7,9,1,10,1,14,16,1,22,121.5367631,25.05785916
114,10,19,10,37,2,04大安區,大安區信義路4段與敦化南路2段口,0,0,1,1,B03,8,7,5,50,4,1,1,4,4,5,13,2,1,1,4,5,2,17,1,63,3,10,3,4,7,6,1,8,1,5,9,1,21,121.5490205,25.0333051
114,10,19,10,38,2,02萬華區,萬華區長泰街54號,0,0,1,1,C03,6,6,5,30,14,9,1,4,4,5,13,4,4,10,5,5,2,3,1,24,3,10,3,4,7,9,1,10,2,11,108,1,22,121.5004592,25.0235102
114,10,19,11,15,2,10文山區,文山區辛亥路5段與辛亥路5段25巷口,0,0,1,1,B03,6,6,5,50,4,1,1,4,4,5,13,2,1,1,4,5,2,17,2,45,3,10,7,1,7,5,1,8,1,17,74,1,21,121.554089,24.9998513
114,10,19,12,17,2,03中山區,中山區長安東路1段與天津街口,0,0,1,1,C03,7,6,5,50,4,1,1,4,4,5,13,2,1,4,5,5,1,17,1,60,3,10,3,4,7,5,1,9,1,17,80,1,21,121.5228316,25.04954904
114,10,19,12,44,2,01大同區,大同區民權西路與大龍街口,0,0,2,1,B03,7,6,5,50,5,1,1,5,4,5,13,2,1,1,4,5,2,17,1,23,3,10,7,1,7,6,1,8,1,5,9,1,21,121.5159443,25.0630119
114,10,19,13,11,2,02萬華區,萬華區光復橋(近燈桿003014),0,0,2,1,C03,7,6,5,50,8,9,1,5,4,5,13,4,4,1,4,5,2,29,1,63,2,9,3,4,7,9,1,10,1,15,118,1,22,121.4909943,25.0245005
114,10,19,13,15,2,11南港區,南港區研究院路2段與福山街口,0,0,1,1,B03,8,6,5,30,4,1,1,5,4,5,13,2,1,5,5,5,2,16,1,70,3,10,3,4,7,5,1,8,2,8,8,1,21,121.6154275,25.0453501
114,10,19,13,56,2,06松山區,松山區延壽街72巷與健康路325巷19弄口,0,0,1,1,C03,8,6,5,30,4,2,1,5,4,5,13,4,4,8,3,4,1,17,1,25,2,9,3,1,7,9,1,10,8,11,21,1,21,121.5654932,25.0559655
114,10,19,14,22,2,04大安區,大安區忠孝東路4段77巷與敦化南路1段190巷口,0,0,1,1,C03,8,6,5,30,4,1,1,5,4,5,13,4,4,10,5,5,1,15,1,33,2,9,3,4,7,9,1,10,1,14,72,1,21,121.5472177,25.042652
114,10,19,14,25,2,08士林區,士林區中正路重陽橋機車道,0,0,2,1,C03,7,5,5,25,11,11,1,5,4,5,13,4,4,7,4,5,2,16,1,20,2,9,5,1,7,9,1,10,1,11,44,1,21,121.5196506,25.09622443
114,10,19,14,29,2,09北投區,北投區中和街與復興一路口,0,0,1,1,C03,8,6,5,50,3,1,1,5,4,5,13,4,4,9,5,5,2,16,1,46,3,10,6,1,7,6,1,10,2,12,9,1,21,121.501886,25.1389496
114,10,19,14,30,2,03中山區,中山區新生北路2段與民生東路1段口,0,0,2,1,C03,8,7,5,30,3,1,1,5,4,5,13,4,4,9,4,5,2,17,2,41,2,9,5,1,7,5,1,10,2,12,72,1,21,121.527452,25.05845534
114,10,19,14,46,2,12內湖區,內湖區新湖二路與民善街口,0,0,2,1,B03,8,6,5,50,4,1,1,5,4,5,13,2,1,5,4,5,2,16,1,37,2,7,3,4,7,9,1,8,1,4,108,1,22,121.575518,25.0607424
114,10,19,14,51,2,05中正區,中正區信陽街26號,0,0,1,1,C03,7,6,5,30,14,9,1,5,4,5,13,4,4,10,5,5,2,16,1,23,3,10,6,1,7,5,1,10,1,14,8,1,21,121.5154008,25.0446579
114,10,19,15,11,2,05中正區,中正區汀州路3段104巷與汀州路3段160巷口,0,0,2,1,B03,8,6,5,30,3,1,1,5,4,5,13,4,4,10,5,5,1,17,1,42,3,10,7,1,7,5,1,8,2,8,8,1,21,121.5338499,25.0129835
114,10,19,15,14,2,04大安區,大安區大安路1段145號,0,0,1,1,B03,8,6,5,50,14,9,1,5,4,5,13,4,4,10,4,5,2,17,1,72,3,10,7,1,7,14,1,8,1,4,40,1,21,121.5460902,25.0384067
114,10,19,15,35,2,02萬華區,萬華區萬大路423巷16號對面,0,0,1,1,B01,8,6,8,50,14,9,1,5,4,5,13,4,4,9,5,5,2,17,1,66,3,10,7,1,7,11,1,4,1,1,10,2,21,121.4992879,25.0213658
114,10,19,15,39,2,09北投區,北投區洲美街自行車道3012039號燈桿,0,0,1,1,F01,8,6,5,30,14,23,1,5,4,5,13,4,4,9,5,5,2,16,1,62,3,10,4,1,7,5,8,20,1,14,8,1,21,121.4984615,25.1091971
114,10,19,16,10,2,11南港區,南港區南港路1段30號,0,0,3,1,A02,7,6,5,50,14,9,1,5,4,5,13,4,4,1,4,5,2,9,1,48,3,10,3,4,7,12,1,2,2,15,16,1,21,121.6180055,25.0550298
114,10,19,16,40,2,03中山區,中山區八德路2段與渭水路口,0,0,1,1,B03,6,5,5,50,14,9,1,4,4,5,13,1,1,10,4,5,1,16,1,50,3,10,7,1,7,6,1,4,2,5,16,1,22,121.5355528,25.0456851
114,10,19,17,38,2,04大安區,大安區和平東路1段與青田街口,0,0,2,1,C03,8,5,5,50,4,2,1,5,4,5,13,2,1,1,4,5,2,13,1,48,2,9,6,1,7,9,1,10,1,11,16,1,21,121.532134,25.0263958
114,10,19,17,49,2,04大安區,大安區辛亥路1段與新生南路3段口,0,0,2,1,C03,6,5,5,50,4,1,1,4,4,5,13,2,1,10,5,5,2,17,1,60,3,10,3,4,7,9,1,10,1,11,16,1,21,121.5344086,25.0228951
114,10,19,18,17,2,01大同區,大同區寧夏路與平陽街口口,0,0,1,1,C03,6,5,5,30,3,1,4,4,4,6,12,4,4,10,5,5,2,3,1,55,3,10,6,1,7,9,1,10,2,11,14,1,21,121.5151055,25.0555758
114,10,19,18,30,2,07信義區,信義區吳興街577號,0,0,2,1,H01,6,5,5,50,14,9,1,4,4,5,13,4,4,9,5,5,2,3,1,46,2,8,4,5,8,16,8,20,10,16,121,1,22,121.5692524,25.0226044
114,10,19,18,39,2,09北投區,北投區致遠一路1段與致遠一路1段11巷口,0,0,1,1,C03,6,5,5,50,4,1,1,4,4,5,13,4,4,5,4,5,2,3,1,34,3,10,3,4,7,9,1,10,2,11,70,1,26,121.5173069,25.1077984
114,10,19,19,20,2,01大同區,大同區台北橋機慢車道往三重,0,0,2,1,C03,6,5,7,50,14,11,1,4,4,5,13,4,4,9,4,5,2,13,1,22,3,10,6,1,7,9,1,10,1,11,108,1,21,121.5107583,25.0630947
114,10,19,19,51,2,12內湖區,內湖區南京東路6段與新明路298巷口,0,0,1,1,B03,6,5,5,50,4,1,1,4,4,5,13,2,1,5,4,5,2,15,2,56,3,10,7,1,7,9,1,8,1,5,81,1,21,121.5815666,25.0567871
114,10,19,20,17,2,12內湖區,內湖區內湖路2段154號,0,0,1,1,C03,6,5,5,50,14,9,1,4,4,5,13,4,4,9,5,5,2,16,1,49,2,9,6,1,7,5,1,10,2,11,8,1,21,121.5831899,25.0799665
114,10,19,20,30,2,07信義區,信義區忠孝東路4段515號,0,0,1,1,B03,6,5,5,50,14,9,1,4,4,5,13,4,4,1,4,5,2,12,1,50,3,10,3,4,7,9,1,8,1,4,108,1,21,121.5611298,25.0413483
114,10,19,21,04,2,07信義區,信義區忠孝東路5段236巷35號,0,0,2,1,C03,6,5,5,30,14,18,1,4,4,5,13,4,4,5,5,5,2,3,1,39,2,9,5,4,7,9,1,10,2,11,70,1,21,121.5718959,25.0384271
114,10,19,21,16,2,08士林區,士林區中山北路6段與德行東路口,0,0,2,1,C03,6,5,5,50,4,1,1,4,4,5,13,2,1,1,4,5,2,17,2,49,2,5,5,1,7,5,1,10,2,14,8,1,21,121.5249637,25.1065268
114,10,19,21,52,2,01大同區,大同區民生西路385-1號,0,0,1,1,H01,6,5,5,50,14,9,1,4,4,5,13,4,4,8,3,5,1,9,1,60,3,10,4,5,8,20,8,20,10,16,54,1,21,121.5100682,25.0569533
114,10,19,22,51,2,04大安區,大安區市民大道4段124號,0,0,1,1,B01,6,5,8,40,14,9,1,4,4,5,13,4,4,1,4,5,2,17,1,57,3,10,2,1,7,7,1,4,1,7,100,1,21,121.5512618,25.0445019
114,10,19,23,09,2,03中山區,中山區民權東路1段與中山北路2段口,0,0,2,1,C03,6,5,5,50,4,1,1,4,4,5,13,2,1,1,4,5,2,13,1,19,2,9,6,1,7,9,3,18,1,12,16,1,21,121.522763,25.0629097
114,10,19,23,20,2,03中山區,中山區民生東路3段與建國北路2段口,0,0,1,1,B02,6,5,5,50,4,1,1,4,4,5,13,2,1,1,4,1,2,15,2,34,2,3,7,1,7,9,1,8,1,1,81,1,21,121.5360967,25.0580582
114,10,20,02,21,2,02萬華區,萬華區環河快速道路與水源快速道路口,0,0,1,1,B03,6,5,5,60,14,7,1,4,4,5,13,4,4,1,3,5,2,35,1,31,2,9,7,1,7,9,1,8,6,5,16,1,21,121.4929801,25.0190747
114,10,20,05,57,2,12內湖區,內湖區文德路101巷（文德一號公園）前,0,0,2,1,H01,6,5,5,50,14,9,1,4,4,5,13,4,4,9,5,5,2,3,1,82,2,9,4,5,8,16,8,20,10,16,121,1,21,121.5830054,25.0794424
114,10,20,06,35,2,07信義區,信義區信安街67巷81號,0,0,2,1,C03,6,6,5,40,14,8,1,4,4,5,13,2,1,4,3,4,2,13,1,64,2,9,6,4,7,9,1,10,1,11,118,1,21,121.5604014,25.0258916
114,10,20,07,08,2,01大同區,大同區重慶北路2段23號,0,0,1,1,B03,6,6,5,50,14,9,1,4,4,5,13,4,4,1,4,5,2,17,1,56,3,10,3,4,7,15,1,8,1,17,102,1,21,121.5143519,25.0547251
114,10,20,08,10,2,04大安區,大安區新生南路3段23號,0,0,2,1,C03,6,7,5,50,14,9,1,4,4,5,13,4,4,8,3,5,1,12,1,44,2,7,6,1,7,9,1,10,1,14,17,1,21,121.5348264,25.0250229
114,10,20,08,16,2,06松山區,松山區敦化北路405巷123弄3號民權東路四段側,0,0,1,1,B02,6,6,5,50,14,9,1,4,4,5,13,1,1,1,3,4,2,17,1,64,3,10,3,4,7,7,1,8,1,17,100,1,21,121.5567371,25.06209581
114,10,20,08,16,2,08士林區,士林區華齡街57號,0,0,1,1,B01,6,6,5,50,14,9,1,4,4,5,13,4,4,9,5,5,2,3,1,58,3,10,7,1,7,9,1,4,2,5,42,1,22,121.5193677,25.0844602
114,10,20,08,18,2,02萬華區,萬華區光復橋往台北,0,0,1,1,B03,6,7,7,50,8,9,1,4,4,5,13,4,4,1,4,5,2,12,2,35,3,10,7,1,7,8,1,8,1,6,100,1,21,121.4901408,25.0240529
114,10,20,08,19,2,06松山區,松山區復興北路361巷26號,0,0,1,1,B02,6,7,5,50,14,9,1,4,4,5,13,4,4,9,4,5,2,17,1,42,3,10,7,1,7,14,1,6,1,2,40,1,21,121.5462181,25.0604103
114,10,20,08,30,2,07信義區,信義區和平東路3段427號,0,0,1,1,B03,6,6,5,50,14,8,1,4,4,5,13,4,4,1,3,1,2,12,2,55,4,11,3,4,7,9,1,8,11,2,44,2,21,121.5582038,25.0191714
114,10,20,08,51,2,01大同區,大同區西寧北路與長安西路口,0,0,1,1,B12,6,6,5,50,4,2,1,4,4,5,13,2,1,5,5,5,2,17,1,30,3,10,3,4,7,6,7,19,11,2,9,2,22,121.5084832,25.0521596
114,10,20,09,31,2,03中山區,中山區樂群一路與瑞光路478巷口,0,0,1,1,C03,6,6,5,50,5,1,1,4,4,5,13,2,1,1,5,5,2,16,2,24,2,8,6,1,7,5,1,10,1,12,44,1,22,121.5690752,25.0771653
114,10,20,09,35,2,10文山區,文山區辛亥路6段13號,0,0,1,1,E02,6,7,5,50,14,9,1,4,4,5,13,4,4,1,4,5,2,17,1,54,3,10,7,1,7,15,1,6,2,4,40,1,27,121.5521428,24.9907451
114,10,20,09,44,2,03中山區,中山區北安路與明水路口,0,0,1,1,C03,6,7,5,50,14,9,1,4,4,5,13,1,1,10,4,5,2,16,1,27,2,7,6,1,7,9,1,10,9,11,108,1,22,121.5388094,25.0778234
114,10,20,09,51,2,01大同區,大同區台北橋機慢車道往台北市下橋處,0,0,1,1,,6,6,5,40,14,11,1,4,4,5,13,4,4,10,4,5,1,17,4,0,4,11,3,4,7,21,7,19,11,15,119,2,22,121.510158,25.0630138
114,10,20,10,00,2,06松山區,松山區光復北路與南京東路5段口,0,0,1,1,C03,6,6,5,50,5,1,1,4,4,5,13,1,1,1,3,4,2,17,2,52,2,9,6,1,7,5,1,10,1,14,44,1,21,121.5579406,25.051386
114,10,20,10,00,2,08士林區,士林區福華路與福華路157巷口,0,0,1,1,C03,6,5,5,50,3,1,1,4,4,5,13,2,1,1,4,5,2,3,1,67,4,11,3,4,7,9,7,19,11,15,70,2,22,121.5250486,25.1066349
114,10,20,10,08,1,01大同區,大同區酒泉街與迪化街2段口,1,0,1,1,C03,6,6,5,50,3,1,1,4,4,5,13,4,4,9,4,5,2,16,1,74,1,9,6,4,7,5,1,10,9,12,74,1,21,121.5123126,25.0720671
114,10,20,10,20,2,08士林區,士林區延平北路6段與社中街口,0,0,1,1,B03,6,6,5,50,4,1,1,4,4,5,13,3,1,5,4,5,2,17,1,31,3,10,7,1,7,5,1,8,2,1,8,1,22,121.5089499,25.0876293
114,10,20,10,57,2,01大同區,大同區重慶北路1段與鄭州路口,0,0,1,1,B12,6,5,5,40,14,9,1,4,4,5,13,4,4,9,4,5,2,12,1,50,3,10,7,1,7,7,1,8,1,6,17,1,21,121.5130874,25.049642
114,10,20,11,01,2,12內湖區,內湖區內湖路2段177號,0,0,1,1,C01,8,5,5,50,14,9,1,4,4,5,13,4,4,4,3,5,1,17,1,20,3,10,3,4,7,1,1,9,1,14,19,1,21,121.5866363,25.0811315
114,10,20,11,46,2,02萬華區,萬華區華江橋往新北市機車道(新北001052燈桿),0,0,2,1,C04,6,6,5,40,8,11,1,4,4,5,13,4,4,1,5,1,2,17,2,66,2,9,6,1,7,9,1,10,1,13,118,1,26,121.4837063,25.03597692
114,10,20,11,58,2,08士林區,士林區中山北路6段與德行東路口,0,0,1,1,B03,6,6,5,50,4,1,1,4,4,5,13,2,1,5,5,5,1,17,1,27,3,10,7,1,7,6,1,8,2,17,9,1,21,121.5249888,25.10656124
114,10,20,12,40,2,04大安區,大安區和平東路3段與敦化南路2段口,0,0,2,1,B12,6,6,5,50,4,1,1,4,4,5,13,2,1,1,4,5,1,16,1,26,2,9,3,4,7,5,1,8,2,5,8,1,21,121.5485033,25.0246394
114,10,20,12,48,2,05中正區,中正區重慶南路1段與沅陵街口,0,0,1,1,C03,6,6,5,50,3,2,1,4,4,5,13,4,4,9,4,5,1,18,1,20,2,9,6,1,7,9,1,10,2,12,116,1,22,121.5131849,25.0428637
114,10,20,12,50,2,08士林區,士林區中山北路5段與福國路口,0,0,1,1,C03,6,5,5,50,3,1,1,4,4,5,13,2,1,1,4,5,2,12,2,52,2,9,6,1,7,8,1,10,2,14,100,1,21,121.5257019,25.102375
114,10,20,14,15,2,09北投區,北投區公館路與大興街口,0,0,1,1,B03,6,6,5,40,4,1,1,4,4,5,13,1,1,5,5,5,2,16,1,56,3,10,7,1,7,5,1,8,1,1,71,1,21,121.5046133,25.1310764
114,10,20,14,55,2,07信義區,信義區信義路5段18號,0,0,1,1,C03,7,5,5,50,14,9,1,5,4,5,13,1,1,1,4,5,2,13,1,28,2,9,6,1,7,9,1,10,9,11,16,1,21,121.5635641,25.0328877
114,10,20,14,57,2,03中山區,中山區民權東路1段捷運中山國小站公車站,0,0,1,1,A04,8,5,7,40,22,10,1,4,4,5,13,1,1,1,4,1,2,9,1,65,3,10,3,4,7,1,1,1,1,17,36,1,21,121.5255466,25.06260193
114,10,20,15,01,2,03中山區,中山區長春路82號,0,0,2,1,H01,6,7,5,50,14,9,1,4,4,5,13,4,4,10,3,5,1,6,1,66,2,3,4,5,8,18,8,20,10,16,123,1,22,121.5266815,25.0549055
114,10,20,15,30,2,08士林區,士林區中山北路7段81巷與中山北路7段81巷23弄口,0,0,1,1,B02,6,6,5,30,4,2,1,4,4,5,13,4,4,10,5,5,2,9,1,61,3,10,7,1,7,9,1,8,2,5,108,1,21,121.529942,25.12199134
114,10,20,15,40,2,03中山區,中山區八德路2段與市民大道3段口,0,0,1,1,B03,6,6,5,40,4,1,1,4,4,5,13,1,1,1,4,1,2,16,1,55,3,10,3,4,7,6,1,8,1,2,9,1,21,121.53494,25.0450427
114,10,20,15,48,2,05中正區,中正區和平西路1段與重慶南路3段口口,0,0,1,1,B03,6,6,5,50,5,2,1,4,4,5,13,1,1,1,4,5,1,17,2,73,3,10,7,1,7,21,1,8,11,8,42,1,21,121.5167251,25.0272445
114,10,20,16,30,2,01大同區,大同區環河北路2段與敦煌路口,0,0,1,1,B03,6,6,5,50,3,1,1,4,4,5,13,4,4,1,4,5,2,17,1,54,3,10,7,4,7,6,1,8,1,8,44,1,21,121.5095967,25.0775114
114,10,20,17,26,2,02萬華區,萬華區萬大路與莒光路口,0,0,2,1,B01,6,5,5,50,4,1,1,4,4,5,13,1,1,5,4,5,2,13,1,67,3,10,7,4,7,9,1,4,1,1,108,1,21,121.5005845,25.03110017
114,10,20,17,45,2,01大同區,大同區民生西路與西寧北路口,0,0,1,1,C03,6,5,5,50,4,1,1,4,4,5,13,2,1,5,4,5,2,17,1,60,2,8,5,4,7,5,1,10,1,14,8,1,21,121.509025,25.05685439
114,10,20,17,57,2,11南港區,南港區忠孝東路7段511號對面,0,0,1,1,B02,6,5,5,50,14,8,1,4,4,5,13,4,4,1,4,4,2,12,1,44,3,10,3,4,7,7,1,8,1,2,100,1,21,121.6120311,25.0526141
114,10,20,18,13,2,09北投區,北投區行義路與行義路5巷口,0,0,1,1,C03,6,5,5,50,3,1,1,4,4,5,13,4,4,9,5,5,2,13,2,45,2,8,6,1,7,9,1,10,1,14,16,1,21,121.5260243,25.1240822
114,10,20,18,15,2,12內湖區,內湖區安康路434巷37號,0,0,1,1,C03,6,5,5,50,14,9,1,4,4,5,13,4,4,9,5,5,2,17,1,39,2,9,6,1,7,9,1,10,2,11,108,1,21,121.6160711,25.0662154
114,10,20,18,20,2,02萬華區,(桂林路236號前),0,0,2,1,C03,6,5,5,50,14,9,1,4,4,5,13,1,1,2,4,5,2,13,2,30,2,7,3,4,7,9,1,10,1,11,44,1,22,121.4958508,25.0386489
114,10,20,18,20,2,04大安區,大安區復興南路1段與忠孝東路3段口,0,0,2,1,C03,6,5,5,50,4,1,1,4,4,5,13,2,1,1,4,5,2,17,2,19,2,9,2,4,7,8,1,10,1,12,100,1,21,121.5436537,25.0417201
114,10,20,18,26,2,05中正區,中正區貴陽街1段與懷寧街口,0,0,2,1,B03,6,5,5,50,3,1,1,4,4,5,13,4,4,5,5,5,2,16,1,62,3,10,7,1,7,5,1,4,2,5,74,1,27,121.5137768,25.0387398
114,10,20,18,39,2,05中正區,中正區寧波西街與羅斯福路1段口,0,0,1,1,B02,6,5,5,50,4,2,1,4,4,5,13,1,1,1,4,4,2,13,1,34,3,10,7,1,7,9,1,4,1,1,108,1,22,121.5190614,25.0317754
114,10,20,18,40,2,04大安區,大安區復興南路2段198號,0,0,1,1,C03,6,5,6,50,14,9,1,4,4,5,13,4,4,1,4,5,2,17,2,33,2,9,3,4,7,7,1,9,1,14,100,1,21,121.5434103,25.0268426
114,10,20,18,40,2,10文山區,文山區木柵路3段與木新路1段口,0,0,1,1,B03,6,5,4,50,3,18,1,4,4,5,13,1,1,10,5,5,2,3,1,83,3,10,7,1,7,6,1,8,1,5,70,1,21,121.5707151,24.990581
114,10,20,18,45,2,12內湖區,內湖區文德路與文德路101巷口,0,0,1,1,C03,6,5,5,50,4,1,1,4,4,5,13,1,1,1,3,5,1,12,2,48,2,8,6,1,7,9,1,10,2,11,108,1,21,121.5836246,25.078612
114,10,20,18,52,2,10文山區,文山區辛亥路4段與辛亥路口側附近4段166巷口,0,0,2,1,C04,6,5,8,50,3,1,1,4,4,5,13,1,1,1,4,5,2,16,2,35,2,6,6,1,7,11,1,10,1,12,71,1,22,121.5564276,25.0037137
114,10,20,18,58,2,08士林區,士林區德行東路331巷與德行東路口,0,0,1,1,C03,6,5,5,30,4,18,1,4,4,5,13,3,1,9,4,5,2,9,2,21,3,10,5,1,7,9,1,10,11,15,70,2,21,121.5376767,25.110307
114,10,20,19,05,2,08士林區,士林區德行東路與德行東路265巷口,0,0,1,1,B03,6,5,5,50,4,1,1,4,4,5,13,4,4,4,5,5,1,16,1,57,3,10,7,1,7,5,1,8,1,1,74,1,21,121.5350867,25.1099242
114,10,20,19,07,2,11南港區,南港區研究院路2段128號,0,0,2,1,C03,6,5,5,50,14,9,1,4,4,5,13,4,4,9,4,5,2,3,1,44,2,8,5,1,7,9,1,10,1,11,99,1,21,121.6168213,25.0417519
114,10,20,19,25,2,12內湖區,內湖區成功交流道與成功路2段口西南角,0,0,3,1,B03,6,5,5,50,4,1,1,4,4,5,13,2,1,1,4,5,2,17,1,71,3,10,7,1,7,8,1,8,1,5,100,1,21,121.5903349,25.0643898
114,10,20,19,35,2,02萬華區,萬華區環河南路1段與貴陽街2段口,0,0,1,1,B03,6,5,5,50,5,1,1,4,4,5,13,2,1,1,4,5,2,17,1,24,3,10,7,1,7,9,1,8,1,17,81,1,21,121.4979814,25.0400763
114,10,20,19,37,2,06松山區,松山區三民路與三民路166巷口,0,0,1,1,C03,6,5,5,50,4,2,1,4,4,5,13,1,1,1,4,5,2,17,2,61,2,9,5,1,7,15,1,10,2,14,101,1,21,121.5631564,25.062032
114,10,20,20,29,2,03中山區,中山區樂群二路30巷38弄與樂群二路116巷口,0,0,2,1,B03,8,5,5,30,4,1,1,4,4,5,13,4,4,10,5,5,2,15,1,53,2,3,7,1,7,9,1,8,2,2,72,1,21,121.5555375,25.07877559
114,10,20,21,05,2,06松山區,松山區八德路2段與八德路2段346巷口,0,0,1,1,B03,6,5,5,50,3,2,1,4,4,5,13,4,4,9,4,5,2,17,1,61,3,10,7,1,7,6,1,8,1,17,74,1,22,121.5449436,25.0477631
114,10,20,21,05,2,09北投區,北投區關渡路52號,0,0,2,1,C03,6,5,5,50,14,9,1,4,4,5,13,4,4,9,4,5,2,16,1,18,2,7,6,1,7,5,1,10,1,11,8,1,21,121.469232,25.1203401
114,10,20,21,27,2,06松山區,松山區南京東路3段269巷與慶城街口,0,0,1,1,B01,6,5,5,30,3,2,1,4,4,5,13,4,4,10,5,5,2,13,1,66,3,10,7,1,7,9,1,4,1,1,16,1,21,121.5450108,25.052711
114,10,20,22,07,2,01大同區,大同區長安西路與塔城街口,0,0,1,1,B01,8,5,5,50,4,2,1,5,4,5,13,2,1,5,4,5,2,14,1,60,3,10,7,1,7,2,1,4,1,3,12,1,21,121.5103964,25.0522251
114,10,20,22,25,2,11南港區,南港區八德路4段與東新街口口,0,0,1,1,C03,6,5,5,50,5,2,1,4,4,5,13,2,1,5,4,5,2,16,2,50,3,10,3,4,7,12,1,10,1,14,108,1,22,121.5822503,25.0514658
114,10,20,22,40,2,02萬華區,萬華區中華路2段與莒光路口,0,0,1,1,C03,6,5,5,50,4,1,1,4,4,5,13,1,1,1,4,5,2,29,2,32,2,9,5,4,7,9,1,10,1,12,44,1,21,121.5040168,25.03129973
114,10,21,00,04,2,09北投區,北投區石牌路2段與石牌路2段325巷口,0,0,1,1,C03,6,5,5,50,4,1,1,4,4,5,13,1,1,5,5,5,2,3,1,59,3,10,3,4,7,9,1,10,11,12,70,2,22,121.5238948,25.122021
114,10,21,00,13,2,08士林區,士林區士東路89巷16弄與士東路91巷口,0,0,1,1,B03,8,5,5,30,4,2,1,4,4,5,13,4,4,9,4,5,1,14,2,57,3,10,3,4,7,11,1,8,2,17,10,1,21,121.5295834,25.1133158
114,10,21,00,55,2,07信義區,信義區基隆路2段與光復南路口,0,0,1,1,B03,6,5,5,50,4,1,1,4,4,5,13,1,1,1,4,5,2,17,1,44,3,10,7,1,7,5,1,8,2,2,85,1,21,121.5576033,25.0299623
114,10,21,05,15,2,06松山區,松山區南京東路3段與敦化北路口,0,0,1,1,B03,6,5,5,50,4,1,1,4,4,5,13,2,1,1,4,1,2,15,1,41,3,10,7,4,7,9,1,8,2,1,81,1,21,121.5487387,25.0516593
114,10,21,05,55,2,06松山區,松山區松河街3號與無名巷口,0,0,2,1,C03,6,5,5,40,3,1,1,4,4,5,13,1,1,8,3,5,1,17,1,56,2,8,3,1,7,5,1,10,1,11,8,1,21,121.5721313,25.0508387
114,10,21,06,37,2,10文山區,文山區景興路與景興路10巷口,0,0,1,1,B03,6,6,5,30,3,1,1,4,4,5,13,4,4,10,5,5,2,16,1,47,3,10,7,1,7,6,1,8,1,4,72,1,21,121.5446193,24.99799
114,10,21,07,00,2,03中山區,中山區內湖路1段與敬業四路口口,0,0,2,1,C03,6,7,5,50,14,8,1,4,4,5,13,1,1,10,4,4,1,13,2,33,2,7,6,1,7,9,1,10,2,11,16,1,22,121.5584573,25.084661
114,10,21,07,25,2,07信義區,信義區光復南路與光復南路443巷口,0,0,1,1,C03,6,6,5,50,4,3,1,4,4,5,13,1,1,1,3,5,2,18,2,75,2,9,6,1,7,15,1,10,9,12,42,1,21,121.5576529,25.0355465
114,10,21,07,45,2,12內湖區,內湖區新明路498巷與新明路498巷14弄口,0,0,1,1,C03,6,5,5,30,4,1,1,4,4,5,13,4,4,10,5,5,2,15,1,65,3,10,5,1,7,9,1,10,1,11,44,1,21,121.5780123,25.05390362
114,10,21,07,50,2,06松山區,松山區麥帥一橋西往東上橋橋墩處,0,0,2,1,C03,6,6,8,40,14,11,1,4,4,5,13,4,4,1,3,5,2,17,1,32,2,9,6,4,7,9,1,10,11,14,1,1,21,121.5680855,25.0512315
114,10,21,08,13,2,02萬華區,萬華區環河南路2段170號,0,0,1,1,B03,6,6,6,50,14,9,1,4,4,5,13,4,4,1,4,5,1,17,1,47,3,10,3,4,7,1,1,8,1,17,19,1,22,121.4937778,25.0348325
114,10,21,08,18,2,03中山區,中山區復興北路與南京東路3段口,0,0,1,1,B03,6,6,5,50,4,1,1,4,4,5,13,2,1,1,5,5,2,16,1,57,3,10,7,1,7,6,1,8,1,2,82,1,21,121.5439375,25.0519502