發生年度,發生月,發生日,發生時-Hours,發生分,處理別-編號,區序,肇事地點,死亡人數,2-30日死亡人數,受傷人數,當事人序號,車種,天候,光線,道路類別,速限-速度限制,道路型態,事故位置,路面狀況1,路面狀況2,路面狀況3,道路障礙1,道路障礙2,號誌1,號誌2,車道劃分-分向,車道劃分-分道1,車道劃分-分道2,車道劃分-分道3,事故類型及型態,性別,年齡,受傷程度,主要傷處,保護裝置,行動電話,車輛用途,當事者行動狀態,駕駛資格情形,駕駛執照種類,飲酒情形,車輛撞擊部位1,肇因碼-個別,個人肇逃否,職業,座標-X,座標-Y
114,10,21,08,18,2,08士林區,士林區中正路與中正路586巷口,0,0,1,1,B03,6,6,5,50,14,9,1,4,4,5,13,4,4,9,4,5,1,12,4,0,,,,,,,,,11,,119,2,,121.5100376,25.0870747
114,10,21,08,24,2,06松山區,松山區八德路2段451巷與八德路2段口,0,0,1,1,C03,6,6,5,50,3,2,1,4,4,5,13,2,1,5,4,5,2,17,1,46,3,10,6,1,7,9,1,10,1,17,42,1,21,121.5475483,25.0482571
114,10,21,08,30,2,02萬華區,萬華區萬大路與莒光路口,0,0,1,1,B12,6,6,5,50,5,2,1,4,4,5,13,2,1,1,4,5,2,17,1,57,3,10,7,1,7,7,1,6,2,17,100,1,21,121.5006132,25.03095883
114,10,21,08,37,2,06松山區,松山區撫遠街與富錦街口,0,0,1,1,B03,6,6,5,50,4,1,1,4,4,5,13,1,1,8,3,5,1,16,1,50,3,10,3,1,7,5,1,8,1,6,8,1,21,121.566451,25.0617589
114,10,21,08,50,2,09北投區,北投區大度路157號,0,0,2,1,C03,6,7,5,50,14,12,1,4,4,5,13,4,4,1,4,3,1,29,1,82,2,9,6,1,7,9,3,18,1,14,108,1,22,121.4923388,25.1214166
114,10,21,09,00,2,03中山區,中山區中山北路3段與德惠街口口,0,0,3,1,C03,6,7,5,50,14,9,1,4,4,5,13,1,1,10,4,5,1,13,1,31,2,8,6,1,7,9,1,10,1,14,42,1,22,121.5225216,25.0666664
114,10,21,09,00,2,08士林區,士林區福林路240號,0,0,1,1,C03,6,6,5,50,14,9,1,4,4,5,13,3,1,5,4,5,2,17,1,63,2,9,3,4,7,9,1,10,1,11,16,1,21,121.5338851,25.097522
114,10,21,09,21,2,01大同區,大同區台北橋機慢車道西往東下橋處,0,0,2,1,C03,6,6,5,40,8,11,1,4,4,5,13,4,4,1,4,5,2,12,4,0,4,11,3,4,7,21,7,19,11,15,119,2,22,121.5100683,25.0630009
114,10,21,09,31,2,07信義區,信義區市民大道5段與東興路口,0,0,2,1,C03,6,6,5,50,4,1,1,4,4,5,13,2,1,10,3,5,2,16,2,30,2,8,5,1,7,9,1,10,1,14,81,1,21,121.5658918,25.0482305
114,10,21,09,33,2,01大同區,大同區民族西路與大龍街口,0,0,1,1,B03,6,5,5,50,4,1,1,4,4,5,13,2,1,5,5,5,2,16,2,29,3,10,7,1,7,5,1,8,2,2,71,1,21,121.5158893,25.0685295
114,10,21,09,38,2,11南港區,南港區研究院路1段101巷與富康街口,0,0,1,1,B03,6,6,5,30,5,2,1,4,4,5,13,1,1,5,5,5,2,16,1,46,3,10,3,1,7,5,1,8,1,8,8,1,21,121.6169309,25.0517177
114,10,21,10,01,2,05中正區,中正區林森南路與徐州路口,0,0,1,1,C02,6,5,5,50,4,2,1,4,4,5,13,2,1,9,4,5,2,13,1,40,2,9,5,1,7,9,1,9,1,11,16,1,21,121.5222342,25.0408685
114,10,21,11,09,2,06松山區,松山區寧安街與寧安街3巷口,0,0,1,1,C03,6,5,5,30,4,1,1,4,4,5,13,4,4,10,5,5,2,15,1,69,2,7,6,1,7,9,1,10,1,12,72,1,21,121.5542529,25.04893656
114,10,21,11,17,2,04大安區,大安區和平東路2段255-1號,0,0,1,1,C03,6,5,5,50,14,9,1,4,4,5,13,2,1,1,4,5,1,13,2,47,2,9,3,4,7,9,1,10,1,11,16,1,21,121.5437108,25.0248902
114,10,21,12,04,2,07信義區,信義區忠孝東路4段與忠孝東路4段554巷口,0,0,1,1,B12,6,6,5,50,3,2,1,4,4,5,13,4,4,1,5,5,2,17,1,48,3,10,3,4,7,8,1,8,9,17,44,1,22,121.5628036,25.0410459
114,10,21,12,14,2,02萬華區,萬華區西寧南路與洛陽街口,0,0,1,1,B12,6,5,5,50,4,2,1,4,4,5,13,1,1,10,5,5,2,17,1,58,3,10,3,4,7,1,1,8,1,8,19,1,21,121.507323,25.0476723
114,10,21,12,49,2,04大安區,大安區敦化南路2段與安和路2段171巷口,0,0,3,1,B01,6,6,5,50,4,1,1,4,4,5,13,1,1,1,3,5,1,15,1,46,2,7,7,1,7,11,1,4,1,2,92,1,21,121.5489741,25.0281527
114,10,21,14,15,2,05中正區,中正區基隆路4段與汀州路3段口口,0,0,1,1,B03,6,6,5,50,4,1,1,4,4,5,13,1,1,1,4,5,1,17,1,49,3,10,7,1,7,9,1,8,1,2,42,1,21,121.5368836,25.0111681
114,10,21,15,14,2,05中正區,中正區廈門街18號前,0,0,2,1,F01,6,7,5,50,14,9,1,4,4,5,13,4,4,5,5,5,2,16,1,59,3,10,4,1,7,1,8,20,1,11,19,1,22,121.5177177,25.0261813
114,10,21,15,21,2,07信義區,信義區東興路69號斜對面,0,0,1,1,C03,8,6,5,50,14,9,1,4,4,5,13,4,4,3,1,5,2,18,1,35,2,9,6,1,7,9,1,10,1,14,44,1,21,121.5668503,25.0458157
114,10,21,15,36,2,12內湖區,內湖區內湖路1段737巷與內湖路1段737巷51弄口,0,0,1,1,B03,6,6,5,30,4,2,1,4,4,5,13,4,4,5,5,5,2,3,2,70,3,10,7,1,7,5,1,8,2,8,70,1,21,121.5793112,25.08054155
114,10,21,15,41,2,09北投區,北投區知行路與知行路260巷口,0,0,1,1,B03,6,7,5,50,3,1,1,4,4,5,13,4,4,10,5,5,2,17,1,59,3,10,7,1,7,1,1,8,1,8,19,1,21,121.4672633,25.12100844
114,10,21,16,05,2,12內湖區,內湖區民權東路6段16號,0,0,1,1,B02,6,5,5,0,14,9,1,4,4,5,13,4,4,1,4,5,1,17,1,29,3,10,7,1,7,1,1,8,1,17,19,1,21,121.5780488,25.0662208
114,10,21,16,27,2,11南港區,南港區南港路1段360號對面,0,0,1,1,A02,6,6,5,40,14,8,1,4,4,5,13,4,4,5,4,4,2,9,1,44,3,10,3,1,7,14,1,6,1,17,40,1,21,121.6067546,25.0543133
114,10,21,16,31,2,03中山區,中山區中山北路3段與民族東路口,0,0,1,1,C03,6,6,5,50,4,1,1,4,4,5,13,1,1,3,4,5,2,12,2,56,2,9,6,1,7,15,1,10,1,12,101,1,21,121.522903,25.06834803
114,10,21,16,55,2,02萬華區,萬華區艋舺大道167號,0,0,1,1,B02,6,5,5,50,14,9,1,4,4,5,13,4,4,1,3,5,2,16,1,45,3,10,7,1,7,6,1,8,1,2,9,1,21,121.4994342,25.0330722
114,10,21,17,11,2,07信義區,信義區環東大道下基隆路匝道,0,0,1,1,B03,6,6,5,50,10,9,1,4,4,5,13,4,4,9,4,5,1,13,1,47,3,10,3,4,7,9,1,8,1,1,108,1,21,121.5683273,25.0476006
114,10,21,17,13,2,10文山區,文山區興隆路3段與興隆路3段304巷口,0,0,2,1,C03,6,6,5,50,14,9,1,4,4,5,13,2,1,1,4,5,2,12,2,42,2,9,6,1,7,8,1,10,1,14,100,1,21,121.5586577,24.992398
114,10,21,17,15,2,12內湖區,內湖區康寧路3段79號,0,0,1,1,C04,6,5,5,50,14,9,1,4,4,5,13,2,1,1,4,5,2,17,2,41,2,9,6,1,7,9,1,10,1,11,16,1,21,121.6090615,25.0718913
114,10,21,17,20,2,04大安區,大安區市民高架道(市民高架177燈桿),0,0,1,1,B03,6,5,5,80,10,9,1,4,4,5,13,4,4,1,5,4,1,13,1,31,3,10,7,1,7,9,1,8,1,8,108,1,21,121.5575546,25.04498655
114,10,21,17,20,2,09北投區,北投區中央北路4段與自立路口,0,0,1,1,B03,6,5,5,30,4,1,1,4,4,5,13,3,1,9,4,5,2,15,1,33,3,10,7,1,7,9,1,8,2,8,108,1,21,121.46545,25.126152
114,10,21,17,23,2,03中山區,中山區雙城街34-1號與德惠街口,0,0,1,1,C03,6,5,5,50,4,1,1,4,4,5,13,1,1,9,4,5,1,3,1,21,3,10,6,4,7,6,1,10,1,11,44,1,21,121.5243316,25.06641651
114,10,21,17,37,2,04大安區,大安區羅斯福路4段（南往北）,0,0,1,1,B03,6,5,5,50,14,9,1,4,4,5,13,4,4,1,3,5,1,12,1,65,4,11,3,4,7,21,7,19,11,15,118,2,21,121.5376722,25.0105117
114,10,21,17,40,2,05中正區,中正區重慶南路2段與重慶南路2段6巷口,0,0,4,1,C03,6,5,5,50,3,1,1,4,4,5,13,3,1,1,4,5,2,13,1,31,2,7,6,1,7,9,6,10,1,11,16,1,22,121.5126905,25.0345579
114,10,21,17,59,2,07信義區,信義區光復南路300號18段對面,0,0,1,1,C01,6,5,5,50,14,9,1,4,4,5,13,1,1,8,3,5,2,11,1,30,2,8,6,1,7,8,1,9,1,14,100,1,21,121.5576539,25.0388464
114,10,21,18,10,2,12內湖區,內湖區內湖路2段179巷與內湖路口側附近2段179巷48弄口,0,0,1,1,B03,8,5,5,50,3,1,1,5,4,5,13,4,4,4,5,5,2,3,1,48,3,10,7,1,7,5,1,8,9,15,70,1,21,121.5859384,25.0838997
114,10,21,18,11,2,07信義區,信義區忠孝東路4段515號,0,0,1,1,C03,6,5,5,50,14,9,1,4,4,5,13,4,4,1,4,5,2,12,2,27,3,10,5,1,7,7,1,10,1,12,80,1,21,121.5584624,25.041465
114,10,21,18,28,2,03中山區,中山區建國南路1段與八德路2段174巷24弄口,0,0,1,1,C03,6,5,5,30,3,1,1,4,4,5,13,4,4,8,3,5,2,17,2,27,3,10,6,1,7,6,1,10,1,12,9,1,21,121.536982,25.0454088
114,10,21,18,29,2,08士林區,士林區仰德大道1段110號對面,0,0,1,1,C03,6,5,5,40,14,9,1,4,4,5,13,2,1,8,4,5,1,13,1,25,2,8,5,1,7,9,1,10,2,11,108,1,21,121.5368316,25.1080128
114,10,21,18,41,2,04大安區,大安區和平東路2段與建國南路2段口,0,0,2,1,C03,6,6,5,50,4,2,1,4,4,5,13,2,1,3,3,4,2,3,1,26,2,9,6,1,7,6,1,10,1,11,108,1,21,121.5380968,25.0255067
114,10,21,18,45,2,02萬華區,萬華區萬大路423巷55號,0,0,1,1,,6,6,5,50,14,9,1,4,4,5,13,4,4,5,5,5,2,12,4,,,,,,,,,,11,,119,2,,121.5007279,25.021454
114,10,21,19,05,2,08士林區,士林區中山北路6段與忠誠路1段口,0,0,1,1,B03,6,5,5,50,4,2,1,4,4,5,13,1,1,1,4,5,2,17,1,58,3,10,7,1,7,5,1,8,1,17,8,1,26,121.5247687,25.1043003
114,10,21,19,40,2,03中山區,中山區南京東路2段與吉林路口,0,0,1,1,A04,6,5,5,50,4,2,1,4,4,5,13,1,1,1,4,4,2,9,1,42,3,10,3,4,7,9,1,2,1,17,44,1,21,121.5249091,25.05231804
114,10,21,19,40,2,12內湖區,內湖區環山路2段與環山路2段26巷口,0,0,2,1,C03,6,5,5,30,3,1,1,4,4,5,13,4,4,8,3,5,1,16,2,34,2,8,6,1,7,5,1,10,2,14,72,1,21,121.5724905,25.0858447
114,10,21,19,57,2,11南港區,南港區南深路與南深路19巷口,0,0,1,1,B03,6,5,5,40,3,1,1,4,4,5,13,4,4,8,3,5,2,17,1,74,3,10,3,4,7,5,1,8,1,1,8,1,21,121.6214438,25.0383656
114,10,21,20,11,2,11南港區,內湖區環東大道與環東大道附近側附近口東往西435號路燈桿,0,0,3,1,B03,6,5,5,60,14,9,1,4,4,5,13,4,4,10,4,5,1,13,2,41,2,1,3,4,7,9,1,8,2,1,14,1,22,121.5906785,25.0613089
114,10,21,20,24,2,04大安區,大安區建國南路1段308號,0,0,2,1,C03,6,5,5,50,14,9,1,4,4,5,13,4,4,1,4,5,2,20,1,53,2,7,6,1,7,9,3,18,1,11,44,1,21,121.537482,25.0355292
114,10,21,21,18,2,02萬華區,萬華區青年路與青年路68巷口,0,0,2,1,C03,6,5,5,30,3,1,1,4,4,5,13,2,1,5,5,5,2,3,1,51,2,7,6,1,7,5,1,10,1,11,70,1,26,121.5027902,25.02368902
114,10,21,21,56,2,03中山區,中山區市民大道3段143號,0,0,1,1,C03,6,5,5,40,14,9,1,4,4,5,13,1,1,1,3,5,1,13,1,36,2,8,6,1,7,9,1,10,1,11,16,1,21,121.5384609,25.0447462
114,10,21,22,16,2,02萬華區,萬華區和平西路3段與和平西路3段159巷口,0,0,2,1,B03,6,5,5,50,3,2,1,4,4,5,13,4,4,1,4,4,2,12,1,73,3,10,7,1,7,1,1,8,5,2,19,1,21,121.4983656,25.0353587
114,10,21,22,17,2,12內湖區,內湖區環山路1段與內湖路1段285巷口,0,0,2,1,C03,6,5,5,50,3,1,1,4,4,5,13,1,2,10,5,5,2,3,1,44,2,9,6,1,7,9,3,18,2,11,81,1,21,121.5669908,25.086358
114,10,21,22,34,2,02萬華區,萬華區中華路1段與忠孝西路2段口,0,0,1,1,B12,6,5,5,50,4,1,1,4,4,5,13,1,1,1,5,5,2,17,1,58,3,10,7,1,7,9,1,8,9,17,99,1,21,121.5096585,25.0480507
114,10,22,00,05,2,01大同區,大同區承德路1段與長安西路口,0,0,1,1,B03,6,5,5,50,4,1,1,4,4,5,13,2,1,9,4,5,2,13,1,31,3,10,7,1,7,9,1,8,1,1,16,1,21,121.5169289,25.0509039
114,10,22,00,30,2,08士林區,士林區中山北路5段與中山北路5段698巷口,0,0,1,1,B01,6,5,5,50,14,5,1,4,4,5,13,1,1,1,4,1,1,11,1,52,3,10,7,1,7,8,1,8,2,2,80,1,21,121.5275804,25.097983
114,10,22,03,31,2,03中山區,中山區吉林路與民生東路2段口,0,0,1,1,B01,6,5,5,50,4,1,1,4,4,5,13,1,1,5,4,5,2,16,1,53,3,10,3,4,7,5,1,4,9,4,8,1,21,121.5302749,25.05800941
114,10,22,06,35,2,10文山區,文山區木柵路2段與興隆路4段口,0,0,1,1,C03,6,6,5,50,4,1,1,4,4,5,13,2,1,5,4,1,2,18,1,27,2,9,3,4,7,9,1,10,2,17,44,1,22,121.5602126,24.9887871
114,10,22,06,49,2,09北投區,北投區中央北路4段與中央北路4段138巷口,0,0,1,1,B01,6,6,5,50,3,2,1,4,4,5,13,4,4,4,1,5,2,17,1,50,3,10,7,1,7,11,1,4,2,6,103,1,21,121.4761323,25.1335601
114,10,22,07,14,2,01大同區,大同區哈密街20巷與哈密街23巷口,0,0,1,1,B01,6,6,5,30,4,1,1,4,4,5,13,4,4,10,4,5,2,15,1,36,3,10,3,4,7,9,1,4,1,5,72,1,21,121.5191301,25.0741549
114,10,22,07,15,2,08士林區,士林區中山北路6段405巷與中山北路6段441巷口,0,0,2,1,F01,6,6,5,50,4,1,1,4,4,5,13,4,4,5,5,5,1,3,1,14,2,8,4,1,7,6,8,20,1,11,108,1,21,121.5273344,25.11545909
114,10,22,07,25,2,04大安區,大安區羅斯福路4段21號,0,0,1,1,C03,6,6,5,50,14,9,1,4,4,5,13,4,4,9,4,5,1,13,1,28,2,5,3,4,7,7,1,10,1,11,100,1,21,121.5358596,25.0134527
114,10,22,07,57,2,12內湖區,內湖區瑞光路478巷與瑞光路口,0,0,1,1,B03,6,7,5,50,4,1,1,4,4,5,13,2,1,5,4,5,2,17,1,58,3,10,7,1,7,5,1,8,9,17,44,1,21,121.5694509,25.078838
114,10,22,08,08,2,03中山區,中山區中山北路2段與錦西街口,0,0,1,1,C03,6,6,5,50,4,2,1,4,4,5,13,2,1,9,5,5,2,12,1,47,3,10,6,1,7,9,1,10,9,14,44,1,21,121.5228212,25.0603025
114,10,22,08,16,2,11南港區,南港區南港路1段與惠民街口口,0,0,1,1,B02,6,6,5,50,3,1,1,4,4,5,13,2,1,5,4,5,2,17,1,39,3,10,7,1,7,5,1,8,1,17,71,1,21,121.6103267,25.0550007
114,10,22,08,30,2,11南港區,南港區南港路1段與經貿一路口,0,0,1,1,C03,6,6,5,50,3,2,1,4,4,5,13,2,1,1,4,5,2,13,2,24,3,10,6,1,7,9,1,10,2,11,16,1,21,121.6190298,25.0547553
114,10,22,08,55,2,08士林區,士林區德行西路與文林路口,0,0,1,1,C03,8,7,5,50,4,1,1,4,4,5,13,1,1,1,5,4,2,17,1,22,3,10,6,1,7,9,1,10,1,13,80,1,21,121.5195451,25.10324171
114,10,22,08,57,2,07信義區,信義區忠孝東路5段236巷與忠孝東路5段236巷45弄口口,0,0,1,1,B02,6,6,5,30,3,1,1,4,4,5,13,4,4,7,5,5,2,16,1,78,3,10,3,4,7,6,1,8,1,8,72,1,22,121.5719069,25.0376577
114,10,22,08,58,2,02萬華區,萬華區和平西路3段與大理街159巷口,0,0,1,1,C03,6,6,5,50,3,1,1,4,4,5,13,4,4,1,5,5,2,13,2,45,2,9,6,4,7,9,1,10,1,11,108,1,22,121.4956731,25.0353004
114,10,22,09,00,2,09北投區,北投區軟橋街與文林北路5巷口,0,0,1,1,B03,6,7,5,50,3,1,1,4,4,5,13,4,4,5,4,5,2,12,1,44,3,10,3,4,7,7,1,8,1,6,101,1,22,121.5171331,25.0999733
114,10,22,09,00,2,12內湖區,內湖區五分街與五分街72巷口,0,0,1,1,C03,6,5,5,30,4,2,1,4,4,5,13,4,4,5,5,5,1,16,2,71,2,8,6,1,7,5,1,10,1,12,72,1,21,121.6162875,25.0672214
114,10,22,09,15,2,06松山區,松山區民生東路5段140號,0,0,1,1,B01,6,7,5,50,14,9,1,4,4,5,13,4,4,9,4,5,2,17,1,59,3,10,7,1,7,6,1,4,1,2,17,1,22,121.5618608,25.0586687
114,10,22,09,20,2,10文山區,文山區木柵路2段與木柵路2段138巷口口,0,0,1,1,B03,6,6,5,50,4,1,1,4,4,5,13,2,1,5,4,5,1,3,2,42,3,10,7,1,7,5,1,8,2,4,70,1,21,121.5617195,24.9888434
114,10,22,09,23,2,11南港區,南港區松河街630號,0,0,1,1,B03,6,6,5,50,14,9,1,4,4,5,13,4,4,8,3,5,2,16,1,74,3,10,3,4,7,5,1,8,1,2,8,1,21,121.6072568,25.0591724
114,10,22,09,27,2,11南港區,南港區舊莊街1段62號,0,0,2,1,B01,6,6,5,50,14,9,1,4,4,5,13,4,4,9,4,5,2,17,1,52,3,10,7,1,7,11,1,4,1,4,10,1,21,121.6186341,25.0410939
114,10,22,09,35,2,05中正區,中正區思源街1號與思源街口口,0,0,1,1,B03,6,6,5,50,3,1,1,4,4,5,13,1,1,1,4,5,1,17,1,73,3,10,7,1,7,11,1,8,2,2,10,1,21,121.5305744,25.0138986
114,10,22,09,40,2,12內湖區,內湖區新明路22號,0,0,1,1,B01,6,6,5,30,14,9,1,4,4,5,13,3,1,5,4,5,2,16,1,54,3,10,7,1,7,11,1,4,1,4,10,1,21,121.5906627,25.0602145
114,10,22,09,44,2,03中山區,中山區長安東路2段108號,0,0,1,1,C03,6,7,5,50,14,9,1,3,3,5,13,4,4,10,4,5,2,17,1,74,2,9,6,1,7,9,1,10,2,15,108,1,22,121.5417611,25.0482655
114,10,22,10,00,2,03中山區,中山區敬業二路63號對面,0,0,1,1,G03,8,5,5,50,14,9,1,4,4,5,13,4,4,9,4,5,1,17,1,27,3,10,3,4,7,9,1,8,2,16,42,1,21,121.5543082,25.08209124
114,10,22,10,10,2,09北投區,北投區大度路與中央北路2段257巷口,0,0,1,1,B03,6,7,5,50,5,2,1,4,4,5,13,2,1,1,4,5,1,13,1,23,3,10,7,1,7,6,1,8,1,6,44,1,22,121.4864339,25.122123
114,10,22,10,40,2,03中山區,中山區敬業一路與樂群二路口,0,0,1,1,B03,6,6,5,50,4,1,1,4,4,5,13,2,1,9,5,5,2,3,1,44,3,10,7,1,7,5,1,8,1,1,70,1,22,121.5533261,25.0799398
114,10,22,11,00,2,06松山區,松山區長春路與敦化北路120巷7弄口,0,0,1,1,B01,6,7,5,50,4,1,1,4,4,5,13,4,4,5,4,5,2,16,1,62,3,10,7,1,7,11,1,4,1,7,10,1,21,121.5479953,25.05445
114,10,22,11,00,2,10文山區,文山區指南路2段與新光路1段口,0,0,1,1,B03,6,6,5,50,3,1,1,4,4,5,13,1,1,5,5,5,2,17,1,52,3,10,7,1,7,6,1,8,1,8,80,1,21,121.5737309,24.9883522
114,10,22,11,11,2,03中山區,中山區長春路88號與新生北路2段口,0,0,1,1,C03,6,6,6,50,3,1,1,4,4,5,13,4,4,5,4,4,2,15,1,66,3,10,3,4,7,9,1,10,1,11,73,1,21,121.5270728,25.0549354
114,10,22,11,43,1,03中山區,中山區堤頂大道2段與瑞光路358巷口,1,0,1,1,B01,6,7,5,70,14,7,1,4,4,5,13,3,1,1,3,5,1,23,1,51,2,9,7,1,7,9,1,4,2,4,42,1,21,121.5699957,25.0767545
114,10,22,12,06,2,05中正區,中正區愛國西路與羅斯福路1段口,0,0,2,1,C03,6,7,5,50,4,1,1,4,4,5,13,1,1,2,4,1,2,16,1,28,2,8,6,1,7,6,1,10,1,12,71,1,22,121.51683,25.0345158
114,10,22,12,14,2,09北投區,北投區中央北路2段257巷與中央北路2段257巷口迴轉道,0,0,1,1,B03,6,7,5,50,3,2,1,4,4,5,13,4,4,5,5,5,1,16,1,77,3,10,7,1,7,5,1,6,9,8,72,1,22,121.490595,25.1371247
114,10,22,12,44,2,12內湖區,內湖區瑞湖街與舊宗路2段121巷口,0,0,1,1,B03,6,6,5,50,4,1,1,4,4,5,13,1,1,5,5,5,2,12,1,50,3,10,7,1,7,6,1,8,1,2,9,1,21,121.5764398,25.0690869
114,10,22,12,58,2,03中山區,中山區吉林路與南京東路2段口,0,0,1,1,B12,6,6,5,50,5,1,1,4,4,5,13,2,1,1,4,4,2,3,1,63,3,10,7,1,7,5,1,8,1,4,70,1,21,121.5302292,25.0520289
114,10,22,13,46,2,12內湖區,內湖區金湖路363巷與金湖路363巷51弄口,0,0,1,1,B03,8,5,5,30,3,1,1,4,4,5,13,4,4,4,5,5,1,17,1,68,3,10,3,4,7,5,1,8,1,4,8,1,21,121.6007638,25.073197
114,10,22,13,55,2,07信義區,信義區虎林街202巷64號,0,0,1,1,C03,6,6,5,30,14,9,1,4,4,5,13,4,4,10,5,5,2,16,1,36,2,9,5,1,7,9,1,10,1,11,13,1,21,121.5757268,25.0373894
114,10,22,14,10,2,03中山區,中山區北安路536號,0,0,1,1,B03,6,5,5,50,14,9,1,4,4,5,13,1,1,9,5,5,2,17,1,23,3,10,3,4,7,5,1,8,1,17,83,1,21,121.5474201,25.07988911
114,10,22,14,45,2,07信義區,信義區松仁路與忠孝東路5段236巷2弄口,0,0,1,1,B03,6,7,5,50,3,1,1,4,4,5,13,4,4,9,4,5,2,17,1,25,3,10,7,1,7,5,1,8,1,5,74,1,21,121.5685794,25.0404938
114,10,22,15,05,2,05中正區,中正區南海路與牯嶺街口,0,0,1,1,C03,6,7,5,30,4,2,1,4,4,5,13,1,1,10,4,5,2,13,1,34,2,9,6,1,7,9,1,10,1,14,13,1,22,121.5152112,25.0320699
114,10,22,15,11,2,02萬華區,萬華區西園路2段與西園路2段111巷口,0,0,1,1,C04,6,7,5,30,4,1,1,4,4,5,13,1,1,10,5,5,2,12,2,59,3,10,5,1,7,9,6,18,9,12,44,2,21,121.4964056,25.0300807
114,10,22,15,23,2,12內湖區,內湖區江南街與江南街65巷口,0,0,1,1,C03,6,7,5,50,4,1,1,4,4,5,13,1,1,5,5,5,2,3,1,63,3,10,5,1,7,9,1,10,1,11,70,1,21,121.577529,25.0773801
114,10,22,15,33,2,05中正區,中正區和平西路1段與南昌路2段口,0,0,1,1,B03,8,6,5,50,4,1,2,4,4,5,13,1,1,3,4,4,2,17,1,76,3,10,7,1,7,11,1,8,11,17,10,2,21,121.521196,25.0267943
114,10,22,15,43,2,03中山區,中山區中山北路4段與中山橋附近口,0,0,1,1,C03,6,6,5,50,11,9,1,4,4,5,13,2,1,10,5,5,2,13,1,50,3,10,6,1,7,9,1,10,1,11,42,1,21,121.5257095,25.0753211
114,10,22,15,52,2,07信義區,信義區莊敬路374號,0,0,1,1,B03,6,6,5,50,14,9,1,4,4,5,13,4,4,8,5,5,2,17,1,81,3,10,3,1,7,14,1,8,1,4,40,1,21,121.5648083,25.0276517
114,10,22,16,44,2,08士林區,士林區中山北路5段與福志路口,0,0,1,1,A12,6,6,5,50,3,2,1,4,4,5,13,4,4,9,5,5,1,17,1,61,3,10,7,1,7,6,1,8,2,2,44,1,21,121.5271541,25.09841956
114,10,22,17,00,2,03中山區,中山區建國北路1段與長安東路2段口,0,0,1,1,C03,6,7,5,50,4,1,1,4,4,5,13,1,1,9,4,5,2,18,1,35,2,7,6,1,7,9,1,10,1,12,42,1,21,121.5363806,25.04837773
114,10,22,17,10,2,04大安區,大安區延吉街68-4號,0,0,1,1,C03,6,5,5,50,14,9,1,4,4,5,13,4,4,9,5,5,2,14,1,47,3,10,6,1,7,2,1,10,1,13,12,1,21,121.5540621,25.0429974
114,10,22,17,10,2,08士林區,士林區中山北路6段360號,0,0,1,1,B03,8,5,5,0,14,9,1,4,4,5,13,4,4,1,4,5,2,17,1,69,4,11,3,4,7,8,7,19,11,15,80,2,22,121.5234915,25.11575377
114,10,22,17,11,2,10文山區,文山區指南路1段59巷與開元街口,0,0,2,1,C03,6,5,5,30,3,1,1,4,4,5,13,4,4,10,5,5,2,16,1,16,2,9,6,1,7,9,2,18,11,11,13,1,21,121.571127,24.9882542
114,10,22,17,12,2,01大同區,大同區延平北路2段241號,0,0,1,1,C03,6,5,5,50,14,9,1,4,4,5,13,4,4,5,5,5,2,12,2,53,2,9,6,1,7,7,3,18,2,14,100,1,21,121.5113139,25.0619077
114,10,22,17,15,2,10文山區,文山區指南路1段96巷21號旁,0,0,2,1,C03,6,5,5,30,14,9,1,4,4,5,13,4,4,10,5,5,2,10,1,16,2,9,5,1,7,9,2,18,9,11,13,2,16,121.5718145,24.9873183
114,10,22,17,27,2,11南港區,南港區興南街64巷1號,0,0,2,1,H01,6,5,5,30,14,9,1,4,4,5,13,4,4,4,3,5,2,3,2,83,2,9,4,5,8,16,8,20,10,16,121,1,21,121.6017931,25.0559374
114,10,22,17,34,2,04大安區,大安區安居街與安居街98巷口,0,0,2,1,C03,8,6,5,30,4,1,1,4,4,5,10,4,4,9,5,5,2,15,2,50,2,9,5,1,7,9,1,10,1,11,72,1,21,121.5527778,25.0191049
114,10,22,17,37,2,04大安區,大安區和平東路1段與羅斯福路2段口,0,0,2,1,C03,6,5,5,50,4,2,1,4,4,5,13,2,1,8,3,5,1,12,1,20,2,8,5,1,7,15,1,10,1,12,101,1,25,121.5226258,25.0270114
114,10,22,17,40,2,06松山區,松山區八德路3段2號,0,0,1,1,B01,6,5,5,50,14,9,1,4,4,5,13,4,4,9,4,5,2,17,2,45,3,10,7,1,7,7,1,4,1,17,100,1,22,121.5493745,25.04819008
114,10,22,17,50,2,01大同區,大同區承德路1段22號,0,0,1,1,C03,6,5,5,50,14,9,1,4,4,5,13,4,4,1,4,5,2,17,1,18,2,9,5,4,7,7,1,10,1,11,16,1,21,121.5171747,25.050909
114,10,22,17,50,2,12內湖區,內湖區成功路2段與石潭路口旁,0,0,2,1,C03,6,5,5,50,14,9,1,4,4,5,13,4,4,1,4,5,2,13,1,74,2,9,6,1,7,9,1,10,2,13,44,1,21,121.5906993,25.0631511
114,10,22,17,51,2,12內湖區,內湖區堤頂大道2段與港墘路口,0,0,1,1,B03,6,5,6,50,3,1,1,4,4,5,13,1,1,3,4,4,1,17,1,67,3,10,7,1,7,5,1,8,1,5,17,1,21,121.5726157,25.0745901