發生年度,發生月,發生日,發生時-Hours,發生分,處理別-編號,區序,肇事地點,死亡人數,2-30日死亡人數,受傷人數,當事人序號,車種,天候,光線,道路類別,速限-速度限制,道路型態,事故位置,路面狀況1,路面狀況2,路面狀況3,道路障礙1,道路障礙2,號誌1,號誌2,車道劃分-分向,車道劃分-分道1,車道劃分-分道2,車道劃分-分道3,事故類型及型態,性別,年齡,受傷程度,主要傷處,保護裝置,行動電話,車輛用途,當事者行動狀態,駕駛資格情形,駕駛執照種類,飲酒情形,車輛撞擊部位1,肇因碼-個別,個人肇逃否,職業,座標-X,座標-Y
114,10,22,18,00,2,08士林區,士林區中正路399巷與中正路口,0,0,1,1,B03,6,5,5,50,4,1,1,4,4,5,13,4,4,1,4,5,1,17,1,35,3,10,7,1,7,5,1,8,11,17,74,1,21,121.5210734,25.0941682
114,10,22,18,00,2,09北投區,北投區幽雅路與幽雅路5巷口,0,0,1,1,B02,6,5,5,30,4,2,1,4,4,5,13,4,4,10,5,5,2,16,2,44,3,10,7,1,7,6,1,8,1,1,74,1,21,121.5128018,25.13738235
114,10,22,18,03,2,06松山區,松山區新中街與新中街6巷口,0,0,2,1,C03,6,5,5,50,3,1,1,4,4,5,13,4,4,9,4,5,2,3,2,60,2,9,6,1,7,9,1,10,1,11,14,1,26,121.5605277,25.05833803
114,10,22,18,06,2,05中正區,中正區忠孝西路1段6號,0,0,1,1,A05,6,5,5,50,14,9,1,4,4,5,13,4,4,2,2,5,2,17,1,38,3,10,7,1,7,9,1,2,2,17,44,1,22,121.5180785,25.04595825
114,10,22,18,20,2,09北投區,北投區北科路與文承路口,0,0,1,1,B03,6,5,5,30,4,2,1,4,4,5,13,1,1,5,4,5,2,16,2,31,3,10,7,1,7,11,1,8,2,6,80,1,22,121.5158947,25.10517
114,10,22,18,27,2,01大同區,大同區重慶北路2段與南京西路口,0,0,2,1,B03,6,5,5,50,5,1,1,4,4,5,13,4,4,1,5,5,2,12,1,64,3,10,7,1,7,8,1,8,2,5,108,1,21,121.5144444,25.0543636
114,10,22,18,42,2,06松山區,松山區光復北路與光復北路210巷口,0,0,1,1,B03,6,5,5,50,4,1,1,4,4,5,13,2,1,9,4,5,2,17,1,37,3,10,7,1,7,8,1,8,1,8,101,1,21,121.5557587,25.0552638
114,10,22,18,55,2,04大安區,大安區復興南路1段與大安路1段116巷口,0,0,1,1,B03,6,5,5,50,4,1,1,4,4,5,13,2,1,1,3,5,2,16,2,44,3,10,7,1,7,5,1,8,1,1,71,1,21,121.5438462,25.0398287
114,10,22,19,00,2,08士林區,士林區芝玉路1段56號,0,0,2,1,C03,6,5,5,30,14,9,1,4,4,5,13,4,4,10,5,5,1,17,1,30,2,8,5,1,7,9,1,10,1,14,118,1,21,121.536239,25.10346294
114,10,22,19,00,2,07信義區,信義區吳興街與吳興街260巷口,0,0,2,1,C03,6,5,5,30,4,1,1,4,4,5,13,4,4,9,5,5,2,3,1,23,2,8,5,1,7,9,1,10,2,11,117,1,21,121.5639124,25.0268414
114,10,22,19,10,2,03中山區,中山區南京西路12號前,0,0,1,1,B03,6,5,5,40,14,7,1,4,4,5,13,4,4,1,4,4,2,17,1,25,3,10,7,1,7,1,1,8,11,7,19,1,21,121.5210879,25.0524621
114,10,22,19,10,2,12內湖區,內湖區成功路5段420巷口（康寧醫院公車站）,0,0,1,1,A02,6,5,5,50,14,9,1,4,4,5,13,1,1,1,4,5,2,9,1,51,3,10,7,1,7,1,1,2,1,17,44,1,21,121.6073294,25.0758458
114,10,22,19,24,2,12內湖區,內湖區石潭路151號,0,0,1,1,C03,6,5,5,50,14,9,1,4,4,5,13,4,4,5,5,5,2,9,1,68,3,10,5,1,7,9,1,10,1,11,108,1,21,121.5889367,25.0639588
114,10,22,19,26,2,03中山區,中山區北安路與北安路口與無名巷口,0,0,1,1,B03,6,5,5,50,3,1,1,4,4,5,13,1,1,1,4,5,2,16,2,29,3,10,3,4,7,5,1,8,2,5,71,1,21,121.5287096,25.07799024
114,10,22,19,27,2,03中山區,中山區吉林路與長安東路2段口,0,0,1,1,C03,6,5,5,50,4,1,1,4,4,5,13,1,1,5,4,5,2,17,2,62,2,9,6,1,7,5,1,10,1,12,71,1,21,121.530069,25.04854273
114,10,22,19,37,2,09北投區,北投區北投路1段與三合街2段口,0,0,1,1,B03,6,5,5,50,4,1,1,4,4,5,13,1,1,9,4,5,2,17,1,69,3,10,7,1,7,5,1,8,9,17,71,2,21,121.5007302,25.1261542
114,10,22,19,45,2,03中山區,中山區林森北路與民生東路1段口,0,0,1,1,B03,6,5,5,50,4,2,1,4,4,5,13,1,1,9,4,5,2,17,2,37,3,10,7,1,7,6,1,8,9,17,9,1,21,121.5251799,25.05808652
114,10,22,20,05,2,08士林區,士林區文林路490號,0,0,2,1,B03,6,5,5,50,14,9,1,4,4,5,13,4,4,5,5,5,1,16,1,40,3,10,7,1,7,11,1,8,1,4,10,1,21,121.524277,25.09638784
114,10,22,20,20,2,03中山區,中山區市民大道2段與林森北路口西側迴轉道,0,0,1,1,B01,6,5,5,40,3,1,1,4,4,5,13,4,4,1,4,4,2,17,1,41,3,10,3,4,7,5,1,4,1,2,72,1,21,121.5235645,25.0480999
114,10,22,20,22,2,10文山區,文山區木柵路1段與試院路口(雙號）,0,0,2,1,C03,6,5,5,50,5,2,1,4,4,5,13,1,1,5,4,5,2,17,2,39,2,9,3,4,7,5,1,10,1,11,99,1,22,121.5498521,24.98741942
114,10,22,21,07,2,04大安區,大安區和平東路3段與安和路2段口,0,0,2,1,C02,6,5,5,50,14,9,1,4,4,5,13,2,1,1,4,5,1,17,1,25,2,8,3,4,7,9,1,9,1,11,108,1,22,121.550858,25.02442157
114,10,22,21,23,2,04大安區,大安區通化街與通化街143巷口,0,0,2,1,C03,6,5,5,30,3,2,1,4,4,5,13,4,4,10,5,5,2,16,2,25,2,9,5,1,7,6,1,10,1,13,72,1,21,121.5538058,25.0288437
114,10,22,23,26,2,02萬華區,萬華區水源快速道路往北(6010876)燈桿旁,0,0,1,1,B03,6,5,5,60,14,9,1,4,4,5,13,4,4,10,4,5,2,38,1,25,3,10,3,4,7,9,1,8,1,5,13,1,22,121.5200774,25.0413125
114,10,22,23,27,2,09北投區,北投區公館路與東華街2段口,0,0,1,1,B02,6,5,5,50,4,2,1,4,4,5,13,2,1,5,4,5,2,16,1,39,3,10,7,1,7,11,1,8,1,4,10,1,21,121.5027888,25.1218208
114,10,23,01,05,2,03中山區,中山區北安路往東，自強隧道口,0,0,1,1,C03,6,5,5,50,18,9,1,4,4,5,13,3,1,6,3,5,2,18,2,35,2,9,6,1,7,5,1,10,9,14,44,1,21,121.55054,25.0854169
114,10,23,01,12,2,09北投區,北投區大業路與承德路7段口,0,0,1,1,B03,6,5,5,50,5,1,1,4,4,5,13,2,1,1,4,5,2,17,1,24,3,10,7,1,7,9,3,18,2,1,44,1,21,121.4995602,25.1212727
114,10,23,02,16,2,12內湖區,內湖區內湖路1段與內湖路1段591巷口口,0,0,1,1,B12,6,5,5,30,4,1,1,4,4,5,13,1,1,1,4,5,2,3,1,26,3,10,7,1,7,5,1,8,2,8,70,1,21,121.5732463,25.0807099
114,10,23,06,27,2,12內湖區,內湖區金龍路與金龍隧道口,0,0,1,1,C03,6,7,8,50,4,1,1,4,4,5,13,1,1,9,4,5,2,16,1,30,2,9,6,2,7,8,1,10,9,13,100,1,21,121.588426,25.0867031
114,10,23,07,18,2,09北投區,北投區洲美快速道路往南078燈桿,0,0,3,1,B03,6,6,5,80,10,9,1,4,4,5,13,4,4,8,3,5,1,13,1,51,2,9,7,1,7,15,1,8,2,1,100,1,21,121.4996717,25.1152826
114,10,23,08,39,2,10文山區,文山區興隆路3段192巷8弄46號,0,0,2,1,C03,6,6,5,30,14,9,1,4,4,5,13,4,4,10,5,5,2,2,2,64,2,9,6,1,7,9,1,10,2,12,108,1,21,121.5579632,24.9994113
114,10,23,08,55,2,06松山區,松山區民權東路4段與三民路口,0,0,1,1,C03,6,7,5,50,3,4,1,4,4,5,13,1,1,1,4,4,2,18,2,50,2,9,5,1,7,14,1,11,1,17,44,1,26,121.5628532,25.0627486
114,10,23,09,05,2,02萬華區,萬華區洛陽街與昆明街口,0,0,1,1,B03,6,6,5,50,3,2,1,4,4,5,13,3,1,5,4,5,1,17,2,39,3,10,3,4,7,6,1,8,1,17,9,1,22,121.5062557,25.0478635
114,10,23,09,20,2,03中山區,中山區北安路301號對面,0,0,1,1,C03,6,7,5,50,14,9,1,4,4,5,13,4,4,1,4,5,2,17,1,30,3,10,6,1,7,15,1,10,1,17,42,1,26,121.5348684,25.07787778
114,10,23,09,51,2,04大安區,大安區信義路3段與建國南路1段口,0,0,1,1,C03,6,6,5,50,14,9,1,4,4,5,13,1,1,9,4,5,1,13,2,62,2,8,3,4,7,9,1,10,1,11,16,1,21,121.5372271,25.0336213
114,10,23,10,06,2,05中正區,中正區信義路1段與杭州南路1段口,0,0,1,1,F01,6,6,5,50,4,1,1,4,4,5,13,2,1,10,5,5,2,17,1,81,3,10,4,1,7,15,8,20,2,17,85,1,22,121.5245819,25.03593445
114,10,23,10,12,2,08士林區,士林區中山北路5段與中山北路5段282巷口,0,0,2,1,B03,6,6,5,50,3,1,1,4,4,5,13,4,4,1,4,5,2,17,1,55,3,10,3,4,7,6,1,8,9,17,44,1,21,121.5271834,25.08765534
114,10,23,10,21,2,03中山區,中山區民生東路2段153號,0,0,1,1,B01,6,7,5,50,14,9,1,4,4,5,13,4,4,1,4,5,2,17,1,59,3,10,7,1,7,8,1,3,1,17,80,1,21,121.5357841,25.0579855
114,10,23,10,24,2,04大安區,大安區辛亥路2段與辛亥路2段171巷口對面,0,0,1,1,B03,6,6,5,40,14,8,1,4,4,5,13,4,4,1,4,4,1,12,2,24,3,10,3,4,7,14,1,8,1,4,40,1,21,121.5408923,25.0210866
114,10,23,11,04,2,01大同區,大同區市民大道1段與承德路1段口,0,0,1,1,C03,6,6,5,40,5,2,1,4,4,5,13,4,4,1,5,5,2,13,1,36,2,9,6,1,7,9,1,10,2,11,44,1,21,121.517506,25.0487204
114,10,23,11,28,2,03中山區,中山區松江路367號,0,0,1,1,A05,8,5,5,50,14,9,1,5,4,5,13,1,1,9,4,5,2,17,1,53,3,10,3,4,7,3,1,2,9,2,18,1,21,121.5211318,25.05009932
114,10,23,12,05,2,09北投區,北投區大度路3段與無名巷口,0,0,1,1,C03,6,6,5,50,3,1,1,4,4,5,13,1,1,1,4,5,1,17,1,36,2,9,5,1,7,9,1,10,2,14,42,1,22,121.4731283,25.1226085
114,10,23,12,21,2,12內湖區,內湖區安康路414巷與安康路口口,0,0,1,1,B13,6,5,5,50,3,2,1,4,4,5,13,4,4,10,2,5,2,17,1,42,3,10,7,1,7,8,1,8,9,5,101,1,21,121.6144126,25.0661303
114,10,23,12,58,2,08士林區,士林區光華路與長春街口,0,0,1,1,C03,6,6,5,30,3,2,1,4,4,5,13,4,4,10,5,5,2,17,1,18,2,9,6,1,7,15,1,10,9,14,13,1,22,121.5431904,25.1374632
114,10,23,13,08,2,02萬華區,萬華區東園街與東園街140巷口,0,0,1,1,B01,6,5,5,40,4,1,1,4,4,5,13,1,1,10,5,5,2,17,1,56,3,10,3,4,7,5,1,4,1,1,71,1,21,121.4975708,25.0235911
114,10,23,14,24,2,03中山區,中山區林森北路85巷與南京東路1段132巷口,0,0,1,1,B03,6,6,5,30,4,1,1,4,4,5,13,4,4,10,5,5,2,15,1,29,3,10,7,1,7,9,1,8,1,8,72,1,21,121.5265858,25.04941707
114,10,23,14,25,2,10文山區,文山區木柵路3段與久康街口,0,0,1,1,B03,7,6,5,50,3,1,2,5,4,5,13,4,4,5,5,5,2,17,1,41,3,10,3,1,7,6,1,8,2,2,9,1,21,121.5644754,24.9885784
114,10,23,14,44,2,07信義區,信義區忠孝東路5段68號,0,0,1,1,B03,6,6,5,50,14,9,1,4,4,5,13,4,4,9,4,5,2,12,1,77,3,10,7,1,7,9,6,8,1,5,17,1,21,121.5677354,25.0410011
114,10,23,14,55,2,05中正區,中正區寧波西街87號,0,0,1,1,B03,6,6,5,50,14,9,1,4,4,5,13,4,4,10,4,5,2,12,1,27,3,10,3,4,7,9,1,8,1,5,44,1,21,121.5159832,25.0299774
114,10,23,15,03,2,03中山區,中山區敬業三路與樂群三路口,0,0,1,1,B03,6,7,5,30,14,9,1,4,4,5,13,2,1,1,4,5,2,17,1,54,3,10,7,1,7,7,1,8,1,17,100,1,21,121.556353,25.0825226
114,10,23,15,46,2,07信義區,信義區永吉路與松信路口口,0,0,1,1,C03,6,6,5,50,4,1,1,4,4,5,13,1,1,10,5,5,2,16,1,37,3,10,6,1,7,5,1,10,1,14,8,1,21,121.5721516,25.045674
114,10,23,15,56,2,03中山區,中山區北安路409號,0,0,1,1,B03,6,7,5,50,14,9,1,4,4,5,13,4,4,1,4,5,2,16,1,66,3,10,7,1,7,5,1,8,2,4,103,1,21,121.5428775,25.0796713
114,10,23,15,56,2,05中正區,中正區寧波西街與南昌路1段口,0,0,1,1,C03,6,6,5,50,4,1,1,4,4,5,13,1,1,5,2,5,2,17,1,21,2,8,5,1,7,8,1,9,1,12,101,1,21,121.5175422,25.0307341
114,10,23,15,59,2,09北投區,北投區承德路6段359號,0,0,2,1,B03,6,7,5,60,14,8,1,4,4,5,13,4,4,1,4,4,2,16,1,58,3,10,7,1,7,6,6,8,2,6,9,1,22,121.5115895,25.1067556
114,10,23,16,00,2,10文山區,文山區木柵路2段138巷與興隆路4段101巷口,0,0,2,1,B03,6,6,5,30,4,18,1,4,4,5,13,2,1,10,5,5,2,1,1,55,3,10,7,1,7,5,1,8,2,1,70,1,21,121.5620825,24.9883166
114,10,23,16,40,2,04大安區,大安區基隆路4段與基隆路4段73巷口對面,0,0,1,1,C03,6,6,5,50,4,1,1,4,4,5,13,2,1,10,5,5,1,17,1,21,3,10,5,1,7,5,1,10,1,15,17,1,21,121.5394895,25.0131162
114,10,23,16,41,2,08士林區,士林區承德路5段80號,0,0,1,1,,6,6,5,40,14,12,1,4,4,5,13,4,4,1,4,4,1,17,4,0,,,,,,,,,11,,119,2,,121.5147757,25.09432939
114,10,23,17,00,2,05中正區,中正區仁愛路1段與林森南路口,0,0,1,1,B03,6,7,5,50,4,1,1,4,4,5,13,2,1,1,4,1,2,16,1,34,3,10,7,1,7,6,1,8,2,5,80,1,21,121.5216941,25.0389416
114,10,23,17,01,2,04大安區,大安區師大路117巷3號,0,0,1,1,B03,6,5,5,30,14,9,1,4,4,5,13,4,4,10,5,5,1,3,2,29,3,10,3,4,7,9,1,8,1,5,42,1,21,121.5285109,25.0221273
114,10,23,17,03,2,07信義區,信義區基隆路1段與東興路口口,0,0,1,1,B03,6,5,5,50,5,1,1,4,4,5,13,1,1,10,5,5,2,17,1,33,3,10,7,1,7,8,6,4,1,17,100,1,21,121.5670597,25.0458253
114,10,23,17,09,2,10文山區,文山區興隆路4段與興隆路4段145巷口,0,0,2,1,H01,6,5,5,50,4,1,1,4,4,5,13,4,4,3,4,5,2,3,2,72,2,9,4,5,8,16,8,20,1,16,121,1,21,121.5615991,24.9849563
114,10,23,17,12,2,11南港區,南港區經貿二路與經貿二路157巷口,0,0,1,1,B03,6,6,5,50,3,18,1,4,4,5,13,2,1,3,4,5,2,3,2,57,3,10,7,1,7,5,1,8,2,5,70,1,21,121.6165697,25.0592337
114,10,23,17,20,2,07信義區,信義區信義路4段與基隆路2段口,0,0,1,1,C03,6,5,5,50,4,1,1,4,4,5,13,1,1,9,4,5,2,12,1,49,3,10,6,1,7,9,1,10,1,12,33,1,21,121.559416,25.0329714
114,10,23,17,40,2,08士林區,士林區延平北路6段與延平北路6段511巷口,0,0,1,1,B03,6,5,5,50,5,1,1,4,4,5,13,2,1,1,4,5,2,16,2,57,3,10,7,1,7,6,1,8,1,2,44,1,21,121.4977082,25.0937989
114,10,23,17,49,2,04大安區,大安區金山南路2段52號,0,0,1,1,C03,6,5,5,50,14,9,1,4,4,5,13,4,4,1,4,5,2,17,2,19,2,8,6,1,7,12,1,10,1,11,16,1,21,121.5269618,25.0327157
114,10,23,18,21,2,12內湖區,內湖區港墘路221巷與瑞光路258巷口,0,0,1,1,B01,6,5,5,50,3,1,1,4,4,5,13,4,4,8,3,5,1,17,1,68,3,10,7,1,7,5,1,8,1,4,8,1,21,121.5742206,25.0742511
114,10,23,18,30,2,06松山區,松山區敦化北路135號,0,0,1,1,C03,6,5,5,50,14,7,1,4,4,5,13,4,4,3,4,4,2,13,1,26,3,10,6,4,7,9,1,10,2,11,16,1,22,121.5492095,25.0525843
114,10,23,18,41,2,05中正區,中正區鎮江街4號,0,0,1,1,B02,6,5,5,50,14,9,1,4,4,5,13,4,4,5,5,5,2,17,1,34,2,9,7,1,7,9,1,8,2,1,116,1,21,121.5212814,25.0442823
114,10,23,18,45,2,03中山區,中山區市民大道1段台北轉運站,0,0,2,1,C03,6,5,5,40,14,9,1,4,4,5,13,4,4,1,4,5,2,16,1,32,2,9,5,1,7,5,1,10,1,13,8,1,22,121.5087151,25.05149649
114,10,23,18,45,2,03中山區,中山區長春路與長春路21巷口,0,0,1,1,B03,6,5,5,50,3,2,1,4,4,5,13,4,4,9,5,4,2,16,1,67,3,10,7,1,7,5,1,8,1,1,74,1,21,121.5242429,25.05510921
114,10,23,18,50,2,07信義區,信義區基隆路1段與忠孝東路5段口,0,0,1,1,C03,6,5,5,50,4,1,1,4,4,5,13,2,1,3,4,5,2,16,2,65,3,10,5,1,7,5,1,10,1,14,98,1,21,121.5643663,25.0411909
114,10,23,18,50,2,07信義區,信義區吳興街600巷與吳興街583巷8弄口,0,0,2,1,C03,6,5,5,30,3,1,1,4,4,5,13,4,4,10,5,5,2,17,1,36,3,10,3,4,7,9,1,10,9,17,5,1,21,121.5694231,25.0214055
114,10,23,19,15,2,10文山區,文山區辛亥路6段88號,0,0,1,1,C03,6,5,5,50,14,9,1,4,4,5,13,4,4,1,4,5,2,17,1,18,2,9,5,1,7,9,3,18,1,11,42,1,21,121.5522614,24.9886304
114,10,23,19,33,2,04大安區,大安區大安路1段251號,0,0,1,1,B01,6,6,5,50,14,9,1,4,4,5,13,4,4,5,3,5,2,16,1,34,3,10,7,1,7,1,1,4,1,8,19,1,21,121.5459999,25.0337086
114,10,23,19,35,2,01大同區,大同區鄭州路與西寧北路口,0,0,1,1,B03,6,5,5,40,4,2,1,4,4,5,13,1,1,1,4,5,2,17,1,24,3,10,3,4,7,5,1,8,1,5,42,1,21,121.5081958,25.05057748
114,10,23,19,54,2,04大安區,大安區信義路4段186巷與安和路2段32巷口,0,0,1,1,B01,6,5,5,30,4,2,1,4,4,5,13,4,4,9,4,5,2,15,1,57,3,10,3,4,7,9,1,4,1,1,72,1,21,121.5515464,25.0317402
114,10,23,20,07,2,04大安區,大安區忠孝東路4段147巷與敦化南路1段187巷口,0,0,2,1,C03,6,5,5,30,4,1,1,4,4,5,13,4,4,10,5,5,1,15,1,37,2,9,3,4,7,9,1,9,1,15,72,1,22,121.5497535,25.0426833
114,10,23,20,28,2,10文山區,文山區羅斯福路5段與羅斯福路5段269巷口,0,0,1,1,C03,6,5,5,50,3,2,1,4,4,5,13,4,4,1,4,5,2,12,1,53,2,7,6,1,7,8,1,10,1,14,72,1,21,121.5392208,25.0014836
114,10,23,20,30,2,08士林區,士林區中山北路5段與劍潭路口,0,0,1,1,B03,6,5,5,50,3,1,1,4,4,5,13,1,1,1,3,5,1,16,1,57,3,10,7,1,7,6,1,8,1,2,85,1,21,121.5253528,25.0841547
114,10,23,20,50,2,10文山區,文山區老泉街45巷第0701878燈桿,0,0,1,1,F01,6,5,5,30,14,9,1,4,4,5,13,4,4,10,5,5,2,13,1,19,3,10,4,1,7,9,8,20,1,11,16,1,21,121.5733546,24.9736739
114,10,23,21,16,2,12內湖區,內湖區康樂隧道（往康樂街方向）,0,0,1,1,C03,6,5,5,50,6,9,1,5,4,5,13,4,4,4,5,4,2,17,2,24,2,9,6,1,7,15,1,10,1,13,42,1,21,121.6212341,25.079013
114,10,23,21,18,2,08士林區,士林區天母北路與天母西路口,0,0,1,1,B03,6,5,5,50,4,2,1,4,4,5,13,2,1,5,2,5,2,3,1,45,3,10,7,1,7,5,1,8,2,4,70,1,21,121.5262231,25.1184706
114,10,23,22,00,2,10文山區,文山區景中街與景文街口,0,0,1,1,B03,6,5,5,50,4,19,1,4,4,5,13,2,1,5,4,5,2,3,1,24,3,10,7,1,7,6,1,8,1,2,108,1,21,121.5412864,24.9928208
114,10,23,22,21,2,03中山區,中山區濱江街濱江跨越橋,0,0,2,1,C03,6,5,5,50,8,9,1,4,4,4,13,4,4,10,5,5,2,17,1,22,2,9,5,1,7,9,1,10,1,11,16,1,22,121.5221787,25.05809044
114,10,24,03,45,2,03中山區,中山區南京東路1段與林森北路口,0,0,2,1,C03,6,5,5,50,14,10,1,4,4,5,13,1,1,1,4,4,2,18,1,25,2,9,5,1,7,9,1,10,2,14,116,1,22,121.522227,25.05803235
114,10,24,09,36,2,04大安區,大安區基隆路4段與羅斯福路4段113巷口,0,0,1,1,B03,6,6,5,50,3,1,1,4,4,5,13,4,4,5,4,4,1,16,2,67,3,10,3,4,7,6,1,8,1,1,72,1,21,121.5376062,25.0116222
114,10,24,09,40,2,09北投區,北投區致遠一路1段46巷與自強街180巷口,0,0,1,1,C03,6,7,5,30,4,1,1,4,4,5,13,4,4,10,4,5,2,15,1,75,2,9,5,1,7,9,1,10,1,12,75,1,21,121.5179191,25.1103574
114,10,24,09,47,2,12內湖區,內湖區瑞光路132巷與瑞光路口,0,0,2,1,C03,6,7,5,50,3,1,1,4,4,5,13,2,1,5,4,5,2,17,1,49,2,9,5,1,7,3,1,10,1,11,18,1,21,121.580077,25.0729614
114,10,24,10,10,2,05中正區,中正區忠孝東路1段39號,0,0,1,1,C03,6,7,5,50,14,9,1,4,4,5,13,4,4,1,4,5,2,17,1,25,2,9,5,1,7,12,1,9,1,14,116,1,21,121.5257682,25.0443321
114,10,24,10,43,2,09北投區,北投區承德路7段與承德路7段413巷口,0,0,1,1,B03,6,6,5,60,3,1,1,4,4,5,13,4,4,1,4,5,1,16,2,50,3,10,7,1,7,11,1,8,2,2,10,1,21,121.4999413,25.1207506
114,10,24,10,52,2,02萬華區,萬華區西園路1段與大理街口,0,0,1,1,B03,6,5,5,30,4,18,1,4,4,5,13,1,1,1,4,5,2,3,1,69,3,10,7,4,7,6,1,8,2,5,70,1,21,121.498608,25.0343164
114,10,24,11,17,2,03中山區,中山區錦州街336號,0,0,1,1,C03,6,6,5,50,14,9,1,4,4,5,13,4,4,9,5,5,2,13,1,44,2,8,6,1,7,9,1,10,1,11,108,1,21,121.5388186,25.0602257
114,10,24,13,00,2,08士林區,士林區承德路5段與士商路口,0,0,1,1,B03,6,6,5,60,4,1,1,4,4,5,13,2,1,1,4,4,2,17,1,44,3,10,3,4,7,6,1,3,1,2,9,1,21,121.5142228,25.0960505
114,10,24,14,46,2,01大同區,大同區敦煌路與哈密街59巷口,0,0,3,1,C03,6,6,5,30,4,1,1,4,4,5,13,4,4,5,5,5,1,15,1,56,2,9,6,1,7,9,1,10,2,12,72,1,21,121.5157722,25.0762686
114,10,24,15,09,2,04大安區,大安區信義路4段265巷與仁愛路4段300巷35弄口,0,0,1,1,B03,8,6,5,30,4,1,1,4,4,5,13,4,4,10,5,5,2,13,1,59,3,10,7,1,7,9,1,6,1,1,108,1,21,121.5551095,25.0346501
114,10,24,15,09,2,12內湖區,內湖區成功路4段30巷與成功路4段口,0,0,5,1,A02,6,7,5,40,3,2,1,4,4,5,13,4,4,1,4,4,2,12,1,31,3,10,7,1,7,8,1,2,2,8,100,1,21,121.5916949,25.0816154
114,10,24,16,43,2,02萬華區,萬華區萬大路423巷與萬大路423巷20弄口,0,0,3,1,C03,6,6,5,30,3,1,1,4,4,5,13,4,4,9,5,5,2,15,1,46,2,9,6,1,7,9,1,10,1,11,72,1,22,121.4994317,25.0212769
114,10,24,16,43,2,12內湖區,內湖區舊宗路1段與民權東路6段口,0,0,1,1,B03,6,6,5,50,4,1,1,4,4,5,13,2,1,1,4,5,2,12,1,54,3,10,3,4,7,9,1,8,1,2,86,1,22,121.5753239,25.0657097
114,10,24,17,03,2,12內湖區,內湖區康湖路與康寧路口側附近3段75巷20弄口,0,0,1,1,B03,8,5,5,50,3,1,1,4,4,5,13,2,1,4,4,5,2,16,1,76,3,10,7,1,7,5,1,8,1,6,71,1,21,121.6137521,25.0779754
114,10,24,17,40,2,12內湖區,內湖區舊宗路2段與民權東路6段口,0,0,1,1,B03,6,5,5,50,4,2,1,4,4,5,13,2,1,1,2,5,2,17,1,42,3,10,7,1,7,8,1,8,1,17,101,1,21,121.5750711,25.0656703
114,10,24,17,50,2,11南港區,南港區忠孝東路7段與忠孝東路7段265巷口口,0,0,1,1,B03,6,5,5,50,3,1,1,4,4,5,13,1,1,1,3,4,2,17,2,37,3,10,7,1,7,5,1,8,1,2,80,1,21,121.6035345,25.0517689
114,10,24,17,51,2,10文山區,文山區羅斯福路6段與育英街口口,0,0,1,1,B03,6,5,5,50,3,18,1,4,4,5,13,1,1,1,4,5,2,1,1,20,3,10,7,1,7,5,1,8,2,1,70,1,22,121.5396246,24.9904631
114,10,24,17,51,2,11南港區,南港區忠孝東路6段與昆陽街口口,0,0,1,1,B03,6,5,5,50,4,18,1,4,4,5,13,2,1,5,5,5,2,3,1,50,3,10,7,1,7,5,1,8,2,8,70,1,21,121.5939758,25.050572
114,10,24,18,23,2,03中山區,中山區北安路與自強隧道(外)口,0,0,1,1,B03,6,5,5,50,18,9,1,4,4,5,13,1,1,1,4,5,2,13,1,37,3,10,3,4,7,9,1,8,1,1,108,1,21,121.5499525,25.0852817
114,10,24,18,58,2,05中正區,中正區新生南路1段14號,0,0,1,1,C03,6,5,5,50,14,9,1,4,4,5,13,4,4,1,4,5,1,17,2,39,2,3,5,1,7,9,1,10,1,11,16,1,21,121.5327518,25.0437113
114,10,24,19,01,2,05中正區,中正區汀州路3段24巷與汀州路3段口,0,0,2,1,C03,6,5,5,50,3,1,1,4,4,5,13,4,4,5,2,5,2,17,1,52,2,9,5,1,7,9,1,10,2,14,14,1,21,121.5286274,25.01758812
114,10,24,19,09,2,10文山區,文山區木新路3段74巷與木新路3段74巷8弄口,0,0,2,1,B03,6,6,5,30,4,1,1,4,4,5,13,4,4,10,5,5,2,15,2,25,3,10,3,4,7,9,1,8,2,5,72,1,22,121.5633758,24.9829003
114,10,24,19,15,2,05中正區,中正區中華路1段與武昌街1段口,0,0,1,1,B03,6,5,5,50,3,2,1,4,4,5,13,2,1,1,4,5,2,17,1,31,3,10,7,1,7,7,1,8,2,17,100,1,21,121.5090742,25.0442921
114,10,24,19,43,2,11南港區,南港區忠孝東路7段576號,0,0,1,1,C03,6,5,5,50,14,18,1,4,4,5,13,2,1,3,4,4,2,3,1,66,3,10,5,4,7,9,1,10,9,11,81,2,22,121.6141428,25.052901
114,10,24,20,12,1,02萬華區,萬華區華中橋機慢車道往台北方向（編號7010522）燈桿前,1,0,0,1,C03,6,5,5,30,8,11,1,4,4,5,13,4,4,1,4,5,2,18,1,61,1,9,5,4,7,9,1,10,1,11,42,1,22,121.4956252,25.0161334
114,10,24,20,45,2,04大安區,大安區仁愛路4段與敦化南路1段口,0,0,1,1,B01,6,5,5,50,4,1,1,4,4,5,13,2,1,1,4,1,2,12,1,59,3,10,7,1,7,15,1,4,1,5,17,1,21,121.5492111,25.0381562
114,10,24,21,15,2,05中正區,中正區羅斯福路1段與南海路口,0,0,1,1,C03,6,5,5,30,5,2,1,4,4,5,13,1,1,10,4,5,2,17,2,30,2,8,5,1,7,9,1,10,1,12,99,1,21,121.5179488,25.0329414