發生年度,發生月,發生日,發生時-Hours,發生分,處理別-編號,區序,肇事地點,死亡人數,2-30日死亡人數,受傷人數,當事人序號,車種,天候,光線,道路類別,速限-速度限制,道路型態,事故位置,路面狀況1,路面狀況2,路面狀況3,道路障礙1,道路障礙2,號誌1,號誌2,車道劃分-分向,車道劃分-分道1,車道劃分-分道2,車道劃分-分道3,事故類型及型態,性別,年齡,受傷程度,主要傷處,保護裝置,行動電話,車輛用途,當事者行動狀態,駕駛資格情形,駕駛執照種類,飲酒情形,車輛撞擊部位1,肇因碼-個別,個人肇逃否,職業,座標-X,座標-Y
114,10,27,09,35,2,10文山區,文山區秀明路1段19巷與秀明路1段19巷5弄口口,0,0,1,1,B03,6,6,5,30,3,1,1,4,4,5,13,4,4,10,5,5,2,3,1,22,3,10,7,1,7,5,1,6,1,4,108,1,21,121.5637534,24.9899988
114,10,27,10,04,2,03中山區,中山區復興北路40號,0,0,1,1,A02,8,6,5,50,14,9,1,5,4,5,13,4,4,1,4,5,1,9,2,52,3,10,7,1,7,1,1,2,9,17,44,1,21,121.5438829,25.0491625
114,10,27,10,11,2,09北投區,北投區懷德街與裕民六路114巷口,0,0,1,1,B03,8,7,5,50,4,1,1,5,4,5,13,2,1,10,5,5,2,15,1,69,3,10,7,1,7,9,1,8,2,7,81,1,21,121.519787,25.1142048
114,10,27,10,20,2,08士林區,士林區士東路299巷,0,0,1,1,B01,7,7,5,30,14,9,1,5,4,5,13,4,4,5,5,5,1,16,1,49,3,10,7,1,7,1,1,4,1,8,19,1,21,121.5375066,25.11498071
114,10,27,10,51,2,09北投區,北投區明德路與懷德街口,0,0,1,1,C03,8,7,6,50,4,1,1,5,4,5,13,1,1,5,5,5,2,16,1,25,3,10,5,1,7,5,1,10,1,12,80,1,22,121.5203163,25.1100373
114,10,27,11,12,2,03中山區,中山區長安東路2段6號,0,0,2,1,C03,6,7,5,50,14,9,1,4,4,5,13,4,4,10,4,5,2,13,1,25,2,9,5,1,7,9,1,10,1,11,108,1,21,121.530198,25.04852886
114,10,27,11,45,2,05中正區,中正區汀州路2段38號,0,0,1,1,F02,6,5,5,50,14,9,1,4,4,5,13,4,4,4,3,5,2,12,1,45,3,10,5,1,7,9,8,20,1,12,118,1,21,121.5175509,25.0253807
114,10,27,12,02,2,01大同區,大同區延平北路3段68號,0,0,1,1,C03,7,6,5,50,14,9,1,5,4,5,13,4,4,5,4,4,1,13,1,69,2,9,5,1,7,9,1,10,2,11,108,1,22,121.5108888,25.0655482
114,10,27,12,12,2,01大同區,大同區民權西路與大龍街口,0,0,2,1,C03,7,6,5,50,4,2,1,5,4,5,13,4,4,9,4,5,2,13,1,24,2,9,5,1,7,9,1,10,1,11,16,1,21,121.5163326,25.063031
114,10,27,12,30,2,06松山區,松山區南京東路5段222號,0,0,1,1,C03,7,6,5,50,14,9,1,5,4,5,13,4,4,9,4,5,2,16,1,73,2,4,6,1,7,11,1,10,1,14,80,1,22,121.5654369,25.05110155
114,10,27,13,31,2,10文山區,文山區忠順街1段48巷與忠順街1段26巷3弄口口,0,0,1,1,B03,7,6,5,30,4,1,1,5,4,5,13,4,4,10,5,5,2,15,1,48,3,10,7,1,7,9,1,8,1,5,42,1,21,121.5601669,24.9836689
114,10,27,13,35,2,09北投區,北投區大業路262號,0,0,1,1,B02,8,7,5,50,14,9,1,5,4,5,13,2,1,3,4,5,2,16,2,23,3,10,7,1,7,8,1,8,1,6,100,1,22,121.4983911,25.1265269
114,10,27,13,50,2,05中正區,中正區市民大道3段2號旁迴轉道,0,0,1,1,B03,7,6,5,50,14,6,1,5,4,5,13,4,4,1,4,5,2,16,1,42,3,10,3,4,7,5,1,8,2,5,72,1,21,121.5307258,25.0454399
114,10,27,14,30,2,01大同區,大同區涼州街與民樂街口,0,0,1,1,B03,7,6,5,30,3,1,1,5,4,5,13,4,4,9,4,5,2,17,1,62,3,10,7,1,7,1,1,8,1,5,19,1,21,121.5104306,25.0605613
114,10,27,15,00,2,03中山區,中山區民生西路與民生西路3巷口,0,0,1,1,B03,7,7,5,50,3,2,1,5,4,5,13,4,4,10,5,5,1,9,2,50,3,10,7,1,7,6,1,8,2,5,9,1,21,121.5222999,25.05798705
114,10,27,15,20,2,08士林區,士林區中山北路6段與中山北路6段195巷口,0,0,1,1,B03,8,6,5,50,3,1,1,5,4,5,13,1,1,1,5,5,2,16,1,35,3,10,7,1,7,5,1,8,1,1,85,1,26,121.5250639,25.10789375
114,10,27,15,37,2,03中山區,中山區民生東路3段與復興北路口側附近口,0,0,1,1,A04,8,5,5,0,14,7,1,5,4,5,13,1,1,10,4,4,1,12,3,0,,,,,,,,,11,,,,,121.5343556,25.0580502
114,10,27,15,44,2,08士林區,士林區延平北路6段與延平北路6段199巷口,0,0,1,1,C03,8,6,5,50,3,2,1,5,4,5,13,4,4,8,3,5,1,16,1,42,2,9,5,1,7,4,1,10,2,12,108,1,21,121.5058233,25.0894478
114,10,27,16,08,2,10文山區,文山區羅斯福路6段與景福街口,0,0,2,1,B03,7,6,5,50,4,1,1,5,4,5,13,2,1,1,4,5,2,16,1,69,3,10,7,1,7,5,1,8,2,6,71,1,21,121.5408179,24.9932143
114,10,27,16,36,2,02萬華區,萬華區萬大路與華中橋口往新北市機車道,0,0,2,1,C03,8,7,5,40,14,11,1,5,4,5,13,4,4,1,3,5,2,13,1,23,2,7,5,1,7,9,1,10,1,11,16,1,22,121.4955002,25.0118283
114,10,27,16,38,2,04大安區,大安區忠孝東路4段248巷與忠孝東路4段216巷19弄口,0,0,1,1,C03,8,6,5,30,4,1,1,5,4,5,13,4,4,10,3,5,1,17,1,53,2,9,3,4,7,15,1,10,1,14,72,1,21,121.5544823,25.0404735
114,10,27,17,48,2,01大同區,大同區鄭州路與環河北路1段口,0,0,1,1,B03,6,5,5,40,4,2,1,4,4,5,13,2,1,1,4,5,2,12,1,28,3,10,7,1,7,8,1,8,1,5,100,1,21,121.5074699,25.0507078
114,10,27,18,00,2,07信義區,信義區信義路5段象山1號出口,0,0,1,1,C03,7,5,5,50,14,9,1,5,4,5,13,4,4,1,4,5,2,13,1,25,2,9,5,1,7,9,1,10,2,13,44,1,21,121.5689303,25.0329349
114,10,27,18,16,2,01大同區,大同區塔城街往南，北門站1號出口,0,0,1,1,C03,8,5,5,50,14,9,1,5,4,5,13,4,4,5,4,5,2,13,2,48,2,8,6,1,7,9,1,10,2,11,16,1,21,121.5101687,25.0490863
114,10,27,18,24,2,04大安區,大安區和平東路2段與建國南路2段口,0,0,1,1,F01,7,5,8,50,14,23,4,5,4,5,13,4,4,10,5,5,2,12,2,40,2,9,4,1,7,9,8,20,1,14,101,1,22,121.5375855,25.0258376
114,10,27,18,25,2,03中山區,中山區松江路223號,0,0,1,1,C04,7,5,5,50,14,9,1,5,4,5,13,4,4,3,4,5,2,13,2,43,2,8,6,1,7,7,1,10,1,11,42,1,21,121.533276,25.05864589
114,10,27,18,25,2,06松山區,松山區民權大橋西往東數來第一根燈桿(內湖往松山),0,0,2,1,C03,8,5,5,30,14,9,1,5,4,5,13,4,4,3,4,5,2,17,2,41,2,9,6,1,7,9,1,10,1,15,16,1,21,121.5667135,25.0634244
114,10,27,18,40,2,12內湖區,內湖區舊宗路1段與新湖二路口口,0,0,1,1,C03,7,5,5,50,14,9,1,5,4,5,13,4,4,1,4,5,2,17,2,54,2,9,6,1,7,9,1,10,2,15,44,1,21,121.5779493,25.0620602
114,10,27,18,46,2,10文山區,文山區羅斯福路6段與景華街口,0,0,2,1,C03,6,5,5,50,4,1,1,4,4,5,13,2,1,1,4,5,2,17,1,38,2,7,6,1,7,9,1,10,1,12,44,1,21,121.5412482,24.9948389
114,10,27,18,49,2,08士林區,士林區福港街276號,0,0,2,1,C03,7,5,5,50,14,9,1,5,4,5,13,4,4,9,5,5,1,9,1,20,2,8,5,1,7,9,1,10,1,11,13,1,21,121.517698,25.08320683
114,10,27,18,50,2,09北投區,北投區軟橋街與河美街口,0,0,1,1,B03,8,5,5,50,4,1,1,5,4,5,13,1,1,9,4,5,1,17,1,26,3,10,7,1,7,5,1,8,2,2,71,1,21,121.5128996,25.0990338
114,10,27,18,57,2,12內湖區,內湖區五分街與東湖路160巷口,0,0,1,1,B03,6,5,5,50,4,1,1,4,4,5,13,2,1,1,5,5,1,16,2,72,4,11,3,4,7,6,7,19,9,15,80,2,21,121.6172225,25.0671566
114,10,27,19,22,2,07信義區,信義區忠孝東路5段446號,0,0,1,1,C02,6,5,5,50,14,9,1,4,4,5,13,4,4,1,4,5,2,17,1,42,2,7,3,4,7,9,1,9,1,11,108,1,22,121.5763044,25.0407916
114,10,27,19,30,2,03中山區,中山區錦西街與天祥路口,0,0,2,1,C03,8,5,5,50,3,2,1,5,4,5,13,4,4,9,5,5,2,12,1,59,3,10,6,1,7,9,1,10,9,14,17,2,26,121.5210092,25.06031549
114,10,27,19,33,2,07信義區,信義區中坡北路35號,0,0,1,1,C03,6,5,5,50,14,9,1,4,4,5,13,2,1,1,4,5,2,17,1,48,2,8,3,4,7,7,1,10,1,14,80,1,21,121.580599,25.045692
114,10,27,20,10,2,04大安區,大安區和平東路1段與金山南路2段口,0,0,1,1,C03,6,5,5,50,3,2,1,4,4,5,13,2,1,1,4,4,2,13,2,62,2,9,3,4,7,9,3,18,1,11,108,1,22,121.5261382,25.026681
114,10,27,20,18,2,03中山區,中山區長春路與長春路258巷口,0,0,2,1,C03,6,5,6,50,4,1,1,4,4,5,13,1,1,9,4,5,2,16,2,23,2,9,6,4,7,6,1,10,1,12,9,1,21,121.5390042,25.05477974
114,10,27,20,30,2,08士林區,士林區通河東街1段105巷12號,0,0,2,1,C03,6,5,8,30,22,22,1,4,4,5,13,4,4,10,5,5,1,17,1,61,3,10,5,1,7,9,1,10,1,12,72,1,21,121.5167279,25.0851907
114,10,27,20,40,2,03中山區,中山區長安東路2段與吉林路口,0,0,1,1,B03,6,5,5,50,5,1,1,4,4,5,13,1,1,9,1,5,2,11,2,28,3,10,3,4,7,9,1,8,1,1,101,1,21,121.5298147,25.04855282
114,10,27,20,40,2,12內湖區,內湖區康寧路3段與康寧路3段16巷口口,0,0,1,1,C03,6,5,5,50,14,9,1,4,4,5,13,4,4,1,4,5,2,17,2,53,2,9,6,1,7,9,1,10,1,14,101,1,21,121.6070071,25.0727105
114,10,27,20,45,2,03中山區,中山區北安路587號,0,0,1,1,B03,6,5,5,50,14,9,1,4,4,5,13,4,4,1,5,5,2,12,2,54,3,10,7,1,7,8,1,8,1,2,100,1,21,121.5486294,25.0816398
114,10,27,20,50,2,05中正區,中正區博愛路與貴陽街1段口,0,0,1,1,C03,6,5,5,50,4,1,1,4,4,5,13,1,1,4,4,5,2,17,1,40,3,10,6,1,7,5,1,10,1,12,8,1,21,121.5111352,25.0389729
114,10,27,21,00,2,07信義區,信義區信義路5段與松智路口,0,0,1,1,C03,6,5,5,50,4,1,1,4,4,5,13,1,1,1,4,5,2,17,1,58,3,10,3,4,7,8,1,10,1,13,101,1,22,121.5655608,25.0329909
114,10,27,21,12,2,05中正區,中正區忠孝東路2段72號前,0,0,1,1,A02,6,5,5,50,14,9,1,4,4,5,13,1,1,1,4,5,2,13,1,58,3,10,3,1,7,9,1,2,2,1,108,1,21,121.5284062,25.0433774
114,10,27,21,17,2,08士林區,士林區中正路與福港街口,0,0,2,1,C02,7,5,5,50,3,1,1,5,4,5,13,2,1,5,5,5,1,17,1,48,2,8,5,1,7,5,1,9,1,11,8,1,21,121.5177585,25.09177023
114,10,27,21,38,2,08士林區,士林區通河西街2段與社中街458巷口,0,0,2,1,C03,8,5,5,50,3,2,1,5,4,5,13,4,4,10,4,5,1,17,2,56,2,9,6,1,7,9,1,10,1,11,108,1,21,121.5022265,25.09363827
114,10,27,21,59,2,02萬華區,萬華區永福街與康定路口,0,0,1,1,B01,6,6,5,50,4,2,1,4,4,5,13,2,1,5,4,5,1,17,1,42,3,10,3,4,7,5,1,4,1,17,42,1,22,121.501896,25.0389947
114,10,27,22,01,2,07信義區,信義區吳興街212號,0,0,1,1,C03,6,5,5,50,14,9,1,4,4,5,13,4,4,9,5,5,2,2,1,83,4,11,3,4,7,9,7,19,9,11,108,2,22,121.5629669,25.0278768
114,10,27,22,41,2,06松山區,松山區復興北路與長春路口,0,0,1,1,B01,6,5,5,50,4,1,1,4,4,5,13,2,1,2,4,5,2,17,1,48,3,10,7,1,7,5,1,4,2,2,71,1,21,121.5441901,25.0545209
114,10,27,22,51,2,07信義區,信義區虎林街120巷與永吉路180巷口,0,0,1,1,C03,6,5,5,30,4,1,1,4,4,5,13,4,4,10,5,5,2,16,1,61,2,8,5,4,7,5,1,10,2,12,72,1,21,121.5714444,25.0422543
114,10,27,23,12,2,02萬華區,萬華區中華路1段與南寧路口,0,0,1,1,C03,6,5,5,50,5,1,1,4,4,5,13,1,1,1,3,5,2,15,1,66,3,10,5,1,7,9,1,10,1,12,44,1,22,121.5101649,25.0474822
114,10,27,23,22,2,07信義區,信義區永吉路30巷與松隆路口,0,0,3,1,B03,6,5,5,50,4,1,1,4,4,5,13,2,1,3,4,5,2,16,1,26,2,9,3,4,7,5,1,8,2,2,71,1,21,121.5688222,25.0445115
114,10,27,23,50,2,04大安區,大安區通化街與通化街171巷口,0,0,2,1,C03,6,5,5,50,4,2,1,4,4,5,13,4,4,10,5,5,2,16,2,37,2,7,5,1,7,5,1,10,1,11,71,1,21,121.5536375,25.0280908
114,10,28,02,58,1,01大同區,大同區延平北路3段104號,1,0,0,1,B03,6,5,5,50,14,9,1,4,4,5,13,4,4,5,4,5,2,13,1,34,3,10,7,1,7,9,6,18,5,5,21,2,22,121.5109422,25.0664925
114,10,28,03,55,2,04大安區,大安區忠孝東路4段與延吉街口,0,0,1,1,B01,6,5,5,50,4,1,1,4,4,5,13,2,1,1,4,5,2,3,1,35,3,10,7,1,7,5,1,4,1,4,70,1,21,121.5543886,25.0414673
114,10,28,04,45,2,03中山區,中山區民族西路6號,0,0,2,1,C03,8,5,5,50,14,9,1,4,4,5,13,4,4,4,3,5,1,13,2,56,2,9,6,1,7,9,1,10,1,11,16,1,21,121.5218256,25.05791325
114,10,28,05,05,2,12內湖區,內湖區新明路193號,0,0,1,1,B12,6,5,5,40,14,8,1,4,4,5,13,4,4,5,5,4,2,16,1,56,3,10,7,1,7,11,1,8,2,5,10,1,21,121.5883001,25.058668
114,10,28,06,00,2,06松山區,松山區民權東路3段與敦化北路口,0,0,1,1,B03,6,6,5,50,4,1,1,4,4,5,13,1,1,1,4,5,2,16,1,68,3,10,7,1,7,6,1,8,1,2,9,1,22,121.5505094,25.06150088
114,10,28,06,40,2,06松山區,松山區市民大道4段與八德路3段8巷口,0,0,1,1,B03,6,7,5,40,3,1,1,4,4,5,13,4,4,1,4,5,2,16,1,59,3,10,7,1,7,6,1,8,1,5,72,1,21,121.5497745,25.044884
114,10,28,06,48,2,11南港區,南港區忠孝東路6段161號,0,0,1,1,B03,6,7,5,50,14,9,1,4,4,5,13,1,1,1,4,4,2,13,1,51,3,10,7,1,7,9,1,8,1,1,108,1,21,121.586764,25.0487583
114,10,28,06,55,2,08士林區,士林區中山北路5段與中正路口口,0,0,1,1,B03,6,6,5,40,14,9,1,4,4,5,13,2,1,1,5,1,2,16,2,53,3,10,7,1,7,6,1,8,1,5,9,1,21,121.5278989,25.09568788
114,10,28,07,42,2,12內湖區,內湖區成功路2段與石潭路口,0,0,1,1,B03,6,6,5,50,3,2,1,4,4,5,13,4,4,1,4,5,2,17,2,41,3,10,3,4,7,6,1,8,1,4,74,1,22,121.5909089,25.0631718
114,10,28,07,55,2,03中山區,中山區明水路417號對面,0,0,1,1,C03,6,6,5,50,14,9,1,4,4,5,13,4,4,1,4,5,2,12,1,38,2,8,6,1,7,9,1,10,1,11,107,1,22,121.5441329,25.07968076
114,10,28,07,55,2,12內湖區,內湖區舊宗路2段189號,0,0,1,1,C03,6,7,5,50,14,9,1,4,4,5,13,4,4,9,4,5,2,12,1,52,2,8,6,1,7,9,1,10,1,12,42,1,21,121.5743903,25.0718445
114,10,28,08,01,2,01大同區,大同區環河北路1段273號,0,0,1,1,B12,6,5,5,50,14,9,1,4,4,5,13,4,4,7,4,5,2,11,1,27,3,10,7,1,7,1,1,8,1,7,19,1,21,121.5085082,25.05834
114,10,28,08,06,2,08士林區,士林區基河路特力屋旁,0,0,1,1,B03,6,7,5,50,14,9,1,4,4,5,13,4,4,5,5,5,1,11,2,47,3,10,7,1,7,8,1,8,1,2,101,1,21,121.5208252,25.09234109
114,10,28,08,13,2,05中正區,中正區仁愛路1段1號,0,0,1,1,B03,6,6,5,50,14,9,1,4,4,5,13,4,4,1,4,5,2,17,2,45,3,10,7,1,7,9,1,8,2,5,108,1,22,121.5195752,25.0391763
114,10,28,08,21,2,03中山區,中山區北安路與北安路87巷口,0,0,1,1,C03,6,6,5,50,3,1,1,4,4,5,13,3,1,1,5,5,1,12,4,0,,,,,,,,,11,,119,2,,121.5303088,25.07801391
114,10,28,08,32,2,04大安區,大安區復興南路2段與復興南路2段78巷口,0,0,1,1,B02,6,6,5,50,4,1,1,4,4,5,13,2,1,1,4,5,1,16,1,52,4,11,3,4,7,5,7,19,11,15,42,2,21,121.543497,25.0311049
114,10,28,08,46,2,04大安區,大安區建國南路1段與濟南路3段口,0,0,1,1,B03,6,7,5,50,14,7,1,4,4,5,13,2,2,1,4,4,2,17,1,62,3,10,3,4,7,9,1,8,1,3,101,1,21,121.5380376,25.0400702
114,10,28,08,50,2,12內湖區,內湖區民權東路6段11巷與民權東路6段口,0,0,1,1,B03,6,7,5,50,4,2,1,4,4,5,13,2,1,1,4,5,2,12,1,35,3,10,7,1,7,8,1,8,1,5,101,1,21,121.5783189,25.0667901
114,10,28,08,58,2,10文山區,文山區景興路與景後街149巷口,0,0,1,1,C03,6,6,5,50,3,1,2,4,4,5,10,1,1,5,5,5,2,16,1,58,3,10,5,1,7,6,1,10,2,11,9,1,21,121.5428202,24.9900709
114,10,28,09,05,2,09北投區,北投區中央北路2段與稻香路口,0,0,1,1,B03,6,7,5,50,4,1,1,4,4,5,13,1,1,5,4,5,2,16,2,29,3,10,7,1,7,5,1,8,2,2,80,1,22,121.4912495,25.1385839
114,10,28,09,17,2,07信義區,信義區松智路7號,0,0,1,1,A02,6,5,5,50,14,9,1,4,4,5,13,4,4,5,4,5,2,17,1,59,3,10,7,1,7,8,1,2,1,17,42,1,22,121.5653424,25.0343943
114,10,28,09,27,2,09北投區,北投區承德路7段與吉利街口,0,0,1,1,B12,6,7,5,60,14,7,1,4,4,5,13,4,4,1,4,4,2,12,1,75,3,10,7,1,7,9,1,8,1,2,44,1,21,121.503576,25.117821
114,10,28,09,30,2,08士林區,士林區承德路4段南往北方向,0,0,1,1,C03,6,6,5,50,14,8,1,4,4,5,13,1,1,1,3,4,1,13,1,31,2,9,6,1,7,9,1,10,1,11,108,1,22,121.5169891,25.0907624
114,10,28,09,33,2,02萬華區,萬華區青年路與水源路口,0,0,1,1,B03,6,6,5,50,5,1,1,4,4,5,13,1,1,8,3,5,1,17,1,26,3,10,7,1,7,5,1,8,1,8,71,1,21,121.5043168,25.0198791
114,10,28,09,52,2,12內湖區,內湖區洲子街55號停車場出入口前,0,0,1,1,B03,6,7,5,30,14,9,1,4,4,5,13,4,4,9,5,5,2,16,1,28,3,10,7,1,7,6,1,8,2,2,9,1,21,121.5736994,25.0795604
114,10,28,10,24,2,08士林區,士林區仰德大道2段與仰德大道2段115巷口,0,0,2,1,B12,6,6,5,40,14,9,1,4,4,5,13,4,4,4,3,5,1,12,1,68,3,10,7,1,7,9,1,8,11,2,16,2,22,121.5459364,25.1080048
114,10,28,10,30,2,12內湖區,內湖區環東大道近麥帥一橋,0,0,1,1,A05,6,7,5,80,10,9,1,4,4,5,13,4,4,1,4,5,1,13,1,55,3,10,7,1,7,9,1,2,1,1,16,1,21,121.5756064,25.0541108
114,10,28,10,40,2,11南港區,南港區南港路2段與興華路口,0,0,1,1,A12,6,6,5,50,4,1,1,4,4,5,13,2,1,8,3,5,2,12,1,50,3,10,3,4,7,6,1,7,1,5,80,1,21,121.6061321,25.0543461
114,10,28,10,58,2,09北投區,北投區實踐街與實踐街82巷口,0,0,1,1,,6,5,5,30,4,2,1,4,4,5,13,4,4,9,4,5,1,17,4,0,,,,,7,21,8,20,11,15,119,2,,121.5107545,25.1152608
114,10,28,11,11,2,07信義區,信義區忠孝東路4段560號,0,0,1,1,B03,6,6,5,50,14,9,1,4,4,5,13,4,4,1,4,5,2,17,2,59,3,10,3,4,7,7,1,8,1,4,100,1,21,121.563884,25.0411165
114,10,28,11,20,2,03中山區,中山區一江街與松江路108巷口,0,0,1,1,B03,6,7,5,30,4,1,1,4,4,5,13,4,4,9,5,5,2,15,2,65,3,10,7,1,7,9,1,8,1,8,72,1,21,121.5315248,25.05147253
114,10,28,11,29,2,03中山區,中山區中山北路4段與新生高架道口,0,0,1,1,C03,6,6,5,50,4,1,1,4,4,5,13,1,1,1,4,5,2,15,1,27,2,9,6,1,7,9,1,10,1,11,81,1,21,121.5239144,25.07261805
114,10,28,11,35,2,08士林區,士林區天母西路與天母西路38巷口,0,0,2,1,C03,6,6,5,50,4,1,1,4,4,5,13,2,1,5,2,5,2,16,1,43,2,8,6,1,7,5,1,10,1,12,8,1,21,121.5260821,25.1184377
114,10,28,11,42,2,06松山區,松山區民權大橋東往西下橋第3燈桿,0,0,1,1,B02,8,6,5,50,14,9,1,4,4,5,13,4,4,8,3,5,2,12,1,41,3,10,7,1,7,8,1,8,1,5,100,1,21,121.5677662,25.0635731
114,10,28,11,47,2,09北投區,北投區公館路228巷與公館路334巷口,0,0,1,1,B03,6,7,5,30,4,1,1,4,4,5,13,4,4,10,5,5,2,15,2,27,3,10,7,1,7,9,1,8,2,4,72,1,22,121.5047511,25.1246406
114,10,28,11,56,2,02萬華區,萬華區堤外便道華中堤外(一)停車場（身障停車格前）,0,0,1,1,B12,6,6,5,40,14,9,1,4,4,5,13,4,4,10,5,5,1,16,1,59,3,10,3,4,7,5,1,8,1,4,8,1,21,121.4932522,25.0177905
114,10,28,12,08,2,03中山區,中山區中山北路2段183巷與雙城街2巷口,0,0,1,1,C03,6,6,5,30,4,1,1,4,4,5,13,4,4,10,5,5,2,15,2,57,2,8,6,1,7,9,1,10,1,12,72,1,21,121.5230934,25.06378268
114,10,28,12,25,2,04大安區,大安區延吉街70巷與延吉街口,0,0,2,1,H01,6,7,5,50,4,2,1,4,4,5,13,2,1,4,3,5,1,7,1,41,2,7,4,5,8,16,8,20,1,16,122,1,26,121.5541751,25.0425223
114,10,28,12,56,2,07信義區,信義區松德路23號,0,0,1,1,B01,8,6,5,30,22,12,1,4,4,5,13,4,4,5,5,5,2,12,1,54,3,10,7,1,7,7,1,4,1,8,100,1,21,121.5772942,25.0391077
114,10,28,13,30,2,10文山區,(景美街199號),0,0,1,1,C03,6,6,5,50,3,2,1,4,4,5,13,4,4,5,5,5,2,13,2,18,2,8,6,1,7,9,1,10,1,11,16,1,21,121.5417765,24.9882813
114,10,28,14,49,2,05中正區,中正區忠孝西路1段臺北車站忠孝站,0,0,1,1,A02,6,6,5,50,14,10,1,4,4,5,13,4,4,10,4,5,1,9,1,57,3,10,7,1,7,1,1,2,1,1,42,1,21,121.5138502,25.0473742
114,10,28,15,03,2,04大安區,大安區敦化南路2段19號,0,0,1,1,B01,6,7,5,50,14,9,1,4,4,5,13,4,4,10,5,5,2,9,1,26,3,10,7,1,7,14,1,4,1,6,40,1,21,121.548942,25.0325769
114,10,28,15,55,2,03中山區,中山區中山北路3段與民權西路口,0,0,1,1,C03,8,6,5,50,4,1,1,5,4,5,13,1,1,1,4,5,2,12,1,33,3,10,5,1,7,9,1,10,11,11,17,1,21,121.5224384,25.0630047
114,10,28,16,45,2,06松山區,松山區南京東路3段338巷與敦化北路60巷口,0,0,1,1,F01,6,6,5,30,4,2,1,4,4,5,13,4,4,10,5,5,2,17,1,74,2,9,4,4,7,5,8,20,1,12,72,1,22,121.5474967,25.0509297
114,10,28,16,49,2,02萬華區,萬華區西園路2段與西藏路口,0,0,1,1,B03,6,5,5,50,4,1,1,4,4,5,13,2,1,1,4,5,2,16,1,51,3,10,3,4,7,5,1,8,1,6,71,1,22,121.4956732,25.0286772
114,10,28,17,13,2,04大安區,大安區忠孝東路4段100號前,0,0,1,1,C03,6,5,5,50,14,9,1,4,4,5,13,4,4,8,3,5,1,17,1,21,2,9,5,1,7,12,1,10,1,11,42,1,26,121.546457,25.0414857
114,10,28,17,13,2,12內湖區,內湖區內湖路3段329巷與內湖路3段口,0,0,1,1,B03,6,7,5,30,4,2,1,4,4,5,13,4,4,9,4,5,2,2,2,42,3,10,7,1,7,9,1,8,2,1,108,1,21,121.5854411,25.0889106
114,10,28,17,20,2,03中山區,中山區民權東路2段23號,0,0,1,1,F01,7,5,5,0,14,23,1,4,4,5,13,4,4,1,5,5,1,12,1,13,2,9,3,4,7,9,8,20,1,12,42,1,21,121.5291926,25.06274611
114,10,28,17,23,2,10文山區,文山區木柵路1段與和興路口,0,0,1,1,B03,6,5,5,50,4,1,2,4,4,5,13,2,1,10,5,5,2,17,1,81,3,10,3,1,7,5,1,8,1,1,71,1,21,121.5459861,24.9866808
114,10,28,17,25,2,01大同區,大同區延平北路2段與保安街口,0,0,1,1,C03,8,5,5,50,3,1,1,5,4,5,13,1,1,5,4,5,2,16,2,35,2,9,6,1,7,4,1,10,9,12,101,1,21,121.5114299,25.0590621
114,10,28,17,34,2,04大安區,大安區辛亥路1段130號,0,0,1,1,B03,6,5,5,50,14,9,1,4,4,5,13,4,4,10,4,5,2,16,1,42,3,10,7,1,7,8,1,8,1,5,100,1,21,121.5335637,25.0221971
114,10,28,18,07,2,04大安區,大安區杭州南路2段25巷1號,0,0,1,1,C03,6,5,5,30,14,9,1,4,4,5,13,4,4,10,5,5,2,17,2,51,2,8,6,4,7,9,1,10,11,11,108,1,21,121.524046,25.0336457
114,10,28,18,07,2,12內湖區,內湖區民權東路6段與民權東路6段136巷口,0,0,1,1,C03,6,5,5,50,4,2,1,4,4,5,13,2,1,1,3,5,2,17,1,41,3,10,5,1,7,7,1,10,11,17,44,1,21,121.5875873,25.0690204
114,10,28,18,41,2,05中正區,中正區三元街與和平西路2段16巷口,0,0,2,1,C03,7,5,5,30,3,1,1,4,4,5,10,4,4,3,4,5,2,17,1,23,2,8,5,1,7,6,1,10,1,14,80,1,21,121.5134205,25.0276202
114,10,28,18,45,2,04大安區,大安區和平東路1段162號,0,0,1,1,B03,6,5,5,50,14,9,1,4,4,5,13,2,1,1,4,4,2,16,2,66,3,10,7,1,7,11,1,8,1,2,10,1,22,121.5279814,25.0266539
114,10,28,19,10,2,12內湖區,內湖區行善路與新湖二路口口,0,0,1,1,C03,6,5,5,40,14,8,1,4,4,5,13,4,4,1,4,4,2,17,1,29,2,9,5,1,7,9,1,10,1,14,116,1,21,121.5854697,25.0645762
114,10,28,19,19,2,04大安區,大安區敦化南路2段與安和路2段171巷口,0,0,2,1,B01,6,5,5,40,4,1,1,4,4,5,13,2,1,10,5,5,2,15,1,74,2,8,3,4,7,9,1,8,1,1,85,1,21,121.5488116,25.0281134
114,10,28,19,35,2,05中正區,中正區青島東路與鎮江街口,0,0,2,1,B03,7,5,5,50,4,1,1,5,4,5,13,1,1,4,4,5,2,13,1,53,3,10,7,1,7,5,1,8,1,1,108,1,21,121.5213118,25.0440146
114,10,28,19,40,2,06松山區,松山區民生東路5段與民生東路5段36巷口,0,0,1,1,C03,6,5,5,50,3,18,1,4,4,5,13,1,1,1,4,5,2,3,2,36,3,10,6,1,7,5,1,10,2,15,70,1,22,121.5569751,25.05842512