發生年度,發生月,發生日,發生時-Hours,發生分,處理別-編號,區序,肇事地點,死亡人數,2-30日死亡人數,受傷人數,當事人序號,車種,天候,光線,道路類別,速限-速度限制,道路型態,事故位置,路面狀況1,路面狀況2,路面狀況3,道路障礙1,道路障礙2,號誌1,號誌2,車道劃分-分向,車道劃分-分道1,車道劃分-分道2,車道劃分-分道3,事故類型及型態,性別,年齡,受傷程度,主要傷處,保護裝置,行動電話,車輛用途,當事者行動狀態,駕駛資格情形,駕駛執照種類,飲酒情形,車輛撞擊部位1,肇因碼-個別,個人肇逃否,職業,座標-X,座標-Y
114,11,01,18,15,2,02萬華區,萬華區環河南路2段與雙園街口,0,0,1,1,B01,8,5,5,30,5,1,1,5,4,5,13,1,1,9,4,5,2,17,1,28,4,11,3,4,7,15,7,19,9,17,73,1,22,121.4915663,25.03232981
114,11,01,18,15,2,04大安區,大安區基隆路4段156號,0,0,1,1,B01,8,5,5,50,4,2,1,5,4,5,13,2,1,1,4,5,2,12,1,69,3,10,7,1,7,9,1,4,1,5,17,1,21,121.5374497,25.0116616
114,11,01,18,17,2,12內湖區,內湖區金湖路347巷與金湖路363巷51弄口,0,0,1,1,B03,7,5,6,30,3,1,1,5,4,5,13,4,4,10,5,5,2,11,1,43,3,10,3,4,7,9,1,8,1,4,5,1,22,121.6007633,25.0741724
114,11,01,18,35,2,02萬華區,萬華區大理街160巷23弄與雙園街89巷口,0,0,2,1,B03,8,5,5,30,3,2,1,5,4,5,13,4,4,5,5,5,2,16,1,62,3,10,7,1,7,11,1,8,1,8,10,1,21,121.4929877,25.03235587
114,11,01,18,46,2,09北投區,北投區中和街與大業路口,0,0,1,1,C03,8,5,5,50,4,4,1,5,4,5,13,1,1,9,4,5,1,17,2,59,2,8,6,1,7,15,7,19,2,14,101,1,21,121.503379,25.1374095
114,11,01,18,47,2,01大同區,大同區市民高架道往西(重慶－延平),0,0,1,1,C03,7,5,5,60,10,9,1,5,4,5,13,4,4,1,4,5,2,17,1,27,2,1,5,4,7,12,1,10,1,11,108,1,21,121.5128191,25.0494995
114,11,01,18,57,2,12內湖區,內湖區陽光街與陽光街252巷口,0,0,1,1,B03,8,5,5,50,3,1,1,5,4,5,13,4,4,5,5,5,2,17,1,40,3,10,7,1,7,5,1,8,1,8,72,1,22,121.5774379,25.073185
114,11,01,19,00,2,02萬華區,萬華區康定路與康定路101巷口,0,0,2,1,C03,8,5,5,50,3,1,1,5,4,5,13,4,4,9,5,5,2,16,2,59,2,9,5,1,7,5,3,18,1,11,8,1,21,121.5019507,25.039608
114,11,01,19,11,2,05中正區,中正區汀州路3段與汀州路3段230巷口,0,0,1,1,C03,7,5,5,50,4,2,1,5,4,5,13,4,4,5,4,5,2,3,1,64,3,10,5,1,7,9,1,10,2,11,70,1,21,121.5359588,25.0114908
114,11,01,19,25,2,07信義區,信義區信義路6段75號,0,0,1,1,A02,7,5,5,50,14,9,1,5,4,5,13,4,4,9,4,5,1,9,2,59,3,10,7,1,7,9,1,2,2,15,44,1,22,121.5770822,25.0355417
114,11,01,19,46,2,03中山區,中山區中山北路2段與中山北路2段11巷口,0,0,2,1,C04,7,5,5,50,3,1,1,5,4,5,13,4,4,5,4,3,2,17,1,33,2,9,6,1,7,9,1,10,1,11,16,1,21,121.5226295,25.05276998
114,11,01,19,58,2,05中正區,中正區市民大道3段與新生北路1段口,0,0,1,1,B03,7,5,5,50,4,2,1,5,4,5,13,1,1,1,4,5,2,3,2,73,3,10,7,1,7,6,1,8,9,17,44,1,22,121.532805,25.0452197
114,11,01,20,12,2,02萬華區,萬華區西藏路與西藏路125巷口,0,0,1,1,B03,8,5,5,50,3,1,1,5,4,5,13,2,1,1,5,5,2,3,2,54,3,10,7,1,7,5,1,8,1,1,70,1,21,121.5022426,25.02974746
114,11,01,20,28,2,04大安區,大安區基隆路2段與敦化南路2段口,0,0,1,1,B01,6,5,5,50,5,2,1,4,4,5,13,2,1,8,3,5,1,17,1,55,3,10,3,4,7,15,1,4,1,1,92,1,21,121.5486438,25.0210178
114,11,01,20,39,2,03中山區,中山區新生北路2段100號,0,0,1,1,,7,5,5,50,14,9,1,4,4,5,13,4,4,1,4,5,2,17,4,0,,,,,,,,,,,119,2,,121.5222686,25.05803219
114,11,01,21,00,2,08士林區,士林區中山北路5段與劍潭路口,0,0,1,1,C03,6,5,8,50,5,1,1,4,4,5,13,2,1,1,5,1,1,9,1,37,2,9,5,1,7,9,1,10,1,17,44,1,21,121.5254475,25.08431281
114,11,01,21,08,2,05中正區,中正區思源街1號,0,0,1,1,B03,6,5,5,50,14,9,1,4,4,5,13,4,4,3,4,5,2,16,1,59,3,10,7,1,7,6,1,8,1,2,9,1,21,121.532148,25.01486437
114,11,01,22,08,2,07信義區,信義區信義路5段1號,0,0,1,1,F01,6,5,5,0,14,20,4,4,4,5,13,4,4,10,5,5,2,1,1,61,3,10,4,1,7,9,8,20,1,11,44,1,21,121.5603725,25.0327986
114,11,01,22,12,2,12內湖區,內湖區康樂街與康樂街201巷口,0,0,1,1,B03,6,5,5,50,3,1,1,4,4,5,13,1,1,5,4,5,1,17,1,49,3,10,7,1,7,5,1,8,1,6,71,1,21,121.6213044,25.0761781
114,11,01,23,30,2,02萬華區,萬華區萬大路277巷與萬青街口,0,0,2,1,C03,6,5,5,30,4,1,1,4,4,5,13,3,1,10,5,5,2,17,1,24,2,8,6,4,7,9,1,10,1,12,72,1,21,121.5017405,25.02541036
114,11,02,00,30,2,07信義區,信義區基隆路2段與嘉興街口,0,0,2,1,C03,6,6,5,50,3,1,1,4,4,5,13,4,4,1,4,5,2,17,2,38,2,9,3,4,7,9,6,18,1,14,44,1,22,121.5591777,25.0325627
114,11,02,01,04,2,08士林區,士林區中正路與志成街口,0,0,1,1,B01,6,5,5,30,3,1,1,4,4,5,13,3,1,1,4,5,2,17,1,52,3,10,3,4,7,5,1,8,2,2,71,1,21,121.5306812,25.0964261
114,11,02,02,23,2,04大安區,大安區復興南路1段126巷10弄與復興南路1段126巷口,0,0,1,1,C03,6,5,5,30,3,1,1,4,4,5,13,4,4,10,5,5,2,16,2,24,2,9,6,1,7,5,1,10,1,14,74,1,21,121.5430282,25.0430877
114,11,02,08,12,2,07信義區,信義區吳興街269巷與吳興街口,0,0,2,1,F01,6,7,5,30,4,2,1,4,4,5,13,4,4,10,5,5,2,17,1,30,2,8,4,1,7,9,8,20,9,11,17,1,21,121.5640833,25.0268825
114,11,02,09,26,2,03中山區,中山區明水路與北安路458巷口,0,0,2,1,C03,6,6,5,50,4,1,1,4,4,5,13,2,1,5,4,5,2,16,1,19,2,9,6,1,7,5,1,10,1,12,85,1,21,121.5445657,25.0774854
114,11,02,09,45,2,08士林區,士林區延平北路5段244巷與延平北路5段口,0,0,1,1,C03,7,7,5,50,3,2,1,4,4,5,13,2,1,1,4,5,1,17,1,42,2,9,6,1,7,7,1,10,2,14,42,1,21,121.5098084,25.0844457
114,11,02,09,52,2,05中正區,中正區廈門街60號,0,0,1,1,C04,6,6,5,30,14,9,1,4,4,5,13,4,4,5,5,5,2,16,1,34,3,10,6,1,7,5,1,10,1,14,8,1,21,121.5174398,25.0250649
114,11,02,10,07,2,06松山區,松山區八德路4段650之1號,0,0,2,1,C03,7,6,8,40,22,22,1,5,4,5,13,4,4,1,4,5,2,9,1,44,2,9,5,1,7,9,1,10,2,11,70,1,21,121.5752078,25.0494222
114,11,02,10,25,2,03中山區,中山區民生東路3段與合江街口,0,0,2,1,C03,8,6,5,50,4,1,1,5,4,5,13,1,1,5,5,5,2,12,1,49,2,7,5,1,7,9,1,10,9,17,44,1,22,121.5392057,25.0579504
114,11,02,10,44,2,12內湖區,內湖區民權大橋(西向東)下橋處,0,0,2,1,C03,7,6,5,50,4,1,1,5,4,5,13,1,1,1,3,5,1,12,2,27,2,9,6,1,7,9,1,10,2,11,42,1,21,121.5787554,25.0667153
114,11,02,11,50,2,09北投區,北投區中央北路2段90號,0,0,1,1,B03,8,6,5,50,14,9,1,5,4,5,13,4,4,5,4,5,2,16,2,65,3,10,7,1,7,11,1,8,1,1,103,1,21,121.4923544,25.1381045
114,11,02,12,03,2,12內湖區,內湖區五分街72巷與安康路414巷口口,0,0,2,1,C03,7,6,5,30,3,1,1,4,4,5,13,4,4,10,5,5,2,16,2,54,2,7,6,1,7,5,1,10,2,14,72,1,21,121.6163906,25.0662624
114,11,02,12,58,2,01大同區,大同區忠孝橋機慢車道,0,0,3,1,C03,6,6,5,40,8,11,1,4,4,5,13,4,4,9,2,4,2,12,1,15,2,8,6,4,7,9,2,18,1,11,118,1,21,121.5062196,25.0490832
114,11,02,13,50,2,01大同區,大同區迪化街1段143號,0,0,1,1,B03,7,6,5,30,14,9,4,5,4,5,13,2,1,10,5,5,2,2,1,78,3,10,3,4,7,9,1,8,2,5,108,1,22,121.5097325,25.0580043
114,11,02,13,57,2,02萬華區,萬華區西藏路與萬大路口,0,0,1,1,B03,8,7,5,50,4,1,1,5,4,5,13,2,1,3,4,5,2,12,2,69,3,10,3,4,7,9,1,8,1,5,108,1,22,121.5001943,25.0293422
114,11,02,13,58,2,05中正區,中正區汀州路1段137號,0,0,6,1,C03,8,7,5,50,14,9,1,5,4,5,13,4,4,5,4,5,2,17,1,36,2,9,5,1,7,9,1,10,1,11,108,1,21,121.5098055,25.027782
114,11,02,14,37,2,12內湖區,內湖區陽光街與江南街71巷口,0,0,1,1,C03,8,5,5,50,3,2,1,4,4,5,13,4,4,4,3,5,1,17,1,30,2,9,3,4,7,12,1,10,1,14,42,1,21,121.5794871,25.0739082
114,11,02,14,50,2,04大安區,大安區羅斯福路4段往北（近舟山路）,0,0,1,1,,7,6,5,50,14,9,1,5,4,5,13,2,1,1,4,5,2,12,4,0,,,,,,,,,9,,119,2,,121.5346912,25.013932
114,11,02,15,11,2,03中山區,中山區中山北路1段與長安東路1段口,0,0,1,1,B01,8,7,5,50,4,2,1,5,4,5,13,2,1,9,5,5,2,13,2,55,3,10,7,1,7,9,1,4,2,6,44,1,26,121.5222054,25.05801206
114,11,02,15,33,2,01大同區,大同區重慶北路2段與民生西路口,0,0,1,1,C03,8,7,5,50,14,9,1,5,4,5,13,4,4,1,4,5,2,16,1,71,2,8,2,1,7,8,1,10,2,12,100,1,21,121.5136969,25.0567529
114,11,02,16,44,2,12內湖區,內湖區南湖右岸河濱公園腳踏車道近基十二號疏散門,0,0,1,1,F01,6,6,5,0,14,12,1,4,4,5,13,4,4,9,5,5,2,2,1,13,3,10,4,1,7,9,8,20,1,11,107,1,21,121.5963718,25.0604327
114,11,02,17,30,2,06松山區,松山區三民路166巷與三民路口,0,0,1,1,B03,8,5,5,30,4,2,1,5,4,5,13,1,1,1,4,5,2,3,2,45,3,10,7,1,7,6,1,8,2,1,70,1,22,121.5631678,25.0619769
114,11,02,18,24,2,04大安區,大安區光復南路240巷55號,0,0,1,1,B01,8,5,5,30,14,9,1,4,4,5,13,4,4,10,3,5,2,11,1,57,3,10,7,1,7,1,1,4,1,15,19,1,21,121.5548136,25.0407932
114,11,02,18,35,2,04大安區,大安區基隆路4段與羅斯福路4段口,0,0,1,1,C03,8,5,5,50,14,9,1,5,4,5,13,2,1,1,3,4,2,12,1,65,3,10,5,4,7,9,1,10,11,12,17,2,21,121.5374198,25.01152914
114,11,02,19,37,2,11南港區,南港區忠孝東路7段551號,0,0,1,1,B12,6,5,5,50,14,9,1,4,4,5,13,4,4,1,4,4,2,13,1,77,3,10,3,4,7,1,1,1,1,3,19,1,21,121.613436,25.0529087
114,11,02,19,48,2,10文山區,文山區木新路3段與木新路3段183巷口口,0,0,1,1,B03,8,6,5,40,3,2,1,5,4,5,13,4,4,5,5,4,2,12,1,70,3,10,7,1,7,14,1,6,2,4,38,1,21,121.560388,24.9816038
114,11,02,20,01,2,02萬華區,萬華區桂林路67號前人行道,0,0,1,1,F01,8,5,8,0,22,20,4,5,4,5,13,4,4,10,5,5,2,9,1,7,3,10,3,4,7,9,8,20,1,11,42,1,14,121.5022384,25.0383989
114,11,02,20,11,2,01大同區,大同區民權西路與民權西路225巷口,0,0,1,1,C03,7,5,5,50,4,2,1,5,4,5,13,2,1,1,4,5,2,17,1,65,3,10,5,4,7,5,1,10,1,13,44,1,21,121.5128921,25.0632087
114,11,02,20,31,2,04大安區,大安區仁愛路3段53號,0,0,1,1,C03,7,5,5,50,14,9,1,5,4,5,13,4,4,1,4,5,2,17,1,50,3,10,5,4,7,8,1,10,1,17,101,1,21,121.5362877,25.0385435
114,11,02,20,40,2,10文山區,文山區光輝路71巷與光輝路49巷口口,0,0,1,1,C03,8,5,5,30,3,1,1,5,4,5,13,4,4,10,5,5,2,17,1,21,3,10,5,1,7,5,1,10,1,14,8,1,21,121.5565118,24.9851823
114,11,02,21,28,2,02萬華區,萬華區西園路1段與桂林路口,0,0,1,1,,8,5,5,50,4,2,1,5,4,5,13,1,1,9,4,4,2,17,4,0,,,,,,,,,11,,119,2,,121.4996755,25.0384398
114,11,02,21,40,2,04大安區,大安區基隆路2段206號,0,0,2,1,C03,8,5,5,50,14,9,1,5,5,1,13,4,4,8,3,5,1,13,2,46,2,8,5,1,7,9,1,10,1,11,118,1,21,121.5516022,25.0236297
114,11,02,22,20,2,05中正區,中正區中正橋往永和上橋處,0,0,2,1,F03,7,5,5,50,14,9,1,5,4,5,13,4,4,8,3,5,2,11,2,65,2,9,5,1,7,7,8,20,1,12,101,1,21,121.5166206,25.022572
114,11,02,22,30,2,04大安區,大安區基隆路2段與樂業街口,0,0,1,1,B03,7,5,5,50,4,1,1,5,4,5,13,2,1,3,5,5,2,16,1,36,3,10,7,1,7,6,1,8,1,5,9,1,21,121.5502349,25.0224521
114,11,03,00,46,2,11南港區,南港區南港路1段與中南街口,0,0,1,1,B01,8,5,5,50,3,2,1,5,4,5,13,2,1,5,4,5,2,13,1,54,3,10,3,4,7,9,1,4,1,5,108,1,21,121.6158213,25.0553441
114,11,03,01,03,2,03中山區,中山區建國北路2段93號,0,0,1,1,B13,7,5,5,30,14,9,1,5,4,5,13,4,4,10,5,5,2,2,1,58,3,10,7,1,7,9,1,8,1,2,108,1,21,121.5377852,25.05885334
114,11,03,04,34,2,01大同區,大同區西寧北路與鄭州路口,0,0,1,1,B03,6,5,5,50,5,18,1,4,4,5,13,1,1,5,5,5,2,3,1,34,3,10,7,1,7,9,1,4,2,5,70,1,21,121.5081923,25.0507152
114,11,03,04,36,2,03中山區,中山區林森北路與南京東路1段口,0,0,1,1,F01,6,5,5,50,4,1,1,4,4,5,13,1,1,5,5,5,2,15,1,63,2,9,4,1,7,9,8,20,9,12,81,1,22,121.5259275,25.0520843
114,11,03,05,30,2,05中正區,中正區重慶南路2段與愛國西路口,0,0,1,1,C03,6,5,5,50,4,2,1,4,4,5,13,1,1,1,4,5,2,16,1,46,3,10,5,1,7,6,1,10,2,11,9,1,21,121.5125058,25.0348757
114,11,03,05,53,2,05中正區,中正區重慶南路3段與福州街口,0,0,2,1,C03,6,5,5,50,5,1,1,4,4,5,13,1,1,1,3,5,2,17,1,33,2,7,5,1,7,6,1,10,9,12,71,1,22,121.5161281,25.0270664
114,11,03,07,04,2,07信義區,信義區忠孝東路5段與忠孝東路5段743巷口,0,0,1,1,B03,6,6,5,50,4,1,1,4,4,5,13,2,1,1,4,5,1,16,1,61,3,10,3,4,7,6,1,8,1,2,9,1,22,121.5810734,25.0432344
114,11,03,07,20,2,03中山區,中山區龍江路與五常街口,0,0,1,1,C03,6,5,5,50,4,2,1,4,4,5,13,1,1,5,4,5,1,17,1,37,2,9,6,1,7,9,1,10,1,12,44,1,21,121.5409457,25.064238
114,11,03,07,35,2,05中正區,中正區水源路81號,0,0,2,1,A12,6,7,5,50,14,9,1,4,4,3,10,4,4,10,4,5,2,17,1,43,3,10,7,1,7,7,1,7,9,17,42,1,21,121.5197502,25.0209304
114,11,03,07,45,2,06松山區,松山區民權東路3段106巷與復興北路361巷口,0,0,1,1,B03,6,6,5,30,4,2,1,4,4,5,13,4,4,9,5,5,2,15,1,30,3,10,7,1,7,9,1,8,1,1,72,1,21,121.5448914,25.0604808
114,11,03,08,00,2,11南港區,南港區惠民街67號,0,0,1,1,B03,6,7,5,30,14,9,1,4,4,5,13,4,4,5,4,5,2,17,2,37,3,10,7,1,7,14,1,8,2,2,44,1,21,121.6099437,25.0582863
114,11,03,08,10,2,04大安區,大安區基隆路3段155巷與無名巷口(台大癌醫中心前),0,0,1,1,B03,6,7,5,30,4,1,1,4,4,5,13,4,4,9,2,5,2,17,1,48,3,10,7,1,7,6,1,8,1,2,44,1,21,121.5440041,25.01392542
114,11,03,08,10,2,11南港區,南港區三重路與重陽路口,0,0,1,1,B03,8,5,5,50,3,1,1,4,4,5,13,4,4,4,4,5,2,15,1,58,3,10,3,4,7,15,1,8,1,2,74,1,21,121.6129613,25.0618575
114,11,03,08,13,2,04大安區,大安區新生南路2段與和平東路2段口,0,0,1,1,C03,8,6,5,50,4,1,1,4,4,5,13,2,1,10,5,5,2,12,1,60,3,10,6,4,7,9,1,10,1,14,99,1,22,121.5349899,25.0260087
114,11,03,08,35,2,02萬華區,萬華區康定路156號,0,0,1,1,B03,7,6,5,50,14,9,1,4,4,5,13,4,4,5,4,5,2,17,1,72,3,10,7,1,7,11,1,8,1,17,27,1,21,121.5019169,25.0396005
114,11,03,08,35,2,03中山區,中山區長春路與長春路114巷口,0,0,1,1,C03,7,5,5,50,3,1,1,4,4,5,13,4,4,5,4,4,2,17,1,46,2,9,5,1,7,9,1,10,1,11,42,1,21,121.5290414,25.0549013
114,11,03,08,40,2,07信義區,信義區富陽街與崇德街口,0,0,1,1,B03,6,6,5,50,4,1,1,4,4,5,13,4,4,5,5,5,1,16,1,49,3,10,3,4,7,5,1,8,1,8,72,1,22,121.5562103,25.0238293
114,11,03,08,45,2,02萬華區,萬華區西藏路與中華路2段300巷13弄口,0,0,1,1,C03,6,6,5,50,3,2,1,4,4,5,13,4,4,3,4,5,2,17,1,59,3,10,6,1,7,6,1,10,1,12,5,1,21,121.5038257,25.0298844
114,11,03,08,48,2,05中正區,中正區愛國西路與延平南路口,0,0,1,1,C03,6,6,5,50,5,1,1,4,4,5,13,2,1,1,4,5,2,16,2,41,3,10,5,1,7,5,1,10,1,14,8,1,22,121.5080729,25.03703734
114,11,03,08,49,2,05中正區,中正區永福橋往台北,0,0,2,1,C03,6,7,5,50,8,9,1,4,4,5,13,4,4,5,5,5,2,17,1,20,2,9,5,1,7,9,1,10,1,11,16,1,22,121.528145,25.0115982
114,11,03,09,10,2,01大同區,大同區延平北路2段與民權西路口,0,0,2,1,F03,8,6,5,50,4,1,1,5,4,5,13,2,1,8,3,5,2,15,2,83,2,9,5,1,7,9,8,20,1,14,81,1,21,121.5113025,25.0628244
114,11,03,09,13,2,05中正區,中正區貴陽街1段與博愛路口旁,0,0,1,1,B03,7,5,5,50,14,9,1,4,4,5,13,4,4,9,4,5,2,16,1,28,3,10,7,1,7,6,1,8,1,2,9,1,21,121.51167,25.0388226
114,11,03,09,15,2,02萬華區,萬華區康定路與內江街口,0,0,1,1,B03,7,6,5,50,4,1,1,4,4,5,13,2,1,9,4,5,2,17,1,48,3,10,3,4,7,5,1,8,1,6,44,1,22,121.5023044,25.0417567
114,11,03,09,22,2,02萬華區,萬華區德昌街與寶興街140巷17弄口,0,0,2,1,C03,7,6,5,30,4,1,1,4,4,5,13,4,4,5,5,5,2,15,1,67,2,9,6,1,7,9,1,10,1,14,72,1,21,121.4944133,25.02355
114,11,03,09,31,2,10文山區,文山區羅斯福路5段218巷14號,0,0,1,1,H01,6,6,5,50,14,9,1,4,4,5,13,4,4,5,5,5,2,3,2,62,3,10,4,5,8,16,8,20,10,16,53,1,21,121.5378399,25.0021156
114,11,03,09,40,2,09北投區,北投區承德路7段303號,0,0,1,1,B12,7,6,5,60,14,8,1,5,4,5,13,4,4,1,3,5,2,16,1,54,3,10,7,1,7,6,1,8,1,5,9,1,26,121.5040201,25.1170034
114,11,03,09,44,2,06松山區,松山區三民路與三民路3巷口,0,0,1,1,C03,6,6,5,30,4,2,1,4,4,5,13,1,2,9,4,5,2,17,1,45,2,9,5,1,7,9,1,10,1,14,42,1,21,121.5638901,25.0520006
114,11,03,10,11,2,12內湖區,內湖區民權東路6段與民權東路6段15巷口,0,0,2,1,B03,7,6,5,50,3,1,1,5,4,5,13,4,4,1,3,5,1,16,2,64,3,10,7,1,7,6,1,8,2,2,9,1,21,121.5804864,25.0675153
114,11,03,10,26,2,06松山區,松山區三民路與延壽街口口,0,0,1,1,B03,8,6,5,50,4,2,1,5,4,5,13,2,1,8,3,5,2,12,1,54,3,10,7,1,7,15,1,8,1,5,17,1,21,121.5636968,25.0569344
114,11,03,10,55,2,09北投區,北投區承德路7段與承德路7段393巷口,0,0,1,1,B03,6,6,5,60,4,2,1,4,4,5,13,2,1,1,4,4,2,16,1,45,3,10,7,1,7,6,1,8,1,2,44,1,21,121.5015468,25.1192529
114,11,03,11,04,2,01大同區,大同區延平北路2段與民權西路口,0,0,2,1,C03,7,6,5,50,4,1,1,4,4,5,13,2,1,1,4,5,2,15,1,75,2,7,6,4,7,9,1,10,2,12,81,1,22,121.5111258,25.0628519
114,11,03,11,30,2,03中山區,中山區新生北路2段28號與林森北路259巷口,0,0,1,1,B03,7,7,5,50,3,1,1,5,4,5,13,4,4,9,5,5,2,17,1,26,3,10,7,1,7,8,1,8,1,2,100,1,21,121.5274083,25.0543584
114,11,03,11,42,2,06松山區,松山區東興路與八德路4段295巷18弄口,0,0,1,1,B12,6,7,5,50,3,1,1,4,4,5,13,4,4,9,4,5,2,15,1,29,3,10,7,1,7,9,1,8,1,5,44,1,22,121.5654674,25.0495698
114,11,03,12,20,2,03中山區,中山區敬業二路與敬業一路128巷口,0,0,1,1,B01,6,5,5,50,3,1,1,4,4,5,13,4,4,9,4,5,2,3,1,49,3,10,7,1,7,5,1,4,2,8,70,1,21,121.554349,25.08339
114,11,03,12,58,2,09北投區,北投區中央北路3段與中央北路3段252巷口,0,0,1,1,C03,8,7,5,50,3,2,1,5,4,5,13,2,1,5,4,5,2,16,1,70,2,9,6,1,7,7,1,10,1,14,100,1,22,121.4795897,25.1357434
114,11,03,13,02,2,05中正區,中正區中華路1段與寶慶路口,0,0,1,1,C03,6,6,5,50,5,1,1,4,4,5,13,1,1,1,4,1,1,17,2,54,2,9,6,1,7,6,1,10,2,12,9,1,22,121.5084563,25.0420142
114,11,03,13,30,2,08士林區,士林區仰德大道2段11巷與仰德大道2段口,0,0,1,1,B03,8,7,5,40,3,2,1,5,4,5,13,4,4,9,4,5,1,16,1,22,3,10,3,4,7,7,1,8,1,8,4,1,21,121.5419712,25.1036356
114,11,03,13,38,2,03中山區,中山區堤頂大道2段與樂群一路口,0,0,1,1,C03,7,6,5,50,4,2,1,4,4,5,13,2,1,1,4,5,2,17,1,44,2,8,6,1,7,9,1,10,1,11,108,1,21,121.5685186,25.0771747
114,11,03,14,00,2,04大安區,大安區仁愛路4段與大安路1段口,0,0,1,1,B02,8,5,5,50,4,1,1,5,4,5,13,2,1,10,4,5,2,16,1,54,3,10,7,1,7,5,1,8,1,1,44,1,21,121.5459012,25.0377673
114,11,03,14,33,2,09北投區,北投區東華街2段與公館路口,0,0,1,1,C04,8,7,5,40,14,9,1,5,4,5,13,4,4,10,4,5,2,16,2,67,2,9,6,1,7,7,1,11,1,14,100,1,22,121.5035893,25.1215469
114,11,03,14,37,2,04大安區,大安區信義路3段157巷與信義路3段147巷15弄口,0,0,1,1,C03,6,6,5,30,4,1,1,4,4,5,13,4,4,10,5,5,2,15,1,62,2,1,6,4,7,9,1,10,1,11,72,1,22,121.5429989,25.0350844
114,11,03,14,42,2,04大安區,大安區樂利路與樂利路5巷口口,0,0,2,1,C03,6,7,5,40,3,1,1,4,4,5,12,4,4,5,4,5,1,17,2,47,2,9,6,1,7,5,1,10,1,12,74,1,21,121.551021,25.0286092
114,11,03,15,05,2,05中正區,中正區中華路2段與莒光路口,0,0,1,1,C03,7,7,5,50,4,1,1,4,4,5,13,1,1,5,4,5,2,17,2,24,2,9,6,1,7,5,1,10,1,12,71,1,22,121.5041744,25.0313015
114,11,03,15,15,2,10文山區,文山區木柵路2段與興隆路4段口,0,0,1,1,A11,6,5,5,50,4,2,1,4,4,5,13,2,1,5,4,5,2,16,1,29,3,10,7,1,7,6,1,3,2,8,9,1,21,121.5601016,24.9886776
114,11,03,15,20,2,06松山區,松山區東興路21號,0,0,2,1,F01,6,6,5,30,14,9,1,4,4,5,13,4,4,9,4,5,2,17,1,93,4,11,4,1,7,9,8,20,1,15,80,1,22,121.565488,25.0495917
114,11,03,15,29,2,10文山區,文山區興隆路2段244巷與興隆路2段244巷口,0,0,2,1,H01,6,6,5,30,3,2,1,4,4,5,13,4,4,5,5,5,2,3,1,53,2,9,4,5,8,18,8,20,10,16,121,1,21,121.553264,25.0001877
114,11,03,15,51,2,03中山區,中山區長春路137巷與松江路170巷口,0,0,2,1,B01,8,7,5,30,4,1,1,5,4,5,13,4,4,10,5,5,2,15,1,54,3,10,7,1,7,9,1,4,2,8,72,1,26,121.5315501,25.05602952
114,11,03,16,10,2,03中山區,中山區龍江路265號,0,0,1,1,B03,6,7,5,50,14,9,1,4,4,5,13,4,4,8,5,5,2,17,1,59,3,10,7,1,7,15,1,8,9,17,101,1,21,121.5407557,25.05943319
114,11,03,16,13,2,07信義區,信義區光復南路與忠孝東路4段口,0,0,2,1,C03,6,6,5,50,4,1,1,4,4,5,13,2,1,3,2,5,2,17,2,49,2,9,6,1,7,9,1,10,2,12,42,1,21,121.5577921,25.0414088
114,11,03,17,05,2,02萬華區,萬華區西藏路與雙園街口,0,0,1,1,B03,6,5,5,50,3,1,1,4,4,5,13,3,1,1,4,5,2,3,2,51,3,10,7,1,7,9,1,4,1,1,70,1,21,121.4950432,25.0288652
114,11,03,17,08,2,05中正區,中正區市民大道2段與金山北路口,0,0,1,1,C03,6,5,5,40,4,1,1,4,4,5,13,2,1,5,4,5,2,17,1,36,3,10,5,1,7,12,1,10,1,14,16,1,22,121.530568,25.04597691
114,11,03,17,10,2,06松山區,松山區健康路與塔悠路口,0,0,1,1,C03,6,5,5,50,3,2,1,4,4,5,13,2,1,1,2,5,2,13,2,19,2,8,5,1,7,9,1,10,1,11,108,1,21,121.5694967,25.0544418
114,11,03,17,17,2,10文山區,文山區木柵路1段3號,0,0,1,1,C03,6,5,5,50,14,9,1,4,4,5,13,4,4,5,5,5,1,17,2,18,3,10,6,1,7,5,1,10,9,17,80,2,25,121.5426946,24.98836436
114,11,03,17,24,2,04大安區,大安區仁愛路4段266巷6號,0,0,1,1,B01,6,6,5,50,14,9,1,4,4,5,13,4,4,4,3,5,2,16,1,47,3,10,2,1,7,7,1,8,1,4,100,1,21,121.5529284,25.0372668
114,11,03,17,32,2,10文山區,文山區光輝路與下崙路口,0,0,1,1,B02,6,5,5,30,4,2,2,4,4,5,13,4,4,10,5,5,2,17,1,60,3,10,3,1,7,11,1,8,1,5,10,1,21,121.5549944,24.9869047
114,11,03,17,40,2,04大安區,大安區仁愛路4段與忠孝東路4段216巷口,0,0,1,1,B03,6,5,5,50,4,1,1,4,4,5,13,2,1,10,5,5,2,16,1,30,3,10,3,4,7,5,1,8,1,8,71,1,22,121.5529035,25.0377953
114,11,03,17,42,2,12內湖區,內湖區民權東路6段與民權東路6段46巷口,0,0,1,1,B01,6,5,5,50,4,1,1,4,4,5,13,2,1,1,4,5,2,17,1,34,3,10,3,4,7,6,1,8,1,6,9,1,22,121.5815877,25.0678743
114,11,03,17,50,2,11南港區,南港區南港路3段與南港路3段47巷口,0,0,1,1,C03,6,5,5,50,4,1,1,4,4,5,13,4,4,5,4,5,2,17,1,22,2,7,5,1,7,9,1,10,1,11,44,1,21,121.590145,25.053495