發生年度,發生月,發生日,發生時-Hours,發生分,處理別-編號,區序,肇事地點,死亡人數,2-30日死亡人數,受傷人數,當事人序號,車種,天候,光線,道路類別,速限-速度限制,道路型態,事故位置,路面狀況1,路面狀況2,路面狀況3,道路障礙1,道路障礙2,號誌1,號誌2,車道劃分-分向,車道劃分-分道1,車道劃分-分道2,車道劃分-分道3,事故類型及型態,性別,年齡,受傷程度,主要傷處,保護裝置,行動電話,車輛用途,當事者行動狀態,駕駛資格情形,駕駛執照種類,飲酒情形,車輛撞擊部位1,肇因碼-個別,個人肇逃否,職業,座標-X,座標-Y
114,11,05,11,30,2,08士林區,士林區中山北路5段劍潭公車站,0,0,1,1,C03,8,6,5,50,14,9,1,5,4,5,13,4,4,1,3,5,1,24,2,29,2,9,5,1,7,8,1,10,1,12,108,1,21,121.5245686,25.0814947
114,11,05,11,31,2,12內湖區,內湖區麥帥一橋西向東下內湖匝道,0,0,1,1,B11,8,6,5,40,10,16,1,5,4,5,13,4,4,4,4,5,1,13,1,53,3,10,7,1,7,9,1,8,1,1,108,1,21,121.574765,25.0535355
114,11,05,11,55,2,05中正區,中正區汀州路2段182巷與金門街24巷口,0,0,1,1,C03,7,7,5,30,4,1,1,5,4,5,13,4,4,10,5,5,2,15,2,30,2,9,5,1,7,9,1,10,2,11,75,1,22,121.5222531,25.0222309
114,11,05,12,03,2,07信義區,信義區虎林街57-19號,0,0,2,1,C03,8,6,8,50,22,22,4,5,4,5,13,4,4,9,4,4,2,29,2,33,3,10,6,1,7,3,1,10,1,11,18,1,21,121.5770715,25.0466104
114,11,05,12,50,2,08士林區,士林區新安路與仰德大道3段106巷口,0,0,1,1,C03,8,6,5,30,4,2,1,5,4,5,13,4,4,10,5,5,1,17,1,19,3,10,6,1,7,5,1,10,1,13,8,1,21,121.554744,25.120828
114,11,05,13,07,2,12內湖區,內湖區舊宗路1段135號,0,0,1,1,B03,8,6,5,50,14,9,1,5,4,5,13,4,4,1,4,5,2,17,1,32,3,10,3,4,7,14,1,8,2,4,40,1,22,121.5790959,25.0605834
114,11,05,13,10,2,05中正區,中正區漢口街1段134號,0,0,1,1,C03,8,5,5,50,14,9,1,5,4,5,13,4,4,10,4,5,1,17,2,59,2,9,5,1,7,7,1,10,1,11,100,1,21,121.5100262,25.0451753
114,11,05,13,20,2,08士林區,士林區中正路404號與中正路口,0,0,1,1,B03,8,6,5,50,4,1,1,5,4,5,13,4,4,10,3,5,1,17,2,72,3,10,7,1,7,5,1,8,1,17,74,1,21,121.5211183,25.0941654
114,11,05,13,29,2,08士林區,士林區重陽橋機車匝道往三重,0,0,2,1,C03,8,6,6,50,8,11,1,5,4,5,13,4,4,7,2,5,1,13,1,21,2,7,6,1,7,9,1,10,1,11,16,1,21,121.5053682,25.08581588
114,11,05,13,31,2,11南港區,南港區市民大道8段與南港路2段41巷口,0,0,4,1,C03,8,6,5,50,4,1,1,5,4,5,13,2,1,3,4,5,2,16,2,23,2,8,5,1,7,5,1,10,1,12,8,1,22,121.6033356,25.0527239
114,11,05,13,40,2,08士林區,士林區至善路1段與福林路254巷口,0,0,1,1,B12,8,6,5,50,3,2,1,5,4,5,13,1,1,10,4,4,1,17,1,44,3,10,7,1,7,7,1,8,2,5,100,1,21,121.5377248,25.09821826
114,11,05,14,06,2,02萬華區,萬華區忠孝西路2段與西寧南路口,0,0,1,1,B02,7,6,5,50,4,1,1,5,4,5,13,2,1,5,5,5,2,16,1,45,3,10,3,4,7,6,1,4,1,2,17,1,22,121.5076405,25.0484816
114,11,05,14,08,2,04大安區,大安區仁愛路3段與新生南路1段口,0,0,1,1,B03,8,5,5,50,4,1,1,5,4,5,13,2,1,1,2,1,2,17,1,22,3,10,7,4,7,6,1,8,1,17,9,1,22,121.532884,25.0383405
114,11,05,14,30,2,03中山區,中山區中山北路3段與民權西路口,0,0,2,1,C03,8,6,5,50,4,1,1,5,4,5,13,1,1,8,4,1,1,17,1,85,2,9,6,1,7,6,1,10,1,12,9,1,21,121.5224379,25.0629889
114,11,05,15,10,2,08士林區,士林區德行東路140號,0,0,1,1,B03,8,7,5,50,14,9,1,5,4,5,13,2,1,9,4,5,2,17,1,54,3,10,7,1,7,9,1,8,1,1,108,1,21,121.5292141,25.1079859
114,11,05,15,30,2,06松山區,松山區民權東路5段44號,0,0,2,1,B03,7,6,5,50,14,7,1,5,4,5,13,1,1,1,4,4,2,13,2,35,2,8,7,1,7,9,1,8,2,1,16,1,21,121.5648183,25.063024
114,11,05,15,35,2,12內湖區,內湖區瑞光路407號,0,0,1,1,B03,8,6,5,50,14,9,1,5,4,5,13,4,4,5,4,5,2,17,1,53,3,10,7,1,7,1,1,8,2,1,19,1,22,121.5713176,25.0780322
114,11,05,15,41,2,02萬華區,萬華區昆明街與長沙街2段口,0,0,1,1,B03,8,5,8,50,22,22,1,5,4,5,13,4,4,10,5,5,2,17,2,25,3,10,3,4,7,1,1,8,2,8,19,1,21,121.5043721,25.0406396
114,11,05,16,24,2,12內湖區,內湖區陽光街與成功路口側附近3段口,0,0,2,1,,8,6,5,50,4,1,1,5,4,5,13,2,1,4,5,5,2,17,4,0,,,,,7,21,7,19,11,15,119,2,22,121.5898614,25.0774637
114,11,05,16,25,2,08士林區,士林區雨聲街105號(陽明醫院急診出入口),0,0,1,1,C03,8,6,5,50,3,2,1,5,4,5,13,1,1,10,4,5,1,17,2,45,3,10,6,1,7,11,1,10,1,11,80,1,21,121.5312825,25.10459742
114,11,05,17,37,2,04大安區,大安區基隆路4段與基隆路4段73巷口,0,0,2,1,B03,7,5,5,50,4,2,1,5,4,5,13,2,1,1,4,4,1,17,1,31,3,10,7,1,7,6,1,8,1,5,9,1,21,121.5395582,25.0129862
114,11,05,17,50,2,05中正區,中正區汀州路3段與辛亥路1段口,0,0,2,1,C03,7,5,5,50,5,1,1,4,4,5,13,1,1,8,3,5,2,12,1,63,2,9,5,1,7,9,1,10,2,12,44,1,21,121.5273892,25.0184164
114,11,05,17,55,2,01大同區,大同區民族西路203號,0,0,1,1,B03,7,5,5,50,14,9,1,5,4,5,13,4,4,5,4,5,2,17,1,29,3,10,3,4,7,9,1,8,1,5,42,1,21,121.5144691,25.0686836
114,11,05,18,06,2,05中正區,中正區師大路與汀州路3段口,0,0,1,1,B01,8,5,5,50,5,1,1,5,4,5,13,2,1,3,4,5,2,17,2,56,3,10,7,1,7,6,1,4,1,5,9,1,21,121.5254727,25.0207911
114,11,05,18,08,2,07信義區,信義區基隆路2段與嘉興街175巷口,0,0,2,1,C03,7,5,5,30,3,2,1,5,4,5,13,4,4,9,4,5,2,17,2,26,2,9,5,4,7,6,1,10,1,14,72,1,21,121.5567058,25.0281057
114,11,05,18,11,2,02萬華區,萬華區中興橋機慢車引道(上橋往新北市),0,0,2,1,C03,7,5,7,30,14,11,1,5,4,5,13,4,4,10,5,5,2,13,1,35,2,9,5,1,7,9,1,10,1,11,108,1,21,121.5022836,25.045604
114,11,05,18,18,2,04大安區,大安區和平東路3段與敦化南路2段口口,0,0,2,1,C03,6,5,5,50,4,1,1,4,4,5,13,2,1,1,4,5,2,17,1,53,2,8,5,1,7,12,1,10,1,15,44,1,22,121.5484225,25.0245585
114,11,05,18,40,2,08士林區,士林區通河東街1段124巷與通河東街1段口,0,0,1,1,C03,7,6,5,30,14,9,1,5,4,5,13,4,4,10,5,5,2,10,2,23,2,8,6,1,7,9,1,10,2,11,5,1,22,121.5158957,25.0865753
114,11,05,19,01,2,09北投區,北投區文林北路94巷與西安街1段口,0,0,1,1,C03,7,5,5,50,4,1,1,5,4,5,13,2,1,10,5,5,2,15,1,46,2,9,5,1,7,9,1,10,2,12,81,1,21,121.5198992,25.1077728
114,11,05,19,20,2,04大安區,大安區基隆路2段188號,0,0,1,1,C03,8,5,5,50,14,9,1,5,4,5,13,4,4,3,4,5,2,17,1,21,2,8,5,1,7,9,1,10,1,12,108,1,22,121.5530778,25.0248839
114,11,05,19,39,2,12內湖區,內湖區成功路2段與民權東路6段口東南角,0,0,1,1,B03,6,5,5,50,4,2,1,4,4,5,13,1,1,9,4,5,2,17,1,27,3,10,3,4,7,8,1,8,9,17,100,1,21,121.5909321,25.0686749
114,11,05,20,08,2,03中山區,中山區北安路518巷與北安路458巷47弄口,0,0,2,1,B03,8,5,5,50,4,1,1,5,4,5,13,4,4,10,4,5,1,10,1,47,3,10,7,1,7,9,1,8,2,1,14,1,22,121.5466291,25.0786796
114,11,05,20,11,2,01大同區,大同區昌吉街30號,0,0,1,1,C03,7,5,5,20,3,1,1,5,4,5,13,4,4,8,3,5,1,16,1,26,2,8,5,4,7,5,6,18,1,12,72,1,21,121.5171916,25.0658618
114,11,05,23,10,2,03中山區,中山區民權西路與天祥路口,0,0,2,1,C03,8,5,5,50,14,9,1,5,4,5,13,4,4,3,4,4,2,12,1,22,2,9,3,4,7,7,3,18,1,13,96,1,21,121.5211665,25.0625977
114,11,06,01,50,2,03中山區,中山區林森北路85巷9號,0,0,1,1,B01,8,5,5,50,14,9,1,5,4,5,13,4,4,10,5,5,1,1,1,41,3,10,7,1,7,9,1,8,2,4,44,1,21,121.5251574,25.0497678
114,11,06,03,36,2,01大同區,大同區市民大道1段與市民大道1段口Y1出口,0,0,1,1,B01,8,5,5,30,3,1,1,5,4,5,10,4,4,1,4,5,2,16,1,53,3,10,7,1,7,6,1,1,2,8,73,1,21,121.5187227,25.0485159
114,11,06,04,03,2,01大同區,大同區太原路169號對面,0,0,1,1,C03,8,5,5,50,14,9,1,5,4,5,13,4,4,5,5,5,2,13,1,46,2,9,5,1,7,9,1,10,1,11,44,1,21,121.5166914,25.0558221
114,11,06,06,27,2,07信義區,信義區基隆路2段149號,0,0,1,1,B03,8,6,5,50,14,9,1,5,4,5,13,4,4,1,5,5,2,12,2,60,3,10,3,4,7,8,1,8,1,2,100,1,22,121.5555662,25.0269153
114,11,06,07,00,2,12內湖區,內湖區成功路4段與成功路4段20巷口,0,0,1,1,B03,7,6,5,50,4,2,1,5,4,5,13,2,1,1,4,5,2,12,1,60,3,10,7,1,7,4,1,8,1,2,1,1,21,121.5914657,25.0813392
114,11,06,07,11,2,12內湖區,內湖區成功路2段與安康路口口,0,0,2,1,C03,8,6,5,50,14,9,1,5,4,5,13,4,4,1,4,5,2,12,2,29,2,9,5,1,7,9,1,10,9,14,118,2,21,121.5913121,25.060957
114,11,06,07,23,2,07信義區,信義區吳興街與吳興街432巷口,0,0,1,1,C03,8,6,5,30,14,9,1,5,4,5,12,4,4,5,2,5,2,13,1,56,3,10,6,1,7,9,1,11,1,11,42,1,21,121.5679961,25.0243754
114,11,06,07,41,2,06松山區,松山區撫遠街與撫遠街379巷口,0,0,1,1,B03,8,6,5,50,4,1,1,5,4,5,13,2,1,3,4,5,2,17,1,53,3,10,3,4,7,9,1,8,1,5,44,1,22,121.565854,25.0642067
114,11,06,07,46,2,10文山區,文山區興隆路3段115巷（興華國小側門 ）,0,0,1,1,B03,8,7,8,30,11,9,1,5,4,5,13,4,4,10,5,5,2,17,1,75,3,10,7,1,7,9,1,8,1,5,44,1,22,121.5588959,24.9996455
114,11,06,07,50,2,04大安區,大安區和平東路3段與敦化南路2段口,0,0,1,1,C04,8,6,5,50,4,1,1,5,4,5,13,2,1,10,5,5,2,17,1,28,3,10,6,4,7,9,1,9,1,11,108,1,22,121.5484218,25.024505
114,11,06,07,50,2,12內湖區,內湖區成功路4段202號,0,0,1,1,C03,8,7,5,50,14,9,1,5,4,5,13,4,4,1,5,5,2,9,2,58,3,10,5,1,7,9,1,10,2,11,108,1,21,121.5957989,25.08438404
114,11,06,07,56,2,01大同區,大同區通河西街1段（燈桿0802676）,0,0,3,1,C03,8,6,5,30,14,9,1,5,4,5,13,4,4,10,5,5,2,17,1,34,2,9,5,4,7,9,1,10,1,11,42,1,21,121.5178383,25.07770314
114,11,06,08,25,2,08士林區,士林區至善路2段221號,0,0,1,1,B03,8,6,5,30,14,9,1,5,4,5,13,3,1,1,4,5,1,17,2,47,3,10,7,1,7,5,1,8,2,2,8,1,21,121.5498312,25.10019892
114,11,06,08,33,2,07信義區,信義區吳興街與吳興街260巷口口,0,0,1,1,C03,8,6,5,30,4,2,1,5,4,5,13,4,4,5,5,5,2,17,1,77,2,8,6,1,7,6,1,10,2,14,108,1,22,121.5637617,25.0266782
114,11,06,08,44,2,01大同區,大同區重慶北路3段113巷與昌吉街61巷口,0,0,1,1,B03,8,5,5,50,4,1,1,5,4,5,13,4,4,5,5,5,2,17,1,58,3,10,7,1,7,1,1,8,1,8,19,1,21,121.5147371,25.0672285
114,11,06,08,45,2,08士林區,士林區中正路與重慶北路4段口口,0,0,2,1,C03,8,6,5,50,3,1,1,5,4,5,13,1,1,10,4,5,2,13,1,83,2,9,6,1,7,9,1,10,1,11,108,1,21,121.511264,25.0872773
114,11,06,09,00,2,11南港區,南港區成福路與成福路26巷口,0,0,3,1,F02,8,6,5,25,4,1,1,5,4,5,13,3,1,5,5,5,2,15,1,77,2,8,4,1,7,9,8,20,2,14,72,1,21,121.5862096,25.0454569
114,11,06,09,08,2,04大安區,大安區新生南路3段90號,0,0,4,1,C03,8,5,5,50,14,7,1,5,4,5,13,4,4,8,3,4,1,17,1,32,2,9,3,4,7,15,1,10,1,11,44,1,21,121.5340177,25.0177661
114,11,06,09,35,2,04大安區,大安區和平東路3段與基隆路2段口,0,0,1,1,C03,8,5,8,50,22,22,1,5,4,5,13,2,1,3,3,5,2,12,2,49,2,9,3,4,7,9,1,10,1,14,17,1,21,121.5528299,25.0247199
114,11,06,09,43,2,01大同區,大同區赤峰街與赤峰街41巷口,0,0,2,1,C03,8,5,5,30,4,1,1,5,4,5,13,4,4,10,5,5,2,15,1,48,2,9,5,1,7,9,1,10,1,14,72,1,21,121.5196128,25.05489
114,11,06,09,45,2,07信義區,信義區忠孝東路4段515號對面,0,0,1,1,C03,8,6,5,50,14,9,1,5,4,5,13,4,4,3,4,5,2,13,1,33,2,7,6,1,7,9,1,10,1,11,108,1,21,121.5597833,25.041216
114,11,06,10,01,2,03中山區,中山區中山北路3段8號,0,0,2,1,C03,8,7,5,50,14,9,1,5,4,5,13,4,4,1,4,5,2,13,1,22,2,9,5,1,7,9,1,10,1,11,108,1,22,121.5220687,25.06398508
114,11,06,10,30,2,03中山區,中山區錦州街312號,0,0,1,1,C03,7,7,5,50,14,9,1,5,4,5,13,4,4,9,5,5,2,17,2,24,2,8,6,1,7,9,1,10,1,11,107,1,21,121.5380329,25.06021913
114,11,06,10,39,2,08士林區,士林區承德路5段與士商路口,0,0,1,1,B03,8,6,5,60,4,1,1,5,4,5,13,1,1,1,4,5,2,16,1,52,3,10,7,1,7,6,6,8,1,2,9,1,26,121.5141285,25.0961056
114,11,06,10,55,2,02萬華區,萬華區西園路2段與西藏路口,0,0,2,1,C03,8,6,5,50,4,2,1,5,4,5,13,2,1,1,2,5,2,12,1,40,2,9,6,1,7,9,1,10,1,14,44,1,21,121.4954927,25.0283997
114,11,06,11,05,2,03中山區,中山區中山北路2段與中山北路2段36巷口,0,0,1,1,C03,8,5,5,50,3,1,1,5,4,5,13,4,4,1,4,5,2,3,2,49,3,10,3,4,7,6,1,10,1,11,117,1,21,121.5227286,25.05431269
114,11,06,11,16,2,06松山區,松山區虎林街3號,0,0,3,1,C03,8,6,5,40,14,9,1,5,4,5,13,2,1,1,4,5,2,13,2,53,2,9,6,1,7,9,1,10,1,11,108,1,21,121.5762988,25.0494433
114,11,06,11,45,2,02萬華區,萬華區萬板大橋(近燈桿7010587),0,0,2,1,C03,8,6,5,50,8,8,1,5,4,5,13,4,4,1,4,3,2,13,2,50,2,9,3,4,7,13,1,10,1,13,42,1,22,121.4890778,25.0305819
114,11,06,11,54,2,06松山區,松山區南京東路4段與南京東路4段133巷口,0,0,3,1,C03,8,5,5,50,5,1,1,5,4,5,13,2,1,1,3,5,2,16,1,50,2,9,5,1,7,5,1,10,1,11,71,1,22,121.5550645,25.051639
114,11,06,12,03,2,10文山區,文山區木新路3段與木新路3段310巷口口,0,0,1,1,B01,8,7,5,50,4,1,1,5,4,5,13,1,1,5,4,4,2,16,1,60,3,10,7,1,7,9,1,4,2,8,108,1,21,121.5572609,24.980832
114,11,06,12,05,2,01大同區,大同區延平北路3段與民權西路口,0,0,3,1,C03,8,6,5,50,5,1,1,5,4,5,13,2,1,1,4,5,2,13,1,21,2,9,6,1,7,9,1,10,1,11,108,1,21,121.5113141,25.0630116
114,11,06,12,07,2,04大安區,大安區四維路154巷與四維路口,0,0,1,1,F01,8,5,5,30,4,1,1,5,4,5,13,4,4,10,5,5,2,12,1,62,3,10,4,1,7,5,8,20,9,13,8,1,21,121.5480119,25.0309961
114,11,06,12,28,2,03中山區,中山區南京東路2段6號,0,0,1,1,F01,7,7,8,0,14,23,2,5,4,5,13,4,4,1,4,4,2,9,4,0,,,,,,,,,11,,119,2,,121.5283094,25.0519122
114,11,06,12,29,2,04大安區,大安區復興南路2段148巷與復興南路2段口,0,0,1,1,B01,8,7,5,50,4,1,1,5,4,5,13,2,1,1,4,5,2,17,1,50,3,10,7,1,7,9,1,4,1,1,44,1,21,121.543398,25.0283949
114,11,06,12,38,2,04大安區,大安區金山南路2段與金山南路2段156巷口,0,0,1,1,C03,8,6,5,30,3,1,1,5,4,5,13,4,4,1,4,5,2,16,1,59,3,10,3,4,7,6,1,10,1,14,80,1,21,121.5261249,25.0286183
114,11,06,12,38,2,07信義區,信義區大道路32號,0,0,1,1,C03,8,7,5,50,14,9,1,5,4,5,13,4,4,9,5,5,2,12,2,62,2,9,3,4,7,9,1,10,1,14,44,1,21,121.5820903,25.0415758
114,11,06,12,40,2,08士林區,士林區延平北路5段與延平北路5段302巷口,0,0,3,1,C03,8,6,5,50,4,1,1,5,4,5,13,1,1,1,4,5,2,16,2,58,2,8,6,1,7,5,1,11,1,12,71,1,26,121.5095876,25.08573096
114,11,06,13,02,2,08士林區,士林區延平北路7段106巷355號,0,0,1,1,B12,8,6,5,40,14,9,1,5,4,5,13,4,4,10,5,5,1,17,1,67,3,10,7,1,7,11,1,8,2,17,10,1,21,121.4955043,25.10860056
114,11,06,13,22,2,08士林區,士林區中山北路5段與中正路口,0,0,1,1,C03,8,6,5,50,4,2,1,5,4,5,13,2,1,1,4,5,1,17,1,31,2,7,5,1,7,9,1,9,2,12,16,1,21,121.5274739,25.09573961
114,11,06,13,24,2,02萬華區,萬華區西昌街178號,0,0,1,1,C02,8,6,5,50,14,9,1,5,4,5,13,4,4,9,5,5,2,2,1,43,3,10,6,1,7,9,1,9,2,11,108,1,22,121.5005501,25.0379843
114,11,06,13,26,2,08士林區,士林區新安路166-1號,0,0,1,1,B03,8,6,5,30,12,9,1,5,4,5,13,4,4,10,5,5,1,17,2,60,3,10,3,4,7,2,1,8,9,7,80,1,21,121.5502784,25.1372237
114,11,06,13,33,2,08士林區,士林區延平北路8段堤旁便道延平幹75電桿,0,0,2,1,C03,7,7,5,40,14,9,1,5,4,5,13,4,4,10,5,5,1,10,1,18,2,9,5,1,7,4,1,10,1,11,44,1,21,121.4915315,25.11256023
114,11,06,13,44,2,10文山區,文山區興隆路4段34號前,0,0,1,1,C03,8,6,5,50,14,9,1,5,4,5,13,4,4,1,4,5,2,12,1,18,2,9,5,1,7,7,1,10,1,14,100,1,21,121.5602622,24.9883986
114,11,06,13,50,2,05中正區,中正區汀州路2段與同安街口,0,0,1,1,B03,8,5,5,50,5,1,1,5,4,5,13,1,1,4,4,5,2,16,1,22,3,10,7,1,7,5,1,8,1,6,71,1,21,121.5217268,25.0240734
114,11,06,13,52,2,09北投區,北投區大同街294號,0,0,2,1,C03,8,7,5,50,14,9,2,5,4,5,13,4,4,9,4,5,2,10,1,72,2,9,5,1,7,1,1,10,2,11,19,1,21,121.4994189,25.140872
114,11,06,13,55,2,01大同區,大同區環河北路1段431號,0,0,1,1,B01,8,7,5,50,14,9,1,5,4,5,13,4,4,1,4,5,2,17,1,62,3,10,3,4,7,15,1,4,1,2,101,1,21,121.5086898,25.0622816
114,11,06,14,15,2,04大安區,大安區羅斯福路4段21號,0,0,3,1,C03,8,7,5,50,14,18,1,5,4,5,13,2,1,1,4,5,1,9,1,39,2,9,6,1,7,9,1,10,1,11,70,1,21,121.5351651,25.0141362
114,11,06,14,16,2,08士林區,士林區格致路與凱旋路口,0,0,1,1,B03,8,6,5,40,4,2,1,5,4,5,13,2,1,5,5,5,1,13,1,52,3,10,7,1,7,9,1,8,1,1,108,1,21,121.546436,25.13723053
114,11,06,14,20,2,02萬華區,萬華區康定路與內江街口,0,0,1,1,B03,8,6,5,50,4,1,1,5,4,5,13,1,1,8,3,5,1,13,1,56,3,10,7,1,7,5,1,4,1,1,16,1,21,121.5022932,25.0418261
114,11,06,14,28,2,05中正區,中正區汀州路3段與羅斯福路4段108巷口口,0,0,3,1,B03,8,6,5,50,3,1,1,5,4,5,13,4,4,5,5,5,2,10,1,33,2,8,3,4,7,4,1,8,2,1,94,1,21,121.5348256,25.0131554
114,11,06,14,47,2,10文山區,文山區木柵路1段292號,0,0,2,1,C03,8,6,5,50,14,9,1,5,4,5,13,2,1,5,4,5,1,13,1,19,2,9,6,1,7,9,1,10,1,11,16,1,21,121.5562115,24.988423
114,11,06,15,01,2,07信義區,信義區東興路與基隆路1段口,0,0,1,1,B03,8,6,5,50,4,4,1,5,4,5,13,1,1,3,1,5,2,13,1,44,3,10,7,1,7,9,1,8,1,1,108,1,21,121.5668799,25.0458341
114,11,06,15,04,2,04大安區,大安區和平東路3段與敦化南路2段口,0,0,2,1,B03,8,6,5,50,4,1,1,5,4,5,13,2,1,1,4,1,2,16,2,37,2,1,3,4,7,5,1,8,2,5,71,1,22,121.5489783,25.0245079
114,11,06,15,36,2,04大安區,大安區雲和街與泰順街口,0,0,2,1,C02,8,6,5,30,4,2,1,5,4,5,13,4,4,8,3,5,1,17,1,41,2,9,3,4,7,15,1,9,1,11,72,1,21,121.5314893,25.02352
114,11,06,15,38,2,02萬華區,萬華區西園路2段與西園路2段50巷4弄口,0,0,1,1,B12,8,7,5,50,5,1,1,5,4,5,13,2,1,1,4,5,2,12,1,42,3,10,3,4,7,13,1,8,2,4,118,1,22,121.4971818,25.0319606
114,11,06,15,50,2,01大同區,大同區環河堤外便道與環河堤外便道口(南京西路325之2號延平宮旁),0,0,1,1,C03,8,6,5,40,14,9,1,5,4,5,13,4,4,10,5,5,2,11,1,28,3,10,6,1,7,15,1,9,2,12,101,1,21,121.5071586,25.0532894
114,11,06,16,06,2,10文山區,文山區木柵路2段與木柵路2段161巷口口,0,0,1,1,C03,8,6,5,50,4,2,1,5,4,5,13,1,1,5,4,5,2,13,2,18,3,10,5,1,7,9,1,10,2,11,16,1,21,121.5629321,24.9890508
114,11,06,16,15,2,01大同區,大同區民族西路225巷13號,0,0,1,1,B12,8,5,5,30,14,9,1,5,4,5,13,4,4,10,5,5,2,17,1,43,3,10,7,1,7,5,1,7,1,4,8,1,21,121.5123492,25.06991333
114,11,06,16,21,2,08士林區,士林區社正路45巷與社正路口,0,0,1,1,C03,8,6,5,30,5,1,1,4,4,5,13,4,4,5,5,5,1,17,1,59,2,9,6,1,7,15,1,10,2,14,100,1,21,121.5095292,25.0888309
114,11,06,16,40,2,03中山區,中山區民生東路3段10號,0,0,1,1,A02,8,5,5,50,14,8,1,5,4,5,13,4,4,9,4,4,1,9,1,58,3,10,7,1,7,9,1,6,1,2,42,1,21,121.5396443,25.0576969
114,11,06,17,00,2,05中正區,中正區愛國西路與羅斯福路1段口口,0,0,2,1,B03,8,6,5,50,4,1,1,5,4,5,13,1,1,1,4,5,2,16,1,54,3,10,3,4,7,6,1,8,1,2,9,1,21,121.5168629,25.0345408
114,11,06,17,26,2,07信義區,信義區基隆路1段333號,0,0,1,1,A02,8,5,5,50,14,9,1,5,4,5,13,4,4,3,3,5,2,9,1,55,3,10,7,1,7,9,1,2,1,17,44,1,21,121.5605248,25.034352
114,11,06,17,39,2,04大安區,大安區忠孝東路3段248巷6號,0,0,1,1,B12,8,5,5,50,14,9,1,5,4,5,13,4,4,9,5,5,2,12,1,53,3,10,3,4,7,1,1,8,1,2,19,1,22,121.5413511,25.0412405
114,11,06,17,40,2,08士林區,士林區至善路2段與至善路2段266巷口,0,0,1,1,B12,8,5,8,50,3,1,1,5,4,5,13,2,1,1,5,5,1,17,1,52,3,10,7,1,7,11,1,8,1,3,80,1,21,121.5510332,25.10068556
114,11,06,17,45,2,11南港區,南港區舊莊街1段與舊莊街1段91巷口,0,0,1,1,B03,8,5,5,30,3,1,1,5,4,3,13,3,1,5,5,5,2,16,1,38,3,10,3,4,7,5,1,8,2,1,72,1,21,121.6191768,25.040726
114,11,06,17,45,2,11南港區,南港區三重路19-4號,0,0,1,1,C03,7,7,5,50,14,9,1,5,5,5,13,4,4,9,4,5,2,18,2,21,2,9,6,1,7,9,1,10,9,12,44,1,21,121.6139553,25.056585
114,11,06,17,57,2,05中正區,中正區愛國東路與杭州南路2段口,0,0,1,1,B02,7,5,5,50,5,1,1,4,4,5,13,1,1,8,4,5,1,16,2,40,3,10,7,1,7,5,1,8,2,6,71,1,21,121.5225341,25.0322717
114,11,06,18,10,2,01大同區,大同區通河西街1段(北往南向第003號燈桿),0,0,1,1,C03,8,5,5,25,14,9,1,5,4,5,13,4,4,9,5,5,2,12,1,22,3,10,5,1,7,9,1,10,1,14,17,1,21,121.5168019,25.0786198
114,11,06,18,32,2,12內湖區,內湖區洲子街52號,0,0,1,1,C03,8,5,5,50,14,9,1,5,4,5,13,4,4,9,5,5,2,12,1,47,2,3,5,1,7,9,1,10,1,14,108,1,22,121.5731182,25.0792033
114,11,06,18,45,2,08士林區,士林區文林路與文林路495巷口,0,0,2,1,C03,8,5,5,50,3,1,1,5,4,5,13,4,4,9,5,5,2,17,1,30,2,7,6,1,7,4,1,10,2,12,1,1,21,121.5243048,25.0962998
114,11,06,18,45,2,07信義區,信義區忠孝東路4段與忠孝東路4段553巷口口,0,0,1,1,B03,7,5,5,50,3,1,1,5,4,5,13,2,1,3,4,5,2,16,2,56,3,10,3,4,7,6,1,8,1,2,9,1,21,121.562788,25.0413178
114,11,06,18,49,2,12內湖區,內湖區金湖路與金湖路347巷口,0,0,1,1,C03,8,5,5,50,3,2,1,5,4,5,13,1,1,1,3,5,1,13,2,26,3,10,3,4,7,9,1,10,1,11,16,1,21,121.6016858,25.0742238
114,11,06,19,00,2,11南港區,南港區成美橋南往北,0,0,2,1,C04,7,5,5,50,8,9,1,5,4,5,13,4,4,5,4,5,2,17,1,30,3,10,5,1,7,9,1,10,1,17,44,1,21,121.5828376,25.0518035
114,11,06,19,27,2,04大安區,大安區基隆路4段與羅斯福路4段口口,0,0,2,1,C03,7,5,5,50,4,1,1,5,4,5,13,2,1,1,4,5,2,17,1,37,4,11,3,4,7,15,1,10,9,13,44,2,21,121.5374266,25.01156607
114,11,06,19,33,2,12內湖區,內湖區民權東路6段11巷與民權東路6段口,0,0,2,1,C03,8,5,5,50,5,1,1,5,4,5,13,2,1,1,4,5,2,13,1,49,2,8,6,1,7,9,1,10,2,11,16,1,22,121.5785915,25.0668056
114,11,06,19,44,2,05中正區,中正區信義路2段193號,0,0,1,1,F01,8,5,8,0,14,20,4,5,4,5,13,4,4,10,5,5,2,17,2,57,3,10,4,1,7,9,8,20,2,13,17,1,22,121.5296763,25.03387053
114,11,06,20,00,2,08士林區,士林區劍潭路與基河路口,0,0,2,1,C03,8,5,5,50,4,2,1,5,4,5,13,1,1,10,4,5,1,17,2,18,2,9,6,1,7,21,1,10,1,14,101,1,21,121.5248719,25.084246