發生年度,發生月,發生日,發生時-Hours,發生分,處理別-編號,區序,肇事地點,死亡人數,2-30日死亡人數,受傷人數,當事人序號,車種,天候,光線,道路類別,速限-速度限制,道路型態,事故位置,路面狀況1,路面狀況2,路面狀況3,道路障礙1,道路障礙2,號誌1,號誌2,車道劃分-分向,車道劃分-分道1,車道劃分-分道2,車道劃分-分道3,事故類型及型態,性別,年齡,受傷程度,主要傷處,保護裝置,行動電話,車輛用途,當事者行動狀態,駕駛資格情形,駕駛執照種類,飲酒情形,車輛撞擊部位1,肇因碼-個別,個人肇逃否,職業,座標-X,座標-Y
114,11,06,20,09,2,02萬華區,萬華區環河南路1段與內江街口,0,0,1,1,,8,5,5,40,5,1,1,5,4,5,13,1,1,4,4,5,2,17,4,0,,,,,,,,,11,,119,2,,121.5002429,25.0420549
114,11,06,20,35,2,03中山區,中山區民權東路3段與復興北路口,0,0,1,1,C03,8,5,5,50,4,2,1,5,4,5,13,2,1,1,5,5,2,12,1,60,2,9,6,1,7,9,1,10,1,14,118,1,22,121.5436945,25.0624731
114,11,06,20,59,2,04大安區,大安區忠孝東路4段223巷與延吉街62巷口,0,0,1,1,B03,8,5,5,30,4,1,1,5,4,5,13,4,4,10,5,5,2,15,1,35,3,10,7,1,7,9,1,8,2,5,72,1,21,121.5529688,25.0434708
114,11,06,21,50,2,07信義區,信義區忠孝東路5段217號對面,0,0,1,1,C03,7,5,5,50,14,9,1,5,4,5,13,4,4,1,4,5,2,13,1,26,2,8,3,4,7,9,1,10,2,11,16,1,21,121.5704895,25.0409133
114,11,06,22,13,2,10文山區,文山區羅斯福路6段與景福街口,0,0,1,1,B03,8,5,5,50,4,1,1,5,4,5,13,2,1,5,5,5,2,16,1,40,3,10,7,1,7,5,1,8,1,8,8,1,21,121.5409938,24.9932051
114,11,06,23,15,2,04大安區,大安區仁愛路4段與忠孝東路4段26巷口,0,0,2,1,B03,7,5,5,50,3,1,1,5,4,5,13,4,4,8,3,5,1,16,2,28,3,10,7,1,7,6,1,8,1,5,9,1,21,121.5444069,25.0381688
114,11,06,23,16,2,03中山區,中山區錦州街30巷3號,0,0,1,1,B03,8,5,5,50,14,9,1,5,4,5,13,4,4,9,4,5,2,12,1,19,3,10,3,4,7,11,1,8,2,1,10,1,21,121.5247862,25.05970783
114,11,07,00,17,2,06松山區,松山區撫遠街與新東街20巷口,0,0,1,1,B03,8,5,5,30,3,1,1,5,4,5,13,4,4,1,4,5,2,17,1,36,3,10,7,1,7,6,1,8,2,8,72,1,21,121.5689374,25.0585475
114,11,07,04,38,1,01大同區,大同區市民大道1段209號,1,0,1,1,H01,8,5,5,40,14,6,1,5,4,5,13,4,4,1,4,5,2,3,1,88,1,1,4,5,8,18,8,20,9,16,121,1,21,121.5186643,25.0484999
114,11,07,06,58,2,08士林區,士林區菁山路與格致路口,0,0,1,1,B03,8,6,5,40,3,2,1,5,4,5,13,1,1,5,5,5,2,3,1,63,3,10,7,1,7,5,1,8,1,8,70,1,26,121.5465128,25.1378613
114,11,07,07,05,2,09北投區,北投區中央北路4段601巷11號,0,0,1,1,B01,8,5,5,50,11,9,1,5,4,5,13,4,4,9,4,5,1,17,1,51,3,10,7,1,7,6,1,4,2,5,42,1,21,121.4620002,25.1230793
114,11,07,07,19,2,12內湖區,內湖區民權東路6段與民權東路6段19巷口,0,0,1,1,B03,8,5,5,50,4,18,1,5,4,5,13,2,1,1,4,5,1,3,2,45,3,10,7,1,7,5,1,8,1,1,70,1,21,121.5817005,25.0679576
114,11,07,07,20,2,04大安區,大安區仁愛路3段24巷與信義路3段口,0,0,1,1,B03,8,7,5,50,3,1,1,5,4,5,13,2,1,10,5,1,2,15,1,56,3,10,7,1,7,9,1,8,1,7,81,1,21,121.5359201,25.0336667
114,11,07,07,39,2,02萬華區,萬華區雙園街與雙園街107巷口,0,0,1,1,C03,8,7,5,30,4,1,1,5,4,5,13,4,4,9,5,5,2,17,1,74,3,10,5,1,7,9,1,10,1,14,72,1,22,121.4918748,25.0317678
114,11,07,08,00,2,03中山區,中山區通北街65巷8號,0,0,1,1,B02,8,7,5,30,14,9,1,5,4,5,13,4,4,10,5,5,2,17,1,53,3,10,7,1,7,14,1,8,1,4,40,1,22,121.5395323,25.0836817
114,11,07,08,05,2,12內湖區,內湖區內湖路1段411巷與內湖路1段411巷19弄口口,0,0,2,1,C03,8,6,5,30,3,2,1,5,4,5,13,4,4,10,5,5,2,3,1,48,2,9,5,1,7,9,1,10,2,14,70,1,21,121.5712701,25.0825955
114,11,07,08,40,2,07信義區,信義區信義路4段409號,0,0,1,1,C03,8,6,5,50,14,9,1,5,4,5,13,4,4,1,4,5,2,17,1,43,4,11,3,4,7,21,7,19,9,15,101,2,22,121.5591338,25.0331348
114,11,07,08,53,2,06松山區,松山區南京東路5段77號,0,0,1,1,C03,8,6,5,40,14,8,1,5,4,5,13,4,4,3,4,4,2,29,1,19,2,9,6,4,7,9,1,10,2,11,108,1,22,121.559977,25.0515947
114,11,07,09,10,2,04大安區,大安區復興南路1段177巷與復興南路1段口,0,0,1,1,F01,8,6,5,50,4,2,1,5,4,5,13,4,4,9,3,5,1,17,1,33,2,9,3,4,7,15,8,20,9,11,44,1,21,121.5443846,25.0408935
114,11,07,09,20,2,09北投區,北投區承德路7段與石牌路1段口,0,0,3,1,C03,8,5,5,60,4,2,1,5,4,5,13,1,1,9,4,5,1,12,1,18,2,9,6,1,7,9,1,10,1,11,16,1,21,121.5089136,25.1125496
114,11,07,09,21,2,09北投區,北投區西安街2段與石牌路1段口,0,0,1,1,B01,8,6,5,50,4,1,1,5,4,5,13,1,1,10,4,5,2,16,1,67,3,10,7,1,7,5,1,4,1,4,8,1,26,121.5148515,25.1151121
114,11,07,09,30,2,03中山區,中山區長春路258巷與長春路258巷10弄口,0,0,1,1,B03,8,7,5,30,4,1,2,5,4,5,13,4,4,10,5,5,2,15,1,54,3,10,7,1,7,9,1,4,1,5,72,1,22,121.5390849,25.0538776
114,11,07,09,30,2,08士林區,士林區忠誠路2段160巷與忠誠路2段166巷29弄口,0,0,1,1,C03,8,6,5,30,4,1,1,5,4,5,13,4,4,10,5,5,1,16,1,37,2,7,5,1,7,5,1,10,2,12,75,1,21,121.5321443,25.115639
114,11,07,09,42,2,03中山區,中山區北安路與敬業四路口,0,0,1,1,C03,8,7,5,50,14,9,1,5,4,5,13,4,4,1,4,5,2,18,2,33,2,9,6,1,7,9,1,10,9,14,42,1,26,121.5586164,25.0847495
114,11,07,09,43,2,12內湖區,內湖區環山路1段與文湖街口,0,0,1,1,C03,8,6,5,50,14,9,1,5,4,5,13,4,4,5,4,5,2,13,1,35,2,8,6,1,7,9,1,10,1,11,108,1,22,121.5657573,25.0863651
114,11,07,10,04,2,08士林區,士林區仰德大道2段與仰德大道2段115巷口,0,0,1,1,B03,8,6,5,40,3,1,1,5,4,5,13,4,4,4,5,5,1,16,1,31,3,10,7,1,7,6,1,8,1,2,9,1,26,121.5459209,25.1080631
114,11,07,10,10,2,07信義區,信義區信義路5段與松德路口,0,0,1,1,B03,8,7,5,40,14,9,1,5,4,5,13,4,4,5,4,5,2,12,1,61,3,10,3,4,7,13,1,8,1,4,40,1,21,121.574656,25.033235
114,11,07,10,14,2,08士林區,士林區忠誠路2段與士東路口,0,0,1,1,B03,8,6,5,50,5,1,1,5,4,5,13,1,1,1,3,4,1,2,1,23,3,10,7,1,7,5,1,8,2,8,70,1,21,121.530882,25.1122398
114,11,07,10,18,2,09北投區,北投區石牌路2段130巷2弄,0,0,2,1,C03,8,5,5,30,14,9,1,5,4,5,13,4,4,10,4,5,1,17,2,62,2,7,6,1,7,7,1,10,2,13,100,1,21,121.5175325,25.1177347
114,11,07,10,25,2,05中正區,中正區鄭州路與重慶北路1段口,0,0,2,1,B03,8,6,5,40,4,4,1,5,4,5,13,2,1,1,4,5,2,13,1,41,3,10,3,4,7,9,1,7,1,1,14,1,21,121.5131627,25.049421
114,11,07,10,29,2,02萬華區,萬華區長泰街246巷與寶興街222巷口,0,0,1,1,B12,8,6,5,30,4,1,1,5,4,5,13,4,4,10,5,5,2,17,1,60,3,10,7,1,7,6,1,8,1,8,9,1,21,121.494736,25.0220827
114,11,07,10,32,2,06松山區,(南京東路4段169號前),0,0,2,1,H01,8,6,5,50,14,7,1,5,4,5,13,2,1,3,4,4,2,6,2,21,2,1,4,5,8,18,8,20,10,16,122,1,22,121.5562461,25.0516521
114,11,07,10,32,2,06松山區,松山區市民高架道往西6510956燈桿,0,0,1,1,B12,8,5,5,80,14,9,1,5,4,5,13,4,4,10,3,5,1,13,1,43,3,10,3,4,7,12,1,8,1,1,16,1,22,121.5536463,25.04455785
114,11,07,10,41,2,06松山區,松山區麥帥二橋與健康路口匝道前,0,0,1,1,B03,8,6,5,60,14,9,1,5,4,5,13,4,4,1,4,5,2,13,1,72,3,10,7,1,7,9,1,8,1,1,16,1,21,121.5707229,25.05548983
114,11,07,10,44,2,03中山區,中山區堤頂大道2段與樂群二路口,0,0,1,1,B03,8,5,5,50,4,1,1,5,4,5,13,1,1,1,4,5,2,16,2,56,3,10,3,4,7,6,1,8,1,5,9,1,21,121.5628376,25.08031729
114,11,07,10,46,2,05中正區,中正區中華路2段與中華路2段307巷口,0,0,1,1,B12,8,7,5,40,3,1,1,5,4,5,13,1,1,5,4,4,2,17,1,58,3,10,7,1,7,6,1,8,1,5,71,1,22,121.5052803,25.02870415
114,11,07,10,49,2,05中正區,中正區羅斯福路4段與羅斯福路4段90巷口口,0,0,1,1,C03,8,6,5,50,3,4,1,5,4,5,13,1,1,1,4,5,2,13,2,34,2,7,5,1,7,9,1,10,1,12,16,1,26,121.5347254,25.0142515
114,11,07,10,49,2,12內湖區,內湖區潭美街與安康路22巷口,0,0,1,1,C03,8,6,5,40,3,2,1,5,4,5,13,2,1,5,5,5,2,17,1,26,2,8,6,1,7,5,1,10,1,12,44,1,21,121.5937658,25.06128049
114,11,07,11,01,2,07信義區,信義區崇德街52號附近側附近,0,0,1,1,C03,8,7,5,50,14,9,1,5,4,5,13,4,4,9,4,5,2,16,2,71,2,9,5,4,7,5,1,10,2,11,101,1,21,121.5542912,25.0242733
114,11,07,11,10,2,11南港區,南港區東新街與南港路3段口成美橋下橋處,0,0,2,1,B03,8,6,5,50,5,2,1,5,4,5,13,1,1,4,3,5,2,11,1,46,3,10,3,4,7,12,1,8,1,1,1,1,21,121.5827548,25.0520137
114,11,07,11,14,2,04大安區,大安區新生南路1段與新生南路1段161巷口,0,0,1,1,C03,8,5,5,30,3,2,1,5,4,5,13,4,4,10,5,5,2,16,2,47,2,9,5,1,7,6,1,10,1,14,72,1,21,121.5328683,25.0347513
114,11,07,11,16,2,12內湖區,內湖區舊宗路1段78號對面,0,0,1,1,B03,8,5,5,0,14,9,1,5,4,5,13,4,4,1,4,5,1,12,1,71,4,11,3,4,7,9,1,8,11,15,101,2,22,121.5800804,25.0592044
114,11,07,11,20,2,10文山區,文山區仙岩路與景華街口口,0,0,1,1,B03,8,6,5,30,4,1,1,5,4,4,13,1,1,10,5,5,2,17,1,47,3,10,7,1,7,1,1,8,2,4,19,1,22,121.5477685,24.9982292
114,11,07,11,27,2,06松山區,松山區南京東路3段與敦化北路口,0,0,1,1,B03,8,7,5,40,14,9,1,5,4,5,13,1,1,9,4,4,2,16,1,51,3,10,7,1,7,6,1,8,1,5,44,1,22,121.5488476,25.0512667
114,11,07,11,29,2,05中正區,中正區林森南路車行地下道入口,0,0,1,1,C03,8,6,5,50,14,9,1,5,4,5,13,4,4,5,4,5,2,12,2,20,2,9,5,1,7,7,1,10,2,14,100,1,22,121.5215027,25.03849208
114,11,07,11,31,2,03中山區,中山區民生西路3巷與民生西路45巷9弄口,0,0,1,1,C03,8,6,5,30,3,1,1,5,4,5,13,4,4,10,5,5,2,17,1,64,3,10,6,1,7,9,1,10,1,11,42,1,21,121.5217702,25.05835214
114,11,07,11,35,2,07信義區,信義區忠孝東路4段516號,0,0,1,1,F01,8,7,8,0,22,22,4,5,4,5,13,1,1,1,4,5,2,9,1,78,3,10,3,4,7,9,8,20,1,11,70,1,21,121.562771,25.041047
114,11,07,12,02,2,03中山區,中山區北安路與大直街口,0,0,1,1,C03,7,7,5,50,4,1,1,5,4,5,13,1,1,1,4,5,2,17,2,22,2,9,3,4,7,9,1,10,9,14,99,1,25,121.5472789,25.0799041
114,11,07,12,27,2,12內湖區,內湖區江南街89巷與江南街117巷8弄口,0,0,2,1,C03,8,6,5,30,4,2,1,5,4,3,10,4,4,10,5,5,2,17,2,55,2,7,6,1,7,9,1,11,1,11,72,1,21,121.5774319,25.0764786
114,11,07,12,28,2,03中山區,中山區新生北路1段138號,0,0,1,1,C03,8,5,5,50,14,9,1,5,4,5,13,4,4,1,4,5,2,13,1,37,2,8,3,4,7,9,1,10,1,11,107,1,21,121.5276778,25.05134831
114,11,07,12,29,2,02萬華區,萬華區中華路1段與中華路1段192巷口,0,0,1,1,B03,8,6,5,50,3,2,1,5,4,5,13,4,4,1,4,5,2,17,1,46,3,10,7,1,7,14,1,8,1,4,40,1,21,121.5070667,25.0387583
114,11,07,12,47,2,04大安區,大安區金山南路2段與愛國東路口,0,0,1,1,C03,8,6,5,50,4,1,1,5,4,5,13,2,1,1,3,5,2,17,1,67,3,10,6,1,7,8,1,10,9,17,100,1,21,121.5267731,25.0317484
114,11,07,12,49,2,05中正區,中正區中山北路1段與北平西路口,0,0,1,1,C03,8,6,5,50,4,4,1,5,4,5,13,2,1,1,4,5,2,12,2,52,2,9,6,1,7,15,1,10,2,14,44,1,21,121.5202915,25.0473889
114,11,07,13,00,2,04大安區,大安區通化街123巷與通化街口,0,0,1,1,C03,8,7,5,50,4,2,1,5,4,5,13,4,4,5,4,5,2,13,1,66,2,9,6,1,7,9,1,10,1,11,108,1,21,121.5539642,25.0291812
114,11,07,13,21,2,07信義區,信義區莊敬路391巷與莊敬路423巷7弄口,0,0,1,1,C04,8,7,5,30,3,1,1,5,4,5,13,4,4,9,5,5,2,9,2,58,3,10,3,4,7,6,1,11,1,11,44,1,21,121.5659436,25.0285538
114,11,07,13,24,2,05中正區,中正區杭州南路1段31號,0,0,1,1,C03,8,6,5,50,14,9,1,5,4,5,13,4,4,10,4,5,2,12,2,19,2,8,5,1,7,7,1,10,1,14,80,1,22,121.5261797,25.04175243
114,11,07,13,48,2,05中正區,中正區重慶南路1段49號,0,0,1,1,C03,8,6,5,50,14,9,1,5,4,5,13,4,4,10,4,5,2,16,1,50,3,10,6,1,7,7,1,10,2,13,100,1,21,121.5132487,25.0447674
114,11,07,14,29,2,04大安區,(敦化南路一段189號旁),0,0,1,1,B12,8,7,5,50,14,9,1,5,4,5,13,4,4,5,5,5,2,16,1,37,3,10,7,1,7,9,1,8,1,7,17,1,21,121.5492412,25.0425824
114,11,07,14,34,2,09北投區,北投區承德路6段與文林北路口,0,0,1,1,C03,8,5,5,50,3,2,1,5,4,5,13,1,1,1,4,1,2,17,2,21,3,10,5,1,7,5,1,10,1,14,42,1,21,121.511242,25.1107992
114,11,07,14,35,2,05中正區,中正區和平西路1段與廈門街口,0,0,3,1,C03,8,6,5,50,4,1,1,5,4,5,13,1,1,1,4,5,2,16,2,42,2,9,5,1,7,5,1,10,2,14,8,1,21,121.5179901,25.02676986
114,11,07,15,08,2,05中正區,中正區南昌路2段與同安街口,0,0,1,1,B01,8,7,5,50,4,1,1,5,4,5,13,2,1,5,5,5,2,2,1,67,3,10,7,1,7,5,1,4,2,4,70,1,22,121.5227558,25.0254979
114,11,07,15,47,2,04大安區,大安區信義路4段與安和路1段口,0,0,1,1,C03,8,6,5,50,4,1,1,5,4,5,13,2,1,4,4,5,2,16,1,65,2,9,5,1,7,5,1,10,1,14,8,1,22,121.5524256,25.0333023
114,11,07,15,52,2,05中正區,中正區詔安街40-6號,0,0,2,1,C03,8,6,5,30,14,9,1,5,4,5,13,4,4,10,5,5,2,3,2,55,2,5,5,1,7,9,1,10,1,14,44,1,21,121.5144289,25.02488607
114,11,07,15,54,2,02萬華區,萬華區西園路1段與桂林路口,0,0,1,1,C03,8,7,5,50,4,1,1,5,4,5,13,2,1,9,4,4,2,16,1,34,3,10,5,1,7,5,1,10,1,11,71,1,21,121.4997996,25.0385147
114,11,07,16,10,2,04大安區,大安區大安路2段與大安路2段27巷口,0,0,1,1,B03,8,6,8,50,3,2,1,5,4,5,13,4,4,8,3,5,1,9,2,50,3,10,3,4,7,15,1,8,9,8,44,1,21,121.5465829,25.032142
114,11,07,16,19,2,06松山區,松山區塔悠路81號,0,0,2,1,B01,8,6,5,50,14,9,1,5,4,5,13,4,4,1,4,5,2,12,2,48,3,10,7,1,7,9,1,4,2,4,42,1,21,121.5703519,25.0520873
114,11,07,16,22,2,03中山區,中山區長安東路1段30巷3弄與長安東路1段52巷口,0,0,1,1,C03,8,6,5,50,3,1,1,5,4,5,13,4,4,9,4,5,2,1,1,52,3,10,3,4,7,9,1,10,1,11,70,1,21,121.5278004,25.04733327
114,11,07,16,28,2,12內湖區,內湖區成功路2段與成功路2段426巷口口,0,0,1,1,B03,8,5,5,50,4,1,1,5,4,5,13,1,1,5,4,5,2,17,1,33,3,10,7,1,7,9,1,8,1,8,85,1,21,121.5897039,25.0714987
114,11,07,16,29,2,04大安區,大安區忠孝東路4段216巷與忠孝東路4段216巷11弄口,0,0,1,1,B03,8,7,5,50,4,1,1,5,4,5,13,4,4,10,5,5,2,3,2,39,3,10,7,1,7,9,1,8,1,5,70,1,21,121.5531099,25.0407536
114,11,07,16,39,2,04大安區,大安區仁愛路4段與敦化南路1段口,0,0,1,1,C03,8,6,5,50,4,2,1,5,4,5,13,2,1,8,3,5,1,17,1,61,2,9,3,4,7,15,1,10,1,11,100,1,21,121.5497928,25.0387306
114,11,07,16,40,2,12內湖區,內湖區成功路4段32號,0,0,1,1,A02,8,6,5,50,14,9,1,5,4,5,13,4,4,1,3,5,1,9,1,39,3,10,7,1,7,9,1,6,2,17,42,1,21,121.5916092,25.0815762
114,11,07,17,00,2,04大安區,大安區金山南路2段與金華街口,0,0,2,1,C03,8,6,5,40,14,8,1,5,4,5,13,4,4,1,4,4,2,13,2,19,2,9,5,1,7,9,1,10,1,11,16,1,22,121.5263708,25.0297767
114,11,07,17,15,2,04大安區,大安區基隆路2段與和平東路3段口,0,0,1,1,C03,8,6,5,50,5,1,1,5,4,5,13,2,1,1,4,5,2,12,1,57,2,9,3,4,7,7,1,10,1,14,80,1,22,121.5525034,25.0243305
114,11,07,17,44,2,09北投區,北投區東華街1段與東陽街口,0,0,1,1,C03,8,5,5,50,4,1,1,5,4,5,13,1,1,1,4,1,2,17,1,44,3,10,5,1,7,5,1,10,1,17,8,1,21,121.5174383,25.1123222
114,11,07,17,45,2,04大安區,大安區辛亥路3段81號與辛亥路3段口81號前迴轉道,0,0,1,1,F01,8,5,5,50,3,1,1,5,4,5,13,4,4,10,5,5,2,15,1,79,2,8,4,1,7,9,8,20,1,12,72,1,21,121.5464258,25.0196832
114,11,07,17,45,2,11南港區,南港區研究院路1段與研究院路1段151巷口,0,0,1,1,B13,8,5,5,50,3,1,1,5,4,5,13,2,1,1,4,5,2,16,1,35,3,10,3,4,7,5,1,8,1,4,8,1,21,121.6156058,25.0507956
114,11,07,18,00,2,12內湖區,內湖區大湖街158巷與成功路4段口,0,0,1,1,B03,8,5,5,50,3,2,1,5,4,5,13,2,1,5,5,5,2,13,1,50,3,10,7,1,7,9,1,8,2,1,108,1,21,121.6003786,25.0843376
114,11,07,18,00,2,07信義區,信義區信義路5段與基隆路1段口,0,0,1,1,B03,8,5,8,50,4,1,1,5,4,5,13,2,1,8,3,5,2,17,1,28,3,10,3,4,7,9,1,8,1,8,17,1,21,121.5597932,25.0332315
114,11,07,18,15,2,02萬華區,萬華區環河南路2段與貴陽街2段口,0,0,1,1,C03,8,5,5,40,5,2,1,5,4,5,13,1,1,1,5,5,2,23,1,53,2,9,5,1,7,9,1,10,1,11,117,1,21,121.4981302,25.0402933
114,11,07,18,22,2,11南港區,南港區舊莊街1段3巷12弄與合順街8巷7弄口,0,0,2,1,C03,8,5,5,30,14,9,1,5,4,5,13,4,4,5,5,5,2,3,1,58,2,8,5,1,7,9,1,10,2,11,13,1,21,121.6186619,25.0417027
114,11,07,18,43,2,11南港區,南港區忠孝東路7段西往東,0,0,1,1,B03,8,5,5,50,14,9,1,5,4,5,13,4,4,3,4,4,2,16,1,32,3,10,7,1,7,8,1,8,1,2,80,1,21,121.6018287,25.0514637
114,11,07,18,51,2,09北投區,北投區立農街2段與立農街2段202巷口,0,0,2,1,C03,7,5,5,50,4,1,1,5,4,5,13,1,1,9,5,5,2,16,2,51,2,9,5,1,7,5,1,10,1,11,8,1,21,121.5143209,25.1188408
114,11,07,18,56,2,01大同區,大同區承德路1段與華陰街口,0,0,1,1,B03,7,5,5,50,4,1,1,5,4,5,13,2,1,1,4,5,2,17,1,46,3,10,7,4,7,6,1,8,1,5,80,1,21,121.5163736,25.0496619
114,11,07,18,57,2,03中山區,中山區北安路516-3號對面,0,0,2,1,C03,8,5,5,50,14,9,1,5,4,5,13,4,4,1,4,5,2,17,1,20,2,8,5,1,7,9,1,10,1,11,108,1,21,121.545398,25.0798487
114,11,07,19,03,2,09北投區,北投區東華街2段與致遠三路口,0,0,1,1,B01,7,5,5,50,4,1,1,5,4,5,13,2,1,1,4,5,2,3,1,56,3,10,7,1,7,5,1,4,2,1,70,1,21,121.508064,25.1206304
114,11,07,19,12,2,07信義區,信義區市府路與松壽路口口,0,0,1,1,B03,7,5,5,50,4,1,1,5,4,5,13,2,1,5,4,5,2,13,1,35,3,10,3,4,7,9,1,8,1,1,16,1,22,121.5637078,25.0359716
114,11,07,20,05,2,04大安區,大安區羅斯福路4段113巷與羅斯福路4段113巷19弄口,0,0,3,1,C03,8,5,5,30,3,1,1,5,4,5,13,4,4,9,4,5,2,17,1,18,2,9,5,1,7,5,1,10,2,12,74,1,21,121.5395805,25.0112973
114,11,07,20,32,2,11南港區,南港區忠孝東路6段與東新街口,0,0,2,1,B03,8,5,5,50,4,2,1,5,4,5,13,1,1,5,4,4,2,11,2,32,3,10,7,1,7,11,1,8,2,1,10,1,21,121.5849703,25.0482022
114,11,07,22,08,2,02萬華區,萬華區環河南路1段與內江街口,0,0,3,1,C03,8,5,5,40,3,2,1,5,4,5,13,1,1,2,4,5,2,17,1,54,2,8,5,1,7,11,1,10,1,12,85,1,21,121.5002208,25.0420362
114,11,07,22,10,2,11南港區,南港區忠孝東路5段與玉成街口,0,0,1,1,C03,8,5,5,50,5,2,1,5,4,5,13,1,1,5,4,5,2,13,1,34,3,10,5,1,7,9,1,10,1,11,16,1,21,121.5826182,25.0450868
114,11,07,22,18,2,09北投區,北投區中央北路4段與中央北路4段540巷口,0,0,1,1,B03,7,5,5,50,4,1,1,5,4,5,13,1,1,9,4,5,2,16,2,40,3,10,7,1,7,5,1,8,1,4,8,1,21,121.4677194,25.1278731
114,11,07,22,33,2,03中山區,中山區新生北路2段76巷與民生東路1段70巷口,0,0,1,1,C03,8,5,5,30,4,1,1,5,4,5,13,4,4,10,5,5,2,16,1,50,2,8,6,1,7,9,1,10,1,12,72,1,21,121.5264321,25.0574903
114,11,07,23,01,2,08士林區,士林區文昌路與美崙街口,0,0,1,1,B03,8,5,5,50,4,1,1,5,4,5,13,2,1,5,4,5,2,16,1,26,3,10,7,1,7,5,1,8,2,1,71,1,21,121.5207872,25.0968652
114,11,07,23,05,2,09北投區,北投區北投路1段53號,0,0,1,1,B12,7,5,5,50,3,4,1,5,4,5,13,1,1,9,4,5,2,13,1,69,3,10,7,1,7,9,1,8,1,1,108,1,21,121.5009792,25.1251425
114,11,07,23,33,2,10文山區,文山區木柵路1段與辛亥路7段口,0,0,3,1,C03,8,5,5,50,4,1,1,5,4,5,13,2,1,10,5,5,2,16,2,20,2,9,5,4,7,9,1,10,1,11,81,1,22,121.5523138,24.9877778
114,11,08,01,20,2,05中正區,中正區連雲街與連雲街47巷口,0,0,1,1,G06,8,5,5,30,4,1,1,5,4,5,13,4,4,10,5,5,2,15,2,50,2,9,4,1,7,9,8,20,2,16,42,1,22,121.5308285,25.0352229
114,11,08,04,18,2,02萬華區,萬華區艋舺大道與西園路1段口,0,0,1,1,C03,7,5,5,50,4,2,1,5,4,5,13,2,1,1,4,5,2,17,1,58,2,1,5,1,7,9,3,18,1,11,42,1,21,121.4981407,25.0335481
114,11,08,07,45,2,08士林區,士林區德行西路與德行西路94巷口,0,0,1,1,C03,8,6,5,50,4,1,1,5,4,5,13,4,4,5,5,5,2,13,1,45,2,7,6,1,7,9,1,10,2,11,16,1,22,121.5214869,25.104392
114,11,08,08,01,2,04大安區,大安區安和路2段與敦化南路2段63巷口,0,0,1,1,C03,8,5,5,50,4,1,1,5,4,5,13,2,1,3,3,5,2,17,1,58,2,9,3,4,7,5,1,10,1,11,71,1,22,121.5523445,25.0309123
114,11,08,08,23,2,12內湖區,內湖區安康路282號,0,0,2,1,B03,8,7,8,40,14,9,1,5,4,5,13,4,4,9,5,5,2,13,1,64,3,10,7,1,7,9,1,8,2,5,16,1,21,121.6054559,25.0643162
114,11,08,08,40,2,07信義區,信義區松山路460號,0,0,3,1,F01,8,6,5,50,14,9,1,5,4,5,13,4,4,1,4,5,2,17,1,12,2,9,4,4,7,9,8,20,1,12,108,1,14,121.5777302,25.0405182
114,11,08,08,58,2,10文山區,文山區景華街169巷與景華街147巷2弄口,0,0,1,1,C03,8,6,5,30,4,1,1,5,4,5,13,4,4,10,5,5,2,18,1,28,2,9,5,1,7,5,1,10,7,14,108,1,21,121.54748,24.997272
114,11,08,09,53,2,07信義區,信義區光復南路415巷與光復南路421巷6弄口,0,0,1,1,C03,8,6,5,30,4,1,1,5,4,5,13,4,4,10,5,5,2,17,2,36,2,9,3,1,7,9,1,10,1,11,75,1,22,121.5584353,25.037179
114,11,08,10,08,2,05中正區,中正區寧波西街與牯嶺街口,0,0,1,1,B12,8,6,5,50,4,2,1,5,4,5,13,1,1,10,4,5,2,13,1,45,3,10,7,1,7,9,1,4,1,1,16,1,21,121.5161016,25.0300034
114,11,08,10,15,2,09北投區,北投區承德路7段與承德路7段393巷口,0,0,1,1,B03,8,7,5,60,4,1,1,5,4,5,13,2,1,1,4,4,1,16,2,35,3,10,7,1,7,5,1,8,1,8,71,1,22,121.5013965,25.1194429
114,11,08,10,17,2,04大安區,大安區建國南路2段與建國南路2段151巷口,0,0,2,1,C03,8,5,5,50,3,2,1,5,4,5,13,3,1,10,3,5,1,17,1,58,2,9,3,4,7,15,1,10,1,11,44,1,21,121.5374774,25.0290223
114,11,08,10,38,2,03中山區,中山區松江路156之1號,0,0,3,1,A03,8,7,5,40,14,10,1,5,4,5,13,4,4,1,4,1,2,28,1,41,3,10,3,4,7,9,1,1,2,1,108,1,26,121.5330321,25.0541633
114,11,08,10,53,2,07信義區,信義區信義路5段17號,0,0,1,1,C04,8,6,5,50,14,9,1,5,4,5,13,4,4,1,4,5,2,13,1,40,2,9,5,4,7,9,1,10,1,11,108,1,22,121.5674646,25.0328155
114,11,08,10,56,2,09北投區,北投區中央北路4段與中央北路4段142巷口,0,0,1,1,B03,8,5,5,50,3,2,1,5,4,5,13,1,1,9,4,5,1,9,2,30,3,10,7,1,7,9,1,8,1,2,17,1,21,121.4760066,25.1334131
114,11,08,11,23,2,04大安區,大安區市民大道3段(118燈桿),0,0,1,1,C03,8,6,5,40,14,9,1,5,4,5,13,4,4,5,3,5,2,13,2,29,2,9,6,1,7,9,1,10,2,14,16,1,21,121.5391253,25.0444927
114,11,08,11,57,2,12內湖區,內湖區內湖路1段與江南街口,0,0,2,1,C03,8,6,5,50,14,9,1,5,4,5,13,4,4,1,4,5,2,17,1,84,2,9,5,1,7,9,1,10,2,11,108,1,21,121.5786398,25.0788114