發生年度,發生月,發生日,發生時-Hours,發生分,處理別-編號,區序,肇事地點,死亡人數,2-30日死亡人數,受傷人數,當事人序號,車種,天候,光線,道路類別,速限-速度限制,道路型態,事故位置,路面狀況1,路面狀況2,路面狀況3,道路障礙1,道路障礙2,號誌1,號誌2,車道劃分-分向,車道劃分-分道1,車道劃分-分道2,車道劃分-分道3,事故類型及型態,性別,年齡,受傷程度,主要傷處,保護裝置,行動電話,車輛用途,當事者行動狀態,駕駛資格情形,駕駛執照種類,飲酒情形,車輛撞擊部位1,肇因碼-個別,個人肇逃否,職業,座標-X,座標-Y
114,11,08,11,59,2,04大安區,大安區辛亥路3段與辛亥路3段284巷口,0,0,1,1,B03,8,6,5,50,14,9,1,5,4,5,13,4,4,1,4,1,1,17,1,67,3,10,3,4,7,9,1,8,1,5,44,1,22,121.5521467,25.0150037
114,11,08,12,10,2,12內湖區,內湖區內湖路1段737巷54號旁,0,0,1,1,C03,8,5,5,30,14,9,1,5,4,5,13,1,1,5,5,5,2,17,2,54,2,8,6,1,7,2,1,10,1,13,12,1,21,121.5790132,25.0806819
114,11,08,12,20,2,03中山區,中山區新生北路3段68巷與新生北路口側附近3段口,0,0,1,1,B03,8,7,5,30,3,3,1,5,4,5,13,4,4,10,5,5,2,17,1,31,3,10,3,4,7,6,1,8,1,5,9,2,22,121.5273789,25.0657819
114,11,08,12,22,2,01大同區,大同區塔城街13號,0,0,1,1,B03,8,6,5,50,14,9,1,5,4,5,13,4,4,5,5,5,2,16,1,44,3,10,7,1,7,11,1,8,2,4,80,1,21,121.5105034,25.0510898
114,11,08,12,24,2,12內湖區,內湖區港華街101號與港華街口,0,0,1,1,F01,8,7,5,30,3,2,1,5,4,5,13,4,4,5,5,5,2,16,2,42,2,9,4,1,7,5,8,20,1,14,80,1,21,121.5736351,25.0834388
114,11,08,12,34,2,08士林區,士林區仰德大道3段8號,0,0,1,1,B01,8,6,5,40,14,9,1,5,4,5,13,4,4,5,5,5,1,17,1,55,3,10,7,1,7,11,1,4,9,15,10,2,21,121.5506964,25.1147927
114,11,08,12,42,2,10文山區,文山區木柵路4段31號,0,0,1,1,C03,8,6,5,50,14,9,2,5,4,5,13,4,4,5,4,5,2,13,2,33,2,9,5,4,7,9,1,10,1,11,16,1,21,121.5715092,24.9938111
114,11,08,12,50,2,11南港區,南港區南深路70巷附近側附近,0,0,2,1,C03,8,7,5,50,12,9,1,5,4,5,13,4,4,6,4,5,1,12,1,70,2,9,3,4,7,9,1,10,1,14,17,1,21,121.6234838,25.0221097
114,11,08,12,54,2,10文山區,文山區老泉街45巷(0701880)前,0,0,1,1,F01,8,6,5,40,11,9,1,5,4,5,13,4,4,9,5,5,2,18,1,16,2,9,5,4,7,6,8,20,2,17,44,1,16,121.5580649,24.99937434
114,11,08,13,30,2,08士林區,士林區中山北路4段與通河街口,0,0,2,1,C03,8,6,5,50,3,1,1,5,4,5,13,1,1,2,2,5,2,16,1,32,2,9,6,1,7,6,1,10,1,12,9,1,26,121.5243196,25.07984713
114,11,08,13,48,2,01大同區,大同區環河北路1段321號對面,0,0,1,1,,8,6,5,60,14,7,1,5,4,5,13,4,4,1,5,5,1,13,4,0,3,10,,,,9,,,9,,119,2,,121.508415,25.0598318
114,11,08,13,50,2,10文山區,文山區興隆路2段與興隆路2段244巷口口,0,0,2,1,B03,8,6,5,50,3,1,1,5,4,5,13,4,4,1,4,5,2,16,1,57,3,10,7,1,7,6,1,8,1,5,9,1,22,121.553743,25.0010584
114,11,08,14,43,2,04大安區,大安區基隆路2段112號,0,0,1,1,C03,8,6,5,50,14,9,1,5,4,5,13,4,4,2,4,5,2,17,1,30,2,7,6,4,7,9,1,10,1,11,16,1,21,121.5571488,25.0291008
114,11,08,15,00,2,05中正區,中正區重慶南路1段與愛國西路口,0,0,1,1,C03,8,7,5,50,4,1,1,5,4,5,13,1,1,10,5,5,2,16,1,21,3,10,5,1,7,11,1,10,1,12,101,1,21,121.5125053,25.0353927
114,11,08,15,08,2,09北投區,北投區承德路7段34號,0,0,1,1,B03,8,6,5,60,22,9,1,5,4,5,13,4,4,1,4,5,2,17,1,60,3,10,7,1,7,9,1,8,2,4,118,1,21,121.5110242,25.111091
114,11,08,15,43,2,06松山區,松山區富錦街425號,0,0,1,1,C03,8,6,5,30,14,9,1,4,4,5,13,1,1,5,5,5,2,12,2,36,2,9,6,4,7,9,1,10,1,11,17,1,21,121.5612257,25.06073581
114,11,08,16,01,2,10文山區,文山區羅斯福路6段391號(公車站牌),0,0,1,1,F01,8,6,5,0,22,20,4,5,4,5,13,4,4,10,5,5,2,9,1,25,3,10,4,1,7,9,8,20,11,15,70,2,21,121.5406916,24.992227
114,11,08,16,10,2,02萬華區,萬華區堤外便道自行車道燈桿馬場町03,0,0,2,1,F01,8,6,7,50,14,23,1,5,4,5,13,4,4,9,5,5,2,17,2,71,2,9,4,1,7,1,8,20,1,11,19,1,22,121.5058259,25.019841
114,11,08,16,20,2,11南港區,南港區東新街10-9號,0,0,1,1,H02,8,7,5,50,14,9,1,5,4,5,13,4,4,4,1,5,2,9,1,61,3,10,4,5,7,19,8,20,10,16,126,1,21,121.5835105,25.0499282
114,11,08,17,24,2,09北投區,北投區崇仁路1段154號,0,0,2,1,H01,8,5,5,50,14,9,1,5,4,5,13,4,4,5,5,5,2,3,2,77,2,7,4,5,8,16,8,20,10,16,121,1,21,121.5021012,25.1239226
114,11,08,17,26,2,01大同區,大同區淡水河濱自行車道台北大橋下,0,0,1,1,F01,8,7,7,30,14,23,1,5,4,1,11,4,4,10,4,5,2,10,1,14,2,9,3,1,7,12,8,20,1,11,16,1,22,121.508589,25.0640726
114,11,08,17,27,2,07信義區,信義區林口街31號,0,0,2,1,C03,8,6,5,40,14,7,1,5,4,5,13,4,4,8,3,4,2,17,1,47,2,9,6,1,7,1,1,10,2,14,19,1,21,121.579285,25.0375435
114,11,08,17,42,2,05中正區,中正區永福橋往北市下橋處,0,0,1,1,C03,8,5,5,50,14,9,1,5,4,5,13,4,4,5,4,5,2,13,1,74,4,11,3,4,7,9,1,10,11,11,108,2,22,121.5296471,25.0130013
114,11,08,17,47,2,03中山區,中山區民權東路3段33號,0,0,2,1,C03,8,5,5,50,14,9,1,5,4,5,13,4,4,3,4,5,2,12,2,64,2,9,6,1,7,9,1,8,1,14,17,1,26,121.5420181,25.06244641
114,11,08,17,49,2,11南港區,南港區南港路2段與南港路2段60巷口,0,0,1,1,B03,8,5,5,50,3,1,1,5,4,5,13,1,1,10,5,5,2,16,1,67,3,10,3,4,7,5,1,8,1,5,71,1,21,121.6041203,25.0539271
114,11,08,18,12,2,05中正區,中正區南海路與牯嶺街口,0,0,1,1,C03,8,6,5,30,4,1,1,5,4,5,13,1,1,10,4,5,2,17,1,22,2,8,5,1,7,5,1,10,1,14,8,1,21,121.5149863,25.032011
114,11,08,18,31,2,02萬華區,萬華區康定路與武昌街2段口,0,0,1,1,B03,7,5,5,50,4,1,1,5,4,5,13,2,1,5,5,5,2,17,1,37,3,10,7,1,7,11,1,8,1,4,10,1,21,121.5031496,25.0455911
114,11,08,18,35,2,06松山區,松山區民權大橋上橋第四根燈桿處,0,0,2,1,C03,8,5,5,40,14,11,1,5,4,5,13,4,4,2,4,4,2,13,2,19,2,9,6,1,7,9,1,10,2,13,16,1,22,121.567027,25.0633033
114,11,08,18,42,2,10文山區,文山區興隆路2段與興隆路2段96巷口,0,0,1,1,B03,8,5,5,50,4,1,1,5,4,5,13,2,1,1,4,5,2,16,1,68,3,10,7,1,7,5,1,8,2,1,71,1,21,121.5498082,25.000778
114,11,08,18,55,2,10文山區,文山區老泉街45巷第0701881燈桿,0,0,1,1,F01,8,5,5,50,11,9,1,5,4,5,13,4,4,9,5,5,2,18,1,13,2,9,5,1,7,9,8,20,1,11,116,1,21,121.573849,24.97190584
114,11,08,20,03,2,04大安區,大安區復興南路2段與復興南路2段193巷口,0,0,1,1,C03,8,5,5,50,4,1,1,5,4,5,13,2,1,10,5,5,2,17,1,67,2,8,3,4,7,9,1,10,1,13,44,1,21,121.5435345,25.026465
114,11,08,21,05,2,04大安區,大安區和平東路3段1巷與四維路192巷口,0,0,1,1,C04,8,5,5,30,3,1,1,5,4,5,13,4,4,10,5,5,2,13,1,79,2,8,5,1,7,12,6,10,1,11,108,1,21,121.5468672,25.0271288
114,11,08,21,26,2,06松山區,松山區寶清街與健康路口,0,0,1,1,B02,8,5,5,30,4,2,1,5,4,5,13,1,1,5,5,5,2,13,1,44,3,10,7,1,7,9,1,4,2,8,108,1,22,121.5672669,25.0545481
114,11,08,21,46,2,03中山區,中山區民族東路與德惠街167巷口,0,0,1,1,B03,8,5,5,50,3,1,1,5,4,5,13,4,4,1,4,5,2,16,1,23,3,10,7,1,7,6,1,8,1,2,9,1,21,121.5321499,25.0681698
114,11,08,22,26,2,03中山區,中山區市民大道3段65號,0,0,2,1,C03,8,5,5,40,14,9,1,5,4,5,13,4,4,5,4,5,2,17,1,23,4,11,3,4,7,9,1,10,11,14,108,2,21,121.5356055,25.0449515
114,11,08,22,37,2,02萬華區,萬華區康定路與武昌街2段口,0,0,1,1,C03,8,5,5,50,4,1,1,5,4,5,13,1,1,5,5,5,2,17,2,33,2,8,5,4,7,5,1,10,1,13,8,1,21,121.5031876,25.04557014
114,11,08,23,22,2,04大安區,大安區信義路3段與建國南路2段口南側迴轉道,0,0,1,1,B03,8,5,5,50,3,18,1,5,4,5,13,3,1,5,5,5,2,2,1,66,3,10,7,1,7,5,1,4,2,4,70,1,21,121.5380094,25.0323658
114,11,08,23,32,2,07信義區,信義區大道路與忠孝東路5段口,0,0,1,1,C03,8,5,5,50,5,1,1,5,4,5,13,1,1,3,3,5,2,17,2,40,3,10,6,1,7,9,1,10,11,17,44,1,21,121.5812331,25.043086
114,11,09,00,16,2,04大安區,大安區信義路3段與信義路3段152巷口,0,0,1,1,B03,8,5,5,50,3,1,1,5,4,5,13,4,4,10,4,5,2,16,1,69,4,11,3,4,7,6,1,8,11,15,9,2,22,121.5407619,25.0333292
114,11,09,03,10,2,01大同區,大同區民生西路272號,0,0,2,1,B03,8,5,5,50,14,9,1,5,4,5,13,4,4,9,5,5,2,16,1,46,2,7,7,1,7,1,1,8,1,4,19,1,21,121.5130573,25.0569654
114,11,09,03,30,2,07信義區,信義區永吉路30巷101弄與永吉路30巷口,0,0,1,1,B01,8,5,5,30,4,1,1,5,4,5,13,4,4,5,5,5,2,15,1,45,3,10,7,4,7,21,1,1,1,4,72,1,21,121.56879,25.0436327
114,11,09,09,00,2,08士林區,士林區百齡左岸河濱公園社子島腳踏車道(基隆河左岸1.0KM),0,0,2,1,F01,8,6,5,0,14,23,1,5,4,5,13,4,4,5,5,5,2,17,2,64,2,7,4,1,7,15,8,20,1,12,17,1,21,121.4767754,25.109763
114,11,09,09,42,2,04大安區,大安區辛亥路3段與基隆路3段口,0,0,1,1,C03,8,7,5,50,4,1,1,5,4,5,13,2,1,10,5,5,2,15,1,22,3,10,5,1,7,9,1,10,1,11,108,1,21,121.5470134,25.0192753
114,11,09,10,00,2,05中正區,中正區臨沂街13巷與忠孝東路2段134巷口,0,0,1,1,B03,8,7,5,30,3,1,1,5,4,5,13,4,4,10,5,5,2,17,1,42,3,10,7,1,7,1,1,8,1,5,19,1,21,121.5318851,25.0420623
114,11,09,10,47,2,03中山區,中山區中山北路3段與德惠街口,0,0,3,1,C03,8,7,5,50,14,9,1,5,4,5,13,4,4,1,4,5,2,13,1,31,2,9,5,1,7,9,1,10,1,11,16,1,22,121.5222841,25.0666032
114,11,09,11,02,2,09北投區,北投區承德路7段385號,0,0,2,1,G03,8,6,5,60,14,9,1,5,4,5,13,4,4,8,3,4,2,17,1,71,3,10,7,1,7,9,1,5,11,17,42,1,21,121.5017476,25.11913597
114,11,09,11,35,2,02萬華區,萬華區忠孝西路2段與西寧南路口,0,0,2,1,C03,8,6,5,50,4,1,1,5,4,5,13,2,1,1,5,5,2,13,1,24,2,7,6,1,7,5,1,10,1,11,83,1,21,121.5074206,25.0485732
114,11,09,11,41,2,08士林區,士林區中正路與士商路口口,0,0,1,1,B01,8,6,5,50,4,1,1,5,4,4,11,2,1,1,4,5,1,17,1,68,3,10,7,1,7,5,1,8,2,1,44,1,21,121.5188932,25.092373
114,11,09,11,50,2,09北投區,北投區石牌路2段與石牌路口側附近2段75巷口,0,0,1,1,B03,8,6,5,50,4,2,1,5,4,5,13,2,1,4,1,5,2,17,1,70,3,10,7,1,7,5,1,8,1,6,8,1,21,121.5161869,25.11668708
114,11,09,12,04,2,11南港區,南港區南港路1段南港高工東往西,0,0,2,1,A02,8,6,5,50,14,9,1,5,4,5,13,4,4,5,4,5,2,11,1,54,3,10,7,1,7,8,1,2,1,6,100,1,21,121.609773,25.054958
114,11,09,12,51,2,12內湖區,內湖區康寧路3段與康寧路3段189巷口,0,0,1,1,C03,8,6,5,50,3,2,1,5,4,5,13,4,4,1,4,4,2,17,1,27,2,8,6,1,7,9,1,10,1,11,16,1,21,121.6118213,25.06853176
114,11,09,12,59,2,12內湖區,內湖區內湖路2段103巷64號對面85號汽車格,0,0,1,1,B03,8,7,5,30,14,9,1,5,4,5,13,4,4,9,4,5,2,17,1,76,3,10,7,1,7,13,1,8,1,4,40,1,21,121.5811392,25.0825035
114,11,09,13,03,2,05中正區,中正區水源路29巷與水源路口,0,0,2,1,C03,8,6,5,30,3,1,1,5,4,5,13,4,4,5,2,5,2,17,2,32,2,8,5,1,7,5,1,10,1,14,72,1,21,121.5255573,25.0160125
114,11,09,13,33,2,09北投區,北投區行義路186巷49號對面,0,0,1,1,B03,8,7,5,30,14,9,1,5,4,5,13,4,4,10,5,5,2,17,1,68,3,10,7,1,7,13,1,8,1,4,40,1,21,121.5302222,25.1331564
114,11,09,13,37,2,03中山區,中山區長春路與遼寧街口,0,0,1,1,C03,7,6,5,50,4,1,1,5,4,5,13,1,1,7,4,5,2,13,1,66,2,9,5,1,7,9,1,10,2,11,108,1,21,121.5422123,25.0545881
114,11,09,13,50,2,12內湖區,內湖區內湖路3段273號,0,0,1,1,C03,8,6,5,30,14,9,1,5,4,5,13,4,4,10,5,5,2,12,2,24,2,9,5,1,7,8,1,10,2,12,108,1,21,121.5860632,25.0888163
114,11,09,13,54,2,07信義區,信義區永吉路220號,0,0,1,1,C03,8,6,5,40,14,8,1,5,4,5,13,4,4,1,4,4,1,17,1,43,2,9,3,4,7,9,1,10,1,11,22,1,22,121.5731197,25.04545912
114,11,09,14,04,2,03中山區,中山區農安街2巷20號,0,0,1,1,B03,8,7,5,30,14,9,1,5,4,5,13,4,4,10,5,5,2,2,2,28,3,10,7,1,7,9,1,8,1,5,108,1,22,121.5230463,25.0638977
114,11,09,15,05,2,04大安區,大安區和平東路2段與和平東路2段107巷口口,0,0,1,1,B03,8,7,5,50,3,1,1,5,4,5,13,1,1,1,4,4,1,17,1,49,3,10,7,1,7,6,1,4,1,1,9,1,21,121.5402984,25.0254696
114,11,09,15,50,2,10文山區,文山區指南路3段38巷2-1號,0,0,3,1,C03,7,7,5,30,14,9,1,5,4,5,13,4,4,10,5,5,1,18,1,41,2,9,6,1,7,6,1,9,1,12,42,1,21,121.5871504,24.9709598
114,11,09,17,00,2,01大同區,大同區重慶北路2段13號,0,0,1,1,B03,7,6,5,50,14,9,1,5,4,5,13,4,4,9,4,5,2,17,1,69,3,10,7,1,7,15,1,8,1,4,40,1,21,121.5142896,25.0550373
114,11,09,17,18,2,03中山區,中山區北安路與北安路670巷口,0,0,1,1,B03,6,6,5,50,4,1,1,4,4,5,13,2,1,1,5,5,2,16,2,61,3,10,7,1,7,11,1,8,1,1,85,1,21,121.5493825,25.0841586
114,11,09,17,20,2,02萬華區,萬華區西藏路125巷與西藏路115巷6弄口,0,0,1,1,C03,7,5,5,30,3,2,1,5,4,5,13,4,4,10,5,5,2,14,2,44,2,9,3,4,7,2,1,10,1,13,12,1,22,121.5025363,25.0286247
114,11,09,17,37,2,07信義區,信義區忠孝東路5段與松仁路口,0,0,1,1,B01,6,5,5,50,4,2,1,4,4,5,13,2,1,1,4,5,2,17,1,49,3,10,7,1,7,7,1,4,1,4,42,1,21,121.5682697,25.0410145
114,11,09,18,08,2,08士林區,士林區通河西街2段與社正路口,0,0,2,1,C03,7,5,5,30,4,1,1,5,4,5,13,2,1,5,5,5,2,16,1,22,2,9,6,1,7,5,1,10,1,12,8,1,21,121.5116446,25.0890426
114,11,09,18,44,2,01大同區,大同區承德路2段與民權西路口,0,0,1,1,C03,8,5,5,50,4,2,1,5,4,5,13,2,1,8,3,5,2,13,1,55,3,10,5,1,7,9,1,10,1,11,16,1,21,121.517913,25.0628298
114,11,09,18,50,2,12內湖區,內湖區陽光街與陽光街92巷口,0,0,2,1,C03,7,5,5,50,4,1,1,4,4,5,13,1,1,5,4,5,1,17,1,50,3,10,5,1,7,6,1,10,1,12,9,1,21,121.585265,25.0750498
114,11,09,19,06,2,10文山區,文山區萬安街與萬美街1段口,0,0,1,1,A02,8,5,5,40,3,1,1,5,4,5,13,2,1,10,5,5,2,9,1,46,3,10,3,1,7,5,1,2,2,15,118,2,26,121.5705069,25.0022523
114,11,09,19,30,2,03中山區,中山區中山北路3段與民族東路口,0,0,1,1,A02,8,5,5,50,14,9,1,5,4,5,13,2,1,9,5,5,2,9,1,54,4,11,7,1,7,9,1,2,11,17,44,2,22,121.5228964,25.0681866
114,11,09,19,30,2,05中正區,中正區重慶南路1段與愛國西路口,0,0,2,1,C03,7,5,5,50,5,2,1,5,4,5,13,1,1,10,5,5,2,17,2,22,2,9,5,1,7,9,1,10,1,14,42,1,21,121.5125546,25.0354415
114,11,09,20,05,2,07信義區,信義區市民高架永吉路匝道,0,0,1,1,B01,7,5,5,40,10,9,1,5,4,5,13,4,4,10,4,5,2,13,1,61,2,2,7,1,7,9,1,4,1,1,16,1,21,121.5626848,25.0450583
114,11,09,20,06,2,07信義區,信義區市民高架永吉路匝道,0,0,4,1,B03,7,5,8,80,14,16,1,5,4,5,13,4,4,1,3,5,1,13,1,45,2,7,7,1,7,9,1,8,1,1,108,1,21,121.5629888,25.045017
114,11,09,20,08,2,07信義區,信義區光復南路與光復南路473巷口,0,0,2,1,C03,8,5,5,50,14,9,1,5,4,5,13,4,4,5,5,5,2,13,1,22,2,8,5,1,7,9,1,10,1,11,16,1,21,121.5575418,25.0336224
114,11,09,21,14,2,04大安區,大安區基隆路3段與長興街口,0,0,1,1,C03,8,5,5,50,4,1,1,5,4,5,13,2,1,10,5,5,2,17,1,37,2,9,3,4,7,9,1,10,1,11,16,1,21,121.5442752,25.0173902
114,11,09,22,14,2,04大安區,大安區金山南路2段142號,0,0,1,1,B03,8,5,5,40,14,8,1,5,4,5,13,4,4,1,3,4,2,17,1,56,3,10,7,1,7,13,1,8,1,8,40,1,21,121.5263307,25.0292953
114,11,09,22,33,2,11南港區,南港區市民大道8段西往東,0,0,1,1,C03,6,5,5,50,14,9,1,4,4,5,13,4,4,1,4,5,2,13,1,57,3,10,3,4,7,12,3,18,1,13,44,1,22,121.6005321,25.0522536
114,11,09,23,01,2,05中正區,中正區長沙街1段與中華路1段口,0,0,1,1,B03,8,5,5,50,4,1,1,5,4,5,13,2,1,1,4,5,2,16,2,28,3,10,7,1,7,5,1,8,1,2,8,1,22,121.5077883,25.04055692
114,11,09,23,31,2,04大安區,大安區復興南路1段138號,0,0,2,1,C03,8,6,5,50,14,9,1,5,4,5,13,4,4,1,4,5,2,17,2,18,2,8,6,4,7,9,1,10,1,11,16,1,21,121.5436656,25.0425719
114,11,09,23,38,2,06松山區,松山區塔悠路與健康路口,0,0,1,1,C03,7,5,5,50,3,1,1,4,4,5,13,1,1,1,3,4,2,16,1,22,2,9,6,1,7,5,1,10,1,12,85,1,21,121.5697702,25.0545417
114,11,10,00,06,2,02萬華區,萬華區中華路1段與桂林路口,0,0,2,1,C03,6,5,5,50,14,9,1,4,4,5,13,1,1,10,4,5,2,13,1,30,2,9,5,1,7,9,1,10,1,11,108,1,21,121.5068329,25.0377294
114,11,10,01,13,2,10文山區,文山區興隆路4段28號旁,0,0,1,1,B03,7,6,5,50,14,9,1,5,4,5,13,4,4,1,4,5,2,17,1,21,3,10,7,1,7,1,1,8,2,8,80,1,21,121.5601865,24.9885291
114,11,10,02,12,2,03中山區,中山區南京東路1段與林森北路口,0,0,1,1,C03,6,5,5,50,4,1,1,4,4,5,13,1,1,1,4,4,1,15,1,21,2,9,6,1,7,9,1,10,2,11,81,1,21,121.5252934,25.0520886
114,11,10,05,20,2,01大同區,大同區延平北路2段與延平北路2段272巷口,0,0,1,1,A12,8,5,5,50,4,1,1,5,4,5,13,2,1,8,3,5,2,12,1,45,3,10,7,1,7,1,1,7,1,17,19,1,21,121.5112798,25.0620959
114,11,10,06,40,2,10文山區,文山區木柵路1段與辛亥路7段口口,0,0,1,1,C03,6,6,5,50,4,1,1,4,4,5,13,2,1,5,4,5,2,18,1,24,2,9,5,1,7,9,1,10,11,14,44,1,21,121.5522891,24.9877832
114,11,10,07,45,2,08士林區,士林區中正路與重慶北路4段口,0,0,1,1,C03,8,6,5,50,4,1,1,5,4,5,13,1,1,10,4,5,2,17,2,63,2,3,5,1,7,9,1,10,9,12,108,1,26,121.5117244,25.08775409
114,11,10,07,45,2,09北投區,北投區承德路7段229-2號,0,0,2,1,C03,6,7,5,60,4,2,1,4,4,5,13,2,1,1,4,4,2,16,1,44,2,9,6,1,7,8,1,9,1,14,42,1,22,121.5060979,25.1151956
114,11,10,07,50,2,05中正區,中正區愛國東路82號前,0,0,1,1,,6,7,5,50,14,7,1,4,4,5,13,4,4,1,4,4,2,12,4,0,,,,,7,9,7,19,11,15,119,2,21,121.520074,25.0335393
114,11,10,07,57,2,04大安區,大安區信義路4段265巷49號,0,0,1,1,B12,6,7,5,50,14,9,5,4,4,5,13,4,4,10,5,5,2,16,1,37,3,10,7,1,7,1,1,8,1,4,19,1,21,121.5557496,25.0349815
114,11,10,08,05,2,03中山區,中山區北安路458巷與明水路口,0,0,1,1,C03,6,7,5,50,4,1,1,4,4,5,13,2,1,5,2,5,2,17,2,33,2,9,5,1,7,9,1,10,1,12,44,1,21,121.5443589,25.0773923
114,11,10,08,09,2,01大同區,大同區重慶北路2段與民權西路口,0,0,1,1,C03,6,6,5,50,4,1,1,4,4,5,13,2,1,1,4,5,2,15,1,49,2,7,3,4,7,9,1,10,1,12,108,1,21,121.5136962,25.06294
114,11,10,09,10,2,06松山區,松山區南京東路4段與敦化北路口,0,0,1,1,C03,6,6,5,50,4,2,1,4,4,5,13,1,1,1,4,4,2,13,1,26,2,7,6,1,7,9,1,10,1,11,42,1,22,121.549178,25.05183694
114,11,10,09,15,2,12內湖區,內湖區舊宗路2段與舊宗路2段121巷口,0,0,1,1,C03,6,7,5,50,4,2,1,4,4,5,13,1,1,1,5,5,2,17,2,32,2,9,5,1,7,9,1,10,2,11,44,1,21,121.5753144,25.06920955
114,11,10,09,17,2,10文山區,文山區新光路1段與秀明路2段口口,0,0,1,1,B03,6,6,5,50,4,1,1,4,4,5,13,2,1,10,5,5,2,16,2,72,3,10,7,1,7,6,1,8,1,8,9,1,21,121.5737237,24.991764
114,11,10,09,18,2,11南港區,南港區忠孝東路7段與忠孝東路7段478巷口,0,0,1,1,B03,6,6,5,50,5,1,1,4,4,5,13,2,1,1,3,5,2,16,2,33,3,10,3,4,7,5,1,8,2,2,71,1,21,121.6091228,25.0523031
114,11,10,09,50,2,02萬華區,萬華區桂林路與柳州街口,0,0,1,1,C03,7,7,5,50,4,2,2,4,4,5,13,1,1,9,5,5,2,13,1,21,2,8,5,1,7,12,1,9,1,11,44,1,21,121.5050188,25.0377744
114,11,10,09,56,2,12內湖區,內湖區堤頂大道2段與內湖路1段口,0,0,1,1,C03,6,7,5,50,5,1,1,4,4,5,13,2,1,1,4,5,2,12,2,31,2,9,6,1,7,9,1,10,2,14,118,1,21,121.5606498,25.0845733
114,11,10,10,00,2,07信義區,信義區信安街與嘉興街181巷口,0,0,1,1,C03,6,6,5,50,4,1,1,4,4,5,13,2,1,9,4,5,2,17,1,39,2,7,3,4,7,9,1,10,1,14,116,1,21,121.5574608,25.0260266
114,11,10,10,07,2,11南港區,南港區東新街南往北,0,0,1,1,B03,6,6,5,50,14,9,1,4,4,5,13,4,4,5,4,5,2,12,2,49,3,10,2,1,7,8,1,8,1,2,100,1,21,121.5827919,25.0512752
114,11,10,10,12,2,08士林區,士林區中山北路5段與中正路口,0,0,1,1,C03,6,6,5,50,4,2,1,4,4,5,13,1,1,3,4,5,2,17,1,22,2,9,6,1,7,9,1,10,2,17,42,1,22,121.5279615,25.0957686
114,11,10,10,14,2,12內湖區,內湖區堤頂大道2段與瑞光路316巷口,0,0,1,1,B03,6,7,8,50,3,1,1,4,4,5,13,4,4,1,4,5,2,16,1,68,3,10,7,1,7,8,1,8,2,5,100,1,21,121.572219,25.074987
114,11,10,10,48,2,08士林區,士林區重陽橋西向東方向,0,0,1,1,C03,8,6,5,25,8,9,1,5,4,5,13,4,4,10,4,5,1,17,1,19,3,10,6,1,7,9,1,10,1,15,30,1,21,121.5085759,25.0866424
114,11,10,11,27,2,09北投區,北投區中央北路2段與豐年路2段口,0,0,1,1,C03,7,6,5,50,5,1,1,5,4,5,13,2,1,8,3,5,2,17,2,66,2,8,6,1,7,1,1,10,1,14,19,1,21,121.4930591,25.13780585
114,11,10,12,17,2,03中山區,中山區長安東路1段與長安東路1段56巷口,0,0,1,1,B01,6,6,5,50,5,2,1,4,4,5,13,4,4,8,3,5,1,17,1,62,3,10,7,1,7,11,1,4,1,17,74,1,21,121.529286,25.047969
114,11,10,12,37,2,11南港區,南港區昆陽街1號,0,0,1,1,B03,6,6,5,30,14,9,1,4,4,5,13,4,4,8,3,5,2,13,1,57,3,10,3,4,7,9,1,8,2,1,16,1,21,121.5924165,25.0538227
114,11,10,12,41,2,01大同區,大同區錦西街與寧夏路口,0,0,1,1,B03,6,6,5,50,5,2,1,4,4,5,13,4,4,5,5,5,2,12,2,44,3,10,7,1,7,9,1,8,2,2,44,1,21,121.5148096,25.0595599
114,11,10,12,50,2,12內湖區,內湖區潭美街與安康路324巷口,0,0,1,1,A12,6,7,5,50,3,1,1,4,4,5,13,4,4,1,4,5,2,16,1,45,3,10,7,1,7,6,1,6,2,6,9,1,21,121.6098793,25.0634899
114,11,10,12,56,2,07信義區,信義區基隆路1段與忠孝東路4段口,0,0,1,1,C03,6,6,5,50,4,2,1,4,4,5,13,2,1,1,4,5,2,18,1,18,2,9,5,1,7,9,1,10,1,12,44,1,21,121.5644071,25.0412999
114,11,10,13,04,2,08士林區,士林區東山路25巷50號,0,0,1,1,C03,6,6,5,30,11,9,1,4,4,5,13,4,4,10,5,5,1,17,1,18,2,9,6,1,7,9,1,10,2,12,5,1,21,121.5419711,25.11857365
114,11,10,13,10,2,05中正區,中正區忠孝西路1段與中山南路口,0,0,1,1,B02,6,6,5,50,4,1,1,4,4,5,13,1,1,1,4,5,2,15,1,28,3,10,7,1,7,9,1,8,2,2,81,1,22,121.5197055,25.045545
114,11,10,13,27,2,05中正區,中正區北平東路與天津街口,0,0,1,1,B01,6,7,5,50,4,18,1,4,4,5,13,1,1,10,5,5,2,3,2,56,3,10,7,1,7,6,1,4,2,5,70,1,21,121.5221499,25.04689
114,11,10,13,46,2,05中正區,中正區廈門街81巷與廈門街81巷28弄口口,0,0,1,1,B03,6,6,5,30,4,1,1,4,4,5,13,4,4,10,5,5,1,15,1,70,3,10,7,1,7,9,1,8,2,1,72,1,21,121.5205704,25.0242495