發生年度,發生月,發生日,發生時-Hours,發生分,處理別-編號,區序,肇事地點,死亡人數,2-30日死亡人數,受傷人數,當事人序號,車種,天候,光線,道路類別,速限-速度限制,道路型態,事故位置,路面狀況1,路面狀況2,路面狀況3,道路障礙1,道路障礙2,號誌1,號誌2,車道劃分-分向,車道劃分-分道1,車道劃分-分道2,車道劃分-分道3,事故類型及型態,性別,年齡,受傷程度,主要傷處,保護裝置,行動電話,車輛用途,當事者行動狀態,駕駛資格情形,駕駛執照種類,飲酒情形,車輛撞擊部位1,肇因碼-個別,個人肇逃否,職業,座標-X,座標-Y
114,11,10,14,17,2,02萬華區,萬華區西昌街195號,0,0,1,1,C03,6,7,5,50,14,9,1,4,4,5,13,4,4,9,5,5,2,17,1,67,2,7,5,1,7,15,1,9,1,14,44,1,21,121.5006271,25.0382095
114,11,10,14,21,2,09北投區,北投區學園路1207043號燈桿,0,0,1,1,C03,7,7,5,30,11,9,1,5,4,5,13,4,4,9,5,5,2,18,1,21,2,9,6,1,7,9,1,10,1,12,42,1,22,121.4704067,25.135325
114,11,10,14,42,2,04大安區,大安區復興南路2段與復興南路2段78巷口,0,0,1,1,B03,6,5,5,50,4,2,1,4,4,5,13,1,1,10,5,5,2,16,2,42,3,10,7,1,7,5,1,8,1,2,83,1,21,121.543461,25.0311018
114,11,10,15,00,2,04大安區,大安區通安街44巷5號,0,0,1,1,B12,6,5,5,30,14,9,1,4,4,5,13,4,4,10,5,5,2,9,1,46,3,10,3,4,7,9,1,8,1,6,44,1,21,121.55318,25.0315217
114,11,10,15,00,2,05中正區,中正區杭州南路1段147號,0,0,1,1,B03,6,6,5,50,14,9,1,4,4,5,13,4,4,10,4,5,2,17,1,61,2,5,3,4,7,13,1,8,1,8,40,1,22,121.524687,25.0365702
114,11,10,15,55,2,05中正區,中正區羅斯福路2段與和平西路1段附近口,0,0,2,1,C03,6,6,5,50,4,2,1,4,4,5,13,1,1,1,4,4,1,13,1,31,2,8,6,1,7,9,1,10,1,11,16,1,21,121.5221687,25.0268846
114,11,10,15,55,2,08士林區,士林區中山北路5段與中山北路5段470巷口,0,0,2,1,C03,8,6,5,50,3,1,1,4,4,5,13,4,4,7,4,5,2,16,2,21,2,9,3,4,7,6,1,10,2,12,9,1,21,121.5276647,25.09283306
114,11,10,16,17,2,04大安區,大安區新生南路2段與信義路3段口,0,0,1,1,C03,6,5,5,50,4,2,1,4,4,5,13,2,1,10,5,5,2,21,1,30,2,9,3,4,7,9,1,10,1,11,108,1,21,121.5326587,25.0332126
114,11,10,16,50,2,04大安區,大安區永康街與潮州街口,0,0,3,1,C03,6,5,5,30,4,2,1,4,4,5,13,4,4,10,5,5,2,15,2,41,2,9,5,1,7,9,1,10,1,11,72,1,21,121.5296171,25.0283744
114,11,10,16,59,2,04大安區,大安區忠孝東路4段205巷與敦化南路1段161巷口,0,0,1,1,C03,6,6,5,30,4,1,1,4,4,5,13,4,4,10,5,5,2,15,1,39,2,9,6,1,7,9,1,10,1,11,72,1,21,121.5519439,25.0434943
114,11,10,17,34,2,03中山區,中山區龍江路34號,0,0,1,1,B03,6,5,5,50,14,9,1,4,4,5,13,4,4,5,2,5,2,17,1,66,3,10,7,1,7,9,1,8,1,1,108,1,21,121.5403635,25.0486008
114,11,10,17,38,2,02萬華區,萬華區艋舺大道167號,0,0,1,1,B01,6,5,5,50,14,9,1,4,4,5,13,4,4,1,4,5,2,17,1,60,3,10,7,1,7,1,1,1,1,8,19,1,21,121.4993007,25.0330716
114,11,10,17,42,2,05中正區,中正區南昌路1段108巷與寧波西街74巷口口,0,0,3,1,C03,6,6,5,30,3,1,1,4,4,5,13,4,4,10,5,5,1,17,1,45,2,2,6,1,7,6,1,10,1,11,74,1,21,121.517306,25.0298835
114,11,10,18,00,2,12內湖區,內湖區瑞光路76巷67號,0,0,1,1,B03,6,5,5,50,14,9,1,4,4,5,13,4,4,9,5,5,2,17,2,57,3,10,7,1,7,5,1,8,1,2,42,1,21,121.579689,25.0698825
114,11,10,18,05,2,12內湖區,內湖區民權東路6段50號,0,0,1,1,B03,6,5,5,40,14,8,1,4,4,5,13,4,4,1,4,4,2,16,1,30,3,10,7,1,7,6,1,8,1,5,9,1,22,121.5832835,25.0683759
114,11,10,18,11,2,04大安區,大安區基隆路4段138號,0,0,1,1,C03,6,5,5,40,14,8,1,4,4,4,13,4,4,10,5,5,2,12,1,44,2,9,5,1,7,9,1,10,1,13,108,1,21,121.539799,25.0135801
114,11,10,18,21,2,04大安區,大安區樂利路與樂利路86巷口,0,0,1,1,B03,6,6,5,30,3,1,1,4,4,5,13,4,4,4,3,5,2,17,1,46,3,10,7,1,7,5,1,8,1,17,72,1,21,121.5520755,25.025456
114,11,10,18,28,2,07信義區,信義區忠孝東路4段與逸仙路口,0,0,1,1,C02,6,6,5,50,3,1,1,4,4,5,13,1,1,3,4,5,2,16,1,58,2,8,6,1,7,6,1,9,1,12,9,1,21,121.5615345,25.0411206
114,11,10,19,11,2,11南港區,南港區南港路1段與經貿二路口,0,0,1,1,C03,6,5,5,50,4,1,1,4,4,5,13,2,1,1,4,5,2,17,1,30,2,9,5,1,7,9,1,10,1,11,16,1,21,121.6168273,25.0551844
114,11,10,19,14,2,11南港區,南港區經貿二路235巷與經貿二路157巷36弄口,0,0,1,1,B02,6,5,5,50,4,1,1,4,4,5,13,1,1,4,3,5,2,1,1,40,3,10,3,4,7,5,1,8,2,1,88,1,21,121.6153747,25.0612881
114,11,10,19,14,2,07信義區,信義區東興路與市民大道5段口,0,0,1,1,B12,6,5,5,50,4,1,1,4,4,5,13,2,1,1,4,5,2,16,1,39,3,10,3,4,7,5,1,8,2,2,71,1,21,121.5658614,25.0482515
114,11,10,19,30,2,01大同區,大同區民權西路102巷與民權西路102巷33弄口,0,0,1,1,B03,6,5,5,30,4,1,1,4,4,5,13,4,4,8,5,5,2,15,2,44,2,8,7,1,7,9,1,8,1,5,72,1,21,121.517709,25.06158
114,11,10,19,42,2,09北投區,北投區學園路1號,0,0,1,1,C03,7,5,5,40,14,9,1,5,4,5,13,4,4,5,5,5,2,17,2,42,2,9,5,1,7,9,1,11,1,11,108,1,21,121.4658293,25.1288798
114,11,10,19,53,2,04大安區,大安區敦化南路2段48號,0,0,2,1,B03,6,5,5,50,14,9,1,4,4,5,13,2,1,10,5,5,2,13,2,31,2,8,3,4,7,9,1,8,1,1,44,1,21,121.5487328,25.0311533
114,11,10,20,00,2,12內湖區,內湖區金龍路13巷與金龍路口,0,0,1,1,B03,6,5,5,50,3,1,1,4,4,5,13,4,4,9,4,5,2,3,1,73,3,10,7,1,7,5,1,8,2,1,42,1,21,121.5947881,25.0845357
114,11,10,20,09,2,07信義區,信義區松高路與松智路口,0,0,1,1,B03,6,5,5,50,4,2,1,4,4,5,13,1,1,5,1,5,2,17,4,0,,,,,7,,7,,9,,119,2,,121.5655052,25.0391651
114,11,10,21,26,2,07信義區,信義區松隆路與永吉路30巷口,0,0,1,1,B03,6,5,5,50,4,1,1,4,4,5,13,2,1,1,4,5,2,16,1,52,3,10,3,4,7,11,1,8,2,5,10,1,21,121.5685685,25.0443353
114,11,11,03,25,2,07信義區,信義區松壽路與市府路口,0,0,1,1,B03,6,5,5,50,14,9,1,4,4,5,13,1,1,5,5,5,2,13,2,37,3,10,7,1,7,9,1,8,2,8,16,1,21,121.5634203,25.0361349
114,11,11,06,26,2,08士林區,士林區前街與美德街口口,0,0,1,1,B12,8,7,5,30,3,1,1,5,4,5,13,4,4,9,5,5,2,17,1,49,3,10,3,4,7,5,1,8,1,1,72,1,22,121.5245484,25.0974655
114,11,11,06,55,2,05中正區,中正區中山南路與凱達格蘭大道口,0,0,4,1,B03,6,6,5,50,5,1,1,4,4,5,13,1,1,10,5,5,2,16,1,46,2,9,2,1,7,15,1,8,2,2,81,1,22,121.51773,25.039326
114,11,11,07,48,2,01大同區,大同區延平北路2段與歸綏街口,0,0,1,1,B01,6,6,5,50,4,1,1,4,4,5,13,2,1,4,4,5,2,17,1,57,3,10,3,4,7,11,1,4,1,17,42,1,21,121.5114842,25.0582901
114,11,11,07,50,2,05中正區,中正區重慶南路1段與漢口街1段口,0,0,2,1,C03,6,6,5,50,5,1,1,4,4,5,13,1,1,10,4,5,2,16,2,56,2,9,6,1,7,6,1,10,2,12,71,1,22,121.5131974,25.0451433
114,11,11,07,55,2,01大同區,大同區民權西路102巷4弄,0,0,2,1,C03,6,7,5,30,14,9,1,4,4,5,13,4,4,10,5,5,2,17,2,53,2,9,3,4,7,15,1,10,1,12,42,1,21,121.5166313,25.0616269
114,11,11,07,58,2,02萬華區,萬華區西園路1段(桂林路135號旁),0,0,3,1,C03,6,6,5,50,14,9,1,4,4,5,13,4,4,5,5,5,2,16,1,63,2,9,5,1,7,9,1,9,2,12,4,1,22,121.4998191,25.0387333
114,11,11,08,13,2,01大同區,大同區延平北路2段43巷與南京西路185巷口,0,0,2,1,C03,6,6,5,30,4,1,1,4,4,5,13,4,4,10,5,5,2,15,2,26,2,9,3,4,7,9,1,10,1,14,72,1,21,121.5118289,25.05579907
114,11,11,08,13,2,07信義區,信義區信義路5段99號,0,0,1,1,F01,6,6,5,0,14,20,4,4,4,5,13,4,4,10,5,5,2,18,1,29,2,5,3,4,7,9,8,20,11,12,42,1,22,121.5719393,25.0329543
114,11,11,08,16,2,05中正區,中正區重慶南路3段與重慶南路3段3巷口,0,0,1,1,B03,6,7,5,50,3,2,1,4,4,5,13,4,4,1,4,5,2,13,1,35,3,10,7,1,7,9,1,8,1,5,108,1,22,121.5155164,25.0291559
114,11,11,08,30,2,06松山區,松山區八德路4段777號,0,0,1,1,B03,6,6,5,40,14,9,1,4,4,5,13,4,4,9,5,5,2,17,2,24,3,10,7,1,7,5,1,8,2,8,42,1,22,121.5779731,25.0516745
114,11,11,08,30,2,07信義區,信義區市民大道5段82號,0,0,2,1,B03,6,5,5,40,14,9,1,4,4,5,13,4,4,1,4,5,2,13,1,51,3,10,7,1,7,9,1,8,1,3,44,1,22,121.5670208,25.0485286
114,11,11,08,32,2,11南港區,南港區環東大道東往西,0,0,1,1,C02,6,6,5,60,14,9,1,4,4,5,13,4,4,10,3,5,1,13,1,42,2,9,3,4,7,9,1,10,1,11,16,1,21,121.6016537,25.0584122
114,11,11,08,36,2,02萬華區,萬華區西園路2段189號,0,0,1,1,C03,6,6,5,50,14,9,1,4,4,5,13,4,4,1,4,4,1,17,1,21,2,9,3,4,7,8,1,10,1,11,108,1,22,121.494722,25.0276882
114,11,11,08,50,2,12內湖區,內湖區舊宗路2段與國道一號口南下匝道,0,0,1,1,C03,6,7,5,50,4,1,1,4,4,5,13,1,1,1,5,5,2,17,1,21,2,8,5,1,7,9,1,10,1,11,107,1,21,121.5751903,25.07118325
114,11,11,09,10,2,05中正區,中正區中華路1段與開封街1段口,0,0,1,1,C03,6,6,5,50,4,2,1,4,4,5,13,1,1,1,4,5,2,13,1,32,2,9,6,1,7,9,1,10,1,11,108,1,22,121.5095352,25.0457566
114,11,11,09,26,2,12內湖區,內湖區文湖街與文湖街21巷口,0,0,1,1,C03,6,6,5,50,3,1,1,4,4,5,13,2,1,5,5,5,2,18,2,19,2,8,6,1,7,9,1,10,1,14,116,1,22,121.5605164,25.08592999
114,11,11,09,41,2,09北投區,北投區東華街1段410號,0,0,1,1,B12,6,7,5,30,14,9,1,4,4,5,13,4,4,1,4,1,2,17,1,45,3,10,3,4,7,15,1,4,9,17,42,2,26,121.5182811,25.1110286
114,11,11,10,05,2,09北投區,北投區東華街2段與立農街2段202巷口,0,0,1,1,C03,6,7,5,50,4,2,1,4,4,5,13,2,1,5,5,5,2,16,2,28,2,9,6,1,7,5,1,10,1,13,8,1,22,121.5135217,25.1177629
114,11,11,10,11,2,02萬華區,萬華區萬大路277巷44弄(萬青街81號旁),0,0,2,1,C03,6,6,5,30,14,9,1,4,4,5,13,4,4,10,5,5,2,17,1,69,3,10,6,1,7,1,1,10,1,11,19,1,22,121.5018287,25.024621
114,11,11,11,13,2,10文山區,文山區興隆路4段與忠順街1段口路口,0,0,1,1,B03,6,6,5,50,4,1,1,4,4,5,13,2,1,10,5,5,2,16,1,61,3,10,7,1,7,5,1,8,1,6,71,1,21,121.5616478,24.9844899
114,11,11,12,40,2,03中山區,中山區民權東路2段22號前,0,0,2,1,C03,6,6,5,50,14,9,1,4,4,5,13,4,4,1,4,5,2,12,2,48,2,9,5,1,7,9,1,10,1,11,108,1,21,121.5285891,25.0624959
114,11,11,13,20,2,08士林區,士林區福華路166號,0,0,2,1,C03,8,6,5,50,14,18,1,4,4,5,13,4,4,1,4,5,1,3,1,24,3,10,5,1,7,9,1,10,2,11,70,1,21,121.5224493,25.104295
114,11,11,14,30,2,04大安區,大安區市民大道3段與復興南路1段口,0,0,1,1,B01,6,5,5,40,14,9,1,4,4,5,13,2,1,1,4,5,2,17,1,25,4,11,3,4,7,9,1,4,11,17,101,1,21,121.5439504,25.044747
114,11,11,15,10,2,05中正區,中正區重慶北路1段與鄭州路口,0,0,2,1,B12,7,6,5,40,4,1,1,5,4,5,13,1,1,10,5,5,2,13,1,50,3,10,2,1,7,9,1,8,1,1,44,1,22,121.5133004,25.0493395
114,11,11,15,10,2,12內湖區,內湖區民權東路6段56巷與民權東路6段56巷口,0,0,1,1,C03,6,7,5,50,4,1,1,4,4,5,13,4,4,1,5,5,2,17,2,32,2,8,5,1,7,9,1,10,2,17,44,1,21,121.5853995,25.06723868
114,11,11,15,40,2,03中山區,中山區中山北路2段與長春路口,0,0,1,1,B01,8,7,5,50,4,1,1,5,4,5,13,2,1,9,4,5,2,17,1,58,3,10,7,1,7,7,1,8,2,4,16,1,21,121.5227869,25.0547518
114,11,11,15,40,2,06松山區,松山區敦化北路222巷與敦化北路222巷18弄口,0,0,1,1,B12,6,6,5,30,3,2,1,4,4,5,13,4,4,10,5,5,2,3,1,51,3,10,3,4,7,5,1,8,1,1,70,1,21,121.5479142,25.0593791
114,11,11,15,52,2,05中正區,中正區廈門街5號,0,0,1,1,B03,6,6,5,50,14,9,1,4,4,5,10,4,4,9,4,5,2,17,2,44,3,10,7,1,7,9,1,8,1,1,80,1,21,121.5181155,25.027099
114,11,11,15,55,2,03中山區,中山區吉林路與吉林路379巷口,0,0,1,1,B01,6,6,5,50,3,1,1,4,4,5,13,4,4,5,4,4,1,17,1,41,3,10,7,1,7,5,1,4,1,6,8,1,21,121.5303872,25.0652996
114,11,11,15,57,2,01大同區,大同區通河西街1段與通河西街堤外便道口大龍抽水站旁,0,0,2,1,C03,7,6,5,25,11,9,1,4,4,5,13,4,4,9,5,5,2,11,1,28,2,8,6,1,7,15,1,10,2,11,13,1,21,121.5166919,25.0788326
114,11,11,16,00,2,03中山區,中山區吉林路197號,0,0,1,1,H01,6,6,5,0,14,8,1,4,4,5,13,4,4,9,4,4,2,3,2,67,2,9,4,5,8,16,8,20,1,16,121,1,22,121.5302878,25.0599121
114,11,11,16,20,2,04大安區,大安區大安路1段與復興南路1段279巷口,0,0,1,1,B03,6,7,5,30,4,1,1,4,4,5,13,4,4,9,4,4,2,17,1,50,3,10,7,1,7,5,1,8,1,8,44,1,21,121.5460002,25.0356292
114,11,11,16,23,2,03中山區,中山區松江路與長安東路2段口,0,0,1,1,C03,6,5,5,50,4,1,1,4,4,5,13,1,1,1,4,5,2,13,1,64,2,9,3,4,7,9,1,10,1,11,16,1,21,121.5327799,25.04850323
114,11,11,16,29,2,05中正區,中正區牯嶺街與南海路口,0,0,1,1,B11,6,6,5,50,4,1,1,4,4,5,13,1,1,5,2,5,2,17,2,44,3,10,7,1,7,9,1,4,1,5,44,1,21,121.514844,25.0322372
114,11,11,16,30,2,09北投區,北投區北投路1段與三合街2段口,0,0,2,1,C03,6,6,5,50,4,1,1,4,4,5,13,1,1,7,4,5,2,13,1,66,2,8,5,1,7,9,1,10,1,11,16,1,21,121.5007561,25.1261863
114,11,11,16,45,2,11南港區,南港區南港路1段263號,0,0,1,1,B01,6,5,5,50,14,9,1,4,4,5,13,4,4,4,4,5,2,17,1,63,3,10,7,1,7,11,1,8,1,5,80,1,21,121.6096391,25.0548281
114,11,11,17,00,2,10文山區,文山區忠順街2段22號,0,0,1,1,C03,6,5,5,50,14,9,1,4,4,5,13,4,4,5,5,5,1,3,1,57,3,10,6,1,7,9,1,10,1,11,70,1,21,121.5629803,24.9846923
114,11,11,17,05,2,09北投區,北投區大度路3段與立德路口,0,0,1,1,B03,7,5,5,50,3,2,1,5,4,5,13,4,4,3,4,3,2,17,1,47,3,10,3,4,7,6,1,8,2,5,74,1,21,121.4736215,25.1228906
114,11,11,17,10,2,10文山區,文山區興隆路4段105巷與木柵路2段204巷口,0,0,1,1,C03,6,5,5,30,3,18,1,4,4,5,13,4,4,10,5,5,1,3,1,70,3,10,6,1,7,9,1,10,1,11,70,1,21,121.5635125,24.9880762
114,11,11,17,10,2,10文山區,文山區秀明路1段停車格71號,0,0,3,1,C03,6,5,5,50,14,9,1,4,4,5,13,4,4,5,4,5,2,17,1,66,2,7,3,4,7,9,1,10,1,15,42,1,22,121.5704168,24.99172229
114,11,11,17,20,2,11南港區,南港區重陽路125巷與松河街口,0,0,1,1,B03,6,5,5,50,3,2,1,4,4,5,13,2,1,5,5,5,2,12,1,59,3,10,7,1,7,9,6,18,2,4,17,1,21,121.5976061,25.0583951
114,11,11,17,31,2,07信義區,信義區吳興街250號與吳興街220巷口,0,0,1,1,B01,6,5,5,50,3,1,1,4,4,5,13,4,4,5,5,5,2,16,1,65,3,10,3,4,7,11,1,4,1,8,10,1,22,121.5611604,25.0261788
114,11,11,17,43,2,01大同區,大同區敦煌路與敦煌路21巷口,0,0,2,1,C03,6,5,5,50,4,2,1,4,4,5,13,1,1,1,4,5,2,13,1,20,2,7,6,1,7,9,1,10,2,11,108,1,21,121.5173697,25.0759958
114,11,11,17,50,2,04大安區,大安區市民大道4段與忠孝東路4段101巷口,0,0,1,1,B01,6,5,5,40,3,1,1,4,4,5,13,4,4,1,4,5,2,12,1,68,3,10,7,1,7,9,1,4,1,5,17,1,21,121.5481344,25.044824
114,11,11,17,56,2,12內湖區,內湖區民權東路6段81巷與民權東路6段口,0,0,1,1,B03,6,5,5,30,4,18,1,4,4,5,13,2,1,1,5,5,2,6,2,49,3,10,7,1,7,6,1,8,2,5,70,1,21,121.5877669,25.06913
114,11,11,18,01,2,02萬華區,萬華區環河南路2段250巷與環河南路2段250巷17弄口,0,0,1,1,C03,7,5,5,30,3,1,1,5,4,5,13,3,1,10,5,5,2,13,1,47,2,7,5,4,7,9,1,10,1,11,16,1,21,121.4911325,25.0336102
114,11,11,18,05,2,04大安區,大安區羅斯福路4段與新生南路3段口,0,0,1,1,B03,6,5,5,50,4,1,1,4,4,5,13,2,1,1,4,5,1,17,1,29,3,10,7,1,7,9,1,8,1,5,17,1,21,121.5328658,25.0162732
114,11,11,18,08,2,08士林區,士林區中正路與中正路586巷口,0,0,1,1,B03,7,5,5,50,3,1,1,4,4,5,13,4,4,1,4,5,2,17,1,58,3,10,3,4,7,8,1,8,1,2,100,1,22,121.5222115,25.0579873
114,11,11,18,10,2,09北投區,北投區中央北路4段與學園路口,0,0,2,1,B02,6,5,5,50,3,2,1,4,4,5,13,2,1,5,4,5,2,13,1,27,3,10,7,1,7,9,1,8,2,1,16,1,21,121.4660937,25.1267796
114,11,11,18,11,2,11南港區,南港區松河街與南港路3段106巷口,0,0,2,1,C04,6,5,5,50,14,9,1,4,4,5,13,4,4,5,4,5,2,2,2,48,2,9,5,1,7,9,1,8,1,11,108,1,21,121.5887578,25.0550364
114,11,11,18,22,2,03中山區,中山區建國北路2段與長春路口,0,0,1,1,C03,6,5,5,50,4,1,1,4,4,5,13,1,1,5,4,4,2,13,2,64,2,9,3,4,7,9,1,10,2,11,42,1,21,121.5373595,25.05476595
114,11,11,18,43,2,04大安區,大安區忠孝東路4段30號,0,0,2,1,C03,6,5,5,50,14,9,1,4,4,5,13,4,4,1,3,5,2,17,2,34,2,9,6,1,7,9,1,10,1,11,16,1,21,121.5445373,25.0415215
114,11,11,18,51,2,01大同區,大同區承德路2段與錦西街口,0,0,1,1,B02,6,5,5,50,4,2,1,4,4,5,13,1,1,5,2,5,2,17,1,25,3,10,3,4,7,6,1,8,2,2,9,1,21,121.5182901,25.06019393
114,11,11,19,08,2,04大安區,大安區安和路2段182號,0,0,1,1,C03,6,5,5,50,14,9,1,4,4,5,13,4,4,8,3,5,1,12,1,52,2,7,5,1,7,9,1,10,1,11,16,1,21,121.5501171,25.0251214
114,11,11,19,20,2,11南港區,南港區玉成街149號,0,0,2,1,C03,6,5,5,50,3,18,1,4,4,5,13,4,4,5,5,5,2,3,1,44,2,8,5,4,7,9,1,10,1,11,70,1,22,121.5832678,25.0451393
114,11,11,19,29,2,03中山區,中山區五常街與民權東路3段39巷口口,0,0,1,1,B03,6,5,5,30,3,1,1,4,4,5,13,3,1,9,4,5,2,3,2,50,3,10,3,4,7,5,1,8,1,5,44,1,21,121.5424803,25.0643192
114,11,11,19,29,2,04大安區,大安區新生南路3段與辛亥路1段口,0,0,1,1,C03,6,5,5,50,4,2,1,4,4,5,13,2,1,1,4,5,1,17,2,35,4,11,3,4,7,9,1,10,11,15,80,2,21,121.5342472,25.0217887
114,11,11,20,00,2,05中正區,中正區中華路2段325號,0,0,1,1,B03,6,5,5,50,14,9,1,4,4,5,13,4,4,8,3,4,2,12,1,73,3,10,7,1,7,4,1,8,2,2,17,1,21,121.5064667,25.0274193
114,11,11,20,03,2,01大同區,大同區延平北路2段與民權西路口,0,0,2,1,B03,6,5,5,50,4,1,1,4,4,5,13,1,1,5,2,5,2,17,1,69,3,10,3,4,7,9,6,18,5,1,81,1,21,121.5112215,25.06278762
114,11,11,20,16,2,03中山區,中山區民權東路3段75巷與復興北路430巷口,0,0,1,1,B03,6,5,5,30,4,1,1,4,4,5,13,3,1,10,5,5,2,15,1,40,3,10,3,4,7,9,1,8,2,1,72,1,21,121.5436931,25.06334808
114,11,11,20,18,2,05中正區,中正區延平南路與延平南路195巷口,0,0,1,1,C03,6,5,5,50,4,2,1,4,4,5,13,4,4,9,4,5,2,3,1,26,3,10,5,1,7,9,1,10,2,11,70,1,21,121.507392,25.03326236
114,11,11,20,20,2,12內湖區,內湖區成美橋與新明路口,0,0,1,1,B03,6,5,5,50,4,1,1,4,4,5,13,1,1,10,5,5,2,17,1,41,3,10,7,1,7,5,1,8,2,17,71,1,21,121.5821952,25.0556307
114,11,11,21,20,2,03中山區,中山區農安街與農安街125巷口對面,0,0,1,1,B03,6,5,5,50,3,2,1,4,4,5,13,4,4,9,5,5,2,17,1,32,3,10,7,1,7,1,1,8,1,8,19,1,21,121.529931,25.0648024
114,11,11,22,01,2,01大同區,大同區延平北路2段與民權西路口,0,0,1,1,B03,6,5,5,50,14,9,1,4,4,5,13,2,1,9,4,5,2,13,1,30,3,10,7,4,7,9,1,8,1,1,16,1,21,121.5109313,25.0628035
114,11,11,23,15,2,05中正區,中正區重慶南路1段122號貴陽街側,0,0,1,1,C03,6,5,5,50,14,9,1,4,5,1,11,4,4,9,4,5,1,20,1,21,2,9,6,1,7,9,1,10,2,11,117,1,25,121.5119995,25.0389199
114,11,11,23,15,2,12內湖區,內湖區瑞光路與瑞光路393巷口,0,0,2,1,C03,6,5,5,50,4,1,1,4,4,5,13,1,1,10,5,5,2,16,1,43,2,9,6,1,7,5,1,10,2,11,71,1,21,121.5726922,25.0774321
114,11,11,23,15,2,07信義區,信義區市府路與仁愛路4段口,0,0,1,1,B03,6,5,5,50,3,2,1,4,4,5,13,2,1,8,3,5,2,16,1,36,3,10,3,4,7,6,1,8,1,6,44,1,21,121.5634512,25.037639
114,11,11,23,25,2,07信義區,信義區松隆路與永吉路30巷口,0,0,1,1,B03,6,6,5,50,3,1,1,4,4,5,13,2,1,10,5,5,2,3,2,60,3,10,3,4,7,5,1,8,1,1,70,1,21,121.5687633,25.0442368
114,11,11,23,33,2,01大同區,大同區西寧北路北往南(玉泉公園旁）,0,0,1,1,C03,6,5,5,50,14,9,1,4,4,5,13,4,4,5,2,5,2,29,3,0,,,,,,,,,,,67,1,,121.5079521,25.04975931
114,11,12,00,38,2,09北投區,北投區北投路2段與大興街23巷口,0,0,2,1,C03,6,5,5,50,3,2,1,4,4,5,13,1,1,9,4,5,2,9,1,29,2,9,5,1,7,9,1,10,2,11,108,1,21,121.4990097,25.1309912
114,11,12,00,43,2,08士林區,士林區中山北路5段與中正路口口,0,0,1,1,F01,8,5,5,40,4,1,1,5,4,5,13,1,1,8,3,1,2,16,1,23,2,9,4,1,7,5,8,20,2,14,85,1,22,121.5278848,25.0958017
114,11,12,01,45,2,03中山區,中山區民族東路與建國北路3段113巷口,0,0,1,1,C03,6,5,5,50,3,2,1,4,4,5,13,1,1,1,4,4,2,13,2,35,2,9,3,4,7,9,1,10,2,11,108,1,21,121.5367465,25.06816538
114,11,12,05,10,2,09北投區,北投區致遠一路2段6號,0,0,1,1,C03,6,6,5,50,14,9,1,4,4,5,13,4,4,5,5,5,2,16,1,67,3,10,5,1,7,5,1,10,2,17,8,1,21,121.5145176,25.1108713
114,11,12,06,33,2,10文山區,文山區基隆路4段與汀州路4段口,0,0,1,1,C03,6,6,5,40,5,2,1,4,4,5,13,2,1,1,4,1,1,17,1,41,2,9,6,1,7,9,1,10,1,12,116,1,21,121.5361954,25.0108016
114,11,12,06,56,2,03中山區,中山區民生東路1段與林森北路口,0,0,2,1,C03,7,7,5,50,4,1,1,4,4,5,13,1,1,5,4,5,2,13,1,32,2,9,6,1,7,9,1,10,1,11,13,1,21,121.5252896,25.0580429
114,11,12,07,05,2,07信義區,信義區仁愛路4段505號,0,0,1,1,C03,8,6,5,50,14,8,1,4,4,5,13,4,4,1,4,1,2,19,1,44,2,3,5,1,7,9,1,10,2,11,108,1,21,121.5594296,25.0377799
114,11,12,07,13,2,03中山區,中山區樂群二路與敬業三路口,0,0,1,1,B03,7,6,5,50,4,1,1,4,4,5,13,2,1,1,4,5,2,16,1,41,3,10,7,1,7,5,1,8,2,5,71,1,21,121.5562764,25.0799279
114,11,12,07,30,2,03中山區,中山區民生東路1段58號,0,0,1,1,C03,8,7,5,50,14,9,1,5,4,5,13,4,4,5,2,5,2,17,1,43,2,9,5,1,7,9,1,10,1,11,16,1,21,121.5249291,25.0580477
114,11,12,07,40,2,09北投區,北投區承德路6段與福國路口,0,0,1,1,,8,6,5,60,4,2,1,5,4,5,13,1,1,1,4,5,2,13,4,29,,,,,,,,,,,119,2,,121.5125121,25.101197
114,11,12,07,43,2,03中山區,中山區植福路與敬業四路口,0,0,1,1,B03,6,7,5,50,4,1,1,4,4,5,13,1,1,10,4,5,2,17,1,48,3,10,7,1,7,5,1,8,1,1,71,1,21,121.5569933,25.08396633
114,11,12,07,45,2,07信義區,信義區松勤街與信義路5段22巷口,0,0,2,1,C03,7,6,5,30,4,2,1,4,4,5,13,4,4,9,5,5,2,13,2,39,2,7,5,1,7,9,1,10,1,11,16,1,22,121.5639199,25.0320331
114,11,12,08,09,2,07信義區,信義區吳興街600巷109號,0,0,1,1,C03,7,6,5,30,11,9,1,4,4,5,13,4,4,10,5,5,1,17,1,37,2,9,6,1,7,9,1,10,1,13,17,1,22,121.5726571,25.0185605
114,11,12,08,11,2,07信義區,信義區忠孝東路4段550號,0,0,1,1,C03,8,6,5,50,14,9,1,4,4,5,13,4,4,3,4,5,2,18,2,52,2,1,5,1,7,9,1,10,1,14,42,1,21,121.5635166,25.0411116
114,11,12,08,19,2,10文山區,文山區木柵路1段與木柵路1段311巷口,0,0,1,1,C03,8,6,5,50,3,1,1,5,4,5,13,4,4,5,4,5,2,13,1,32,2,7,6,1,7,9,1,10,1,11,44,1,21,121.5556445,24.9883721