發生年度,發生月,發生日,發生時-Hours,發生分,處理別-編號,區序,肇事地點,死亡人數,2-30日死亡人數,受傷人數,當事人序號,車種,天候,光線,道路類別,速限-速度限制,道路型態,事故位置,路面狀況1,路面狀況2,路面狀況3,道路障礙1,道路障礙2,號誌1,號誌2,車道劃分-分向,車道劃分-分道1,車道劃分-分道2,車道劃分-分道3,事故類型及型態,性別,年齡,受傷程度,主要傷處,保護裝置,行動電話,車輛用途,當事者行動狀態,駕駛資格情形,駕駛執照種類,飲酒情形,車輛撞擊部位1,肇因碼-個別,個人肇逃否,職業,座標-X,座標-Y
114,11,12,08,37,2,06松山區,松山區塔悠路195-3號旁無名巷與後方堤內便道,0,0,1,1,C03,8,5,5,30,3,1,1,5,4,5,13,4,4,10,3,5,2,17,2,49,2,9,5,4,7,9,1,10,2,17,13,1,22,121.5697107,25.0576505
114,11,12,08,41,2,09北投區,北投區東昇路108-2號,0,0,1,1,B03,6,7,5,50,14,9,1,4,4,5,13,4,4,9,4,5,2,17,2,63,3,10,7,1,7,9,1,8,1,17,1,1,21,121.5246317,25.1492738
114,11,12,08,48,2,01大同區,大同區延平北路4段282巷與延平北路4段282巷19弄口,0,0,1,1,B03,8,6,5,30,4,1,1,5,4,5,13,4,4,10,5,5,2,15,1,51,3,10,7,1,7,9,1,8,1,2,72,1,21,121.5110807,25.07701349
114,11,12,08,55,2,06松山區,松山區南京東路3段與南京東路3段338巷口,0,0,1,1,B03,8,6,5,50,3,1,1,5,4,5,13,2,1,3,4,4,2,17,1,26,3,10,3,4,7,6,1,8,1,2,71,1,22,121.547471,25.0516609
114,11,12,09,08,2,04大安區,大安區忠孝東路3段與復興南路1段口,0,0,1,1,B01,7,6,5,50,4,1,1,5,4,5,13,1,1,1,4,5,2,17,1,50,3,10,3,4,7,6,1,4,1,17,9,1,21,121.5436703,25.0415093
114,11,12,09,24,2,12內湖區,內湖區民權東路6段175巷與民權東路6段191巷20弄口,0,0,1,1,C03,7,6,6,30,4,1,1,4,4,5,13,4,4,10,5,5,2,15,1,20,2,9,6,4,7,9,1,10,1,11,72,1,22,121.5969825,25.0686081
114,11,12,09,27,2,07信義區,信義區信義路5段55號,0,0,1,1,A02,8,6,5,50,14,9,1,5,4,5,13,4,4,1,4,5,2,12,1,52,3,10,7,1,7,9,1,2,2,4,108,1,21,121.5691058,25.0329534
114,11,12,09,41,2,01大同區,大同區鄭州路與西寧北路口,0,0,1,1,F01,8,6,5,40,5,2,1,5,4,5,13,2,1,1,4,5,2,17,1,68,4,11,3,4,7,9,8,20,11,12,81,2,22,121.508343,25.0503909
114,11,12,09,47,2,09北投區,北投區吉利街與尊賢街口,0,0,1,1,C03,7,7,5,30,4,1,1,5,4,5,13,1,1,1,4,5,2,16,1,83,2,9,5,1,7,6,1,10,1,14,82,1,21,121.5065807,25.1185569
114,11,12,09,52,2,12內湖區,內湖區成功路2段與國道一號口北上入口,0,0,1,1,B03,8,6,5,50,4,1,1,5,4,5,13,2,1,1,4,5,2,17,1,39,3,10,7,1,7,6,1,8,2,2,80,1,22,121.5909777,25.0642206
114,11,12,10,00,2,05中正區,中正區市民大道2段(林森至金山西往東）,0,0,1,1,C03,8,6,5,40,14,9,1,5,4,5,13,3,1,1,4,5,2,13,2,39,2,9,6,4,7,9,1,10,1,11,16,1,21,121.5257227,25.0474061
114,11,12,10,22,2,10文山區,文山區興隆路4段179巷與木新路3段74巷口口,0,0,1,1,C03,8,6,5,30,4,1,1,5,4,5,13,4,4,10,5,5,2,15,1,28,2,9,5,1,7,9,1,10,1,12,75,1,21,121.5630539,24.9837418
114,11,12,10,35,2,06松山區,松山區塔悠路91號,0,0,1,1,C03,7,6,5,50,14,9,1,5,4,5,13,4,4,1,3,5,2,17,2,37,2,9,6,1,7,5,1,10,1,14,17,1,21,121.5703888,25.05198669
114,11,12,10,40,2,06松山區,(塔悠路97號前),0,0,1,1,C03,8,7,5,50,3,1,1,5,4,5,13,3,1,1,4,5,2,13,1,21,2,8,6,1,7,9,1,10,1,11,16,1,21,121.5703212,25.0525217
114,11,12,11,13,2,01大同區,大同區保安街與保安街49巷口,0,0,3,1,C03,8,7,5,50,4,1,1,5,4,5,13,4,4,9,5,5,2,13,2,59,2,8,5,1,7,9,1,10,1,11,44,1,22,121.5121324,25.0590925
114,11,12,11,15,2,03中山區,中山區北安路588巷30弄與明水路581巷口,0,0,1,1,B12,8,6,5,50,4,1,1,5,4,5,13,1,1,9,4,5,2,1,1,35,3,10,3,4,7,5,1,8,2,1,70,1,21,121.5501737,25.07998353
114,11,12,11,28,2,02萬華區,萬華區中華路2段與廣州街口,0,0,1,1,,8,5,5,50,4,2,1,5,4,5,13,1,1,1,4,4,2,18,3,46,,,,,,,,,,,67,1,,121.5064653,25.0362236
114,11,12,11,29,2,12內湖區,內湖區新明路305號,0,0,1,1,B01,8,6,5,50,14,8,1,4,4,5,13,4,4,5,4,4,2,16,2,51,3,10,3,4,7,5,1,4,1,8,8,1,26,121.5848317,25.0570376
114,11,12,12,14,2,01大同區,大同區環河北路1段105號,0,0,1,1,C03,7,6,5,50,14,9,1,5,4,5,13,2,1,6,3,2,1,12,1,31,2,9,3,4,7,12,1,10,1,14,108,1,21,121.5075073,25.0533916
114,11,12,12,25,2,02萬華區,萬華區西園路2段與東園街口,0,0,1,1,B03,8,5,5,50,3,2,1,5,4,5,13,1,1,9,5,5,2,17,2,50,3,10,7,1,7,9,1,8,1,5,44,1,21,121.4950703,25.027969
114,11,12,12,28,2,10文山區,文山區景興路91巷與景華街97巷口,0,0,2,1,C03,7,6,5,30,4,1,1,5,4,5,13,4,4,10,5,5,2,15,1,50,2,7,5,1,7,9,1,10,1,11,72,1,21,121.5461303,24.9959213
114,11,12,12,42,2,07信義區,信義區信安街161號,0,0,1,1,F01,8,6,5,0,14,20,5,5,4,5,13,4,4,10,5,5,2,9,2,24,3,10,4,1,7,9,8,20,11,11,87,1,25,121.5549608,25.0225753
114,11,12,13,35,2,07信義區,信義區光復南路133號,0,0,1,1,B01,7,6,5,30,14,18,1,5,4,5,13,2,1,1,4,5,2,3,1,68,3,10,7,1,7,9,1,4,1,1,70,1,21,121.5579278,25.0435374
114,11,12,13,40,2,07信義區,信義區信義路5段與松仁路口,0,0,1,1,A03,8,7,5,50,4,2,1,5,4,5,13,1,1,3,4,5,2,17,1,47,3,10,3,4,7,6,1,1,9,17,9,1,21,121.5684224,25.0330149
114,11,12,13,43,2,04大安區,大安區忠孝東路4段與大安路1段口,0,0,1,1,C03,8,5,5,50,4,2,1,5,4,5,13,2,1,8,3,5,1,13,2,36,3,10,5,1,7,9,1,10,1,11,16,1,21,121.5463768,25.0416938
114,11,12,13,46,2,10文山區,文山區汀州路4段與汀州路4段105巷口,0,0,1,1,B03,8,6,5,50,3,1,1,5,4,5,13,4,4,9,5,5,2,13,1,61,3,10,7,1,7,9,1,8,1,1,108,1,21,121.536405,25.0065579
114,11,12,14,24,2,04大安區,大安區信義路4段與大安路1段口,0,0,1,1,B01,8,5,5,50,4,1,1,5,4,5,13,2,1,1,5,5,2,16,1,48,3,10,7,1,7,5,1,4,1,7,8,1,21,121.5459208,25.0334461
114,11,12,14,30,2,04大安區,大安區忠孝東路4段與延吉街口,0,0,1,1,C03,8,7,5,50,4,1,1,5,4,5,13,2,1,5,4,5,2,17,1,26,3,10,6,1,7,5,1,10,1,12,8,1,21,121.5544713,25.0415891
114,11,12,14,50,2,12內湖區,內湖區金龍路與內湖路3段18巷口,0,0,1,1,B03,7,7,5,30,3,1,1,5,4,5,13,4,4,5,5,4,2,17,1,38,3,10,7,1,7,5,1,8,2,1,44,1,21,121.5929346,25.0848746
114,11,12,15,18,2,02萬華區,萬華區西寧南路與武昌街2段口,0,0,1,1,C03,7,6,5,50,4,1,1,4,4,5,13,4,4,10,4,5,2,16,1,40,3,10,3,4,7,9,1,10,1,14,44,1,22,121.5064655,25.0446818
114,11,12,15,47,2,07信義區,信義區吳興街269巷與莊敬路口,0,0,1,1,C03,8,7,5,30,4,2,1,5,4,5,13,4,4,9,4,4,2,17,1,29,2,8,5,4,7,5,1,10,1,12,44,1,21,121.5649021,25.0276918
114,11,12,15,50,2,03中山區,中山區中山北路2段59巷與中山北路2段口,0,0,2,1,C03,8,7,5,30,3,2,1,5,4,5,13,4,4,3,5,5,2,13,1,41,2,9,6,1,7,6,1,10,1,13,72,1,21,121.522951,25.05621606
114,11,12,16,28,2,05中正區,中正區忠孝東路2段87號,0,0,1,1,C03,7,7,5,50,14,9,1,5,4,5,13,4,4,1,4,5,2,17,1,40,3,10,5,1,7,12,1,10,9,17,44,2,21,121.5306032,25.0430457
114,11,12,16,35,2,12內湖區,內湖區民權東路6段11巷與瑞湖街口,0,0,1,1,C03,7,5,5,50,3,2,1,5,4,5,13,1,1,5,5,5,2,17,1,30,2,7,5,1,7,9,1,10,1,14,44,1,21,121.5765888,25.0675187
114,11,12,17,00,2,05中正區,中正區水源快速道路往北水源路25巷旁,0,0,1,1,B03,8,5,5,50,14,9,1,5,4,5,13,4,4,10,4,5,2,13,1,31,3,10,7,1,7,9,1,8,1,1,16,1,21,121.5244716,25.0174296
114,11,12,17,35,2,03中山區,中山區中山北路3段38號,0,0,2,1,C03,7,5,5,50,14,9,1,5,4,5,13,4,4,5,4,5,2,13,1,18,2,9,6,1,7,9,1,10,1,11,16,1,21,121.5222472,25.0663928
114,11,12,18,00,2,01大同區,大同區延平北路3段與昌吉街口,0,0,1,1,B01,7,5,5,50,4,1,1,4,4,5,13,2,1,9,4,5,2,16,1,52,3,10,7,1,7,5,1,4,1,6,80,1,21,121.511046,25.0659547
114,11,12,18,00,2,12內湖區,內湖區成功路5段168號,0,0,1,1,C03,7,5,5,40,11,7,1,5,4,5,13,4,4,1,4,4,2,12,1,58,2,9,5,1,7,9,1,10,2,14,17,1,21,121.6052239,25.0829846
114,11,12,18,10,2,12內湖區,內湖區星雲街208號前,0,0,1,1,C03,6,5,5,50,14,9,1,4,4,5,13,4,4,10,5,5,2,3,1,49,3,10,6,1,7,1,1,10,2,14,19,1,21,121.5968669,25.0809811
114,11,12,18,30,2,07信義區,信義區莊敬路325巷36號,0,0,1,1,C03,6,5,5,30,14,9,1,4,4,5,13,4,4,9,5,5,2,29,1,23,2,9,3,4,7,9,1,10,1,14,42,1,22,121.5642146,25.0285781
114,11,12,18,32,2,11南港區,南港區向陽路258巷與向陽路口,0,0,1,1,B02,6,5,5,50,3,1,1,4,4,5,13,2,1,5,5,5,2,16,1,64,3,10,3,4,7,5,1,8,2,2,71,1,21,121.5928133,25.0580661
114,11,12,18,44,2,03中山區,中山區八德路2段232號,0,0,1,1,B02,6,5,5,50,14,9,1,4,4,5,13,4,4,9,4,5,2,17,1,57,3,10,7,1,7,1,1,8,1,8,19,1,21,121.5399541,25.04653178
114,11,12,18,48,2,03中山區,中山區民族東路97-1號,0,0,2,1,C03,6,5,5,40,14,9,1,4,4,5,13,4,4,1,4,5,2,2,2,41,2,9,6,1,7,9,1,10,1,11,107,1,22,121.5367909,25.06816303
114,11,12,18,49,2,03中山區,中山區錦西街與民生西路3巷口,0,0,1,1,C03,6,5,5,30,4,1,1,4,4,5,13,4,4,10,5,5,2,16,1,62,2,9,5,1,7,6,1,10,1,14,72,1,22,121.5220641,25.060286
114,11,12,18,53,2,03中山區,中山區市民大道2段與林森北路口口,0,0,1,1,C03,7,5,5,40,4,1,1,5,4,5,13,1,1,1,4,5,2,17,2,31,2,9,3,4,7,5,1,10,1,14,44,1,21,121.5242154,25.0478724
114,11,12,19,02,2,05中正區,中正區鄭州路與承德路1段口,0,0,1,1,,6,5,5,30,5,2,1,4,4,5,13,1,1,1,4,5,1,17,4,0,,,,,,,,,11,,119,2,,121.5161924,25.0485386
114,11,12,19,46,2,10文山區,文山區木柵路3段與秀明路1段口,0,0,1,1,C03,6,5,5,50,14,9,1,4,4,5,13,2,1,5,4,5,2,12,2,57,3,10,6,1,7,8,1,10,1,12,101,1,21,121.5710904,24.9912321
114,11,12,20,19,2,03中山區,中山區錦州街與錦州街30巷口,0,0,1,1,B01,6,5,5,30,3,1,1,4,4,5,13,4,4,5,5,5,2,16,1,47,3,10,7,1,7,6,1,4,1,4,80,1,22,121.5248975,25.0603051
114,11,12,20,43,2,12內湖區,內湖區民權東路6段56巷與無名巷口口,0,0,1,1,B03,6,5,5,30,3,1,1,4,4,5,13,4,4,5,5,4,2,17,2,36,3,10,7,1,7,5,1,8,1,1,80,1,21,121.5847428,25.0683307
114,11,12,20,54,2,07信義區,信義區基隆路1段與信義路4段口,0,0,1,1,C03,6,5,5,50,4,1,1,4,4,5,13,1,1,1,4,5,2,16,1,27,2,8,6,1,7,5,3,18,9,14,8,1,22,121.5597331,25.0336999
114,11,12,21,22,2,07信義區,信義區基隆路1段與忠孝東路4段口,0,0,1,1,C03,7,5,5,50,4,2,1,4,4,5,13,2,1,1,4,4,2,13,2,22,3,10,3,4,7,9,1,10,1,11,16,1,21,121.5644457,25.0413735
114,11,12,21,50,2,08士林區,士林區文林路與大東路口,0,0,2,1,C03,7,5,5,50,3,1,1,5,4,5,13,4,4,5,4,5,2,16,2,30,2,7,6,1,7,11,1,10,1,11,10,1,21,121.5255354,25.086598
114,11,12,22,07,2,01大同區,大同區赤峰街與赤峰街41巷口,0,0,3,1,C03,6,5,5,30,4,1,1,4,4,5,13,4,4,10,5,5,2,15,1,26,2,9,5,1,7,9,1,10,1,14,72,1,21,121.5196014,25.0549062
114,11,12,22,22,2,10文山區,文山區木新路2段與木新路2段158巷口,0,0,1,1,B12,6,5,5,50,4,2,1,4,4,5,13,2,1,5,4,5,2,3,1,34,3,10,3,4,7,4,1,8,2,7,44,1,26,121.5689843,24.9840997
114,11,12,23,51,2,03中山區,中山區市民大道1段往西R1出口前,0,0,1,1,B01,8,5,5,50,14,9,1,5,4,5,13,4,4,1,4,5,2,13,1,61,3,10,7,1,7,14,1,4,1,7,38,1,21,121.519547,25.04850274
114,11,13,06,51,2,07信義區,信義區忠孝東路5段與忠孝東路5段295巷口口,0,0,1,1,B03,6,6,5,50,3,1,1,4,4,5,13,4,4,1,4,5,2,16,1,44,3,10,3,4,7,6,1,8,11,2,9,1,22,121.5725507,25.0410536
114,11,13,07,00,2,04大安區,大安區和平東路2段與復興南路2段口,0,0,1,1,C03,6,6,5,50,4,1,1,4,4,5,13,2,1,1,2,5,2,13,1,35,2,9,6,1,7,9,1,8,1,12,16,1,21,121.5430552,25.0248593
114,11,13,07,23,2,07信義區,信義區松信路57號,0,0,1,1,C03,6,6,5,40,14,7,1,4,4,5,13,4,4,9,4,4,2,17,1,70,3,10,5,1,7,11,1,10,1,13,80,1,22,121.5721973,25.0476463
114,11,13,07,40,2,04大安區,大安區仁愛路4段266巷與仁愛路4段222巷口,0,0,2,1,B03,6,7,5,50,4,2,1,4,4,5,13,4,4,9,4,5,2,17,1,43,3,10,7,1,7,14,1,8,1,2,44,1,21,121.5525863,25.0364377
114,11,13,07,44,2,04大安區,大安區辛亥路3段與臥龍街188巷口,0,0,1,1,B02,6,6,5,50,3,1,1,4,4,5,13,4,4,3,4,5,2,16,1,21,3,10,3,4,7,6,1,8,1,5,74,1,21,121.5505171,25.0161752
114,11,13,07,51,2,08士林區,士林區承德路5段與士商路口,0,0,1,1,B03,7,5,5,60,4,2,1,5,4,5,13,2,1,3,4,4,2,16,2,38,3,10,7,1,7,6,1,8,1,1,9,1,21,121.5116607,25.09646669
114,11,13,07,51,2,07信義區,信義區光復南路455號,0,0,1,1,C03,6,6,5,50,14,9,1,4,4,5,13,4,4,1,3,5,2,18,1,47,2,9,6,1,7,9,1,10,1,14,44,1,21,121.5575821,25.0345516
114,11,13,08,03,2,12內湖區,內湖區康寧路3段245巷與五分街14巷口,0,0,3,1,C03,6,6,6,50,3,1,1,4,4,5,13,4,4,5,5,5,2,16,2,47,2,8,6,1,7,5,1,10,1,12,74,1,22,121.61338,25.0663612
114,11,13,08,09,2,12內湖區,內湖區南京東路6段西向東，近路燈0302835,0,0,1,1,B03,6,6,5,30,14,9,1,4,4,5,13,4,4,10,5,5,2,17,1,55,3,10,7,1,7,3,1,8,2,4,18,1,22,121.5814425,25.05664788
114,11,13,08,10,2,07信義區,信義區信義快速道路往北6010593號燈桿,0,0,1,1,B03,6,6,5,70,14,9,1,4,4,5,13,4,4,10,4,5,1,13,1,20,3,10,7,2,7,9,1,8,2,1,16,1,22,121.5770834,25.0226447
114,11,13,08,18,2,01大同區,大同區承德路3段267號,0,0,2,1,C03,6,6,5,50,14,9,1,4,4,5,13,4,4,1,4,5,2,16,2,56,2,5,5,4,7,7,1,10,1,15,100,1,21,121.5188596,25.0723415
114,11,13,08,20,2,12內湖區,內湖區民權大橋西向東,0,0,1,1,C03,6,6,6,50,14,7,1,4,4,5,13,4,4,1,4,4,1,13,1,19,3,10,5,1,7,9,1,10,1,11,16,1,21,121.5753927,25.065791
114,11,13,08,30,2,03中山區,中山區內湖路1段31號對面,0,0,2,1,C03,8,6,5,40,14,9,1,5,4,5,13,4,4,1,4,1,2,17,1,29,2,8,5,1,7,9,1,10,1,11,108,1,21,121.5599227,25.08476649
114,11,13,08,30,2,10文山區,文山區開元街74號,0,0,1,1,B03,8,6,5,30,14,9,1,4,4,5,13,1,1,10,5,5,2,12,1,57,3,10,7,1,7,7,1,4,1,4,100,1,21,121.5708088,24.9886986
114,11,13,08,35,2,12內湖區,內湖區民權東路6段與民權東路6段289巷口,0,0,1,1,B03,6,6,5,50,3,1,1,4,4,5,13,4,4,1,4,5,2,17,2,42,3,10,7,1,7,6,1,8,2,17,9,1,21,121.6016097,25.06773802
114,11,13,08,44,2,04大安區,大安區和平東路3段228巷與安居街8巷口,0,0,2,1,C03,6,5,8,50,3,1,1,4,4,5,13,4,4,4,3,5,2,15,2,74,2,9,6,1,7,1,1,10,2,12,19,1,21,121.5542896,25.0218847
114,11,13,08,50,2,03中山區,中山區長安東路2段153巷與龍江路46巷口,0,0,1,1,B03,6,7,5,30,3,1,1,4,4,5,13,4,4,10,5,5,2,17,1,65,3,10,7,1,7,5,1,8,1,17,74,1,21,121.5390258,25.04920894
114,11,13,09,20,2,04大安區,大安區新生南路1段103巷33弄與新生南路1段97巷口,0,0,1,1,C03,6,6,5,30,4,1,1,4,4,5,13,4,4,10,5,5,2,15,1,35,4,11,3,4,7,21,7,19,11,15,14,1,22,121.5356706,25.0411767
114,11,13,09,22,2,05中正區,中正區信義路2段與新生南路1段口,0,0,1,1,C03,6,6,5,50,5,1,5,4,4,5,13,1,1,10,5,5,2,13,2,28,2,9,5,1,7,9,1,10,1,11,16,1,22,121.5325224,25.0336971
114,11,13,09,35,2,04大安區,大安區愛國東路216號,0,0,2,1,C03,6,5,5,50,14,9,1,4,4,5,13,4,4,3,5,5,2,16,2,42,2,9,6,1,7,8,1,10,1,12,100,1,21,121.5248399,25.0319009
114,11,13,09,35,2,05中正區,中正區公園路北往南（公車站牌區：台大醫院捷運站）,0,0,1,1,A04,6,7,5,50,14,9,1,4,4,5,13,4,4,5,4,5,2,9,1,44,3,10,7,1,7,1,1,2,2,17,42,1,26,121.5161766,25.0419392
114,11,13,09,53,2,01大同區,大同區重慶北路2段與民權西路口,0,0,1,1,C03,6,5,5,50,4,2,1,4,4,5,13,2,1,1,4,5,2,17,2,29,3,10,3,4,7,6,1,10,1,12,9,1,21,121.5134605,25.0628864
114,11,13,10,17,2,10文山區,文山區新光路2段與新光路2段口圓環,0,0,1,1,C03,6,6,5,50,18,9,1,4,4,5,13,3,1,10,4,5,2,17,2,22,2,9,6,1,7,8,3,18,2,12,78,1,21,121.5823626,25.0001857
114,11,13,10,20,2,09北投區,北投區中央北路4段584號,0,0,2,1,C03,6,6,5,50,14,9,1,4,4,5,13,4,4,9,4,5,2,16,2,66,2,9,6,1,7,5,1,10,2,14,8,1,21,121.46637,25.1270082
114,11,13,10,21,2,03中山區,中山區合江街與龍江路292巷口,0,0,1,1,B03,6,7,5,50,4,1,1,4,4,5,13,4,4,10,4,5,2,17,2,40,3,10,7,1,7,5,1,8,1,8,74,1,21,121.5212812,25.04995185
114,11,13,10,44,2,03中山區,中山區樂群二路與明水路口,0,0,1,1,B03,6,7,5,50,4,2,1,4,4,5,13,2,1,1,4,5,2,16,1,63,3,10,7,1,7,5,1,8,1,2,71,1,21,121.5521444,25.0799566
114,11,13,10,52,2,01大同區,大同區承德路2段178號,0,0,1,1,C03,6,6,5,50,14,9,1,4,4,5,13,4,4,8,3,5,1,16,2,34,2,9,6,4,7,7,1,10,2,14,100,1,21,121.518156,25.0614373
114,11,13,10,58,2,12內湖區,內湖區民權東路6段與民權東路6段135巷口,0,0,1,1,B03,6,6,5,50,3,1,1,4,4,5,13,4,4,1,4,5,2,17,1,67,3,10,7,1,7,6,1,5,1,17,9,1,22,121.5938523,25.06891249
114,11,13,11,06,2,01大同區,大同區環河北路1段365號,0,0,1,1,A12,6,6,5,50,14,9,1,4,4,5,13,4,4,1,4,5,2,12,1,44,3,10,3,4,7,9,1,7,9,2,44,1,21,121.5085429,25.0610849
114,11,13,11,13,2,10文山區,文山區木柵路3段85巷與木柵路3段85巷8弄口口,0,0,1,1,C03,6,6,5,30,4,1,1,4,4,5,13,4,4,10,5,5,2,15,1,39,2,9,5,1,7,9,1,10,2,11,72,1,21,121.5676412,24.9895156
114,11,13,11,40,2,11南港區,南港區經貿二路與研究院路1段口,0,0,2,1,B12,6,6,5,50,4,2,1,4,4,5,13,2,1,1,4,5,2,13,1,31,3,10,3,4,7,9,1,8,2,1,16,1,21,121.6165391,25.0554102
114,11,13,12,12,2,06松山區,松山區民權東路4段與光復北路口,0,0,1,1,B03,6,7,5,50,4,1,1,4,4,5,13,1,1,1,4,4,2,17,1,35,3,10,7,1,7,6,1,8,2,2,9,1,21,121.5546165,25.0620202
114,11,13,12,26,2,08士林區,士林區小西街與大南路口,0,0,1,1,B12,6,6,5,30,4,1,1,4,4,5,8,4,4,10,5,5,2,17,1,49,4,11,3,4,7,9,7,19,9,17,72,2,22,121.5233667,25.0897897
114,11,13,12,27,2,04大安區,大安區濟南路3段20號附近側附近,0,0,1,1,C03,6,6,5,50,14,9,1,4,4,5,13,4,4,4,3,5,1,17,1,51,3,10,3,4,7,15,1,10,9,17,44,1,21,121.5351321,25.0401952
114,11,13,12,28,2,03中山區,中山區松江路與農安街口,0,0,1,1,A04,6,7,5,50,4,2,1,4,4,5,13,2,1,1,4,5,2,13,1,56,3,10,7,1,7,9,1,3,1,1,16,1,21,121.5333003,25.0645737
114,11,13,12,28,2,09北投區,北投區致遠一路1段與致遠一路1段11巷口,0,0,1,1,B03,6,6,5,50,4,1,1,4,4,5,13,4,4,9,5,5,2,17,2,57,3,10,7,1,7,5,1,8,1,17,74,1,21,121.5173205,25.1077735
114,11,13,12,53,2,01大同區,大同區延平北路3段與延平北路3段61巷口,0,0,1,1,B02,6,6,5,50,3,1,1,4,4,5,13,4,4,5,4,5,2,12,1,35,3,10,7,1,7,7,1,8,2,8,101,1,21,121.511066,25.0656251
114,11,13,13,40,2,06松山區,松山區八德路4段559號,0,0,4,1,B03,6,6,6,40,14,8,1,4,4,5,13,4,4,8,3,4,1,13,1,48,2,9,3,1,7,9,1,8,2,1,108,1,21,121.5729482,25.0500471
114,11,13,15,14,2,08士林區,士林區仰德大道3段106巷(編號B6859GA76電桿前),0,0,1,1,B03,6,6,5,30,14,9,1,4,4,5,13,4,4,10,4,5,2,38,2,63,2,9,3,4,7,9,1,15,8,5,21,1,21,121.5544263,25.1212589
114,11,13,15,20,2,09北投區,北投區中央北路3段與中央北路3段92巷口,0,0,1,1,B03,7,5,5,50,14,9,1,5,4,5,13,4,4,5,4,5,2,17,1,38,3,10,7,1,7,11,1,8,1,4,10,1,21,121.4843597,25.1378323
114,11,13,15,42,2,04大安區,大安區忠孝東路4段與忠孝東路4段216巷口,0,0,1,1,B01,6,6,5,50,4,1,1,4,4,5,13,2,1,4,3,5,2,16,1,53,3,10,7,1,7,11,1,4,1,4,10,1,21,121.5529576,25.0412869
114,11,13,15,58,2,01大同區,大同區重慶北路1段與鄭州路83巷口,0,0,1,1,B03,6,6,5,50,3,1,1,4,4,5,13,4,4,1,4,5,2,17,1,51,3,10,7,4,7,6,1,8,1,17,9,1,21,121.5134718,25.05026103
114,11,13,16,12,2,03中山區,中山區建國北路2段238號,0,0,1,1,B03,6,7,5,50,14,9,1,4,4,5,13,4,4,10,5,5,2,17,1,23,3,10,7,1,7,6,1,8,1,5,80,1,21,121.5368461,25.06163154
114,11,13,16,42,2,07信義區,信義區永吉路與中坡北路口,0,0,2,1,B03,6,7,5,50,4,1,1,4,4,5,13,2,1,1,4,4,2,2,1,51,2,7,3,4,7,9,1,8,2,1,22,1,21,121.5804698,25.0455257
114,11,13,16,45,2,09北投區,北投區承德路7段與文林北路口,0,0,1,1,C03,6,5,5,60,3,1,1,4,4,5,13,2,1,1,4,4,2,18,2,42,2,9,3,4,7,12,1,10,1,14,108,1,26,121.5113322,25.1104831
114,11,13,16,53,2,11南港區,南港區南港路1段與三重路口,0,0,1,1,B01,6,6,5,50,4,1,1,4,4,5,13,2,1,1,4,5,2,1,1,69,3,10,3,4,7,5,1,4,2,4,70,1,21,121.6140216,25.0552358
114,11,13,17,00,2,02萬華區,萬華區中華路2段416巷124號,0,0,1,1,F01,6,5,5,30,12,9,1,4,4,5,13,4,4,10,5,5,2,16,2,83,2,9,3,4,7,5,8,20,1,14,44,1,22,121.5014235,25.0264419
114,11,13,17,20,2,06松山區,松山區三民路與新東街51巷口,0,0,2,1,C03,6,5,5,30,4,1,1,4,4,5,13,2,1,1,4,5,2,17,1,42,2,8,6,1,7,5,1,10,2,17,71,1,22,121.563211,25.0614893
114,11,13,17,25,2,12內湖區,內湖區康寧路3段與安康路口,0,0,1,1,B03,8,5,5,50,3,2,1,4,4,5,13,1,1,1,3,5,1,16,1,66,3,10,3,4,7,6,1,8,1,5,9,1,21,121.6108563,25.0659232
114,11,13,17,44,2,10文山區,文山區萬和街與萬安街16巷口,0,0,2,1,C03,6,5,5,30,3,1,2,4,4,5,13,3,1,5,4,5,2,17,2,49,2,9,5,4,7,5,1,10,1,11,72,1,21,121.5687623,25.0004175
114,11,13,18,06,2,06松山區,松山區市民大道5段與八德路4段36巷口,0,0,1,1,C03,6,5,5,40,3,2,1,4,4,5,13,1,1,1,4,5,2,11,2,30,2,9,5,1,7,9,1,10,1,11,17,1,26,121.559265,25.045794
114,11,13,18,07,2,07信義區,信義區松仁路123號與松仁路121巷口,0,0,1,1,B01,6,5,5,50,14,9,1,4,4,5,13,4,4,9,5,5,2,13,1,39,3,10,3,4,7,9,1,4,1,1,108,1,22,121.5687815,25.0348254
114,11,13,18,10,2,03中山區,中山區錦州街416號,0,0,1,1,B03,6,5,5,50,14,9,1,4,4,5,13,4,4,9,5,5,2,17,2,50,3,10,7,1,7,3,1,8,1,17,18,1,21,121.5419448,25.0601838
114,11,13,18,44,2,05中正區,中正區中正橋上橋處(往新北市方向),0,0,1,1,C03,6,5,5,50,14,9,1,4,4,5,13,4,4,3,4,5,2,17,2,50,3,10,5,1,7,9,1,10,11,13,101,2,21,121.5166707,25.0227052
114,11,13,18,45,2,12內湖區,內湖區民權東路6段(東向西)近民善街迴轉道,0,0,1,1,B03,6,5,5,50,14,9,5,4,4,5,13,4,4,10,5,5,1,12,1,52,3,10,7,1,7,9,1,8,1,1,16,1,21,121.5736307,25.0654996