發生年度,發生月,發生日,發生時-Hours,發生分,處理別-編號,區序,肇事地點,死亡人數,2-30日死亡人數,受傷人數,當事人序號,車種,天候,光線,道路類別,速限-速度限制,道路型態,事故位置,路面狀況1,路面狀況2,路面狀況3,道路障礙1,道路障礙2,號誌1,號誌2,車道劃分-分向,車道劃分-分道1,車道劃分-分道2,車道劃分-分道3,事故類型及型態,性別,年齡,受傷程度,主要傷處,保護裝置,行動電話,車輛用途,當事者行動狀態,駕駛資格情形,駕駛執照種類,飲酒情形,車輛撞擊部位1,肇因碼-個別,個人肇逃否,職業,座標-X,座標-Y
114,11,13,18,55,2,04大安區,大安區忠孝東路4段與大安路1段口,0,0,1,1,A02,7,5,5,50,4,2,1,4,4,5,13,1,1,8,3,5,1,9,1,60,4,11,3,4,7,12,7,19,11,15,44,1,22,121.5464364,25.0417084
114,11,13,19,00,2,05中正區,中正區重慶南路2段與重慶南路2段7巷口,0,0,2,1,C03,6,5,5,50,14,9,1,4,4,5,13,4,4,1,4,5,2,17,1,20,2,9,5,1,7,9,1,10,1,11,116,1,21,121.5135981,25.0333539
114,11,13,19,02,2,03中山區,中山區中山北路4段與中山北路4段口新生高架閘道,0,0,1,1,C03,6,5,5,50,4,1,1,4,4,5,13,1,1,1,4,5,2,15,2,66,2,9,5,1,7,9,1,10,2,11,81,1,22,121.5252049,25.0768575
114,11,13,19,13,2,08士林區,士林區延平北路6段116巷49弄與延平北路6段150巷口,0,0,1,1,B03,6,5,5,30,3,1,1,4,4,5,13,4,4,10,5,5,1,8,1,58,3,10,3,4,7,6,1,6,9,2,44,1,21,121.5688177,25.07754113
114,11,13,19,48,2,07信義區,信義區光復南路421巷6弄與光復南路421巷口,0,0,1,1,C03,6,5,5,30,4,2,1,4,4,5,13,4,4,10,5,5,2,13,1,25,2,8,6,1,7,9,1,10,1,11,16,1,22,121.5586766,25.0362549
114,11,13,19,55,2,05中正區,中正區杭州南路1段與杭州南路1段131巷口,0,0,1,1,B03,8,5,5,30,3,1,1,4,4,5,13,4,4,10,5,5,2,16,2,46,3,10,7,4,7,6,1,8,2,8,72,1,22,121.5245252,25.03712203
114,11,13,20,00,2,05中正區,中正區汀州路1段與西藏路口,0,0,1,1,B03,6,5,5,50,4,1,1,4,4,5,13,1,1,5,4,5,2,16,1,44,3,10,7,1,7,5,1,8,1,1,71,1,21,121.507214,25.030637
114,11,13,20,02,2,03中山區,中山區建國北路2段與錦州街口,0,0,1,1,C03,6,5,5,50,4,1,1,4,4,5,13,1,1,5,5,5,2,17,1,59,3,10,3,4,7,5,1,9,1,14,44,1,22,121.5371524,25.0602957
114,11,13,20,16,2,05中正區,中正區福和橋機車道(往新北市方向),0,0,3,1,C03,6,5,5,40,8,11,1,4,4,5,13,4,4,2,5,5,1,13,1,33,2,9,5,1,7,9,1,10,1,11,16,1,21,121.5256218,25.0158972
114,11,13,20,31,2,04大安區,大安區信義路4段與大安路1段口,0,0,1,1,C03,6,5,5,50,4,1,1,4,4,5,13,2,1,9,4,5,1,16,2,19,3,10,5,1,7,5,1,10,1,11,71,1,21,121.545991,25.0334221
114,11,13,20,46,2,12內湖區,內湖區舊宗路2段與民權東路6段11巷口口,0,0,1,1,B03,6,5,5,50,3,1,1,4,4,5,13,1,1,1,4,5,2,17,1,69,3,10,3,4,7,11,1,8,1,6,10,1,21,121.5747422,25.067543
114,11,13,20,52,2,03中山區,中山區中山北路3段與中山北路3段36巷口,0,0,1,1,C03,6,5,5,50,14,8,1,4,4,5,13,2,1,1,5,1,1,13,1,53,2,3,3,4,7,9,1,10,1,11,118,1,21,121.5221294,25.06494452
114,11,13,21,30,2,03中山區,中山區建國北路2段與民生東路3段口,0,0,1,1,C03,6,5,5,50,4,1,1,4,4,5,13,2,1,1,5,5,1,17,1,31,2,3,3,4,7,9,1,10,1,14,108,1,21,121.5371746,25.05762216
114,11,13,21,56,2,05中正區,中正區羅斯福路3段與金門街口,0,0,1,1,B03,6,5,5,50,3,1,1,4,4,5,13,1,1,3,4,5,2,17,2,60,3,10,7,1,7,6,1,8,1,2,9,1,21,121.5250193,25.0234095
114,11,13,22,13,2,10文山區,文山區景興路與景興路53巷口,0,0,1,1,B02,6,5,5,50,4,1,1,4,4,5,13,2,1,1,4,5,2,17,1,46,3,10,7,1,7,5,1,8,1,17,71,1,21,121.544738,24.9968219
114,11,13,22,30,2,02萬華區,萬華區桂林路與中華路1段口,0,0,2,1,C03,6,6,5,50,3,1,1,4,4,5,13,2,1,2,4,5,2,17,1,18,2,9,6,1,7,6,1,10,1,12,42,1,21,121.5062855,25.0375259
114,11,13,22,32,2,01大同區,大同區延平北路4段與酒泉街口,0,0,2,1,F01,6,5,5,50,4,1,1,4,4,5,13,2,1,5,4,5,2,16,1,28,2,8,4,1,7,5,8,20,1,11,8,1,21,121.5111826,25.0721192
114,11,13,23,01,2,09北投區,北投區東華街1段與石牌路2段口,0,0,1,1,B03,6,5,5,50,4,1,1,4,4,5,13,1,1,10,4,5,2,17,1,46,3,10,7,1,7,15,1,8,2,17,71,1,22,121.5152843,25.11528292
114,11,13,23,27,2,07信義區,信義區永吉路30巷與永吉路30巷157弄口口,0,0,3,1,B01,6,5,5,30,4,1,1,4,4,5,13,4,4,10,5,5,2,15,1,28,2,8,3,4,7,9,1,1,2,1,72,1,22,121.5687509,25.0423271
114,11,14,00,40,2,09北投區,北投區承德路7段與承德路7段344巷口,0,0,1,1,B03,6,5,5,60,3,4,1,4,4,5,13,1,1,1,4,5,2,13,2,67,3,10,7,1,7,9,1,8,1,5,42,1,26,121.5037936,25.11730165
114,11,14,06,40,2,07信義區,信義區永吉路326巷與永吉路278巷37弄口,0,0,1,1,C04,8,6,5,30,3,2,1,5,4,5,13,4,4,8,5,5,2,17,1,40,3,10,6,1,7,5,1,10,1,11,74,1,21,121.5754024,25.044138
114,11,14,07,00,2,11南港區,南港區東新街與八德路4段口口,0,0,1,1,B03,8,6,5,50,5,2,1,5,4,5,13,2,1,5,4,5,2,13,1,49,3,10,3,4,7,1,1,4,1,5,44,1,21,121.5822618,25.0514103
114,11,14,07,20,2,08士林區,士林區中山北路7段81巷28弄與中山北路7段81巷32弄口,0,0,1,1,B03,8,6,5,50,4,1,1,5,4,5,13,4,4,9,5,5,2,17,2,44,3,10,3,4,7,9,1,8,1,4,108,1,21,121.5294242,25.12259548
114,11,14,07,25,2,07信義區,信義區松仁路與松仁路95巷口,0,0,2,1,C03,8,5,5,50,3,1,1,5,4,5,13,4,4,8,3,5,2,17,2,50,2,9,3,4,7,15,1,10,1,11,108,1,21,121.5685045,25.0365978
114,11,14,08,00,2,04大安區,大安區和平東路2段與新生南路3段口,0,0,1,1,C03,8,6,5,50,4,1,1,5,4,5,13,1,1,1,3,5,2,17,2,22,3,10,6,1,7,9,1,10,11,12,85,1,22,121.5349061,25.0257995
114,11,14,08,00,2,06松山區,松山區民權東路5段18號,0,0,1,1,C03,8,6,5,50,14,9,1,5,4,5,13,4,4,1,4,5,2,13,1,27,2,8,6,1,7,9,1,10,1,11,42,1,22,121.563255,25.06278762
114,11,14,08,03,2,09北投區,北投區中央北路3段與中央北路3段53巷口,0,0,2,1,C03,8,7,5,50,4,1,1,5,4,5,13,2,1,10,5,5,2,16,1,77,2,9,5,1,7,5,6,18,9,12,71,1,21,121.4852414,25.1381453
114,11,14,08,08,2,04大安區,大安區羅斯福路2段與和平東路1段口,0,0,1,1,C03,8,6,5,50,4,1,1,5,4,5,13,2,1,10,5,5,2,13,1,30,3,10,3,4,7,9,1,10,1,11,44,1,21,121.5225576,25.0270363
114,11,14,08,09,2,06松山區,松山區麥帥一橋機車道西往東7510302燈桿,0,0,2,1,C03,8,7,5,40,14,11,1,5,4,5,13,4,4,1,4,5,2,13,1,29,2,8,6,1,7,9,1,10,1,11,16,1,21,121.5680498,25.0512455
114,11,14,08,10,2,03中山區,中山區中山北路2段50號,0,0,2,1,C03,8,7,5,50,14,9,1,5,4,5,13,4,4,5,4,5,2,12,1,24,2,7,6,1,7,9,1,10,1,12,101,1,21,121.5226113,25.05590804
114,11,14,08,15,2,04大安區,大安區基隆路3段155巷與基隆路3段口,0,0,1,1,C03,8,7,5,50,4,1,1,5,4,5,13,2,1,1,4,4,2,17,1,19,2,8,6,1,7,5,1,10,1,14,8,1,21,121.5426123,25.0156637
114,11,14,08,21,2,07信義區,信義區松勤街與松平路99巷口,0,0,1,1,B02,8,6,5,30,3,1,1,5,4,5,13,4,4,8,4,5,2,17,1,58,3,10,7,1,7,6,1,8,2,8,72,1,21,121.5677007,25.0319092
114,11,14,08,27,2,02萬華區,萬華區桂林路與環河南路1段348巷口,0,0,1,1,B03,8,6,5,50,5,1,1,5,4,5,13,1,1,8,3,5,1,17,1,38,3,10,7,1,7,5,1,8,1,4,44,1,21,121.4960437,25.0388654
114,11,14,08,28,2,03中山區,中山區民權西路與中山北路2段口,0,0,1,1,C03,8,7,5,50,14,9,1,5,4,5,13,2,1,1,4,1,2,12,2,24,2,9,6,1,7,7,1,10,9,14,100,1,21,121.5223339,25.0627189
114,11,14,08,29,2,01大同區,大同區酒泉街與酒泉街50巷口,0,0,2,1,H01,8,6,5,50,5,2,1,5,4,5,13,4,4,5,5,5,2,7,2,37,2,9,4,5,8,16,8,20,10,16,67,1,21,121.5164774,25.0720391
114,11,14,08,41,2,12內湖區,內湖區永保街與安康路93巷口,0,0,1,1,C03,8,7,5,40,3,2,1,5,4,5,13,4,4,5,5,5,2,13,2,41,2,9,5,1,7,9,1,10,1,11,16,1,21,121.5973168,25.0632901
114,11,14,08,50,2,08士林區,士林區百齡橋西向東引道,0,0,1,1,C03,8,6,5,50,8,9,1,5,4,5,13,4,4,3,4,5,1,17,2,70,2,9,3,4,7,7,1,10,1,14,100,1,21,121.515739,25.0903934
114,11,14,08,54,2,02萬華區,萬華區華中橋下橋處往北市方向,0,0,1,1,B13,8,5,8,50,22,22,1,5,4,5,13,4,4,10,5,5,2,17,1,55,3,10,3,4,7,1,1,7,1,7,19,1,21,121.497208,25.0190779
114,11,14,08,55,2,04大安區,大安區新生南路1段103巷與新生南路1段103巷33弄口,0,0,1,1,C03,8,6,5,20,4,1,1,5,3,5,13,4,4,10,3,5,2,15,2,57,2,9,6,1,7,9,1,8,2,11,72,1,21,121.5356937,25.0406568
114,11,14,09,00,2,12內湖區,內湖區新湖三路196號,0,0,1,1,B03,7,5,5,50,14,9,1,5,4,5,13,4,4,5,5,5,1,16,2,59,3,10,7,1,7,6,1,8,1,2,80,1,21,121.5940472,25.07079828
114,11,14,09,06,2,06松山區,松山區民權大橋東往西下橋處（北側倒數第三燈桿旁）,0,0,2,1,C03,8,6,5,30,8,9,1,5,4,5,13,4,4,2,4,5,2,12,1,51,2,9,6,1,7,12,1,10,1,12,42,1,21,121.5677446,25.0636276
114,11,14,09,50,2,06松山區,松山區八德路3段與八德路3段12巷口,0,0,1,1,B01,8,6,5,50,4,2,1,5,4,5,13,1,1,5,4,5,2,12,1,43,3,10,7,1,7,9,1,4,1,5,42,1,22,121.5507352,25.04818299
114,11,14,10,15,2,07信義區,信義區吳興街600巷94號,0,0,2,1,C03,8,6,5,30,14,9,1,5,4,5,13,4,4,5,5,5,2,17,2,23,2,9,6,1,7,5,1,10,1,11,44,1,21,121.5712247,25.0186361
114,11,14,10,16,2,03中山區,中山區龍江路298巷,0,0,1,1,B01,8,6,5,50,14,9,1,5,4,5,13,4,4,5,4,5,2,17,1,56,3,10,7,1,7,11,1,4,1,8,10,1,21,121.5407727,25.0617966
114,11,14,10,31,2,01大同區,大同區民生西路與西寧北路口口,0,0,2,1,C03,8,6,5,50,4,2,1,5,4,5,13,2,1,5,5,5,2,16,1,26,2,8,6,1,7,1,3,18,1,14,19,1,21,121.5092129,25.0569344
114,11,14,10,48,2,02萬華區,萬華區環河南路1段與峨眉街口,0,0,1,1,B03,7,7,5,40,3,1,1,5,4,5,13,4,4,9,4,5,2,17,1,57,3,10,7,1,7,6,1,8,1,2,44,1,21,121.5015595,25.0447945
114,11,14,10,54,2,03中山區,中山區雙城街與中山北路2段183巷口,0,0,1,1,C03,7,7,6,30,4,1,1,5,4,5,13,4,4,10,5,5,2,17,2,20,2,9,5,1,7,5,1,10,1,12,99,1,21,121.5243944,25.06372635
114,11,14,11,34,2,01大同區,大同區承德路3段與承德路3段90巷口,0,0,1,1,B01,8,6,5,30,5,1,1,5,4,5,13,4,4,10,5,5,2,16,1,57,3,10,7,1,7,6,1,4,1,5,44,1,21,121.5181836,25.0663798
114,11,14,11,41,2,10文山區,文山區木柵路1段與木柵路1段311巷口,0,0,1,1,B03,8,6,5,50,3,1,1,5,4,5,13,4,4,5,4,5,2,16,1,49,3,10,7,1,7,11,1,8,2,8,10,1,21,121.5558694,24.9883624
114,11,14,12,00,2,10文山區,文山區木柵路1段與木柵路1段76巷口,0,0,1,1,C03,8,5,5,30,4,2,1,5,4,5,13,2,1,10,5,5,2,13,1,19,2,8,6,1,7,5,1,10,2,11,16,1,25,121.5499889,24.9874446
114,11,14,12,07,2,03中山區,中山區松江路123巷6-1號,0,0,1,1,B03,8,7,5,30,14,9,1,5,4,5,13,4,4,10,5,5,1,2,2,30,3,10,7,1,7,9,1,8,1,1,44,1,21,121.5338058,25.0529022
114,11,14,12,10,2,04大安區,大安區敦化南路1段246號,0,0,1,1,B03,7,6,5,50,14,9,1,5,4,5,13,4,4,4,4,5,2,5,1,54,3,10,7,1,7,1,1,8,2,15,118,1,22,121.5485727,25.0398947
114,11,14,12,15,2,08士林區,士林區延平北路7段106巷與堤外便道口,0,0,1,1,B03,7,6,5,30,3,1,1,5,4,5,13,4,4,10,5,5,1,14,1,70,3,10,7,1,7,2,1,8,2,3,12,1,22,121.4961305,25.1016309
114,11,14,12,20,2,07信義區,信義區和平東路3段391巷與無名巷口,0,0,1,1,C03,8,6,5,30,4,1,1,5,4,5,13,4,4,9,5,5,2,17,1,40,2,9,3,4,7,9,1,10,1,11,75,1,22,121.559531,25.0208385
114,11,14,12,26,2,03中山區,中山區民權東路2段與松江路口,0,0,2,1,C03,8,6,5,50,4,1,1,5,4,5,13,2,1,1,4,5,2,16,2,69,2,8,6,1,7,5,3,18,9,14,96,1,21,121.5332238,25.0624942
114,11,14,12,37,2,10文山區,文山區懷恩隧道北往南出口,0,0,1,1,C03,8,6,5,50,14,9,1,5,4,5,13,4,4,5,4,5,2,29,1,33,2,7,6,1,7,9,1,10,9,11,44,1,21,121.5514242,24.9915753
114,11,14,12,55,2,06松山區,松山區敦化北路與敦化北路201巷口,0,0,1,1,C03,7,7,5,50,3,1,1,5,4,5,13,4,4,9,4,4,2,17,1,33,2,9,6,1,7,6,1,10,1,12,9,1,22,121.5492769,25.057279
114,11,14,13,10,2,12內湖區,內湖區康寧路3段189巷73弄與康寧路3段165巷23弄口,0,0,1,1,B03,7,6,6,30,3,1,1,5,4,3,13,4,4,10,5,5,1,17,2,66,3,10,7,1,7,6,1,8,1,8,74,1,21,121.6114136,25.0720034
114,11,14,13,19,2,04大安區,大安區復興南路2段與復興南路2段210巷口,0,0,1,1,B03,8,6,5,50,4,2,1,5,4,5,13,2,1,1,4,1,2,12,1,35,3,10,3,4,7,11,1,8,1,5,71,1,22,121.543389,25.0263325
114,11,14,13,25,2,06松山區,松山區復興南路1段與市民大道4段口,0,0,2,1,C03,7,7,6,50,4,1,1,5,4,5,13,2,1,1,4,5,2,13,2,34,2,9,6,1,7,9,1,10,1,11,16,1,25,121.5439204,25.0447334
114,11,14,13,42,2,06松山區,松山區延壽街與延壽街18巷口,0,0,2,1,C03,8,6,5,30,3,1,1,5,4,5,13,4,4,9,4,5,2,17,1,58,2,9,5,1,7,5,1,10,1,13,72,1,21,121.5684904,25.0573041
114,11,14,15,25,2,01大同區,大同區重慶北路3段220號,0,0,1,1,B03,8,7,5,50,14,9,1,5,4,5,13,4,4,5,4,5,2,12,1,71,3,10,7,1,7,1,1,8,2,4,19,1,22,121.5136525,25.0700456
114,11,14,15,33,2,04大安區,大安區基隆路3段與基隆路3段22巷口,0,0,3,1,C03,8,5,5,50,3,1,1,5,4,5,13,4,4,2,3,5,2,17,1,54,2,9,6,1,7,9,1,8,1,14,102,1,21,121.5472352,25.0198534
114,11,14,15,44,2,03中山區,中山區八德路2段50號,0,0,1,1,B03,8,5,5,50,14,9,1,5,4,5,13,4,4,5,2,5,2,16,1,50,3,10,3,4,7,7,1,8,2,8,100,1,21,121.5352811,25.0453306
114,11,14,15,45,2,06松山區,松山區民權東路4段與富錦街107巷口,0,0,1,1,B03,8,7,5,40,3,1,1,5,4,5,13,4,4,9,4,4,1,17,2,67,3,10,7,4,7,6,1,8,1,6,80,1,22,121.5522056,25.0615046
114,11,14,15,51,2,01大同區,大同區台北橋機慢車道,0,0,1,1,C03,8,6,5,40,8,11,1,5,4,5,13,4,4,1,5,5,2,12,1,42,3,10,6,1,7,7,3,18,2,12,108,1,21,121.5073752,25.0633599
114,11,14,15,53,2,03中山區,中山區龍江路與龍江路223巷口,0,0,1,1,C03,8,6,5,30,4,1,1,5,4,5,13,4,4,10,5,5,2,15,1,22,2,9,6,1,7,9,1,10,1,12,72,1,21,121.5405828,25.05687415
114,11,14,16,00,2,10文山區,文山區指南路3段38巷5之2號,0,0,1,1,B03,8,6,5,30,11,9,1,5,4,5,13,3,1,10,5,5,2,2,1,72,3,10,3,4,7,9,1,8,9,5,42,1,22,121.5835616,24.97638781
114,11,14,16,40,2,03中山區,中山區錦州街與民權東路2段92巷口,0,0,1,1,C03,8,7,8,30,4,1,1,5,4,5,13,4,4,10,5,5,2,15,2,37,2,9,5,1,7,9,1,10,1,14,72,1,22,121.5317292,25.06055407
114,11,14,16,46,2,04大安區,大安區新生南路3段19巷與和平東路2段18巷口,0,0,1,1,B03,8,6,5,30,4,1,1,5,4,5,13,4,4,10,5,5,1,15,1,77,4,11,3,4,7,9,7,19,11,4,72,2,22,121.5359117,25.0249743
114,11,14,16,54,2,04大安區,大安區忠孝東路4段與忠孝東路4段26巷口,0,0,1,1,C03,8,6,5,30,3,3,1,5,4,5,13,4,4,5,3,5,1,17,1,25,2,9,3,4,7,15,1,10,2,14,44,1,23,121.5444793,25.0414475
114,11,14,17,10,2,12內湖區,內湖區民權東路6段與瑞光路口,0,0,1,1,B03,8,7,5,50,4,1,1,5,4,5,13,1,1,1,4,5,2,12,2,71,4,11,3,4,7,9,1,8,11,4,108,2,21,121.5839605,25.068839
114,11,14,17,12,2,09北投區,北投區中央北路1段36號,0,0,2,1,H01,8,5,5,50,14,9,1,5,4,5,13,4,4,9,4,5,2,3,2,81,2,9,4,5,8,16,8,20,10,16,121,1,21,121.5007787,25.1339327
114,11,14,17,33,2,12內湖區,內湖區港墘路221巷與舊宗路2段213巷口,0,0,2,1,C03,8,5,5,30,3,1,1,5,4,5,13,4,4,5,5,5,2,13,1,18,2,8,5,1,7,9,1,10,1,11,16,1,21,121.5745444,25.0736612
114,11,14,17,40,2,12內湖區,內湖區港墘路與瑞光路口,0,0,1,1,B03,7,5,5,50,4,1,1,5,4,5,13,1,1,10,5,5,2,3,1,53,4,11,3,4,7,6,7,19,11,15,70,2,22,121.5750263,25.0762887
114,11,14,17,51,2,04大安區,大安區辛亥路1段與羅斯福路3段口,0,0,1,1,B03,7,5,5,50,4,1,1,5,4,5,13,2,1,9,4,5,1,16,1,69,3,10,3,4,7,6,1,8,1,4,71,1,21,121.5291374,25.0199308
114,11,14,18,00,2,12內湖區,內湖區成功路3段與康寧路1段口,0,0,1,1,B01,7,5,5,50,4,1,1,5,4,5,13,2,1,1,4,5,2,17,1,67,3,10,7,1,7,5,1,4,1,8,42,1,21,121.5907833,25.0805941
114,11,14,18,03,2,07信義區,信義區基隆路2段與嘉興街216巷口,0,0,1,1,C03,8,5,5,50,4,2,1,5,4,5,13,1,1,1,4,5,2,18,1,32,2,9,3,4,7,9,1,10,9,12,44,1,21,121.5561744,25.0274866
114,11,14,18,10,2,12內湖區,內湖區潭美街與新明路321巷口,0,0,2,1,C03,7,5,5,40,3,1,1,5,4,5,13,2,1,5,5,5,2,17,1,49,2,7,6,1,7,5,1,10,1,12,42,1,21,121.5849341,25.0558756
114,11,14,18,11,2,09北投區,北投區尊賢街242巷與吉利街142巷口,0,0,2,1,C03,8,5,5,30,4,2,1,5,4,5,13,4,4,5,5,5,2,17,1,49,2,9,6,1,7,9,1,10,1,14,14,1,22,121.5081211,25.1169508
114,11,14,18,14,2,04大安區,大安區市民大道3段與八德路2段口,0,0,1,1,B01,8,5,5,40,5,1,1,5,4,5,13,1,1,1,4,5,2,16,2,28,3,10,7,4,7,6,1,4,1,5,9,1,21,121.5343453,25.0448958
114,11,14,18,29,2,09北投區,北投區石牌路1段與石牌路1段166巷口,0,0,1,1,B01,8,5,5,50,3,1,1,5,4,5,13,1,1,9,4,5,2,12,1,41,3,10,3,4,7,11,1,4,1,8,71,1,21,121.5134114,25.1144814
114,11,14,18,39,2,03中山區,中山區北安路與北安路87巷口,0,0,2,1,C03,7,5,5,50,3,1,1,5,4,5,13,2,1,1,5,5,1,16,1,57,2,9,3,4,7,5,1,10,1,11,71,1,21,121.5302977,25.07810352
114,11,14,18,50,2,08士林區,士林區仰德大道3段45巷公車停靠區旁,0,0,1,1,C03,8,5,5,40,14,9,1,5,4,5,13,4,4,5,5,5,1,12,2,52,2,9,6,1,7,9,5,10,1,12,17,1,21,121.5193081,25.09629417
114,11,14,19,00,2,03中山區,中山區建國高架道往北,0,0,2,1,B03,8,5,7,70,14,7,1,5,4,5,13,4,4,9,4,5,2,12,2,36,3,10,3,4,7,7,1,8,1,7,80,1,21,121.5368045,25.0500991
114,11,14,19,02,2,01大同區,大同區鄭州路與西寧北路口,0,0,1,1,B03,7,5,5,40,4,1,1,5,4,5,13,2,1,1,4,5,2,17,1,64,3,10,7,4,7,5,1,7,1,1,108,1,21,121.5090147,25.0506053
114,11,14,19,04,2,04大安區,大安區敦化南路2段與敦化南路2段172巷口,0,0,1,1,B01,8,5,5,50,3,2,1,5,4,5,13,4,4,1,4,5,2,17,2,63,3,10,7,4,7,14,1,4,1,6,40,1,21,121.5484451,25.0241142
114,11,14,19,05,2,01大同區,大同區鄭州路與西寧北路口,0,0,2,1,B03,8,5,5,40,4,1,1,5,4,5,13,1,1,1,4,5,2,13,1,38,2,3,7,1,7,9,1,8,2,1,16,1,21,121.5082671,25.0506001
114,11,14,19,17,2,10文山區,文山區羅斯福路6段與景福街口側附近口,0,0,1,1,C03,7,5,5,50,4,1,1,5,4,5,13,1,1,1,4,5,2,17,1,24,2,9,5,1,7,9,1,10,1,11,108,1,21,121.5408188,24.9932225
114,11,14,19,43,2,09北投區,北投區承德路7段與吉利街口,0,0,1,1,C03,8,5,5,50,3,2,1,5,4,5,13,4,4,3,4,3,2,13,2,62,2,7,3,4,7,9,1,10,2,11,16,1,21,121.5036267,25.1177899
114,11,14,19,44,2,10文山區,文山區木新路3段278巷與木新路3段310巷12弄口,0,0,1,1,B02,8,5,5,30,4,1,2,5,4,5,13,4,4,10,5,5,2,17,1,44,3,10,3,4,7,5,1,8,1,1,72,1,21,121.5577888,24.9822215
114,11,14,20,45,2,08士林區,士林區文林路與福德路口,0,0,2,1,C03,7,5,5,50,4,1,1,5,4,5,13,2,1,9,4,5,2,17,2,22,2,6,5,1,7,11,1,10,2,14,44,1,21,121.5260363,25.0922744
114,11,14,20,54,2,05中正區,中正區林森南路與青島東路口,0,0,2,1,C03,8,5,5,50,4,1,1,5,4,5,13,2,1,9,4,5,2,16,1,50,2,9,5,1,7,6,6,18,1,12,71,1,21,121.5229376,25.0437068
114,11,14,21,26,2,07信義區,信義區松勇路69巷2號旁(信義路5段側),0,0,1,1,B03,8,6,5,50,14,9,1,5,4,5,13,4,4,1,4,5,2,17,1,60,3,10,3,4,7,8,1,8,2,6,100,1,22,121.5711292,25.0327802
114,11,14,21,40,2,05中正區,中正區杭州南路1段與仁愛路1段口,0,0,1,1,B03,7,5,5,50,4,2,1,5,4,5,13,1,1,10,5,5,2,16,2,77,3,10,7,1,7,5,1,8,2,1,8,1,21,121.5250531,25.0382064
114,11,14,21,49,2,07信義區,信義區市府路與松壽路口,0,0,1,1,B01,8,5,5,50,4,1,1,4,4,5,12,2,1,4,3,4,2,15,1,60,3,10,7,1,7,1,1,8,1,5,19,1,21,121.5633758,25.0359519
114,11,14,22,11,2,06松山區,松山區八德路4段與寶清街口,0,0,1,1,B01,7,5,5,50,5,2,1,5,4,5,13,2,1,9,4,5,2,15,1,41,3,10,7,1,7,11,1,4,1,2,71,1,21,121.5689876,25.0493782
114,11,14,22,56,2,05中正區,中正區重慶南路2段與寧波西街口,0,0,1,1,B03,8,6,5,50,4,1,1,5,4,5,13,1,1,1,4,5,2,13,1,46,3,10,7,1,7,9,1,4,1,5,108,1,21,121.5152425,25.0295916
114,11,14,23,15,2,12內湖區,內湖區成功路2段與成功路2段320巷口,0,0,1,1,C03,7,5,5,50,3,1,1,5,4,5,13,1,1,10,5,5,2,11,1,19,3,10,6,1,7,8,1,10,2,12,101,1,21,121.5905974,25.0674444
114,11,14,23,22,2,02萬華區,萬華區環河南路2段與桂林路口,0,0,1,1,B12,8,6,5,40,4,1,1,5,4,5,13,2,1,1,4,4,2,9,1,46,3,10,7,1,7,6,1,10,1,1,70,1,21,121.4973469,25.0386456
114,11,15,05,32,2,05中正區,中正區中山南路與貴陽街1段口,0,0,2,1,F01,8,5,5,40,3,1,1,5,4,5,13,2,1,1,4,1,2,15,1,23,2,9,2,1,7,11,8,20,2,11,11,1,21,121.5172554,25.0380928
114,11,15,07,24,2,03中山區,中山區建國北路3段與民權東路3段口,0,0,1,1,A11,8,7,5,50,4,2,1,5,4,5,13,1,1,1,4,5,2,2,1,48,3,10,7,1,7,6,1,3,1,5,70,1,21,121.5373196,25.06282263
114,11,15,07,30,2,08士林區,士林區故宮路與自強隧道(外)口,0,0,2,1,C03,8,6,5,50,14,9,1,5,4,5,13,4,4,10,4,5,1,13,1,41,2,8,6,1,7,9,1,10,2,11,108,1,21,121.5484346,25.09567501
114,11,15,07,39,2,01大同區,大同區承德路2段與民權西路口,0,0,1,1,C03,8,5,5,50,4,1,1,5,4,5,13,2,1,1,4,5,2,16,2,21,2,9,5,1,7,9,1,10,1,11,81,1,21,121.5181425,25.0628282
114,11,15,07,50,2,09北投區,北投區磺港路與三合街2段口,0,0,1,1,C03,8,7,5,30,4,2,1,5,4,5,13,1,1,1,5,5,2,13,2,78,2,5,5,1,7,9,1,10,1,11,118,1,22,121.5036353,25.12676082
114,11,15,08,46,2,12內湖區,內湖區南湖大橋與堤外便道口引道,0,0,2,1,B03,8,7,8,50,4,1,1,5,4,5,13,2,1,1,2,5,1,16,2,40,3,10,7,1,7,6,1,8,1,2,80,1,21,121.6110498,25.0649172
114,11,15,09,13,2,07信義區,信義區信義路4段與基隆路2段口,0,0,2,1,C03,8,6,5,50,4,1,1,5,4,5,13,1,1,1,3,5,2,17,1,31,3,10,6,1,7,8,1,10,1,12,44,1,21,121.5594446,25.0329417
114,11,15,09,30,2,08士林區,士林區士商路與基河路300巷口,0,0,1,1,B03,8,6,5,50,3,2,1,5,4,5,13,4,4,5,5,5,1,9,2,42,3,10,7,1,7,5,1,8,1,8,70,1,21,121.5184984,25.09318745
114,11,15,09,55,2,10文山區,文山區指南路3段34巷電線桿指南幹106B7225EB24,0,0,1,1,F01,8,5,5,30,11,9,1,5,4,5,13,4,4,10,5,5,1,11,1,21,2,9,5,1,7,9,8,20,2,11,5,1,21,121.5829116,24.96879542
114,11,15,10,00,2,03中山區,中山區中山北路2段與民生東路1段口口,0,0,1,1,C03,8,7,5,50,5,2,1,5,4,5,13,1,1,5,4,5,2,17,2,57,3,10,3,4,7,7,1,10,1,15,44,1,21,121.5229463,25.0576598