發生年度,發生月,發生日,發生時-Hours,發生分,處理別-編號,區序,肇事地點,死亡人數,2-30日死亡人數,受傷人數,當事人序號,車種,天候,光線,道路類別,速限-速度限制,道路型態,事故位置,路面狀況1,路面狀況2,路面狀況3,道路障礙1,道路障礙2,號誌1,號誌2,車道劃分-分向,車道劃分-分道1,車道劃分-分道2,車道劃分-分道3,事故類型及型態,性別,年齡,受傷程度,主要傷處,保護裝置,行動電話,車輛用途,當事者行動狀態,駕駛資格情形,駕駛執照種類,飲酒情形,車輛撞擊部位1,肇因碼-個別,個人肇逃否,職業,座標-X,座標-Y
114,11,15,10,00,2,12內湖區,內湖區內湖路3段256巷8號,0,0,1,1,B03,8,7,5,30,14,9,1,5,4,5,13,4,4,10,5,5,2,11,1,47,3,10,7,1,7,9,1,8,2,8,5,1,21,121.5867607,25.0912718
114,11,15,10,25,2,05中正區,中正區中正橋往北下橋處,0,0,4,1,C03,8,7,5,50,14,9,1,5,4,5,13,1,1,1,4,5,2,17,2,53,2,9,5,1,7,7,1,10,2,14,100,1,22,121.5169239,25.0229177
114,11,15,10,35,2,06松山區,松山區南京東路5段251巷32弄與南京東路5段251巷口,0,0,2,1,C03,8,7,5,30,4,1,1,5,4,5,13,4,4,10,5,5,2,15,1,65,2,7,5,1,7,9,1,10,1,14,72,1,26,121.5651072,25.0529314
114,11,15,10,40,2,09北投區,北投區中和街與中和街20巷口口,0,0,1,1,B03,8,5,5,50,14,18,1,5,4,5,13,4,4,5,5,5,2,3,2,74,3,10,2,1,7,9,1,8,9,1,70,1,21,121.5030574,25.1377486
114,11,15,10,50,2,08士林區,士林區至善路2段34號,0,0,1,1,B03,8,6,5,30,14,9,1,5,4,5,13,4,4,1,4,5,1,12,1,50,3,10,7,1,7,9,1,8,2,2,16,1,21,121.5445639,25.09717445
114,11,15,10,50,2,10文山區,文山區木新路2段265號,0,0,1,1,F01,8,6,5,50,14,7,1,5,4,5,13,4,4,5,4,4,2,17,1,42,2,9,5,4,7,7,8,20,1,14,100,1,22,121.5662999,24.9831069
114,11,15,11,07,2,09北投區,北投區中央北路2段350巷60號,0,0,1,1,C03,8,7,5,30,14,9,1,5,4,3,10,4,4,10,5,5,2,11,2,63,2,9,5,1,7,1,1,10,2,11,80,1,22,121.4884032,25.1394457
114,11,15,11,17,2,11南港區,南港區東新街170巷與南港公園停車場出入口,0,0,1,1,B03,8,6,5,50,14,9,1,5,4,5,13,4,4,8,5,5,2,12,1,35,3,10,3,4,7,1,1,8,1,8,80,1,21,121.5916098,25.0461385
114,11,15,11,22,2,04大安區,大安區敦化南路1段與敦化南路1段190巷口,0,0,2,1,C03,8,5,5,50,3,1,1,5,4,5,13,2,1,10,5,5,2,16,2,60,2,9,3,4,7,6,1,10,1,14,108,1,21,121.548581,25.0426414
114,11,15,11,29,2,01大同區,大同區鄭州路與西寧北路口,0,0,1,1,C03,8,6,5,40,5,1,1,5,4,5,13,4,4,1,5,5,2,17,1,28,3,10,6,1,7,5,1,10,2,17,44,1,21,121.5081754,25.0505924
114,11,15,11,37,2,05中正區,中正區重慶南路3段143號,0,0,4,1,C03,8,7,5,50,14,9,1,5,4,5,13,4,4,1,4,5,2,13,2,31,2,9,5,1,7,9,1,10,1,11,16,1,22,121.5169565,25.0233521
114,11,15,11,38,2,04大安區,大安區基隆路2段與和平東路3段口,0,0,1,1,B03,8,6,5,50,4,1,1,5,4,5,13,2,1,1,4,5,2,17,2,44,3,10,7,1,7,6,1,8,1,17,9,1,22,121.5523633,25.0243099
114,11,15,12,03,2,03中山區,中山區長春路176號對面,0,0,1,1,B01,8,7,6,40,14,7,1,5,4,5,13,4,4,10,4,4,2,17,1,49,3,10,7,1,7,1,1,6,1,8,19,1,21,121.5342969,25.054965
114,11,15,12,20,2,03中山區,中山區中山北路3段62號,0,0,2,1,E03,8,7,5,50,14,9,1,5,4,1,13,4,4,1,4,5,2,17,2,32,2,1,7,1,7,1,1,8,2,1,116,1,23,121.5238615,25.072769
114,11,15,12,33,2,10文山區,文山區辛亥路5段與辛亥路5段25巷口,0,0,2,1,C03,8,6,5,30,4,1,1,5,4,5,13,2,1,5,5,5,2,16,1,20,3,10,6,1,7,5,1,10,1,14,8,1,21,121.5540642,24.9998902
114,11,15,12,50,2,09北投區,北投區復興二路與開明街口,0,0,2,1,B01,8,6,5,30,4,1,1,5,4,5,13,4,4,10,5,5,2,15,1,63,3,10,7,1,7,9,1,4,2,1,14,1,21,121.5021456,25.1414046
114,11,15,12,58,2,07信義區,信義區基隆路1段156號與松隆路口,0,0,2,1,C03,8,6,5,50,3,2,1,5,4,5,13,2,1,5,4,5,2,13,2,20,2,8,6,1,7,8,1,10,2,11,16,1,21,121.5657626,25.0435226
114,11,15,13,13,2,10文山區,文山區久康街100之1號,0,0,1,1,H01,8,5,5,30,14,9,1,5,4,5,13,4,4,10,5,5,2,6,2,3,2,9,4,5,8,18,8,20,1,16,53,1,24,121.5679443,24.9906381
114,11,15,13,18,2,03中山區,中山區龍江路271巷與錦州街418巷口,0,0,1,1,C03,8,7,5,30,3,1,1,5,4,5,13,4,4,10,5,5,2,17,1,55,3,10,5,1,7,5,1,10,1,14,72,1,21,121.5420071,25.05950498
114,11,15,13,22,2,12內湖區,內湖區東湖路7巷27號對面,0,0,1,1,B03,8,6,5,0,14,20,1,5,4,5,13,4,4,10,5,5,2,3,1,30,3,10,7,1,7,6,1,8,2,5,70,1,21,121.6124332,25.06953429
114,11,15,13,39,2,06松山區,松山區南京東路5段與八德路4段245巷口,0,0,1,1,B03,8,6,5,40,4,1,1,4,4,5,13,2,1,1,4,4,2,16,2,78,3,10,3,4,7,6,1,8,1,2,71,1,21,121.5639304,25.0513023
114,11,15,13,50,2,03中山區,中山區北安路670巷與明水路口,0,0,1,1,B03,8,7,5,50,4,2,1,5,4,5,13,2,1,9,4,5,2,13,2,54,3,10,7,1,7,9,1,8,1,1,42,1,21,121.5507191,25.08378077
114,11,15,13,50,2,03中山區,中山區中山北路3段與民權西路口,0,0,2,1,B03,8,6,5,50,14,9,1,5,4,5,13,1,1,1,4,5,2,13,1,49,3,10,7,1,7,9,1,8,2,1,44,1,21,121.5221793,25.0627212
114,11,15,13,57,2,11南港區,南港區市民大道7段與南港路3段47巷口,0,0,2,1,C03,8,6,5,50,3,2,1,5,4,5,13,2,1,1,4,5,2,16,1,61,3,10,3,4,7,5,1,10,2,14,8,1,22,121.5908891,25.0507415
114,11,15,14,03,2,03中山區,中山區渭水路20號,0,0,1,1,B03,8,7,5,40,14,7,1,5,4,5,13,4,4,9,4,4,2,16,1,57,3,10,7,1,7,5,1,8,1,8,8,1,21,121.5339638,25.0457171
114,11,15,14,10,2,07信義區,信義區吳興街220巷67號,0,0,1,1,C03,8,6,5,50,14,9,1,5,4,5,13,4,4,9,5,5,2,17,1,48,3,10,3,4,7,9,1,10,1,17,30,1,22,121.5612875,25.0262862
114,11,15,14,12,2,06松山區,松山區南京東路4段105號,0,0,1,1,C03,8,7,5,50,14,7,1,5,4,5,13,4,4,1,4,4,2,18,2,70,2,9,5,1,7,9,1,10,1,17,42,1,26,121.5546618,25.0517086
114,11,15,14,15,2,05中正區,中正區南海路與重慶南路2段口,0,0,1,1,C03,8,7,5,50,4,2,1,5,4,5,13,1,1,1,4,5,2,17,2,36,2,9,5,1,7,5,1,10,2,14,8,1,22,121.5146009,25.0319504
114,11,15,14,21,2,08士林區,士林區中正路與中正路399巷口,0,0,1,1,C03,8,6,5,50,3,2,1,5,4,5,13,4,4,3,4,5,2,17,1,28,2,9,6,1,7,9,1,10,2,12,42,1,22,121.5211581,25.0940732
114,11,15,14,40,2,01大同區,大同區環河北路1段與涼州街口,0,0,1,1,B03,8,6,5,50,5,1,1,5,4,5,13,4,4,1,5,5,2,16,2,29,3,10,7,1,7,6,1,8,1,6,9,1,21,121.5085335,25.0604375
114,11,15,14,45,2,11南港區,南港區研究院路1段101巷與富康街1巷16弄口,0,0,1,1,B03,8,6,6,50,4,2,1,5,4,5,13,4,4,9,5,5,2,16,1,34,3,10,3,4,7,11,1,8,1,8,10,1,21,121.6178083,25.0523345
114,11,15,14,47,2,08士林區,士林區至善路3段39號,0,0,1,1,B03,8,5,5,40,14,9,1,5,4,5,13,4,4,5,4,5,2,14,1,55,3,10,7,1,7,2,1,8,2,3,12,1,21,121.5670834,25.1134021
114,11,15,15,13,2,04大安區,大安區基隆路3段與長興街口,0,0,1,1,B03,8,5,4,50,4,1,1,5,4,4,13,2,1,1,3,5,2,16,1,38,3,10,7,1,7,6,1,8,1,2,98,1,21,121.5443194,25.0171105
114,11,15,15,16,2,05中正區,中正區重慶南路3段178號,0,0,2,1,B03,8,5,5,40,14,9,1,5,4,5,13,1,1,4,3,5,2,12,1,64,3,10,7,1,7,9,1,8,2,6,17,1,21,121.5167383,25.0225775
114,11,15,15,19,2,04大安區,大安區市民大道4段與敦化南路1段161巷5弄口,0,0,3,1,C03,8,6,5,40,14,9,1,5,4,5,13,4,4,1,3,5,2,13,1,21,2,8,6,1,7,9,1,10,1,14,16,1,21,121.549491,25.0446577
114,11,15,15,30,2,03中山區,中山區大直街62巷與大直街口無名巷,0,0,1,1,B03,8,6,5,30,4,1,1,5,4,5,13,4,4,10,5,5,2,15,2,41,3,10,7,1,7,9,1,8,1,4,80,1,21,121.5452992,25.08296083
114,11,15,15,39,2,05中正區,中正區中華路1段與漢口街1段口,0,0,2,1,C03,8,6,5,50,4,1,1,5,4,5,13,2,1,1,4,5,2,13,2,20,2,8,5,1,7,9,1,10,1,11,16,1,22,121.50935,25.0451011
114,11,15,16,06,2,12內湖區,內湖區陽光街161巷8號,0,0,1,1,B03,8,6,6,30,11,24,1,5,4,5,13,4,4,10,5,5,2,1,1,42,3,10,3,4,7,14,1,8,9,17,38,1,22,121.5852661,25.0746265
114,11,15,16,08,2,04大安區,大安區光復南路與光復南路290巷口,0,0,1,1,F02,8,6,5,30,14,9,1,5,4,5,13,2,1,10,5,5,1,12,2,63,2,7,5,1,7,9,8,20,1,15,17,1,22,121.5575335,25.03938622
114,11,15,16,40,2,10文山區,文山區木柵路4段與和平東路4段口,0,0,1,1,B03,8,5,5,50,3,2,1,5,4,5,13,2,1,5,4,5,2,12,2,42,3,10,7,1,7,9,1,8,1,5,44,1,21,121.574483,24.9980294
114,11,15,16,48,2,07信義區,信義區光復南路348號對面,0,0,1,1,B01,8,6,5,50,14,7,1,5,4,5,13,4,4,1,3,4,2,12,1,63,3,10,7,1,7,9,1,8,1,7,101,1,21,121.5576195,25.0382856
114,11,15,16,50,2,06松山區,松山區八德路2段與八德路2段410巷口,0,0,1,1,B03,8,7,5,50,3,1,1,5,4,5,13,1,1,9,4,5,2,17,1,22,3,10,7,4,7,6,1,8,1,5,17,1,22,121.546834,25.0481155
114,11,15,17,00,2,12內湖區,內湖區堤外便道自行車道(基十二號水門),0,0,2,1,F01,7,6,8,30,14,23,1,5,4,5,13,4,4,10,5,5,2,2,1,11,2,8,4,1,7,9,8,20,1,11,16,1,21,121.5951165,25.0609207
114,11,15,17,06,2,12內湖區,內湖區民權東路6段190巷61弄與民權東路6段206巷口,0,0,1,1,B03,8,5,5,30,3,18,1,5,4,5,13,4,4,10,5,5,2,3,2,40,3,10,7,1,7,5,1,8,2,8,70,1,21,121.5956635,25.0659448
114,11,15,17,25,2,05中正區,中正區中山北路1段與北平東路口,0,0,1,1,B01,8,5,5,50,5,2,1,5,4,5,13,1,1,10,5,5,2,17,1,63,3,10,7,1,7,5,1,4,2,1,98,1,21,121.5204346,25.0472157
114,11,15,17,35,2,10文山區,文山區福和橋自行車道與自行車牽引道,0,0,1,1,F01,8,5,8,0,22,23,1,5,4,5,13,4,4,10,5,4,2,16,1,23,2,8,4,1,7,6,8,20,1,11,80,1,21,121.533214,25.0089112
114,11,15,17,45,2,10文山區,文山區木柵路4段與木柵路4段149巷口,0,0,1,1,B02,8,5,5,50,3,2,1,5,4,5,13,2,1,5,4,5,1,16,1,34,3,10,7,1,7,6,1,8,2,5,9,1,21,121.574993,24.9987552
114,11,15,17,50,2,01大同區,大同區台北橋機慢車道往北市下橋前第四燈桿,0,0,3,1,C03,8,5,7,40,8,11,1,5,4,5,13,4,4,8,3,5,2,12,2,57,2,9,6,1,7,9,1,10,1,14,44,1,21,121.5072296,25.0629149
114,11,15,18,06,2,03中山區,中山區民權東路2段63號,0,0,1,1,C03,8,6,5,50,14,9,1,5,4,5,13,2,1,1,5,5,1,12,1,33,3,10,3,4,7,8,1,10,1,11,16,1,21,121.5310772,25.06265103
114,11,15,18,07,2,02萬華區,萬華區和平西路3段與和平西路3段13巷口,0,0,1,1,B03,7,5,5,50,4,1,1,5,4,5,13,2,1,3,4,4,2,15,1,48,3,10,3,4,7,9,1,8,1,8,81,1,22,121.5041751,25.0344292
114,11,15,18,15,2,08士林區,士林區中山北路5段與福林路口,0,0,2,1,A02,8,6,5,50,4,2,1,5,4,5,13,2,1,8,4,5,1,17,1,32,3,10,7,1,7,9,1,2,1,2,17,1,21,121.5282589,25.09403539
114,11,15,18,25,2,11南港區,南港區研究院路1段101巷與力行橋口口,0,0,1,1,B03,8,5,5,50,5,1,1,5,4,5,13,2,1,5,5,5,2,12,1,77,3,10,3,4,7,12,1,8,2,2,17,1,22,121.6170999,25.052056
114,11,15,18,40,2,08士林區,士林區仰德大道1段101號,0,0,1,1,B03,8,5,6,40,11,9,1,5,4,5,13,4,4,4,5,5,1,17,2,52,3,10,7,1,7,9,1,8,2,2,44,1,22,121.5382236,25.10431527
114,11,15,18,44,2,05中正區,中正區忠孝東路2段104號附近側附近旁(臨沂街上),0,0,1,1,B01,8,5,5,30,14,9,1,5,4,5,13,2,1,5,5,5,1,17,1,56,3,10,3,4,7,14,1,4,2,2,40,1,21,121.5306003,25.042297
114,11,15,19,00,2,12內湖區,內湖區內湖路1段與內湖路1段47巷口,0,0,1,1,B03,8,5,5,40,3,1,1,5,4,5,13,4,4,1,4,4,2,12,2,41,3,10,7,1,7,6,1,8,1,5,9,1,21,121.5593327,25.0850818
114,11,15,19,12,2,03中山區,中山區吉林路83號,0,0,1,1,B03,8,5,5,40,14,8,1,5,4,5,13,4,4,5,4,4,1,12,1,49,3,10,7,1,7,14,1,8,2,4,40,1,21,121.5302222,25.0553538
114,11,15,19,17,2,03中山區,中山區復興北路與長春路口,0,0,1,1,B03,8,5,5,50,4,2,1,5,4,5,13,2,1,1,5,5,2,12,1,37,3,10,7,1,7,7,1,8,2,8,100,1,21,121.5440278,25.0547384
114,11,15,19,40,2,06松山區,松山區八德路3段12巷與八德路3段12巷16弄口,0,0,1,1,C03,8,5,5,30,4,1,1,5,4,5,13,4,4,10,5,5,2,17,1,22,2,9,5,1,7,9,1,10,1,11,72,1,21,121.5507165,25.0471595
114,11,15,20,29,2,10文山區,文山區木柵路1段與試院路口（雙號）口,0,0,1,1,C03,8,5,5,50,4,1,1,5,4,5,13,2,1,5,4,5,2,18,1,59,2,9,3,4,7,9,3,18,2,17,42,1,21,121.5500076,24.987488
114,11,15,20,42,2,06松山區,松山區八德路3段10號,0,0,2,1,C03,8,5,5,50,14,9,1,5,4,5,13,4,4,5,4,5,2,10,2,39,2,7,6,1,7,9,1,8,2,11,44,1,22,121.5501688,25.0481967
114,11,15,20,50,2,11南港區,南港區忠孝東路6段195號,0,0,1,1,B01,8,5,5,50,14,8,1,5,4,5,13,4,4,1,4,4,2,12,1,66,3,10,3,4,7,8,6,18,1,6,100,1,21,121.5878239,25.0490595
114,11,15,21,30,2,08士林區,士林區天母東路69巷與中山北路7段82巷口,0,0,1,1,B03,8,5,5,30,3,1,1,5,4,5,13,3,1,8,3,5,2,16,2,63,3,10,3,4,7,5,1,8,2,1,72,1,22,121.532952,25.1211379
114,11,15,21,45,2,09北投區,北投區中和街59號,0,0,2,1,F01,8,5,5,50,14,9,1,5,4,5,13,4,4,4,1,5,1,17,2,74,2,9,4,1,7,11,8,20,1,12,1,1,21,121.5020887,25.138713
114,11,15,21,45,2,11南港區,南港區成福路272號,0,0,1,1,B03,8,5,5,40,12,9,1,4,4,5,13,4,4,10,5,5,1,1,1,29,3,10,3,4,7,5,1,8,2,1,16,1,22,121.5907306,25.0375151
114,11,15,21,53,2,08士林區,士林區仰德大道2段與仰德大道2段70巷口,0,0,1,1,,8,6,5,40,3,2,1,5,4,5,13,2,1,8,5,5,1,12,4,0,,,,,,,,,11,,119,2,,121.5451202,25.1062823
114,11,15,22,53,2,06松山區,松山區復興南路1段39號(市民大道側),0,0,1,1,B01,8,5,5,30,14,9,1,5,4,5,13,4,4,1,4,5,2,16,1,51,3,10,7,1,7,6,1,4,1,4,72,1,21,121.545436,25.0451407
114,11,15,22,54,2,02萬華區,萬華區萬大路336號,0,0,1,1,C03,8,5,5,30,14,9,1,5,5,5,13,4,4,2,4,5,2,29,2,23,2,9,5,1,7,9,1,10,1,12,13,1,21,121.5001473,25.0241558
114,11,15,23,10,2,01大同區,大同區酒泉街與大龍街口,0,0,2,1,C03,7,5,5,50,4,1,1,5,4,5,13,2,1,5,4,5,2,17,1,64,2,9,6,4,7,5,1,10,2,13,80,1,22,121.5158338,25.0719945
114,11,15,23,12,2,07信義區,信義區莊敬路與吳興街口側附近156巷口,0,0,1,1,B03,8,5,5,50,4,1,1,5,4,5,13,1,1,5,4,5,2,15,1,37,3,10,3,4,7,15,1,8,2,1,83,1,21,121.5622447,25.0295313
114,11,16,00,30,2,02萬華區,萬華區西藏路111號,0,0,2,1,H01,7,5,5,50,14,9,1,5,4,5,13,4,4,3,4,5,1,9,1,65,2,9,4,5,8,16,8,20,1,16,121,1,22,121.5031623,25.029782
114,11,16,01,01,2,03中山區,中山區民權東路1段65號,0,0,1,1,C03,8,6,5,50,14,9,1,5,4,5,13,4,4,3,4,5,2,18,1,47,2,9,6,1,7,9,1,10,9,12,116,1,26,121.5211506,25.0500313
114,11,16,01,59,2,02萬華區,萬華區萬大路與東園街口,0,0,2,1,B03,8,5,5,30,4,2,4,5,4,5,13,1,1,2,4,5,2,13,2,47,3,10,7,1,7,9,1,8,1,1,108,1,21,121.4986653,25.0217305
114,11,16,04,39,2,03中山區,中山區民生東路2段與建國北路2段口,0,0,2,1,C03,8,7,5,50,4,1,1,5,4,5,13,1,1,9,4,5,2,13,2,40,2,8,3,4,7,9,1,10,1,11,16,1,21,121.5362936,25.05786482
114,11,16,07,17,2,02萬華區,萬華區桂林路1號前燈桿,0,0,1,1,C03,8,5,8,50,22,22,1,5,4,5,13,1,1,10,5,5,2,38,1,69,2,1,3,4,7,15,1,10,1,11,42,1,21,121.5063122,25.0376441
114,11,16,07,22,2,12內湖區,內湖區民權東路6段與成功路2段口,0,0,1,1,C03,8,6,5,50,4,1,1,5,4,5,13,2,1,3,4,5,2,16,1,34,2,9,6,1,7,5,1,10,1,11,85,1,21,121.5908015,25.0689373
114,11,16,07,26,2,09北投區,北投區育仁路與豐年路1段口,0,0,2,1,C03,8,7,5,30,5,1,1,5,4,5,13,3,1,5,5,5,2,16,1,82,2,9,5,1,7,9,1,10,1,11,72,1,21,121.4984239,25.1338478
114,11,16,07,58,2,03中山區,中山區龍江路356巷與五常街53巷口,0,0,1,1,C03,8,6,5,50,4,1,1,5,4,5,13,4,4,5,5,5,2,15,2,39,2,9,5,1,7,9,1,10,1,11,72,1,22,121.5396696,25.0659581
114,11,16,08,38,2,09北投區,北投區承德路7段303號,0,0,3,1,C04,8,7,5,40,14,8,1,5,4,5,13,4,4,1,4,4,2,16,1,28,2,9,5,1,7,6,1,10,1,14,80,1,22,121.5041317,25.1169099
114,11,16,09,02,2,03中山區,中山區中山北路1段124號前,0,0,1,1,C03,8,7,5,50,14,9,1,5,4,5,13,4,4,5,4,5,2,13,2,70,2,3,3,4,7,9,1,10,1,11,44,1,21,121.5220021,25.0508772
114,11,16,09,22,2,08士林區,士林區環河北路3段225號旁,0,0,1,1,A41,8,7,5,50,14,9,1,5,4,5,13,4,4,8,3,5,2,17,4,0,4,11,3,4,7,9,7,19,11,17,44,2,22,121.5036019,25.0883895
114,11,16,09,47,2,09北投區,北投區東昇路1209709號燈桿,0,0,1,1,F01,8,7,5,30,14,9,1,5,4,5,13,4,4,5,5,5,1,17,1,20,2,9,3,1,7,9,8,20,1,11,16,1,21,121.5225075,25.1442479
114,11,16,10,18,2,12內湖區,內湖區環山路1段與文湖街口,0,0,2,1,B03,8,6,5,50,3,1,1,5,4,5,13,2,1,5,4,5,2,16,1,55,3,10,7,1,7,5,1,7,2,6,71,1,21,121.5656269,25.0864028
114,11,16,10,42,2,08士林區,士林區中正路601號,0,0,1,1,B12,8,5,8,50,22,22,1,5,4,5,13,4,4,1,5,5,1,17,1,56,3,10,7,1,7,6,1,8,1,2,17,1,21,121.5098584,25.0866617
114,11,16,10,50,2,03中山區,中山區復興北路488巷與民權東路3段39巷口,0,0,1,1,F01,8,6,6,30,4,1,1,5,4,5,13,4,4,9,4,5,2,15,2,81,2,9,4,1,7,9,8,20,1,12,72,1,21,121.5425783,25.06514424
114,11,16,11,12,2,03中山區,中山區北安路與大直街口,0,0,1,1,C03,8,5,5,50,4,1,1,5,4,5,13,1,1,1,4,5,2,16,1,71,2,9,3,4,7,5,1,10,1,14,96,1,21,121.5468449,25.07999301
114,11,16,12,01,2,08士林區,士林區中山北路4段與通河街口北往南066號燈桿,0,0,1,1,C04,8,7,5,50,14,12,1,5,4,5,13,4,4,5,3,4,1,17,2,29,3,10,3,4,7,8,1,10,1,17,17,1,21,121.5244601,25.0792294
114,11,16,12,05,2,08士林區,士林區華齡街212號,0,0,2,1,C03,8,6,5,30,14,9,1,5,4,5,10,4,4,9,5,5,2,17,1,71,2,9,6,1,7,1,1,10,2,11,19,1,22,121.5198476,25.0883706
114,11,16,12,12,2,03中山區,中山區南京東路2段20號,0,0,2,1,C03,8,6,5,50,14,9,1,5,4,3,13,1,1,1,4,4,1,13,1,62,2,7,6,1,7,9,1,10,1,11,13,1,21,121.5290999,25.0520845
114,11,16,12,24,2,02萬華區,萬華區環河南路1段348巷,0,0,1,1,C03,8,7,5,30,14,9,1,5,4,5,13,4,4,10,5,5,2,13,1,25,2,9,5,1,7,9,1,10,1,11,16,1,21,121.4965976,25.03931025
114,11,16,12,41,2,08士林區,士林區仰德大道2段48號,0,0,1,1,C03,8,7,5,0,14,9,1,5,4,5,13,4,4,5,5,5,1,10,1,60,2,9,5,1,7,15,1,10,1,11,4,1,21,121.5436598,25.10551274
114,11,16,13,03,2,06松山區,松山區南京東路5段與南京東路5段250巷口,0,0,2,1,C03,8,6,5,30,4,1,1,5,4,5,13,1,1,1,3,5,2,16,1,29,2,9,6,1,7,5,1,10,1,14,8,1,27,121.5661451,25.0513279
114,11,16,13,10,2,08士林區,士林區中山北路4段圓山閘道,0,0,1,1,B03,8,6,5,50,14,7,1,5,4,5,13,1,1,1,4,3,2,13,1,50,3,10,7,1,7,9,1,8,1,1,16,1,22,121.5251041,25.0771159
114,11,16,13,29,2,04大安區,大安區基隆路高架道往北051燈桿,0,0,1,1,B03,8,5,5,60,14,9,1,5,4,5,13,4,4,10,5,5,2,13,1,48,3,10,3,4,7,9,1,8,1,1,42,1,21,121.5420012,25.0151029
114,11,16,13,42,2,07信義區,信義區基隆路1段與松高路口,0,0,1,1,B03,8,6,5,50,4,1,1,5,4,5,13,2,1,1,4,5,2,17,1,42,3,10,3,4,7,9,1,8,1,5,86,1,21,121.5635572,25.0391947
114,11,16,14,00,2,11南港區,南港區忠孝東路6段156號,0,0,3,1,C03,8,6,5,50,14,9,1,5,4,5,13,4,4,1,3,5,2,17,1,63,2,7,3,4,7,1,1,10,1,13,19,1,21,121.586069,25.0483966
114,11,16,14,32,2,02萬華區,萬華區西園路2段281巷與西園路2段口,0,0,1,1,B03,8,7,5,30,4,1,1,5,4,5,13,1,1,10,3,5,2,15,2,29,3,10,7,1,7,9,1,8,1,1,44,1,22,121.4914156,25.0251018
114,11,16,14,52,2,06松山區,松山區八德路4段245巷與八德路4段245巷32弄口,0,0,2,1,C03,8,5,5,30,4,1,1,5,4,5,13,1,1,10,5,5,2,17,2,30,2,8,6,1,7,5,1,10,1,14,8,1,21,121.5645285,25.0499836
114,11,16,15,54,2,06松山區,松山區市民大道4段77號,0,0,1,1,C04,8,6,5,40,14,9,1,5,4,5,13,4,4,1,4,5,2,16,1,41,2,9,6,1,7,7,1,10,7,14,100,1,21,121.5473477,25.0451067
114,11,16,16,12,2,04大安區,大安區忠孝東路4段223巷與延吉街62巷口,0,0,2,1,C03,8,5,5,30,4,2,1,5,4,5,13,4,4,9,4,5,2,15,2,20,2,5,3,4,7,9,1,10,1,11,72,1,21,121.5530272,25.0434672
114,11,16,16,30,2,02萬華區,萬華區馬場町河濱公園自行車道編號3010225號燈桿,0,0,1,1,F01,8,7,8,0,18,23,1,5,4,5,13,4,4,5,3,5,2,12,4,0,,,,,,,,,9,,67,1,,121.5041545,25.0190025
114,11,16,16,40,2,05中正區,中正區忠孝東路1段70巷與林森南路3巷口,0,0,2,1,B03,8,5,5,50,3,2,1,5,4,5,13,4,4,8,4,5,2,17,1,30,3,10,7,1,7,1,1,8,1,7,19,1,21,121.5237502,25.04418521
114,11,16,16,58,2,05中正區,中正區古亭河濱公園與古亭河濱公園口自行車道,0,0,2,1,F01,8,6,5,50,3,1,1,5,4,5,13,4,4,5,4,5,2,10,2,7,2,8,4,1,7,9,8,20,1,11,44,1,21,121.5305917,25.0103466
114,11,16,17,27,2,04大安區,大安區愛國東路79巷13號,0,0,2,1,C03,8,5,5,30,14,9,1,5,4,5,13,4,4,5,5,5,2,17,2,35,2,9,5,1,7,9,1,10,1,11,16,1,21,121.5276365,25.0327416
114,11,16,17,40,2,12內湖區,內湖區行愛路與新湖三路口,0,0,1,1,C03,8,5,5,50,4,1,1,5,4,5,13,2,1,5,4,5,2,16,1,67,3,10,5,1,7,5,1,10,1,11,8,1,21,121.5794812,25.0648938
114,11,16,17,49,2,10文山區,文山區興隆路2段與興隆路2段244巷口,0,0,2,1,B03,8,5,5,50,3,1,1,5,4,5,13,4,4,5,5,5,2,13,1,64,3,10,7,1,7,5,1,8,1,4,16,1,21,121.5538279,25.001063
114,11,16,18,12,2,01大同區,大同區承德路3段與敦煌路口,0,0,1,1,B03,7,5,5,30,4,2,1,5,4,5,13,1,1,10,5,5,2,17,2,35,3,10,3,4,7,9,1,8,1,2,108,1,21,121.5201059,25.07554606
114,11,16,19,00,2,07信義區,信義區福德街84巷50號,0,0,1,1,B01,6,6,5,30,14,9,1,4,4,5,13,4,4,10,5,5,2,9,1,61,3,10,7,1,7,1,1,8,9,2,19,1,21,121.5809538,25.0384881
114,11,16,19,39,2,04大安區,大安區和平東路1段與青田街口,0,0,1,1,C03,8,5,5,50,3,4,1,5,4,5,13,1,1,10,5,5,1,13,2,22,2,9,5,1,7,9,1,10,1,11,16,1,21,121.5321901,25.0264123
114,11,16,19,40,2,08士林區,士林區仰德大道3段61號,0,0,1,1,B12,8,5,5,40,14,9,1,5,4,5,13,1,1,5,5,5,1,13,1,71,3,10,7,1,7,9,1,8,2,1,108,1,21,121.5529898,25.1194011
114,11,16,20,21,2,03中山區,中山區長安西路與長安西路50巷口,0,0,2,1,C04,8,5,5,50,4,1,1,5,4,5,13,2,1,9,4,4,2,16,1,38,2,9,6,1,7,5,1,10,1,11,71,1,21,121.5202375,25.0501541
114,11,16,20,39,2,12內湖區,內湖區金龍路與內湖路3段59巷口,0,0,2,1,B03,8,5,5,50,3,1,1,5,4,5,13,1,1,5,5,4,2,16,1,66,3,10,7,1,7,5,1,8,1,6,71,1,22,121.5915702,25.0853219