發生年度,發生月,發生日,發生時-Hours,發生分,處理別-編號,區序,肇事地點,死亡人數,2-30日死亡人數,受傷人數,當事人序號,車種,天候,光線,道路類別,速限-速度限制,道路型態,事故位置,路面狀況1,路面狀況2,路面狀況3,道路障礙1,道路障礙2,號誌1,號誌2,車道劃分-分向,車道劃分-分道1,車道劃分-分道2,車道劃分-分道3,事故類型及型態,性別,年齡,受傷程度,主要傷處,保護裝置,行動電話,車輛用途,當事者行動狀態,駕駛資格情形,駕駛執照種類,飲酒情形,車輛撞擊部位1,肇因碼-個別,個人肇逃否,職業,座標-X,座標-Y
114,11,16,21,29,2,04大安區,大安區建國南路2段與建國南路2段151巷口,0,0,1,1,B03,8,5,5,50,3,2,1,5,4,5,13,4,4,10,3,5,1,16,1,79,4,11,3,4,7,9,7,19,11,15,44,2,21,121.5376957,25.0288961
114,11,16,21,45,2,08士林區,士林區美崙街118號,0,0,1,1,C03,7,5,5,50,3,2,1,5,4,5,13,4,4,5,5,5,1,17,1,22,2,9,5,1,7,9,1,10,1,14,44,1,21,121.5196521,25.09694685
114,11,16,21,53,2,06松山區,松山區市民大道6段與虎林街口,0,0,1,1,F01,8,5,5,40,4,2,1,4,4,5,13,1,1,1,4,5,2,17,2,20,3,10,4,1,7,9,8,20,11,17,101,1,21,121.5759354,25.0494221
114,11,16,22,00,2,01大同區,大同區重慶北路2段與蘭州街口,0,0,1,1,B03,7,5,5,50,3,2,1,5,4,5,13,4,4,1,4,5,2,9,1,43,3,10,3,4,7,6,1,8,2,4,9,1,21,121.5137121,25.06180792
114,11,16,23,21,2,04大安區,大安區基隆路4段與羅斯福路4段口,0,0,1,1,C03,6,5,5,50,4,2,1,4,4,5,13,2,1,1,4,5,2,13,2,30,2,9,6,1,7,15,1,10,1,11,44,1,21,121.5374004,25.01149423
114,11,17,02,57,2,10文山區,文山區秀明路2段與秀明路2段7巷口口旁,0,0,1,1,C03,8,5,5,50,3,2,1,5,4,5,13,2,1,5,5,5,2,17,2,56,2,9,5,1,7,9,1,10,1,11,22,1,21,121.5749622,24.9918213
114,11,17,03,20,2,04大安區,大安區忠孝東路4段147巷與敦化南路1段187巷口,0,0,1,1,C03,8,5,5,30,4,1,1,5,4,5,13,4,4,10,5,5,1,15,1,27,2,9,3,4,7,9,1,10,2,14,72,1,21,121.549658,25.0426001
114,11,17,06,38,2,10文山區,文山區景興路與景興路153巷口,0,0,1,1,B03,8,6,5,30,3,18,1,5,4,5,13,2,1,10,5,5,2,2,2,49,3,10,7,1,7,5,1,8,2,4,70,1,21,121.5445375,24.9937283
114,11,17,07,00,2,09北投區,北投區中湖戰備道路冷水坑4+100標號,0,0,2,1,C03,8,7,5,40,14,9,1,5,4,5,13,4,4,5,5,5,2,18,1,18,2,9,5,1,7,9,1,10,1,14,42,1,21,121.5604491,25.1826388
114,11,17,07,21,2,04大安區,大安區金山南路2段30巷與信義路2段44巷口,0,0,2,1,F01,8,5,5,30,3,1,1,5,4,5,13,4,4,8,3,5,1,16,2,12,2,9,4,1,7,1,8,20,1,14,19,1,21,121.5254342,25.0332723
114,11,17,07,21,2,12內湖區,內湖區成功路2段與成功路2段口與國道1號北上入口匝道口,0,0,1,1,B03,8,6,5,5,4,2,1,5,4,5,13,1,1,1,4,4,2,13,1,51,3,10,7,1,7,9,1,8,1,8,108,1,21,121.5908077,25.0641315
114,11,17,07,30,2,03中山區,中山區中山北路2段與錦西街口,0,0,2,1,C03,8,7,5,50,4,1,1,5,4,5,13,1,1,9,4,5,2,13,2,18,2,8,6,1,7,9,1,10,1,11,16,1,21,121.5228738,25.06050965
114,11,17,08,14,2,08士林區,士林區延平北路7段106巷與延平北路7段106巷327弄口,0,0,1,1,B03,8,6,5,30,3,2,1,5,4,5,13,1,1,10,5,5,1,13,2,38,3,10,3,4,7,9,1,8,11,3,44,2,22,121.5182025,25.0871514
114,11,17,08,20,2,02萬華區,萬華區萬大路與萬大路187巷口,0,0,2,1,C03,8,6,5,30,3,1,1,5,4,5,13,4,4,10,5,5,2,17,1,65,2,7,5,1,7,9,1,10,9,12,101,1,21,121.5005935,25.028
114,11,17,08,25,2,03中山區,中山區北安路與敬業四路口,0,0,1,1,B03,8,6,5,50,14,9,1,5,4,5,13,4,4,1,4,5,2,12,1,46,3,10,3,4,7,8,1,8,1,2,80,1,22,121.5588844,25.0849057
114,11,17,08,25,2,11南港區,南港區南港路1段與中南街口,0,0,2,1,B03,8,7,5,50,3,1,1,5,4,5,13,2,1,5,4,5,2,17,1,44,3,10,7,1,7,6,1,8,1,2,101,1,21,121.6152349,25.0553312
114,11,17,08,41,2,10文山區,文山區光輝路與光輝路87巷口,0,0,2,1,C02,8,7,5,30,4,1,1,5,4,5,13,4,4,10,5,5,2,15,1,60,2,9,5,1,7,9,1,9,1,11,72,1,21,121.5574051,24.985195
114,11,17,08,44,2,01大同區,大同區民生西路300-3號,0,0,2,1,C03,7,6,5,50,14,9,1,5,4,5,13,4,4,5,5,5,2,12,2,49,2,8,6,1,7,15,1,10,1,14,108,1,21,121.5122863,25.0569327
114,11,17,08,55,2,03中山區,中山區新生北路3段與農安街口南側迴轉道,0,0,1,1,B03,7,7,5,50,4,1,1,5,4,5,13,4,4,9,5,5,2,15,1,23,3,10,7,1,7,9,1,8,1,6,99,1,21,121.5277406,25.06432382
114,11,17,08,58,2,07信義區,信義區吳興街220巷與吳興街220巷37弄口,0,0,2,1,B03,8,6,8,50,4,1,1,5,4,5,13,1,1,8,5,5,2,17,1,59,3,10,3,4,7,5,1,8,1,2,71,1,22,121.5623261,25.0270344
114,11,17,09,05,2,03中山區,中山區松江路219號,0,0,1,1,F01,6,5,5,0,22,20,4,4,4,5,13,4,4,10,5,5,2,9,4,0,,,,,,,,,11,,119,2,,121.5336343,25.05797879
114,11,17,09,05,2,04大安區,大安區復興南路2段151巷與復興南路2段151巷30弄口,0,0,1,1,C03,8,5,5,40,3,19,1,5,4,5,13,4,4,9,4,5,2,3,2,55,3,10,3,4,7,9,1,10,1,11,70,1,21,121.5454141,25.0283108
114,11,17,09,05,2,10文山區,文山區下崙路11巷與興隆路4段58巷16弄口,0,0,2,1,C03,8,5,5,50,3,1,1,5,4,5,13,4,4,10,5,5,1,17,2,45,2,9,5,1,7,6,1,10,1,12,118,1,21,121.5601703,24.9859979
114,11,17,09,21,2,03中山區,中山區中山北路1段9號,0,0,1,1,C03,6,6,5,50,14,9,1,4,4,5,13,4,4,1,4,5,2,13,1,26,2,9,5,4,7,9,1,10,1,11,107,1,22,121.5211029,25.0484918
114,11,17,09,58,2,07信義區,信義區虎林街242巷與信義路6段33巷口,0,0,2,1,C03,7,6,5,30,3,1,1,5,4,5,13,4,4,10,5,5,2,16,2,46,2,9,5,1,7,5,1,10,1,14,74,1,21,121.5757296,25.0350843
114,11,17,10,06,2,05中正區,中正區羅斯福路3段62號,0,0,1,1,C03,7,7,5,50,14,9,1,5,4,5,13,4,4,1,4,5,2,17,2,27,3,10,6,1,7,9,1,10,2,12,108,1,22,121.5259114,25.0225158
114,11,17,10,22,2,12內湖區,內湖區內湖路1段與內湖路1段口與往港墘路引道口,0,0,1,1,B03,6,6,5,50,3,1,1,4,4,5,13,4,4,1,4,4,2,11,2,52,3,10,7,1,7,8,1,8,1,6,100,1,21,121.5773815,25.0793239
114,11,17,10,26,2,06松山區,松山區三民路102巷與三民路口,0,0,1,1,F01,6,6,5,50,4,2,1,4,4,5,13,2,1,1,4,5,2,15,2,71,2,9,2,1,7,9,8,20,1,11,81,1,21,121.563644,25.05743
114,11,17,10,30,2,03中山區,中山區中山北路3段23號,0,0,1,1,B12,6,7,5,50,14,9,1,4,4,5,13,1,1,9,4,5,2,17,1,43,3,10,7,1,7,15,1,8,1,3,101,1,21,121.5223077,25.06464409
114,11,17,10,40,2,08士林區,士林區承德路5段60號,0,0,2,1,B02,6,7,5,40,14,9,1,4,4,5,13,4,4,10,5,5,1,17,1,55,3,10,7,1,7,1,1,8,1,4,19,1,21,121.5150331,25.0929867
114,11,17,10,50,2,01大同區,大同區鄭州路與延平北路1段口,0,0,2,1,B03,8,6,5,40,4,2,1,5,4,5,13,2,1,8,3,5,2,12,1,42,3,10,7,1,7,8,1,7,1,5,100,1,21,121.5115369,25.0498697
114,11,17,10,50,2,08士林區,士林區百齡橋012號電燈桿,0,0,1,1,B03,6,6,5,50,8,9,1,4,4,5,13,4,4,3,2,5,1,13,1,45,3,10,7,1,7,9,1,8,1,1,16,1,26,121.5128409,25.08869094
114,11,17,10,53,2,10文山區,文山區下崙路9之2號,0,0,1,1,C03,8,6,5,30,14,9,1,5,4,5,13,4,4,9,5,5,2,17,1,36,2,9,3,4,7,1,1,10,2,14,19,1,22,121.5602521,24.9865729
114,11,17,11,02,2,12內湖區,內湖區行善路333巷與行善路281巷19弄口,0,0,2,1,B03,8,6,6,30,3,1,1,4,4,5,13,4,4,5,5,5,2,16,1,25,3,10,3,4,7,11,1,8,1,4,80,1,22,121.5857896,25.0618459
114,11,17,11,43,2,05中正區,中正區中山南路與濟南路1段口,0,0,2,1,C03,8,6,5,50,3,1,1,5,4,5,13,2,1,5,4,5,2,13,1,20,2,9,5,1,7,9,1,10,1,11,108,1,22,121.5190257,25.04330258
114,11,17,12,01,2,05中正區,中正區中華路2段與愛國西路口,0,0,2,1,C03,8,6,5,50,5,1,1,5,4,5,13,1,1,1,4,5,2,16,2,48,2,9,5,1,7,9,3,18,1,14,99,1,21,121.5069029,25.0369509
114,11,17,13,14,2,04大安區,大安區信義路3段與建國南路2段口,0,0,3,1,C03,6,6,5,50,4,2,1,4,4,5,10,2,1,1,4,5,2,17,1,34,2,7,6,4,7,9,1,10,1,14,44,1,22,121.5375619,25.0327832
114,11,17,13,37,2,07信義區,信義區松智路與松平路口,0,0,1,1,B03,6,5,5,50,4,2,1,4,4,5,13,1,1,5,5,5,2,17,1,50,3,10,7,1,7,6,1,8,1,2,80,1,21,121.5653953,25.0304744
114,11,17,13,43,2,03中山區,中山區南京東路3段223巷8號,0,0,1,1,,6,5,5,30,14,9,1,4,4,5,13,4,4,10,5,5,2,29,3,51,,,,,,,,,,,67,1,,121.5433869,25.05287462
114,11,17,13,55,2,03中山區,中山區南京東路1段（林森公園停車場出口）,0,0,1,1,B03,6,7,5,30,14,9,1,4,4,5,13,4,4,1,4,4,2,17,1,59,3,10,7,1,7,6,1,8,1,8,42,1,21,121.5268659,25.05218794
114,11,17,14,00,2,11南港區,南港區成福路與成福路149巷口,0,0,2,1,C03,8,6,5,50,4,2,1,5,4,5,13,4,4,5,4,5,2,17,1,20,2,9,5,1,7,5,1,10,1,14,8,1,21,121.5879204,25.0413874
114,11,17,14,34,2,05中正區,中正區市民大道2段與金山北路口,0,0,1,1,C03,7,7,5,40,4,4,1,5,4,5,13,2,1,9,2,5,2,12,2,35,2,8,6,1,7,7,1,10,1,14,100,1,21,121.5303915,25.0460259
114,11,17,14,46,2,04大安區,大安區仁愛路4段151巷與忠孝東路4段216巷32弄口口,0,0,1,1,B03,6,6,5,30,4,1,1,4,4,5,13,4,4,10,5,5,2,15,1,63,3,10,7,1,7,9,1,8,1,5,75,1,22,121.551799,25.0399038
114,11,17,15,10,2,03中山區,中山區崇實路與大直街62巷口,0,0,1,1,C03,6,5,5,50,4,1,1,4,4,5,13,1,1,9,4,5,2,17,1,19,2,9,5,1,7,6,1,10,1,14,17,1,21,121.5450161,25.0829023
114,11,17,15,11,2,10文山區,文山區新光路1段160號,0,0,1,1,A02,6,6,5,50,14,9,1,4,4,5,13,1,1,5,4,5,2,13,1,53,3,10,7,1,7,9,1,6,2,5,108,1,21,121.5737386,24.9928288
114,11,17,16,03,2,07信義區,信義區信義路5段與莊敬路口,0,0,1,1,B03,6,6,5,50,4,2,1,4,4,5,13,2,1,5,4,5,2,13,1,42,3,10,3,4,7,9,1,8,2,5,16,1,22,121.5611597,25.0331025
114,11,17,16,15,2,04大安區,大安區基隆路3段155巷176弄與基隆路3段155巷182弄口,0,0,1,1,B12,6,5,5,30,3,2,1,4,4,5,13,4,4,8,3,5,1,15,1,43,3,10,7,1,7,9,1,8,1,5,72,1,21,121.5476027,25.0138573
114,11,17,16,41,2,04大安區,大安區忠孝東路4段與光復南路口,0,0,1,1,C03,6,6,5,50,4,1,1,4,4,5,13,1,1,10,5,5,2,12,2,20,3,10,6,1,7,15,1,10,1,12,44,1,21,121.5575724,25.0415386
114,11,17,16,42,2,03中山區,中山區建國北路2段6巷與伊通街口,0,0,1,1,B03,6,5,5,30,4,1,1,4,4,5,13,4,4,10,5,5,2,17,1,28,3,10,3,4,7,5,1,8,1,1,72,1,22,121.5348397,25.0525303
114,11,17,16,47,2,04大安區,大安區仁愛路3段與仁愛路3段118巷口,0,0,1,1,B03,6,5,5,50,4,2,1,4,4,5,13,2,1,1,4,5,2,17,1,57,3,10,3,4,7,6,1,8,1,5,71,1,21,121.539832,25.0377093
114,11,17,16,56,2,11南港區,南港區南港路2段與南港路2段86巷口,0,0,2,1,C03,6,5,5,50,4,18,1,4,4,5,13,2,1,5,5,4,2,3,1,41,2,3,5,4,7,9,1,10,2,11,70,1,22,121.6031386,25.0537305
114,11,17,17,15,2,10文山區,文山區木新路1段與無名巷口口,0,0,1,1,C03,6,5,5,50,3,1,1,4,4,5,13,2,1,10,5,5,1,16,1,47,3,10,6,1,7,5,1,10,1,11,71,1,21,121.570663,24.9888115
114,11,17,17,17,2,04大安區,大安區臥龍街與安居街口口,0,0,1,1,C03,6,5,5,40,3,1,1,4,4,5,13,4,4,5,5,4,2,17,2,46,2,6,5,1,7,5,1,10,9,14,8,1,22,121.5515804,25.0179788
114,11,17,17,29,2,01大同區,大同區塔城街與忠孝西路2段口口,0,0,1,1,B03,6,5,5,50,5,1,1,4,4,5,13,2,1,5,4,4,2,12,1,20,3,10,7,1,7,1,1,8,2,8,118,1,22,121.5100081,25.0485617
114,11,17,17,42,2,06松山區,松山區東興路與南京東路5段口,0,0,2,1,A02,6,5,5,50,4,1,1,4,4,5,13,1,1,5,4,4,2,13,1,47,3,10,7,1,7,9,1,2,1,1,16,1,21,121.5654537,25.051276
114,11,17,17,55,2,11南港區,南港區興南街64巷與興南街64巷6弄口,0,0,2,1,C03,6,5,5,30,14,9,1,4,4,5,13,4,4,5,4,5,2,2,1,44,2,9,5,1,7,9,1,10,2,11,16,1,21,121.6020747,25.0554946
114,11,17,18,36,2,04大安區,大安區復興南路1段237-1號,0,0,1,1,B03,6,5,5,50,14,9,1,4,4,5,13,2,1,1,4,5,2,12,1,30,3,10,3,4,7,8,1,8,1,5,100,1,21,121.5437914,25.0375995
114,11,17,18,40,2,03中山區,中山區新生北路2段與南京東路2段口,0,0,1,1,C03,7,5,5,50,4,2,1,4,4,5,13,2,1,1,4,4,2,9,1,40,2,8,5,1,7,9,1,10,1,14,44,1,21,121.5278014,25.05177452
114,11,17,18,42,2,07信義區,信義區松智路與松平路口口,0,0,1,1,B03,6,5,5,50,14,9,1,4,4,5,13,1,1,5,3,5,2,17,1,43,3,10,7,1,7,9,1,8,1,17,101,1,21,121.5653296,25.0303909
114,11,17,19,05,2,09北投區,北投區中央北路1段與光明路口,0,0,1,1,B01,6,5,5,50,4,2,1,4,4,5,13,3,1,9,4,5,1,17,2,62,3,10,7,1,7,5,1,4,2,8,72,1,21,121.5015544,25.1332662
114,11,17,19,14,2,04大安區,大安區辛亥路3段與辛亥路3段21巷口,0,0,1,1,B03,6,5,5,50,3,2,1,4,4,5,13,4,4,1,4,5,2,17,2,38,3,10,3,4,7,8,1,8,1,17,100,1,22,121.5449806,25.0212714
114,11,17,19,36,2,02萬華區,萬華區中華路1段192號,0,0,2,1,C03,6,5,5,50,14,9,1,4,4,5,13,4,4,9,4,5,2,17,1,43,2,8,5,4,7,9,1,10,1,11,44,1,21,121.5070448,25.0386726
114,11,17,19,40,2,11南港區,南港區市民大道8段512號,0,0,1,1,B03,6,6,5,50,14,9,1,4,4,5,13,4,4,9,5,5,2,13,1,33,3,10,3,4,7,9,1,8,1,1,16,1,21,121.6096754,25.0536762
114,11,17,19,41,2,03中山區,中山區錦州街3號,0,0,3,1,C03,6,5,5,50,14,9,1,4,4,5,13,1,1,9,4,5,2,13,2,38,2,1,5,4,7,9,1,10,1,11,16,1,21,121.5238411,25.0603798
114,11,17,19,50,2,07信義區,信義區信義路5段與松智路口,0,0,1,1,C03,6,5,5,50,4,19,1,4,4,5,13,1,1,3,3,5,2,3,2,45,3,10,6,1,7,6,3,18,9,11,70,1,21,121.5653734,25.0327288
114,11,17,20,10,2,02萬華區,萬華區環河南路2段與長順街口,0,0,2,1,C03,6,5,5,50,4,2,1,4,4,5,13,2,1,1,4,5,2,17,1,27,2,9,6,1,7,9,1,10,1,14,108,1,21,121.4950411,25.02845708
114,11,17,20,21,2,07信義區,信義區崇德街121巷與崇德街口口,0,0,1,1,B03,6,5,5,50,14,19,1,4,4,5,13,4,4,5,3,5,2,9,1,47,3,10,7,1,7,5,1,8,1,8,70,1,21,121.5562232,25.0238987
114,11,17,21,05,2,05中正區,中正區八德路1段與新生北路1段口,0,0,1,1,C03,6,5,5,50,4,2,1,4,4,5,13,1,1,10,5,5,2,17,2,19,3,10,5,1,7,9,1,10,2,17,30,1,22,121.5327816,25.0445782
114,11,17,21,42,2,05中正區,中正區信義路1段與中山南路口,0,0,1,1,C03,7,5,5,50,5,1,1,5,4,5,13,2,1,1,4,1,2,16,2,19,2,9,6,1,7,5,1,10,2,14,8,1,21,121.517932,25.0387344
114,11,17,21,53,2,04大安區,大安區新生南路2段與信義路2段口,0,0,1,1,B03,6,5,5,40,14,9,1,4,4,5,13,4,4,10,5,5,2,12,1,47,3,10,7,1,7,1,1,8,1,7,44,1,21,121.5326146,25.0332705
114,11,17,21,53,2,04大安區,大安區復興南路1段與信義路3段147巷15弄口,0,0,3,1,C03,6,5,5,50,4,2,1,4,4,5,13,2,1,1,4,5,2,17,2,43,2,9,6,4,7,9,1,10,1,11,16,1,22,121.5435214,25.0349043
114,11,17,22,24,2,12內湖區,內湖區成功路2段115巷49弄與成功路2段115巷47弄口,0,0,1,1,B12,6,5,5,30,4,1,1,4,4,5,13,4,4,5,5,5,2,17,1,58,3,10,7,1,7,2,1,8,2,6,44,1,21,121.5926042,25.0649821
114,11,17,23,50,2,05中正區,中正區延平南路與延平南路171巷口,0,0,1,1,B03,7,5,5,30,4,1,1,4,4,5,13,4,4,9,5,5,2,15,1,30,3,10,7,1,7,9,1,8,1,2,72,1,22,121.5075615,25.0348878
114,11,17,23,55,2,04大安區,大安區和平東路3段與安居街口,0,0,1,1,B02,6,5,5,50,4,2,1,4,4,5,13,1,1,10,4,5,2,17,1,24,4,11,3,4,7,9,1,8,11,2,44,2,21,121.5556265,25.0213579
114,11,18,05,33,2,10文山區,文山區秀明路2段與秀明路2段24巷口口,0,0,1,1,C03,6,5,5,50,3,2,1,4,4,5,13,4,4,5,5,5,2,16,2,52,3,10,5,1,7,5,1,10,2,11,4,1,21,121.5744109,24.9917017
114,11,18,06,59,2,10文山區,文山區興隆路1段與興隆路1段70巷口,0,0,2,1,F01,6,6,5,30,4,1,1,4,4,5,13,2,1,5,5,5,2,16,1,14,2,9,4,1,7,5,8,20,2,11,71,1,15,121.5407747,25.0039083
114,11,18,07,04,2,03中山區,中山區市民大道2段與長安東路1段52巷口,0,0,1,1,B03,8,6,5,40,3,1,1,5,4,5,13,1,1,1,4,5,2,16,1,71,3,10,3,4,7,6,1,8,2,2,9,1,22,121.5278075,25.0470303
114,11,18,07,18,2,05中正區,中正區福和橋往新北,0,0,2,1,C03,6,7,5,40,14,11,1,4,4,5,13,4,4,1,4,5,2,17,1,30,2,9,5,1,7,9,1,10,2,12,118,1,22,121.5335321,25.0096236
114,11,18,07,45,2,12內湖區,內湖區內湖路1段與內湖路1段667巷口,0,0,1,1,C03,6,6,5,50,3,1,1,4,4,5,13,4,4,1,4,4,2,13,2,49,3,10,5,1,7,6,1,10,1,13,9,1,21,121.5758587,25.0798891
114,11,18,07,50,2,12內湖區,內湖區星雲街與成功路3段187巷口,0,0,2,1,C03,6,6,5,30,3,1,1,4,4,5,13,4,4,9,5,5,2,15,1,36,2,9,6,1,7,9,1,10,1,14,42,1,21,121.592326,25.07898884
114,11,18,07,56,2,08士林區,士林區德行東路190巷與德行東路口,0,0,1,1,F01,6,6,5,30,3,1,1,4,4,5,13,4,4,10,5,5,2,17,2,17,3,10,3,4,7,5,8,20,2,17,72,1,21,121.5311046,25.10869961
114,11,18,07,58,2,05中正區,中正區貴陽街1段與懷寧街口,0,0,3,1,C03,6,5,5,50,3,2,1,4,4,5,13,4,4,9,5,5,2,16,1,72,2,8,5,1,7,6,1,10,1,12,74,1,21,121.5138146,25.0386572
114,11,18,08,09,2,07信義區,信義區松山路465巷與忠孝東路5段524巷口,0,0,2,1,C03,6,6,5,30,4,2,1,4,4,5,13,4,4,10,5,5,2,16,2,37,2,9,5,1,7,5,1,10,2,12,72,1,21,121.579779,25.0406501
114,11,18,08,28,2,04大安區,大安區基隆路2段與通化街171巷口,0,0,2,1,C03,6,6,5,30,4,1,1,4,4,5,13,2,1,5,5,5,2,16,1,26,2,7,5,1,7,5,1,10,1,11,71,1,22,121.5561522,25.0270473
114,11,18,08,30,2,02萬華區,萬華區忠孝橋往台北市機車道（7010677桿）,0,0,1,1,C03,7,7,5,50,8,11,1,5,4,5,13,4,4,1,4,5,2,17,1,73,3,10,5,1,7,9,1,10,1,15,44,1,21,121.5065861,25.0487665
114,11,18,08,37,2,10文山區,文山區辛亥路4段與興德路66巷口,0,0,3,1,C03,6,6,5,50,3,1,1,4,4,5,13,2,1,1,4,5,2,12,1,51,2,9,6,1,7,8,1,10,1,12,100,1,21,121.5567548,25.0042482
114,11,18,08,39,2,02萬華區,萬華區艋舺大道與雙園街口,0,0,1,1,C03,6,5,5,50,4,2,1,4,4,5,13,1,1,1,4,5,2,11,2,59,2,1,5,4,7,9,1,10,1,14,17,1,21,121.4934752,25.03070407
114,11,18,08,44,2,06松山區,松山區民權東路5段與撫遠街口,0,0,1,1,C03,6,6,5,50,4,2,1,4,4,5,13,1,1,1,3,5,2,13,2,29,2,9,6,2,7,9,1,10,11,12,16,2,21,121.5657174,25.0631053
114,11,18,08,52,2,03中山區,中山區復興北路與長春路口側附近口,0,0,1,1,C03,6,6,5,50,14,8,1,4,4,5,13,1,1,5,4,4,1,17,2,21,3,10,6,1,7,6,1,10,9,17,44,1,21,121.5439756,25.0546564
114,11,18,08,59,2,03中山區,中山區民族東路與松江路口,0,0,1,1,C03,8,6,5,50,4,1,1,5,4,5,13,1,1,1,4,5,2,12,2,47,2,9,5,1,7,9,1,10,1,14,107,1,22,121.5328162,25.0682423
114,11,18,09,15,2,03中山區,中山區北安路518巷與北安路458巷47弄口,0,0,1,1,B02,6,7,5,30,5,1,1,4,4,5,13,4,4,5,5,5,2,17,1,24,3,10,7,1,7,5,1,8,11,17,80,2,22,121.5467608,25.0787718
114,11,18,09,15,2,08士林區,士林區中正路469號,0,0,2,1,C03,8,7,5,50,14,9,1,5,4,5,13,4,4,8,3,5,1,13,1,20,2,9,3,4,7,9,1,10,1,11,16,1,21,121.5188928,25.0924562
114,11,18,09,22,2,02萬華區,萬華區西園路1段282巷與西園路1段306巷口,0,0,1,1,C03,6,7,5,50,4,1,1,4,4,5,13,4,4,9,5,5,2,17,1,64,2,9,5,1,7,9,1,10,1,17,75,1,21,121.499428,25.0337132
114,11,18,09,30,2,01大同區,大同區承德路3段與庫倫街口,0,0,1,1,B11,6,6,5,50,4,2,1,4,4,5,13,4,4,9,4,5,2,13,1,32,3,10,7,1,7,9,1,8,1,3,44,1,21,121.5186505,25.0716274
114,11,18,09,40,2,11南港區,南港區市民大道7段與東新街口,0,0,1,1,B02,6,6,5,50,4,1,1,4,4,5,13,2,1,5,4,5,2,16,1,50,3,10,3,4,7,6,1,8,1,2,9,1,22,121.5837975,25.0495886
114,11,18,09,50,2,03中山區,中山區中山北路3段與中山橋口,0,0,1,1,C03,8,6,5,40,8,9,1,5,4,5,13,4,4,1,4,5,2,12,2,30,2,9,6,1,7,9,1,10,1,14,42,1,22,121.5245679,25.0735135
114,11,18,10,01,2,07信義區,信義區松仁路253巷與松仁路口口,0,0,1,1,B02,6,6,5,30,3,1,1,4,4,5,13,3,1,10,5,5,2,17,1,66,3,10,7,1,7,9,1,8,9,17,72,1,21,121.5690807,25.025457
114,11,18,10,14,2,06松山區,松山區民權東路4段與光復北路口,0,0,2,1,B01,6,7,5,50,4,1,1,4,4,5,13,1,1,1,4,4,2,17,1,77,3,10,7,1,7,6,1,8,9,2,9,2,22,121.5545379,25.062105
114,11,18,10,14,2,08士林區,士林區中山北路5段與中山北路5段282巷口旁,0,0,1,1,C03,6,6,5,50,3,2,1,4,4,5,13,4,4,4,3,5,1,17,2,20,3,10,3,4,7,9,1,10,9,17,44,2,21,121.5278951,25.0924086
114,11,18,10,16,2,11南港區,南港區忠孝東路6段與玉成街口,0,0,1,1,B12,6,6,5,50,5,2,1,4,4,5,13,1,1,5,4,5,2,17,1,46,3,10,7,1,7,6,1,8,2,5,9,1,21,121.5826727,25.045081
114,11,18,10,27,2,01大同區,大同區民族西路141號,0,0,2,1,C03,7,6,5,50,14,9,1,5,4,5,13,4,4,8,3,5,1,16,1,45,2,9,6,4,7,5,1,10,2,14,8,1,21,121.5163384,25.0686208
114,11,18,10,37,2,03中山區,中山區新生北路2段與民生東路1段口,0,0,1,1,B03,7,6,5,50,4,1,1,4,4,5,13,1,1,1,4,4,2,16,1,67,3,10,7,1,7,6,1,8,2,5,9,1,21,121.5274054,25.0579734
114,11,18,11,10,2,05中正區,中正區許昌街30號,0,0,1,1,B03,6,7,5,30,14,9,1,4,4,5,13,4,4,10,5,5,1,17,1,76,3,10,7,1,7,1,1,8,2,8,80,1,21,121.5158222,25.0455126
114,11,18,11,14,2,03中山區,中山區龍江路與民權東路3段口,0,0,1,1,C03,7,7,5,50,4,2,1,5,4,5,13,1,1,1,4,5,2,13,1,62,2,8,6,1,7,9,1,10,1,11,108,1,21,121.5402013,25.06250506
114,11,18,11,35,2,03中山區,民權西路捷運站前,0,0,1,1,B01,7,6,5,50,14,9,1,5,4,5,13,4,4,1,4,5,2,9,1,66,3,10,2,1,7,9,1,8,2,17,36,1,21,121.5194034,25.062743
114,11,18,11,37,2,06松山區,松山區塔悠路188巷與延壽街18巷口,0,0,2,1,C03,6,6,5,30,4,1,1,4,4,5,13,4,4,10,5,5,2,15,1,31,2,7,6,1,7,9,1,10,1,14,72,1,21,121.5687318,25.0566042
114,11,18,11,50,2,03中山區,中山區伊通街87巷12號,0,0,1,1,B03,7,7,5,30,14,9,1,5,4,5,13,4,4,10,5,5,2,9,2,29,3,10,7,1,7,2,1,8,2,3,116,1,21,121.5360613,25.05304565
114,11,18,11,53,2,12內湖區,內湖區行忠路171巷與行忠路口,0,0,1,1,B03,6,5,5,50,4,1,1,4,4,5,13,1,1,10,5,5,2,16,1,53,3,10,7,1,7,5,1,8,2,1,80,1,21,121.5813628,25.0670202
114,11,18,12,49,2,12內湖區,內湖區成功路4段與成功路口側附近4段61巷口,0,0,1,1,B01,6,6,5,50,3,1,1,4,4,5,13,1,1,1,5,5,2,3,1,68,3,10,7,1,7,5,1,4,11,1,70,2,21,121.5922009,25.0820864
114,11,18,13,02,2,04大安區,大安區復興南路2段與瑞安街23巷口,0,0,1,1,B03,7,6,5,50,4,1,1,4,4,5,13,2,1,1,4,4,2,16,2,70,3,10,3,4,7,5,1,8,1,1,71,1,22,121.5442328,25.0312123
114,11,18,13,13,2,08士林區,士林區延平北路5段與延平北路5段163巷口,0,0,1,1,C03,7,5,5,50,3,1,1,5,4,5,13,2,1,3,4,5,2,16,1,69,2,9,5,1,7,5,1,10,1,13,42,1,21,121.5102328,25.08316786