發生年度,發生月,發生日,發生時-Hours,發生分,處理別-編號,區序,肇事地點,死亡人數,2-30日死亡人數,受傷人數,當事人序號,車種,天候,光線,道路類別,速限-速度限制,道路型態,事故位置,路面狀況1,路面狀況2,路面狀況3,道路障礙1,道路障礙2,號誌1,號誌2,車道劃分-分向,車道劃分-分道1,車道劃分-分道2,車道劃分-分道3,事故類型及型態,性別,年齡,受傷程度,主要傷處,保護裝置,行動電話,車輛用途,當事者行動狀態,駕駛資格情形,駕駛執照種類,飲酒情形,車輛撞擊部位1,肇因碼-個別,個人肇逃否,職業,座標-X,座標-Y
114,11,18,13,43,2,12內湖區,內湖區舊宗路1段與南京東路6段口,0,0,1,1,B01,6,7,5,50,4,1,1,4,4,5,13,2,1,1,4,5,2,15,1,43,3,10,7,1,7,9,1,4,2,2,81,1,21,121.5815193,25.0569644
114,11,18,13,50,2,08士林區,士林區中山北路5段300號對面,0,0,2,1,B03,6,6,5,50,14,9,1,4,4,5,13,4,4,1,3,1,1,12,1,22,3,10,7,1,7,8,1,8,1,2,101,1,21,121.5273485,25.0887651
114,11,18,14,07,2,04大安區,大安區信義路4段265巷與信義路4段265巷21弄口,0,0,1,1,C03,6,6,5,30,4,1,1,4,4,5,13,4,4,9,5,5,2,12,1,22,2,8,3,4,7,9,1,10,1,12,108,1,22,121.5547364,25.0344505
114,11,18,14,32,2,01大同區,大同區忠孝西路2段與塔城街口,0,0,2,1,C03,7,6,5,50,4,2,1,5,4,5,13,1,1,5,2,5,2,17,1,24,2,9,5,4,7,9,1,10,1,11,108,1,21,121.5100409,25.04853257
114,11,18,15,00,2,05中正區,中正區長沙街1段與中華路1段口,0,0,1,1,B02,8,5,5,50,4,2,1,5,4,5,13,2,1,9,4,5,2,16,1,58,3,10,7,1,7,11,1,8,1,5,71,1,21,121.5081739,25.0404434
114,11,18,15,37,2,08士林區,士林區中山北路5段與中山北路5段698巷口,0,0,1,1,B03,7,6,5,30,5,2,1,5,4,5,13,1,1,10,5,5,2,13,2,56,3,10,7,1,7,9,1,8,1,1,105,1,28,121.52772,25.09767087
114,11,18,15,38,2,03中山區,中山區民權東路2段與新生北路3段口,0,0,1,1,C03,7,6,5,50,4,1,1,5,4,5,13,2,1,1,5,5,1,12,2,44,2,8,3,4,7,7,3,18,1,14,80,1,21,121.5280627,25.06272097
114,11,18,15,47,2,11南港區,南港區重陽路120號,0,0,1,1,B03,6,7,5,50,3,1,1,4,4,5,13,3,1,4,3,4,2,17,1,72,3,10,7,1,7,1,1,6,2,4,19,1,21,121.5997873,25.0568963
114,11,18,15,58,2,02萬華區,萬華區西園路2段與艋舺大道口,0,0,1,1,C03,7,7,5,50,4,1,1,5,4,5,13,1,1,1,3,5,2,12,2,64,3,10,6,1,7,1,1,10,1,17,44,1,22,121.4979611,25.0330298
114,11,18,16,02,2,12內湖區,內湖區康寧路3段165巷8號,0,0,1,1,C03,6,6,5,30,14,9,1,4,4,5,13,4,4,10,5,5,2,3,1,59,4,11,6,4,7,9,1,10,11,12,70,2,21,121.6117081,25.070792
114,11,18,16,20,2,03中山區,中山區建國北路3段與農安街口,0,0,1,1,B03,8,7,5,50,5,1,1,5,4,5,13,2,1,7,2,5,2,17,1,76,3,10,7,1,7,6,6,8,1,2,16,1,21,121.5364558,25.0648626
114,11,18,16,29,2,01大同區,大同區延平北路3段與伊寧街口,0,0,1,1,B01,8,5,5,50,4,1,1,5,4,5,13,2,1,5,4,5,2,16,1,64,3,10,7,1,7,1,1,4,2,8,19,1,21,121.5110901,25.064661
114,11,18,16,38,2,04大安區,大安區信義路3段65號,0,0,1,1,B03,6,6,5,50,14,9,1,4,4,5,13,4,4,4,4,5,2,13,1,54,3,10,7,1,7,9,1,8,7,1,108,1,22,121.5367351,25.03361
114,11,18,16,44,2,05中正區,中正區南海路與和平西路2段口,0,0,1,1,B03,6,6,5,50,4,1,2,4,4,5,13,1,1,5,2,5,2,17,1,54,3,10,7,1,7,9,1,8,2,8,108,1,21,121.5087867,25.0302293
114,11,18,16,53,2,11南港區,南港區忠孝東路7段與興中路口,0,0,1,1,B03,6,5,5,5,3,1,1,4,4,5,13,2,1,3,4,4,2,16,2,49,3,10,3,4,7,5,1,8,1,1,8,1,22,121.6079382,25.0523059
114,11,18,17,07,2,10文山區,文山區木新路2段11號,0,0,1,1,A01,6,5,5,50,14,9,1,4,4,5,13,4,4,5,4,5,2,17,1,64,3,10,2,1,7,1,1,2,1,15,118,1,21,121.5707212,24.9874518
114,11,18,17,19,2,10文山區,(景仁街78巷1號旁),0,0,2,1,H01,6,5,5,30,3,1,1,4,4,5,13,4,4,10,5,5,2,3,1,72,2,9,4,5,8,16,8,20,10,16,53,1,21,121.5384176,24.9983305
114,11,18,17,20,2,04大安區,大安區金山南路2段與愛國東路口,0,0,1,1,B03,6,5,5,0,22,20,2,4,4,5,13,4,4,10,5,5,2,9,1,73,3,10,7,1,7,9,1,8,1,5,108,1,22,121.5274257,25.0314815
114,11,18,17,20,2,07信義區,信義區基隆路2段94號,0,0,2,1,C03,6,6,5,50,14,9,1,4,4,5,13,4,4,1,4,5,2,17,1,41,2,9,3,4,7,15,1,10,1,14,42,1,22,121.5579193,25.0303604
114,11,18,17,22,2,06松山區,松山區環東大道與市民高架道口往北6511053號燈桿,0,0,2,1,B11,6,5,5,80,5,1,1,4,4,5,13,4,4,7,2,5,2,13,1,41,2,3,7,1,7,9,1,7,2,1,16,1,21,121.569962,25.05058648
114,11,18,17,30,2,11南港區,南港區南湖大橋北往南下橋處,0,0,1,1,B03,6,5,5,50,14,9,1,4,4,5,13,1,1,5,4,5,2,13,1,38,3,10,7,1,7,9,1,3,11,1,16,2,21,121.6139203,25.0609616
114,11,18,17,35,2,06松山區,松山區北寧路30號,0,0,1,1,B03,7,5,5,50,14,8,1,4,4,5,13,4,4,5,5,4,2,12,1,52,3,10,7,1,7,8,1,8,1,5,100,1,21,121.552645,25.04921831
114,11,18,17,38,2,12內湖區,內湖區民權東路6段190巷與民權東路6段180巷77弄口,0,0,2,1,B03,6,5,6,30,4,1,1,4,4,5,13,4,4,5,5,5,2,15,1,65,3,10,3,4,7,9,1,8,1,8,72,1,22,121.5942897,25.0657458
114,11,18,17,40,2,10文山區,文山區木柵路1段與辛亥路7段口,0,0,1,1,B03,6,5,5,50,4,1,1,4,4,5,13,2,1,5,4,5,2,17,2,40,3,10,3,4,7,1,1,8,1,1,108,1,21,121.5521768,24.9877753
114,11,18,18,16,2,11南港區,南港區東新街與昆陽街171巷3弄口,0,0,1,1,B01,6,5,5,30,3,1,1,4,4,5,13,4,4,5,5,5,2,16,1,39,3,10,3,4,7,6,1,4,1,6,9,1,22,121.5941594,25.0474265
114,11,18,18,20,2,03中山區,中山區建國北路3段113巷與民族東路410巷2弄口,0,0,2,1,C03,8,5,5,50,5,2,1,5,4,5,13,3,1,9,4,5,2,3,1,55,2,7,6,1,7,9,1,10,1,11,70,1,21,121.5361423,25.0666928
114,11,18,18,30,2,10文山區,文山區木柵路5段北往南,0,0,1,1,C03,6,5,5,50,14,9,1,4,4,5,13,1,1,1,4,5,2,29,2,25,2,9,5,1,7,9,1,10,9,14,44,1,21,121.5943735,24.9992687
114,11,18,18,35,2,10文山區,文山區木新路3段與興隆路4段口路口,0,0,1,1,C03,6,5,5,50,3,1,1,4,4,5,13,2,1,10,5,5,2,16,2,19,2,9,5,1,7,9,1,10,1,11,108,1,21,121.5625613,24.9821732
114,11,18,18,45,2,03中山區,中山區復興北路與復興北路320巷口,0,0,1,1,C03,6,5,5,50,3,1,1,4,4,5,13,4,4,1,4,5,2,17,1,63,4,11,3,4,7,6,7,19,11,15,9,2,22,121.5211389,25.05005733
114,11,18,18,50,2,04大安區,大安區和平東路3段15號,0,0,1,1,C03,6,5,5,50,14,9,1,4,4,5,13,4,4,8,3,5,1,12,2,61,2,8,5,1,7,7,1,10,1,14,100,1,21,121.547485,25.0246981
114,11,18,19,10,2,04大安區,大安區信義路4段235號,0,0,1,1,B01,6,5,5,50,14,9,1,4,4,5,13,4,4,10,5,5,2,12,1,56,3,10,7,1,7,8,1,4,1,2,44,1,21,121.5530285,25.0332592
114,11,18,19,14,2,03中山區,中山區復興北路320巷與民生東路3段73巷口,0,0,1,1,C02,6,5,5,30,4,1,1,4,4,5,13,4,4,10,5,5,2,16,1,20,2,9,6,1,7,9,1,9,2,14,72,1,21,121.5436164,25.0594376
114,11,18,19,17,2,10文山區,文山區萬美街1段17號,0,0,1,1,B03,6,5,5,40,14,9,1,4,4,5,13,4,4,9,5,5,2,16,1,44,3,10,7,1,7,11,1,8,11,8,42,1,21,121.5698922,25.0023054
114,11,18,19,27,2,08士林區,士林區雨農路與忠勇街口,0,0,1,1,B11,8,5,5,50,4,1,1,5,4,5,13,1,1,4,4,5,2,13,1,31,3,10,3,4,7,9,1,3,2,1,107,1,21,121.5323991,25.0985261
114,11,18,19,49,2,10文山區,文山區景興路與景興路137巷口,0,0,1,1,H01,6,5,5,50,3,1,1,4,4,5,13,4,4,1,4,5,2,3,2,65,2,1,4,5,8,16,8,20,10,16,121,1,21,121.5447213,24.9942297
114,11,18,20,02,2,03中山區,中山區吉林路148號,0,0,2,1,C03,7,5,5,40,14,9,1,5,4,5,13,4,4,5,4,4,2,13,1,28,2,9,6,1,7,9,1,10,1,11,16,1,21,121.5301191,25.0563041
114,11,18,21,05,2,08士林區,士林區中正路與文林路附近口,0,0,2,1,C03,8,5,5,50,14,9,1,5,4,5,13,4,4,9,5,5,2,16,2,41,2,8,6,1,7,11,1,10,1,14,10,1,21,121.524716,25.0945836
114,11,18,21,20,2,06松山區,松山區松河街2號,0,0,2,1,C03,6,5,5,40,14,9,1,4,4,5,13,4,4,9,5,5,2,12,1,56,2,9,5,1,7,9,1,10,1,11,118,1,21,121.5712402,25.0512085
114,11,18,21,22,2,03中山區,中山區長春路334號,0,0,1,1,B03,7,5,5,50,14,9,1,5,4,5,13,4,4,9,4,5,2,17,1,71,3,10,7,1,7,11,1,8,1,4,103,1,21,121.5410418,25.0546375
114,11,18,22,17,2,01大同區,大同區承德路3段與承德路3段247巷口口,0,0,1,1,C03,8,5,5,50,14,9,1,5,4,5,13,4,4,1,4,5,2,13,2,20,2,9,6,1,7,9,1,10,2,11,16,1,21,121.5185317,25.0708827
114,11,18,22,49,1,08士林區,士林區仰德大道1段NO.116007燈桿,1,0,1,1,C03,8,6,5,40,14,9,1,5,4,5,13,4,4,9,5,5,1,29,1,20,2,9,5,1,7,9,1,10,2,12,116,1,25,121.5209618,25.12053557
114,11,19,01,14,2,05中正區,中正區重慶南路2段與南海路口,0,0,3,1,C03,6,5,5,50,4,1,1,4,4,5,13,2,1,10,4,5,2,17,1,20,2,9,5,1,7,5,1,10,1,13,42,1,21,121.5144437,25.0318917
114,11,19,01,19,2,04大安區,大安區瑞安街208巷與建國南路2段151巷口口,0,0,1,1,B12,6,5,5,30,4,1,1,4,4,5,13,2,1,5,5,5,2,3,1,47,3,10,7,1,7,5,1,8,1,1,70,1,22,121.540477,25.0287554
114,11,19,02,09,2,04大安區,大安區基隆路2段與敦化南路2段口,0,0,1,1,B01,6,5,5,50,5,1,1,4,4,5,13,2,1,1,4,5,2,17,1,39,3,10,7,1,7,9,1,8,1,1,81,1,21,121.5487619,25.0211327
114,11,19,02,20,2,03中山區,中山區林森北路與南京東路1段口,0,0,1,1,B03,8,5,5,50,4,1,1,5,4,5,13,2,1,1,4,5,2,9,1,35,3,10,7,1,7,11,1,8,2,4,70,1,21,121.5255607,25.0520884
114,11,19,04,10,2,10文山區,文山區萬美街2段第8號停車格,0,0,1,1,C03,6,6,5,40,11,9,1,4,4,5,13,4,4,5,5,5,2,17,2,50,2,8,6,1,7,9,1,10,9,11,116,1,21,121.5634416,25.004023
114,11,19,05,55,2,12內湖區,內湖區成美橋南向北,0,0,1,1,C03,6,6,5,30,8,9,1,4,4,5,13,4,4,5,4,5,2,2,1,48,3,10,5,1,7,9,1,10,2,11,117,1,21,121.5827293,25.0541049
114,11,19,07,10,2,10文山區,文山區木柵路5段與木柵路5段口(新舊路路口),0,0,1,1,C03,6,6,5,50,3,1,1,4,4,5,13,2,1,10,5,5,2,18,2,37,2,9,6,1,7,9,1,10,1,14,44,1,21,121.5874585,25.0028072
114,11,19,07,26,2,11南港區,南港區福德街373巷23號與福德街373巷口,0,0,1,1,C03,6,6,5,30,3,2,1,4,4,5,13,4,4,5,4,5,2,16,1,82,2,9,5,1,7,1,1,10,2,14,4,1,21,121.591332,25.0394641
114,11,19,07,32,2,02萬華區,萬華區萬大路618巷12號,0,0,1,1,G06,8,7,5,30,14,9,1,5,4,5,13,4,4,10,5,5,2,29,1,53,2,8,4,1,7,1,8,20,8,17,116,1,21,121.4952679,25.0174348
114,11,19,07,32,2,07信義區,信義區吳興街494巷與吳興街450巷口,0,0,2,1,C03,7,5,5,30,4,1,1,4,4,5,13,4,4,10,5,5,2,15,1,28,2,7,6,1,7,9,1,10,1,11,72,1,22,121.5684531,25.0237421
114,11,19,07,34,2,09北投區,北投區湖山路1段與陽明路2段口,0,0,1,1,B03,6,5,5,40,4,1,1,4,4,5,13,3,1,9,4,5,1,16,1,41,3,10,3,4,7,9,1,8,1,8,72,1,22,121.5500407,25.1512194
114,11,19,07,45,2,11南港區,南港區向陽路與重陽路口,0,0,2,1,B03,8,5,5,50,4,1,1,4,4,5,13,1,1,1,2,5,2,16,1,32,2,3,7,1,7,9,1,8,1,1,99,1,22,121.5946112,25.0547395
114,11,19,07,48,2,07信義區,信義區基隆路2段131之21號,0,0,1,1,C03,8,6,5,50,14,9,1,5,4,5,13,4,4,5,4,5,2,18,2,24,2,9,6,1,7,9,1,10,9,14,116,1,22,121.5565334,25.0276581
114,11,19,08,00,2,08士林區,士林區百齡橋與承德路5段口,0,0,1,1,C02,7,6,5,50,4,1,1,5,4,5,13,1,1,1,2,5,2,16,1,46,2,9,3,4,7,5,1,9,2,14,8,1,21,121.5167289,25.09095012
114,11,19,08,18,2,06松山區,松山區三民路12號,0,0,1,1,B03,7,6,5,50,14,9,1,5,4,5,13,4,4,4,3,5,2,17,1,46,3,10,3,4,7,14,1,8,1,4,40,1,21,121.5638859,25.0525192
114,11,19,08,26,2,07信義區,信義區忠孝東路5段368號,0,0,1,1,B01,8,7,5,50,14,9,1,5,4,5,13,4,4,3,4,5,2,13,1,63,3,10,3,4,7,8,1,8,1,6,44,1,22,121.5740992,25.0407721
114,11,19,08,30,2,04大安區,大安區信義路4段與大安路2段口,0,0,1,1,C03,7,6,5,50,14,9,1,5,4,5,13,2,1,5,5,5,2,17,2,33,2,7,5,1,7,1,1,10,1,12,19,1,22,121.5460067,25.0325782
114,11,19,08,40,2,06松山區,松山區民權東路4段與光復北路口,0,0,2,1,C03,8,6,5,50,4,2,1,5,4,5,13,2,1,1,4,5,2,12,2,60,2,9,6,1,7,9,1,10,1,11,42,1,21,121.5546245,25.0620143
114,11,19,09,20,2,07信義區,信義區市民大道5段與東興路口,0,0,1,1,C03,7,7,5,50,4,1,1,5,4,5,13,2,1,1,2,5,2,12,2,32,2,9,3,4,7,10,1,10,1,14,16,1,21,121.5658023,25.0480987
114,11,19,09,32,2,04大安區,大安區新生北路1段7-2號,0,0,1,1,A01,8,7,5,50,14,10,1,5,4,5,13,4,4,1,4,5,2,9,1,47,3,10,3,4,7,14,1,1,1,15,44,1,21,121.5329149,25.0449844
114,11,19,09,44,2,03中山區,中山區長安東路2段與八德路2段167巷口,0,0,1,1,C03,7,6,5,50,3,1,1,5,4,5,13,4,4,9,5,5,2,13,2,38,2,9,6,1,7,9,1,10,1,11,14,1,21,121.5378905,25.0483873
114,11,19,09,59,2,06松山區,松山區南京東路5段66巷與南京東路5段66巷3弄口,0,0,1,1,B01,7,6,5,30,4,2,1,5,4,5,13,4,4,10,5,5,2,17,1,58,3,10,3,4,7,14,1,4,1,2,38,1,21,121.560788,25.05107501
114,11,19,10,04,2,01大同區,大同區環河北路2段143號,0,0,1,1,C03,7,6,5,50,14,9,1,5,4,1,13,4,4,1,4,5,2,12,2,40,2,9,6,4,7,7,1,10,1,14,80,1,21,121.5089966,25.0671531
114,11,19,10,06,2,10文山區,文山區木柵路3段行政中心公車站,0,0,1,1,A02,8,5,5,30,14,9,1,5,4,5,13,4,4,9,5,5,2,9,1,25,3,10,7,1,7,9,1,2,11,17,42,1,21,121.5700048,24.9900377
114,11,19,10,20,2,10文山區,文山區羅斯福路5段與汀州路4段23巷口,0,0,1,1,C03,7,6,5,50,4,1,1,5,4,5,13,2,1,1,4,5,2,15,1,58,4,11,5,1,7,9,6,18,11,11,81,2,21,121.537291,25.0097752
114,11,19,10,54,2,11南港區,南港區重陽路與重陽路57巷口,0,0,1,1,C03,7,7,5,50,3,1,1,5,4,5,13,4,4,4,3,4,2,13,2,51,2,9,5,1,7,9,1,10,1,11,16,1,21,121.5969002,25.0555702
114,11,19,10,54,2,07信義區,信義區基隆路2段189號,0,0,2,1,C03,6,6,5,50,14,9,1,4,4,5,13,4,4,1,5,5,2,13,2,52,2,9,3,4,7,9,1,10,9,11,16,1,22,121.5539538,25.025521
114,11,19,11,36,2,07信義區,信義區虎林街120巷與永吉路180巷口,0,0,2,1,B03,7,6,5,30,4,1,1,5,4,5,13,4,4,10,5,5,2,15,2,57,3,10,7,1,7,9,1,8,2,1,14,1,21,121.5713915,25.0422602
114,11,19,11,38,2,04大安區,大安區基隆路4段與羅斯福路4段113巷口,0,0,1,1,C03,6,5,5,50,3,1,1,4,4,5,13,4,4,1,5,5,2,16,1,21,3,10,6,1,7,6,1,10,1,12,44,1,21,121.5375554,25.0114835
114,11,19,11,41,2,06松山區,松山區民生東路5段260巷與新東街26巷口,0,0,1,1,B03,8,5,5,30,4,1,1,5,4,5,13,4,4,10,5,5,2,13,1,61,3,10,7,1,7,9,1,8,2,1,108,1,21,121.5671991,25.0588246
114,11,19,11,50,2,12內湖區,內湖區成功路5段420巷與成功路5段口,0,0,1,1,B03,7,6,5,50,3,1,1,5,4,5,13,2,1,1,4,5,2,2,2,46,3,10,7,1,7,5,1,8,2,8,42,1,21,121.6071645,25.0755808
114,11,19,12,47,2,04大安區,大安區和平東路1段與龍泉街口,0,0,1,1,C03,8,5,4,50,14,9,1,5,4,5,13,4,4,3,5,5,2,13,1,41,3,10,6,1,7,9,1,10,1,13,80,1,21,121.5294107,25.0264404
114,11,19,12,55,2,07信義區,信義區松智路(信義路五段11-1號旁),0,0,1,1,B03,8,6,5,50,14,9,1,5,4,5,13,4,4,5,4,5,2,17,1,42,3,10,7,1,7,6,1,8,1,2,9,1,21,121.5653463,25.0323995
114,11,19,14,00,2,10文山區,文山區景美街與景中街口,0,0,1,1,C03,8,6,5,30,4,2,1,5,4,5,13,4,4,10,5,5,2,17,1,64,2,9,6,1,7,5,1,10,1,12,72,1,21,121.5418859,24.9928655
114,11,19,14,09,2,08士林區,士林區中山北路6段405巷41號,0,0,1,1,C03,8,6,5,30,11,9,1,5,4,3,12,4,4,10,5,5,2,17,1,20,2,9,3,4,7,15,1,10,1,11,116,1,21,121.5222676,25.1130538
114,11,19,14,58,2,08士林區,士林區天母東路8巷90號,0,0,1,1,B02,7,7,5,30,14,9,1,5,4,5,13,4,4,10,4,5,2,17,2,61,3,10,3,1,7,13,1,8,2,4,44,1,21,121.5303065,25.1145011
114,11,19,15,03,2,06松山區,松山區南京東路4段16號,0,0,1,1,B12,8,6,5,40,14,8,1,5,4,5,13,4,4,8,3,4,2,17,1,51,3,10,7,1,7,7,1,8,1,15,80,1,21,121.5531223,25.0515701
114,11,19,15,10,2,04大安區,大安區師大路與雲和街口,0,0,1,1,C03,7,6,5,50,4,1,1,5,4,5,13,4,4,9,4,5,2,13,1,20,2,9,5,1,7,9,1,10,1,11,108,1,21,121.528512,25.0235925
114,11,19,15,16,2,09北投區,北投區崗山路與崗山路5巷口,0,0,2,1,B01,8,5,5,30,4,1,1,5,4,5,13,4,4,10,5,5,2,17,1,57,2,2,3,4,7,9,1,4,1,8,72,1,21,121.4867971,25.1402916
114,11,19,15,22,2,10文山區,文山區保儀路與保儀路138巷口,0,0,1,1,C03,8,6,5,30,4,1,2,5,4,5,13,4,4,10,5,5,2,17,1,19,2,9,5,4,7,9,1,10,1,14,44,1,21,121.5655811,24.9834717
114,11,19,15,52,2,05中正區,中正區重慶南路1段與忠孝西路1段口,0,0,1,1,C03,8,6,5,50,5,1,1,5,4,5,13,2,1,3,4,5,2,17,1,24,3,10,6,1,7,5,1,10,9,17,8,1,22,121.5132892,25.04716939
114,11,19,16,04,2,01大同區,大同區鄭州路與塔城街口,0,0,1,1,B03,8,5,5,40,14,9,1,5,4,5,13,4,4,1,4,5,2,12,2,54,3,10,7,1,7,8,1,8,1,2,100,1,21,121.5107771,25.0502378
114,11,19,16,04,2,10文山區,文山區辛亥路7段29號,0,0,1,1,B03,8,7,5,50,14,9,1,5,4,5,13,4,4,5,4,4,2,17,2,25,2,9,3,4,7,9,1,8,2,1,22,1,22,121.5533708,24.98609858
114,11,19,16,09,2,10文山區,文山區新光路1段與新光路1段24巷口,0,0,2,1,C03,7,5,5,50,3,1,1,5,4,5,13,4,4,9,5,5,2,16,1,20,2,8,6,1,7,11,1,10,1,14,10,1,25,121.5737493,24.9888904
114,11,19,16,47,2,01大同區,大同區民權西路與民權西路225巷口,0,0,2,1,C03,8,5,5,50,4,2,1,5,4,5,13,2,1,10,4,5,2,12,1,58,2,8,5,4,7,9,1,10,1,15,101,1,21,121.5124111,25.0630416
114,11,19,17,08,2,05中正區,中正區廣州街與廣州街4巷口口,0,0,1,1,B03,8,5,5,30,3,1,1,5,4,5,10,4,4,5,5,5,1,17,2,65,3,10,7,1,7,5,1,8,2,4,72,1,21,121.5101615,25.0351365
114,11,19,17,10,2,03中山區,中山區民權東路3段與建國北路3段口,0,0,1,1,C03,8,5,5,50,14,8,1,5,4,5,13,1,1,9,3,4,1,17,2,60,2,6,6,1,7,9,1,10,1,11,44,1,21,121.5372656,25.0625118
114,11,19,17,19,2,10文山區,文山區興隆路3段112巷與興隆路3段192巷8弄口口,0,0,1,1,B03,7,5,5,30,3,18,1,5,4,5,13,4,4,5,5,5,2,9,1,52,3,10,7,1,7,5,1,8,2,8,16,1,22,121.556908,24.998081
114,11,19,17,20,2,10文山區,文山區老泉街（堤外便道24號燈桿）,0,0,1,1,B03,7,5,5,40,14,9,1,5,4,5,13,4,4,9,5,5,1,17,2,73,3,10,3,4,7,4,1,8,1,5,16,1,21,121.5356517,24.98675657
114,11,19,17,25,2,03中山區,中山區明水路北安國中門口,0,0,2,1,C03,7,5,5,50,14,9,1,5,4,5,13,4,4,9,3,5,1,17,1,63,2,9,5,1,7,9,1,10,2,11,16,1,21,121.5420236,25.07763924
114,11,19,17,36,2,11南港區,南港區南港路1段與惠民街口,0,0,1,1,B01,7,5,5,50,3,1,1,5,4,5,13,1,1,4,4,4,2,17,1,61,3,10,7,1,7,5,1,4,2,1,71,1,26,121.6106177,25.0551653
114,11,19,17,40,2,12內湖區,內湖區行善路與舊宗路1段口,0,0,1,1,C03,8,5,5,50,4,2,1,5,4,5,13,2,1,3,4,5,2,17,1,26,2,8,6,1,7,7,1,10,1,13,100,1,21,121.5802833,25.05901966
114,11,19,17,44,2,06松山區,松山區八德路4段181巷16弄11號,0,0,1,1,H03,8,6,5,30,14,9,4,5,5,5,13,4,4,10,5,5,2,9,1,63,3,10,4,5,8,20,8,20,10,16,67,1,22,121.5628357,25.04922954
114,11,19,17,51,2,03中山區,中山區建國北路3段50號,0,0,1,1,B03,8,5,5,50,14,8,1,5,4,5,13,1,1,9,4,4,1,16,2,42,3,10,7,1,7,6,1,8,1,2,98,1,21,121.536394,25.0648459
114,11,19,18,10,2,06松山區,松山區八德路4段與八德路4段829巷口,0,0,2,1,C03,8,5,5,30,3,2,1,5,4,5,13,4,4,10,5,5,2,10,2,35,2,8,5,1,7,9,1,10,1,11,99,1,21,121.5793415,25.05143217
114,11,19,18,13,2,04大安區,大安區和平東路2段與建國南路2段口,0,0,1,1,C03,7,5,5,50,5,1,1,5,4,5,13,2,1,1,4,5,2,13,2,28,2,9,5,1,7,9,1,10,1,12,16,1,21,121.5373488,25.0255428
114,11,19,18,21,2,07信義區,信義區基隆路汽機車混合地下道往南,0,0,3,1,C04,8,5,5,30,6,9,1,5,4,5,13,4,4,1,5,5,2,13,2,53,2,9,5,1,7,9,1,8,1,11,16,1,21,121.5617846,25.0367967
114,11,19,18,24,2,04大安區,大安區青田街7巷與和平東路1段183巷口,0,0,1,1,B02,7,5,5,30,4,1,1,5,4,5,13,4,4,10,5,5,2,15,1,55,3,10,7,1,7,9,1,8,1,2,72,1,22,121.533493,25.0281085
114,11,19,18,27,2,05中正區,中正區中正橋與廈門街114巷口,0,0,1,1,B02,7,5,5,50,4,1,1,5,4,5,13,1,1,1,5,5,2,17,1,32,3,10,7,1,7,9,1,4,1,2,17,1,22,121.5168951,25.023236
114,11,19,18,48,2,07信義區,信義區忠孝東路4段550號,0,0,1,1,C03,8,5,5,50,14,9,1,5,4,5,13,4,4,9,4,5,2,12,1,37,2,7,6,1,7,9,1,10,1,14,101,1,21,121.5635144,25.0410786
114,11,19,18,50,2,10文山區,文山區木新路3段與木新路3段310巷口,0,0,1,1,B03,8,5,5,50,4,2,2,5,4,5,13,2,1,10,5,5,2,17,2,66,3,10,3,1,7,5,1,8,1,1,71,1,21,121.5572499,24.9808867
114,11,19,18,50,2,07信義區,信義區基隆路汽機車混合地下道,0,0,1,1,C03,8,5,6,30,7,9,1,5,3,5,13,4,4,9,4,5,2,29,2,35,2,9,5,1,7,9,1,10,1,12,44,1,21,121.5633978,25.0395925
114,11,19,18,55,2,03中山區,中山區南京東路3段91號,0,0,1,1,C03,7,5,5,50,14,7,1,5,4,5,13,4,4,1,4,4,1,13,2,45,2,8,6,1,7,9,1,10,1,11,16,1,21,121.5399824,25.0520288
114,11,19,19,10,2,12內湖區,內湖區成功路2段474號,0,0,1,1,C03,7,5,5,50,14,9,1,5,4,5,13,1,1,1,5,5,2,13,2,22,2,8,6,1,7,9,1,10,2,11,16,1,21,121.5897734,25.072832
114,11,19,19,34,2,10文山區,文山區興隆路4段105巷與木柵路2段138巷口,0,0,1,1,C03,8,5,5,30,4,1,1,5,4,5,13,1,1,10,5,5,2,16,1,82,2,7,6,1,7,5,1,10,1,12,8,1,21,121.5622427,24.9877612
114,11,19,19,38,2,03中山區,中山區北安路835號,0,0,1,1,C03,8,5,5,40,14,8,1,5,4,5,13,4,4,1,4,4,2,17,1,63,2,9,6,1,7,9,1,10,2,12,108,1,21,121.5570247,25.08451433
114,11,19,19,38,2,04大安區,大安區敦化南路1段與安和路2段171巷口,0,0,1,1,B03,8,5,5,50,4,1,1,5,4,5,13,2,1,1,4,1,1,17,2,22,3,10,7,1,7,5,1,8,1,2,71,1,21,121.5489816,25.0280786
114,11,19,20,17,2,10文山區,文山區秀明路1段221號對面,0,0,2,1,C03,8,6,5,50,14,9,1,5,4,5,13,4,4,4,4,5,2,12,1,22,2,9,5,1,7,8,1,10,2,12,100,1,21,121.5707262,24.9916293
114,11,19,20,34,2,07信義區,信義區松壽路與基隆路1段口,0,0,1,1,C03,8,5,5,50,4,1,1,5,4,5,13,1,1,9,4,5,2,12,1,30,3,10,6,1,7,9,1,10,1,12,16,1,21,121.5610039,25.0360451
114,11,19,20,56,2,04大安區,大安區敦化南路2段與安和路2段171巷口,0,0,1,1,B01,8,5,5,50,14,9,1,5,4,5,13,2,1,1,3,5,2,16,1,54,3,10,2,1,7,5,1,4,1,17,8,1,21,121.5489673,25.028102