發生年度,發生月,發生日,發生時-Hours,發生分,處理別-編號,區序,肇事地點,死亡人數,2-30日死亡人數,受傷人數,當事人序號,車種,天候,光線,道路類別,速限-速度限制,道路型態,事故位置,路面狀況1,路面狀況2,路面狀況3,道路障礙1,道路障礙2,號誌1,號誌2,車道劃分-分向,車道劃分-分道1,車道劃分-分道2,車道劃分-分道3,事故類型及型態,性別,年齡,受傷程度,主要傷處,保護裝置,行動電話,車輛用途,當事者行動狀態,駕駛資格情形,駕駛執照種類,飲酒情形,車輛撞擊部位1,肇因碼-個別,個人肇逃否,職業,座標-X,座標-Y
114,11,19,20,59,2,03中山區,中山區松江路與南京東路2段口,0,0,1,1,B01,8,5,5,50,4,1,1,5,4,5,13,2,1,1,4,4,2,17,4,38,,,,,,,,,11,,119,2,,121.5327958,25.052115
114,11,19,21,10,2,04大安區,大安區長興街75號,0,0,2,1,F01,8,5,5,0,14,9,1,5,4,5,13,4,4,9,4,5,2,17,1,20,2,9,4,1,7,5,8,20,1,14,44,1,21,121.5462144,25.0158951
114,11,19,21,16,2,04大安區,大安區基隆路2段與基隆路2段291巷口(迴轉道),0,0,2,1,B01,7,5,5,50,4,2,1,5,4,5,13,4,4,10,5,5,2,17,1,56,3,10,7,1,7,5,1,4,1,2,72,1,21,121.5494102,25.0215195
114,11,19,21,25,2,08士林區,士林區承德路5段監理站對面,0,0,2,1,C04,8,5,5,60,14,7,1,5,4,5,13,4,4,1,3,1,1,13,2,20,2,9,6,1,7,9,1,21,2,11,16,1,21,121.5153586,25.0934237
114,11,19,21,35,2,10文山區,文山區中崙路與木新路3段口,0,0,2,1,C03,8,5,5,30,3,1,1,5,4,5,13,4,4,10,5,5,2,16,1,50,2,7,6,1,7,5,1,10,1,14,72,1,21,121.5648784,24.9826871
114,11,19,21,51,2,03中山區,中山區中山北路3段181號,0,0,2,1,C03,8,5,5,50,14,9,1,5,4,5,13,4,4,3,4,5,2,13,2,19,2,8,6,1,7,9,1,10,2,11,16,1,29,121.5239736,25.07221462
114,11,19,22,32,2,06松山區,松山區敦化北路與富錦街77巷6弄口,0,0,1,1,A02,8,5,5,50,14,8,1,5,4,5,13,2,1,8,3,4,2,9,1,56,3,10,7,1,7,15,1,2,1,15,44,1,21,121.5508482,25.0610896
114,11,19,22,50,2,12內湖區,內湖區瑞光路與陽光街口口,0,0,2,1,C03,8,5,5,50,4,2,1,5,4,5,13,2,1,5,4,5,2,15,1,18,2,9,6,1,7,1,1,10,2,14,19,1,21,121.5792884,25.0735763
114,11,19,23,06,2,01大同區,大同區延平北路3段與昌吉街口,0,0,2,1,B01,7,5,5,50,4,2,1,5,4,5,13,2,1,5,4,5,2,17,1,56,3,10,3,4,7,11,1,4,1,7,42,1,21,121.5110108,25.0659271
114,11,19,23,46,2,01大同區,大同區長安西路與南京西路64巷口,0,0,1,1,B12,7,5,5,30,4,2,1,5,4,5,13,2,1,10,4,5,2,9,1,48,3,10,3,4,7,5,1,8,1,5,70,1,21,121.5182965,25.0505896
114,11,20,00,04,2,12內湖區,內湖區東湖路與東湖路33巷口,0,0,1,1,B02,8,5,5,50,3,2,1,5,4,5,13,4,4,5,5,5,2,17,1,63,3,10,7,1,7,11,1,8,1,8,44,1,21,121.6136757,25.06887286
114,11,20,03,25,2,09北投區,北投區大度路與大度路150巷口口,0,0,1,1,C03,7,5,5,50,14,12,1,5,4,4,13,1,1,1,3,4,1,17,1,23,2,9,6,1,7,9,1,10,1,17,42,1,22,121.4934241,25.1217043
114,11,20,06,34,2,04大安區,大安區和平東路3段與和平東路3段228巷口,0,0,2,1,C03,8,5,6,30,4,1,1,5,4,5,13,2,1,10,5,5,2,3,2,58,2,7,3,4,7,5,1,10,1,15,70,1,21,121.5546773,25.0222782
114,11,20,07,16,2,04大安區,大安區辛亥路1段與溫州街口,0,0,1,1,C03,7,6,5,50,14,8,1,5,4,5,13,4,4,1,4,4,2,17,4,0,,,,,,,,,,,119,2,,121.5338696,25.0225317
114,11,20,07,27,2,12內湖區,內湖區南京東路6段與南京東路6段368巷口,0,0,1,1,A02,8,5,5,50,3,1,1,5,4,5,13,2,1,1,4,5,2,9,1,58,3,10,3,4,7,9,1,2,1,5,70,1,21,121.586129,25.0598047
114,11,20,07,38,2,10文山區,文山區新光路1段與新光路1段159巷口,0,0,2,1,C03,7,6,5,50,3,1,1,5,4,5,13,2,1,10,5,5,2,16,1,37,2,7,6,1,7,5,1,10,1,12,71,1,21,121.5738115,24.9926179
114,11,20,07,41,2,02萬華區,萬華區萬大路與艋舺大道120巷38弄口,0,0,2,1,C03,7,7,8,50,4,1,1,5,4,5,13,4,4,9,4,5,2,15,2,63,2,9,5,1,7,9,1,10,1,11,72,1,21,121.5006155,25.0316565
114,11,20,07,42,2,06松山區,松山區敦化北路與富錦街口,0,0,1,1,B02,8,7,5,30,3,1,1,5,4,5,13,4,4,1,4,5,2,15,1,49,3,10,7,1,7,15,1,8,1,7,72,1,25,121.5505339,25.0605258
114,11,20,07,46,2,12內湖區,內湖區民權東路6段296巷31弄與民權東路6段280巷口,0,0,2,1,B03,8,7,5,30,4,1,1,5,4,5,13,4,4,10,4,5,2,15,1,50,3,10,3,1,7,9,1,8,2,2,75,1,21,121.6059231,25.0714789
114,11,20,07,50,2,08士林區,士林區雨農路與忠勇街口,0,0,2,1,C03,7,6,5,50,3,1,1,5,4,5,13,1,1,5,4,5,2,16,2,20,3,10,3,4,7,5,1,10,1,12,8,1,21,121.5322843,25.09848076
114,11,20,07,50,2,07信義區,信義區中坡南路與忠孝東路5段790巷25弄口,0,0,1,1,B03,7,7,5,50,4,1,1,5,4,5,13,2,1,5,4,4,2,11,1,45,3,10,3,4,7,15,1,8,2,5,71,1,21,121.5836427,25.0427116
114,11,20,08,05,2,05中正區,中正區水源路147號,0,0,3,1,C03,8,6,5,50,11,9,1,5,4,3,10,4,4,1,4,5,1,17,2,46,2,7,6,1,7,9,1,10,2,12,107,1,21,121.5161172,25.02345759
114,11,20,08,06,2,07信義區,信義區基隆路車行地下道,0,0,1,1,B01,8,5,5,50,6,9,1,5,4,5,13,4,4,1,1,5,1,13,1,66,3,10,7,1,7,9,1,4,1,1,108,1,22,121.5669966,25.03297756
114,11,20,08,29,2,05中正區,中正區鎮江街2號,0,0,2,1,C03,8,6,5,30,3,1,1,5,4,5,13,4,4,9,5,5,2,16,1,36,2,8,6,1,7,5,1,10,2,11,80,1,21,121.5214368,25.0445936
114,11,20,08,30,2,05中正區,中正區延平南路123號,0,0,1,1,B03,8,5,5,50,14,9,1,5,4,5,13,2,1,9,4,5,2,12,2,62,3,10,7,1,7,9,1,8,1,2,108,1,21,121.5086496,25.0388674
114,11,20,08,31,2,10文山區,文山區新光路1段18號,0,0,1,1,B01,7,6,5,50,14,9,1,5,4,5,13,4,4,9,5,5,2,17,2,52,3,10,7,1,7,15,1,4,1,4,44,1,21,121.5737248,24.9887267
114,11,20,08,40,2,08士林區,士林區美崙街與基河路口,0,0,1,1,B01,7,6,5,50,3,2,1,5,4,5,13,1,1,5,5,5,2,16,1,62,3,10,7,1,7,6,1,2,1,2,9,1,21,121.5184677,25.09516264
114,11,20,08,43,2,07信義區,信義區吳興街392號,0,0,1,1,C03,8,7,5,50,14,9,1,5,4,5,13,4,4,5,5,5,2,12,2,71,2,8,3,4,7,9,1,10,1,12,108,1,22,121.567276,25.0248878
114,11,20,08,45,2,04大安區,大安區四維路154巷1之3號,0,0,1,1,C04,8,5,5,30,14,9,1,5,4,5,13,4,4,10,5,5,2,9,2,30,2,9,3,4,7,9,1,10,1,14,44,1,21,121.5466564,25.0310243
114,11,20,08,47,2,02萬華區,萬華區南寧路70號,0,0,2,1,C03,7,5,5,50,14,9,1,5,4,5,13,4,4,1,4,5,2,17,1,42,2,9,5,4,7,9,1,9,1,14,44,1,21,121.503675,25.03533287
114,11,20,08,47,2,05中正區,中正區重慶南路2段與寧波西街口,0,0,2,1,C04,7,6,5,50,3,1,1,5,4,5,13,1,1,10,4,5,2,16,2,29,2,8,5,1,7,5,1,10,1,14,8,1,21,121.5152912,25.0298228
114,11,20,08,49,2,12內湖區,內湖區南京東路6段與新明路426巷口,0,0,2,1,C03,7,6,5,50,3,1,1,5,4,5,13,1,1,10,5,5,2,16,1,36,2,9,6,1,7,9,1,10,11,11,44,1,21,121.579172,25.0555168
114,11,20,09,36,2,08士林區,士林區仰德大道3段100號,0,0,1,1,C03,7,6,5,40,14,9,1,5,4,5,13,4,4,4,5,5,1,12,1,19,2,9,5,1,7,4,1,10,1,14,17,1,21,121.5528819,25.12089811
114,11,20,09,39,2,03中山區,中山區長春路100號,0,0,1,1,B03,7,6,5,50,14,9,1,5,4,5,13,4,4,9,5,4,2,14,1,57,3,10,7,1,7,2,1,8,1,7,12,1,21,121.5279854,25.0548922
114,11,20,10,08,2,01大同區,大同區長安西路與南京西路64巷口,0,0,1,1,B01,7,6,5,50,4,1,1,5,4,5,13,2,1,9,4,5,2,16,1,56,3,10,7,1,7,5,1,4,1,8,80,1,21,121.5182218,25.0506028
114,11,20,10,14,2,10文山區,文山區興隆路3段與萬芳路口口,0,0,1,1,B12,8,6,5,50,4,2,1,5,4,5,13,1,1,1,4,5,2,12,1,57,3,10,7,1,7,9,3,18,11,2,17,2,21,121.559817,24.9969188
114,11,20,10,29,2,09北投區,北投區尊賢街218巷與吉利街142巷口,0,0,1,1,B12,7,7,5,30,4,1,1,5,4,5,13,4,4,5,5,5,2,15,1,50,3,10,7,1,7,9,1,8,2,2,72,1,21,121.5084454,25.1157481
114,11,20,10,39,2,01大同區,大同區大龍街與民族西路口,0,0,1,1,B01,8,7,5,50,4,18,1,5,4,5,13,1,1,5,5,5,2,3,1,67,3,10,7,1,7,9,1,4,1,5,70,1,21,121.5159184,25.0686852
114,11,20,10,52,2,03中山區,中山區民族東路與吉林路口,0,0,1,1,C03,7,6,5,50,14,9,1,5,4,5,13,4,4,8,3,5,1,17,1,18,3,10,5,1,7,9,1,10,2,11,16,1,21,121.530813,25.0682327
114,11,20,11,10,2,12內湖區,內湖區民權東路6段與舊宗路1段口,0,0,1,1,B01,7,6,5,50,4,2,1,5,4,5,13,1,1,1,5,5,2,13,1,63,3,10,7,1,7,1,1,8,2,5,19,1,21,121.5754124,25.065552
114,11,20,11,12,2,01大同區,大同區鄭州路與西寧北路口,0,0,1,1,C03,7,6,5,40,4,2,1,5,4,5,13,1,1,1,4,5,2,17,1,42,3,10,6,4,7,6,3,18,11,12,16,1,21,121.5081346,25.05061407
114,11,20,11,22,2,07信義區,信義區忠孝東路5段236巷12號,0,0,1,1,B01,8,6,5,50,14,9,1,5,4,5,13,2,1,10,5,5,2,16,1,61,3,10,7,1,7,1,1,4,1,8,19,1,21,121.5718809,25.0399473
114,11,20,11,29,2,01大同區,大同區重慶北路3段25巷與昌吉街110巷口,0,0,2,1,C03,7,7,5,30,3,1,1,5,4,3,13,4,4,10,5,5,2,16,2,50,2,8,5,4,7,5,1,10,1,15,72,1,21,121.5145613,25.0646691
114,11,20,11,50,2,04大安區,大安區忠孝東路4段77巷與敦化南路1段190巷口,0,0,1,1,B03,8,6,5,30,4,1,1,5,4,5,13,4,4,4,3,5,2,15,1,67,3,10,7,1,7,9,1,8,1,8,72,1,21,121.5472236,25.0426505
114,11,20,11,52,2,04大安區,大安區敦化南路1段與忠孝東路4段口,0,0,1,1,A02,8,6,5,50,4,1,1,5,4,5,13,2,1,2,3,1,2,9,1,45,3,10,7,1,7,12,1,2,1,17,118,1,21,121.5490842,25.0414253
114,11,20,12,28,2,12內湖區,內湖區成功路4段12號,0,0,1,1,C03,7,6,5,50,14,9,1,5,4,5,13,4,4,1,3,5,1,16,2,46,2,9,6,1,7,7,1,10,2,14,101,1,21,121.591153,25.0810369
114,11,20,12,37,2,04大安區,大安區復興南路2段與復興南路2段128巷口,0,0,1,1,F01,8,5,5,0,14,23,1,5,4,5,13,2,1,10,5,5,2,16,2,79,2,1,4,1,7,6,8,20,1,12,101,1,22,121.5433795,25.0292091
114,11,20,12,45,2,02萬華區,萬華區西園路1段215號,0,0,1,1,A02,7,6,5,50,14,9,1,5,4,5,13,2,1,3,4,5,2,9,1,62,3,10,3,4,7,14,1,2,9,2,44,1,21,121.4988274,25.0343375
114,11,20,13,25,2,12內湖區,內湖區舊宗路1段與民權東路6段口,0,0,1,1,B03,8,6,5,50,4,2,1,5,4,5,13,2,1,1,5,5,2,17,1,82,3,10,7,1,7,5,1,8,1,6,71,1,21,121.5757657,25.06584787
114,11,20,13,40,2,05中正區,中正區博愛路與武昌街1段口口,0,0,1,1,C03,8,6,5,50,4,1,1,5,4,5,13,2,1,10,5,5,2,16,2,18,2,9,6,1,7,5,1,10,2,14,8,1,21,121.5115199,25.0439773
114,11,20,13,50,2,03中山區,中山區民權東路1段36號,0,0,1,1,C03,8,6,5,50,14,9,1,5,4,5,13,4,4,3,4,5,2,13,2,27,2,8,5,4,7,9,1,10,1,11,16,1,21,121.5238371,25.063029
114,11,20,14,21,2,04大安區,大安區基隆路3段與敦南街口,0,0,1,1,C03,8,6,5,50,3,1,1,5,4,5,13,4,4,10,5,5,2,17,1,50,3,10,3,4,7,9,1,10,1,13,44,1,21,121.5481136,25.0205563
114,11,20,14,28,2,12內湖區,內湖區民權東路6段25號,0,0,1,1,C04,7,6,5,50,14,9,1,5,4,5,13,4,4,1,4,5,2,12,2,48,2,9,5,1,7,7,1,10,1,14,100,1,21,121.5831422,25.0685086
114,11,20,14,36,2,07信義區,信義區福德街217號,0,0,1,1,B03,7,5,5,50,14,9,1,5,4,5,13,4,4,5,5,5,2,17,1,76,3,10,7,1,7,9,1,8,2,2,99,1,21,121.5846111,25.0384327
114,11,20,14,49,2,03中山區,中山區南京東路3段188號,0,0,2,1,B01,8,7,5,50,14,8,1,5,4,5,13,4,4,1,3,4,1,17,1,62,3,10,7,1,7,8,1,4,1,2,100,1,21,121.5209852,25.05001127
114,11,20,14,49,2,08士林區,士林區文林路與文昌路口,0,0,1,1,B02,8,6,5,50,5,1,1,5,4,5,13,2,1,1,4,5,2,12,1,63,3,10,7,1,7,9,1,8,1,6,17,1,21,121.5217557,25.1014029
114,11,20,15,16,2,02萬華區,萬華區廣州街與西昌街口,0,0,1,1,C03,7,6,5,50,4,1,1,5,4,5,13,4,4,5,5,5,2,13,2,53,2,3,6,4,7,9,1,10,1,11,16,1,22,121.5005379,25.0366432
114,11,20,15,18,2,09北投區,北投區大業路700號旁,0,0,1,1,B02,8,6,5,50,14,9,1,5,4,5,13,4,4,1,5,4,2,12,1,36,3,10,7,1,7,14,1,8,1,4,40,1,21,121.502984,25.1370932
114,11,20,15,26,2,09北投區,北投區自強街19號,0,0,1,1,B03,7,6,5,50,14,9,1,5,4,5,13,4,4,9,4,5,2,13,1,43,3,10,3,4,7,9,1,8,2,5,108,1,21,121.5126913,25.1101944
114,11,20,15,44,2,05中正區,中正區羅斯福路1段8號旁無名巷口,0,0,1,1,B01,7,7,5,30,3,1,1,4,4,5,13,4,4,2,4,4,2,17,1,56,3,10,7,1,7,6,1,4,1,5,42,1,22,121.518762,25.03208399
114,11,20,15,56,2,01大同區,大同區延平北路3段與延平北路3段17巷口,0,0,1,1,C03,7,6,5,50,5,2,1,5,4,5,13,4,4,5,4,5,2,13,2,32,3,10,6,4,7,9,1,10,1,11,16,1,22,121.5111916,25.0637983
114,11,20,16,04,2,10文山區,文山區辛亥路4段與辛亥路4段77巷口,0,0,1,1,B03,7,6,5,50,3,1,1,5,4,5,13,2,1,1,4,5,2,16,2,34,3,10,7,1,7,5,1,8,1,5,71,1,21,121.5586849,25.0073902
114,11,20,16,07,2,06松山區,松山區健康路與南京東路5段23巷口,0,0,1,1,C03,7,6,5,40,3,2,1,5,4,5,13,4,4,1,4,4,2,18,1,61,2,3,5,1,7,15,1,10,2,14,42,1,21,121.558049,25.0537758
114,11,20,16,37,2,03中山區,中山區渭水路54號,0,0,1,1,C03,7,6,5,50,14,9,1,5,4,5,13,4,4,9,4,4,2,16,1,56,2,9,5,1,7,9,1,10,1,12,108,1,21,121.5349951,25.0456635
114,11,20,17,01,2,03中山區,中山區長春路52號,0,0,1,1,B02,8,5,5,40,14,8,1,5,4,5,13,4,4,4,3,4,1,6,1,42,3,10,7,1,7,9,1,8,1,2,44,1,21,121.5261283,25.05505409
114,11,20,17,07,2,10文山區,文山區興隆路2段與景興路口,0,0,1,1,C03,7,6,5,50,5,1,1,5,4,5,13,2,1,1,2,5,2,16,1,50,2,8,5,1,7,5,1,10,1,12,8,1,21,121.5446498,24.9985727
114,11,20,17,11,2,05中正區,中正區中山北路1段與忠孝西路1段口口,0,0,1,1,C03,8,5,5,50,4,1,1,5,4,5,13,2,1,10,5,5,2,17,2,23,2,9,6,1,7,9,1,10,2,15,44,1,21,121.5201848,25.0453523
114,11,20,17,12,2,02萬華區,萬華區康定路與桂林路口,0,0,1,1,B02,7,5,5,50,4,1,1,5,4,5,13,2,1,5,4,4,2,16,4,0,,,,,,,,,11,,119,2,,121.5017287,25.0383493
114,11,20,17,20,2,05中正區,中正區林森南路與羅斯福路1段口口,0,0,1,1,C03,8,5,5,30,5,1,1,5,4,5,13,1,1,10,5,5,1,17,2,18,3,10,6,1,7,6,1,10,1,17,9,1,21,121.518581,25.0334608
114,11,20,17,25,2,06松山區,松山區敦化北路244巷與敦化北路244巷6弄口,0,0,2,1,B01,8,5,5,30,4,1,1,5,4,5,13,4,4,10,5,5,2,15,1,57,3,10,7,1,7,9,1,4,1,2,72,1,21,121.5494203,25.0606495
114,11,20,17,30,2,10文山區,文山區指南路2段141號,0,0,1,1,C03,7,5,5,40,14,9,1,5,4,5,13,4,4,5,5,5,2,17,1,54,3,10,3,4,7,1,1,10,1,11,44,1,22,121.5771717,24.98738349
114,11,20,17,50,2,04大安區,大安區仁愛路3段125號,0,0,1,1,C03,7,5,5,50,14,9,1,5,4,5,13,4,4,1,4,5,2,13,1,59,2,8,5,1,7,12,1,10,1,14,108,1,21,121.5423265,25.0381852
114,11,20,17,54,2,08士林區,士林區中山北路5段250號對面,0,0,2,1,C03,8,5,5,50,14,9,1,5,4,5,13,4,4,5,4,5,2,13,2,60,2,7,6,1,7,9,1,10,1,13,44,1,21,121.5267871,25.087614
114,11,20,18,00,2,12內湖區,內湖區東湖路119巷30號,0,0,1,1,C03,7,6,5,30,14,9,4,5,4,5,13,4,4,10,5,5,2,13,1,22,3,10,6,1,7,12,1,10,2,13,14,1,21,121.6166242,25.0689209
114,11,20,18,03,2,08士林區,士林區承德路4段89號,0,0,1,1,B03,7,5,5,50,14,9,1,5,4,5,13,4,4,1,4,5,2,17,1,65,3,10,7,1,7,11,1,8,2,8,80,1,21,121.5235519,25.0834019
114,11,20,18,08,2,08士林區,士林區社中街346巷4弄與社中街346巷口,0,0,2,1,C03,8,6,5,30,4,1,1,5,4,5,13,4,4,10,5,5,1,15,1,34,2,8,5,1,7,9,3,18,2,11,72,1,21,121.5046167,25.0929633
114,11,20,18,10,2,02萬華區,萬華區長順街與長順街107巷口,0,0,1,1,C03,7,6,5,30,4,1,1,5,4,5,13,4,4,10,5,5,1,17,1,48,3,10,3,4,7,9,7,19,11,17,72,1,22,121.4893412,25.032145
114,11,20,18,20,2,02萬華區,萬華區堤外便道北往南方向(DSR314牌面前）,0,0,1,1,C03,8,5,7,40,14,11,1,5,4,5,13,4,4,9,4,5,1,13,1,34,2,8,5,1,7,12,1,10,1,11,16,1,21,121.4991037,25.0415159
114,11,20,18,36,2,06松山區,松山區東興路與南京東路5段口,0,0,1,1,,7,5,5,50,3,2,1,5,4,5,13,2,1,1,2,5,2,17,4,0,4,11,3,4,7,15,7,19,11,15,119,2,22,121.5653492,25.051196
114,11,20,18,38,2,03中山區,中山區中山北路3段181號,0,0,2,1,C03,7,5,5,50,14,11,1,5,4,5,13,4,4,10,4,5,2,13,2,25,2,9,5,1,7,9,1,10,1,11,16,1,21,121.5243959,25.0729384
114,11,20,18,51,2,09北投區,北投區大度路3段1205126號燈桿,0,0,1,1,C03,7,5,5,50,14,9,1,5,4,5,13,4,4,1,4,5,1,13,1,36,3,10,6,1,7,9,1,10,1,11,16,1,21,121.4727855,25.1228995
114,11,20,19,10,2,06松山區,松山區民生東路5段與民生東路5段137巷口,0,0,1,1,C03,7,6,5,50,4,2,1,5,4,5,13,2,1,1,4,5,2,13,2,68,2,9,5,4,7,11,1,10,2,14,71,1,21,121.5616665,25.0587879
114,11,20,21,27,2,01大同區,大同區台北橋機慢車道與台北橋機慢車道口上橋處,0,0,1,1,B03,8,5,5,50,8,11,1,5,4,5,13,4,4,1,5,5,2,17,1,30,4,11,3,4,7,9,5,8,9,17,99,2,21,121.510745,25.0630796
114,11,20,21,45,2,11南港區,南港區忠孝東路6段70巷21弄與忠孝東路6段70巷5弄口,0,0,1,1,C03,8,5,5,30,3,1,1,5,4,5,13,4,4,5,5,5,2,16,1,18,3,10,6,1,7,5,1,10,1,14,8,1,21,121.5848241,25.046138
114,11,20,22,38,2,08士林區,士林區中正路與士商路口,0,0,1,1,B03,8,5,5,50,4,1,1,5,4,5,13,2,1,5,2,5,1,16,1,44,3,10,7,1,7,11,1,8,2,6,85,1,21,121.5187033,25.0924863
114,11,20,22,40,2,11南港區,南港區東新街與忠孝東路6段81巷口,0,0,1,1,B03,7,5,5,50,3,1,1,5,4,5,13,4,4,1,3,4,2,16,2,62,3,10,7,1,7,6,1,8,1,2,9,1,21,121.5846253,25.0484773
114,11,20,23,16,2,02萬華區,萬華區中華路2段與艋舺大道口,0,0,2,1,C03,7,5,5,50,3,1,1,5,4,5,13,2,1,1,4,4,2,16,2,35,2,9,3,4,7,9,1,10,1,11,81,1,22,121.5055667,25.0345962
114,11,20,23,20,2,04大安區,大安區大安路1段與復興南路1段107巷口,0,0,2,1,C03,8,5,5,30,4,1,1,5,4,5,13,4,4,10,5,5,2,17,1,19,2,7,3,4,7,15,1,10,1,13,72,1,21,121.5461823,25.0437303
114,11,20,23,33,2,10文山區,文山區興隆路1段與興隆路1段83巷口,0,0,1,1,B03,8,5,5,50,3,1,1,5,4,5,13,2,1,1,4,5,2,16,2,29,3,10,7,1,7,5,1,8,2,6,71,1,21,121.5412498,25.0031996
114,11,21,04,14,2,03中山區,中山區中山北路3段與民族西路口,0,0,2,1,C03,7,5,5,50,4,1,1,5,4,5,13,1,1,5,4,3,2,12,1,48,2,9,6,1,7,15,1,10,1,12,100,1,21,121.5227433,25.06846395
114,11,21,04,23,2,03中山區,中山區南京東路3段與復興北路口,0,0,1,1,B03,7,5,5,50,4,1,1,5,4,5,13,1,1,1,4,5,2,16,1,28,3,10,3,4,7,6,1,8,1,2,9,1,21,121.5436428,25.05188338
114,11,21,07,31,2,05中正區,中正區羅斯福路1段與寧波西街口,0,0,1,1,C03,8,7,5,50,3,2,1,5,4,5,13,2,1,10,4,5,2,13,2,46,2,8,5,1,7,9,1,10,1,11,16,1,21,121.5187949,25.0314867
114,11,21,07,41,2,02萬華區,萬華區光復橋往台北,0,0,1,1,C03,7,7,5,50,8,9,1,5,4,5,13,4,4,1,4,5,2,13,1,21,2,8,5,1,7,9,3,18,1,11,108,1,21,121.4905317,25.0241769
114,11,21,07,41,2,08士林區,士林區中正路519號,0,0,1,1,C03,8,5,5,30,14,9,1,5,4,5,13,4,4,1,4,5,2,12,1,64,3,10,6,1,7,8,1,10,1,17,101,1,21,121.5169063,25.0911027
114,11,21,07,43,2,04大安區,大安區安和路1段117巷與安和路1段口,0,0,1,1,B03,8,6,5,50,3,1,1,5,4,5,13,4,4,3,5,5,2,17,2,71,3,10,7,4,7,14,1,8,1,6,38,1,21,121.5526303,25.034993
114,11,21,07,49,2,12內湖區,內湖區民權東路6段161號附近側附近,0,0,1,1,B03,8,6,5,50,14,9,1,5,4,5,13,2,1,1,3,5,2,16,1,43,3,10,7,1,7,6,1,8,1,2,9,1,21,121.5954582,25.0685868
114,11,21,07,57,2,01大同區,大同區重慶北路2段156號旁,0,0,1,1,B03,7,7,5,0,14,20,4,5,4,5,13,4,4,10,5,5,2,9,1,44,3,10,3,4,7,9,1,8,1,1,70,1,21,121.5134984,25.0589375
114,11,21,08,00,2,12內湖區,內湖區南京東路6段與麥帥一橋口機車引道,0,0,2,1,C03,8,7,5,40,14,11,1,5,4,5,13,3,1,1,5,5,2,13,2,20,2,9,5,1,7,9,1,10,1,11,16,1,21,121.5744925,25.0537996
114,11,21,08,15,2,08士林區,士林區福林橋7010062燈桿,0,0,1,1,C04,7,6,5,50,14,9,1,5,4,5,13,4,4,1,4,5,2,12,2,69,2,1,5,1,7,9,1,8,1,12,17,1,21,121.5267478,25.10020199
114,11,21,08,19,2,01大同區,大同區民權西路104號,0,0,1,1,C03,8,7,5,50,14,9,1,5,4,5,13,4,4,1,4,5,2,13,2,62,3,10,6,1,7,9,1,10,1,11,108,1,21,121.5175882,25.0628106
114,11,21,08,26,2,11南港區,南港區松河街第0404968燈桿前,0,0,1,1,B03,7,6,5,40,14,9,1,5,4,5,13,4,4,9,5,5,2,12,1,57,3,10,3,4,7,1,1,8,1,3,19,1,21,121.5930425,25.0586334
114,11,21,08,40,2,03中山區,中山區中山北路2段72巷與中山北路2段口,0,0,1,1,B03,8,7,5,50,3,1,2,5,4,5,13,4,4,9,4,5,2,17,2,52,3,10,7,1,7,6,1,8,1,2,16,1,21,121.5225955,25.0570549
114,11,21,08,42,2,04大安區,大安區金山南路2段31巷與信義路2段114巷口,0,0,2,1,C03,7,6,5,30,4,1,1,5,4,5,13,4,4,10,5,5,2,15,1,42,2,9,5,1,7,9,1,10,2,11,75,1,22,121.5280329,25.0327382
114,11,21,08,55,2,11南港區,南港區南港路2段45號,0,0,1,1,B01,7,7,5,50,14,9,1,5,4,5,13,4,4,4,4,5,2,16,1,61,3,10,3,4,7,6,1,4,1,2,17,1,21,121.6022863,25.0534741
114,11,21,09,12,2,08士林區,士林區天母西路與天母西路38巷口,0,0,1,1,B03,8,5,8,50,4,1,1,5,4,5,13,2,1,5,4,5,2,16,2,31,3,10,7,1,7,6,1,8,1,5,9,1,21,121.5261637,25.1184567
114,11,21,09,36,2,02萬華區,萬華區梧州街與華西街30巷口,0,0,1,1,C03,7,7,5,30,4,1,1,5,4,5,10,4,4,10,5,5,2,17,4,0,,,,,,,,,11,,,,,121.4976482,25.0376652
114,11,21,09,39,2,06松山區,松山區八德路3段12巷51弄46號,0,0,1,1,F01,8,7,5,50,14,9,1,5,4,5,13,4,4,10,5,5,2,16,2,76,2,9,4,1,7,5,8,20,1,11,8,1,26,121.5510098,25.0461652
114,11,21,09,55,2,04大安區,大安區信義路3段與復興南路1段口,0,0,1,1,C03,8,5,5,50,3,1,1,5,4,5,13,2,1,1,3,4,1,13,2,29,2,8,5,1,7,9,1,10,1,11,16,1,21,121.5431794,25.0334871
114,11,21,10,40,2,05中正區,中正區重慶北路1段與北平西路口,0,0,1,1,A31,8,6,5,30,4,1,2,5,4,5,13,2,1,10,5,5,2,15,1,29,3,10,3,4,7,1,1,1,2,8,19,1,26,121.5131888,25.048259
114,11,21,10,50,2,06松山區,松山區市民大道4段與八德路3段74巷口,0,0,3,1,C03,7,6,5,30,3,2,1,5,4,5,13,4,4,9,4,5,2,15,1,53,2,7,6,1,7,9,1,10,1,15,72,1,22,121.5524609,25.04459318
114,11,21,10,50,2,09北投區,北投區承德路7段與大度路口,0,0,2,1,C03,8,6,5,50,3,2,1,5,4,5,13,4,4,1,5,4,2,16,1,38,2,8,5,1,7,6,1,9,1,13,9,1,21,121.4991606,25.1213149