發生年度,發生月,發生日,發生時-Hours,發生分,處理別-編號,區序,肇事地點,死亡人數,2-30日死亡人數,受傷人數,當事人序號,車種,天候,光線,道路類別,速限-速度限制,道路型態,事故位置,路面狀況1,路面狀況2,路面狀況3,道路障礙1,道路障礙2,號誌1,號誌2,車道劃分-分向,車道劃分-分道1,車道劃分-分道2,車道劃分-分道3,事故類型及型態,性別,年齡,受傷程度,主要傷處,保護裝置,行動電話,車輛用途,當事者行動狀態,駕駛資格情形,駕駛執照種類,飲酒情形,車輛撞擊部位1,肇因碼-個別,個人肇逃否,職業,座標-X,座標-Y
114,11,21,11,39,2,02萬華區,萬華區漢口街2段90巷8弄與漢口街2段90巷口,0,0,3,1,C03,7,6,5,30,4,1,1,5,4,5,13,4,4,10,5,5,2,17,1,43,2,9,5,1,7,9,1,10,1,11,75,1,21,121.5042255,25.0458077
114,11,21,13,06,2,05中正區,中正區中山南路與信義路1段口,0,0,1,1,B03,8,5,5,50,5,2,1,5,4,5,13,1,1,1,5,5,2,17,2,53,3,10,7,1,7,9,1,8,1,1,44,1,21,121.5178469,25.038601
114,11,21,13,11,2,03中山區,中山區樂群三路與明水路口側附近口,0,0,2,1,B03,8,7,5,50,14,9,1,5,4,5,13,1,1,10,4,4,1,10,1,31,2,7,7,1,7,9,1,8,2,4,81,1,21,121.551237,25.0827456
114,11,21,13,52,2,02萬華區,萬華區西園路2段與西藏路口,0,0,1,1,B03,7,6,5,50,4,1,1,5,4,5,13,2,1,1,4,5,2,17,1,52,3,10,7,1,7,6,1,8,1,17,9,1,21,121.4945969,25.02768465
114,11,21,14,28,2,06松山區,松山區民權東路5段與撫遠街口,0,0,1,1,B03,7,6,5,50,4,1,1,5,4,5,13,2,1,1,4,5,2,15,1,22,3,10,7,1,7,15,1,14,2,5,71,1,21,121.5658828,25.0632382
114,11,21,15,20,2,01大同區,大同區承德路3段與敦煌路口口,0,0,1,1,C03,8,7,5,50,4,1,1,5,4,5,13,2,1,8,3,5,2,16,1,60,2,9,6,1,7,8,1,10,1,11,100,1,21,121.5202259,25.075142
114,11,21,15,20,2,08士林區,士林區德行西路與德行西路94巷口口,0,0,1,1,C03,8,6,6,50,4,1,1,5,4,5,13,4,4,5,5,5,2,16,1,52,3,10,6,1,7,5,1,10,1,14,8,1,21,121.5213363,25.1042418
114,11,21,16,35,2,05中正區,中正區貴陽街1段與懷寧街口口,0,0,1,1,B03,8,6,5,50,3,1,1,5,4,5,13,4,4,5,5,5,2,16,1,70,3,10,3,4,7,5,1,8,2,5,99,1,21,121.5137321,25.0387451
114,11,21,16,40,2,10文山區,文山區木柵路1段與光輝路口,0,0,1,1,B02,8,6,5,50,3,1,1,5,4,5,13,1,1,10,5,5,1,17,1,44,3,10,7,1,7,5,1,8,1,2,71,1,21,121.5551069,24.9881691
114,11,21,17,10,2,12內湖區,內湖區新明路188號附近側附近,0,0,1,1,B03,8,5,5,50,14,8,1,5,4,5,13,4,4,4,4,4,2,12,1,56,3,10,7,1,7,9,1,8,1,6,80,1,21,121.5852238,25.0572802
114,11,21,17,16,2,11南港區,南港區東新街與南港路3段口,0,0,1,1,C03,8,5,5,50,5,1,1,5,4,5,13,2,1,4,3,5,2,12,1,18,3,10,3,4,7,10,1,10,1,13,80,1,21,121.5827797,25.0515794
114,11,21,17,23,2,12內湖區,內湖區民權東路6段174巷與成功路2段245巷口,0,0,2,1,C03,7,6,5,30,3,1,1,5,4,5,13,4,4,9,5,5,2,15,2,43,2,9,5,1,7,9,1,10,1,11,75,1,21,121.5917972,25.0677551
114,11,21,17,29,2,12內湖區,內湖區南京東路6段與新明路298巷口,0,0,1,1,B01,8,5,5,50,4,1,1,5,4,5,13,2,1,5,3,5,2,13,1,60,3,10,7,1,7,9,1,2,1,1,99,1,21,121.5816038,25.0569632
114,11,21,17,35,2,04大安區,大安區信義路3段與信義路3段166巷口,0,0,1,1,B03,7,5,5,50,3,2,1,5,4,5,13,2,1,8,3,5,1,16,1,76,3,10,7,1,7,6,1,8,1,2,9,1,21,121.5418487,25.0333094
114,11,21,17,40,2,07信義區,信義區市民大道5段與市民大道5段14巷口,0,0,2,1,C03,8,6,5,30,3,1,1,5,4,5,13,1,1,1,4,5,2,12,1,58,2,9,5,1,7,9,1,10,2,11,17,1,21,121.5596629,25.045773
114,11,21,17,50,2,07信義區,信義區基隆路2段123號,0,0,1,1,A02,8,5,5,50,14,9,1,5,4,5,13,4,4,1,4,5,2,9,1,54,3,10,3,4,7,1,1,2,1,17,44,1,21,121.5570945,25.0287778
114,11,21,18,05,2,08士林區,士林區至善路2段與至善路2段25巷口,0,0,1,1,C03,7,5,5,40,3,2,1,5,4,5,13,1,1,3,2,4,2,17,1,33,2,8,6,1,7,6,1,10,1,14,9,1,26,121.5440495,25.09718008
114,11,21,18,05,2,12內湖區,內湖區麥帥一橋機車道內湖往松山,0,0,2,1,C03,8,5,5,40,14,11,1,5,4,5,13,4,4,10,4,5,2,17,2,43,3,10,6,1,7,8,1,10,1,17,30,1,22,121.5668302,25.05145006
114,11,21,18,30,2,06松山區,松山區健康路325巷8號,0,0,1,1,F01,8,5,5,30,14,9,1,5,4,5,13,4,4,10,5,5,2,10,1,12,2,8,4,1,7,9,8,20,1,14,80,1,21,121.5677237,25.0565278
114,11,21,18,45,2,12內湖區,內湖區五分街72巷與安康路414巷口,0,0,2,1,C03,6,5,5,30,3,1,1,4,4,5,13,4,4,9,5,5,1,16,2,42,2,9,6,1,7,5,1,10,2,13,72,1,21,121.6163968,25.0662293
114,11,21,18,55,2,05中正區,中正區市民大道2段與林森北路口,0,0,1,1,C03,8,5,5,40,4,1,1,5,4,5,13,1,1,1,4,5,2,16,2,33,2,9,6,1,7,5,1,10,2,14,8,1,22,121.524292,25.0478537
114,11,21,19,00,2,02萬華區,萬華區堤外便道往南(中興橋下),0,0,1,1,C03,8,5,5,40,14,11,1,5,4,5,13,4,4,3,5,5,2,17,1,22,2,9,6,1,7,15,1,10,1,17,42,1,26,121.5004497,25.04377621
114,11,21,19,10,2,03中山區,中山區南京東路2段111號前,0,0,2,1,C03,7,5,5,40,14,8,1,5,4,5,13,4,4,1,4,4,2,13,2,46,2,9,3,4,7,9,1,10,1,11,44,1,21,121.5335182,25.0521463
114,11,21,19,15,2,04大安區,大安區新生南路2段與新生南路2段70巷口,0,0,1,1,B03,8,5,5,40,3,2,1,5,4,5,13,4,4,5,4,5,1,17,1,27,3,10,7,1,7,6,1,8,1,2,44,1,21,121.534521,25.0277688
114,11,21,19,24,2,05中正區,中正區金山南路1段與濟南路2段口,0,0,1,1,B03,8,5,5,50,4,1,1,5,4,5,13,2,1,3,4,5,2,16,1,71,3,10,7,1,7,6,1,8,2,5,9,1,22,121.5292634,25.04082048
114,11,21,19,50,2,06松山區,松山區民生東路5段52號,0,0,1,1,C04,7,5,5,50,14,9,1,5,5,5,13,4,4,1,4,5,2,18,2,38,2,9,6,4,7,9,1,10,2,17,44,1,21,121.5576869,25.0583825
114,11,21,21,06,2,07信義區,信義區松山路與松隆路口,0,0,1,1,C03,8,5,5,50,4,1,1,5,4,5,13,1,1,9,4,5,2,12,1,66,2,9,6,1,7,7,1,10,1,14,101,1,21,121.5778503,25.0478987
114,11,21,21,19,2,04大安區,大安區辛亥路3段與芳蘭路口,0,0,2,1,B03,8,5,5,50,4,1,1,5,4,5,13,2,1,1,4,5,2,17,1,25,3,10,7,1,7,6,1,8,1,8,44,1,21,121.5490448,25.0168405
114,11,21,21,46,2,03中山區,中山區市民大道3段與松江路口,0,0,1,1,C03,7,5,5,40,4,2,1,5,4,5,13,1,1,5,4,3,2,13,1,16,2,9,6,1,7,9,2,18,1,11,108,1,21,121.5331154,25.04545378
114,11,21,22,49,2,04大安區,大安區復興南路2段268號,0,0,1,1,B01,8,5,5,40,14,9,1,5,4,5,13,4,4,10,5,5,2,17,1,42,3,10,3,4,7,7,1,4,2,4,44,1,21,121.5433518,25.0244577
114,11,21,23,00,2,09北投區,北投區明德路與明德路150巷口,0,0,1,1,B01,8,5,5,50,3,1,1,5,4,5,13,1,1,9,4,5,2,12,1,55,3,10,7,1,7,11,1,4,1,4,10,1,21,121.5207667,25.1106725
114,11,21,23,13,2,07信義區,信義區忠孝東路5段與中坡南路口,0,0,1,1,B01,8,6,5,50,4,1,1,5,4,5,13,1,1,3,4,5,2,16,1,54,3,10,3,4,7,5,1,4,1,8,71,1,21,121.5818839,25.0441602
114,11,22,03,51,2,06松山區,松山區南京東路4段53巷與南京東路4段53巷11弄口,0,0,2,1,B01,8,5,5,30,4,1,1,5,4,5,13,4,4,10,5,5,2,15,1,58,2,6,3,4,7,9,1,4,2,8,72,1,22,121.5511404,25.0533171
114,11,22,05,55,2,01大同區,大同區重慶北路2段與涼州街口,0,0,1,1,H01,8,5,5,50,4,18,1,5,4,5,13,2,1,1,4,5,2,3,2,86,2,9,4,5,8,16,8,20,10,16,122,1,21,121.5134819,25.0606924
114,11,22,07,38,2,10文山區,文山區景豐街37巷7弄與景豐街31巷口,0,0,1,1,B03,8,6,5,30,4,1,1,5,4,5,13,4,4,10,5,5,2,15,2,60,3,10,7,1,7,9,1,8,2,8,72,1,21,121.545487,25.0000198
114,11,22,08,18,2,07信義區,信義區信義路6段與信義路6段76巷口,0,0,1,1,C03,8,7,5,50,4,2,1,5,4,5,13,1,1,5,5,5,2,13,4,0,,,,,7,12,7,,9,17,119,2,,121.5767494,25.035149
114,11,22,08,42,2,08士林區,士林區承德路4段與大南路口,0,0,1,1,B12,8,6,5,50,5,1,1,5,4,5,13,3,2,1,4,5,1,17,1,41,4,11,3,4,7,9,1,8,9,2,99,2,21,121.5214499,25.0890961
114,11,22,08,59,2,06松山區,松山區松河街76號,0,0,2,1,C03,8,6,5,40,14,9,1,5,4,5,13,2,1,9,5,5,2,16,1,23,2,7,6,1,7,1,1,10,1,11,19,1,21,121.5741759,25.05084631
114,11,22,09,20,2,03中山區,中山區錦州街370號,0,0,1,1,B03,8,7,5,50,14,9,1,5,4,5,13,4,4,9,4,5,2,17,2,38,2,2,7,1,7,2,1,8,1,8,12,1,21,121.5401184,25.06022335
114,11,22,09,40,2,06松山區,松山區八德路4段692號,0,0,3,1,C03,8,7,5,50,14,8,1,5,4,5,13,4,4,1,4,4,2,12,1,79,2,9,5,1,7,1,1,10,1,14,19,1,22,121.5774071,25.0499576
114,11,22,09,41,2,04大安區,大安區忠孝東路4段與復興南路1段口,0,0,2,1,A02,8,5,5,50,4,2,1,5,4,5,13,2,1,10,5,5,2,13,1,36,3,10,3,4,7,9,1,6,2,1,108,1,21,121.5441709,25.0416836
114,11,22,09,42,2,02萬華區,萬華區環河南路1段與忠孝西路2段口,0,0,2,1,B03,8,6,5,50,3,1,1,5,4,5,13,2,1,1,4,5,2,16,1,33,3,10,7,1,7,5,1,8,1,8,71,1,21,121.5061438,25.0488612
114,11,22,09,46,2,01大同區,大同區承德路3段與撫順街口,0,0,2,1,F01,8,7,5,50,3,1,1,5,4,5,13,4,4,5,5,5,2,16,1,58,2,7,4,1,7,5,8,20,1,11,98,1,21,121.5184277,25.0631905
114,11,22,10,02,2,09北投區,北投區紗帽路110號旁,0,0,1,1,F01,8,7,5,50,14,9,1,5,5,5,13,4,4,8,5,5,1,29,1,35,2,9,6,1,7,9,8,20,9,11,44,1,21,121.5486142,25.1480529
114,11,22,10,21,2,07信義區,信義區基隆路1段與市民大道6段口,0,0,1,1,A02,8,6,5,50,5,1,1,5,4,5,13,2,1,1,3,5,2,17,1,25,3,10,7,1,7,11,1,2,1,4,98,1,21,121.5692688,25.048964
114,11,22,10,37,2,06松山區,松山區健康路237號,0,0,3,1,C04,7,6,5,40,14,8,1,5,4,5,13,4,4,1,3,4,2,17,2,51,2,9,6,1,7,9,1,10,1,11,16,1,21,121.5632562,25.0542024
114,11,22,10,55,2,08士林區,士林區故宮路36號對面,0,0,1,1,B03,8,5,5,50,14,9,1,5,4,5,13,4,4,1,4,5,2,17,1,83,4,11,3,4,7,15,7,19,11,15,100,2,22,121.5178782,25.08689974
114,11,22,11,13,2,08士林區,士林區大南路與小西街口,0,0,1,1,C03,8,6,5,30,4,1,1,5,4,5,13,4,4,10,5,5,2,15,1,26,2,9,6,1,7,9,1,10,2,12,72,1,21,121.5233691,25.089778
114,11,22,11,42,2,10文山區,文山區興隆路3段265號號對面,0,0,1,1,C03,8,6,5,50,14,9,1,5,4,5,13,4,4,1,4,5,2,12,2,69,2,9,6,1,7,7,1,10,1,14,100,1,21,121.5586491,24.9922951
114,11,22,12,51,2,06松山區,松山區民生東路3段100號,0,0,1,1,F01,8,6,5,50,14,9,1,5,4,5,13,1,1,1,4,5,2,16,2,36,3,10,4,1,7,6,8,20,1,12,9,1,21,121.5444513,25.0576332
114,11,22,14,35,2,11南港區,南港區南港路2段與興南街口,0,0,1,1,B03,8,7,5,50,3,1,1,5,4,5,13,2,1,5,4,4,2,17,2,38,3,10,7,1,7,6,1,8,1,2,9,1,21,121.5976498,25.0540742
114,11,22,14,40,2,03中山區,中山區中山北路4段與北安路口,0,0,1,1,B03,8,7,5,50,3,1,1,5,4,5,13,1,1,9,4,5,2,17,2,58,3,10,7,1,7,9,1,8,1,1,16,1,21,121.5269364,25.0765652
114,11,22,14,50,2,09北投區,北投區竹子湖路,0,0,2,1,B03,8,5,5,40,11,9,1,5,4,5,13,4,4,4,5,5,1,13,1,67,2,9,7,1,7,9,1,8,1,1,42,1,22,121.5583662,25.1813033
114,11,22,15,16,2,03中山區,中山區中山北路3段181號(中山橋上),0,0,2,1,C03,8,5,5,50,14,11,1,5,4,5,13,4,4,1,2,4,2,13,2,56,2,9,3,4,7,9,1,10,1,11,14,1,21,121.5241275,25.07271765
114,11,22,15,45,2,10文山區,文山區木柵路1段與辛亥路7段口口,0,0,1,1,C03,8,6,5,40,4,2,1,5,4,5,13,2,1,5,5,4,2,12,1,65,2,8,5,1,7,9,1,10,2,12,45,1,21,121.5523265,24.9875243
114,11,22,16,09,2,12內湖區,內湖區內湖路2段177號,0,0,2,1,C03,8,6,5,50,14,9,1,5,4,5,13,4,4,9,4,5,2,13,1,36,2,7,5,1,7,9,1,10,1,11,16,1,21,121.5860311,25.0810181
114,11,22,16,11,2,02萬華區,萬華區成都路96號,0,0,1,1,B03,8,5,5,50,22,9,1,5,4,5,13,4,4,9,4,5,2,17,1,48,3,10,7,4,7,7,1,8,2,7,100,1,21,121.5042218,25.0431275
114,11,22,16,22,2,03中山區,中山區新生北路1段64號,0,0,1,1,B12,8,7,5,50,14,9,1,5,4,5,13,2,1,1,4,5,2,13,1,56,3,10,7,1,7,1,1,4,1,5,108,1,21,121.53065,25.0470592
114,11,22,16,35,2,03中山區,中山區民族東路137號,0,0,2,1,B01,8,5,5,50,14,8,1,5,4,5,13,4,4,1,4,4,2,16,1,50,3,10,3,4,7,8,1,4,1,2,100,1,21,121.5392091,25.06818817
114,11,22,17,15,2,10文山區,文山區興隆路2段220巷與興隆路2段220巷55弄口,0,0,1,1,B03,8,5,5,30,3,1,1,5,4,5,13,4,4,10,5,5,2,14,1,39,3,10,7,1,7,2,1,8,2,3,12,1,21,121.551529,24.9996132
114,11,22,17,27,2,03中山區,中山區民權東路2段119號,0,0,1,1,B03,8,5,5,50,14,9,1,5,4,5,13,4,4,1,4,5,2,12,1,58,3,10,7,1,7,1,1,4,1,8,19,1,21,121.5345404,25.0626557
114,11,22,17,31,2,03中山區,中山區民權東路2段206號,0,0,1,1,C03,8,5,5,50,14,9,1,5,4,5,13,2,1,7,2,5,2,17,1,34,2,9,5,1,7,7,1,10,1,14,80,1,21,121.5365125,25.0622991
114,11,22,17,32,2,08士林區,士林區雙溪街與雙溪河濱公園口自行車道,0,0,1,1,F01,8,6,5,30,14,23,1,5,4,5,13,4,4,10,2,5,1,9,1,74,2,9,4,1,7,9,8,20,1,11,44,1,21,121.5294909,25.09962307
114,11,22,17,35,2,03中山區,中山區中山北路4段與北安路口,0,0,1,1,B03,7,5,5,50,11,9,1,5,4,5,13,1,1,1,4,5,2,13,2,33,3,10,7,1,7,9,1,8,1,5,16,1,21,121.5269815,25.0770796
114,11,22,17,52,2,01大同區,大同區南京西路103號,0,0,1,1,C03,7,5,5,40,14,12,1,5,4,5,13,4,4,1,4,4,2,17,2,42,2,9,5,4,7,9,1,10,1,11,16,1,21,121.5157236,25.05377328
114,11,22,19,04,2,07信義區,信義區松廉路與松智路口,0,0,2,1,C03,8,5,5,50,3,1,1,5,4,5,13,2,1,9,3,5,1,16,1,18,3,10,3,4,7,5,1,10,1,12,71,1,22,121.5654498,25.0339888
114,11,22,19,12,2,02萬華區,萬華區昆明街與廣州街口,0,0,1,1,B03,8,5,5,50,4,1,1,5,4,5,13,2,1,5,5,5,2,3,1,63,3,10,7,1,7,5,1,8,1,1,70,1,21,121.5034755,25.03655777
114,11,22,19,35,2,03中山區,中山區中山北路2段與民權西路口,0,0,1,1,C03,8,5,5,50,4,1,1,5,4,5,13,1,1,1,5,5,2,15,1,81,2,3,6,1,7,9,1,10,1,11,81,1,21,121.5226292,25.06231436
114,11,22,19,49,2,06松山區,松山區八德路4段268號,0,0,2,1,H01,8,6,5,50,14,9,1,5,4,5,13,2,1,5,4,5,2,3,2,49,2,9,4,5,8,18,8,20,10,16,121,1,22,121.5661849,25.0490213
114,11,22,20,13,2,12內湖區,內湖區成功路3段174巷與成功路3段口,0,0,1,1,C03,7,5,5,50,4,1,1,5,4,5,13,2,1,5,5,5,2,12,1,34,2,8,6,1,7,7,1,10,2,17,101,1,22,121.5907389,25.0807125
114,11,22,20,36,2,03中山區,中山區自強隧道(外)東往西機車道,0,0,1,1,C03,8,5,5,30,11,9,1,5,4,5,13,4,4,1,5,5,2,12,1,49,2,8,6,4,7,9,1,10,1,12,101,1,21,121.5515198,25.0860505
114,11,22,20,37,2,11南港區,南港區南港路2段與向陽路口49號,0,0,1,1,A02,8,5,5,50,5,2,1,5,4,5,13,4,4,3,4,5,2,16,1,57,3,10,3,4,7,8,1,2,2,6,100,1,21,121.594324,25.0544326
114,11,22,20,56,2,01大同區,大同區民族西路160號,0,0,1,1,B03,7,6,5,50,4,1,1,5,4,5,13,4,4,8,3,5,1,16,1,37,3,10,3,4,7,5,3,18,1,5,74,1,21,121.515433,25.0686478
114,11,22,21,00,2,03中山區,中山區北安路往自強隧道機車專用道,0,0,2,1,C03,7,5,5,40,14,11,1,5,4,5,13,4,4,1,5,3,2,13,1,24,2,9,3,4,7,9,1,10,2,11,44,1,21,121.5528692,25.08502811
114,11,22,21,02,2,02萬華區,萬華區康定路與內江街口,0,0,3,1,C03,8,5,5,50,4,1,1,5,4,5,13,1,1,10,5,5,2,15,2,20,2,9,3,4,7,9,1,10,2,11,81,1,21,121.5022589,25.0416726
114,11,22,21,29,2,06松山區,松山區市民大道6段與松信路口,0,0,3,1,B01,8,6,5,40,4,1,1,5,4,5,13,2,1,3,4,5,2,17,1,55,3,10,3,4,7,6,1,4,2,5,9,1,22,121.572349,25.0494877
114,11,22,21,31,2,03中山區,中山區北安路與大直橋口,0,0,3,1,C03,8,5,5,30,4,1,1,5,4,5,13,1,1,1,4,5,2,15,1,23,2,9,5,1,7,9,1,10,2,11,44,1,22,121.5444996,25.0798045
114,11,22,21,50,2,02萬華區,萬華區中華路2段376號,0,0,3,1,C03,8,5,5,40,14,7,1,5,4,5,13,4,4,5,3,5,2,3,1,49,2,1,6,1,7,9,1,10,1,12,108,1,22,121.5050664,25.0288937
114,11,22,22,20,2,12內湖區,內湖區成功路2段與民權東路6段口,0,0,1,1,B03,8,5,5,50,14,9,1,5,4,5,13,2,1,1,4,5,1,17,1,25,3,10,7,1,7,8,1,4,1,17,100,1,21,121.5909456,25.0686955
114,11,23,01,18,2,02萬華區,萬華區忠孝西路2段與西寧南路口,0,0,1,1,C03,8,5,5,50,4,1,1,5,4,5,13,2,1,1,4,5,2,17,1,36,2,8,6,1,7,9,1,10,1,12,85,1,21,121.5077905,25.0484253
114,11,23,02,05,2,04大安區,大安區信義路3段147巷與信義路3段147巷36弄口,0,0,1,1,B01,8,5,6,30,5,2,1,5,4,5,13,4,4,8,3,5,1,15,1,61,3,10,7,1,7,9,1,8,1,2,72,1,21,121.5420211,25.0371842
114,11,23,02,18,2,01大同區,大同區民生西路280號,0,0,2,1,B01,8,5,5,50,14,9,1,5,4,5,13,4,4,9,5,5,2,17,1,40,3,10,7,1,7,13,1,4,2,4,40,1,21,121.5130185,25.0569344
114,11,23,02,55,2,03中山區,中山區林森北路與中山北路1段53巷口,0,0,1,1,B03,8,5,5,50,4,1,1,5,4,5,13,4,4,5,4,5,2,13,1,23,3,10,7,1,7,9,1,8,7,1,21,1,22,121.5244195,25.0485546
114,11,23,03,04,2,06松山區,松山區南京東路3段303巷6弄與南京東路3段303巷口,0,0,1,1,C03,8,5,5,30,4,1,1,5,4,5,13,4,4,10,3,5,2,15,2,60,2,9,5,1,7,9,1,10,2,11,72,1,26,121.5467216,25.0524183
114,11,23,04,28,2,05中正區,中正區南海路與牯嶺街口,0,0,2,1,B12,8,5,5,30,4,1,1,5,4,5,13,1,1,10,4,5,2,16,2,54,3,10,7,1,7,5,1,10,1,4,8,1,21,121.5149891,25.0320051
114,11,23,05,29,2,03中山區,中山區市民大道2段與新生北路1段62巷口,0,0,1,1,B01,8,6,5,40,4,1,1,5,4,5,13,1,1,1,4,5,2,17,1,61,3,10,3,4,7,9,1,4,1,17,44,1,22,121.5309127,25.04609
114,11,23,07,54,2,04大安區,大安區信義路3段與建國南路1段口,0,0,2,1,C03,8,6,5,50,4,1,1,5,4,5,13,2,1,1,4,5,2,15,1,24,2,9,6,4,7,9,1,10,1,11,81,1,22,121.5377585,25.033319
114,11,23,07,57,2,10文山區,文山區萬壽路（公車站牌政大一）,0,0,1,1,A02,8,7,5,50,14,9,1,5,4,5,13,4,4,5,4,5,2,9,1,43,3,10,7,1,7,1,1,2,9,17,44,1,21,121.5760504,24.9877692
114,11,23,08,39,2,11南港區,南港區忠孝東路6段與東新街口,0,0,2,1,C03,8,6,5,50,4,2,1,5,4,5,13,2,1,1,4,5,2,13,1,20,2,9,6,1,7,5,1,10,1,14,8,1,21,121.585057,25.0478926
114,11,23,08,50,2,03中山區,中山區長安東路2段與建國北路1段口,0,0,1,1,B03,8,6,5,50,4,1,1,5,4,5,13,2,1,5,4,5,2,16,1,37,3,10,7,1,7,6,1,8,1,2,86,1,21,121.5364892,25.0483391
114,11,23,09,09,2,05中正區,中正區汀州路3段與羅斯福路4段136巷口,0,0,1,1,B13,8,7,5,50,3,1,1,5,4,5,13,1,1,5,5,5,2,17,1,50,3,10,7,1,7,11,1,8,2,17,10,1,22,121.5352942,25.0126024
114,11,23,09,13,2,10文山區,文山區木柵路4段77號前,0,0,1,1,C03,8,6,5,50,14,9,1,5,4,5,13,4,4,5,4,5,2,17,1,55,3,10,3,4,7,11,1,10,1,13,10,1,21,121.5722971,24.9961972
114,11,23,09,45,2,07信義區,信義區忠孝東路5段與虎林街口,0,0,2,1,C03,8,7,5,50,4,2,1,5,4,5,13,1,1,5,5,5,2,16,1,26,2,9,5,1,7,6,1,10,1,12,71,1,21,121.5769138,25.0407415
114,11,23,09,49,2,08士林區,士林區基河路16之2號,0,0,1,1,B03,8,6,5,50,14,9,1,5,4,5,13,4,4,10,4,5,2,13,1,34,3,10,3,4,7,9,1,8,1,1,16,1,21,121.5243406,25.082524
114,11,23,09,54,2,03中山區,中山區圓山河濱公園自行車道11.5公里處,0,0,1,1,F01,8,6,5,50,12,23,1,5,4,5,13,4,4,10,4,5,1,18,1,69,2,1,4,1,7,9,8,20,1,12,42,1,21,121.5223108,25.0580577
114,11,23,10,06,2,12內湖區,內湖區民權東路6段131號,0,0,2,1,C03,8,6,5,50,14,9,1,5,4,5,13,4,4,1,4,5,2,12,2,71,2,9,5,1,7,7,1,10,1,14,80,1,21,121.5935716,25.0689335
114,11,23,10,11,2,05中正區,中正區金山南路1段82號,0,0,1,1,C03,8,7,5,50,14,7,1,5,4,5,13,4,4,3,3,5,2,12,1,41,2,9,5,1,7,7,1,10,2,11,100,1,26,121.5279574,25.0372436
114,11,23,10,20,2,03中山區,中山區中山北路3段往北(水晶情人橋前),0,0,2,1,C03,8,6,5,50,14,9,1,5,4,5,13,1,1,1,4,1,1,13,1,58,2,9,6,1,7,9,1,10,1,11,16,1,21,121.5235272,25.0704942
114,11,23,10,31,2,04大安區,大安區市民大道3段與復興南路1段口,0,0,1,1,C03,8,6,5,40,4,1,1,5,4,5,13,2,1,1,4,5,2,13,1,28,2,8,6,4,7,9,1,9,1,11,108,1,22,121.5438742,25.0447755
114,11,23,10,41,2,07信義區,信義區大道路與大道路口側附近94巷口,0,0,2,1,C03,8,6,5,30,4,1,1,5,4,5,13,4,4,8,5,5,2,15,1,63,2,9,3,4,7,9,1,10,2,14,72,1,22,121.5826393,25.0404026
114,11,23,10,46,2,03中山區,中山區龍江路與民權東路3段口,0,0,1,1,C03,8,7,5,50,4,1,1,5,4,5,13,2,1,10,5,5,2,16,2,48,3,10,6,1,7,5,1,10,1,11,71,1,21,121.5377705,25.0624323
114,11,23,11,01,2,12內湖區,內湖區民權東路6段296巷與民權東路6段296巷口,0,0,1,1,B03,8,7,5,30,4,1,1,5,4,5,13,4,4,9,4,5,2,15,1,44,3,10,3,4,7,9,1,8,2,4,14,1,21,121.6087133,25.0702343
114,11,23,11,09,2,06松山區,松山區塔悠路78號與塔悠路口,0,0,2,1,F01,8,5,5,50,3,1,1,5,4,5,13,3,1,1,4,5,2,17,1,64,2,7,4,1,7,5,8,20,1,14,8,1,21,121.5700278,25.05266283
114,11,23,11,21,2,04大安區,大安區建國高架道069燈桿,0,0,4,1,E01,8,6,5,70,14,9,1,5,4,5,13,4,4,9,4,5,2,17,1,26,2,9,7,1,7,7,1,4,2,5,16,1,21,121.5372406,25.0496687
114,11,23,11,27,2,03中山區,中山區林森北路與雙城街7巷口,0,0,1,1,B03,8,6,5,50,3,1,1,5,4,5,13,4,4,5,5,5,2,16,1,35,3,10,7,1,7,6,1,8,1,2,74,1,21,121.5255911,25.0637005
114,11,23,11,27,2,06松山區,松山區延壽街72巷與三民路80巷口,0,0,1,1,B03,8,6,5,30,4,1,1,5,4,5,13,4,4,10,5,5,2,16,1,57,3,10,7,1,7,5,1,8,1,4,8,1,21,121.5654343,25.05634316
114,11,23,11,30,2,09北投區,北投區東華街2段與致遠三路口,0,0,2,1,B03,8,5,8,50,4,18,1,5,4,5,13,1,1,5,4,5,2,3,1,55,3,10,3,4,7,6,1,4,2,1,70,1,21,121.5115498,25.1198669
114,11,23,12,09,2,04大安區,大安區樂利路與安和路2段171巷口,0,0,1,1,B02,8,5,5,50,4,1,1,5,4,5,13,2,1,4,3,5,1,16,1,50,3,10,7,1,7,6,1,8,1,5,9,1,21,121.5510658,25.0281328
114,11,23,12,20,2,08士林區,士林區前港街與前港街68巷口,0,0,1,1,B02,8,5,5,30,3,1,1,5,4,5,13,4,4,10,5,5,2,17,2,51,3,10,3,4,7,1,1,8,1,8,19,1,22,121.5203342,25.08492192
114,11,23,14,02,2,05中正區,中正區凱達格蘭大道與中山南路口,0,0,3,1,B03,8,6,5,50,5,2,1,5,4,5,13,2,1,5,4,5,2,16,1,54,3,10,3,4,7,9,1,8,2,5,17,1,21,121.5166893,25.0393452
114,11,23,14,16,2,02萬華區,萬華區西園路2段與西藏路口,0,0,1,1,C03,8,6,5,50,4,2,1,5,4,5,13,1,1,10,5,5,2,17,2,38,2,9,5,1,7,9,1,10,1,11,16,1,21,121.4955754,25.0284654