發生年度,發生月,發生日,發生時-Hours,發生分,處理別-編號,區序,肇事地點,死亡人數,2-30日死亡人數,受傷人數,當事人序號,車種,天候,光線,道路類別,速限-速度限制,道路型態,事故位置,路面狀況1,路面狀況2,路面狀況3,道路障礙1,道路障礙2,號誌1,號誌2,車道劃分-分向,車道劃分-分道1,車道劃分-分道2,車道劃分-分道3,事故類型及型態,性別,年齡,受傷程度,主要傷處,保護裝置,行動電話,車輛用途,當事者行動狀態,駕駛資格情形,駕駛執照種類,飲酒情形,車輛撞擊部位1,肇因碼-個別,個人肇逃否,職業,座標-X,座標-Y
114,11,23,15,21,2,11南港區,南港區南港路3段256巷與松河街口,0,0,1,1,C03,8,6,5,30,4,1,1,5,4,5,13,4,4,10,5,5,2,16,1,64,2,8,5,1,7,5,1,10,1,12,72,1,22,121.5831831,25.0528892
114,11,23,15,27,2,07信義區,信義區基隆路2段131-11號,0,0,2,1,F01,8,6,5,50,14,9,1,5,4,5,13,4,4,3,4,5,2,10,1,60,2,9,4,1,7,9,8,20,1,11,4,1,21,121.5565678,25.0279436
114,11,23,15,30,2,10文山區,文山區指南路1段96巷24號,0,0,1,1,B03,8,6,5,30,11,9,1,5,4,5,13,4,4,10,5,5,1,3,1,36,3,10,7,1,7,9,1,10,1,5,108,1,21,121.5713959,24.9871863
114,11,23,15,37,2,05中正區,中正區重慶南路1段108巷與懷寧街口108巷,0,0,5,1,C03,8,6,5,50,3,1,1,5,4,5,13,4,4,5,4,5,2,17,2,23,3,10,6,1,7,5,1,10,2,17,44,1,23,121.5130942,25.0413581
114,11,23,15,55,2,08士林區,士林區承德路4段140號,0,0,1,1,B03,8,5,5,50,14,9,1,5,4,5,13,4,4,9,4,5,1,17,1,37,3,10,7,1,7,8,1,8,1,6,100,1,21,121.5234041,25.084589
114,11,23,15,56,2,05中正區,中正區古亭河濱公園自行車道141燈桿旁,0,0,2,1,F02,8,7,5,50,11,23,1,5,4,5,13,4,4,10,5,5,2,17,1,46,2,9,4,1,7,5,8,20,2,14,44,1,22,121.5260007,25.013426
114,11,23,16,30,2,07信義區,信義區菸廠路88號,0,0,2,1,B03,8,6,5,50,14,9,1,5,4,5,13,4,4,4,3,5,2,16,1,51,3,10,3,4,7,11,1,4,1,4,10,1,21,121.5614165,25.0449672
114,11,23,16,35,2,03中山區,中山區大佳河濱公園(大直橋下),0,0,2,1,F01,8,7,8,30,22,22,4,5,4,5,13,4,4,10,5,5,2,17,2,8,2,8,4,1,7,5,8,20,1,14,8,1,21,121.5445898,25.07541042
114,11,23,16,44,2,03中山區,中山區市民大道2段與長安東路1段52巷口口,0,0,3,1,C03,7,7,5,40,3,2,1,5,4,5,13,1,1,1,4,5,2,13,1,34,2,8,3,4,7,9,1,10,1,11,16,1,21,121.5279202,25.0470008
114,11,23,17,05,2,09北投區,北投區稻香路186號,0,0,1,1,B03,8,6,5,50,12,9,1,5,4,5,13,4,4,8,5,5,1,13,1,68,3,10,7,1,7,9,1,8,1,1,108,1,21,121.4879941,25.1439414
114,11,23,17,14,2,04大安區,大安區新生南路2段往北(新生國小對面）,0,0,1,1,B03,8,5,5,40,14,9,1,5,4,5,13,4,4,1,4,5,2,12,1,40,3,10,7,1,7,1,1,8,1,4,19,1,21,121.5342807,25.0293987
114,11,23,18,16,2,03中山區,中山區北安路與北安路770巷口,0,0,2,1,C03,7,5,5,50,5,2,1,5,4,5,13,2,2,8,3,5,1,17,1,38,2,9,5,1,7,9,1,10,1,11,13,1,21,121.5530245,25.08548646
114,11,23,18,23,2,03中山區,中山區農安街與中原街口,0,0,1,1,C03,7,5,5,50,3,2,1,5,4,5,13,3,1,5,4,5,1,13,2,42,3,10,6,1,7,9,1,10,1,11,16,1,21,121.5288365,25.0648362
114,11,23,20,08,2,02萬華區,萬華區萬大路486巷與萬大路486巷37弄口,0,0,2,1,C03,8,5,5,30,4,1,1,5,4,5,13,4,4,10,5,5,2,15,2,36,2,9,5,1,7,9,1,10,1,14,72,1,21,121.4964207,25.0201971
114,11,23,21,12,2,03中山區,中山區市民大道3段林森抽水站,0,0,1,1,C03,8,5,5,40,14,9,1,5,4,5,13,4,4,5,4,5,2,13,2,18,2,9,5,1,7,9,1,10,2,11,108,1,22,121.5321021,25.04563743
114,11,23,21,58,2,07信義區,信義區福德街292號,0,0,2,1,C03,7,5,5,50,14,9,1,5,4,5,13,4,4,9,5,5,2,17,1,62,2,9,6,1,7,9,1,10,1,12,101,1,21,121.5867974,25.0390996
114,11,23,22,00,2,05中正區,中正區中山南路與愛國西路口,0,0,3,1,C03,8,5,5,50,4,1,1,5,4,5,13,1,1,1,3,1,2,17,2,50,2,8,6,1,7,9,1,10,2,12,17,1,21,121.5165917,25.0347503
114,11,23,22,40,2,05中正區,中正區潮州街2號,0,0,1,1,B02,8,5,5,50,14,9,1,5,4,5,13,4,4,9,4,5,2,16,1,24,3,10,7,1,7,11,1,10,2,8,10,1,21,121.5209948,25.0297203
114,11,24,00,39,2,03中山區,中山區南京東路2段與新生北路2段口,0,0,2,1,C03,8,5,5,50,4,1,1,5,4,5,13,1,1,1,4,5,2,16,2,34,2,9,5,1,7,5,1,10,1,14,8,1,22,121.5278364,25.0521718
114,11,24,04,51,2,03中山區,中山區松江路與南京東路2段口,0,0,1,1,C03,7,5,5,50,5,2,1,4,4,5,13,2,1,8,3,5,1,17,1,104,4,11,3,4,7,9,7,19,11,15,44,2,21,121.5330921,25.0519457
114,11,24,04,52,2,03中山區,中山區民權東路2段92巷與錦州街口,0,0,1,1,B12,8,5,5,30,4,1,1,5,4,5,13,4,4,10,5,5,1,15,1,40,3,10,3,4,7,9,1,8,1,7,72,1,21,121.531696,25.060275
114,11,24,05,39,2,05中正區,中正區貴陽街1段與博愛路口,0,0,2,1,C03,8,5,5,50,14,9,1,5,4,5,13,1,1,9,4,5,2,13,1,65,2,9,5,1,7,9,1,10,2,11,108,1,21,121.5109617,25.0389065
114,11,24,05,40,2,05中正區,中正區南昌路2段222號,0,0,1,1,B03,8,5,5,0,14,25,4,5,4,5,13,4,4,10,5,5,2,15,1,66,3,10,7,1,7,9,1,8,2,5,80,1,21,121.5246199,25.023789
114,11,24,06,39,2,10文山區,文山區木柵路1段與辛亥路7段口,0,0,1,1,B02,8,6,5,50,14,9,2,5,4,5,13,2,1,10,5,5,2,17,1,41,3,10,3,4,7,5,1,4,1,5,71,1,21,121.5522698,24.987757
114,11,24,07,10,2,08士林區,士林區中正路與中山北路5段口口,0,0,1,1,C03,8,7,5,50,4,1,1,5,4,5,13,1,1,3,3,5,2,12,2,44,2,9,5,1,7,7,1,10,1,14,101,1,22,121.5276146,25.0956592
114,11,24,07,13,2,09北投區,北投區大度路3段與中央北路4段口,0,0,2,1,B03,8,5,5,50,4,1,1,5,4,5,13,1,1,3,2,3,2,17,2,19,3,10,3,4,7,6,1,8,2,6,9,1,21,121.4645868,25.1238831
114,11,24,07,43,2,12內湖區,內湖區民權東路6段276號前,0,0,1,1,C03,8,5,5,40,14,8,1,5,4,5,13,4,4,1,4,4,2,17,2,56,2,9,6,1,7,9,1,10,2,11,108,1,21,121.6049302,25.0719815
114,11,24,07,48,2,10文山區,文山區和平東路4段（軍功幹13燈桿）前,0,0,3,1,C03,8,6,5,50,14,9,1,5,4,5,13,4,4,4,5,5,1,18,2,34,2,9,3,4,7,9,1,10,2,17,32,1,22,121.5723478,25.0020088
114,11,24,07,50,2,07信義區,信義區基隆路1段400號,0,0,2,1,C03,8,6,5,50,14,9,1,5,4,5,13,4,4,1,4,5,2,18,2,59,2,9,3,4,7,9,1,10,1,17,50,1,21,121.5600897,25.034128
114,11,24,07,51,2,10文山區,文山區興隆路3段與興隆路3段115巷口,0,0,1,1,C03,8,6,5,50,3,2,1,5,4,5,13,2,1,1,4,5,2,16,1,22,3,10,6,1,7,11,1,10,2,12,92,1,21,121.5579964,24.9989137
114,11,24,07,58,2,09北投區,北投區立功街與中央北路4段515巷口,0,0,2,1,B03,8,7,5,50,3,1,1,5,4,5,13,1,1,9,4,5,2,16,2,59,3,10,7,1,7,5,1,8,1,1,8,1,21,121.470107,25.126093
114,11,24,08,22,2,10文山區,文山區羅斯福路5段與羅斯福路5段97巷口口,0,0,1,1,C03,8,6,5,50,3,1,1,5,4,5,13,4,4,1,4,5,2,17,1,19,2,8,6,1,7,6,1,10,1,14,17,1,21,121.5391125,25.0053399
114,11,24,08,24,2,03中山區,中山區建國北路1段33巷與八德路2段199巷口,0,0,1,1,C03,8,6,5,30,4,1,1,5,4,5,13,4,4,10,5,5,1,15,1,39,2,8,6,1,7,9,1,10,1,11,72,1,21,121.5390676,25.0477803
114,11,24,08,40,2,12內湖區,內湖區成功路2段與成功路2段498巷口,0,0,1,1,B03,8,5,5,50,3,1,1,5,4,5,13,3,1,1,1,5,1,16,1,78,4,11,3,4,7,11,7,19,11,5,10,2,22,121.5899903,25.0736342
114,11,24,08,47,2,01大同區,大同區台北橋機慢車道(燈桿7010753）,0,0,2,1,C03,8,6,7,50,14,11,1,5,4,5,13,4,4,1,4,5,2,17,1,66,2,9,6,4,7,7,1,10,1,13,101,1,21,121.5086991,25.06349017
114,11,24,08,59,2,08士林區,士林區延平北路5段與延平北路5段224巷口口,0,0,3,1,C03,8,7,5,50,4,1,1,5,4,5,13,1,1,3,3,5,2,12,2,62,2,9,5,1,7,7,1,10,2,13,80,1,22,121.5099744,25.0840654
114,11,24,09,04,2,07信義區,信義區莊敬路325巷與莊敬路289巷6弄口,0,0,2,1,C04,8,6,5,30,4,1,1,5,4,5,13,4,4,9,5,5,2,13,2,52,2,8,3,4,7,9,1,10,1,11,16,1,22,121.5641717,25.0285145
114,11,24,09,05,2,08士林區,士林區文昌路155巷與文昌路169巷口,0,0,1,1,B01,8,6,5,30,4,1,1,5,4,5,13,4,4,10,5,5,2,15,1,68,3,10,3,4,7,9,1,4,2,1,72,1,22,121.5197821,25.0975325
114,11,24,09,15,2,05中正區,中正區林森北路與北平東路口,0,0,1,1,B03,8,6,5,50,4,1,1,5,4,5,13,1,1,10,2,5,2,16,1,45,3,10,7,4,7,5,6,8,2,6,8,1,22,121.5238805,25.04643131
114,11,24,09,23,2,06松山區,松山區民權東路4段0203185號號燈桿前,0,0,1,1,,8,6,5,50,14,7,1,5,4,5,13,4,4,1,4,4,2,17,4,0,,,,,,,,,11,,119,2,,121.5557039,25.0619741
114,11,24,09,30,2,07信義區,信義區永吉路168號,0,0,1,1,A02,8,5,5,50,14,9,1,5,4,5,13,4,4,1,4,5,2,9,1,27,3,10,7,1,7,12,1,2,9,17,42,1,21,121.5714274,25.0455144
114,11,24,09,40,2,12內湖區,內湖區康樂街61巷與康樂街口,0,0,1,1,B03,8,6,5,50,3,1,1,5,4,5,13,2,1,5,5,5,2,3,2,64,3,10,7,1,7,5,1,8,1,1,70,1,21,121.6183467,25.0684255
114,11,24,09,44,2,02萬華區,萬華區環河南路2段與長順街14巷口,0,0,2,1,F01,8,7,5,50,4,2,1,5,4,5,13,2,1,1,4,5,2,17,1,82,2,9,4,1,7,9,8,20,1,14,81,1,21,121.4899858,25.0306554
114,11,24,09,56,2,12內湖區,內湖區成功路3段174巷12號,0,0,1,1,F03,8,6,5,50,14,9,1,5,4,5,13,4,4,9,5,5,2,16,2,71,2,9,6,1,7,11,8,20,9,12,11,1,22,121.5905257,25.0812763
114,11,24,10,31,2,04大安區,大安區辛亥路3段水安停車場出入口,0,0,2,1,B03,8,6,5,50,14,9,1,5,4,5,13,4,4,1,4,5,2,16,2,46,3,10,7,1,7,8,1,8,1,2,17,1,21,121.549314,25.0165279
114,11,24,10,51,2,04大安區,大安區敦化南路2段205號,0,0,2,1,C03,8,6,5,50,14,9,1,5,4,5,13,4,4,1,4,5,2,13,1,22,2,9,5,1,7,7,1,10,1,12,108,1,21,121.5489747,25.0258124
114,11,24,11,00,2,08士林區,士林區仰德大道2段50號,0,0,1,1,C01,8,7,5,40,14,9,1,5,4,5,13,4,4,5,5,5,1,12,1,20,3,10,6,1,7,4,3,18,1,12,101,1,21,121.5444636,25.1054923
114,11,24,11,17,2,04大安區,大安區敦化南路1段與仁愛路4段口,0,0,1,1,F01,8,6,5,50,4,1,1,5,4,5,13,1,1,1,5,5,2,15,2,52,2,9,4,1,7,9,8,20,1,12,44,1,21,121.5485831,25.0369898
114,11,24,11,22,2,12內湖區,內湖區民權東路6段119號對面,0,0,1,1,C03,8,5,5,50,14,9,1,5,4,5,13,4,4,1,4,5,2,17,1,33,2,8,6,1,7,7,1,10,1,14,80,1,21,121.5923749,25.0688847
114,11,24,11,30,2,04大安區,大安區安和路2段與安和路2段59巷口,0,0,1,1,B03,8,6,5,50,4,1,1,5,4,5,13,1,1,10,5,5,2,16,1,68,3,10,7,1,7,5,1,8,1,5,71,1,21,121.5523907,25.0309546
114,11,24,11,31,2,02萬華區,萬華區環河南路1段與漢口街2段口,0,0,1,1,B03,8,7,5,40,3,1,1,5,4,5,13,3,1,9,4,5,2,16,2,36,3,10,3,4,7,6,1,8,1,2,9,1,22,121.5035708,25.0463955
114,11,24,11,32,2,04大安區,大安區大安路1段與大安路1段51巷口,0,0,2,1,C03,8,6,5,30,4,1,1,5,4,5,13,4,4,10,4,5,2,15,1,60,2,9,5,1,7,9,1,10,1,11,72,1,22,121.5461952,25.0431182
114,11,24,11,54,2,09北投區,北投區文化三路83號,0,0,1,1,H01,8,6,5,30,14,9,1,5,4,5,13,4,4,10,5,5,2,6,2,7,2,9,4,5,8,18,8,20,10,16,53,1,22,121.4985127,25.1401289
114,11,24,12,01,2,04大安區,大安區樂利路16巷3號,0,0,1,1,B03,8,6,5,30,14,9,1,5,4,5,13,4,4,10,5,5,2,17,1,56,3,10,3,1,7,15,1,8,1,2,44,1,21,121.5510264,25.0277014
114,11,24,12,18,2,05中正區,中正區青島東路7號,0,0,1,1,B03,8,6,5,50,14,9,1,5,4,5,13,4,4,5,4,4,2,16,1,29,3,10,7,1,7,11,1,8,2,5,10,1,22,121.522595,25.0437417
114,11,24,12,22,2,05中正區,中正區金山南路1段與仁愛路2段口,0,0,2,1,C03,8,6,5,50,4,4,1,5,4,5,13,2,1,1,4,5,2,13,1,67,2,9,6,1,7,9,1,10,2,11,16,1,21,121.5282931,25.0378958
114,11,24,12,46,2,12內湖區,內湖區康寧路1段與金湖路口,0,0,1,1,B03,8,6,5,50,3,1,1,5,4,5,13,2,1,3,4,5,2,16,2,42,3,10,7,1,7,5,1,8,2,1,80,1,21,121.5995395,25.0790223
114,11,24,13,07,2,09北投區,北投區中央北路3段11號,0,0,2,1,C03,8,7,5,50,14,9,1,5,4,5,13,4,4,9,4,5,2,16,2,51,2,9,5,1,7,5,1,10,1,11,8,1,21,121.4868579,25.1382684
114,11,24,13,08,2,06松山區,松山區復興北路與民生東路3段口,0,0,1,1,C03,8,6,5,50,4,2,1,5,4,1,13,1,1,1,4,4,2,13,2,55,2,9,6,1,7,9,1,10,1,11,16,1,21,121.5442238,25.05744705
114,11,24,13,22,2,09北投區,北投區陽明路1段43巷與陽明路1段口,0,0,1,1,B03,8,6,5,30,3,1,1,5,4,5,13,3,1,8,5,5,2,16,1,49,3,10,7,1,7,5,1,8,1,8,72,1,22,121.5493809,25.1491081
114,11,24,13,33,2,03中山區,中山區建國北路1段與南京東路2段口,0,0,1,1,B03,8,6,5,50,4,2,1,5,4,5,13,2,1,5,5,4,2,16,1,63,3,10,7,1,7,5,1,8,2,5,83,1,21,121.5366784,25.0520851
114,11,24,15,14,2,10文山區,文山區景華街與仙岩路口口,0,0,2,1,C03,8,6,5,30,3,1,1,5,4,5,13,2,1,10,5,5,2,17,2,29,3,10,6,1,7,6,1,10,1,12,80,1,21,121.5477705,24.9983009
114,11,24,15,15,2,08士林區,士林區無名巷與菁山路口（115之1號旁）,0,0,1,1,C03,8,6,5,30,3,1,1,5,4,5,13,4,4,10,5,5,2,17,1,24,2,9,3,4,7,6,1,10,1,14,74,1,21,121.5587921,25.14250183
114,11,24,16,04,2,10文山區,文山區指南路3段與指南路3段2巷口,0,0,1,1,C03,8,7,5,30,3,1,1,5,4,5,13,3,1,9,5,5,2,16,2,21,3,10,6,1,7,1,1,10,2,11,72,1,21,121.5799341,24.9853327
114,11,24,16,18,2,12內湖區,內湖區堤外便道往汐止,0,0,1,1,B13,8,7,5,50,14,9,1,5,4,5,13,4,4,5,5,5,2,12,1,29,3,10,7,1,7,15,1,8,2,5,17,1,21,121.6175675,25.0657558
114,11,24,16,20,2,10文山區,文山區萬芳路與萬和街口,0,0,1,1,B03,8,5,5,50,3,1,1,5,4,5,13,2,1,5,4,5,2,16,1,53,3,10,3,4,7,11,1,8,1,2,44,1,21,121.568964,24.9988434
114,11,24,16,26,2,04大安區,大安區羅斯福路4段與舟山路口,0,0,1,1,C03,8,6,5,50,3,2,1,5,4,5,13,4,4,1,4,5,2,12,1,48,3,10,6,4,7,8,1,10,1,12,101,1,22,121.5349665,25.01433587
114,11,24,17,10,2,03中山區,中山區民權東路2段71巷與吉林路299巷口,0,0,2,1,B01,7,7,5,30,4,1,1,5,4,5,13,4,4,10,5,5,2,15,1,52,3,10,7,1,7,9,1,4,1,1,72,1,21,121.5320082,25.0630288
114,11,24,17,20,2,05中正區,中正區仁愛路2段47號,0,0,1,1,C03,8,5,5,50,14,9,1,5,4,5,13,1,1,1,4,5,2,17,2,72,2,1,5,1,7,7,3,18,1,14,101,1,21,121.5293434,25.0383282
114,11,24,17,34,2,12內湖區,內湖區新明路與南京東路6段368巷口,0,0,1,1,C03,8,5,5,50,3,1,1,5,4,5,13,2,1,5,4,4,2,13,1,30,2,7,5,2,7,9,1,10,1,11,111,1,21,121.5871807,25.0580676
114,11,24,17,42,2,09北投區,北投區文林北路與文林北路75巷口,0,0,4,1,C03,8,5,5,50,4,1,1,5,4,5,13,1,1,1,4,1,2,17,2,39,2,9,5,1,7,5,3,18,1,11,8,1,21,121.5155431,25.1070633
114,11,24,17,50,2,12內湖區,內湖區堤頂大道2段417號,0,0,1,1,C04,7,5,5,50,4,1,1,5,4,5,13,2,1,1,4,5,2,17,1,41,2,9,6,1,7,9,1,8,1,11,108,1,21,121.5627741,25.0806071
114,11,24,17,55,2,05中正區,中正區中山南路與凱達格蘭大道口,0,0,2,1,C03,8,5,5,50,5,1,1,5,4,5,13,1,1,1,4,5,2,12,2,40,2,9,6,1,7,9,1,10,1,12,108,1,22,121.5172532,25.0391006
114,11,24,18,00,2,07信義區,信義區忠孝東路4段與基隆路1段口,0,0,1,1,C03,8,5,5,50,4,1,1,5,4,5,13,1,1,1,4,1,2,13,1,26,3,10,5,1,7,9,1,10,1,11,42,1,22,121.5645782,25.0415444
114,11,24,18,11,2,02萬華區,萬華區西藏路與西園路2段口,0,0,1,1,C03,7,5,5,50,4,2,1,5,4,5,13,1,1,1,4,5,2,12,1,41,2,9,5,1,7,4,1,10,1,12,108,1,21,121.4958554,25.028665
114,11,24,18,12,2,01大同區,大同區承德橋北往南機慢車專用道(005號燈桿),0,0,1,1,C03,8,5,5,40,14,11,1,5,4,5,13,4,4,3,2,4,1,13,1,18,3,10,6,1,7,9,1,10,2,11,16,1,21,121.5207928,25.077389
114,11,24,18,14,2,03中山區,中山區建國北路3段113巷27號對面,0,0,1,1,B03,7,5,5,50,14,9,1,5,4,5,13,4,4,8,5,5,1,17,1,53,3,10,3,4,7,14,1,8,11,2,40,1,21,121.5363022,25.06749543
114,11,24,18,20,2,12內湖區,內湖區康寧路3段與康寧路3段16巷口,0,0,1,1,C03,8,5,5,50,14,9,1,5,4,5,13,4,4,1,5,5,2,17,1,41,2,1,5,1,7,9,1,10,1,11,16,1,21,121.6070463,25.0727376
114,11,24,18,42,2,11南港區,南港區三重路與三重路41巷口,0,0,1,1,A02,8,5,5,50,3,1,1,5,4,5,13,4,4,5,3,5,1,17,1,36,4,11,3,4,7,9,1,2,9,17,44,1,22,121.6143329,25.0599797
114,11,24,18,50,2,04大安區,大安區辛亥路2段與復興南路2段口口,0,0,1,1,F01,8,5,5,50,4,2,1,5,4,5,13,2,1,1,4,5,2,15,2,51,2,9,4,1,7,9,8,20,1,11,42,1,21,121.5432067,25.0210103
114,11,24,18,58,2,05中正區,中正區中華路1段與貴陽街1段口,0,0,1,1,B03,8,5,5,50,4,2,1,5,4,5,13,1,1,1,4,1,1,17,1,60,3,10,7,1,7,6,1,8,1,5,16,1,21,121.5076559,25.0393016
114,11,24,19,00,2,12內湖區,內湖區民權東路6段與舊宗路1段口,0,0,1,1,B12,8,5,5,50,4,2,1,5,4,5,13,2,1,1,4,5,2,17,1,48,3,10,7,1,7,5,1,8,1,5,101,1,21,121.5750823,25.06589067
114,11,24,19,18,2,11南港區,南港區福山街與民權街二段口,0,0,1,1,C03,8,5,5,30,4,1,1,5,4,5,13,4,4,5,5,5,2,15,2,40,3,10,6,1,7,14,1,10,2,17,72,1,21,121.6180276,25.0455717
114,11,24,19,50,2,08士林區,士林區中正路499號,0,0,1,1,C03,7,5,5,50,14,9,1,5,4,5,13,4,4,5,4,5,2,13,1,20,2,7,6,1,7,9,1,10,2,11,108,1,22,121.5180561,25.0918578
114,11,24,20,10,2,12內湖區,內湖區港墘路與環山路2段109巷6弄口,0,0,1,1,B03,8,5,5,40,4,2,1,5,4,5,13,4,4,1,5,5,2,17,1,41,3,10,7,1,7,9,1,8,1,1,108,1,21,121.5781636,25.0834114
114,11,24,20,18,2,09北投區,北投區中央北路2段與稻香路口,0,0,1,1,B03,7,5,5,50,5,2,1,5,4,5,13,2,1,10,5,5,2,17,2,64,3,10,7,1,7,6,1,8,2,4,9,1,21,121.4911802,25.1387871
114,11,24,20,39,2,01大同區,大同區民生西路與西寧北路口,0,0,1,1,C03,8,5,5,50,4,1,1,5,4,5,13,1,1,5,4,5,2,16,1,33,2,9,6,1,7,5,1,10,2,11,44,1,21,121.5090019,25.05688296
114,11,24,21,30,2,10文山區,文山區木柵路1段與辛亥路7段口,0,0,1,1,F01,7,6,5,50,4,2,1,5,4,5,13,2,1,5,4,5,2,17,1,12,3,10,4,1,7,5,8,20,9,14,8,1,21,121.5521943,24.9877496
114,11,24,21,40,2,01大同區,大同區延平北路1段與甘谷街口口,0,0,3,1,C03,8,5,5,50,4,1,1,5,4,5,13,4,4,5,5,5,2,13,1,40,2,7,6,1,7,9,1,10,1,11,16,1,21,121.5118617,25.0526517
114,11,24,21,52,2,08士林區,士林區重陽橋,0,0,1,1,B12,7,5,5,60,8,9,1,5,4,5,13,4,4,2,4,5,1,17,1,57,3,10,3,4,7,9,1,8,9,17,37,2,22,121.5050535,25.0855876
114,11,25,03,33,2,02萬華區,萬華區西寧南路與開封街2段口,0,0,2,1,B03,8,5,5,50,4,1,1,5,4,5,13,1,1,8,3,5,2,16,1,34,3,10,7,1,7,5,1,8,2,8,8,1,21,121.5070508,25.0466018
114,11,25,06,46,2,08士林區,士林區德行東路與德行東路129巷口,0,0,1,1,B02,7,7,5,30,4,1,1,5,4,5,13,4,4,5,1,5,1,16,1,49,3,10,7,1,7,5,1,8,1,2,44,1,21,121.5290163,25.10796038
114,11,25,07,05,2,08士林區,士林區承德路5段與承德路5段口往北第1101938號路燈桿,0,0,2,1,A31,7,7,5,40,14,8,1,5,4,5,13,4,4,1,4,4,2,17,1,71,3,10,3,4,7,13,1,1,2,17,34,1,21,121.515296,25.0934307
114,11,25,07,56,2,10文山區,文山區景華街150巷與景華街128巷3弄口,0,0,2,1,C03,8,6,5,30,4,1,1,5,4,5,13,4,4,10,5,5,2,15,2,42,2,8,6,1,7,9,1,10,1,12,72,1,21,121.5549293,25.00074216
114,11,25,07,58,2,06松山區,松山區市民大道4段(敦化南路1段108號旁),0,0,1,1,B03,8,7,6,40,14,9,1,5,4,5,13,4,4,1,4,5,2,17,1,63,3,10,2,1,7,7,1,8,1,17,100,1,25,121.5482063,25.0450204
114,11,25,08,03,2,07信義區,信義區市民大道5段82號,0,0,1,1,C03,8,6,5,40,14,9,1,5,4,5,13,4,4,1,4,5,2,13,1,58,2,9,6,1,7,1,1,10,2,13,19,1,22,121.5671164,25.0484407
114,11,25,08,22,2,02萬華區,萬華區艋舺大道104號,0,0,1,1,C03,7,6,5,50,14,8,1,5,4,5,13,4,4,1,4,5,2,17,1,18,2,9,6,1,7,15,1,10,1,12,42,1,21,121.5026509,25.033266
114,11,25,08,22,2,12內湖區,內湖區民權東路6段180巷與民權東路6段180巷21弄口,0,0,1,1,B03,7,6,5,50,3,1,1,5,4,5,13,4,4,8,3,5,1,16,1,45,3,10,7,1,7,5,1,8,1,8,8,1,21,121.5927816,25.0681255
114,11,25,08,33,2,05中正區,中正區杭州南路1段143巷對面,0,0,1,1,F01,8,7,5,50,14,9,1,5,4,5,13,4,4,10,4,5,2,17,2,69,2,8,4,1,7,12,8,20,1,14,116,1,21,121.5246766,25.0367364
114,11,25,08,39,2,04大安區,大安區羅斯福路2段與和平東路1段口,0,0,1,1,C03,8,6,5,50,4,1,1,5,4,5,13,1,1,9,4,5,1,17,2,53,4,11,3,4,7,9,1,10,11,14,99,2,22,121.5226406,25.0270039
114,11,25,08,59,2,05中正區,中正區杭州南路1段與杭州南路1段105巷口,0,0,2,1,C03,7,7,5,50,3,1,1,5,4,5,13,4,4,9,4,5,2,15,1,34,2,9,6,1,7,10,1,10,2,13,72,1,21,121.5249869,25.03766793
114,11,25,09,00,2,03中山區,中山區中山北路1段與中山北路1段112巷口,0,0,1,1,B01,7,7,5,50,3,1,1,5,4,5,13,4,4,1,4,5,2,17,1,59,3,10,7,1,7,8,1,4,2,6,100,1,21,121.5218528,25.05041987
114,11,25,09,36,2,02萬華區,萬華區堤外便道近光復橋,0,0,2,1,C03,8,6,5,40,14,9,1,5,4,5,13,3,1,5,5,5,2,17,2,26,2,9,6,1,7,9,3,18,1,11,14,1,21,121.4908293,25.0232234
114,11,25,11,21,2,02萬華區,萬華區大理街160巷與大理街160巷21弄口,0,0,1,1,C03,7,6,5,30,4,1,1,5,4,5,13,4,4,10,5,5,2,17,2,73,2,9,6,1,7,9,1,10,1,11,108,1,21,121.4938921,25.0325148
114,11,25,11,29,2,08士林區,士林區延平北路5段與延平北路5段83巷口,0,0,1,1,A11,8,6,5,50,4,1,1,5,4,5,13,2,1,1,4,5,1,13,1,59,3,10,7,1,7,1,1,3,1,17,19,1,21,121.5106588,25.0807523
114,11,25,11,30,2,08士林區,士林區文林路與福國路口口,0,0,1,1,B12,8,7,5,50,5,1,1,5,4,5,13,1,1,1,3,5,2,16,1,35,3,10,3,4,7,6,1,8,2,7,44,1,22,121.5207076,25.1021057
114,11,25,11,49,2,01大同區,大同區鄭州路與西寧北路口,0,0,3,1,C03,8,7,5,40,4,2,1,5,4,5,13,2,1,1,4,5,2,17,1,27,2,9,3,4,7,6,1,10,1,11,42,1,21,121.5082378,25.0503819
114,11,25,12,20,2,06松山區,松山區市民大道4段與八德路3段74巷口,0,0,1,1,B03,8,6,5,40,3,1,1,5,4,5,13,4,4,1,4,5,2,16,1,29,3,10,7,1,7,6,1,8,9,6,9,1,22,121.5524597,25.04459096
114,11,25,12,31,2,10文山區,文山區忠順街1段4號對面公車停靠站,0,0,1,1,A02,8,6,5,30,14,9,2,5,4,5,13,3,1,9,5,5,2,9,1,58,3,10,7,1,7,1,1,2,11,17,42,1,21,121.5570005,24.9835977
114,11,25,12,55,2,06松山區,松山區南京東路5段291巷23號,0,0,1,1,B03,8,6,5,30,14,9,1,5,4,5,13,4,4,10,5,5,2,2,1,30,3,10,7,1,7,9,1,8,2,2,44,1,22,121.566163,25.05246544
114,11,25,13,07,2,08士林區,士林區中山北路5段劍潭捷運站公車站,0,0,1,1,A02,8,6,5,50,14,9,1,5,4,5,13,4,4,1,4,5,1,9,1,49,3,10,7,1,7,12,1,2,1,17,36,1,21,121.520956,25.12036237