發生年度,發生月,發生日,發生時-Hours,發生分,處理別-編號,區序,肇事地點,死亡人數,2-30日死亡人數,受傷人數,當事人序號,車種,天候,光線,道路類別,速限-速度限制,道路型態,事故位置,路面狀況1,路面狀況2,路面狀況3,道路障礙1,道路障礙2,號誌1,號誌2,車道劃分-分向,車道劃分-分道1,車道劃分-分道2,車道劃分-分道3,事故類型及型態,性別,年齡,受傷程度,主要傷處,保護裝置,行動電話,車輛用途,當事者行動狀態,駕駛資格情形,駕駛執照種類,飲酒情形,車輛撞擊部位1,肇因碼-個別,個人肇逃否,職業,座標-X,座標-Y
114,11,25,13,18,2,04大安區,大安區仁愛路3段與復興南路1段口,0,0,2,1,F01,7,6,5,0,4,1,1,5,4,5,13,2,1,1,4,5,2,10,1,15,2,9,4,1,7,9,8,20,1,11,108,1,22,121.543955,25.0376567
114,11,25,13,24,2,02萬華區,萬華區萬大路237巷與萬大路口,0,0,1,1,C03,7,6,5,30,4,1,1,5,4,5,13,2,1,9,5,5,2,17,1,63,3,10,6,1,7,9,1,10,1,11,44,1,21,121.5004636,25.02620811
114,11,25,14,27,2,08士林區,士林區小西街與大南路口,0,0,2,1,C03,8,6,5,30,4,1,1,5,4,5,13,4,4,10,5,5,2,15,1,41,2,9,3,4,7,9,1,10,1,12,72,1,21,121.5236247,25.0899198
114,11,25,14,44,2,01大同區,大同區民生西路與寧夏路口,0,0,1,1,C03,8,6,5,50,4,1,1,5,4,5,13,2,1,5,4,5,2,17,1,65,4,11,3,4,7,6,1,10,11,17,9,2,21,121.5161553,25.0569844
114,11,25,14,55,2,02萬華區,萬華區中華路2段與汀州路1段口,0,0,1,1,C03,8,6,5,50,4,1,1,5,4,5,13,2,1,5,5,5,2,12,2,63,2,9,5,1,7,9,1,10,1,14,108,1,21,121.5050748,25.03309303
114,11,25,16,21,2,09北投區,北投區公館路與公館路423巷口口,0,0,1,1,C03,8,6,5,50,3,2,1,5,4,5,13,4,4,8,3,5,2,13,1,18,2,7,6,1,7,9,1,10,2,14,108,1,22,121.5024715,25.1209295
114,11,25,16,24,2,06松山區,松山區八德路3段與光復北路口,0,0,1,1,C03,8,5,8,50,22,22,1,5,4,5,13,2,1,9,4,5,2,17,1,31,2,9,6,1,7,11,1,10,1,14,99,1,21,121.5574104,25.0481845
114,11,25,16,28,2,04大安區,大安區基隆路3段與基隆路口側附近3段155巷口,0,0,2,1,C03,8,5,5,40,4,1,1,5,4,5,13,2,1,1,4,5,2,13,1,26,2,9,6,1,7,5,1,10,1,14,8,1,22,121.5426345,25.0156917
114,11,25,16,36,2,05中正區,中正區泉州街20巷與三元街212巷口口,0,0,2,1,C03,8,6,5,30,4,1,1,5,4,5,13,4,4,10,5,5,1,15,1,62,2,7,6,1,7,9,1,10,1,11,75,1,21,121.5122553,25.02678922
114,11,25,17,06,2,08士林區,士林區百齡右岸河濱公園百齡橋下,0,0,1,1,B03,8,6,5,50,14,9,1,5,4,5,13,4,4,10,4,5,1,13,1,59,3,10,7,1,7,14,1,8,2,7,108,1,21,121.515179,25.0909182
114,11,25,17,08,2,05中正區,中正區仁愛路2段與金山南路1段口,0,0,1,1,C03,7,5,5,50,4,1,1,5,4,5,13,2,1,1,4,1,2,13,2,63,2,8,5,1,7,9,1,10,1,11,16,1,21,121.5285105,25.0383878
114,11,25,17,09,2,06松山區,松山區光復北路11巷67號,0,0,1,1,B03,7,6,5,30,14,9,1,5,4,5,13,4,4,5,4,5,2,16,1,50,3,10,7,4,7,11,1,8,1,4,10,1,21,121.560432,25.0500723
114,11,25,17,15,2,01大同區,大同區南京西路202號,0,0,2,1,B03,7,5,5,50,14,9,1,5,4,5,13,4,4,1,4,5,2,17,1,47,3,10,7,4,7,8,1,8,11,6,100,2,21,121.517443,25.0531473
114,11,25,17,15,2,04大安區,大安區市民大道3段142號,0,0,1,1,C03,7,5,5,40,14,8,1,5,4,5,13,4,4,1,4,4,1,17,2,21,2,9,6,1,7,9,1,10,1,11,16,1,21,121.5351158,25.0447457
114,11,25,17,20,2,12內湖區,內湖區內湖路1段285巷與環山路1段9巷口,0,0,1,1,F01,8,5,5,30,4,2,1,5,4,5,13,4,4,10,5,5,2,17,2,73,2,8,4,1,7,15,8,20,1,11,101,1,21,121.5668195,25.08291881
114,11,25,17,28,2,04大安區,大安區和平東路1段與羅斯福路2段口,0,0,1,1,B03,7,5,5,50,4,2,1,5,4,5,13,2,1,9,4,5,1,13,1,62,3,10,3,4,2,9,1,4,1,5,16,1,21,121.5229726,25.0271407
114,11,25,17,30,2,05中正區,中正區襄陽路7號,0,0,1,1,C03,8,5,5,50,14,9,1,5,4,5,13,4,4,5,4,5,2,13,2,48,2,9,6,1,7,5,1,10,2,13,8,1,22,121.5159676,25.0433689
114,11,25,17,33,2,12內湖區,(東湖路119巷49弄20號對面),0,0,2,1,C03,8,5,5,50,14,18,1,5,4,5,13,4,4,4,3,5,2,3,2,45,2,8,6,1,7,9,1,10,2,11,70,1,21,121.6166779,25.0698923
114,11,25,17,40,2,05中正區,中正區忠孝西路1段(M5出口),0,0,1,1,A02,7,5,5,50,22,9,1,5,4,5,13,4,4,2,4,5,2,9,1,58,3,10,7,1,7,14,1,2,9,2,40,1,26,121.5163012,25.046625
114,11,25,17,53,2,04大安區,大安區光復南路430號,0,0,1,1,F01,8,5,5,0,14,20,1,5,4,5,13,4,4,10,5,5,2,9,1,38,3,10,4,4,7,9,8,20,1,12,42,1,22,121.5574021,25.0362091
114,11,25,17,55,2,03中山區,中山區樂群一路與敬業三路口口,0,0,1,1,C03,8,5,5,50,3,2,1,5,4,5,13,1,1,1,4,5,2,13,2,43,2,9,3,4,7,9,1,10,1,11,44,1,21,121.556635,25.0772085
114,11,25,17,55,2,09北投區,北投區大度路3段與立德路口,0,0,1,1,C03,8,5,5,50,14,8,1,5,4,5,13,1,1,10,3,4,2,13,1,30,3,10,6,1,7,9,1,10,1,11,16,1,22,121.472434,25.1229298
114,11,25,17,55,2,12內湖區,內湖區民善街277號,0,0,1,1,B03,8,5,5,50,14,9,1,5,4,5,13,4,4,9,5,5,2,17,1,47,3,10,7,1,7,5,1,8,1,1,80,1,22,121.5743342,25.06466217
114,11,25,18,12,2,07信義區,信義區松壽路與一號道路口,0,0,1,1,B03,8,5,5,50,14,9,1,5,4,5,13,1,1,9,4,5,2,12,1,56,3,10,7,1,7,6,1,8,1,4,9,1,21,121.5619497,25.0363713
114,11,25,18,15,2,04大安區,大安區建國南路2段與建國南路2段69巷口,0,0,4,1,C03,8,6,5,50,3,2,1,5,4,5,13,4,4,1,5,5,2,13,2,24,2,9,6,1,7,9,1,10,1,11,16,1,21,121.5380319,25.0310971
114,11,25,18,40,2,03中山區,中山區民族東路與中山北路3段口,0,0,1,1,B03,8,5,5,50,5,1,1,5,4,5,13,2,1,9,5,5,2,13,1,28,3,10,7,1,7,9,1,8,1,1,108,1,21,121.5232451,25.0685017
114,11,25,19,01,2,09北投區,北投區七星街與育仁路口,0,0,1,1,C03,8,5,5,30,3,2,1,5,4,5,13,4,4,5,5,5,2,16,1,78,2,9,5,1,7,5,1,10,2,12,74,1,22,121.5009609,25.1366114
114,11,25,19,17,2,04大安區,大安區羅斯福路2段與杭州南路2段口,0,0,3,1,C03,7,5,5,30,5,1,1,5,4,5,13,2,1,10,5,5,2,17,2,41,2,9,6,4,7,6,1,10,1,14,80,1,22,121.5217584,25.0281629
114,11,25,19,51,2,01大同區,大同區承德路2段與民權西路口,0,0,1,1,C03,7,5,5,50,4,1,1,5,4,5,13,2,1,1,4,5,2,13,1,35,2,9,6,4,7,9,1,10,1,11,16,1,22,121.5179505,25.062812
114,11,25,21,08,2,12內湖區,內湖區金龍路與金龍隧道口,0,0,1,1,B03,8,5,5,50,3,2,1,5,4,5,13,2,1,5,4,5,2,17,2,31,3,10,7,1,7,5,1,8,2,5,8,1,21,121.5890045,25.08639408
114,11,25,21,14,2,04大安區,大安區基隆路2段200號,0,0,1,1,B01,8,5,5,50,14,9,1,5,4,5,13,4,4,1,4,5,2,13,4,0,4,11,3,4,7,21,7,19,11,15,119,2,22,121.5518587,25.023853
114,11,25,21,22,2,05中正區,中正區杭州南路1段59號,0,0,1,1,C03,7,5,5,50,14,9,1,5,4,5,13,1,1,10,4,5,2,17,2,28,3,10,5,1,7,1,3,18,2,14,19,1,21,121.5258577,25.040434
114,11,25,22,03,2,07信義區,信義區吳興街與吳興街220巷口,0,0,2,1,C03,7,5,5,50,4,1,1,5,4,5,13,2,1,9,4,5,2,16,1,50,2,5,5,1,7,5,6,10,2,11,8,1,21,121.5631041,25.0277201
114,11,25,22,17,2,10文山區,文山區和平東路4段與和平東路4段381巷口,0,0,1,1,C03,8,5,5,40,3,1,1,5,4,5,13,4,4,5,5,5,2,16,1,23,3,10,3,4,7,5,1,10,1,14,74,1,22,121.5739881,24.9993871
114,11,25,22,41,2,01大同區,大同區承德橋南向北,0,0,2,1,C03,8,5,5,50,12,9,1,5,4,5,13,4,4,4,4,5,2,17,1,37,2,9,5,1,7,9,1,10,2,11,44,1,21,121.5203272,25.0754349
114,11,25,23,37,2,04大安區,大安區敦化南路2段113號,0,0,1,1,A02,8,5,5,50,14,9,1,5,4,5,13,4,4,1,4,5,1,9,1,53,3,10,3,4,7,14,7,19,11,2,40,1,21,121.549039,25.0278564
114,11,26,00,03,2,06松山區,松山區八德路4段與八德路4段91巷口,0,0,1,1,B01,8,5,5,50,4,2,1,5,4,5,13,2,1,9,4,5,2,17,1,67,3,10,7,1,7,8,1,4,1,17,44,1,21,121.5603779,25.0486027
114,11,26,00,31,2,02萬華區,萬華區華江橋機車道往台北市方向下橋處-EP7牌面前,0,0,1,1,C03,8,5,5,40,8,11,1,5,4,5,13,4,4,3,5,3,1,18,1,63,2,9,5,1,7,15,1,10,1,14,44,1,21,121.4898082,25.0342052
114,11,26,01,44,2,03中山區,中山區大直街87號,0,0,2,1,C03,8,5,5,50,14,9,1,5,4,5,13,4,4,9,4,5,2,17,1,20,2,9,3,4,7,9,1,10,1,12,108,1,21,121.5471714,25.0842523
114,11,26,06,02,2,02萬華區,萬華區西藏路117號,0,0,1,1,B12,7,5,5,50,14,9,1,5,4,5,13,4,4,1,4,5,2,17,1,31,3,10,7,1,7,9,1,8,1,17,44,1,21,121.5027387,25.0297343
114,11,26,06,40,2,10文山區,文山區新光路1段與新光路1段31巷口口旁,0,0,1,1,C03,8,6,5,50,3,1,1,5,4,5,13,2,1,5,5,5,2,16,2,68,2,9,5,1,7,9,1,10,1,12,1,1,21,121.5737615,24.9894349
114,11,26,06,41,2,03中山區,中山區樂群一路往東上塔悠公園,0,0,1,1,C03,8,7,5,50,14,9,1,5,4,5,13,4,4,1,4,5,2,18,1,27,2,9,5,1,7,9,1,10,1,12,42,1,22,121.5941985,25.07075503
114,11,26,07,07,2,01大同區,大同區環河北路1段與鄭州路口,0,0,1,1,C03,8,5,5,40,14,9,1,5,4,5,13,4,4,1,4,5,2,12,1,29,2,9,5,1,7,7,1,10,2,12,100,1,22,121.5064101,25.0497737
114,11,26,07,40,2,08士林區,士林區中正路與福港街口,0,0,1,1,A02,8,6,5,50,3,2,1,5,4,5,13,2,1,1,4,5,1,9,1,48,3,10,7,1,7,1,1,2,9,17,116,1,21,121.5179192,25.08673675
114,11,26,07,49,2,08士林區,士林區芝玉路1段197巷與芝玉路1段197巷25弄口,0,0,2,1,C03,8,7,5,30,4,1,1,5,4,5,13,4,4,9,5,5,2,15,1,38,2,9,5,1,7,9,1,10,1,11,72,1,22,121.5331656,25.1069391
114,11,26,08,01,2,07信義區,信義區市民大道6段與松信路口,0,0,2,1,C03,8,6,5,40,4,1,1,5,4,5,13,1,1,1,4,5,2,16,1,23,2,8,6,1,7,5,3,18,2,14,103,1,22,121.572279,25.0492178
114,11,26,08,07,2,12內湖區,內湖區麥帥一橋機車道(東往西)7010402燈桿附近,0,0,3,1,C03,8,6,5,50,8,11,1,5,4,5,13,4,4,10,3,5,1,12,1,49,2,9,6,1,7,9,1,10,1,11,16,1,21,121.5737391,25.0529523
114,11,26,08,10,2,02萬華區,萬華區水源路與青年路口,0,0,2,1,F01,8,6,5,40,4,2,1,5,4,5,13,4,4,9,5,5,2,16,1,80,2,9,4,1,7,5,8,20,1,14,8,1,21,121.5038881,25.01975336
114,11,26,08,16,2,06松山區,松山區民生東路5段21號,0,0,1,1,A04,8,6,5,50,14,9,1,5,4,5,13,4,4,9,4,5,2,9,1,54,3,10,7,4,7,12,1,2,9,15,42,1,22,121.556064,25.05837812
114,11,26,08,24,2,03中山區,中山區林森北路與民族東路口,0,0,2,1,C03,8,7,5,50,4,2,1,5,4,5,13,1,1,1,4,5,2,12,1,30,2,7,6,1,7,9,1,10,1,12,17,1,21,121.5257701,25.06820198
114,11,26,08,33,2,01大同區,大同區環河北路2段與民族西路口口,0,0,1,1,C03,8,5,5,50,3,2,1,5,4,5,13,2,1,9,4,4,2,13,2,67,2,9,5,1,7,12,1,10,2,13,44,1,21,121.5091625,25.0682049
114,11,26,08,40,2,05中正區,中正區林森北路與北平東路口,0,0,1,1,C03,8,6,5,50,4,1,1,5,4,5,13,1,1,5,4,5,2,16,2,30,2,9,6,1,7,9,1,10,2,11,17,1,22,121.5237126,25.0463988
114,11,26,09,01,2,01大同區,大同區酒泉街50巷與承德路3段214巷口,0,0,1,1,C03,8,5,5,30,4,1,1,5,4,5,13,4,4,10,5,5,2,15,1,32,3,10,5,1,7,9,1,10,1,12,72,1,21,121.5166709,25.07163216
114,11,26,09,01,2,07信義區,信義區東興路67號,0,0,1,1,B01,8,7,5,50,14,9,1,5,4,5,13,4,4,3,4,5,2,17,1,63,3,10,3,4,7,14,1,4,2,5,38,1,21,121.5662028,25.0476033
114,11,26,09,10,2,02萬華區,萬華區萬大路424巷與武成街125巷6弄口,0,0,1,1,F01,8,7,5,30,4,1,1,5,4,5,13,4,4,9,5,5,2,10,2,80,2,9,4,4,7,9,8,20,1,11,72,1,22,121.4932492,25.0205429
114,11,26,09,25,2,01大同區,大同區台北橋機慢車道三重往台北282523燈桿,0,0,1,1,C03,8,5,7,40,10,11,1,5,4,5,13,4,4,9,4,5,2,13,1,33,3,10,5,1,7,12,1,10,1,11,108,1,21,121.5080818,25.0632811
114,11,26,09,36,2,12內湖區,內湖區民權東路6段280巷與民權東路6段296巷口,0,0,1,1,B03,8,6,5,30,3,1,1,5,4,5,13,4,4,10,5,5,2,11,1,34,3,10,7,1,7,5,1,8,1,8,44,1,21,121.6082085,25.0699019
114,11,26,09,42,2,10文山區,文山區福和橋西往東(P10橋墩附近),0,0,2,1,C03,8,6,5,40,8,11,1,5,4,5,13,4,4,1,4,1,1,13,2,27,2,9,6,1,7,9,1,10,1,11,108,1,21,121.5358219,25.0106476
114,11,26,10,00,2,08士林區,士林區中山北路5段與文林路口,0,0,1,1,B01,8,6,5,50,3,1,1,5,4,5,13,1,1,1,4,5,2,16,1,60,3,10,3,4,7,6,1,4,2,2,9,1,21,121.5254513,25.08591019
114,11,26,10,25,2,05中正區,中正區市民高架道往東(中山北路上方),0,0,2,1,B12,8,6,9,80,14,9,1,5,4,5,13,4,4,1,3,5,1,13,1,48,2,7,7,1,7,9,1,8,1,1,44,1,22,121.5200965,25.0481314
114,11,26,10,26,2,07信義區,信義區逸仙路50巷與無名巷口,0,0,2,1,B12,8,6,5,30,4,1,1,5,4,5,13,4,4,10,5,5,2,15,1,57,2,1,3,4,7,9,1,8,1,1,72,1,22,121.5625659,25.0406246
114,11,26,10,54,2,09北投區,北投區東陽街與懷德街口,0,0,1,1,B03,8,5,5,30,4,2,1,5,4,5,13,1,1,7,4,5,1,12,2,28,3,10,7,1,7,9,1,8,1,2,1,1,21,121.5193207,25.1123336
114,11,26,11,10,2,08士林區,士林區基河路251巷與福德路口,0,0,1,1,B02,8,7,5,30,4,1,1,5,4,5,13,4,4,10,5,5,2,17,1,28,3,10,7,1,7,9,1,15,1,2,75,1,21,121.5226054,25.09225248
114,11,26,11,14,2,08士林區,士林區中山北路5段110號前,0,0,1,1,C03,8,6,5,50,14,9,1,5,4,5,13,1,1,1,4,1,1,13,2,21,2,9,6,1,7,9,1,10,2,11,108,1,21,121.5252871,25.08548769
114,11,26,11,18,2,04大安區,大安區樂利路與樂利路101巷口口,0,0,2,1,F01,8,6,5,40,3,2,1,5,4,5,13,4,4,9,4,5,2,17,2,37,2,9,4,1,7,9,8,20,2,15,99,1,21,121.5522625,25.0252549
114,11,26,11,29,2,08士林區,士林區忠誠路1段與德行東路口,0,0,2,1,C03,8,7,5,50,4,1,1,5,4,5,13,2,1,1,4,5,1,17,2,19,2,9,5,1,7,5,1,10,2,12,44,1,21,121.5302339,25.1083356
114,11,26,12,20,2,05中正區,中正區濟南路2段2-5號,0,0,3,1,B03,8,7,5,50,14,9,1,5,4,5,13,4,4,9,5,5,2,13,1,28,3,10,7,1,7,9,1,8,2,5,108,1,21,121.5264168,25.0414742
114,11,26,12,29,2,01大同區,大同區環河北路1段與鄭州路口口,0,0,1,1,B03,8,6,5,50,4,2,1,5,4,5,13,2,1,10,5,5,2,16,1,79,3,10,7,1,7,9,1,8,1,8,81,1,21,121.5068928,25.0509004
114,11,26,12,30,2,01大同區,大同區西寧北路與迪化街1段32巷口,0,0,1,1,B03,8,6,5,50,3,1,1,5,4,5,13,4,4,5,5,5,2,12,1,54,3,10,7,1,7,9,1,8,1,2,17,1,21,121.5088031,25.0544988
114,11,26,12,49,2,04大安區,大安區仁愛路4段與敦化南路1段口,0,0,2,1,C03,8,6,5,50,4,2,1,5,4,5,13,2,1,4,4,5,2,17,1,60,2,9,5,1,7,15,1,10,1,15,116,1,22,121.5496005,25.0374806
114,11,26,13,04,2,03中山區,中山區民權東路2段與松江路口口,0,0,1,1,B01,8,7,5,50,4,1,1,5,4,5,13,1,1,1,4,5,2,3,1,63,4,11,3,4,7,6,1,4,11,15,44,2,21,121.5330054,25.0625939
114,11,26,13,06,2,05中正區,中正區市民大道2段與金山北路口,0,0,1,1,C03,8,6,5,40,14,9,1,5,4,5,13,2,1,1,2,5,2,13,2,27,2,9,6,4,7,9,1,10,2,14,42,1,21,121.530436,25.0459953
114,11,26,13,10,2,08士林區,士林區重慶北路4段與葫東街口,0,0,1,1,B01,8,5,5,50,4,18,1,5,4,5,13,2,1,1,4,4,2,2,1,67,3,10,7,1,7,5,1,4,1,8,70,1,21,121.5120061,25.0840447
114,11,26,13,10,2,08士林區,士林區中山北路5段與至誠路2段口,0,0,1,1,B03,8,7,5,40,4,1,1,5,4,5,13,3,1,9,4,5,2,17,2,65,3,10,7,1,7,5,1,8,2,2,44,1,21,121.52648,25.1009904
114,11,26,13,13,2,01大同區,大同區民權西路226號,0,0,2,1,C03,8,6,5,50,14,9,1,5,4,5,13,4,4,1,2,5,2,17,1,24,2,9,5,4,7,9,1,10,1,11,44,1,21,121.5135749,25.0628828
114,11,26,14,33,2,01大同區,大同區涼州街與延平北路2段口口,0,0,1,1,B12,8,6,5,50,4,1,1,5,4,5,13,2,1,5,5,5,2,3,1,70,3,10,7,1,7,5,1,8,2,1,8,1,21,121.5113225,25.060585
114,11,26,14,49,2,01大同區,大同區重慶北路2段180號,0,0,1,1,C03,8,5,5,50,14,9,1,5,4,5,13,4,4,9,4,5,2,13,2,26,2,9,5,1,7,12,1,10,2,11,16,1,22,121.5134526,25.0603988
114,11,26,14,56,2,09北投區,北投區西安街1段185號,0,0,1,1,C03,8,7,5,50,14,9,1,5,4,5,13,4,4,10,4,5,1,12,2,47,2,9,6,1,7,9,1,10,1,14,44,1,21,121.518294,25.1101259
114,11,26,15,10,2,03中山區,中山區復興南路1段38號,0,0,1,1,B03,8,6,5,50,14,9,1,5,4,5,13,4,4,1,4,5,2,13,1,33,3,10,3,4,7,9,1,8,1,1,104,1,22,121.5438041,25.0454694
114,11,26,15,10,2,05中正區,中正區南海路與牯嶺街口口,0,0,1,1,C03,8,6,5,30,4,1,4,5,4,5,13,1,1,10,4,5,2,16,1,29,3,10,5,1,7,5,1,10,1,14,71,1,21,121.5150353,25.032016
114,11,26,15,23,2,01大同區,大同區台北橋機慢車道,0,0,1,1,C03,8,6,5,50,8,11,1,5,4,4,13,4,4,1,4,5,2,17,1,53,2,9,5,4,7,9,1,10,1,11,44,1,21,121.5094462,25.0632238
114,11,26,15,35,2,11南港區,南港區舊莊街1段86號,0,0,2,1,B03,8,6,5,50,14,9,1,5,4,5,13,2,1,5,5,5,2,13,1,71,3,10,3,4,7,9,1,8,2,1,108,1,21,121.6190146,25.0408072
114,11,26,15,40,2,01大同區,大同區承德路2段與民權西路口,0,0,2,1,C03,8,6,5,50,5,1,1,5,4,5,13,4,4,1,5,5,2,16,1,38,2,9,6,1,7,6,1,10,2,11,9,1,21,121.5185255,25.0627882
114,11,26,16,05,2,03中山區,中山區錦州街與錦州街241巷口,0,0,1,1,C03,8,7,5,30,4,1,1,5,4,5,13,4,4,9,5,5,2,15,2,48,2,9,6,1,7,9,1,10,1,11,72,1,21,121.5336086,25.06032512
114,11,26,16,20,1,08士林區,士林區中正路與延平北路6段口,1,0,0,1,A02,8,6,5,50,4,2,1,5,4,5,13,2,1,5,4,5,1,3,1,55,3,10,7,1,7,6,1,1,2,5,70,1,21,121.5092557,25.0869665
114,11,26,16,25,2,01大同區,大同區重慶北路3段116號,0,0,1,1,B03,8,5,5,50,14,9,1,5,4,5,13,4,4,9,4,5,2,12,1,41,3,10,7,1,7,7,1,8,1,7,100,1,22,121.51362,25.0669902
114,11,26,16,29,2,04大安區,大安區敦化南路1段262號,0,0,2,1,B03,8,5,5,50,14,9,1,5,4,5,13,1,1,9,4,5,1,13,1,64,3,10,3,4,7,9,1,8,1,1,16,1,21,121.5486274,25.0392235
114,11,26,16,45,2,03中山區,中山區中原街與新生北路3段3巷口,0,0,2,1,C03,8,7,5,50,4,1,1,5,4,5,13,4,4,9,5,5,2,16,1,58,2,9,5,1,7,9,1,10,1,11,16,1,22,121.5289808,25.0632272
114,11,26,17,00,2,10文山區,文山區老泉街43-1號,0,0,1,1,C03,8,5,5,30,14,9,1,4,4,5,13,4,4,10,5,5,1,2,2,63,3,10,6,1,7,9,3,18,2,12,16,1,21,121.5658613,24.9793644
114,11,26,17,11,2,01大同區,大同區西寧北路與忠孝西路2段口,0,0,1,1,B12,8,5,5,50,5,1,1,5,4,5,13,1,1,5,5,5,2,13,1,49,3,10,7,1,7,6,1,8,1,1,108,1,21,121.5076529,25.0489039
114,11,26,17,15,2,05中正區,中正區金山南路1段與仁愛路2段口,0,0,1,1,C03,7,5,5,50,5,2,1,5,4,5,13,1,1,1,4,5,2,13,2,26,2,8,5,1,7,6,1,10,1,11,16,1,21,121.5281745,25.038368
114,11,26,17,26,2,02萬華區,萬華區康定路與桂林路口,0,0,1,1,C03,8,5,5,50,4,1,1,5,4,5,13,1,1,9,4,5,2,17,1,43,3,10,5,1,7,15,1,10,1,17,44,1,21,121.5017154,25.0383469
114,11,26,18,09,2,01大同區,大同區承德路3段與承德路3段283巷口,0,0,2,1,C03,7,5,5,50,4,2,1,5,4,5,13,1,1,1,4,5,2,17,1,60,2,8,5,4,7,9,1,10,1,11,108,1,21,121.5196581,25.0734358
114,11,26,18,10,2,12內湖區,內湖區潭美街與新明路95巷口口,0,0,2,1,C04,8,5,5,40,3,1,1,5,4,5,13,4,4,9,5,5,2,16,2,20,2,9,5,1,7,6,1,10,1,13,44,1,21,121.5905444,25.0592256
114,11,26,18,17,2,05中正區,中正區和平西路1段與牯嶺街口,0,0,1,1,C03,8,5,5,40,4,2,1,5,4,5,13,1,1,1,4,4,2,17,1,51,2,8,6,1,7,9,1,10,1,11,42,1,21,121.5192912,25.0263895
114,11,26,18,24,2,03中山區,中山區復興南路1段32號,0,0,1,1,C03,8,5,5,50,14,9,1,5,4,5,13,1,1,9,5,5,2,13,2,28,2,7,5,4,7,9,1,10,1,11,16,1,21,121.5438894,25.04655883
114,11,26,18,37,2,06松山區,松山區南京東路5段66巷2弄與南京東路5段口34號旁無名巷,0,0,2,1,C04,8,6,5,30,4,1,1,5,4,5,13,4,4,10,5,5,2,10,1,25,2,8,6,4,7,9,1,10,1,11,72,1,21,121.5591412,25.0509174
114,11,26,18,38,2,07信義區,信義區虎林街120巷270號,0,0,1,1,B03,8,5,5,30,14,9,1,5,4,5,13,2,1,10,5,5,2,13,1,40,3,10,3,4,7,9,1,8,1,5,16,1,22,121.5709329,25.0422628
114,11,26,18,42,2,04大安區,大安區信義路3段與復興南路1段口,0,0,2,1,C03,7,5,5,50,4,1,1,5,4,5,13,2,1,10,5,5,2,13,1,22,2,9,3,4,7,9,1,10,1,11,16,1,22,121.5435016,25.0335113
114,11,26,18,45,2,02萬華區,萬華區桂林路53號,0,0,3,1,C03,7,5,5,50,14,9,1,5,4,3,12,4,4,9,4,5,2,17,2,57,2,9,5,1,7,7,1,10,1,14,100,1,21,121.5034419,25.0381152
114,11,26,19,40,2,06松山區,松山區市民大道5段與八德路4段106巷口,0,0,1,1,B01,8,5,5,30,3,1,1,5,4,5,13,3,1,10,4,5,2,16,1,68,3,10,7,1,7,6,1,4,1,8,80,1,22,121.5612212,25.04664222
114,11,26,20,13,2,11南港區,南港區研究院路1段與研究院路1段101巷口,0,0,1,1,F03,8,5,5,50,4,2,1,5,4,5,13,1,1,5,4,5,2,17,1,18,3,10,5,1,7,6,8,20,1,12,101,1,21,121.6161519,25.0519205
114,11,26,20,26,2,04大安區,大安區復興南路2段65號,0,0,2,1,C03,8,5,5,50,14,9,1,5,4,5,13,4,4,1,4,5,2,29,2,32,2,9,5,1,7,9,1,10,1,14,116,1,21,121.5436211,25.0308067
114,11,26,20,40,2,04大安區,大安區信義路2段198巷與永康街31巷口,0,0,1,1,C03,7,5,6,30,4,1,1,5,4,5,13,4,4,10,5,5,2,15,1,50,2,7,6,4,7,9,1,10,1,11,72,1,22,121.5309269,25.0316605
114,11,26,22,00,2,07信義區,信義區基隆路1段380巷24號,0,0,1,1,B03,8,5,5,30,14,9,1,5,4,5,13,4,4,10,5,5,1,9,1,59,3,10,3,4,7,9,1,8,9,6,36,1,22,121.5675341,25.03288367
114,11,26,22,07,2,02萬華區,萬華區永福街與貴陽街2段96巷口,0,0,2,1,C03,7,5,5,30,4,1,1,5,4,5,13,4,4,10,5,5,2,17,2,32,2,9,6,1,7,9,1,10,1,14,80,1,21,121.5030722,25.0387453
114,11,26,22,20,2,03中山區,中山區中山北路4段與中山橋口往南中山橋北端,0,0,1,1,C03,8,5,5,50,5,2,1,5,4,5,13,4,4,1,5,5,2,12,1,27,3,10,6,1,7,7,1,10,1,14,80,1,21,121.5258225,25.0748308
114,11,26,22,23,2,03中山區,中山區建國北路2段與錦州街口,0,0,1,1,C03,8,5,5,50,4,1,1,5,4,5,13,2,1,9,4,5,2,17,1,23,2,9,5,1,7,5,1,10,2,14,16,1,23,121.5367999,25.06046515
114,11,27,02,43,2,08士林區,士林區環河北路3段(燈桿1104502),0,0,2,1,C03,8,5,5,50,14,11,1,5,4,5,13,4,4,10,4,5,1,17,1,19,2,9,6,1,7,9,1,10,1,11,16,1,21,121.5084356,25.0792433
114,11,27,06,23,2,04大安區,大安區羅斯福路3段與和平東路1段口,0,0,1,1,C03,8,6,5,50,4,1,1,5,4,5,13,2,1,10,5,5,2,13,1,76,4,11,3,4,7,9,1,10,11,11,108,2,22,121.5222742,25.0269877
114,11,27,07,30,2,08士林區,士林區延平北路7段165臨號對面,0,0,1,1,B03,8,7,5,50,14,9,1,5,4,5,13,4,4,8,3,5,2,12,1,27,3,10,3,4,7,11,1,8,2,4,80,1,22,121.4929531,25.0985359