發生年度,發生月,發生日,發生時-Hours,發生分,處理別-編號,區序,肇事地點,死亡人數,2-30日死亡人數,受傷人數,當事人序號,車種,天候,光線,道路類別,速限-速度限制,道路型態,事故位置,路面狀況1,路面狀況2,路面狀況3,道路障礙1,道路障礙2,號誌1,號誌2,車道劃分-分向,車道劃分-分道1,車道劃分-分道2,車道劃分-分道3,事故類型及型態,性別,年齡,受傷程度,主要傷處,保護裝置,行動電話,車輛用途,當事者行動狀態,駕駛資格情形,駕駛執照種類,飲酒情形,車輛撞擊部位1,肇因碼-個別,個人肇逃否,職業,座標-X,座標-Y
114,11,27,07,43,2,12內湖區,內湖區南湖大橋與安康路口,0,0,1,1,B03,8,6,8,50,22,22,1,5,4,5,13,2,1,1,4,5,2,16,2,35,3,10,3,4,7,11,1,8,1,2,10,1,22,121.6110379,25.0649033
114,11,27,07,47,2,09北投區,北投區承德路7段與公館路口,0,0,3,1,C03,8,5,5,60,4,2,1,5,4,5,13,1,1,9,4,5,1,12,1,24,2,8,6,1,7,9,1,10,2,13,16,1,21,121.5014238,25.1197541
114,11,27,07,54,2,05中正區,中正區三元街212巷與泉州街20巷口,0,0,1,1,C03,8,6,5,30,4,1,1,5,4,5,13,4,4,10,5,5,1,17,2,28,2,9,5,1,7,9,1,10,1,14,75,1,21,121.5122478,25.02679056
114,11,27,07,57,2,02萬華區,萬華區西藏路247號,0,0,2,1,C03,8,7,5,50,14,7,1,5,4,5,13,1,1,1,3,5,2,12,2,36,2,8,6,1,7,9,1,10,1,14,108,1,22,121.4945755,25.02757921
114,11,27,08,01,2,08士林區,士林區中山北路6段與忠誠路1段口,0,0,1,1,C03,8,6,5,50,4,2,1,5,4,5,13,2,1,1,4,5,2,12,1,46,2,9,6,1,7,7,1,10,1,14,100,1,21,121.5247804,25.1042585
114,11,27,08,05,2,09北投區,北投區承德路7段280巷與無名巷口,0,0,2,1,C03,8,7,5,30,4,1,1,5,4,5,13,4,4,10,5,5,1,15,1,33,2,9,6,1,7,9,1,10,1,14,72,1,22,121.5064792,25.1165156
114,11,27,08,15,2,10文山區,文山區木新路3段32號,0,0,1,1,C03,8,6,5,40,14,7,1,5,4,5,13,4,4,5,4,4,2,17,1,61,3,10,3,4,7,7,1,10,1,14,100,1,22,121.5646703,24.98259684
114,11,27,08,25,2,06松山區,松山區八德路4段與塔悠路口,0,0,1,1,B03,8,7,5,50,5,1,1,5,4,5,13,2,1,1,4,5,2,16,1,59,3,10,7,1,7,6,1,8,1,2,71,1,21,121.5723025,25.0499886
114,11,27,08,30,2,10文山區,文山區木新路3段與興隆路4段口,0,0,1,1,B03,8,5,5,50,3,2,1,5,4,5,13,2,1,5,4,5,2,13,1,41,3,10,7,1,7,9,1,8,1,5,108,1,21,121.5624962,24.98208816
114,11,27,08,34,2,07信義區,信義區信義路4段415-3號,0,0,1,1,C03,7,5,5,50,14,9,1,5,4,5,13,4,4,10,4,5,2,17,2,68,2,9,6,1,7,9,1,10,1,12,101,1,21,121.559752,25.0332144
114,11,27,08,39,2,03中山區,中山區林森北路與民權東路1段口,0,0,1,1,B01,8,6,5,50,4,1,1,5,4,5,13,1,1,5,4,5,2,12,1,68,3,10,3,4,7,15,1,4,1,4,107,1,22,121.5255932,25.0628853
114,11,27,08,44,2,08士林區,士林區社子街146巷與社子街146巷7弄口,0,0,1,1,C03,8,6,5,30,3,2,1,5,4,5,13,4,4,10,5,5,1,15,1,25,2,5,6,1,7,1,1,10,1,12,80,1,21,121.5046537,25.0884281
114,11,27,08,47,2,04大安區,大安區瑞安街與瑞安街口側附近23巷口,0,0,1,1,C03,8,6,5,50,4,1,1,5,4,5,13,4,4,4,5,5,2,9,2,54,3,10,6,1,7,9,1,10,11,11,70,1,21,121.5439815,25.0310459
114,11,27,09,08,2,12內湖區,內湖區新湖三路268號0304616燈桿附近,0,0,1,1,C03,8,6,5,50,14,9,1,5,4,5,13,4,4,8,3,5,1,16,2,60,2,9,6,1,7,1,1,10,2,11,19,1,21,121.5761533,25.0632726
114,11,27,09,09,2,09北投區,北投區承德路6段333-3號,0,0,1,1,C04,8,5,6,60,14,9,1,5,4,5,13,4,4,9,4,4,1,29,1,40,2,3,6,1,7,9,1,10,2,14,42,1,21,121.5117573,25.10522
114,11,27,09,20,2,05中正區,中正區林森北路與市民大道2段口,0,0,2,1,C03,8,6,5,50,4,1,1,5,4,5,13,1,1,1,4,5,2,16,1,30,2,9,6,1,7,15,1,10,1,11,17,1,22,121.5241,25.047695
114,11,27,09,25,2,06松山區,松山區敦化南路1段與八德路3段12巷52弄口,0,0,1,1,C03,8,6,5,50,3,2,1,5,4,5,13,2,1,9,4,4,2,12,1,34,2,9,6,1,7,7,1,10,2,14,101,1,22,121.5491164,25.0460787
114,11,27,09,50,2,10文山區,文山區興隆路3段36巷與興隆路3段36巷17弄口,0,0,1,1,C03,8,6,5,30,5,1,1,5,4,5,13,3,1,9,5,5,2,15,1,18,3,10,5,1,7,9,1,10,1,14,72,1,25,121.5549916,24.9995627
114,11,27,10,15,2,08士林區,士林區故宮路往自強隧道,0,0,2,1,B03,8,7,5,50,11,9,1,5,4,5,13,4,4,5,5,5,1,12,2,55,3,10,7,1,7,9,1,8,1,2,17,1,21,121.5485819,25.09502577
114,11,27,10,25,2,05中正區,中正區汀州路2段6巷與汀州路2段口,0,0,2,1,C03,8,6,5,50,3,1,1,5,4,5,13,4,4,9,4,5,2,17,1,71,2,8,5,1,7,5,1,8,1,12,74,1,21,121.5157762,25.02581018
114,11,27,10,32,2,06松山區,松山區慶城街與長春路口,0,0,1,1,C03,8,7,5,30,4,1,1,5,4,5,13,1,1,9,4,5,2,17,1,68,3,10,6,1,7,5,1,10,1,12,80,1,22,121.546243,25.0545016
114,11,27,10,34,2,01大同區,大同區環河北路2段與昌吉街口口,0,0,1,1,B03,8,6,5,50,3,1,1,5,4,1,13,4,4,1,4,5,2,16,1,26,3,10,7,1,7,6,1,8,2,2,9,1,21,121.5088889,25.0656891
114,11,27,11,13,2,05中正區,中正區重慶南路1段138號,0,0,1,1,B01,8,6,5,50,14,9,1,5,4,5,13,4,4,5,4,5,2,16,1,59,3,10,2,1,7,8,1,4,2,2,44,1,22,121.5126166,25.0362316
114,11,27,11,55,2,01大同區,大同區鄭州路145號,0,0,1,1,B01,8,6,5,40,14,9,1,5,4,5,13,4,4,1,5,5,2,16,1,65,3,10,7,1,7,7,1,4,1,4,100,1,21,121.5091572,25.0504599
114,11,27,12,01,2,02萬華區,萬華區康定路與長沙街2段口,0,0,2,1,C03,8,6,6,50,4,1,1,5,4,5,13,2,1,5,4,5,2,11,2,68,2,8,6,1,7,9,1,10,1,11,108,1,21,121.5023202,25.04056227
114,11,27,12,16,2,01大同區,大同區承德橋機車道南往北，0800607燈桿,0,0,1,1,C03,8,5,5,40,10,11,1,5,4,5,13,4,4,7,4,5,2,13,1,77,3,10,5,1,7,15,1,10,1,13,44,1,22,121.5208244,25.0768131
114,11,27,12,35,2,01大同區,大同區承德路2段與南京西路口,0,0,1,1,B02,8,6,5,50,5,1,1,5,4,5,13,4,4,1,5,5,2,16,4,0,,,,,,,,,9,,,,,121.5176099,25.0533306
114,11,27,12,35,2,07信義區,信義區吳興街220巷71號,0,0,1,1,B03,8,6,5,50,14,9,1,5,4,5,13,4,4,8,5,5,2,11,1,53,3,10,7,1,7,11,1,8,1,2,10,1,21,121.5612091,25.0262068
114,11,27,13,00,2,05中正區,中正區館前路8號,0,0,1,1,C03,8,6,5,50,14,9,1,5,4,5,13,4,4,10,4,5,2,12,1,31,2,9,6,1,7,7,1,9,2,13,17,1,21,121.514982,25.0457835
114,11,27,13,13,2,10文山區,文山區木柵路4段與木柵路4段33巷口口,0,0,1,1,B01,8,6,5,50,3,1,1,5,4,5,13,2,1,10,5,5,2,16,1,64,3,10,7,1,7,5,1,4,2,6,71,1,21,121.5715412,24.9940714
114,11,27,13,27,2,07信義區,信義區虎林街50巷3號,0,0,1,1,C03,8,5,5,30,14,9,1,5,4,5,13,4,4,10,5,5,2,17,1,50,3,10,6,1,7,15,1,10,1,17,42,1,22,121.5766997,25.04693467
114,11,27,13,31,2,10文山區,文山區木柵路2段與木柵路2段67巷口口,0,0,1,1,C03,8,6,5,30,11,9,1,5,4,1,13,4,4,5,4,5,2,20,1,23,2,9,5,1,7,9,1,10,1,12,44,1,21,121.5606653,24.98873561
114,11,27,13,53,2,09北投區,北投區新市街與中央南路1段25巷口,0,0,1,1,C03,8,6,5,30,4,1,1,5,4,5,13,4,4,10,5,5,2,9,1,52,3,10,3,4,7,15,6,10,1,12,118,1,21,121.5021104,25.1322374
114,11,27,13,54,2,04大安區,大安區愛國東路216號,0,0,1,1,B01,7,6,5,40,14,8,1,5,4,5,13,4,4,1,3,4,2,17,1,66,3,10,7,1,7,15,1,4,2,5,108,1,21,121.5247446,25.0319154
114,11,27,14,15,2,08士林區,士林區通河街76巷與承德路4段10巷口口,0,0,2,1,C03,7,6,5,30,4,1,1,5,4,5,13,4,4,8,4,5,1,15,1,69,2,9,6,1,7,9,1,10,1,11,72,1,21,121.5202198,25.080079
114,11,27,14,27,2,08士林區,士林區中正路與延平北路6段口,0,0,1,1,F03,8,7,5,50,4,1,1,5,4,5,13,1,1,9,5,5,2,17,1,24,3,10,6,1,7,9,8,20,1,14,101,1,21,121.5092464,25.0868622
114,11,27,14,35,2,03中山區,中山區民生東路1段與林森北路口,0,0,3,1,C03,7,6,5,50,4,1,1,5,4,5,13,2,1,8,5,5,1,16,2,41,2,9,3,4,7,8,1,10,1,12,101,1,21,121.5254209,25.05801518
114,11,27,14,51,2,05中正區,中正區汀州路3段60巷與汀州路3段口,0,0,1,1,C03,8,6,5,30,4,1,1,5,4,5,13,1,1,10,5,5,2,17,1,24,3,10,5,1,7,9,1,10,1,14,14,1,21,121.5313313,25.0157142
114,11,27,15,06,2,12內湖區,內湖區內湖路2段253巷與內湖路2段253巷2弄口,0,0,1,1,B03,8,6,5,30,4,1,1,5,4,5,13,4,4,10,5,5,2,15,1,64,3,10,3,4,7,9,1,8,1,1,16,1,22,121.5896884,25.0823455
114,11,27,15,13,2,03中山區,中山區南京東路2段與建國北路1段口,0,0,1,1,B01,8,6,5,50,4,1,1,5,4,5,13,1,1,1,5,5,2,13,1,64,3,10,3,4,7,9,1,4,1,1,107,1,22,121.5363608,25.0519259
114,11,27,15,17,2,02萬華區,萬華區中興橋機車道往新北市上橋處,0,0,1,1,C03,8,5,7,30,12,11,1,5,4,5,13,4,4,10,5,5,2,17,1,66,3,10,3,4,7,4,6,18,1,12,17,1,21,121.5020747,25.0454508
114,11,27,15,28,2,06松山區,松山區南京東路5段23巷4號,0,0,1,1,F02,8,6,5,30,14,9,1,5,4,5,13,4,4,10,5,5,2,17,2,74,2,9,4,1,7,15,8,20,2,14,101,1,21,121.5580185,25.051954
114,11,27,15,39,2,12內湖區,內湖區潭美街與新明路口側附近321巷口,0,0,2,1,C03,8,6,5,50,3,1,1,5,4,5,13,2,1,4,5,5,1,16,2,48,2,9,6,1,7,5,1,10,1,12,71,1,21,121.5848813,25.0558481
114,11,27,15,50,2,02萬華區,萬華區康定路與廣州街口,0,0,1,1,B01,8,7,5,50,4,1,1,5,4,5,13,1,1,9,5,5,2,16,1,69,3,10,7,1,7,5,1,4,1,2,99,1,21,121.5015271,25.0366469
114,11,27,15,50,2,04大安區,大安區基隆路3段與敦南街口,0,0,2,1,B03,8,6,5,30,3,1,1,5,4,5,13,4,4,10,5,5,2,17,2,25,3,10,7,1,7,6,1,8,1,1,72,1,21,121.5481105,25.0205483
114,11,27,16,20,2,10文山區,文山區木新路3段160號,0,0,1,1,A02,8,6,5,50,14,9,1,5,4,5,13,2,1,5,4,4,1,12,1,26,3,10,7,1,7,8,1,2,1,2,100,1,21,121.561177,24.9818553
114,11,27,16,20,2,07信義區,信義區基隆路2段177號,0,0,1,1,B01,8,6,5,50,14,9,1,5,4,5,13,4,4,9,4,5,2,13,1,68,3,10,7,1,7,8,1,4,1,6,42,1,21,121.5537425,25.0253206
114,11,27,16,24,2,04大安區,大安區忠孝東路3段226號,0,0,3,1,A04,8,6,5,50,14,9,1,5,4,5,13,4,4,1,4,5,2,17,1,61,4,11,3,4,7,21,7,19,11,15,101,2,22,121.5405254,25.0414786
114,11,27,16,42,2,05中正區,中正區水源路87號,0,0,1,1,B01,8,6,5,50,14,9,1,5,4,5,13,4,4,10,4,5,2,17,1,59,3,10,7,1,7,1,1,4,1,8,19,1,21,121.5194578,25.0210873
114,11,27,16,45,2,12內湖區,內湖區民權東路6段210巷與民權東路6段210巷21弄口,0,0,1,1,B03,8,5,5,30,3,1,1,5,4,5,13,4,4,5,5,5,1,16,2,53,3,10,7,1,7,11,1,8,1,4,10,1,21,121.5976826,25.0667316
114,11,27,16,58,2,11南港區,南港區向陽路258巷27號,0,0,2,1,C03,8,5,5,40,11,9,1,5,4,5,13,1,1,7,4,5,2,16,1,60,2,7,3,4,7,5,1,10,1,14,8,1,21,121.5941123,25.05832
114,11,27,17,00,2,12內湖區,內湖區行善路與舊宗路1段口,0,0,1,1,B03,7,6,5,50,4,2,1,5,4,5,13,1,1,1,4,5,2,13,1,68,3,10,7,1,7,9,5,8,1,1,108,1,21,121.5806117,25.0587091
114,11,27,17,15,2,12內湖區,內湖區堤頂大道1段351號,0,0,1,1,B03,8,5,5,50,14,9,1,5,4,5,13,4,4,1,4,5,2,17,2,34,3,10,7,1,7,1,1,8,1,2,19,1,21,121.5726599,25.0642975
114,11,27,17,17,2,06松山區,松山區長安東路2段270號,0,0,2,1,C03,8,5,5,50,14,9,1,5,4,5,13,4,4,8,4,5,2,16,1,21,2,8,5,1,7,11,1,10,2,14,10,1,21,121.5446086,25.0482153
114,11,27,17,25,2,09北投區,北投區光明路與公館路口,0,0,3,1,C03,7,5,5,50,3,1,1,5,4,5,13,3,1,10,5,5,2,16,1,65,3,10,5,1,7,5,1,10,2,14,72,1,21,121.5020211,25.1335919
114,11,27,17,26,2,04大安區,大安區羅斯福路3段201號,0,0,1,1,A02,8,5,5,50,14,9,1,5,4,5,13,4,4,10,4,5,2,12,1,55,3,10,7,1,7,1,1,2,1,2,19,1,21,121.5283516,25.0207336
114,11,27,18,00,2,06松山區,松山區民權大橋西往東數來第三根燈桿（內湖往松山）,0,0,1,1,C03,8,5,5,30,14,11,1,5,4,5,13,4,4,3,4,5,2,13,1,24,2,9,6,1,7,9,1,10,1,11,108,1,21,121.5683793,25.0636879
114,11,27,18,04,2,05中正區,中正區新生南路1段170巷與信義路2段243巷口,0,0,1,1,B12,8,6,5,30,4,1,1,5,4,5,13,4,4,9,5,5,2,15,1,76,3,10,7,1,7,9,1,10,1,1,72,1,22,121.5311582,25.03422608
114,11,27,18,05,2,05中正區,中正區汀州路3段150號,0,0,1,1,F01,8,5,5,50,14,9,1,5,4,5,13,4,4,9,4,5,2,17,1,18,3,10,4,1,7,11,8,20,1,12,101,1,21,121.5341528,25.0137137
114,11,27,18,10,2,03中山區,中山區民族東路88號,0,0,1,1,A11,8,5,5,50,14,9,1,5,4,5,13,4,4,9,4,5,2,11,1,53,3,10,3,4,7,9,1,1,1,2,17,1,21,121.526617,25.06839234
114,11,27,18,20,2,07信義區,信義區信義路5段109號附近側附近,0,0,1,1,C03,8,5,5,50,14,9,1,5,3,5,13,4,4,9,4,5,2,18,2,63,2,9,5,4,7,9,1,10,2,14,108,1,21,121.573436,25.0331245
114,11,27,18,30,2,05中正區,中正區汀州路2段與汀州路2段12巷口,0,0,2,1,F01,8,5,5,50,3,1,1,5,4,5,8,4,4,10,4,5,2,17,2,32,2,8,4,1,7,9,8,20,1,14,99,1,21,121.5160873,25.0256909
114,11,27,18,35,2,01大同區,大同區環河北路1段175號,0,0,2,1,C03,8,5,5,50,14,9,1,5,4,5,13,4,4,8,3,5,2,17,1,80,2,8,5,1,7,21,3,18,1,15,118,1,21,121.5081205,25.0560564
114,11,27,18,50,2,05中正區,中正區汀州路3段104巷11弄17號前,0,0,1,1,C03,8,5,5,30,14,9,1,5,4,5,13,4,4,10,5,5,2,17,1,54,2,9,6,1,7,9,1,10,1,17,42,1,22,121.5333187,25.01377232
114,11,27,19,00,2,12內湖區,內湖區瑞光路451號,0,0,2,1,C03,8,5,5,50,14,9,1,5,4,5,13,4,4,5,4,5,1,16,1,34,2,9,6,1,7,5,1,10,1,14,80,1,21,121.5700604,25.0786255
114,11,27,19,06,2,04大安區,大安區金山南路2段29號,0,0,1,1,C03,8,5,5,30,14,9,1,5,4,5,13,2,1,10,5,5,2,23,1,60,2,9,3,4,7,9,1,10,1,11,44,1,21,121.5270647,25.033045
114,11,27,19,24,2,02萬華區,萬華區西寧南路與成都路口,0,0,2,1,C03,8,5,5,50,4,1,1,5,4,5,13,1,1,8,3,5,1,15,1,42,2,9,5,1,7,9,1,10,1,14,81,1,21,121.5059111,25.0427287
114,11,27,19,30,2,01大同區,大同區民權西路與承德路3段口,0,0,2,1,C03,8,5,5,50,4,1,1,5,4,5,13,1,1,1,4,5,2,13,2,22,3,10,6,1,7,6,1,10,1,13,9,1,21,121.5185119,25.0629973
114,11,27,19,30,2,05中正區,中正區中山南路與信義路1段口,0,0,1,1,C03,8,5,5,50,5,1,1,5,4,5,13,1,1,1,3,5,2,17,1,18,3,10,6,1,7,15,1,10,1,14,99,1,21,121.5175627,25.0386097
114,11,27,19,37,2,03中山區,中山區市民大道2段與林森北路口,0,0,1,1,C03,8,5,5,40,4,1,1,5,4,5,13,2,1,1,4,5,2,16,2,24,2,8,6,1,7,5,1,10,2,13,44,1,21,121.5243855,25.0478465
114,11,27,19,46,2,08士林區,士林區延平北路5段與延平北路5段83巷口,0,0,1,1,B01,8,5,5,50,4,2,1,5,4,5,13,2,1,1,4,5,1,17,1,61,3,10,7,1,7,14,1,4,1,17,44,1,21,121.510612,25.0809245
114,11,27,20,20,2,03中山區,中山區中山橋北往南,0,0,1,1,C03,8,5,5,50,14,9,1,5,4,5,13,4,4,1,4,5,2,17,1,18,2,9,5,1,7,9,1,10,2,14,44,1,21,121.5240811,25.072661
114,11,27,20,21,2,12內湖區,內湖區成功交流道與成功路2段口,0,0,1,1,C03,8,5,5,50,4,1,1,5,4,5,13,2,1,1,3,5,2,12,2,27,2,9,5,1,7,8,1,10,1,12,100,1,21,121.5909446,25.0651229
114,11,27,20,53,2,02萬華區,萬華區莒光路與西園路2段口,0,0,1,1,B03,8,5,5,50,3,2,1,5,4,5,13,1,1,1,2,5,2,17,1,55,3,10,7,1,7,11,1,8,1,8,10,1,21,121.4969971,25.031081
114,11,27,21,15,2,05中正區,中正區水源路與牯嶺街口,0,0,1,1,C03,8,5,5,50,3,2,1,5,4,5,13,4,4,10,4,5,2,17,1,24,2,9,6,1,7,9,1,10,1,11,108,1,22,121.5189721,25.02115638
114,11,27,21,18,2,04大安區,大安區和平東路2段134號,0,0,2,1,C03,8,5,5,50,14,9,5,5,4,5,13,2,1,10,5,5,2,17,2,19,2,9,3,4,7,9,1,10,1,14,108,1,21,121.5445922,25.0247779
114,11,27,21,46,2,03中山區,中山區朱崙街與龍江路口,0,0,2,1,C03,8,5,5,50,4,2,1,5,4,5,13,2,1,5,5,5,2,17,2,46,2,8,6,1,7,11,1,10,1,13,10,1,21,121.5403111,25.0500221
114,11,27,22,00,2,10文山區,文山區木柵路2段138巷與興隆路4段105巷口,0,0,1,1,B03,8,5,5,30,4,1,1,5,4,5,13,2,1,5,5,5,2,16,1,69,3,10,7,1,7,5,1,8,1,2,71,1,21,121.5621361,24.987768
114,11,27,22,50,2,10文山區,文山區興隆路1段82號,0,0,1,1,B03,7,5,5,50,14,9,1,5,4,5,13,4,4,1,4,5,2,17,1,46,3,10,7,1,7,1,1,8,2,7,19,1,22,121.5409287,25.00350176
114,11,27,23,00,2,04大安區,大安區市民大道4段與延吉街口,0,0,2,1,B03,8,5,5,40,4,1,1,5,4,5,13,2,1,1,4,5,1,16,1,23,3,10,3,4,7,5,1,8,2,2,74,1,21,121.5537565,25.0443094
114,11,27,23,26,2,12內湖區,內湖區潭美街與安美街口,0,0,2,1,C03,8,5,5,40,3,2,1,5,4,5,13,2,1,5,5,5,2,17,1,34,2,9,6,1,7,5,1,10,1,14,8,1,21,121.5972577,25.06035789
114,11,28,02,22,2,08士林區,士林區芝玉路1段193號,0,0,1,1,C03,7,5,5,30,11,9,1,5,4,5,13,4,4,10,5,5,1,17,1,24,2,9,6,1,7,6,1,10,1,12,42,1,22,121.5337216,25.1074968
114,11,28,03,04,2,08士林區,士林區仰德大道3段與仰德大道3段250巷口,0,0,2,1,C03,8,5,8,40,22,22,1,5,4,5,13,4,4,4,5,5,1,13,1,21,2,9,5,1,7,9,6,18,1,11,16,1,21,121.5193839,25.09626827
114,11,28,05,00,2,12內湖區,內湖區南京東路6段與舊宗路1段口,0,0,1,1,B03,8,5,5,50,14,9,1,5,4,5,13,4,4,7,4,5,1,10,2,46,3,10,7,1,7,9,1,8,2,1,44,1,21,121.5808793,25.0569318
114,11,28,05,25,2,08士林區,士林區承德路4段與大南路口,0,0,2,1,C03,8,5,5,40,4,2,1,5,4,5,13,1,1,10,4,4,1,17,1,40,2,9,6,1,7,9,1,10,2,11,44,1,21,121.5214929,25.08877798
114,11,28,05,43,2,05中正區,中正區紹興北街與忠孝東路1段口,0,0,2,1,B01,8,5,5,40,4,1,1,5,4,5,13,2,1,3,4,5,2,15,1,64,3,10,7,1,7,9,1,4,2,1,81,1,21,121.525156,25.0444325
114,11,28,05,59,2,07信義區,信義區仁愛路4段與光復南路口口,0,0,2,1,H01,8,5,5,0,4,1,1,5,4,5,13,2,1,1,4,5,2,3,2,82,5,9,4,5,8,16,8,20,10,16,122,1,22,121.5576298,25.0374358
114,11,28,06,44,2,10文山區,文山區木新路2段與木新路2段158巷口,0,0,2,1,B03,8,6,5,50,4,1,1,5,4,5,13,1,1,10,5,4,2,16,1,61,2,3,7,1,7,5,1,8,2,6,83,1,21,121.5687507,24.9839955
114,11,28,06,48,2,07信義區,信義區松山路315-5號,0,0,1,1,A02,8,6,5,50,14,9,1,5,4,5,13,4,4,1,4,5,2,9,2,47,3,10,7,1,7,1,1,2,9,17,118,1,22,121.5779051,25.0424021
114,11,28,07,03,2,04大安區,大安區仁愛路3段與建國南路1段口口,0,0,2,1,C03,8,6,5,50,4,1,1,5,4,5,13,2,1,1,4,5,2,15,2,61,2,8,5,1,7,9,1,10,1,14,81,1,22,121.5380925,25.0379311
114,11,28,07,10,2,11南港區,南港區玉成街247號,0,0,1,1,F01,8,6,5,50,14,9,1,5,4,5,13,4,4,9,5,5,2,16,1,14,2,9,4,1,7,1,8,20,2,11,19,1,21,121.5862275,25.0429215
114,11,28,07,40,2,11南港區,南港區南港路1段360號,0,0,1,1,C03,7,6,5,40,14,9,1,5,4,5,12,4,4,5,4,4,2,17,1,43,3,10,6,1,7,9,1,10,9,15,44,1,21,121.6066079,25.0543907
114,11,28,07,42,2,02萬華區,萬華區桂林路151巷與桂林路口,0,0,1,1,C03,8,7,5,30,4,1,1,5,4,5,13,4,4,5,5,4,2,10,1,95,2,7,5,1,7,9,6,18,1,12,72,1,22,121.4976973,25.0385023
114,11,28,07,51,2,12內湖區,內湖區成功路2段與成功路口側附近2段323巷口,0,0,1,1,B01,8,6,5,50,4,1,1,5,4,5,13,2,1,1,3,5,2,16,2,44,3,10,7,1,7,9,1,8,1,1,80,1,21,121.5901776,25.0703736
114,11,28,08,10,2,08士林區,士林區華齡街35巷與福港街259巷18弄口口,0,0,2,1,C03,8,6,5,30,4,1,1,5,4,5,13,4,4,10,5,5,1,15,2,30,2,9,6,1,7,9,1,10,1,11,72,1,21,121.5185229,25.0836227
114,11,28,08,20,2,06松山區,松山區市民大道4段57號,0,0,1,1,C03,8,6,5,40,14,9,1,5,4,5,13,4,4,8,3,5,2,12,1,54,2,9,5,1,7,9,1,10,1,14,17,1,21,121.5463835,25.0452072
114,11,28,08,27,2,05中正區,中正區信義路2段243巷與新生南路1段160巷口,0,0,1,1,C03,8,7,5,30,4,2,1,5,4,5,13,4,4,9,4,5,2,2,1,69,,,,,7,21,7,19,9,15,119,2,,121.5311607,25.0345639
114,11,28,08,28,2,04大安區,大安區新生南路1段103巷27號,0,0,1,1,B03,8,6,5,30,14,9,1,5,4,5,13,4,4,10,5,5,2,14,2,38,3,10,7,1,7,2,1,8,1,3,12,1,22,121.5354073,25.0406514
114,11,28,08,30,2,01大同區,大同區延平北路4段與敦煌路口口,0,0,1,1,B01,8,5,5,50,5,1,1,5,4,5,13,2,1,9,4,5,2,15,1,52,3,10,7,1,7,12,1,2,1,6,71,1,21,121.5119936,25.0765537
114,11,28,08,35,2,07信義區,信義區松山路與福德街口,0,0,1,1,B03,8,7,8,50,5,1,1,5,4,5,13,1,1,5,4,5,2,13,1,55,3,10,3,4,7,9,1,8,1,5,44,1,21,121.5784501,25.0362236
114,11,28,08,35,2,07信義區,信義區和平東路3段與和平東路3段416巷口,0,0,1,1,B01,8,6,5,50,5,1,1,5,4,5,13,1,1,1,5,5,2,17,1,59,3,10,7,1,7,11,1,4,2,5,72,1,21,121.559161,25.0182725
114,11,28,08,42,2,12內湖區,內湖區環山路1段9巷,0,0,1,1,F01,8,7,5,50,3,1,1,5,4,5,13,4,4,5,4,4,2,17,1,72,3,10,4,1,7,9,8,20,9,17,42,1,21,121.5655726,25.0830412
114,11,28,08,50,2,12內湖區,內湖區潭美街與成功路2段口,0,0,1,1,C03,7,6,5,40,3,1,1,5,4,5,13,2,1,5,5,5,2,17,1,19,3,10,6,1,7,6,1,10,1,13,42,1,21,121.5917345,25.0601052
114,11,28,08,52,2,03中山區,中山區民權東路2段與建國北路口側附近2段口,0,0,1,1,B03,8,6,5,50,14,7,1,5,4,5,13,1,1,5,4,4,1,12,1,64,3,10,7,1,7,8,1,8,1,2,100,1,21,121.536808,25.0622963
114,11,28,09,03,2,06松山區,松山區饒河街與八德路4段709巷口,0,0,1,1,B03,8,6,5,30,4,2,1,5,4,5,13,4,4,10,5,5,2,15,1,46,3,10,7,1,7,9,1,8,1,4,72,1,21,121.576729,25.050783
114,11,28,09,03,2,07信義區,信義區信義路5段與莊敬路口,0,0,2,1,C03,8,5,5,50,4,1,1,5,4,5,13,2,1,1,4,5,2,17,1,30,2,9,6,1,7,9,1,10,2,12,13,1,21,121.5613589,25.0329072
114,11,28,09,07,2,06松山區,松山區民權東路5段12號,0,0,2,1,C03,8,6,5,50,14,9,1,5,4,5,13,4,4,1,4,5,2,16,1,32,2,9,6,1,7,5,1,10,1,14,8,1,21,121.5636114,25.06282421
114,11,28,09,08,2,09北投區,北投區大業路259號,0,0,1,1,B13,8,5,5,50,14,9,1,5,4,5,13,4,4,9,4,5,1,12,1,43,3,10,7,1,7,9,1,8,1,2,44,1,21,121.4980887,25.1266596
114,11,28,09,40,2,04大安區,大安區基隆路3段與基隆路3段155巷口,0,0,2,1,C03,8,6,5,50,4,1,1,5,4,5,13,2,1,1,4,4,2,17,1,27,2,8,5,1,7,5,1,10,1,14,71,1,22,121.5426396,25.0157055
114,11,28,09,45,2,09北投區,北投區石牌路2段與裕民一路口,0,0,2,1,B03,8,7,5,50,4,2,1,5,4,5,13,2,1,5,4,5,2,16,1,71,3,10,7,1,7,9,1,8,1,2,42,1,22,121.5161578,25.1165701
114,11,28,09,57,2,10文山區,文山區集英街22號,0,0,1,1,F03,8,6,5,30,14,9,1,5,4,5,13,4,4,10,5,5,2,1,1,62,3,10,6,1,7,9,8,20,1,14,17,1,21,121.5694323,24.9882418