發生年度,發生月,發生日,發生時-Hours,發生分,處理別-編號,區序,肇事地點,死亡人數,2-30日死亡人數,受傷人數,當事人序號,車種,天候,光線,道路類別,速限-速度限制,道路型態,事故位置,路面狀況1,路面狀況2,路面狀況3,道路障礙1,道路障礙2,號誌1,號誌2,車道劃分-分向,車道劃分-分道1,車道劃分-分道2,車道劃分-分道3,事故類型及型態,性別,年齡,受傷程度,主要傷處,保護裝置,行動電話,車輛用途,當事者行動狀態,駕駛資格情形,駕駛執照種類,飲酒情形,車輛撞擊部位1,肇因碼-個別,個人肇逃否,職業,座標-X,座標-Y
114,11,28,10,32,2,07信義區,信義區松山路515巷2弄6號,0,0,1,1,,8,7,6,30,14,9,1,5,4,5,13,4,4,10,5,5,2,9,4,0,,,,,7,9,7,,11,11,119,2,21,121.5863761,25.04641422
114,11,28,10,44,2,08士林區,士林區中山北路5段與福林路口,0,0,2,1,B03,8,6,5,50,4,1,1,5,4,5,13,1,1,1,4,5,1,16,1,67,3,10,3,4,7,5,1,8,1,5,71,1,22,121.5281481,25.0938082
114,11,28,10,58,2,06松山區,松山區民生東路4段與民生東路4段80巷口,0,0,1,1,B03,8,7,5,50,3,1,1,5,4,5,13,2,1,1,4,5,2,17,1,40,3,10,7,1,7,14,1,8,1,2,42,1,21,121.5529905,25.0581417
114,11,28,11,20,2,03中山區,中山區南京東路1段132巷與南京東路1段口,0,0,1,1,B01,8,6,5,40,3,1,1,5,4,5,13,4,4,1,4,4,2,16,1,66,3,10,3,4,7,6,1,4,1,5,9,1,22,121.5272074,25.0519741
114,11,28,11,30,2,03中山區,中山區市民大道2段與長安東路1段52巷口,0,0,1,1,B01,8,6,5,40,3,1,1,5,4,5,13,2,1,1,5,5,1,16,1,53,3,10,3,4,7,6,1,3,1,2,71,1,21,121.5278195,25.04712528
114,11,28,12,02,2,09北投區,北投區中央北路3段與中央北路3段40巷口,0,0,1,1,C03,8,7,5,50,3,2,1,5,4,5,13,2,1,5,4,5,2,13,1,18,2,9,6,1,7,9,1,10,1,11,42,1,22,121.485358,25.1381456
114,11,28,12,06,2,04大安區,大安區文昌街250巷與通化街19巷口,0,0,1,1,F01,8,5,5,30,4,1,1,5,4,5,13,4,4,10,5,5,2,15,2,22,2,9,4,1,7,9,8,20,9,11,72,1,21,121.555714,25.0316497
114,11,28,12,09,2,07信義區,信義區忠孝東路5段423巷與忠孝東路5段423巷6弄口,0,0,1,1,C03,8,7,5,30,4,2,1,5,4,5,13,4,4,5,5,5,2,15,1,57,2,9,5,1,7,9,6,10,2,11,72,1,21,121.5753521,25.0417466
114,11,28,12,40,2,05中正區,中正區中華路1段與開封街1段口,0,0,1,1,C03,8,5,5,50,4,2,1,5,4,5,13,1,1,10,5,5,2,17,2,37,2,9,6,1,7,9,1,10,6,11,44,1,22,121.5096211,25.0459437
114,11,28,12,49,2,04大安區,大安區延吉街70巷與延吉街70巷6弄口口,0,0,1,1,B03,8,5,5,30,4,2,1,5,4,5,13,4,4,10,5,5,2,15,2,24,3,10,7,1,7,9,1,8,1,1,72,1,21,121.5536568,25.0425326
114,11,28,12,50,2,03中山區,中山區八德路2段與安東街口,0,0,1,1,B01,8,7,5,50,4,2,1,5,4,5,13,1,1,5,4,5,2,17,1,60,3,10,7,1,7,14,1,4,1,4,40,1,22,121.5418068,25.0469908
114,11,28,12,57,2,10文山區,文山區景豐街37巷7弄與景豐街31巷口,0,0,1,1,B03,8,6,5,30,4,1,1,5,4,5,13,4,4,10,5,5,2,15,2,42,3,10,7,1,7,9,1,8,1,4,72,1,21,121.5454776,25.0000001
114,11,28,13,22,2,07信義區,信義區忠孝東路5段451號,0,0,1,1,C03,8,7,5,50,14,9,1,5,4,5,13,4,4,1,4,5,2,12,2,27,2,9,5,1,7,7,1,10,2,14,100,1,21,121.5761604,25.0408923
114,11,28,13,40,2,03中山區,中山區中山橋與中山北路4段口,0,0,1,1,B03,8,5,5,50,5,1,1,5,4,5,13,1,1,1,5,5,1,15,1,60,3,10,3,4,7,9,1,7,1,1,81,1,21,121.526598,25.07490457
114,11,28,14,15,2,08士林區,士林區通河東街2段5號,0,0,1,1,C03,8,6,5,30,14,9,1,5,4,5,13,4,4,10,5,5,2,16,1,23,3,10,6,1,7,11,1,10,1,14,10,1,26,121.5150625,25.09115998
114,11,28,14,32,2,09北投區,北投區大度路3段燈桿1205136,0,0,1,1,B03,8,7,5,50,14,9,1,5,4,5,13,4,4,1,4,5,2,21,1,74,2,9,7,1,7,9,1,8,2,1,22,1,21,121.470472,25.1229769
114,11,28,14,59,2,12內湖區,內湖區永保街與安康路口側附近228巷口,0,0,1,1,B01,8,6,5,50,3,1,1,5,4,5,13,4,4,4,5,5,2,16,1,53,3,10,7,1,7,6,1,8,1,8,72,1,21,121.603258,25.0640298
114,11,28,15,34,2,07信義區,信義區嘉興街175巷與基隆路口側附近2段口,0,0,1,1,C03,8,6,5,30,3,2,1,5,4,5,13,4,4,3,4,5,2,17,1,21,2,9,6,4,7,6,1,10,2,14,72,1,21,121.5567215,25.0281287
114,11,28,15,37,2,01大同區,大同區市民大道1段與市民大道1段口Y1迴轉道,0,0,1,1,C03,8,6,5,40,5,1,1,5,4,5,13,4,4,1,4,5,2,17,2,19,2,9,6,1,7,14,1,10,1,12,44,1,21,121.5186152,25.0485095
114,11,28,15,37,2,04大安區,大安區仁愛路4段與敦化南路1段口,0,0,1,1,B12,8,6,5,50,4,1,1,5,4,5,13,1,1,10,5,5,2,17,1,39,3,10,7,1,7,5,1,8,1,4,8,1,21,121.5496944,25.037801
114,11,28,16,00,2,03中山區,中山區中山北路2段183巷28號,0,0,1,1,C03,8,7,5,30,14,9,1,5,4,5,13,4,4,10,5,5,2,17,1,45,2,9,5,1,7,1,1,10,1,11,80,1,22,121.5242499,25.06396962
114,11,28,16,02,2,07信義區,信義區基隆路1段與基隆路1段190巷口,0,0,2,1,C03,8,6,5,50,3,2,1,5,4,5,13,4,4,1,4,5,1,12,2,21,2,9,3,4,7,7,1,10,1,14,100,1,22,121.5647039,25.0418219
114,11,28,16,09,2,10文山區,文山區忠順街2段與無名巷口,0,0,1,1,C03,8,5,5,50,3,2,2,5,4,5,13,4,4,5,5,5,2,18,2,69,2,9,3,4,7,1,1,10,2,17,118,1,22,121.5635278,24.9847771
114,11,28,16,20,2,03中山區,中山區北安路與崇實路口,0,0,1,1,B03,8,7,5,50,14,9,1,5,4,5,13,2,1,7,2,5,2,17,2,24,3,10,7,1,7,9,1,8,1,1,108,1,21,121.5449906,25.0797929
114,11,28,16,20,2,03中山區,中山區南京東路2段163號,0,0,2,1,C03,7,7,5,40,14,8,1,5,4,5,13,4,4,8,3,4,1,17,1,57,2,8,5,1,7,8,1,10,9,12,100,2,21,121.5362433,25.0521315
114,11,28,16,24,2,07信義區,信義區市民大道6段與中坡北路口側附近口,0,0,1,1,C03,7,5,5,40,4,2,1,5,4,5,13,2,1,9,4,5,2,16,1,18,3,10,6,4,7,5,1,10,2,17,8,1,21,121.5800892,25.0489189
114,11,28,17,08,2,09北投區,北投區永興路2段與永興路2段33巷口,0,0,1,1,B03,8,6,5,50,3,1,1,5,4,5,13,4,4,9,5,5,2,17,2,31,3,10,7,1,7,2,1,8,9,3,12,1,22,121.5017782,25.1400073
114,11,28,17,13,2,05中正區,中正區重慶北路1段與鄭州路口,0,0,1,1,B12,8,5,5,40,4,1,1,5,4,5,13,1,1,1,4,5,1,17,1,31,4,11,3,4,7,9,1,8,11,2,44,2,21,121.5132579,25.04932
114,11,28,17,16,2,05中正區,中正區羅斯福路4段134號,0,0,1,1,C03,8,5,5,50,14,9,1,5,4,5,13,4,4,3,4,5,2,13,1,24,3,10,5,1,7,9,1,9,1,11,16,1,21,121.5358778,25.0131139
114,11,28,17,20,2,03中山區,中山區建國高架道往北南京上方,0,0,1,1,B03,8,5,5,70,14,9,1,5,4,5,13,4,4,1,4,5,2,13,2,57,3,10,7,1,7,9,1,8,1,1,108,1,22,121.5370977,25.06341959
114,11,28,17,45,2,06松山區,松山區民權大橋往西下橋處(燈桿7510489),0,0,1,1,B03,8,5,5,50,14,9,1,5,4,5,13,4,4,3,4,5,2,17,1,36,3,10,3,4,7,8,1,8,1,2,100,1,22,121.5671727,25.0634393
114,11,28,17,48,2,05中正區,中正區和平西路1段與福州街口,0,0,2,1,C03,8,7,5,50,4,2,1,5,4,5,13,1,1,1,4,5,2,17,1,50,2,9,5,1,7,9,1,10,1,11,16,1,22,121.5155476,25.0273461
114,11,28,18,00,2,01大同區,大同區延平北路4段與酒泉街口,0,0,2,1,B03,7,5,5,50,4,1,1,5,4,5,13,2,1,8,3,4,1,16,2,40,3,10,3,4,7,6,1,8,1,5,9,1,21,121.5110086,25.0721285
114,11,28,18,03,2,03中山區,中山區民族東路與濱江街180巷口,0,0,1,1,B01,8,5,5,50,4,1,1,5,4,5,13,1,1,10,5,5,2,16,1,52,3,10,7,1,7,5,1,4,2,5,8,1,26,121.5222901,25.05799169
114,11,28,18,18,2,01大同區,大同區延平北路4段與迪化街2段口,0,0,1,1,C03,8,5,5,50,5,4,1,5,4,5,13,1,1,5,4,5,2,13,1,76,3,10,6,1,7,9,1,10,1,11,16,1,21,121.511489,25.073869
114,11,28,18,21,2,04大安區,大安區仁愛路3段與新生南路1段口,0,0,2,1,H01,8,5,5,50,4,2,1,5,4,5,13,2,1,1,3,4,1,9,1,55,2,9,4,5,8,20,8,20,10,16,122,1,21,121.5333962,25.0378518
114,11,28,18,38,2,10文山區,文山區萬美街1段51號,0,0,1,1,A02,8,5,5,50,14,9,1,5,4,5,13,4,4,5,5,5,2,9,1,54,3,10,7,1,7,12,1,2,1,17,44,1,21,121.568392,25.0024331
114,11,28,18,45,2,12內湖區,內湖區內湖路2段與成功路3段174巷口,0,0,1,1,B03,8,5,5,50,4,2,1,5,4,5,13,2,1,5,5,5,2,17,2,64,3,10,7,1,7,5,1,8,1,5,8,1,21,121.5900005,25.08196188
114,11,28,18,52,2,02萬華區,萬華區華江橋機慢車道往新北,0,0,1,1,,8,5,5,40,14,11,1,5,4,5,13,4,4,10,5,5,2,17,4,0,,,,,,,,,11,,119,2,,121.4948244,25.0383505
114,11,28,18,52,2,04大安區,大安區忠孝東路3段1號旁,0,0,1,1,B01,8,5,8,50,14,9,1,5,4,5,13,4,4,10,3,5,1,17,1,67,3,10,3,4,7,15,1,4,1,2,100,1,21,121.535145,25.0422511
114,11,28,18,56,2,06松山區,松山區塔悠路與八德路4段口,0,0,2,1,B03,7,5,5,50,5,1,1,5,4,5,13,2,1,1,4,5,2,12,1,32,3,10,3,4,7,11,1,8,1,4,10,1,21,121.5721421,25.0501029
114,11,28,19,00,2,10文山區,文山區羅斯福路5段136-1號,0,0,1,1,C03,7,5,5,50,14,9,1,5,4,5,13,4,4,1,4,5,2,17,2,34,2,9,5,1,7,9,1,10,2,15,16,1,22,121.5388656,25.0058299
114,11,28,19,07,2,03中山區,中山區北安路87巷與北安路口,0,0,1,1,B03,8,5,5,50,3,1,1,5,4,5,13,3,1,9,4,5,2,17,2,38,3,10,7,1,7,5,1,8,1,2,71,1,21,121.5289748,25.077853
114,11,28,19,12,2,03中山區,中山區復興北路202號,0,0,2,1,C03,8,5,5,50,14,9,1,5,4,5,13,4,4,1,4,5,2,18,1,35,2,9,6,1,7,9,1,10,2,12,42,1,26,121.5440234,25.05559343
114,11,28,19,20,2,08士林區,士林區至善路2段3號,0,0,1,1,C03,8,5,5,40,14,7,1,5,4,5,13,4,4,1,4,4,2,17,2,41,2,9,3,4,7,7,1,10,1,14,100,1,22,121.5436671,25.0972148
114,11,28,19,40,2,02萬華區,萬華區西園路1段與桂林路口,0,0,1,1,B03,7,5,5,50,5,2,1,5,4,5,13,2,1,5,5,4,2,17,2,78,3,10,7,1,7,9,1,8,2,1,108,1,21,121.5001477,25.0384774
114,11,28,20,22,2,11南港區,南港區松河街與南港路3段220巷口口,0,0,2,1,C03,7,5,5,50,3,1,1,5,4,5,13,4,4,9,5,5,2,16,1,24,2,7,3,4,7,5,1,10,1,11,74,1,22,121.5850163,25.0533928
114,11,28,20,36,2,04大安區,大安區基隆路4段與基隆路4段73巷口,0,0,1,1,B12,8,5,8,50,4,2,1,5,4,5,13,2,1,8,3,4,1,17,2,62,3,10,3,4,7,15,1,8,1,2,44,1,21,121.5398893,25.0130114
114,11,28,20,40,2,08士林區,士林區中山北路5段與劍潭路口,0,0,1,1,B03,8,5,5,50,4,1,1,5,4,5,13,2,1,4,3,5,1,17,1,38,3,10,3,4,7,8,1,8,1,2,101,1,21,121.5253575,25.0841761
114,11,28,21,04,2,05中正區,中正區林森北路與北平東路口,0,0,1,1,C03,8,5,5,50,4,1,1,5,4,5,13,2,1,9,4,5,2,16,1,21,3,10,5,1,7,9,1,10,2,12,17,1,21,121.5237152,25.0464226
114,11,28,21,22,2,05中正區,中正區三元街與南海路口,0,0,3,1,C03,8,5,5,50,4,1,1,5,4,5,13,2,1,3,4,5,2,17,1,27,2,9,5,1,7,9,1,10,1,11,108,1,21,121.5090311,25.0294958
114,11,28,21,25,2,03中山區,中山區南京東路2段與松江路口,0,0,1,1,B03,8,5,5,50,4,2,1,5,4,5,13,2,1,1,4,5,2,17,1,74,3,10,7,1,7,7,1,8,2,7,100,1,21,121.5331505,25.05182887
114,11,28,21,35,2,07信義區,信義區忠孝東路5段236巷45弄與松德路168巷12弄口口,0,0,2,1,C03,8,5,5,50,3,2,1,5,4,5,13,4,4,5,5,5,2,13,1,52,2,8,6,1,7,9,1,10,1,11,108,1,22,121.5734858,25.0375653
114,11,28,21,50,2,09北投區,北投區吉利街與承德路7段342巷26弄口,0,0,2,1,C03,8,5,5,30,4,2,1,5,4,3,10,4,4,10,4,5,2,16,1,25,2,7,3,4,7,5,1,10,2,11,72,1,26,121.5050606,25.1181392
114,11,28,22,17,2,03中山區,中山區林森北路與南京東路1段口,0,0,1,1,C03,8,5,5,50,14,9,1,5,4,5,13,2,1,1,4,5,2,13,1,31,2,9,6,1,7,9,1,9,1,11,107,1,21,121.5253245,25.0527031
114,11,28,22,34,2,03中山區,中山區中山北路2段與民權西路口,0,0,1,1,A04,8,6,5,50,4,1,1,5,4,5,13,2,1,1,4,5,2,11,1,47,3,10,7,1,7,9,1,2,2,2,44,1,21,121.5224817,25.0628802
114,11,28,22,40,2,01大同區,大同區塔城街往北第2燈桿,0,0,1,1,B03,8,5,5,50,14,9,1,5,4,5,13,4,4,8,3,5,2,17,1,33,3,10,7,1,7,8,1,8,1,6,100,1,21,121.5102811,25.0489009
114,11,28,23,28,2,03中山區,中山區中原街與新生北路3段3巷口,0,0,1,1,B01,8,5,5,30,4,1,1,5,4,5,13,4,4,9,5,5,2,17,1,36,3,10,7,1,7,9,1,4,1,8,72,1,21,121.5289886,25.06308499
114,11,28,23,41,2,02萬華區,萬華區光復橋往新北,0,0,1,1,C03,8,5,5,50,8,9,1,5,4,5,13,4,4,1,1,5,2,18,1,43,2,9,5,1,7,6,1,10,6,14,108,1,21,121.490411,25.0242168
114,11,28,23,55,2,07信義區,信義區松山路與松山路292巷口,0,0,2,1,C04,8,5,5,50,3,2,1,5,4,5,13,1,1,1,4,5,2,17,2,28,2,9,3,4,7,5,1,4,1,13,44,1,21,121.5777796,25.0432416
114,11,29,00,06,2,03中山區,中山區長安東路1段與吉林路口,0,0,1,1,B03,8,5,5,50,4,1,1,5,4,5,13,2,1,5,4,5,2,17,1,17,3,10,7,1,7,5,2,18,2,1,8,1,21,121.5305459,25.0483807
114,11,29,00,40,2,07信義區,信義區光復南路491號,0,0,1,1,B01,8,5,5,50,14,9,1,5,4,5,13,1,1,1,4,5,2,14,1,61,3,10,3,4,7,2,1,4,1,3,12,1,21,121.5575151,25.0327227
114,11,29,00,51,2,11南港區,南港區興中路與興中路28巷口,0,0,2,1,B03,8,5,5,30,3,1,1,5,4,5,13,4,4,4,3,5,2,15,1,44,3,10,3,1,7,11,1,8,2,2,74,1,21,121.6072333,25.0556137
114,11,29,01,31,2,03中山區,中山區北安路139號,0,0,1,1,C03,8,5,5,50,18,9,1,5,4,5,13,4,4,5,4,4,1,16,1,47,3,10,6,1,7,9,1,10,1,12,17,1,21,121.5326565,25.0781794
114,11,29,01,42,2,11南港區,南港區忠孝東路6段382號,0,0,2,1,C03,8,5,5,50,14,9,1,5,4,5,13,4,4,3,4,5,2,12,2,18,2,7,5,1,7,1,1,10,1,14,80,1,22,121.5919078,25.0498602
114,11,29,05,23,2,08士林區,士林區福國路與文林路口,0,0,3,1,C03,8,5,8,50,22,22,1,5,4,5,13,2,1,1,5,5,1,17,1,18,2,9,5,1,7,9,1,10,1,11,16,1,21,121.521717,25.10150271
114,11,29,07,09,2,06松山區,松山區光復北路11巷與南京東路5段66巷口,0,0,3,1,H01,8,6,5,30,4,2,1,5,4,5,13,2,1,8,3,5,1,3,2,61,2,9,4,5,8,18,8,20,10,16,121,1,21,121.5606059,25.0501381
114,11,29,08,30,2,03中山區,中山區中山北路3段85號臺北藝術園區工地前,0,0,2,1,C03,8,6,5,50,14,9,1,5,4,5,13,4,4,9,4,5,2,13,1,22,2,7,6,4,7,9,1,10,2,11,108,1,25,121.5229163,25.06879007
114,11,29,08,58,2,06松山區,松山區民生東路4段與敦化北路199巷口,0,0,1,1,B03,8,6,5,50,3,2,1,5,4,5,13,1,1,1,4,5,2,16,2,40,3,10,7,1,7,6,1,8,1,2,9,1,21,121.5504558,25.0577676
114,11,29,09,15,2,10文山區,文山區辛亥路4段與興德路66巷口,0,0,1,1,B03,8,6,5,50,3,1,1,5,4,5,13,3,1,1,4,5,2,12,2,28,3,10,7,1,7,7,1,8,2,8,100,1,21,121.5566782,25.0042569
114,11,29,09,36,2,08士林區,士林區至善路2段白千層SL0560251164,0,0,1,1,B01,8,6,5,50,14,9,1,5,4,5,13,4,4,1,4,5,2,12,1,56,2,9,7,1,7,8,1,4,1,2,100,1,21,121.5572108,25.1103303
114,11,29,09,38,2,06松山區,松山區民權東路5段與民權東路5段口1號旁無名巷,0,0,1,1,B03,8,7,5,50,3,1,1,5,4,5,13,2,1,1,4,5,2,15,1,83,3,10,7,1,7,15,1,8,1,2,71,1,25,121.5648514,25.0631313
114,11,29,09,45,2,08士林區,士林區百齡橋往重慶北,0,0,2,1,B01,8,5,5,50,14,9,1,5,4,5,13,4,4,1,4,5,2,13,1,66,3,10,7,1,7,9,1,8,1,1,16,1,21,121.5122354,25.08798495
114,11,29,09,47,2,03中山區,中山區中山北路2段與南京西路口,0,0,1,1,B02,8,6,5,50,4,1,1,5,4,5,13,2,1,1,5,1,1,13,1,32,3,10,3,4,7,9,1,8,1,5,108,1,21,121.5224696,25.0525301
114,11,29,09,50,2,01大同區,大同區民生西路與太原路口,0,0,1,1,B03,8,6,5,50,4,1,1,5,4,5,13,2,1,4,4,5,2,17,1,72,3,10,3,4,7,8,1,8,2,1,100,1,21,121.5170754,25.0572586
114,11,29,09,53,2,01大同區,大同區涼州街與保安街49巷口,0,0,2,1,C03,8,7,5,50,3,2,1,5,4,5,13,4,4,5,4,5,2,13,1,48,2,9,3,4,7,9,1,10,1,11,42,1,21,121.5119634,25.0607085
114,11,29,09,53,2,04大安區,大安區金山南路2段52號,0,0,3,1,B01,8,6,5,50,14,9,1,5,4,5,13,4,4,10,4,5,2,13,1,61,2,9,7,1,7,9,1,4,1,1,44,1,21,121.5269464,25.0325371
114,11,29,10,10,2,02萬華區,萬華區堤外便道自行車專用道近中興橋（燈桿3014303號）,0,0,2,1,F01,8,6,7,30,14,23,1,5,4,5,13,4,4,10,5,5,2,17,1,32,2,9,5,1,7,9,8,20,1,12,44,1,21,121.5086922,25.0514742
114,11,29,10,16,2,09北投區,北投區明德路與明德路150巷口,0,0,2,1,C03,8,7,5,50,3,1,1,5,4,5,13,2,1,5,5,5,2,16,1,47,2,9,6,1,7,11,1,10,1,12,10,1,22,121.5209469,25.1108689
114,11,29,10,40,2,09北投區,北投區新民路66號與新民路口康樂巷口,0,0,1,1,C03,8,7,5,40,14,9,1,5,4,5,13,4,4,9,5,5,1,17,1,32,2,9,6,1,7,5,1,10,1,14,8,1,22,121.5109992,25.1401696
114,11,29,10,43,2,06松山區,松山區民生東路3段127巷與民生東路3段口,0,0,2,1,B03,8,6,5,30,3,1,1,5,4,5,13,4,4,9,4,5,2,17,1,56,3,10,3,4,7,6,1,8,2,5,99,1,22,121.5474329,25.0578795
114,11,29,11,34,2,06松山區,松山區延吉街16號,0,0,2,1,F01,8,6,5,50,14,9,1,5,4,5,13,4,4,5,5,5,2,17,1,55,2,9,4,1,7,11,8,20,2,14,99,1,21,121.553467,25.0469636
114,11,29,11,39,2,04大安區,大安區忠孝東路3段251巷與忠孝東路3段251巷1弄口,0,0,1,1,F01,8,6,5,30,4,1,1,5,4,5,13,4,4,10,5,5,1,15,2,69,2,1,3,4,7,9,8,20,1,13,72,1,21,121.5416397,25.042042
114,11,29,11,39,2,08士林區,士林區臨溪路與至善路1段138巷口,0,0,3,1,F01,8,5,5,50,3,2,1,5,4,5,13,4,4,5,5,5,2,17,1,20,2,7,4,1,7,5,8,20,2,14,80,1,25,121.5434467,25.096057
114,11,29,11,46,2,12內湖區,內湖區康樂街136巷3弄2號,0,0,1,1,C03,8,7,5,30,3,2,1,5,4,5,13,4,4,10,5,5,2,16,2,75,2,9,5,1,7,1,1,10,1,14,19,1,21,121.6188148,25.0719134
114,11,29,12,08,2,08士林區,士林區德行東路21號前,0,0,1,1,H01,8,6,5,50,14,9,1,5,4,5,13,4,4,9,5,5,2,29,3,0,,,,,,,,,,,67,1,,121.5258702,25.1068485
114,11,29,12,12,2,02萬華區,萬華區桂林路與貴陽街2段164巷口,0,0,1,1,B03,8,7,5,50,3,1,1,5,4,5,13,4,4,9,5,4,2,13,1,36,3,10,7,1,7,9,1,8,1,8,44,1,21,121.5010751,25.0384179
114,11,29,12,19,2,05中正區,中正區金門街與晉江街口口,0,0,2,1,C03,8,6,5,30,4,1,1,5,4,5,13,4,4,10,5,5,1,15,1,63,2,1,6,1,7,9,1,10,2,11,72,1,21,121.5248875,25.02313
114,11,29,12,41,2,03中山區,中山區市民大道3段167號,0,0,1,1,C03,8,7,6,40,14,9,1,5,4,5,13,4,4,1,4,5,2,12,2,71,3,10,5,1,7,9,1,10,1,12,116,1,22,121.5405629,25.0446146
114,11,29,12,47,2,05中正區,中正區水源快速道路95號燈桿處,0,0,3,1,B03,8,6,5,50,14,9,1,5,4,5,13,4,4,2,4,5,1,13,1,29,2,1,7,1,7,9,1,8,2,1,108,1,21,121.5264654,25.01452352
114,11,29,12,55,2,09北投區,北投區大度路3段6510010號燈桿,0,0,1,1,B03,8,7,5,50,14,9,1,5,4,5,13,4,4,1,4,5,2,13,1,70,3,10,7,1,7,9,1,8,1,1,42,1,22,121.4652702,25.1235163
114,11,29,13,13,2,03中山區,中山區中山北路2段與民權東路1段口,0,0,2,1,B01,8,6,5,50,4,1,1,5,4,5,13,1,1,1,4,5,2,12,1,58,3,10,3,4,7,8,1,4,1,2,100,1,22,121.5231058,25.0628463
114,11,29,13,24,2,09北投區,北投區中和街與中和街390巷口,0,0,1,1,B03,8,7,5,50,4,1,1,5,4,5,13,4,4,5,5,5,2,13,1,35,4,11,3,4,7,15,1,8,9,6,42,2,21,121.498317,25.1431282
114,11,29,13,38,2,07信義區,信義區松壽路2號,0,0,1,1,C03,8,6,5,50,14,9,1,5,4,5,13,4,4,5,4,5,2,16,1,19,2,9,6,4,7,5,1,10,1,13,8,1,21,121.5629532,25.0359908
114,11,29,13,49,2,03中山區,中山區民生東路3段與建國北路2段口,0,0,1,1,A02,8,7,5,50,4,2,1,5,4,5,13,1,1,1,4,5,2,9,1,27,3,10,7,1,7,9,1,2,1,17,118,1,22,121.5373834,25.0579575
114,11,29,13,53,2,04大安區,大安區忠孝東路3段與復興南路1段口,0,0,2,1,C03,8,6,5,50,4,2,1,5,4,5,13,1,1,9,4,5,1,13,2,56,2,1,3,4,7,9,1,10,1,11,16,1,21,121.5436999,25.0420281
114,11,29,13,55,2,09北投區,北投區承德路7段401巷200號,0,0,1,1,B12,8,7,5,30,14,9,1,5,4,5,13,4,4,10,5,5,2,16,1,63,3,10,7,1,7,5,1,8,1,8,8,1,21,121.4997599,25.11501357
114,11,29,14,00,2,02萬華區,萬華區堤外便道與桂林路口水門口,0,0,1,1,B03,8,7,5,40,4,1,1,5,4,5,13,1,1,10,5,5,2,17,2,49,3,10,7,1,7,6,1,8,11,17,44,1,21,121.4959088,25.0390456
114,11,29,14,07,2,07信義區,信義區市民大道6段與虎林街口,0,0,1,1,C03,8,7,5,40,14,9,1,5,4,5,13,4,4,10,3,5,2,12,2,21,2,9,5,1,7,7,1,10,1,14,100,1,21,121.5756632,25.0491958
114,11,29,14,08,2,07信義區,信義區信安街200號,0,0,2,1,C03,8,6,5,50,14,9,1,5,4,5,13,4,4,8,5,5,2,12,1,36,3,10,6,1,7,1,1,10,1,11,19,1,21,121.5548943,25.0226295
114,11,29,15,10,2,04大安區,大安區信義路3段41號對面(往東),0,0,1,1,C03,8,6,5,50,14,9,1,5,4,5,13,4,4,4,4,5,2,13,2,68,2,9,5,1,7,9,1,10,1,11,42,1,22,121.5353838,25.0334354
114,11,29,15,42,2,04大安區,大安區和平東路1段與金山南路2段口,0,0,3,1,C03,8,6,5,50,3,1,1,5,4,5,13,1,1,10,5,5,2,17,1,40,2,7,6,1,7,9,1,10,1,14,44,1,21,121.5259594,25.0269337
114,11,29,15,50,2,07信義區,信義區光復南路271號,0,0,2,1,C03,8,7,5,50,14,9,1,5,4,5,13,4,4,1,4,5,2,18,1,27,2,9,5,1,7,9,1,10,1,14,16,1,21,121.5577016,25.0406782
114,11,29,16,03,2,03中山區,中山區中山北路4段新生高架匝道,0,0,2,1,C03,8,6,5,50,14,9,1,5,4,5,13,1,1,9,4,5,2,13,1,45,2,8,5,4,7,9,1,10,1,11,16,1,21,121.5249697,25.07696993
114,11,29,16,10,2,08士林區,士林區中正路與重慶北路4段口,0,0,3,1,C03,8,6,5,50,3,2,1,5,4,5,13,1,1,10,4,5,2,17,1,33,2,9,6,1,6,9,6,10,1,12,17,1,26,121.5116442,25.08769666
114,11,29,16,10,2,07信義區,信義區基隆路1段與忠孝東路4段口,0,0,1,1,B03,8,6,5,50,4,1,1,5,4,5,13,2,1,1,4,5,1,16,1,33,3,10,3,4,7,6,1,8,1,8,44,1,22,121.5644277,25.0413895
114,11,29,17,02,2,05中正區,中正區北平東路30-1號對面,0,0,1,1,B03,8,6,5,50,14,9,1,5,4,5,13,4,4,9,4,5,2,11,1,23,3,10,7,1,7,1,1,8,2,5,19,1,21,121.5263036,25.0457997
114,11,29,17,21,2,02萬華區,萬華區堤外便道北向南接近華江橋,0,0,4,1,C03,8,5,5,40,14,7,1,5,4,5,13,4,4,5,4,5,2,12,1,19,2,9,5,1,7,1,1,10,1,14,44,1,22,121.4881965,25.030935
114,11,29,17,25,2,12內湖區,內湖區潭美街331號,0,0,1,1,C03,8,5,5,40,14,9,1,2,4,5,13,4,4,5,5,5,2,29,2,41,2,9,6,1,7,9,1,10,1,17,44,1,21,121.5899543,25.0587367
114,11,29,17,44,2,04大安區,大安區建國南路1段57-1號,0,0,1,1,C03,8,5,5,50,14,9,1,5,4,5,13,4,4,10,4,5,2,17,2,27,2,8,5,1,7,8,1,10,1,12,100,1,22,121.536897,25.0443249
114,11,29,18,06,2,08士林區,士林區仰德大道1段101號附近側附近下山方向,0,0,1,1,A02,8,5,5,40,14,9,1,5,4,5,13,4,4,4,5,5,1,12,1,59,3,10,7,1,7,8,1,2,1,17,101,1,22,121.5384001,25.1040042