發生年度,發生月,發生日,發生時-Hours,發生分,處理別-編號,區序,肇事地點,死亡人數,2-30日死亡人數,受傷人數,當事人序號,車種,天候,光線,道路類別,速限-速度限制,道路型態,事故位置,路面狀況1,路面狀況2,路面狀況3,道路障礙1,道路障礙2,號誌1,號誌2,車道劃分-分向,車道劃分-分道1,車道劃分-分道2,車道劃分-分道3,事故類型及型態,性別,年齡,受傷程度,主要傷處,保護裝置,行動電話,車輛用途,當事者行動狀態,駕駛資格情形,駕駛執照種類,飲酒情形,車輛撞擊部位1,肇因碼-個別,個人肇逃否,職業,座標-X,座標-Y
114,11,29,18,25,2,08士林區,士林區通河西街2段254號,0,0,1,1,C03,8,5,5,40,12,9,1,5,4,5,13,4,4,9,4,5,1,11,2,57,4,11,3,4,7,9,1,10,11,14,4,2,21,121.4981837,25.094117
114,11,29,18,51,2,02萬華區,萬華區內江街與昆明街口,0,0,1,1,C03,7,5,5,50,4,2,1,5,4,5,13,2,1,9,4,5,2,17,2,17,3,10,6,2,7,9,2,18,1,11,110,1,21,121.5045954,25.041542
114,11,29,19,06,2,02萬華區,萬華區西昌街與貴陽街2段口,0,0,1,1,B03,8,6,5,50,4,1,1,5,4,5,13,2,1,5,5,5,2,13,1,43,3,10,7,1,7,9,1,8,7,1,21,1,21,121.5006543,25.0402241
114,11,29,19,19,2,08士林區,士林區中正路與承德路5段口,0,0,1,1,B03,7,5,5,30,4,1,1,5,4,5,13,1,1,4,4,5,1,17,1,41,3,10,7,1,7,6,1,8,2,5,98,1,21,121.5162957,25.0911596
114,11,29,20,33,2,01大同區,大同區鄭州路137號,0,0,1,1,C03,7,5,5,40,14,9,1,5,4,5,13,4,4,1,4,5,2,17,1,27,2,7,5,4,7,9,1,10,1,11,16,1,21,121.5102562,25.0503244
114,11,29,20,33,2,11南港區,南港區忠孝東路7段與忠孝東路7段325巷口口,0,0,1,1,B03,8,5,5,50,3,1,1,5,4,5,13,2,1,1,4,5,2,11,2,56,3,10,3,4,7,12,1,8,1,1,71,1,21,121.6054201,25.0519694
114,11,29,22,18,2,01大同區,大同區承德路3段與敦煌路口,0,0,1,1,B03,8,6,5,50,14,9,1,5,4,5,13,2,1,9,4,4,2,17,2,49,3,10,7,4,7,6,1,8,1,2,85,1,21,121.5200623,25.0753093
114,11,29,22,31,2,07信義區,信義區市民高架道與環東大道北口燈桿編號:6510876,0,0,1,1,C01,7,5,5,60,11,9,1,5,4,5,13,4,4,9,4,5,1,18,1,30,2,9,6,4,7,9,1,9,1,12,44,1,21,121.5672096,25.045822
114,11,29,23,15,2,08士林區,士林區延平北路5段與葫蘆街口,0,0,1,1,B03,7,5,5,50,3,2,1,5,4,5,13,2,1,1,4,5,1,17,2,24,3,10,7,1,7,5,1,8,1,2,71,1,21,121.5098854,25.08412096
114,11,30,00,10,2,02萬華區,萬華區萬大路與華中橋口機車道,0,0,1,1,B03,8,5,8,50,22,22,1,5,4,5,13,4,4,1,4,5,2,17,1,64,3,10,7,4,7,7,1,6,4,5,101,1,21,121.4971741,25.01899057
114,11,30,00,31,2,12內湖區,內湖區內湖路2段與成功路3段174巷口,0,0,1,1,C03,8,5,5,50,4,1,1,5,4,5,13,3,1,9,4,5,2,16,1,28,3,10,6,1,7,9,1,10,2,11,84,1,21,121.5902831,25.0822645
114,11,30,07,17,2,02萬華區,萬華區桂林路與貴陽街2段164巷口,0,0,2,1,H01,8,6,5,40,14,8,1,5,4,5,13,4,4,5,4,4,1,9,2,85,2,9,4,5,8,16,8,20,10,16,121,1,22,121.5011206,25.0383893
114,11,30,07,58,2,04大安區,大安區和平東路1段與和平東路1段41巷口口,0,0,3,1,C03,8,6,5,50,3,1,1,5,4,5,13,2,1,1,4,5,2,13,2,37,2,9,5,1,7,9,1,10,1,11,16,1,21,121.5236895,25.0269166
114,11,30,08,52,2,08士林區,士林區中正路與福港街18巷口口,0,0,1,1,C03,8,6,5,40,3,1,1,5,4,5,13,4,4,10,4,5,2,17,2,28,3,10,6,1,7,6,1,10,1,17,9,1,21,121.517259,25.09065458
114,11,30,09,19,2,01大同區,大同區環河北路2段與酒泉街口,0,0,1,1,A11,8,6,5,60,14,7,1,5,4,5,13,4,4,1,4,5,2,17,1,25,3,10,7,1,7,8,1,1,2,5,100,1,21,121.5090191,25.0726526
114,11,30,10,10,2,05中正區,中正區惠安街與中華路2段309巷口,0,0,2,1,F01,8,7,5,30,3,1,1,5,4,5,13,4,4,10,5,5,2,16,1,18,2,9,4,1,7,5,8,20,1,11,80,1,22,121.5067444,25.0294393
114,11,30,10,20,2,07信義區,信義區基隆路2段與信義路5段口,0,0,1,1,C03,8,6,5,50,4,1,1,5,4,5,13,1,1,3,3,5,2,17,1,29,2,9,6,1,7,9,1,9,1,11,81,1,21,121.5596271,25.0329524
114,11,30,10,40,2,05中正區,中正區汀州路3段與汀州路3段200巷口口,0,0,1,1,F01,8,6,5,50,3,1,1,5,4,5,13,4,4,5,5,5,1,17,2,42,2,8,4,1,7,9,8,20,1,11,42,1,21,121.535519,25.0119777
114,11,30,10,45,2,11南港區,南港區東新街170巷與東新街170巷口37號停車場出入口,0,0,1,1,B03,8,6,5,40,3,1,1,5,4,5,13,4,4,8,3,5,2,16,1,29,3,10,3,4,7,5,1,8,1,4,8,1,21,121.5928364,25.0430588
114,11,30,10,47,2,06松山區,松山區八德路2段352號對面,0,0,2,1,C03,8,5,5,50,14,9,1,5,4,5,13,4,4,8,3,5,2,13,2,36,2,8,5,1,7,9,1,10,1,11,44,1,22,121.5452485,25.0479464
114,11,30,11,03,2,04大安區,大安區市民大道3段與安東街口,0,0,1,1,B03,8,6,5,40,3,2,1,5,4,5,13,2,1,9,4,5,1,16,2,49,3,10,3,4,7,6,1,8,1,2,71,1,21,121.5424055,25.0445487
114,11,30,11,13,2,06松山區,松山區八德路4段245巷56弄8號,0,0,1,1,C04,8,6,5,30,14,9,1,5,4,5,13,4,4,10,5,5,2,17,1,29,3,10,6,1,7,2,1,10,1,13,42,1,21,121.5637349,25.0507712
114,11,30,12,04,2,09北投區,北投區光明路2巷21號,0,0,1,1,C03,8,6,5,50,14,9,1,5,4,5,13,4,4,8,3,5,2,16,2,25,2,7,6,1,7,5,1,10,9,14,8,1,22,121.4993283,25.1315766
114,11,30,12,43,2,09北投區,北投區杏林二路與杏林二路60巷口,0,0,2,1,C03,8,7,5,30,4,1,1,5,4,3,13,4,4,10,5,5,2,15,1,32,2,9,5,1,7,9,1,10,1,14,72,1,22,121.4970046,25.1423663
114,11,30,12,45,2,08士林區,士林區士東路與士東路200巷口,0,0,1,1,B03,8,6,5,50,4,1,1,5,4,5,13,1,1,1,4,4,1,16,1,68,3,10,3,4,7,11,1,8,2,1,71,1,22,121.5334701,25.1127638
114,11,30,13,37,2,07信義區,信義區松德路與松德路133巷口,0,0,1,1,B02,8,6,5,50,4,2,1,5,4,5,13,2,1,1,4,4,2,12,1,38,3,10,3,4,7,9,1,8,1,2,17,1,21,121.5750894,25.0375067
114,11,30,13,49,2,03中山區,中山區樂群三路303號與樂群三路口停車場出入口,0,0,1,1,B03,7,6,5,50,5,2,1,5,4,5,13,4,4,9,3,5,1,17,1,40,3,10,7,1,7,6,1,8,1,2,9,1,21,121.5598955,25.0825613
114,11,30,14,05,2,05中正區,中正區重慶南路2段與重慶南路2段6巷口口,0,0,1,1,C03,8,6,5,50,4,1,1,5,4,5,13,3,1,1,4,4,1,17,2,22,2,7,6,1,7,5,1,10,2,12,72,1,21,121.5130585,25.0339464
114,11,30,14,06,2,03中山區,中山區市民大道2段65號,0,0,1,1,C03,8,6,5,40,14,9,1,5,4,5,13,4,4,9,5,4,2,12,2,18,2,8,5,4,7,7,1,10,1,14,100,1,21,121.529796,25.0463761
114,11,30,14,40,2,05中正區,中正區中華路1段與漢口街1段口,0,0,1,1,A02,8,6,5,50,14,9,1,5,4,5,13,4,4,1,4,5,2,17,1,52,3,10,7,1,7,14,1,2,9,17,38,1,21,121.509257,25.0447711
114,11,30,15,00,2,03中山區,中山區中山北路3段往大直方向機車專用道,0,0,1,1,C03,8,7,5,50,14,11,1,5,4,5,13,4,4,10,4,5,2,18,1,42,2,8,6,1,7,9,1,10,2,12,42,1,21,121.5271459,25.0756471
114,11,30,15,00,2,12內湖區,內湖區成功路5段466號前,0,0,1,1,C03,7,6,5,50,14,9,1,5,4,5,13,1,1,1,4,5,2,13,1,19,3,10,6,1,7,9,1,10,2,11,16,1,21,121.6064159,25.0730783
114,11,30,15,24,2,01大同區,大同區萬全街103巷與歸綏街口口,0,0,2,1,C03,6,6,5,30,4,1,1,4,4,5,10,4,4,10,5,5,2,15,2,56,2,9,6,1,7,9,1,10,1,11,72,1,21,121.5162175,25.0587084
114,11,30,15,43,2,06松山區,松山區民權東路4段121號,0,0,2,1,C03,6,6,5,40,22,8,1,4,4,5,13,1,1,1,4,4,2,13,1,54,2,9,6,1,7,9,1,9,2,11,16,1,22,121.5591524,25.06239687
114,11,30,16,17,2,01大同區,大同區民生西路與重慶北路2段口,0,0,1,1,B03,6,6,5,50,4,1,1,4,4,5,13,1,1,5,2,5,1,17,1,36,3,10,7,1,7,6,1,8,2,8,108,1,21,121.5139094,25.0570727
114,11,30,16,48,2,05中正區,中正區中華路1段與漢口街1段口,0,0,2,1,C03,7,5,5,50,5,2,1,4,4,5,13,1,1,1,3,5,2,15,2,60,2,9,5,1,7,9,1,10,2,12,42,1,21,121.5093416,25.04521122
114,11,30,16,49,2,06松山區,松山區民生東路3段130巷與民生東路3段130巷5弄口,0,0,1,1,B02,6,6,5,30,4,1,1,4,4,5,13,4,4,10,5,5,2,17,1,38,3,10,7,1,7,9,1,8,1,17,72,1,21,121.5462081,25.0570302
114,11,30,16,59,2,05中正區,中正區忠孝東路2段與忠孝東路2段121巷口,0,0,1,1,B03,6,5,5,50,3,1,1,4,4,5,13,4,4,1,4,5,2,16,1,40,3,10,7,1,7,6,1,8,1,2,9,1,22,121.5321455,25.04260928
114,11,30,17,30,2,12內湖區,內湖區康寧路3段75巷137號前,0,0,1,1,B03,6,5,5,30,12,9,1,4,4,5,13,3,1,5,5,5,2,17,1,20,3,10,7,1,7,14,1,8,2,4,40,1,21,121.6099744,25.0749456
114,11,30,17,44,2,09北投區,北投區石牌路1段與石牌路2段口,0,0,1,1,C03,6,5,5,50,4,1,1,4,4,5,13,1,1,1,4,5,2,16,2,22,2,8,5,1,7,9,1,10,1,14,42,1,22,121.5151799,25.1154185
114,11,30,18,14,2,12內湖區,內湖區內湖路2段300號,0,0,2,1,C03,6,5,5,50,14,9,1,4,4,5,13,4,4,4,5,5,2,16,1,32,2,9,6,4,7,5,1,10,2,12,94,1,21,121.5864439,25.0810877
114,11,30,18,20,2,01大同區,大同區延平北路4段與敦煌路口,0,0,2,1,C03,6,5,5,50,4,1,1,4,4,5,13,2,1,9,4,5,2,16,2,38,2,9,5,1,7,5,1,10,1,11,80,1,21,121.5120484,25.0764281
114,11,30,19,24,2,06松山區,松山區三民路與三民路113巷口,0,0,2,1,C03,8,5,5,50,4,1,1,5,4,5,13,2,1,1,4,5,2,17,1,24,2,9,6,1,7,9,1,10,1,11,99,1,21,121.5634285,25.0580362
114,11,30,20,10,2,08士林區,士林區仰德大道1段與至誠路1段口,0,0,1,1,B03,7,5,5,50,5,1,1,4,4,5,13,2,1,5,4,5,2,17,1,51,3,10,3,4,7,9,1,8,1,1,81,1,22,121.5375575,25.10078536
114,11,30,20,41,2,04大安區,大安區忠孝東路3段與復興南路1段口,0,0,2,1,C03,8,5,5,50,4,4,1,5,4,5,13,2,1,9,5,5,2,13,1,40,2,7,5,1,7,9,1,10,1,11,16,1,21,121.5434009,25.0415565
114,11,30,22,00,2,03中山區,中山區民權東路2段57號,0,0,1,1,C03,8,5,5,50,14,9,1,5,4,5,13,4,4,9,4,5,1,17,1,36,2,8,6,1,7,15,1,10,1,12,108,1,21,121.5307493,25.0626459
114,11,30,22,35,2,03中山區,中山區大直橋與美堤河濱公園口上方,0,0,1,1,B02,7,5,5,50,14,9,1,5,4,5,13,4,4,2,4,5,2,12,2,18,3,10,7,1,7,7,1,8,1,4,100,1,21,121.5442968,25.07706519
114,11,30,22,36,2,03中山區,中山區北安路與通北街口,0,0,1,1,B03,7,5,5,50,4,1,1,5,4,5,13,1,1,10,4,5,2,17,1,24,3,10,7,1,7,5,1,8,2,6,71,1,21,121.5420928,25.0796029
114,11,30,23,50,2,03中山區,中山區明水路387號,0,0,1,1,A41,7,5,5,50,14,9,1,5,4,5,13,4,4,10,4,5,2,17,1,33,3,10,7,1,7,9,1,1,1,17,116,1,21,121.5462311,25.0773983
114,12,01,01,05,2,02萬華區,萬華區康定路25巷與成都路133巷口,0,0,2,1,C03,7,5,5,30,4,1,1,5,4,5,13,4,4,10,5,5,2,17,4,0,,,,,,,,,11,,,,,121.5036952,25.0438173
114,12,01,01,19,2,03中山區,中山區中山橋機慢車專用道,0,0,1,1,C04,7,5,5,50,11,11,1,5,4,5,13,4,4,9,4,5,1,29,2,22,2,8,5,1,7,5,1,8,1,12,42,1,21,121.526277,25.0744102
114,12,01,05,40,2,09北投區,北投區大業路與中央北路1段口,0,0,1,1,B03,6,5,5,50,4,1,1,4,4,5,13,2,1,1,4,5,2,16,1,80,3,10,7,1,7,5,1,7,2,1,83,1,21,121.4972297,25.1360993
114,12,01,06,55,2,04大安區,大安區信義路3段與信義路3段31巷口,0,0,1,1,B03,7,6,5,30,3,1,1,4,4,5,12,4,4,10,5,5,2,17,4,0,,,,,,,,,11,,119,2,,121.5345646,25.0336765
114,12,01,07,00,2,05中正區,中正區市民高架道往東重慶北上方,0,0,1,1,B03,6,5,5,80,10,7,1,4,4,5,13,4,4,10,3,5,1,17,1,39,2,7,7,1,7,8,1,8,1,5,100,1,21,121.5111105,25.0499726
114,12,01,07,00,2,12內湖區,內湖區堤外便道(3012365號燈桿）,0,0,1,1,B03,6,5,5,50,14,9,1,4,4,5,13,4,4,5,5,5,1,12,2,46,3,10,7,1,7,9,1,8,2,2,1,1,21,121.6135264,25.0653693
114,12,01,07,01,2,05中正區,中正區中華路2段與愛國西路口口,0,0,1,1,B03,6,6,5,50,5,1,1,4,4,5,13,1,1,1,4,5,1,17,1,66,3,10,7,1,7,6,1,8,1,2,9,1,21,121.5069143,25.0373982
114,12,01,07,12,2,01大同區,大同區環河北路1段與民生西路口水門內,0,0,1,1,C03,7,6,5,50,4,2,1,4,4,5,13,2,1,5,5,5,2,18,1,46,2,9,5,1,7,5,1,10,1,14,116,1,22,121.5079986,25.0568096
114,12,01,07,34,2,07信義區,信義區基隆路1段149號,0,0,1,1,C03,6,6,5,50,14,9,1,4,4,5,13,4,4,1,3,5,2,18,2,29,2,8,6,1,7,9,1,10,1,14,44,1,21,121.5654707,25.0425433
114,12,01,07,45,2,07信義區,信義區松山路541巷與松山路541巷14弄口,0,0,1,1,F01,6,7,5,30,4,1,1,4,4,5,13,4,4,10,5,5,2,17,2,67,2,9,4,1,7,5,8,20,1,14,8,1,21,121.5786196,25.0377841
114,12,01,07,48,2,12內湖區,內湖區潭美街與安康路106巷口口,0,0,1,1,B12,7,5,5,40,4,1,1,4,4,5,13,1,1,5,5,5,2,17,1,48,3,10,7,1,7,6,1,8,2,17,80,1,21,121.5992883,25.0606953
114,12,01,08,00,2,05中正區,中正區中山北路1段與北平東路口,0,0,1,1,C03,6,5,5,50,4,1,1,4,4,5,13,1,1,5,4,5,1,17,2,52,2,9,5,1,7,15,1,10,2,12,101,1,21,121.520425,25.0472121
114,12,01,08,15,2,03中山區,中山區建國北路1段80號前迴轉道,0,0,1,1,B03,6,5,5,50,22,6,1,4,4,5,13,2,1,5,4,5,2,17,1,52,3,10,7,1,7,5,1,8,1,8,44,1,21,121.5365985,25.04915327
114,12,01,08,19,2,08士林區,士林區百齡橋燈桿017,0,0,1,1,C03,6,6,5,50,8,11,1,4,4,5,13,4,4,3,2,5,1,18,2,23,2,9,6,1,7,9,1,10,9,12,42,1,22,121.5124212,25.0881228
114,12,01,08,25,2,03中山區,中山區吉林路與松江路108巷口,0,0,1,1,B01,6,5,5,50,4,1,1,4,4,5,13,4,4,5,4,5,2,16,1,64,3,10,7,1,7,11,1,4,1,4,74,1,21,121.5301614,25.0514559
114,12,01,08,30,2,08士林區,士林區通河東街1段167巷24號,0,0,1,1,B02,6,6,5,30,14,9,1,4,4,5,13,4,4,10,5,5,1,17,2,58,3,10,7,1,7,6,1,8,2,2,9,1,21,121.516576,25.08788208
114,12,01,08,30,2,11南港區,南港區忠孝東路7段265巷南港車站停車場出入口,0,0,1,1,B03,6,6,5,50,14,9,1,4,4,5,13,4,4,5,4,5,2,16,1,34,3,10,7,1,7,6,1,8,1,2,9,1,21,121.6035349,25.0519766
114,12,01,08,45,2,04大安區,大安區建國南路1段177號,0,0,2,1,C03,6,6,5,50,14,9,1,4,4,5,13,4,4,1,4,4,2,18,1,60,2,9,5,1,7,9,1,10,9,11,42,1,21,121.5378132,25.0405847
114,12,01,08,45,2,06松山區,松山區敦化北路與長春路口,0,0,1,1,B03,6,7,8,50,4,1,1,4,4,5,13,2,1,1,4,1,2,16,1,41,3,10,7,1,7,5,1,8,1,6,71,1,21,121.5487366,25.0544615
114,12,01,08,50,2,12內湖區,內湖區江南街65巷19號,0,0,1,1,C03,6,6,5,50,14,9,1,4,4,5,13,4,4,9,5,5,2,3,1,54,3,10,6,1,7,9,1,10,11,11,14,1,21,121.578136,25.0772091
114,12,01,08,55,2,09北投區,北投區自強街31巷與自強街61巷口,0,0,2,1,C03,8,6,5,30,4,1,1,4,4,5,13,4,4,10,5,5,2,15,1,36,2,9,6,1,7,9,1,10,2,12,72,1,21,121.5126562,25.1110775
114,12,01,09,03,2,05中正區,中正區羅斯福路3段與羅斯福路3段284巷口,0,0,1,1,C03,6,6,5,50,4,1,1,4,4,5,13,1,1,10,5,5,2,17,1,21,2,8,5,1,7,1,1,10,1,11,19,1,21,121.5321824,25.0164563
114,12,01,09,10,2,12內湖區,內湖區內湖路1段606號,0,0,1,1,B01,6,5,5,50,14,9,1,4,4,5,13,4,4,1,4,5,1,17,1,60,3,10,7,1,7,8,1,3,2,17,100,1,21,121.5784737,25.0786739
114,12,01,09,18,2,03中山區,中山區建國高架道往北，市民上方,0,0,1,1,B03,6,6,5,70,14,9,1,4,4,5,13,4,4,6,3,5,2,13,2,31,3,10,7,1,7,7,1,8,1,8,108,1,21,121.5367735,25.0484761
114,12,01,09,45,2,12內湖區,內湖區康寧路3段與康寧路3段99巷口口,0,0,1,1,C03,6,6,5,50,4,1,1,4,4,5,13,2,1,1,4,5,2,18,2,54,2,9,5,1,7,5,1,10,1,12,116,1,21,121.610128,25.0711834
114,12,01,09,50,2,03中山區,中山區長安東路2段42號,0,0,1,1,C03,8,7,6,50,14,9,1,5,4,5,13,4,4,5,2,5,2,17,2,51,2,9,5,1,7,9,1,10,1,13,44,1,21,121.5317075,25.0484439
114,12,01,09,53,2,12內湖區,內湖區港墘路127巷與港墘路127巷6弄口,0,0,1,1,C03,8,6,5,50,4,2,1,4,4,5,13,4,4,5,5,5,2,17,2,26,2,9,6,1,7,9,1,10,1,14,44,1,21,121.5767966,25.07776077
114,12,01,10,02,2,08士林區,士林區中正路與福港街口,0,0,1,1,B01,6,6,5,30,3,2,1,4,4,5,13,2,1,8,4,5,1,17,1,49,3,10,7,1,7,8,1,4,1,6,80,1,21,121.5195153,25.09627494
114,12,01,10,28,2,01大同區,大同區承德路2段與民權西路口,0,0,2,1,C03,7,6,5,50,4,2,1,4,4,5,13,2,1,1,5,5,2,13,2,25,2,9,6,1,7,9,1,10,2,11,16,1,22,121.5179187,25.0627854
114,12,01,10,40,2,08士林區,士林區故宮路18號,0,0,1,1,C03,8,6,5,50,14,9,1,5,4,5,13,2,1,1,2,5,1,13,1,75,2,9,5,1,7,9,1,10,1,11,16,1,21,121.5469104,25.0971388
114,12,01,10,45,2,11南港區,南港區玉成街48號,0,0,1,1,B03,8,6,5,30,14,9,1,5,4,5,13,4,4,5,5,5,2,13,1,54,3,10,3,4,7,11,1,8,1,5,101,1,21,121.5815653,25.0482037
114,12,01,10,55,2,04大安區,大安區市民大道3段與安東街40巷口,0,0,1,1,C03,8,6,5,40,3,2,1,5,4,5,13,4,4,1,4,5,1,13,1,18,2,9,6,4,7,9,1,10,2,11,16,1,21,121.5405901,25.0444436
114,12,01,11,13,2,10文山區,文山區木柵路1段95號,0,0,1,1,C03,8,6,5,50,14,9,1,5,4,5,13,1,1,5,4,5,2,13,1,18,2,9,3,4,7,9,1,10,1,11,16,1,25,121.5475834,24.9870756
114,12,01,12,00,2,03中山區,中山區新生北路2段55巷與新生北路2段口,0,0,1,1,C03,8,7,5,50,4,1,1,5,4,5,13,4,4,9,5,5,2,17,1,49,2,9,5,1,7,9,1,10,1,11,16,1,21,121.5275242,25.0563475
114,12,01,12,00,2,11南港區,南港區市民大道7段與中坡北路口口,0,0,1,1,F01,8,7,5,40,4,2,1,5,4,5,13,2,1,1,3,4,2,3,1,37,3,10,4,1,7,9,8,20,9,11,80,1,21,121.5802237,25.0495778
114,12,01,12,14,2,10文山區,文山區木柵路1段與木柵路1段59巷口,0,0,2,1,C03,8,6,5,50,4,1,1,5,4,5,13,1,1,10,5,5,2,17,1,67,2,8,3,4,7,5,1,10,1,11,71,1,21,121.5459606,24.9868042
114,12,01,12,53,2,08士林區,士林區承德路4段10巷與通河街76巷口,0,0,2,1,B03,8,6,5,30,4,2,1,5,4,5,13,4,4,9,5,5,1,15,1,42,3,10,7,1,7,9,1,8,2,2,72,1,21,121.5201304,25.0802004
114,12,01,13,01,2,04大安區,大安區新生南路1段與新生南路1段103巷口,0,0,1,1,B12,8,6,5,50,3,2,1,5,4,1,13,4,4,9,4,4,1,16,1,43,3,10,3,4,7,6,1,8,1,2,74,1,21,121.5329721,25.0406423
114,12,01,13,13,2,09北投區,北投區東華街2段與立農街2段202巷口,0,0,1,1,C03,8,7,5,50,3,1,1,5,4,5,13,1,1,10,4,5,2,13,2,24,2,9,5,1,7,9,1,10,1,11,16,1,21,121.5135591,25.1177458
114,12,01,13,20,2,11南港區,南港區永吉路與永吉路553巷口,0,0,1,1,B01,8,6,5,40,3,2,1,5,4,5,13,4,4,10,5,5,2,13,1,54,3,10,3,4,7,9,1,4,2,1,16,1,21,121.5819751,25.0455267
114,12,01,13,24,2,12內湖區,內湖區環山路2段26巷口旁,0,0,3,1,B03,8,6,5,50,14,9,1,5,4,5,13,4,4,5,4,5,2,13,1,34,3,10,7,1,7,7,1,8,2,6,100,1,21,121.5724057,25.0858828
114,12,01,13,28,2,06松山區,松山區松河街與松河街口3號旁無名巷,0,0,1,1,C03,8,7,5,40,3,1,1,5,4,5,13,2,1,5,4,5,2,17,2,45,2,9,6,4,7,5,1,10,1,12,71,1,21,121.5721336,25.0508371
114,12,01,13,30,2,12內湖區,內湖區舊宗路1段185號,0,0,1,1,C03,7,6,5,50,14,9,1,5,4,5,13,4,4,1,4,5,2,13,2,32,2,8,6,1,7,9,1,10,2,11,16,1,22,121.5778948,25.0620906
114,12,01,14,22,2,10文山區,文山區木柵路5段與文和橋口口,0,0,1,1,B03,8,6,5,50,3,1,1,5,4,5,13,2,1,10,5,5,2,16,2,42,3,10,7,1,7,5,1,8,2,5,71,1,21,121.5949923,25.0016537
114,12,01,14,25,2,01大同區,大同區民權西路與民權西路160巷口,0,0,2,1,C03,8,6,5,50,3,2,1,5,4,5,13,4,4,1,4,5,2,13,2,34,2,8,6,1,7,9,1,10,2,12,44,1,21,121.5156527,25.0628875
114,12,01,14,27,2,10文山區,文山區忠順街1段26巷與木新路3段232巷6弄口,0,0,2,1,C03,8,6,5,30,4,1,1,5,4,5,13,4,4,10,5,5,2,15,1,32,2,7,3,4,7,9,1,10,2,11,75,1,22,121.5597713,24.9820547
114,12,01,14,35,2,12內湖區,內湖區金湖路與成功路5段口,0,0,2,1,C03,8,5,5,50,4,18,1,5,4,5,13,4,4,1,4,4,1,3,1,25,2,8,6,1,7,9,1,10,2,14,70,1,21,121.6051532,25.0735185
114,12,01,14,40,2,08士林區,士林區延平北路5段83巷與葫蘆街30巷口,0,0,1,1,C03,8,6,5,30,4,2,1,5,4,5,12,4,4,10,5,5,1,15,1,52,2,8,6,1,7,9,1,10,1,12,72,1,22,121.5099052,25.0809942
114,12,01,14,51,2,03中山區,中山區吉林路與吉林路393巷口,0,0,3,1,C03,8,6,5,50,4,2,1,5,4,5,13,4,4,4,4,5,2,9,1,70,2,9,5,1,7,9,1,10,2,11,44,1,21,121.530791,25.0657123
114,12,01,14,56,2,12內湖區,內湖區港墘路127巷19號與港墘路127巷6弄口,0,0,2,1,C03,8,6,5,50,4,2,1,5,4,5,13,4,4,9,5,5,2,13,2,39,2,9,6,1,7,9,1,10,2,11,16,1,21,121.5766897,25.0778082
114,12,01,15,00,2,05中正區,中正區羅斯福路3段272號,0,0,1,1,B01,8,6,5,50,14,9,1,5,4,5,13,4,4,3,4,5,2,9,1,63,3,10,7,1,7,14,1,4,11,17,113,1,21,121.5319625,25.01686571
114,12,01,15,11,2,09北投區,北投區立德路117號與立德路口,0,0,1,1,C03,8,6,5,50,4,1,1,5,4,5,13,2,1,9,4,5,2,17,1,23,3,10,3,4,7,5,1,10,1,12,80,1,21,121.4717583,25.1268044
114,12,01,15,35,2,08士林區,士林區天母東路與天母西路口,0,0,2,1,C03,8,6,5,50,4,1,1,5,4,5,13,2,1,3,4,5,2,17,1,19,2,9,6,1,7,5,1,10,1,11,71,1,21,121.5300539,25.1182775
114,12,01,16,10,2,04大安區,大安區新生南路2段30巷1-1號,0,0,1,1,F01,8,6,5,30,14,9,1,5,4,3,10,4,4,10,5,5,2,17,1,12,2,7,4,1,7,9,8,20,1,12,4,1,14,121.5325038,25.031713
114,12,01,16,39,2,04大安區,大安區建國南路2段與信義路3段口口,0,0,1,1,C03,8,6,5,50,5,1,1,5,4,5,13,2,1,1,4,5,2,17,1,24,2,9,5,1,7,4,1,10,1,14,81,1,21,121.538091,25.0335013
114,12,01,16,51,2,01大同區,大同區重慶北路2段與民生西路口,0,0,1,1,B03,7,6,5,50,4,1,1,5,4,5,13,1,1,5,2,5,2,17,1,48,3,10,3,4,7,9,1,8,2,5,108,1,21,121.5136389,25.05699264
114,12,01,16,52,2,01大同區,大同區承德路2段164號,0,0,1,1,B03,8,6,5,50,14,9,1,5,4,5,13,4,4,1,4,5,2,17,1,61,3,10,7,1,7,8,1,8,2,17,44,1,21,121.5181523,25.0606591
114,12,01,17,25,2,10文山區,文山區木柵路2段109巷燈桿02號旁,0,0,1,1,F01,8,5,5,30,11,9,1,5,4,5,13,4,4,10,5,5,2,17,1,12,3,10,4,1,7,5,8,20,1,17,42,1,21,121.5618449,24.9893724
114,12,01,17,30,2,08士林區,士林區中正路612號,0,0,2,1,C03,7,6,5,50,14,9,1,5,4,5,13,4,4,10,4,5,2,17,1,48,3,10,6,1,7,9,1,10,2,12,17,1,22,121.5095775,25.0869203
114,12,01,17,31,2,01大同區,大同區忠孝橋機慢車道,0,0,2,1,C03,7,5,5,40,8,11,1,5,4,5,13,4,4,1,2,5,2,17,1,21,2,9,5,4,7,9,1,9,1,11,16,1,21,121.5078976,25.0487687
114,12,01,17,36,2,04大安區,大安區復興南路1段與復興南路1段253巷口,0,0,1,1,B03,8,5,5,30,3,1,1,5,4,5,13,4,4,10,5,5,2,17,2,64,3,10,3,4,7,9,1,8,1,1,44,1,21,121.5438271,25.0368196