發生年度,發生月,發生日,發生時-Hours,發生分,處理別-編號,區序,肇事地點,死亡人數,2-30日死亡人數,受傷人數,當事人序號,車種,天候,光線,道路類別,速限-速度限制,道路型態,事故位置,路面狀況1,路面狀況2,路面狀況3,道路障礙1,道路障礙2,號誌1,號誌2,車道劃分-分向,車道劃分-分道1,車道劃分-分道2,車道劃分-分道3,事故類型及型態,性別,年齡,受傷程度,主要傷處,保護裝置,行動電話,車輛用途,當事者行動狀態,駕駛資格情形,駕駛執照種類,飲酒情形,車輛撞擊部位1,肇因碼-個別,個人肇逃否,職業,座標-X,座標-Y
114,12,03,11,27,2,07信義區,信義區莊敬路168號,0,0,1,1,C03,6,6,5,50,14,8,1,4,4,5,13,4,4,8,3,4,2,13,1,46,3,10,6,1,7,8,1,10,1,12,100,1,21,121.5612494,25.0316444
114,12,03,11,37,2,12內湖區,內湖區成功路2段325號,0,0,1,1,B03,8,7,5,50,4,1,1,5,4,5,13,1,1,3,4,5,2,12,1,54,3,10,7,1,7,9,1,8,11,4,44,2,21,121.589851,25.0715343
114,12,03,11,44,2,06松山區,松山區南京東路5段與八德路4段245巷口,0,0,2,1,C03,7,6,5,50,4,1,1,5,4,5,13,2,1,5,4,5,2,9,1,22,2,9,6,4,7,9,1,10,2,11,70,1,22,121.5640011,25.0512306
114,12,03,11,45,2,06松山區,松山區光復南路23號,0,0,2,1,C03,8,6,5,50,14,9,1,5,4,5,13,4,4,1,4,5,2,13,1,56,2,8,6,1,7,9,1,10,1,11,108,1,22,121.5578682,25.04699332
114,12,03,12,47,2,12內湖區,內湖區民權東路6段與舊宗路1段口,0,0,1,1,C02,7,6,5,50,5,1,1,5,4,5,13,1,1,1,3,5,1,12,1,45,2,9,6,1,7,9,1,10,2,12,108,1,21,121.5753415,25.0657252
114,12,03,12,50,2,10文山區,文山區木柵路1段與木柵路1段191巷口,0,0,1,1,B01,8,5,5,50,3,1,1,4,4,1,13,2,1,5,4,5,1,14,1,31,3,10,7,1,7,2,1,4,1,3,12,1,21,121.5513135,24.9877174
114,12,03,12,50,2,07信義區,信義區市民大道5段與市民大道5段14巷口,0,0,1,1,B03,8,6,5,30,3,1,1,5,4,5,13,1,1,1,4,5,2,16,1,69,3,10,3,4,7,6,1,8,2,2,80,1,22,121.5601408,25.0459042
114,12,03,13,01,2,07信義區,信義區崇德街與富陽街口,0,0,1,1,B03,7,6,5,30,4,1,1,5,4,5,13,4,4,10,5,5,2,17,1,33,3,10,7,1,7,9,1,8,1,8,14,1,21,121.5561244,25.0239144
114,12,03,13,46,2,07信義區,信義區信義路5段與基隆路1段口,0,0,2,1,A02,7,7,5,50,4,1,1,5,4,5,13,1,1,3,4,5,2,16,1,48,3,10,3,4,7,9,1,2,2,4,44,1,21,121.5592106,25.0329941
114,12,03,14,01,2,05中正區,中正區羅斯福路4段與羅斯福路4段90巷口,0,0,1,1,C03,8,6,5,50,3,2,1,5,4,5,13,4,4,1,4,5,2,17,2,58,2,8,5,1,7,15,1,10,1,13,42,1,21,121.5348729,25.0140791
114,12,03,14,39,2,11南港區,南港區興中路與興中路44巷口,0,0,1,1,C03,7,7,5,30,3,2,1,5,4,5,13,3,1,5,5,5,2,13,1,22,3,10,6,1,7,9,1,10,1,11,16,1,21,121.6071626,25.0560139
114,12,03,15,20,2,03中山區,中山區民權東路1段45號,0,0,1,1,A02,8,6,5,50,14,9,1,5,4,5,13,4,4,1,4,5,2,17,1,24,3,10,7,1,7,9,1,2,9,2,44,1,21,121.5211274,25.05005719
114,12,03,15,51,2,04大安區,大安區信義路4段與敦化南路1段口,0,0,1,1,B03,8,6,5,50,4,1,1,5,4,5,13,1,1,10,3,5,2,2,2,46,3,10,7,1,7,5,1,8,1,8,8,1,21,121.5488417,25.0334318
114,12,03,15,55,2,12內湖區,內湖區成功路3段北往南（方濟中學公車站牌）,0,0,1,1,A02,8,6,5,50,14,9,1,5,4,5,13,4,4,1,4,5,2,9,4,0,,,,,,,,,1,,,,,121.5899814,25.0770021
114,12,03,16,08,2,06松山區,松山區三民路97號,0,0,1,1,B01,8,5,5,50,14,9,1,5,4,5,13,1,1,1,4,5,1,12,1,56,3,10,3,4,7,21,7,19,2,8,42,1,22,121.5634838,25.0571902
114,12,03,17,09,2,09北投區,北投區承德路7段與大業路口,0,0,1,1,B01,7,5,5,50,5,1,1,5,4,5,13,2,1,1,4,5,1,16,1,50,3,10,3,4,7,5,1,4,1,6,8,1,21,121.5000514,25.1210548
114,12,03,17,15,2,12內湖區,內湖區瑞湖街與民權東路6段15巷口,0,0,1,1,B03,6,5,5,50,4,1,1,4,4,5,13,2,1,5,4,5,1,16,2,29,3,10,7,1,7,5,1,8,1,8,8,1,21,121.5764948,25.0690063
114,12,03,17,17,2,10文山區,文山區木柵路1段與和興路口,0,0,1,1,B01,8,5,5,50,4,1,1,5,4,5,13,1,1,10,5,5,2,16,1,62,3,10,7,1,7,5,1,8,2,6,8,1,21,121.5460111,24.986789
114,12,03,17,32,2,04大安區,大安區和平東路3段與基隆路2段口,0,0,1,1,C04,8,5,5,50,14,9,1,5,4,5,13,2,1,10,5,5,2,17,1,19,3,10,3,4,7,6,1,10,1,12,9,1,21,121.5522496,25.0240241
114,12,03,17,38,2,06松山區,松山區塔悠路157號,0,0,2,1,C03,7,5,5,40,14,8,1,5,4,5,13,4,4,1,4,4,2,13,1,22,2,9,6,4,7,9,1,10,2,11,108,1,21,121.5697986,25.05516563
114,12,03,17,40,2,07信義區,信義區信安街與嘉興街181巷口,0,0,2,1,C03,8,5,5,50,4,2,1,5,4,5,13,2,1,9,5,5,2,16,2,45,2,7,5,1,7,5,1,10,1,12,8,1,21,121.5573885,25.0260811
114,12,03,17,50,2,12內湖區,內湖區新明路與新明路333巷口,0,0,1,1,C03,7,5,6,50,4,2,1,5,4,5,13,1,1,5,4,4,1,13,1,25,3,10,5,1,7,9,1,10,1,11,16,1,22,121.5835844,25.056516
114,12,03,17,53,2,11南港區,南港區松河街與南港路3段80巷口口,0,0,2,1,C03,8,5,5,50,3,1,1,5,4,5,13,4,4,9,5,5,2,3,1,31,2,7,3,4,7,12,1,10,1,11,70,1,21,121.5899976,25.0560398
114,12,03,17,57,2,05中正區,中正區永福橋往台北（燈桿7510127處）,0,0,2,1,C03,8,5,5,50,8,9,1,5,4,5,13,4,4,5,5,5,2,13,1,47,2,8,5,4,7,9,1,10,2,11,16,1,21,121.5295387,25.0129452
114,12,03,18,02,2,08士林區,士林區中山北路5段第221號電燈桿前,0,0,3,1,C03,8,5,5,40,14,9,1,5,4,5,13,4,4,5,4,5,1,17,1,21,3,10,6,1,7,9,1,10,1,11,16,1,25,121.5268322,25.08764866
114,12,03,18,10,2,03中山區,中山區民權東路1段與林森北路口,0,0,1,1,C03,8,5,5,50,4,2,1,5,4,5,13,2,1,1,4,5,2,17,1,35,2,9,6,1,7,9,1,10,1,11,44,1,21,121.5254535,25.0627117
114,12,03,18,14,2,05中正區,中正區南海路與重慶南路2段口口,0,0,1,1,B03,8,5,5,50,4,1,1,5,4,5,13,1,1,10,4,5,1,17,2,39,3,10,7,1,7,9,1,8,2,2,99,1,21,121.5149305,25.031841
114,12,03,18,20,2,12內湖區,內湖區內湖路1段629巷與內湖路1段629巷40弄口,0,0,1,1,B03,6,5,5,50,3,2,1,4,4,5,13,4,4,5,5,5,2,3,2,69,3,10,7,1,7,9,1,8,2,1,70,1,21,121.5749249,25.08152529
114,12,03,18,26,2,04大安區,大安區建國南路2段33號對面,0,0,1,1,,7,5,5,0,22,6,1,5,4,5,13,1,1,1,4,5,2,29,3,15,,,,,,,,,,,66,1,,121.5375345,25.0323388
114,12,03,18,29,2,01大同區,大同區昌吉街與昌吉街99巷口,0,0,1,1,B01,7,5,5,50,3,2,1,5,4,5,13,4,4,5,5,5,2,17,1,60,3,10,7,1,7,11,1,4,2,7,10,1,21,121.5118898,25.0659181
114,12,03,18,30,2,07信義區,信義區忠孝東路5段423巷與虎林街120巷口,0,0,2,1,H01,6,5,5,30,4,1,1,4,4,5,13,4,4,8,5,5,2,3,1,22,2,9,4,5,8,16,8,20,10,16,123,1,21,121.5753987,25.0421791
114,12,03,19,09,2,06松山區,松山區光復南路32巷16弄與光復南路46巷口,0,0,1,1,C03,7,5,5,30,4,1,1,5,4,5,13,4,4,10,5,5,2,15,2,57,2,9,6,1,7,9,1,10,1,11,72,1,21,121.5565279,25.0460196
114,12,03,19,22,2,03中山區,中山區民權東路1段28號,0,0,1,1,C03,8,6,5,50,14,9,1,5,4,5,13,1,1,1,4,5,2,12,1,38,2,9,6,4,7,9,1,10,1,11,108,1,22,121.5238807,25.0626615
114,12,03,19,30,2,07信義區,信義區基隆路2段111號,0,0,1,1,B01,8,6,5,50,14,9,1,5,4,5,13,4,4,1,3,5,2,12,1,55,3,10,7,1,7,8,1,8,1,2,100,1,21,121.5567951,25.0283388
114,12,03,20,01,2,10文山區,文山區萬芳路與萬利街口,0,0,1,1,C03,7,5,5,50,3,2,1,4,4,5,13,3,1,5,4,5,2,18,1,30,2,9,3,4,7,5,1,10,11,12,44,1,21,121.5668395,24.9990869
114,12,03,20,02,2,04大安區,大安區復興南路2段78巷與復興南路2段口,0,0,2,1,B02,8,6,5,50,4,1,1,5,4,5,13,2,1,1,4,5,2,17,1,46,2,3,7,1,7,5,1,4,1,1,44,1,21,121.5434717,25.0311059
114,12,03,20,42,2,08士林區,士林區中正路與士商路口,0,0,1,1,B03,6,5,5,50,4,1,1,4,4,5,13,1,1,5,2,4,2,16,1,55,3,10,3,4,7,5,1,8,2,2,85,1,21,121.5191351,25.0930106
114,12,03,21,21,2,03中山區,中山區錦州街與中原街口,0,0,2,1,C03,8,6,5,50,4,1,1,5,4,5,13,1,1,1,5,5,2,13,2,49,2,8,5,1,7,9,1,10,1,11,107,1,22,121.5287365,25.0603304
114,12,04,00,30,2,03中山區,中山區長安東路1段與林森北路口,0,0,1,1,B01,8,5,5,50,4,1,1,5,4,5,13,1,1,1,4,5,2,1,1,67,3,10,7,1,7,6,1,4,1,1,70,1,22,121.5252057,25.0496877
114,12,04,02,24,2,04大安區,大安區忠孝東路3段與復興南路1段口,0,0,1,1,B03,8,5,5,50,4,2,1,5,4,5,13,4,4,1,4,5,2,17,1,26,3,10,3,4,7,1,1,8,1,17,19,1,21,121.543381,25.0416559
114,12,04,02,45,2,05中正區,中正區中山南路與青島東路口,0,0,2,1,F01,7,5,5,50,4,1,1,5,4,5,13,1,1,1,4,4,2,15,2,39,2,9,4,1,7,9,8,20,3,11,81,1,22,121.5194602,25.0444883
114,12,04,06,10,2,07信義區,信義區基隆路2段149-28號,0,0,1,1,C03,7,5,5,50,14,9,1,5,4,5,13,4,4,1,4,5,2,12,2,28,2,8,3,4,7,9,1,10,1,11,44,1,21,121.5552546,25.0266425
114,12,04,06,29,2,08士林區,士林區中正路與福港街口,0,0,1,1,B01,8,5,5,30,3,1,1,5,4,5,13,1,1,9,4,5,1,16,1,55,3,10,7,1,7,5,1,8,2,6,71,1,21,121.5178017,25.0917196
114,12,04,07,10,2,05中正區,中正區汀州路3段46號與汀州路3段口無名巷,0,0,2,1,C03,8,6,5,50,3,1,1,5,4,5,13,4,4,5,5,5,1,3,1,38,2,8,6,1,7,9,1,10,2,11,70,1,21,121.5307229,25.0161178
114,12,04,07,25,2,05中正區,中正區重慶南路3段104號,0,0,1,1,B01,8,6,5,50,14,9,1,5,4,5,13,4,4,1,4,5,2,17,1,61,3,10,3,4,7,15,1,4,1,4,40,1,26,121.5164732,25.0249639
114,12,04,07,27,2,12內湖區,內湖區文德路101巷與文德路口,0,0,1,1,A02,7,6,5,50,4,1,1,5,4,5,13,2,1,1,4,5,2,17,1,64,3,10,3,4,7,12,1,1,2,17,44,1,26,121.5838188,25.0786174
114,12,04,07,45,2,10文山區,文山區懷恩隧道北往南出口,0,0,1,1,C03,8,5,5,50,6,9,1,5,4,5,13,4,4,1,2,5,1,20,1,40,2,9,5,1,7,9,1,10,1,12,108,1,21,121.5513442,24.9918183
114,12,04,07,47,2,09北投區,北投區大業路與大業路527巷口,0,0,2,1,C03,7,7,5,40,4,1,1,5,4,5,13,1,1,1,2,5,2,16,1,65,2,5,5,1,7,5,1,10,2,14,8,1,22,121.4963272,25.1344285
114,12,04,07,48,2,11南港區,南港區昆陽街與忠孝東路6段口,0,0,1,1,C03,8,6,5,30,4,2,1,5,4,5,13,4,4,5,5,5,2,13,2,29,2,9,6,1,7,9,1,10,1,11,16,1,21,121.5938036,25.0509239
114,12,04,07,50,2,04大安區,大安區永康街75巷與金華街164巷口,0,0,2,1,C03,7,5,5,30,4,2,1,5,4,5,13,4,4,10,4,5,2,16,1,46,3,10,6,1,7,5,1,10,1,14,8,1,21,121.5309429,25.0288258
114,12,04,07,51,2,03中山區,中山區長安東路2段與建國北路1段口,0,0,1,1,B03,7,7,5,50,4,2,1,5,4,5,13,2,1,9,4,5,2,12,1,48,3,10,7,1,7,9,1,8,1,2,17,1,21,121.5363651,25.0483833
114,12,04,07,52,2,02萬華區,萬華區康定路與廣州街口,0,0,1,1,B03,8,6,5,50,4,1,1,5,4,5,13,2,1,8,4,5,1,17,2,63,3,10,7,1,7,9,1,8,1,8,16,1,21,121.5014533,25.0366154
114,12,04,07,52,2,04大安區,大安區八德路2段15號對面,0,0,1,1,C03,8,5,5,50,14,9,1,5,4,5,13,4,4,8,3,5,1,16,2,31,2,9,6,1,7,8,1,10,1,12,100,1,21,121.5336613,25.0445057
114,12,04,07,53,2,02萬華區,萬華區萬大路與艋舺大道120巷38弄口,0,0,1,1,C04,8,6,5,50,4,1,1,5,4,5,13,4,4,5,5,5,2,16,2,46,2,9,5,1,7,6,1,10,1,12,9,1,26,121.5006374,25.03163625
114,12,04,07,53,2,08士林區,士林區自強隧道(內)往內湖,0,0,2,1,C03,7,7,5,50,14,9,1,5,4,5,13,4,4,10,1,5,1,13,1,32,2,9,5,1,7,9,1,10,1,13,44,1,21,121.5497786,25.08486596
114,12,04,08,18,2,09北投區,北投區大度路3段,0,0,1,1,B01,8,7,5,60,14,9,1,5,4,5,13,4,4,9,4,5,2,12,1,58,3,10,7,1,7,7,1,8,1,4,100,1,21,121.4738613,25.1228431
114,12,04,08,25,2,10文山區,文山區木柵路1段57-8號,0,0,1,1,B03,8,7,5,50,14,9,1,5,4,5,13,4,4,5,4,5,2,12,1,28,3,10,3,4,7,9,1,8,1,2,17,1,22,121.5457003,24.98668
114,12,04,08,30,2,03中山區,中山區民族東路與新生北路3段口,0,0,2,1,C03,8,7,5,50,4,2,1,5,4,5,13,1,1,9,4,5,2,17,1,25,3,10,6,1,7,6,1,10,1,12,17,1,26,121.528002,25.06832564
114,12,04,08,48,2,02萬華區,萬華區貴陽街2段與貴陽街2段52巷口,0,0,1,1,C03,8,6,5,50,3,1,1,5,4,5,13,4,4,10,5,5,2,16,1,23,3,10,6,1,7,15,1,10,1,12,101,1,26,121.5046813,25.03971697
114,12,04,09,03,2,01大同區,大同區長安西路與南京西路64巷口,0,0,1,1,B03,8,6,5,50,5,1,1,5,4,5,13,4,4,5,5,5,2,12,2,62,3,10,7,1,7,9,1,8,2,8,16,1,21,121.5182042,25.0506054
114,12,04,09,22,2,04大安區,大安區延吉街與光復南路280巷口,0,0,1,1,A12,7,5,5,30,5,1,1,5,4,5,13,4,4,8,3,5,1,15,1,42,3,10,7,1,7,9,1,7,1,5,72,1,21,121.5548742,25.0398418
114,12,04,09,27,2,03中山區,中山區民生東路3段與合江街口,0,0,1,1,B01,8,7,5,50,4,2,1,4,4,5,13,2,1,1,4,5,2,12,1,67,3,10,7,1,7,8,1,4,1,5,101,1,21,121.5389911,25.0577531
114,12,04,10,02,2,03中山區,中山區民權東路2段3號,0,0,1,1,B01,8,6,5,50,14,9,1,5,4,5,13,4,4,1,4,5,2,16,1,69,3,10,7,1,7,8,1,4,1,2,100,1,21,121.5281325,25.0627226
114,12,04,10,05,2,03中山區,中山區龍江路296號,0,0,2,1,C03,7,6,5,50,3,2,1,5,4,5,13,4,4,9,4,5,2,17,1,50,2,8,6,1,7,5,1,10,1,13,8,1,21,121.5407486,25.06169461
114,12,04,10,10,2,06松山區,松山區民權東路5段與民權東路5段口1號旁無名巷,0,0,1,1,B03,7,6,5,50,3,1,1,5,4,5,13,2,1,1,4,5,2,16,1,62,3,10,7,4,7,5,1,8,2,2,71,1,21,121.5648461,25.0631684
114,12,04,10,17,2,04大安區,大安區辛亥路2段與建國南路2段口,0,0,1,1,B03,8,6,5,40,3,1,1,5,4,5,13,1,1,1,3,5,2,17,1,69,3,10,7,1,7,8,1,8,1,5,80,1,21,121.5377762,25.0222624
114,12,04,10,18,2,03中山區,中山區民權東路2段92巷與松江路362巷口,0,0,1,1,B03,8,6,5,30,4,1,1,5,4,3,13,4,4,10,4,5,1,15,2,42,3,10,7,1,7,9,1,8,1,1,72,1,21,121.5317363,25.061968
114,12,04,10,18,2,05中正區,中正區和平西路1段與廈門街口口,0,0,1,1,C03,8,6,5,50,4,1,1,5,4,5,13,1,1,1,4,5,1,17,2,29,2,7,6,1,7,7,1,10,1,14,103,1,21,121.5185326,25.0267747
114,12,04,10,20,2,07信義區,信義區永吉路與松信路口側附近口,0,0,2,1,B02,8,7,5,50,4,1,1,5,4,5,13,2,1,5,4,4,2,16,1,73,3,10,3,4,7,5,1,8,2,8,8,1,21,121.572066,25.0456712
114,12,04,10,25,2,11南港區,南港區成福路與成福路178巷口,0,0,1,1,B03,7,6,5,50,3,2,1,5,4,5,13,1,1,5,5,5,2,17,2,46,3,10,3,4,7,6,1,8,1,2,17,1,21,121.5874486,25.0418784
114,12,04,10,35,2,04大安區,大安區新生南路3段82號對面,0,0,2,1,B03,8,6,5,50,14,9,1,5,4,5,13,4,4,10,5,5,2,17,1,18,2,9,7,1,7,6,1,8,1,2,9,1,21,121.5338963,25.0191254
114,12,04,10,42,2,02萬華區,萬華區水源路(青年水源往東50公尺處),0,0,2,1,C03,8,7,8,50,14,9,1,5,4,5,13,4,4,1,4,1,2,17,1,58,2,9,6,1,7,9,1,10,1,11,108,1,21,121.5046868,25.0202383
114,12,04,11,31,2,07信義區,信義區莊敬路與莊敬路423巷口,0,0,1,1,B03,8,6,5,50,3,1,1,5,4,5,13,2,1,5,5,5,2,16,1,65,3,10,7,1,7,11,1,8,1,1,10,1,21,121.566557,25.027201
114,12,04,11,32,2,04大安區,大安區復興南路1段與安東街35巷口,0,0,1,1,B03,8,6,5,50,3,1,1,5,4,5,13,4,4,10,4,5,1,16,2,56,3,10,3,4,7,6,1,8,1,2,9,1,21,121.5437122,25.0442967
114,12,04,12,06,2,01大同區,大同區酒泉街92號,0,0,2,1,C03,8,5,5,40,14,9,1,5,4,5,13,4,4,5,4,5,2,12,1,21,2,9,5,1,7,7,1,10,1,14,101,1,21,121.5149487,25.0720177
114,12,04,12,31,2,04大安區,大安區安和路2段與安和路2段91巷口,0,0,1,1,C03,8,7,5,50,12,9,1,5,4,5,13,4,4,1,4,5,2,13,2,33,2,9,3,4,7,9,1,10,1,11,16,1,21,121.5520102,25.0300444
114,12,04,12,38,2,03中山區,中山區錦州街與錦州街241巷口,0,0,2,1,C03,8,7,6,30,4,1,1,5,4,5,13,4,4,10,4,5,2,17,1,26,2,9,5,1,7,9,1,10,2,11,72,1,21,121.5331436,25.06054366
114,12,04,12,40,2,01大同區,大同區承德路3段59號,0,0,1,1,A11,8,5,5,50,14,9,1,5,4,5,13,4,4,1,4,5,2,11,1,22,3,10,7,1,7,7,1,3,1,4,80,1,21,121.5184317,25.0654909
114,12,04,12,40,2,04大安區,大安區基隆路2段207號,0,0,1,1,F01,8,6,5,0,14,20,1,5,4,5,13,4,4,10,5,5,2,1,2,17,3,10,4,4,7,9,8,20,1,11,42,1,16,121.5520726,25.0237573
114,12,04,12,50,2,10文山區,文山區羅斯福路6段159巷與羅斯福路6段159巷1弄口口,0,0,1,1,F03,8,5,5,30,4,1,1,5,4,5,13,3,1,10,5,5,2,15,2,60,2,9,5,1,7,9,8,20,1,11,72,1,22,121.5412091,24.9972755
114,12,04,12,52,2,02萬華區,萬華區西園路2段與西園路2段11巷口,0,0,2,1,C03,8,6,5,50,4,1,1,5,4,5,13,1,1,1,4,5,2,17,1,19,3,10,6,1,7,6,1,10,1,12,80,1,21,121.4974078,25.0319651
114,12,04,13,06,2,09北投區,北投區西安街1段271號與自強街141巷口,0,0,1,1,B03,8,7,5,50,3,2,1,5,4,5,13,4,4,9,4,5,2,16,1,22,3,10,7,1,7,6,1,8,2,2,9,1,21,121.5170383,25.1116617
114,12,04,13,15,2,01大同區,大同區南京西路306號,0,0,1,1,C03,8,7,8,50,14,9,1,5,4,5,13,4,4,5,4,5,2,13,1,35,3,10,6,1,7,9,1,10,1,11,108,1,21,121.5133843,25.053967
114,12,04,13,20,2,06松山區,松山區民生東路3段127巷6號,0,0,1,1,B13,8,6,5,30,14,9,1,5,4,5,13,4,4,10,4,5,2,9,1,20,3,10,3,4,7,9,1,8,11,3,37,2,22,121.5474664,25.05853877
114,12,04,14,20,2,09北投區,北投區光明路176號,0,0,2,1,C03,8,7,5,50,14,9,1,5,4,5,13,4,4,9,4,5,2,16,1,69,2,9,5,1,7,11,1,10,1,12,10,1,21,121.5030884,25.1356094
114,12,04,14,42,2,08士林區,士林區格致路與建業路口,0,0,1,1,B03,7,6,5,40,3,2,1,5,4,5,13,1,1,4,5,5,2,17,1,53,3,10,7,1,7,5,1,8,1,2,71,1,21,121.5461348,25.1356779
114,12,04,14,55,2,08士林區,士林區德行西路與福華路口,0,0,2,1,B03,8,5,5,50,4,2,1,5,4,5,13,2,1,5,5,5,2,16,2,39,3,10,2,1,7,9,1,8,1,7,42,1,21,121.5221144,25.10449484
114,12,04,14,59,2,06松山區,松山區南京東路4段53巷7弄5號,0,0,1,1,B12,8,6,5,30,14,9,1,5,4,5,13,4,4,10,5,5,2,14,1,35,3,10,3,4,7,2,1,8,1,7,42,1,21,121.5508548,25.0528419
114,12,04,15,04,2,07信義區,信義區松信路與松隆路口,0,0,1,1,F02,7,6,5,50,4,1,1,5,4,5,13,2,1,1,4,5,2,17,2,79,2,7,3,4,7,15,8,20,1,14,101,1,21,121.5721345,25.0470229
114,12,04,15,05,2,11南港區,南港區南港路2段178巷(北流停車場出入口),0,0,1,1,B12,8,6,5,50,14,9,1,5,4,5,13,4,4,5,5,5,2,16,1,24,3,10,3,4,7,5,1,8,1,17,8,1,21,121.5996411,25.05261264
114,12,04,15,18,2,01大同區,大同區重慶北路1段與長安西路口,0,0,1,1,B01,7,6,5,50,4,18,1,5,4,5,13,2,1,8,3,5,1,3,1,60,3,10,3,4,7,5,1,4,2,1,80,1,21,121.5137553,25.0516576
114,12,04,15,28,2,08士林區,士林區福林路60號,0,0,1,1,B03,8,6,5,50,14,9,1,5,4,5,13,4,4,5,5,5,2,17,4,0,4,11,3,4,7,21,7,19,11,15,119,2,22,121.5301407,25.0951502
114,12,04,15,30,2,03中山區,中山區通北街0105937號燈桿,0,0,1,1,C03,8,6,5,50,14,9,1,5,4,5,13,4,4,5,5,5,2,17,2,26,2,9,5,1,7,9,1,10,1,17,44,1,22,121.5414942,25.07964269
114,12,04,15,48,2,12內湖區,內湖區民權大橋東向西7510479桿,0,0,1,1,C03,8,7,5,40,14,11,1,5,4,5,13,4,4,1,4,4,2,13,1,24,3,10,6,1,7,9,1,10,2,11,108,1,21,121.5609588,25.05528939
114,12,04,15,57,2,05中正區,中正區南海路與泉州街口口,0,0,2,1,C03,8,6,5,50,3,1,1,5,4,5,13,3,1,10,4,4,1,3,2,64,2,1,6,1,7,9,1,10,2,11,42,1,21,121.5133473,25.0315405
114,12,04,16,11,2,09北投區,北投區大度路與關渡路口,0,0,1,1,B03,8,5,5,50,3,1,1,5,4,5,13,4,4,3,4,5,2,16,1,29,3,10,7,1,7,6,1,8,1,5,9,1,21,121.4695242,25.1228855
114,12,04,16,17,2,03中山區,中山區市民大道3段169號,0,0,2,1,C03,8,6,5,40,14,9,1,5,4,5,13,4,4,9,4,5,1,13,2,25,2,8,6,1,7,9,1,10,1,11,16,1,21,121.5407763,25.04475754
114,12,04,16,27,2,01大同區,大同區民族西路186號,0,0,1,1,C03,8,6,5,50,14,9,1,5,4,5,13,1,1,5,2,5,2,29,1,40,2,8,5,4,7,15,1,10,1,14,42,1,21,121.5148292,25.06860757
114,12,04,16,27,2,09北投區,北投區光明路與新生巷口,0,0,2,1,C03,8,5,5,30,5,1,1,5,4,5,13,3,1,9,5,5,2,17,2,69,2,9,3,4,7,10,1,10,2,11,86,1,21,121.5015665,25.133264
114,12,04,16,30,2,11南港區,南港區市民大道7段與向陽路口,0,0,1,1,C03,7,5,5,50,4,2,1,5,4,5,13,1,1,1,4,5,2,13,1,28,2,8,6,1,7,9,1,10,1,11,107,1,21,121.5953172,25.0513995
114,12,04,16,40,2,04大安區,大安區基隆路2段233號,0,0,1,1,C03,7,6,5,50,14,9,1,5,4,5,13,4,4,1,3,5,2,24,1,24,2,9,6,1,7,9,1,10,1,11,42,1,21,121.5505319,25.0224991
114,12,04,16,40,2,09北投區,北投區奇岩路與公館路209巷38弄口,0,0,1,1,B03,7,5,5,30,3,2,1,5,4,5,13,4,4,10,5,5,2,16,2,20,3,10,7,1,7,5,1,8,2,1,72,1,21,121.509134,25.1282837
114,12,04,17,16,2,01大同區,大同區敦煌路35號,0,0,1,1,B03,7,5,5,50,14,9,1,5,4,5,13,1,1,1,4,5,2,17,1,58,3,10,3,4,7,9,1,8,2,5,44,1,21,121.5170725,25.07601592
114,12,04,17,20,2,03中山區,中山區錦州街42號,0,0,1,1,C03,8,5,5,50,14,9,1,5,4,5,13,4,4,5,5,5,2,12,2,39,3,10,5,1,7,8,1,10,9,12,95,1,21,121.5254232,25.0602875
114,12,04,17,23,2,03中山區,中山區建國北路2段與南京東路2段口,0,0,2,1,C02,8,6,5,50,4,1,1,5,4,5,13,1,1,9,5,5,1,13,1,55,2,8,6,1,7,9,1,9,1,11,16,1,21,121.5365442,25.0522747
114,12,04,17,33,2,09北投區,北投區中央北路4段477號,0,0,1,1,B03,7,5,5,50,14,9,1,5,4,5,13,4,4,5,2,5,2,17,2,59,3,10,7,1,7,11,1,8,1,4,10,1,21,121.4693887,25.12859518
114,12,04,17,50,2,03中山區,中山區長安東路2段與長安東路口側附近2段153巷口,0,0,1,1,C03,8,5,5,50,14,8,1,5,4,5,13,1,1,5,4,4,1,13,1,35,3,10,6,1,7,8,1,10,1,13,100,1,21,121.5389451,25.0484215
114,12,04,17,56,2,06松山區,松山區敦化北路207號,0,0,1,1,B03,7,5,5,0,22,20,4,5,4,5,13,4,4,10,5,5,2,17,1,65,3,10,3,4,7,9,1,8,2,5,42,1,21,121.5494798,25.0581738
114,12,04,17,58,2,06松山區,松山區延壽街與健康路325巷口,0,0,2,1,C03,7,5,5,50,3,1,1,5,4,5,13,1,1,9,4,5,2,17,2,25,2,8,6,1,7,9,1,10,2,11,16,1,21,121.5669805,25.0571439
114,12,04,18,16,2,10文山區,文山區萬美街1段67號前,0,0,2,1,C03,8,5,5,50,14,9,1,5,4,5,13,4,4,9,5,5,2,12,1,35,2,9,5,1,7,11,1,10,1,14,80,1,21,121.5675109,25.0023305
114,12,04,18,33,2,05中正區,中正區汀州路3段與思源街口,0,0,1,1,C03,8,5,5,50,4,1,1,5,4,5,13,1,1,5,2,5,2,12,1,58,2,7,5,1,7,9,1,10,1,14,17,1,21,121.531921,25.0152787