發生年度,發生月,發生日,發生時-Hours,發生分,處理別-編號,區序,肇事地點,死亡人數,2-30日死亡人數,受傷人數,當事人序號,車種,天候,光線,道路類別,速限-速度限制,道路型態,事故位置,路面狀況1,路面狀況2,路面狀況3,道路障礙1,道路障礙2,號誌1,號誌2,車道劃分-分向,車道劃分-分道1,車道劃分-分道2,車道劃分-分道3,事故類型及型態,性別,年齡,受傷程度,主要傷處,保護裝置,行動電話,車輛用途,當事者行動狀態,駕駛資格情形,駕駛執照種類,飲酒情形,車輛撞擊部位1,肇因碼-個別,個人肇逃否,職業,座標-X,座標-Y
114,12,06,12,56,2,09北投區,北投區大度路1段11-11號,0,0,2,1,C03,8,6,5,50,14,9,1,5,4,5,13,4,4,8,3,4,1,13,2,23,3,10,5,1,7,9,1,10,2,13,101,1,21,121.5233302,25.11620133
114,12,06,13,23,2,12內湖區,內湖區環山路1段與內湖路1段217巷口,0,0,2,1,F01,8,6,5,40,14,8,1,5,4,5,13,4,4,5,4,4,2,17,1,74,2,9,4,1,7,6,8,20,9,12,9,1,21,121.565514,25.08352916
114,12,06,13,32,2,08士林區,士林區延平北路6段與延平北路6段450巷口,0,0,1,1,B03,8,7,5,50,14,7,1,5,4,5,13,4,4,1,3,4,2,12,1,26,3,10,3,4,7,9,1,8,1,1,16,1,22,121.4991749,25.0926106
114,12,06,13,40,2,01大同區,大同區民權西路與延平北路3段口,0,0,3,1,C03,8,6,5,50,4,1,1,5,4,5,13,1,1,1,4,5,2,13,1,28,2,9,6,1,7,15,1,10,2,11,16,1,21,121.5114433,25.0630241
114,12,06,13,43,2,06松山區,松山區民權東路4段與光復北路口,0,0,2,1,C03,8,7,5,50,14,9,1,5,4,5,13,1,1,1,4,5,2,13,1,24,2,9,6,4,7,9,1,10,2,11,16,1,21,121.554721,25.0618413
114,12,06,14,38,2,07信義區,信義區市民大道5段14巷與市民大道5段口,0,0,1,1,B01,8,6,5,50,3,2,1,5,4,5,13,2,1,1,4,5,2,13,1,56,3,10,7,1,7,9,1,4,2,1,108,1,21,121.5598853,25.0457713
114,12,06,15,09,2,02萬華區,萬華區華中橋往台北市機慢車道,0,0,2,1,C03,8,7,5,40,8,9,1,5,4,5,13,4,4,9,4,5,2,17,1,43,3,10,3,4,7,8,1,10,1,12,101,1,22,121.4955909,25.0136567
114,12,06,15,19,2,11南港區,南港區玉成街與市民大道7段口,0,0,2,1,C03,8,6,5,50,4,1,1,5,4,5,13,2,1,5,4,5,2,16,1,53,2,8,5,1,7,5,1,9,1,14,8,1,22,121.5814785,25.0491688
114,12,06,15,39,2,08士林區,士林區德行東路190巷與德行東路口,0,0,1,1,C03,8,6,5,30,3,1,1,5,4,5,13,4,4,5,5,5,1,17,2,56,2,9,5,1,7,1,1,10,1,14,72,1,21,121.5311048,25.1086958
114,12,06,15,46,2,03中山區,中山區中山北路1段112巷與中山北路1段口口,0,0,1,1,C03,8,7,5,30,14,9,1,5,4,5,13,4,4,10,5,5,2,3,1,21,3,10,6,1,7,9,1,10,1,11,42,1,21,121.5212669,25.0512351
114,12,06,16,08,2,07信義區,信義區市民大道5段與東興路口,0,0,2,1,C03,8,6,5,50,4,1,1,5,4,5,13,2,1,1,4,5,2,15,2,27,2,8,6,1,7,9,1,10,2,14,81,1,21,121.565902,25.048222
114,12,06,16,13,2,09北投區,北投區三合街1段與三合街1段117巷口,0,0,1,1,B12,8,6,5,30,4,2,1,5,4,5,13,3,1,5,5,5,2,1,1,58,3,10,7,1,7,5,6,18,2,1,70,1,21,121.5040942,25.1267834
114,12,06,16,16,2,03中山區,中山區長春路與吉林路口,0,0,1,1,B01,8,6,5,50,4,1,1,5,4,5,13,1,1,5,4,4,2,11,1,66,3,10,3,4,7,3,1,4,2,1,80,1,21,121.5300984,25.0549066
114,12,06,16,58,2,11南港區,南港區忠孝東路7段2-1號對面,0,0,1,1,B03,8,7,5,50,14,9,1,5,4,5,13,4,4,1,4,5,2,13,1,31,3,10,7,1,7,9,1,8,1,1,108,1,21,121.5960538,25.0508602
114,12,06,17,28,2,10文山區,文山區木新路2段69巷11弄1號,0,0,1,1,B03,8,5,5,30,14,9,1,5,4,5,13,4,4,10,5,5,2,17,2,53,3,10,3,4,7,13,1,8,1,4,40,1,21,121.571375,24.9857891
114,12,06,17,52,2,02萬華區,萬華區環河南路1段與內江街口,0,0,1,1,C03,8,5,5,40,3,2,1,5,4,5,13,1,1,9,5,5,2,17,1,26,2,7,5,1,7,9,1,10,1,11,44,1,21,121.5002304,25.0422094
114,12,06,17,55,2,03中山區,中山區北安路與大直街口,0,0,3,1,C03,8,5,5,50,4,1,1,5,4,5,13,1,1,1,3,5,1,17,2,18,2,8,6,1,7,5,1,10,1,11,8,1,22,121.5212453,25.0499718
114,12,06,18,04,2,04大安區,大安區復興南路2段與信義路4段口,0,0,1,1,C03,8,6,5,50,14,9,1,5,4,5,13,2,1,1,4,5,2,12,1,50,2,8,6,1,7,9,1,10,1,14,16,1,21,121.5437118,25.0333553
114,12,06,18,25,2,08士林區,士林區通河街76巷與承德路4段10巷口,0,0,1,1,C03,7,5,5,30,4,1,1,5,4,5,13,4,4,5,5,5,2,15,1,55,2,9,6,1,7,9,1,10,2,11,72,1,22,121.5201545,25.0801192
114,12,06,18,28,2,05中正區,中正區羅斯福路4段與基隆路4段口,0,0,1,1,B03,8,6,5,50,4,2,1,5,4,5,13,1,1,2,2,5,2,16,1,42,3,10,7,1,7,7,1,8,1,4,42,1,22,121.5368976,25.0115028
114,12,06,18,30,2,09北投區,北投區承德路7段與尊賢街243巷口,0,0,2,1,C03,8,6,5,60,4,1,1,5,4,5,13,2,1,1,4,5,2,16,1,31,2,7,5,1,7,6,1,10,2,12,71,1,21,121.5052522,25.1163232
114,12,06,18,38,2,04大安區,大安區仁愛路3段108號,0,0,1,1,B03,8,5,6,50,14,7,1,5,4,5,13,2,1,1,3,1,2,16,2,30,3,10,7,1,7,7,1,8,1,4,100,1,21,121.5397483,25.0379974
114,12,06,18,39,2,12內湖區,內湖區文湖街23號附近側附近,0,0,1,1,H01,8,5,5,50,14,9,1,5,4,5,13,4,4,8,5,5,2,3,2,61,2,1,4,5,8,16,8,20,1,16,123,1,21,121.5611668,25.0863914
114,12,06,18,43,2,07信義區,信義區松仁路130號,0,0,1,1,B12,7,5,5,50,14,9,1,5,4,5,13,4,4,3,3,5,2,12,2,41,3,10,3,4,7,9,1,8,9,2,44,1,21,121.5682462,25.0340986
114,12,06,18,52,2,07信義區,信義區忠孝東路5段790巷47弄與忠孝東路5段790巷口,0,0,2,1,C03,8,5,5,30,4,1,1,5,4,5,13,4,4,10,5,5,2,16,1,36,2,9,5,1,7,9,1,10,1,11,72,1,21,121.5833241,25.0411328
114,12,06,18,57,2,08士林區,士林區文林路與文林路594巷口,0,0,3,1,C03,8,5,5,40,4,1,1,5,4,5,13,3,1,5,5,5,2,3,2,64,2,1,6,1,7,9,1,10,1,11,44,1,21,121.5236988,25.09845273
114,12,06,19,05,2,09北投區,北投區大業路與大興街口,0,0,1,1,B03,8,5,5,60,3,2,1,5,4,5,13,1,1,9,4,4,1,17,1,26,3,10,7,1,7,6,1,8,1,17,71,1,21,121.4972102,25.1295852
114,12,06,19,10,2,08士林區,士林區延平北路5段145號,0,0,1,1,B01,7,5,5,50,14,9,1,5,4,5,13,4,4,1,4,5,2,17,1,45,3,10,7,1,7,9,1,4,2,1,42,1,22,121.5102577,25.0820302
114,12,06,19,29,2,11南港區,南港區舊莊街1段與研究院路2段口,0,0,1,1,C03,7,5,5,50,3,2,1,5,4,5,13,2,1,1,4,5,2,37,1,21,2,9,6,1,7,9,1,10,5,11,16,1,21,121.6170667,25.0422564
114,12,06,19,39,2,11南港區,南港區向陽路北往南方向，南港分局向陽公車停靠站,0,0,1,1,A02,7,5,8,50,22,22,1,5,4,5,13,4,4,10,4,5,2,9,1,60,3,10,7,1,7,15,1,2,9,2,118,1,21,121.593934,25.0557586
114,12,06,19,59,2,12內湖區,內湖區環東大道（往內湖匝道）,0,0,2,1,B02,8,5,8,80,10,9,1,5,4,5,13,4,4,1,4,5,2,13,1,29,3,10,7,1,7,9,1,8,1,1,16,1,21,121.5749515,25.0535565
114,12,06,20,10,2,02萬華區,萬華區艋舺大道112號,0,0,1,1,B01,8,5,5,50,14,9,1,5,4,5,13,4,4,1,4,5,2,17,1,54,3,10,7,1,7,8,1,2,1,17,101,1,21,121.5024556,25.0332313
114,12,06,21,30,2,04大安區,大安區忠孝東路4段147巷與敦化南路1段187巷口,0,0,1,1,C03,8,5,8,30,4,1,1,5,4,5,13,4,4,10,4,5,2,15,1,24,2,8,6,1,7,9,1,10,1,11,72,1,21,121.5496578,25.042602
114,12,06,22,23,2,10文山區,文山區萬美街2段147號,0,0,1,1,B01,8,5,5,40,14,9,1,5,4,5,13,4,4,5,5,4,2,14,1,67,3,10,7,1,7,2,1,4,1,7,12,1,21,121.5584483,25.0059305
114,12,06,22,41,2,04大安區,大安區和平東路1段與新生南路2段口,0,0,1,1,B03,8,5,5,50,4,2,1,5,4,5,13,2,1,8,3,5,1,17,1,24,3,10,7,1,7,6,1,8,1,5,9,1,25,121.5347298,25.0261858
114,12,06,22,53,2,11南港區,南港區南港路2段與向陽路120巷口口,0,0,2,1,C03,8,5,5,30,3,2,1,5,4,5,13,3,1,3,4,5,2,17,1,24,2,8,6,1,7,9,1,10,1,14,73,1,21,121.5952584,25.0545934
114,12,06,23,00,2,03中山區,中山區華陰街15號,0,0,1,1,B02,7,5,5,30,14,9,1,5,4,5,13,4,4,10,5,5,2,17,2,24,3,10,7,1,7,9,1,8,1,1,108,1,21,121.5200978,25.0491631
114,12,07,01,36,2,04大安區,大安區光復南路280巷與延吉街口,0,0,3,1,B01,8,5,5,30,4,2,1,5,4,5,13,4,4,4,3,5,1,17,1,41,3,10,7,1,7,5,1,4,1,17,72,1,26,121.5548784,25.0397356
114,12,07,02,21,2,10文山區,文山區辛亥路4段與興隆路3段口,0,0,1,1,C04,7,5,5,50,4,1,1,5,4,5,13,2,1,1,4,5,2,16,2,23,2,8,6,1,7,5,1,10,1,14,8,1,21,121.5545575,25.0008747
114,12,07,06,22,2,02萬華區,萬華區堤外便道臺北農產採購專區30,0,0,2,1,C03,8,6,5,50,14,9,1,5,4,5,13,4,4,9,5,5,2,17,1,54,2,8,6,1,7,5,1,9,1,11,8,1,21,121.4988457,25.01622162
114,12,07,09,07,2,07信義區,信義區松高路與逸仙路口,0,0,1,1,C03,8,7,5,50,4,1,1,5,4,5,13,2,1,9,4,5,2,16,1,26,2,9,5,1,7,5,1,10,2,11,83,1,21,121.5615995,25.0392081
114,12,07,09,18,2,10文山區,文山區萬壽路13號,0,0,1,1,C03,8,7,5,50,14,9,1,5,4,5,13,4,4,10,5,5,2,9,1,19,3,10,6,1,7,1,1,10,9,17,42,1,21,121.575952,24.9880095
114,12,07,10,07,2,12內湖區,內湖區成功路4段與成功路4段61巷口,0,0,1,1,B03,8,6,5,50,4,1,1,5,4,4,8,1,1,1,4,4,1,17,1,77,3,10,7,1,7,11,1,8,1,5,10,1,21,121.5922022,25.0820802
114,12,07,11,00,2,07信義區,信義區松山路與虎林街119巷口,0,0,1,1,F01,8,6,5,50,3,2,1,5,4,5,13,2,1,1,5,5,2,17,1,81,3,10,3,4,7,9,8,20,2,17,81,1,22,121.5777936,25.0420266
114,12,07,11,26,2,05中正區,中正區濟南路1段1號,0,0,1,1,C03,8,7,5,40,14,8,1,5,3,4,13,4,4,4,3,4,2,29,1,28,2,9,5,1,7,9,1,10,2,12,108,1,26,121.5203795,25.0430677
114,12,07,11,35,2,08士林區,士林區社中街298巷與社中街346巷4弄口,0,0,1,1,F01,8,6,5,30,4,1,1,5,4,5,13,4,4,10,5,5,2,16,2,58,2,9,4,1,7,6,8,20,1,14,72,1,26,121.5058457,25.0928098
114,12,07,11,37,2,07信義區,信義區信安街與嘉興街181巷口口,0,0,1,1,C03,8,6,5,30,14,9,1,5,4,5,13,1,1,4,5,5,2,12,1,43,2,9,6,1,7,15,1,10,1,15,101,1,21,121.5575248,25.0263101
114,12,07,11,42,2,05中正區,中正區信義路2段253號,0,0,2,1,F01,8,6,7,0,14,23,1,5,4,5,13,4,4,10,5,5,2,11,1,15,2,2,2,4,7,15,8,20,2,15,108,1,15,121.5313859,25.0337661
114,12,07,11,51,2,12內湖區,內湖區康寧路1段與康寧路口側附近1段48巷口,0,0,1,1,C03,8,6,5,30,3,2,1,5,4,5,13,4,4,4,5,5,2,17,2,49,3,10,6,1,7,5,1,10,1,17,8,1,21,121.591922,25.0802517
114,12,07,11,55,2,05中正區,中正區愛國西路與延平南路口,0,0,2,1,C03,8,6,5,50,5,1,1,5,4,5,13,2,1,1,4,5,2,16,1,33,2,8,5,1,7,6,1,10,1,12,9,1,22,121.5081294,25.03703127
114,12,07,11,56,2,01大同區,大同區承德路2段與萬全街口,0,0,2,1,C03,8,6,5,50,4,1,1,5,4,5,13,2,1,1,5,5,2,13,2,21,2,9,6,1,7,9,3,18,2,11,16,1,22,121.5180925,25.0585829
114,12,07,12,02,2,05中正區,中正區重慶南路3段63號,0,0,2,1,C03,8,6,5,50,14,9,1,5,4,5,13,4,4,1,4,5,2,13,1,40,2,8,5,1,7,9,1,10,1,14,16,1,21,121.5163181,25.0263324
114,12,07,12,30,2,10文山區,文山區木柵路5段1之6號對面（停車格26號）,0,0,2,1,B03,8,7,5,50,14,9,1,5,4,5,13,4,4,4,4,5,2,17,1,59,3,10,7,1,7,1,1,8,1,17,19,1,21,121.5795572,25.0011722
114,12,07,12,50,2,11南港區,南港區南港路2段與南港路2段38巷口,0,0,1,1,C03,8,6,5,40,4,2,1,5,4,5,13,1,1,5,4,4,2,17,1,19,2,9,5,1,7,9,3,18,1,11,16,1,21,121.6052395,25.0541291
114,12,07,13,49,2,12內湖區,內湖區潭美街與成功路2段口,0,0,2,1,C03,8,6,5,40,3,2,1,5,4,5,13,2,1,5,4,4,2,13,2,41,2,7,5,1,7,9,1,10,1,11,16,1,21,121.5915863,25.0599768
114,12,07,13,59,2,02萬華區,萬華區堤外便道自行車道北向南近華江橋,0,0,2,1,F01,8,6,5,0,14,23,1,5,4,5,13,4,4,10,5,5,2,13,1,28,2,9,4,1,7,9,8,20,1,11,16,1,21,121.4906511,25.0360325
114,12,07,14,00,2,06松山區,松山區敦化北路60巷與敦化北路口,0,0,1,1,C03,8,6,5,40,3,1,1,5,4,1,13,4,4,1,4,4,2,13,2,55,2,9,6,1,7,9,1,10,1,11,42,1,22,121.5487176,25.05096343
114,12,07,14,10,2,01大同區,大同區環河北路2段與民權西路口,0,0,1,1,B03,8,6,5,50,4,1,2,5,4,5,13,4,4,9,4,5,2,12,1,57,3,10,7,4,7,7,1,8,1,7,102,1,21,121.5088301,25.06358
114,12,07,14,21,2,02萬華區,萬華區西寧南路36-93號,0,0,1,1,B01,8,7,5,50,14,9,1,5,4,5,13,1,1,10,4,5,2,17,1,39,3,10,7,1,7,14,1,4,1,6,40,1,21,121.5065613,25.0450665
114,12,07,14,21,2,05中正區,中正區市民大道2段與金山北路口,0,0,1,1,B03,8,6,5,40,4,1,1,5,4,5,13,2,1,10,5,5,2,12,1,56,3,10,3,4,7,7,1,8,1,4,100,1,21,121.5212412,25.0477769
114,12,07,14,25,2,05中正區,中正區古亭河濱公園,0,0,1,1,F01,8,6,8,50,22,22,1,5,4,5,13,4,4,9,4,5,1,10,1,9,3,10,4,4,7,15,8,20,1,11,4,1,14,121.526975,25.0122486
114,12,07,14,34,2,04大安區,大安區新生南路1段與忠孝東路3段口,0,0,1,1,B03,8,6,5,40,4,1,1,5,4,5,13,2,1,10,5,5,2,16,2,51,3,10,3,4,7,6,1,8,1,5,80,1,22,121.5331075,25.0422293
114,12,07,14,39,2,01大同區,大同區延平北路3段與迪化街2段口,0,0,1,1,C03,8,6,5,50,4,2,1,5,4,5,13,2,1,5,4,5,2,17,1,57,3,10,6,4,7,5,1,10,2,11,4,1,22,121.510869,25.0683608
114,12,07,14,42,2,04大安區,大安區復興南路1段與東豐街口,0,0,2,1,B03,8,6,5,50,4,1,1,5,4,5,13,2,1,1,4,5,2,16,2,64,3,10,7,1,7,5,1,8,1,6,8,1,21,121.5435779,25.0361025
114,12,07,15,36,2,04大安區,大安區復興南路2段與復興南路2段151巷口,0,0,2,1,C03,8,6,5,50,4,1,1,5,4,5,13,2,1,1,4,5,1,16,1,24,2,8,6,4,7,6,1,10,1,12,9,1,21,121.543575,25.0283785
114,12,07,15,59,2,12內湖區,內湖區成功路2段與成功交流道口,0,0,1,1,B03,8,6,5,50,4,1,1,5,4,5,13,2,1,1,4,5,2,12,1,60,3,10,7,1,7,8,1,8,2,2,100,1,21,121.5903936,25.064229
114,12,07,16,09,2,11南港區,南港區忠孝東路5段與玉成街口口,0,0,2,1,B03,8,6,5,50,4,1,1,5,4,5,13,2,1,5,5,5,2,17,1,34,3,10,7,1,7,6,3,18,2,1,68,1,21,121.5829871,25.0451663
114,12,07,16,12,2,05中正區,中正區中正河濱公園,0,0,1,1,F02,8,6,5,50,14,9,1,5,4,5,13,4,4,9,4,5,2,2,1,22,2,9,4,1,7,9,8,20,1,17,16,1,21,121.5140547,25.02228844
114,12,07,16,20,2,05中正區,中正區漢口街1段59號,0,0,2,1,H01,8,6,5,0,14,9,1,5,4,4,12,4,4,10,4,5,2,3,2,28,2,9,4,5,8,18,8,20,10,16,121,1,22,121.512279,25.04518729
114,12,07,16,30,2,07信義區,信義區林口街與福德街口,0,0,1,1,C03,8,7,5,40,4,1,1,5,4,5,13,1,1,9,4,5,2,17,2,19,3,10,5,1,7,5,3,18,9,17,8,1,21,121.5793097,25.0362053
114,12,07,16,53,2,01大同區,大同區西寧北路與鄭州路口,0,0,2,1,C04,7,6,5,50,4,1,1,5,4,5,13,2,1,1,4,5,2,17,2,22,2,9,6,4,7,5,1,10,1,12,108,1,22,121.5080486,25.0505251
114,12,07,17,27,2,04大安區,大安區樂利路與安和路2段181巷口,0,0,1,1,B03,8,5,5,30,4,1,1,5,4,5,13,4,4,10,5,5,1,3,1,71,3,10,3,4,7,5,1,8,1,1,70,1,21,121.5514177,25.0275126
114,12,07,17,27,2,07信義區,信義區市民大道6段與松信路口,0,0,2,1,C03,8,5,5,50,4,1,1,5,4,5,13,1,1,9,4,5,2,13,1,20,2,9,5,4,7,9,1,10,1,13,16,1,21,121.5720009,25.0492259
114,12,07,18,15,2,08士林區,士林區延平北路7段106巷94弄與延平北路7段106巷口,0,0,1,1,C03,7,5,5,30,3,1,1,5,4,5,13,4,4,10,5,5,1,17,1,25,2,9,6,1,7,9,1,10,1,14,107,1,21,121.496264,25.0995539
114,12,07,18,37,2,03中山區,中山區遼寧街185巷15號,0,0,1,1,B03,8,5,5,50,14,9,1,5,4,5,13,4,4,9,5,5,2,16,1,45,3,10,7,1,7,6,1,8,1,2,80,1,21,121.5432965,25.053292
114,12,07,18,45,2,08士林區,士林區仰德大道1段與至誠路1段口,0,0,1,1,H01,8,5,5,40,5,1,1,5,4,5,13,2,1,4,4,5,1,9,1,41,2,8,4,5,8,16,8,20,10,16,121,1,21,121.5375278,25.1008832
114,12,07,19,04,2,04大安區,大安區基隆路2段與和平東路3段98巷口,0,0,1,1,C03,7,5,6,50,3,2,1,5,4,5,13,4,4,1,4,5,2,17,1,50,2,9,3,4,7,9,1,10,1,15,14,1,22,121.551343,25.0234329
114,12,07,19,06,2,01大同區,大同區延平北路2段180號,0,0,1,1,B03,7,5,5,50,14,9,1,5,4,5,13,4,4,5,4,5,2,17,1,45,3,10,7,4,7,15,1,8,1,8,40,1,21,121.5114698,25.05853174
114,12,07,19,09,2,06松山區,松山區東寧路與八德路4段204巷6弄口,0,0,1,1,B03,8,5,5,50,3,1,1,5,4,5,13,4,4,5,4,5,2,16,1,27,3,10,7,1,7,11,1,8,1,4,10,1,22,121.5628087,25.0480649
114,12,07,19,22,2,12內湖區,內湖區舊宗路2段與港墘路口側附近口,0,0,1,1,C03,8,5,5,50,14,9,1,5,4,5,13,4,4,1,4,5,1,13,2,22,2,7,6,1,7,9,1,10,1,11,108,1,21,121.5727447,25.0742109
114,12,07,19,56,2,02萬華區,萬華區康定路與康定路287巷口,0,0,1,1,H01,7,5,5,50,4,2,1,5,4,5,13,2,1,4,4,4,2,9,1,59,2,9,4,5,8,16,8,20,10,16,54,1,21,121.5010032,25.0339837
114,12,07,20,00,2,02萬華區,萬華區西園路2段與莒光路口,0,0,3,1,C03,8,5,5,50,3,2,1,5,4,5,13,2,1,1,4,5,2,17,2,25,2,9,6,1,7,9,1,10,1,11,108,1,21,121.4966651,25.03096562
114,12,07,20,07,2,01大同區,大同區淡水河濱自行車道(民族-敦煌),0,0,2,1,F01,7,5,5,0,14,23,1,5,4,5,13,4,4,9,4,5,2,9,1,16,2,9,4,4,7,9,8,20,1,15,44,1,21,121.5088887,25.0743968
114,12,07,20,30,2,08士林區,士林區社子街22巷與社子街52巷口,0,0,3,1,C03,8,5,5,30,4,1,1,5,4,5,13,4,4,10,5,5,2,15,1,48,2,8,6,1,7,9,1,10,2,12,72,1,21,121.5073078,25.0870215
114,12,07,21,24,2,09北投區,北投區西安街1段與建民路口,0,0,2,1,C03,8,5,5,50,3,2,1,5,4,5,13,4,4,10,4,5,1,12,2,49,2,9,6,1,7,9,1,10,1,12,17,1,22,121.5182961,25.1101269
114,12,07,23,01,2,09北投區,北投區承德路7段臨1-2號號,0,0,2,1,C03,8,5,5,60,14,9,1,5,4,5,13,1,1,1,4,1,2,13,2,21,2,9,5,1,7,9,1,10,1,11,16,1,21,121.510583,25.1110291
114,12,07,23,39,2,06松山區,松山區敦化北路南往北第0205638號燈桿,0,0,1,1,B02,8,5,5,50,14,9,1,4,4,5,13,2,1,1,5,5,2,13,2,32,3,10,3,4,7,9,1,8,1,1,105,1,21,121.5508194,25.06103117
114,12,07,23,50,2,10文山區,文山區萬美街1段與萬和街口,0,0,2,1,C03,8,5,5,40,3,1,1,5,4,5,13,2,1,10,5,5,1,17,1,27,2,7,5,1,7,5,1,10,1,11,71,1,21,121.5667915,25.0020661
114,12,07,23,55,2,05中正區,中正區林森北路7號對面,0,0,2,1,F01,8,5,5,50,14,9,1,5,4,5,13,4,4,7,4,5,2,12,1,63,2,3,4,1,7,9,8,20,8,12,21,1,22,121.5235459,25.0457167
114,12,08,01,41,2,07信義區,信義區永吉路30巷與永吉路30巷102弄口,0,0,1,1,B01,7,5,5,30,4,1,1,5,4,5,13,4,4,9,5,5,2,17,1,66,3,10,7,1,7,12,1,4,9,17,44,1,21,121.5687601,25.0436368
114,12,08,05,56,2,11南港區,南港區興中路與興中路44巷口,0,0,2,1,C03,6,5,5,50,3,1,1,4,4,5,13,3,1,5,5,5,2,3,1,70,2,9,6,1,7,9,1,10,9,11,70,1,21,121.6071385,25.0561973
114,12,08,06,59,2,04大安區,大安區新生南路1段與新生南路1段103巷口,0,0,1,1,B02,6,6,5,50,3,2,1,4,4,5,13,4,4,1,5,4,1,16,1,59,3,10,3,4,7,6,1,8,2,3,9,1,21,121.5329683,25.0406421
114,12,08,07,26,2,04大安區,大安區麗水街與永康街2巷口,0,0,1,1,B01,7,6,5,30,4,2,1,4,4,5,13,4,4,9,2,5,1,17,1,35,3,10,3,4,7,9,1,4,2,17,72,1,21,121.529137,25.0332354
114,12,08,07,35,2,08士林區,士林區中正路與基河路口,0,0,1,1,C03,7,6,5,50,4,1,1,5,4,5,13,1,1,3,2,5,2,18,1,25,2,7,6,1,7,9,1,9,1,14,42,1,28,121.5200879,25.09330403
114,12,08,07,42,2,06松山區,松山區光復北路230巷與民生東路4段112巷口,0,0,2,1,B01,7,5,5,30,14,9,1,5,4,5,13,4,4,9,4,5,2,12,1,60,3,10,7,1,7,1,1,8,1,4,19,1,22,121.5545448,25.0562096
114,12,08,07,45,2,12內湖區,內湖區成功路2段323巷與成功路2段317巷50弄口口,0,0,1,1,C03,6,6,5,30,3,1,1,4,4,5,13,4,4,9,5,5,2,16,2,39,3,10,5,1,7,5,1,10,1,12,72,1,21,121.5916193,25.0704221
114,12,08,07,49,2,03中山區,中山區龍江路與龍江路91巷口,0,0,1,1,B03,6,6,5,30,5,2,1,4,4,5,13,4,4,9,4,5,1,17,1,42,3,10,7,1,7,9,1,8,1,17,72,1,21,121.5404969,25.0512912
114,12,08,08,29,2,04大安區,大安區市民大道3段與復興南路1段口,0,0,2,1,C03,7,6,5,50,4,1,1,5,4,5,13,2,1,1,4,5,1,13,2,55,2,9,5,4,7,9,1,10,1,11,16,1,21,121.5437613,25.0448337
114,12,08,08,34,2,07信義區,信義區松德路159號,0,0,1,1,B03,7,6,5,30,14,9,1,5,4,5,13,2,1,1,2,5,2,17,1,77,3,10,3,4,7,9,1,8,2,17,101,1,21,121.574731,25.0365169
114,12,08,08,45,2,07信義區,信義區吳興街156巷65弄與吳興街156巷33弄口,0,0,2,1,C03,8,6,5,30,4,1,1,5,4,5,13,4,4,10,5,5,2,15,2,27,2,7,5,1,7,9,1,10,1,11,108,1,21,121.559116,25.0280484
114,12,08,09,28,2,05中正區,中正區和平西路2段100號對面,0,0,1,1,C03,8,6,5,50,14,9,1,5,4,5,13,4,4,1,4,5,2,13,2,41,2,9,5,1,7,8,1,10,2,11,16,1,21,121.510435,25.02999843
114,12,08,09,30,2,01大同區,大同區塔城街與長安西路口,0,0,1,1,B03,8,7,5,50,4,1,1,5,4,5,13,1,1,5,4,5,2,15,1,86,3,10,7,1,7,9,1,8,1,1,81,1,21,121.5104623,25.0520784
114,12,08,11,18,2,03中山區,中山區民族西路與玉門街口,0,0,3,1,C03,7,6,5,50,4,1,1,5,4,5,13,2,1,4,5,5,1,16,2,77,2,9,3,4,7,5,3,18,1,11,98,1,21,121.5200996,25.0683904
114,12,08,11,18,2,03中山區,中山區長安東路2段與松江路口側附近口,0,0,3,1,E01,8,7,5,50,14,7,1,5,4,5,13,1,1,9,4,4,1,10,1,26,2,7,7,1,7,9,1,4,2,2,44,1,21,121.5330345,25.048443
114,12,08,11,22,2,05中正區,中正區汀州路3段與基隆路4段口,0,0,1,1,C03,8,6,6,50,4,1,1,5,4,5,13,1,1,1,4,5,2,13,2,32,2,9,5,1,7,9,1,10,1,11,16,1,21,121.5361644,25.0110388
114,12,08,11,42,2,05中正區,中正區臨沂街與臨沂街6巷口,0,0,1,1,B01,8,6,5,30,4,1,1,5,4,5,13,4,4,10,5,5,2,15,1,54,3,10,7,4,7,1,1,4,1,8,72,1,21,121.5306081,25.0423599
114,12,08,11,54,2,07信義區,信義區富陽街55巷與崇德街146巷口,0,0,2,1,C03,7,6,5,30,4,1,1,5,4,5,13,3,1,10,5,5,2,15,2,54,2,8,5,1,7,9,1,10,1,11,72,1,21,121.5577322,25.0227255
114,12,08,12,12,2,01大同區,大同區重慶北路3段113巷與大龍街口,0,0,1,1,C03,8,5,5,50,4,1,1,5,4,5,13,2,1,5,2,5,2,11,2,50,2,9,5,1,7,9,1,8,1,11,101,1,21,121.5158682,25.0673017
114,12,08,12,20,2,08士林區,士林區美崙街112號,0,0,2,1,C03,8,6,5,50,14,9,1,5,4,5,13,4,4,8,4,5,1,10,2,60,2,9,6,1,7,15,1,10,1,11,80,1,21,121.5197828,25.0969753
114,12,08,12,31,2,05中正區,中正區水源快速道路(往師大路方向),0,0,1,1,B03,8,6,5,60,14,9,1,5,4,5,13,4,4,10,4,5,1,17,1,69,3,10,7,1,7,8,1,8,11,2,100,2,21,121.5217264,25.0204384
114,12,08,12,43,2,02萬華區,萬華區康定路與內江街口,0,0,1,1,B03,7,6,5,0,4,2,1,5,4,5,13,2,1,9,4,5,1,12,4,0,,,,,,,,,11,,119,2,,121.5019813,25.0416997