發生年度,發生月,發生日,發生時-Hours,發生分,處理別-編號,區序,肇事地點,死亡人數,2-30日死亡人數,受傷人數,當事人序號,車種,天候,光線,道路類別,速限-速度限制,道路型態,事故位置,路面狀況1,路面狀況2,路面狀況3,道路障礙1,道路障礙2,號誌1,號誌2,車道劃分-分向,車道劃分-分道1,車道劃分-分道2,車道劃分-分道3,事故類型及型態,性別,年齡,受傷程度,主要傷處,保護裝置,行動電話,車輛用途,當事者行動狀態,駕駛資格情形,駕駛執照種類,飲酒情形,車輛撞擊部位1,肇因碼-個別,個人肇逃否,職業,座標-X,座標-Y
114,12,08,12,55,2,03中山區,中山區明水路與明水路397巷口,0,0,3,1,C03,7,7,5,50,3,1,1,5,4,5,13,1,1,1,4,5,2,16,2,20,2,9,6,1,7,5,1,10,1,14,8,1,21,121.5474768,25.07736073
114,12,08,13,04,2,09北投區,北投區學園路城科大門口,0,0,1,1,C03,8,6,5,30,14,9,1,5,4,5,13,1,1,4,3,5,2,16,1,58,3,10,5,1,7,11,1,10,1,11,10,1,21,121.4674399,25.1328415
114,12,08,13,16,2,10文山區,文山區興隆路2段244巷與興隆路2段244巷口(28號前),0,0,1,1,B03,7,6,5,30,3,1,1,5,4,5,13,4,4,5,5,5,2,17,1,32,3,10,7,1,7,14,1,8,1,4,40,1,21,121.5533924,25.0000945
114,12,08,13,32,2,04大安區,大安區忠孝東路4段與仁愛路4段71巷口,0,0,1,1,C03,8,6,5,30,4,1,1,5,4,5,13,2,1,1,5,5,2,13,2,40,2,9,6,1,7,9,1,10,1,11,16,1,21,121.5471724,25.0415589
114,12,08,13,52,2,03中山區,中山區建國北路1段42巷與建國北路1段口,0,0,1,1,B01,8,7,5,50,14,7,1,5,4,5,13,4,4,10,4,5,1,5,4,0,4,11,3,4,7,9,7,19,11,2,119,2,22,121.536432,25.0480688
114,12,08,14,30,2,04大安區,大安區通化街203巷3號,0,0,1,1,B03,8,6,5,30,14,9,1,5,4,5,13,4,4,10,5,5,1,9,1,40,3,10,3,4,7,2,1,8,2,3,12,1,21,121.553443,25.0266021
114,12,08,14,53,2,08士林區,士林區承德路5段與通河東街2段口,0,0,1,1,C03,6,6,5,30,4,2,1,4,4,5,13,2,1,1,4,4,1,17,1,49,2,9,5,1,7,5,1,9,2,17,44,1,21,121.5230285,25.11608414
114,12,08,15,00,2,04大安區,大安區信義路4段208號,0,0,1,1,B12,7,6,5,50,14,9,1,5,4,5,13,4,4,1,4,5,1,12,1,38,3,10,3,4,7,9,1,8,2,2,44,1,21,121.5518015,25.0331307
114,12,08,15,43,2,11南港區,南港區研究院路1段與南港路1段口,0,0,1,1,C01,7,7,5,50,4,2,1,5,4,5,13,2,1,5,4,5,2,13,1,29,2,8,6,1,7,9,1,10,1,11,16,1,21,121.6163082,25.0551616
114,12,08,15,53,2,07信義區,信義區吳興街284巷與吳興街260巷21弄口,0,0,1,1,C03,8,7,5,30,3,1,1,5,4,5,13,4,4,10,5,5,2,17,1,22,2,9,6,1,7,9,1,10,1,12,42,1,25,121.5638804,25.02539528
114,12,08,16,37,2,10文山區,文山區萬樂街與萬和街口口,0,0,1,1,B03,6,6,5,40,3,1,1,4,4,5,13,4,4,10,5,5,2,16,1,62,3,10,7,1,7,5,1,8,1,1,72,1,21,121.5690451,24.9994356
114,12,08,16,40,2,04大安區,大安區和平東路1段190號附近側附近,0,0,1,1,B03,7,6,5,40,14,8,1,5,4,5,13,4,4,1,4,4,2,13,1,31,3,10,3,4,7,1,1,8,1,1,42,1,22,121.5306228,25.0263055
114,12,08,16,50,2,03中山區,中山區中原街與民生東路2段口,0,0,2,1,C03,8,7,5,50,4,1,1,5,4,5,13,2,1,5,2,5,2,17,2,36,2,9,5,1,7,9,1,10,1,11,42,1,21,121.5289824,25.0580672
114,12,08,17,20,2,01大同區,大同區南京西路與西寧北路口,0,0,1,1,C03,8,5,5,50,4,2,1,5,4,5,13,1,1,5,5,5,2,16,1,68,2,8,6,1,7,1,1,10,1,12,19,1,21,121.5087567,25.0535885
114,12,08,17,33,2,01大同區,大同區長安西路與南京西路434巷口,0,0,1,1,C03,7,5,5,30,3,1,1,5,4,5,13,4,4,5,4,5,2,17,1,58,3,10,6,4,7,6,1,10,2,14,72,1,22,121.5087436,25.0521067
114,12,08,17,37,2,05中正區,中正區羅斯福路2段與同安街口,0,0,2,1,C04,6,6,5,50,3,1,1,4,4,5,13,1,1,3,4,5,2,17,2,57,2,9,5,1,7,6,1,11,2,12,9,1,21,121.52322,25.0258076
114,12,08,17,40,2,04大安區,大安區和平東路3段與敦化南路2段口,0,0,2,1,B03,6,5,5,50,4,1,1,4,4,5,13,2,1,10,5,5,2,16,1,18,3,10,3,4,7,5,1,8,2,5,80,1,22,121.5489438,25.0244629
114,12,08,17,52,2,05中正區,中正區中華路2段與愛國西路口,0,0,1,1,C03,6,5,5,50,4,2,1,4,4,5,13,1,1,1,4,5,2,17,1,52,2,8,5,1,7,7,3,18,1,14,95,1,22,121.5068141,25.0367909
114,12,08,18,03,2,05中正區,中正區牯嶺街與寧波西街口口,0,0,1,1,B11,6,5,5,50,4,1,1,4,4,5,13,1,1,5,5,5,2,13,1,49,3,10,3,4,7,9,1,1,1,5,108,1,26,121.5162865,25.0301905
114,12,08,18,10,2,05中正區,中正區愛國西路與延平南路口口,0,0,2,1,C03,6,5,5,50,4,1,1,4,4,5,13,1,1,1,4,5,2,16,2,37,2,8,5,1,7,6,1,11,9,12,9,1,21,121.5079017,25.0366093
114,12,08,18,15,2,04大安區,大安區潮州街98巷與潮州街98巷11弄口,0,0,1,1,B03,6,5,5,30,4,19,1,4,4,5,13,4,4,10,5,5,2,3,1,62,3,10,3,4,7,5,1,8,1,8,70,1,21,121.5252452,25.0284403
114,12,08,18,19,2,06松山區,松山區民權東路4段與光復北路口,0,0,1,1,C03,6,5,5,50,4,1,1,4,4,5,13,1,1,1,3,5,2,17,1,25,3,10,6,1,7,9,1,10,1,11,16,1,21,121.5545932,25.0620194
114,12,08,18,20,2,12內湖區,內湖區金莊路129號,0,0,1,1,B03,6,5,5,50,14,9,1,4,4,5,13,4,4,9,5,5,2,16,2,43,3,10,7,1,7,5,1,8,1,5,8,1,21,121.5877013,25.0641691
114,12,08,18,24,2,10文山區,文山區景隆街36巷與景興路10巷口口,0,0,1,1,C03,6,5,5,30,4,1,1,4,4,5,13,4,4,10,5,5,2,16,2,28,2,8,6,1,7,1,1,10,1,11,19,1,21,121.5438694,24.9980794
114,12,08,18,25,2,10文山區,文山區羅斯福路5段116號,0,0,2,1,C03,6,5,5,50,14,9,1,4,4,5,13,4,4,1,4,5,2,13,1,28,2,9,6,1,7,12,1,10,1,11,108,1,21,121.5389191,25.0058527
114,12,08,18,34,2,03中山區,中山區北安路與崇實路口,0,0,2,1,B03,8,5,5,50,4,2,1,5,4,5,13,1,1,1,1,5,1,17,1,43,3,10,7,1,7,8,1,10,1,17,100,1,21,121.5445043,25.0794439
114,12,08,18,40,2,02萬華區,萬華區康定路與桂林路口,0,0,1,1,B03,8,5,5,50,4,1,1,4,4,5,13,1,1,9,4,5,2,17,1,31,3,10,7,4,7,5,1,8,1,6,71,1,21,121.4992905,25.03754615
114,12,08,18,43,2,06松山區,松山區富錦街與富錦街535巷口,0,0,1,1,B03,8,5,5,50,3,1,1,5,4,5,13,4,4,9,4,5,2,12,1,44,3,10,7,4,7,15,1,8,1,4,40,1,22,121.5656841,25.06125361
114,12,08,18,57,2,10文山區,文山區辛亥路4段與辛亥路4段101巷口,0,0,1,1,C03,6,5,5,50,14,9,1,4,4,5,13,2,1,5,4,5,2,13,1,59,2,9,6,1,7,9,1,10,1,11,16,1,21,121.5583832,25.0064618
114,12,08,19,23,2,10文山區,文山區辛亥路7段與忠順街1段口口,0,0,1,1,B03,6,5,5,30,3,18,1,4,4,5,13,2,1,10,5,5,2,3,4,0,4,11,3,4,7,5,7,19,9,1,70,2,22,121.5541729,24.9831827
114,12,08,19,26,2,01大同區,大同區重慶北路2段74號,0,0,1,1,C03,7,5,5,50,14,9,1,5,4,5,13,4,4,1,5,5,2,12,2,65,2,9,6,1,7,7,1,10,2,12,100,1,21,121.5137729,25.0563561
114,12,08,20,16,2,04大安區,大安區基隆路3段與辛亥路3段口,0,0,3,1,C03,6,5,5,50,4,1,1,4,4,5,13,2,1,8,3,5,1,17,1,34,2,7,5,1,7,8,1,10,1,12,100,1,21,121.5464047,25.0191469
114,12,08,20,19,2,03中山區,中山區錦州街與合江街口,0,0,1,1,B03,6,5,5,50,14,9,1,4,4,5,13,2,1,9,5,5,2,12,2,34,3,10,7,1,7,1,1,8,1,4,80,1,21,121.5390831,25.0602711
114,12,08,20,58,2,06松山區,松山區北寧路40號,0,0,1,1,B03,6,5,5,40,14,8,1,4,4,5,13,4,4,5,4,4,2,17,1,55,3,10,7,1,7,15,1,8,1,4,40,1,22,121.5525989,25.0497177
114,12,08,21,09,2,03中山區,中山區復興北路514巷與民權東路3段39巷口,0,0,1,1,C03,6,5,5,50,3,1,1,4,4,5,13,4,4,5,5,5,2,17,2,22,2,8,6,1,7,9,1,10,9,14,44,1,21,121.5425649,25.0660055
114,12,08,21,30,2,12內湖區,內湖區潭美街0309053燈桿附近,0,0,3,1,C03,6,5,5,50,11,9,1,4,4,5,13,4,4,10,3,5,1,17,1,22,2,9,6,1,7,12,1,10,2,14,101,1,21,121.6100888,25.06248377
114,12,08,21,35,2,07信義區,信義區中坡北路與永吉路517巷8弄口,0,0,1,1,C03,6,5,5,30,4,1,1,4,4,5,13,1,1,10,5,5,2,9,1,28,3,10,5,4,7,5,1,10,9,13,37,1,21,121.5805132,25.0465699
114,12,08,21,37,2,10文山區,文山區羅斯福路6段與景福街口,0,0,2,1,B03,6,5,5,50,4,1,1,4,4,5,13,2,1,1,4,5,2,16,1,22,3,10,7,1,7,5,1,8,1,2,71,1,21,121.5398862,24.9996125
114,12,08,21,57,2,04大安區,大安區基隆路2段與光復南路口,0,0,1,1,B03,6,5,5,50,14,9,1,4,4,5,13,2,1,1,4,5,2,17,1,32,2,1,7,4,7,9,1,8,1,15,17,1,21,121.557444,25.0296772
114,12,08,22,07,2,03中山區,中山區中山北路2段42號,0,0,1,1,B01,8,5,5,50,14,9,1,5,4,5,13,4,4,9,4,5,2,17,1,46,3,10,7,1,7,1,1,8,9,17,19,2,26,121.5225729,25.05476869
114,12,08,22,10,2,12內湖區,內湖區康寧路1段282號,0,0,1,1,C03,6,5,5,40,14,9,1,4,4,5,13,4,4,9,5,5,2,17,1,18,2,8,6,1,7,9,1,10,2,11,108,1,21,121.5973185,25.0785055
114,12,08,22,15,2,01大同區,大同區大龍街與重慶北路3段243巷口,0,0,1,1,C03,6,5,5,30,5,2,1,4,4,5,13,4,4,9,5,5,2,17,2,31,2,9,6,1,7,9,1,10,2,12,42,1,21,121.515865,25.0713259
114,12,09,01,42,2,03中山區,中山區松江路與民生東路2段口,0,0,1,1,B01,6,5,5,50,4,1,1,4,4,5,13,2,1,1,5,5,2,16,1,32,3,10,7,1,7,5,1,4,1,4,8,1,21,121.5329586,25.0579945
114,12,09,01,45,2,03中山區,中山區北安路554巷21號,0,0,1,1,C03,6,5,5,50,14,9,1,4,4,5,13,4,4,5,5,5,2,17,1,31,2,9,6,1,7,9,1,10,1,11,104,1,21,121.5501866,25.0799405
114,12,09,03,20,2,08士林區,士林區中正路與中正路213巷口,0,0,1,1,C03,6,5,5,50,14,9,1,4,4,3,13,4,4,3,5,5,2,13,1,18,2,8,6,1,7,9,3,18,2,11,16,1,21,121.5263105,25.09536655
114,12,09,06,30,2,03中山區,中山區北安路588巷與北安路578巷8弄口,0,0,1,1,C03,6,6,5,30,4,1,1,4,4,5,13,4,4,9,5,5,2,15,1,54,2,9,6,1,7,9,1,10,9,12,72,1,21,121.549162,25.08109
114,12,09,06,55,2,12內湖區,內湖區陽光街與文德路220巷口,0,0,1,1,B03,6,7,5,50,3,1,1,4,4,5,13,2,1,5,5,5,2,16,1,71,3,10,7,1,7,5,1,8,1,1,71,1,21,121.5880718,25.0770189
114,12,09,07,20,2,10文山區,文山區木柵路2段2號,0,0,2,1,B03,6,6,5,50,14,9,1,4,4,5,13,4,4,5,5,5,1,16,1,46,3,10,7,1,7,6,1,8,1,8,80,1,21,121.5643278,24.9885816
114,12,09,07,25,2,10文山區,文山區興隆路2段97號,0,0,1,1,B02,8,6,5,50,14,9,1,4,4,5,13,4,4,1,4,5,2,17,1,54,3,10,7,1,7,15,1,8,1,2,40,1,21,121.5476411,24.9997214
114,12,09,07,50,2,08士林區,士林區中山北路7段114巷與中山北路7段154巷口,0,0,1,1,C03,6,6,5,50,3,2,1,4,4,5,13,4,4,5,5,5,2,17,2,26,2,7,6,1,7,9,1,10,2,11,42,1,23,121.5332774,25.122521
114,12,09,07,53,2,06松山區,松山區民權東路3段173號,0,0,1,1,B01,6,6,5,50,14,9,1,4,4,5,13,4,4,1,4,5,2,12,1,63,3,10,7,1,7,8,6,4,2,2,42,1,22,121.5476858,25.0621345
114,12,09,07,55,2,05中正區,中正區忠孝東路2段101號,0,0,1,1,B12,6,6,5,50,14,9,1,4,4,5,13,4,4,1,4,5,2,17,1,61,3,10,7,1,7,6,1,8,1,17,101,1,22,121.5321319,25.0426183
114,12,09,07,59,2,02萬華區,萬華區萬大路與艋舺大道口,0,0,1,1,B03,6,7,5,50,14,9,1,4,4,5,13,4,4,9,4,5,1,17,1,72,3,10,3,4,7,9,1,8,1,5,42,1,22,121.5005981,25.0314983
114,12,09,08,12,2,07信義區,信義區松仁路與松仁路202巷口,0,0,1,1,C03,6,5,5,50,3,1,1,4,4,5,13,4,4,9,5,4,2,12,2,47,2,9,3,4,7,11,1,10,1,12,103,1,22,121.5683897,25.0273646
114,12,09,08,37,2,06松山區,松山區復興北路地下道往南(限速標誌),0,0,1,1,C03,6,5,5,40,14,9,1,4,4,5,13,4,4,5,2,5,2,13,1,28,2,9,6,4,7,9,1,10,1,11,13,1,22,121.5442424,25.06965567
114,12,09,08,38,2,08士林區,士林區通河街與通河街179巷口,0,0,1,1,C03,6,6,5,50,3,2,1,4,4,5,13,4,4,9,5,5,1,15,1,30,3,10,5,1,7,1,1,10,1,11,19,1,21,121.519332,25.0815648
114,12,09,08,58,2,03中山區,中山區建國北路3段與民權東路3段口,0,0,1,1,C03,6,6,5,50,5,1,1,4,4,5,13,1,1,1,4,5,2,12,1,34,2,9,6,4,7,9,1,10,1,14,116,1,22,121.537496,25.0624798
114,12,09,09,15,2,05中正區,中正區羅斯福路3段與羅斯福路3段128巷口口,0,0,1,1,C03,6,6,5,50,3,2,1,4,4,5,13,4,4,1,4,5,1,17,1,28,2,7,6,1,7,7,1,9,1,11,100,1,21,121.528295,25.0203496
114,12,09,09,15,2,07信義區,信義區忠孝東路4段550號,0,0,1,1,C03,6,6,5,50,14,16,1,4,4,5,13,4,4,1,4,5,2,18,1,44,2,9,3,4,7,9,1,10,1,12,42,1,22,121.5635043,25.0410997
114,12,09,09,18,2,03中山區,中山區撫順街6-2號,0,0,1,1,B12,6,6,5,50,14,9,1,4,4,5,13,4,4,8,5,5,1,12,1,45,3,10,3,4,7,1,1,8,1,8,19,1,21,121.5215407,25.06372526
114,12,09,09,25,2,06松山區,松山區民權東路3段162號,0,0,1,1,E03,6,7,5,50,14,9,1,4,4,5,13,4,4,9,4,5,2,17,1,45,3,10,7,1,7,3,1,8,2,4,18,1,23,121.5481239,25.06188
114,12,09,09,26,2,07信義區,信義區永吉路與虎林街口口,0,0,1,1,B03,6,6,5,50,4,1,1,4,4,5,13,2,1,1,4,4,2,17,1,51,3,10,3,4,7,8,1,8,1,17,100,1,26,121.5770244,25.0455425
114,12,09,09,44,2,07信義區,信義區忠孝東路5段480號,0,0,1,1,C03,6,6,5,50,14,9,1,4,4,5,13,2,1,1,4,5,2,18,2,41,2,8,5,1,7,9,1,10,1,14,44,1,21,121.5776025,25.0407338
114,12,09,09,48,2,10文山區,文山區木新路3段與興隆路4段口,0,0,1,1,B03,8,5,5,50,3,18,1,5,4,5,13,2,1,10,5,5,1,3,1,76,3,10,7,1,7,6,1,8,9,5,70,2,21,121.5625709,24.9822182
114,12,09,09,53,2,08士林區,士林區大南路86號與大南路口,0,0,2,1,C03,6,6,5,30,4,2,1,4,4,5,13,4,4,10,5,5,1,17,1,25,2,9,5,1,7,9,1,10,1,14,14,1,21,121.5244523,25.08942631
114,12,09,09,57,2,05中正區,中正區重慶南路3段與和平西路1段口,0,0,1,1,B01,6,6,5,50,5,1,1,4,4,5,13,1,1,2,4,5,2,17,1,50,3,10,7,1,7,6,1,4,1,6,9,1,21,121.5160786,25.0271234
114,12,09,10,04,2,01大同區,大同區長安西路與長安西路138巷口,0,0,2,1,C03,6,6,5,50,3,1,1,4,4,5,13,4,4,5,4,5,2,16,1,22,2,8,6,4,7,5,1,10,1,12,74,1,21,121.5177306,25.0506907
114,12,09,10,40,2,04大安區,大安區市民大道3段與安東街40巷口,0,0,1,1,B02,7,7,5,40,3,2,1,5,4,5,13,4,4,9,4,5,2,17,1,51,3,10,7,1,7,6,1,15,2,5,9,1,21,121.5407621,25.0444233
114,12,09,10,56,2,02萬華區,萬華區東園街40號,0,0,1,1,C03,8,6,5,50,14,9,1,5,4,5,13,4,4,5,5,5,2,17,1,25,2,9,6,1,7,9,1,10,1,12,44,1,21,121.4961218,25.0266831
114,12,09,11,58,2,07信義區,信義區市民大道6段與松山路口,0,0,1,1,C03,7,6,5,40,5,2,1,4,4,5,13,1,1,9,5,5,2,17,1,48,2,9,6,1,7,9,1,10,1,12,16,1,21,121.577542,25.0488994
114,12,09,12,35,2,12內湖區,內湖區瑞光路316巷3號對面,0,0,1,1,C03,8,6,5,50,14,9,1,5,4,5,13,4,4,9,5,5,2,17,1,35,3,10,6,1,7,5,1,10,2,11,8,1,21,121.573591,25.0765105
114,12,09,12,49,2,07信義區,信義區福德街與福德街221巷口,0,0,1,1,A02,7,7,5,50,4,2,1,5,4,5,13,1,1,5,5,5,2,12,1,60,3,10,3,4,7,9,1,2,2,6,44,1,21,121.5849086,25.0385146
114,12,09,13,38,2,02萬華區,萬華區中華路1段94號,0,0,2,1,C03,8,6,5,50,14,8,1,5,4,5,13,4,4,1,4,1,2,17,1,59,2,8,6,1,7,7,1,10,1,15,80,1,21,121.508826,25.0445861
114,12,09,13,46,2,12內湖區,內湖區麗山街與麗山街385巷口口,0,0,2,1,C03,7,7,5,50,4,1,1,5,4,5,13,3,1,9,5,5,2,16,1,60,2,9,5,1,7,9,1,10,1,12,16,1,21,121.5729105,25.0822136
114,12,09,14,11,2,03中山區,中山區渭水路54號,0,0,1,1,B03,8,6,5,50,14,9,1,5,4,5,13,1,1,9,5,5,1,11,1,46,3,10,3,4,7,1,1,8,2,4,80,1,21,121.5349563,25.0456875
114,12,09,14,11,2,07信義區,信義區逸仙路50巷與無名巷口,0,0,1,1,B03,8,7,5,30,4,1,1,5,4,5,13,4,4,9,5,5,2,17,1,50,3,10,7,1,7,9,1,8,1,5,72,1,21,121.5625712,25.0406316
114,12,09,14,41,2,04大安區,大安區復興南路2段151巷與復興南路2段125巷20弄口,0,0,2,1,C03,6,7,5,40,3,1,1,4,4,5,13,4,4,9,5,5,2,17,2,73,2,9,3,4,7,5,1,10,1,14,8,1,22,121.5445563,25.0283656
114,12,09,15,14,2,11南港區,南港區忠孝東路7段西往東13號停車格,0,0,1,1,B03,7,7,5,40,14,8,1,5,4,5,13,4,4,1,4,4,2,12,1,27,3,10,7,1,7,3,1,8,1,8,18,1,21,121.5967083,25.0508549
114,12,09,16,20,2,12內湖區,內湖區康寧路3段165巷與康寧路3段口南往北,0,0,1,1,B01,6,5,5,50,4,1,1,4,4,5,13,1,1,9,4,5,2,17,1,57,3,10,3,4,7,5,1,8,9,17,71,1,21,121.611358,25.0704415
114,12,09,16,42,2,11南港區,南港區忠孝東路7段與忠孝東路7段527巷口口,0,0,1,1,C03,6,5,5,50,3,2,1,4,4,5,13,2,1,1,4,4,2,11,1,20,2,9,3,4,7,12,1,10,1,14,108,1,21,121.6127809,25.0528097
114,12,09,17,01,2,05中正區,中正區重慶南路1段與沅陵街口,0,0,1,1,C03,7,5,5,50,3,2,1,5,4,5,13,4,4,9,4,5,2,12,1,75,3,10,5,1,7,9,1,10,1,11,42,1,21,121.5132437,25.0428405
114,12,09,17,10,2,01大同區,大同區太原路與南京西路口,0,0,1,1,B03,7,6,5,50,4,2,1,5,4,5,13,2,1,1,4,5,2,17,1,57,3,10,3,4,7,6,1,8,11,1,9,2,21,121.5161488,25.0537532
114,12,09,17,14,2,05中正區,中正區汀州路3段281號與汀州路3段200巷口口,0,0,2,1,C03,8,5,5,50,3,2,1,5,4,5,13,4,4,5,5,5,1,17,2,51,2,8,6,1,7,11,1,10,1,13,44,1,21,121.5355234,25.0118868
114,12,09,17,19,2,04大安區,大安區杭州南路2段與愛國東路口,0,0,2,1,C03,8,5,5,50,4,2,1,5,4,5,13,2,1,1,4,4,2,17,2,19,2,9,3,4,7,5,1,10,1,14,71,1,21,121.522588,25.0323823
114,12,09,17,19,2,08士林區,士林區德行西路57號,0,0,1,1,C03,8,5,5,50,14,9,1,5,4,5,13,4,4,5,4,5,2,13,1,20,2,9,6,1,7,9,1,10,1,11,108,1,21,121.5226931,25.1052437
114,12,09,17,20,2,05中正區,中正區三元街與寧波西街口,0,0,2,1,B03,8,5,5,50,4,2,1,5,4,5,13,1,1,3,4,5,2,15,1,60,3,10,7,1,7,9,1,8,2,8,81,1,21,121.5113804,25.0280104
114,12,09,17,26,2,12內湖區,內湖區內湖路1段91巷與內湖路1段91巷37弄口,0,0,1,1,B03,7,5,5,30,3,2,1,4,4,5,13,4,4,10,5,5,2,17,2,39,4,11,3,4,7,9,7,19,9,15,118,2,21,121.5626963,25.0879565
114,12,09,17,34,2,03中山區,中山區長安西路3號,0,0,1,1,B03,8,5,5,50,14,9,1,5,4,5,13,4,4,9,4,5,2,17,2,40,3,10,7,1,7,5,1,8,1,8,8,1,21,121.5214767,25.050034
114,12,09,17,35,2,05中正區,中正區忠孝西路1段M4,0,0,3,1,A02,7,5,5,50,14,9,1,5,4,5,13,4,4,1,4,5,2,13,1,45,2,8,7,1,7,9,1,2,1,1,16,1,21,121.5166051,25.0464863
114,12,09,17,57,2,04大安區,大安區辛亥路3段5號,0,0,1,1,B03,7,5,5,50,14,9,1,4,4,5,13,4,4,1,2,5,2,13,2,44,3,10,3,4,7,9,1,8,1,1,16,1,22,121.5437859,25.0214797
114,12,09,18,02,2,07信義區,信義區逸仙路50巷10號對面,0,0,1,1,B02,7,5,5,30,14,9,1,4,4,5,13,4,4,10,5,5,1,17,1,49,3,10,7,1,7,6,1,8,2,6,80,1,22,121.562205,25.0406509
114,12,09,18,25,2,06松山區,松山區復興北路地下道北往南第340號燈座,0,0,1,1,C03,8,5,5,40,7,9,1,5,4,5,13,4,4,7,4,5,2,13,1,20,2,8,6,1,7,9,1,10,1,11,16,1,21,121.5442424,25.0675214
114,12,09,18,27,2,12內湖區,內湖區南京東路6段與行善路59巷口口,0,0,1,1,B03,7,5,5,50,4,1,1,5,4,5,13,1,1,1,4,5,2,17,1,75,3,10,7,1,7,9,1,8,1,4,81,1,21,121.5789966,25.0558423
114,12,09,18,43,2,05中正區,中正區濟南路1段2-1號,0,0,2,1,B03,7,5,5,50,14,9,1,5,4,5,13,4,4,9,4,5,2,17,1,64,3,10,7,1,7,11,1,8,2,4,10,1,21,121.5193917,25.0432192
114,12,09,18,43,2,06松山區,松山區八德路3段與八德路3段74巷口,0,0,1,1,A02,7,5,5,50,4,2,1,5,4,5,13,1,1,5,4,5,2,16,1,49,3,10,7,1,7,5,1,2,1,4,8,1,21,121.5524076,25.0481612
114,12,09,18,48,2,07信義區,信義區市民大道5段82號,0,0,1,1,B03,8,5,5,40,22,9,1,5,4,5,13,4,4,8,5,5,2,17,1,40,3,10,3,4,7,9,1,8,1,1,80,1,22,121.5669104,25.0484586
114,12,09,18,56,2,02萬華區,萬華區華江橋機車道往新北市(001043燈桿旁),0,0,2,1,C03,8,5,7,40,14,11,1,5,4,5,13,4,4,10,5,5,2,13,1,21,2,9,3,4,7,15,1,10,1,11,16,1,21,121.4888178,25.0356699
114,12,09,19,11,2,03中山區,中山區新生北路3段與新生北路3段口新生高架停車場,0,0,1,1,B03,7,7,5,50,3,1,1,5,4,5,13,4,4,10,5,5,2,9,1,62,3,10,7,1,7,5,1,8,2,8,108,1,21,121.5278155,25.0669144
114,12,09,19,16,2,09北投區,北投區承德路7段188巷與尊賢街口,0,0,3,1,C03,8,5,5,30,4,1,1,5,4,5,13,4,4,10,5,5,2,15,1,19,2,9,6,1,7,9,1,10,2,12,75,1,21,121.5086217,25.1143681
114,12,09,19,40,2,12內湖區,內湖區行善路168巷與行善路口,0,0,2,1,C03,6,5,5,50,3,1,1,4,4,5,13,4,4,10,5,5,2,13,1,38,2,8,6,1,7,9,1,10,1,11,16,1,21,121.5789056,25.0582294
114,12,09,20,00,2,02萬華區,萬華區萬大路423巷與萬大路423巷28弄口,0,0,2,1,C03,8,5,5,30,4,1,1,5,4,5,13,2,1,5,5,5,2,16,1,54,2,9,5,1,7,5,6,10,1,11,8,1,26,121.4998877,25.02110443
114,12,09,20,54,2,01大同區,大同區鄭州路與西寧北路口,0,0,1,1,B03,7,5,5,40,4,1,1,5,4,5,13,2,1,1,4,5,2,17,1,34,3,10,7,4,7,5,1,8,1,1,44,1,21,121.5086295,25.050432
114,12,09,21,20,2,10文山區,文山區辛亥路5段與興隆路2段244巷口,0,0,1,1,C03,8,5,5,50,4,2,1,5,4,5,13,2,1,5,5,5,2,16,1,24,3,10,6,1,7,11,1,9,2,13,10,1,21,121.5539755,24.9999232
114,12,09,21,28,2,05中正區,中正區林森南路地下道與羅斯福路1段口,0,0,1,1,C03,8,5,5,30,4,1,1,5,4,5,13,1,1,1,4,5,2,17,2,58,2,9,5,1,7,6,1,10,1,12,98,1,22,121.5182373,25.0330886
114,12,09,21,31,2,07信義區,信義區永吉路與松隆路口側附近口,0,0,1,1,B03,8,5,5,50,4,1,1,5,4,5,13,1,1,1,5,5,2,12,2,32,3,10,3,4,7,9,1,8,1,2,17,1,22,121.5700395,25.0455714
114,12,09,22,20,2,12內湖區,內湖區民權東路6段190巷65弄與民權東路6段190巷口,0,0,2,1,C03,7,5,5,30,4,1,1,4,4,5,13,4,4,9,5,5,2,16,1,33,2,9,5,1,7,9,1,10,1,11,72,1,21,121.5943364,25.0657545
114,12,09,22,30,2,06松山區,松山區北寧路與八德路3段71巷9弄口,0,0,2,1,B01,8,5,5,50,3,1,1,5,4,5,13,4,4,9,4,5,1,17,1,52,3,10,7,4,7,5,1,4,1,4,17,1,22,121.552642,25.04866778
114,12,09,22,34,2,03中山區,中山區民生東路2段與中原街口,0,0,2,1,C03,8,5,5,50,4,1,1,5,4,5,13,2,1,9,4,5,2,16,1,18,2,7,6,1,7,5,1,10,2,13,96,1,21,121.528882,25.0580163
114,12,09,22,37,2,03中山區,中山區中山北路2段41號,0,0,2,1,C03,8,5,5,50,14,9,1,5,4,5,13,4,4,9,4,5,2,12,1,18,2,9,6,1,7,9,1,10,1,12,17,1,21,121.5228086,25.05408019
114,12,09,23,20,2,01大同區,大同區平陽街與南京西路107巷口,0,0,1,1,B02,8,5,5,30,5,1,1,5,4,5,13,4,4,9,5,5,1,16,1,35,3,10,7,1,7,5,1,4,2,4,44,1,21,121.5157654,25.0553715
114,12,10,00,25,2,05中正區,中正區重慶南路3段與汀州路2段口口,0,0,1,1,C03,8,5,5,50,4,1,1,5,4,5,13,1,1,1,4,5,2,16,1,53,2,7,6,1,7,5,1,10,1,14,96,1,21,121.5162948,25.0259209