發生年度,發生月,發生日,發生時-Hours,發生分,處理別-編號,區序,肇事地點,死亡人數,2-30日死亡人數,受傷人數,當事人序號,車種,天候,光線,道路類別,速限-速度限制,道路型態,事故位置,路面狀況1,路面狀況2,路面狀況3,道路障礙1,道路障礙2,號誌1,號誌2,車道劃分-分向,車道劃分-分道1,車道劃分-分道2,車道劃分-分道3,事故類型及型態,性別,年齡,受傷程度,主要傷處,保護裝置,行動電話,車輛用途,當事者行動狀態,駕駛資格情形,駕駛執照種類,飲酒情形,車輛撞擊部位1,肇因碼-個別,個人肇逃否,職業,座標-X,座標-Y
114,12,13,06,18,2,03中山區,中山區松江路3號,0,0,1,1,C03,6,7,5,50,14,9,1,4,4,5,13,4,4,1,4,5,2,17,1,75,2,9,5,1,7,9,1,10,1,12,116,1,22,121.5330414,25.0462506
114,12,13,07,57,2,07信義區,信義區莊敬路385號,0,0,1,1,A02,6,6,5,50,14,8,1,4,4,5,13,4,4,5,4,4,2,8,2,41,3,10,7,1,7,15,1,2,1,5,116,1,21,121.5652323,25.0276523
114,12,13,08,27,2,12內湖區,內湖區江南街71巷99號,0,0,1,1,B03,6,6,5,30,14,9,1,4,4,4,13,4,4,10,5,5,2,17,1,51,3,10,7,1,7,1,1,8,2,4,19,1,21,121.579807,25.0745668
114,12,13,08,48,2,05中正區,中正區台北車站西側門台北車站西3門,0,0,1,1,B01,8,5,5,50,14,9,1,4,4,5,13,4,4,10,4,5,2,17,1,66,3,10,7,1,7,14,6,8,1,2,38,1,21,121.5162194,25.0474739
114,12,13,09,40,2,03中山區,中山區民權西路70巷35號,0,0,2,1,F01,6,6,8,20,14,9,1,4,4,5,13,4,4,10,5,5,1,17,2,83,2,8,4,1,7,1,8,20,1,14,19,1,21,121.520223,25.0609465
114,12,13,10,20,2,08士林區,士林區重慶北路4段與延平北路5段136巷口,0,0,1,1,B03,6,6,5,40,3,1,1,4,4,5,13,4,4,1,4,4,2,17,1,57,3,10,3,4,7,6,1,7,2,2,9,1,21,121.5122972,25.0824549
114,12,13,10,24,2,04大安區,大安區敦化南路2段39號,0,0,1,1,C03,6,6,5,50,14,9,1,4,4,5,13,4,4,1,4,5,2,13,2,22,2,9,6,1,7,9,1,10,1,11,16,1,21,121.5490343,25.0314574
114,12,13,10,57,2,01大同區,大同區長安西路與西寧北路口,0,0,3,1,C03,6,7,5,50,4,2,1,4,4,5,13,2,1,5,4,5,2,17,1,24,2,9,3,4,7,6,1,10,1,12,17,1,21,121.5087139,25.0520305
114,12,13,11,36,2,01大同區,大同區承德路3段與敦煌路口,0,0,1,1,B03,6,5,5,50,4,1,1,4,4,5,13,2,1,1,4,5,2,16,2,67,3,10,7,1,7,6,1,8,1,5,9,1,21,121.520051,25.0752864
114,12,13,11,38,2,06松山區,松山區健康路與健康路225巷口,0,0,1,1,B03,6,7,5,30,3,1,1,4,4,5,13,4,4,1,4,5,2,15,1,70,3,10,7,1,7,15,1,5,1,17,72,1,25,121.562347,25.0541687
114,12,13,11,40,2,01大同區,大同區延平北路1段與延平北路1段66巷口,0,0,1,1,B03,6,5,5,50,3,2,1,4,4,5,13,4,4,5,4,5,2,17,1,54,3,10,3,4,7,5,1,8,1,5,42,1,21,121.5118522,25.0515819
114,12,13,12,00,2,03中山區,中山區中山北路3段181號,0,0,1,1,B03,7,5,5,50,14,9,1,5,4,5,13,4,4,1,4,5,2,17,1,63,3,10,7,1,7,8,1,8,1,6,44,1,21,121.5238646,25.07218896
114,12,13,12,00,2,12內湖區,內湖區金湖路384號,0,0,1,1,C03,7,6,5,50,14,9,1,5,4,5,13,4,4,1,4,5,2,17,2,41,2,8,6,1,7,9,1,10,1,11,42,1,21,121.6052368,25.0734942
114,12,13,12,13,2,08士林區,士林區中正路與文昌路口,0,0,1,1,C03,7,5,5,50,3,1,1,5,4,5,13,2,1,3,4,5,2,16,2,70,2,9,5,1,7,5,1,11,1,14,8,1,21,121.5216618,25.09480047
114,12,13,12,16,2,08士林區,士林區中山北路5段與劍潭路口,0,0,1,1,B03,7,5,5,50,5,2,1,5,4,5,13,2,1,1,5,1,2,16,1,50,3,10,7,1,7,6,1,8,1,6,9,1,21,121.5246673,25.08455499
114,12,13,12,19,2,01大同區,大同區重慶北路3段與酒泉街口,0,0,3,1,B03,6,7,5,50,14,9,1,4,4,5,13,2,1,5,4,5,2,13,1,48,3,10,3,4,7,9,1,8,1,1,42,1,21,121.5140956,25.0720892
114,12,13,12,26,2,10文山區,文山區光輝路與光輝路134巷口口,0,0,1,1,B03,6,6,5,50,4,1,1,4,4,5,13,4,4,10,5,5,2,15,1,25,3,10,7,1,7,9,1,8,1,4,72,1,21,121.5582342,24.985356
114,12,13,12,51,2,08士林區,士林區天母東路與天母東路43巷口,0,0,2,1,C03,7,6,5,50,4,1,1,5,4,5,13,1,1,3,3,5,1,16,2,33,2,9,5,1,7,5,1,10,1,14,103,1,21,121.5323192,25.1180281
114,12,13,13,09,2,01大同區,大同區民樂街61號,0,0,1,1,B03,7,6,5,50,14,9,1,4,4,3,13,4,4,9,5,5,2,16,1,27,3,10,7,1,7,7,1,8,1,8,100,1,21,121.5109233,25.0552916
114,12,13,13,46,2,07信義區,信義區基隆路1段與松壽路口,0,0,1,1,C03,7,7,5,50,3,1,1,5,4,5,13,2,1,1,4,5,2,16,2,55,2,9,5,1,7,5,1,10,1,14,8,1,21,121.5616171,25.0359509
114,12,13,14,27,2,04大安區,大安區辛亥路3段與芳蘭路口國三甲聯絡道,0,0,2,1,B03,7,7,5,50,14,16,1,5,4,5,13,4,4,1,4,5,1,17,1,18,2,9,7,1,7,9,1,8,2,5,108,1,21,121.549842,25.0164809
114,12,13,14,27,2,04大安區,大安區辛亥路3段與芳蘭路口國三甲聯絡道,0,0,2,1,B03,,,,,,,,,,,,,,,,,,,,,,,,,,,,,,,,,,,
114,12,13,14,40,2,03中山區,中山區建國北路3段85號,0,0,1,1,C03,6,6,5,50,14,9,1,4,4,5,13,4,4,9,4,5,1,17,2,27,2,9,6,1,7,7,1,10,2,14,100,1,21,121.5367492,25.0653006
114,12,13,14,45,2,03中山區,中山區復興北路與民生東路3段口,0,0,1,1,A02,6,7,5,50,14,9,1,4,4,5,13,1,1,10,4,5,2,17,1,31,3,10,7,1,7,12,1,2,2,17,44,1,21,121.5458541,25.05787197
114,12,13,15,28,2,05中正區,中正區忠孝東路2段與八德路1段口,0,0,2,1,C03,6,6,5,50,3,2,1,4,4,5,13,1,1,1,2,5,2,12,2,41,2,1,6,4,7,9,1,10,7,12,21,1,22,121.5289075,25.04357232
114,12,13,15,30,2,10文山區,文山區木新路3段253號,0,0,1,1,A02,7,7,5,50,14,9,1,4,4,5,13,2,1,5,4,4,2,17,1,55,3,10,7,1,7,1,1,2,9,17,80,1,21,121.5582509,24.9810975
114,12,13,16,13,2,03中山區,中山區北安路與大直街口,0,0,3,1,C03,8,7,5,50,4,1,1,5,4,5,13,2,1,1,4,5,2,17,1,26,2,9,6,1,7,9,1,10,1,11,44,1,21,121.5468788,25.07986037
114,12,13,16,20,2,03中山區,中山區合江街與龍江路286巷口口,0,0,1,1,B01,6,7,5,50,4,2,1,4,4,5,13,4,4,9,4,5,2,17,1,59,3,10,3,4,7,14,1,4,1,2,44,1,21,121.5393267,25.0612005
114,12,13,16,21,2,03中山區,中山區民權東路3段與建國北路3段口,0,0,2,1,C03,6,7,5,50,4,2,1,4,4,5,13,2,1,9,4,5,2,2,2,57,2,8,6,1,7,9,1,10,1,11,14,1,26,121.5372157,25.05793399
114,12,13,16,28,2,12內湖區,內湖區民權大橋0036燈桿,0,0,2,1,C03,7,6,5,40,14,11,1,5,4,5,13,4,4,2,3,4,1,13,1,33,2,9,6,1,7,9,1,10,1,11,16,1,21,121.577186,25.0664588
114,12,13,16,45,2,05中正區,中正區中華路2段364巷與中華路2段口,0,0,1,1,B03,6,5,5,30,4,1,1,4,4,5,13,1,1,10,5,5,2,2,1,43,3,10,7,1,7,5,1,8,2,1,70,1,22,121.5047921,25.0292835
114,12,13,16,49,2,11南港區,南港區忠孝東路6段297號,0,0,3,1,C03,8,6,5,0,3,1,1,5,4,5,13,4,4,10,5,5,2,17,1,34,2,7,5,1,7,1,1,10,1,11,19,1,22,121.5911083,25.0500598
114,12,13,16,50,2,10文山區,文山區興隆路2段與景華街口,0,0,1,1,A02,6,6,5,50,14,9,1,4,4,5,13,4,4,1,4,5,2,17,1,55,3,10,7,1,7,4,1,2,11,17,44,1,21,121.5475441,24.9995734
114,12,13,16,54,2,06松山區,松山區富錦街與民生東路5段27巷口,0,0,1,1,B01,6,5,6,50,4,1,1,4,4,5,13,2,1,5,5,5,2,16,1,66,3,10,7,1,7,5,1,4,1,6,8,1,22,121.5569609,25.0604456
114,12,13,17,20,2,05中正區,中正區襄陽路與南陽街口,0,0,2,1,C03,6,5,5,50,3,1,1,4,4,5,13,4,4,4,4,5,2,1,2,59,2,9,6,1,7,9,1,10,1,11,70,1,21,121.5159941,25.0433421
114,12,13,17,26,2,02萬華區,萬華區堤外便道與馬場町河濱公園口水門,0,0,1,1,B03,6,5,5,50,3,2,1,4,4,3,13,4,4,5,5,5,2,2,1,47,3,10,7,1,7,9,1,8,1,5,108,1,21,121.5043983,25.0195858
114,12,13,17,37,2,04大安區,大安區通安街109號,0,0,1,1,F01,6,5,5,30,14,9,1,4,4,5,13,4,4,10,5,5,1,10,2,63,3,10,4,4,7,9,8,20,11,11,4,1,21,121.5530596,25.0298164
114,12,13,18,00,2,08士林區,士林區大東路與大北路口,0,0,1,1,C03,8,5,5,30,4,2,1,5,4,5,13,4,4,10,5,5,1,9,1,15,3,10,5,1,7,9,2,18,2,17,108,1,21,121.5257145,25.09054497
114,12,13,18,06,2,03中山區,中山區市民大道3段與八德路2段210巷口,0,0,1,1,B03,8,5,5,40,3,1,1,5,4,5,13,1,1,1,4,5,2,12,1,32,3,10,7,1,7,15,1,8,1,4,101,1,22,121.5393207,25.04486112
114,12,13,18,19,2,04大安區,大安區羅斯福路4段64-1號（公館捷運站2號出口）,0,0,1,1,B03,6,5,5,50,14,9,1,4,4,5,13,4,4,8,3,5,1,16,1,42,3,10,7,1,7,7,1,8,1,4,100,1,21,121.5348823,25.014372
114,12,13,18,20,2,04大安區,大安區敦化南路2段與安和路2段171巷口,0,0,1,1,B01,8,5,5,50,4,1,1,4,4,5,13,1,1,1,4,5,2,17,1,39,3,10,7,4,7,5,1,4,1,7,8,1,21,121.5489666,25.0280768
114,12,13,18,25,2,04大安區,大安區敦化南路1段295巷52號,0,0,1,1,B03,7,5,5,30,14,9,1,5,4,5,13,4,4,10,5,5,1,17,2,46,3,10,3,4,7,14,1,8,1,2,38,1,22,121.552233,25.03554659
114,12,13,18,50,2,03中山區,中山區中山北路4段與圓山涵洞口,0,0,2,1,A02,7,5,5,50,9,9,1,5,4,5,13,4,4,1,5,5,1,13,1,39,3,10,3,4,7,9,1,2,1,1,108,1,21,121.5252731,25.07678351
114,12,13,19,01,2,02萬華區,萬華區西園路1段與和平西路3段口,0,0,2,1,B01,6,5,5,50,4,1,1,4,4,5,13,1,1,1,4,5,2,12,1,65,3,10,7,1,7,9,1,4,1,2,44,1,21,121.4993748,25.0355298
114,12,13,19,30,2,04大安區,大安區市民大道4段與敦化南路1段口,0,0,2,1,B03,7,5,5,40,4,1,1,5,4,5,13,2,1,10,5,5,2,16,2,38,3,10,3,4,7,6,1,8,1,5,80,1,22,121.5486083,25.0447564
114,12,13,20,03,2,01大同區,大同區民生西路與赤峰街口,0,0,2,1,C03,7,5,5,50,3,2,1,4,4,5,13,4,4,5,4,5,2,17,2,69,2,9,5,4,7,15,1,10,2,14,80,1,22,121.5198172,25.0575533
114,12,13,20,43,2,06松山區,松山區市民大道5段與東寧路口,0,0,1,1,B03,8,5,5,50,4,2,1,5,4,5,13,1,1,8,3,5,2,12,1,34,3,10,7,1,7,1,1,8,1,8,80,1,21,121.5628043,25.0473122
114,12,13,21,33,2,05中正區,中正區博愛路57號,0,0,1,1,B03,6,5,5,50,14,9,1,4,4,5,13,4,4,10,4,5,2,16,1,52,3,10,7,1,7,1,1,8,1,8,19,1,21,121.5115254,25.0444009
114,12,13,21,50,2,05中正區,中正區中華路1段與忠孝西路1段口,0,0,1,1,C03,6,5,5,50,4,1,1,4,4,5,13,1,1,10,4,5,2,13,1,25,2,9,6,4,7,5,1,10,1,11,13,1,22,121.5092067,25.04842103
114,12,13,21,56,2,01大同區,大同區南京西路163號,0,0,2,1,C03,7,5,5,50,14,18,1,5,4,5,13,4,4,5,5,5,2,3,1,20,2,9,6,4,7,9,1,10,2,11,70,1,22,121.513044,25.0539985
114,12,13,22,21,2,10文山區,文山區信義快速道路(北往南，出文山隧道約150公尺),0,0,2,1,B01,7,5,5,70,14,16,1,5,4,5,13,4,4,1,4,5,1,13,2,31,3,10,2,1,7,12,1,4,2,3,44,1,21,121.5811956,25.007473
114,12,13,22,35,2,05中正區,中正區羅斯福路2段與同安街口,0,0,2,1,C03,6,6,5,50,3,1,1,4,4,5,13,1,1,3,4,5,2,13,1,27,2,9,5,1,7,9,1,10,1,11,108,1,21,121.5231737,25.0259274
114,12,13,22,38,2,08士林區,士林區延平北路5段與葫蘆街口口,0,0,1,1,B01,6,5,5,50,3,1,1,4,4,5,13,1,1,8,3,3,2,17,1,53,3,10,3,4,7,11,1,8,2,7,80,1,21,121.5109275,25.0798839
114,12,13,23,10,2,11南港區,南港區興華路與興中路74巷口,0,0,1,1,B03,8,5,5,50,3,1,1,5,4,5,13,4,4,5,5,5,2,7,1,21,3,10,7,1,7,2,1,8,2,7,12,1,21,121.6055578,25.0570804
114,12,13,23,19,2,03中山區,中山區民權東路3段67號,0,0,1,1,C03,8,6,5,50,14,9,1,5,4,5,13,4,4,1,5,5,2,13,2,47,3,10,6,4,7,14,1,10,1,13,38,1,22,121.5432479,25.06233886
114,12,13,23,30,2,08士林區,士林區天母東路與忠誠路2段口,0,0,1,1,B01,8,5,5,50,4,1,1,5,4,5,13,1,1,1,5,5,1,3,1,56,3,10,7,1,7,6,1,4,1,1,44,1,21,121.534445,25.11784318
114,12,13,23,40,2,06松山區,松山區市民大道5段37號,0,0,1,1,C03,8,5,5,40,14,9,1,5,4,5,13,4,4,8,3,5,2,17,1,21,2,8,5,1,7,1,1,10,1,11,108,1,21,121.5601378,25.0461489
114,12,14,00,30,2,12內湖區,內湖區內湖路3段與內湖路3段143巷口,0,0,1,1,F01,8,5,6,50,3,2,1,5,4,5,13,4,4,10,5,5,2,17,1,50,2,1,4,1,7,15,8,20,9,11,108,1,21,121.5899673,25.0868334
114,12,14,00,34,2,04大安區,大安區安和路1段與仁愛路4段266巷口口,0,0,1,1,C03,7,5,5,50,5,2,1,5,4,5,13,2,1,1,4,5,1,17,2,22,2,9,6,1,7,7,1,10,1,14,100,1,21,121.5525762,25.0360977
114,12,14,03,16,2,03中山區,中山區林森北路409號,0,0,1,1,B01,7,5,5,50,14,9,1,5,4,5,13,4,4,9,3,5,1,17,1,35,3,10,7,1,7,4,1,4,2,2,1,1,21,121.5255801,25.0600917
114,12,14,04,44,2,03中山區,中山區長安西路19巷2弄27號,0,0,1,1,C03,7,5,5,20,14,9,1,5,4,5,13,4,4,8,5,5,1,18,1,74,2,9,3,4,7,9,1,10,1,14,108,1,21,121.5203841,25.0510769
114,12,14,05,19,2,05中正區,中正區中山北路1段與忠孝東路1段口,0,0,1,1,A12,7,5,5,50,5,2,1,5,4,5,13,1,1,1,4,5,2,17,1,46,3,10,7,1,7,13,1,7,9,7,38,1,21,121.5198676,25.0458721
114,12,14,06,29,2,08士林區,士林區天母東路與東山路1巷口,0,0,1,1,C03,8,6,5,50,3,2,1,5,4,5,13,4,4,1,4,5,1,29,1,19,2,9,6,1,7,15,1,10,8,14,108,1,21,121.5388758,25.1182194
114,12,14,07,15,2,10文山區,文山區木柵路1段與木柵路1段59巷口,0,0,1,1,C03,8,6,5,50,14,9,1,5,4,5,13,1,1,5,4,5,2,12,2,47,2,9,6,1,7,9,1,10,1,12,17,1,21,121.5457306,24.9867705
114,12,14,07,46,2,04大安區,大安區羅斯福路4段113巷13號,0,0,1,1,C03,8,5,5,50,22,9,1,5,4,5,13,3,1,5,4,5,1,17,1,17,3,10,5,1,7,11,2,18,1,14,80,1,21,121.5387714,25.0113081
114,12,14,09,22,2,07信義區,信義區松信路與永吉路200巷24弄口,0,0,1,1,C03,8,6,5,30,4,1,1,5,4,5,13,2,1,9,4,5,2,17,2,29,3,10,5,1,7,9,1,10,11,11,82,1,21,121.572173,25.0446765
114,12,14,10,17,2,03中山區,中山區中山北路3段往北（水晶情人橋下）,0,0,2,1,C03,8,5,5,50,14,9,1,5,4,5,13,1,1,5,4,5,2,13,2,64,2,8,3,4,7,9,1,10,1,11,16,1,21,121.5233446,25.07104836
114,12,14,10,17,2,04大安區,大安區延吉街與光復南路308巷口,0,0,1,1,F01,8,6,5,50,4,1,1,5,4,5,13,4,4,5,5,5,2,17,2,43,3,10,2,1,7,9,8,20,1,14,17,1,21,121.555179,25.0388963
114,12,14,10,18,2,07信義區,信義區忠孝東路5段790巷與忠孝東路5段790巷22弄口,0,0,2,1,C03,8,7,5,30,4,1,1,5,4,5,13,4,4,10,5,5,2,15,1,35,2,8,6,1,7,9,1,10,2,12,72,1,22,121.58244,25.0426776
114,12,14,10,30,2,10文山區,文山區新光路2段與新光路2段口圓環口,0,0,1,1,B03,8,6,5,50,5,1,1,5,4,5,13,3,1,10,5,5,2,15,1,66,3,10,7,1,7,9,1,8,2,4,72,1,21,121.5834899,25.0004319
114,12,14,10,37,2,09北投區,北投區崇仁路1段156巷與崇仁路1段口,0,0,1,1,F02,8,6,5,30,4,1,1,5,4,5,13,2,1,10,5,5,2,15,2,66,2,9,4,1,7,15,8,20,2,14,81,1,22,121.5021562,25.1236965
114,12,14,10,41,2,01大同區,大同區環河北路1段與鄭州路口,0,0,2,1,C03,7,6,5,40,4,1,1,5,4,5,13,2,1,10,4,5,2,16,1,18,2,7,5,1,7,6,1,10,1,12,71,1,21,121.507006,25.0507887
114,12,14,11,42,2,12內湖區,內湖區成功路4段30巷與成功路3段174巷33弄口,0,0,1,1,F01,7,6,5,30,3,1,1,5,4,5,13,4,4,10,3,5,1,1,1,15,3,10,4,1,7,9,8,20,2,11,4,1,21,121.5911536,25.0820043
114,12,14,11,43,2,08士林區,士林區德行東路229巷與士東路口,0,0,1,1,B03,8,6,5,30,3,2,1,5,4,5,13,4,4,3,4,5,2,17,1,60,3,10,7,1,7,15,1,8,2,7,72,1,21,121.5326052,25.1125626
114,12,14,11,50,2,08士林區,士林區百齡橋東向西010燈桿,0,0,1,1,C03,8,6,5,40,8,11,1,5,4,5,13,4,4,3,4,4,1,17,1,71,2,9,3,4,7,9,1,10,1,11,16,1,21,121.5130291,25.088927
114,12,14,12,07,2,11南港區,南港區忠孝東路5段與永吉路口,0,0,1,1,B03,8,5,5,50,5,1,1,5,4,5,13,2,1,1,3,4,1,16,2,39,3,10,3,4,7,6,1,8,1,5,9,1,22,121.5823793,25.0452274
114,12,14,12,23,2,10文山區,文山區辛亥路4段與辛亥路4段21巷口口,0,0,1,1,C03,8,5,5,30,3,2,1,5,4,5,13,4,4,1,4,5,2,17,1,66,2,9,6,1,7,6,1,10,2,14,72,1,22,121.5585162,25.0085123
114,12,14,12,23,2,07信義區,信義區吳興街156巷與吳興街156巷7弄口,0,0,1,1,C03,7,6,5,30,4,1,1,5,4,5,13,4,4,5,4,5,2,15,2,50,2,7,6,1,7,9,1,10,1,11,72,1,21,121.5614851,25.029012
114,12,14,12,25,2,05中正區,中正區重慶南路3段164號,0,0,1,1,A02,7,7,5,50,14,9,1,5,4,5,13,1,1,1,4,5,2,9,1,28,3,10,7,1,7,12,1,2,1,17,44,1,22,121.5168375,25.0232382
114,12,14,12,39,2,05中正區,中正區羅斯福路4段136巷與羅斯福路4段口口,0,0,2,1,C03,8,6,5,30,3,1,1,5,4,4,12,4,4,1,4,5,2,17,1,36,2,8,5,1,7,6,1,10,1,12,99,1,21,121.53592,25.012916
114,12,14,12,47,2,12內湖區,內湖區舊宗路1段275號,0,0,1,1,C03,8,6,5,50,14,9,1,5,4,5,13,4,4,1,4,5,2,17,1,28,3,10,6,1,7,9,1,10,2,12,108,1,21,121.577335,25.06347884
114,12,14,12,51,2,02萬華區,萬華區華西街33號,0,0,1,1,C03,7,6,5,30,14,9,4,5,4,5,13,4,4,10,5,5,2,9,1,68,3,10,5,1,7,9,1,10,1,12,108,1,21,121.4983232,25.03789027
114,12,14,12,59,2,06松山區,松山區新東街41-6號對面,0,0,1,1,B03,8,7,5,50,14,9,1,5,4,5,13,4,4,9,5,5,2,12,1,23,3,10,7,1,7,3,1,8,1,17,18,1,26,121.5657881,25.0602587
114,12,14,13,00,2,09北投區,北投區行義路170巷與行義路154巷19弄口,0,0,1,1,C03,8,5,8,30,4,1,1,5,4,5,13,4,4,5,5,5,2,17,2,66,2,9,3,4,7,9,1,10,1,12,72,1,21,121.5298361,25.1312361
114,12,14,13,14,2,05中正區,中正區羅斯福路2段200-1號,0,0,1,1,C03,8,7,5,50,14,9,1,5,4,5,13,4,4,1,4,5,2,17,2,22,2,8,5,1,7,9,1,10,1,12,108,1,22,121.5240961,25.0246262
114,12,14,13,21,2,05中正區,中正區中華路2段與愛國西路口口,0,0,1,1,C03,7,6,5,50,5,1,1,5,4,5,13,1,1,1,4,5,2,12,2,53,2,1,5,1,7,9,1,10,1,14,42,1,21,121.5068067,25.036734
114,12,14,13,40,2,04大安區,大安區忠孝東路4段248巷與忠孝東路4段口,0,0,1,1,B01,8,6,5,50,3,1,1,5,4,5,13,4,4,10,5,5,2,16,1,64,3,10,3,4,7,6,1,4,1,2,80,1,22,121.5540473,25.0412881
114,12,14,14,12,2,03中山區,中山區民族東路與建國北路3段113巷口,0,0,1,1,B03,8,6,5,50,4,1,1,5,4,5,13,2,1,1,4,5,2,16,1,36,3,10,7,1,7,5,1,8,1,1,71,1,21,121.536285,25.06814
114,12,14,14,40,2,08士林區,士林區中正路182號,0,0,1,1,C03,8,7,5,50,14,9,1,5,4,5,13,4,4,2,5,5,2,13,1,18,2,8,6,1,7,9,1,10,1,11,108,1,21,121.5277411,25.09579884
114,12,14,14,42,2,08士林區,士林區延平北路6段與中正路口,0,0,2,1,B02,8,6,5,50,4,1,1,5,4,5,13,1,2,5,4,5,2,16,1,60,3,10,3,4,7,5,1,8,2,2,71,1,21,121.5096939,25.0862314
114,12,14,14,45,2,05中正區,中正區忠孝東路1段與鎮江街口,0,0,1,1,B03,8,6,5,50,4,2,1,5,4,5,12,1,1,1,4,5,2,17,1,63,3,10,7,4,7,8,1,8,1,17,100,1,22,121.522029,25.04511834
114,12,14,15,17,2,10文山區,文山區秀明路1段與秀明路1段79巷口,0,0,2,1,C03,8,7,5,50,3,2,1,5,4,5,13,4,4,1,5,4,2,17,1,61,2,8,5,1,7,8,1,10,11,12,100,1,21,121.5659249,24.9903554
114,12,14,15,17,2,10文山區,文山區興隆路1段與萬盛街106巷口口,0,0,2,1,C03,8,6,5,50,4,1,1,5,4,5,13,1,1,1,4,5,2,13,2,18,2,8,6,1,7,9,1,10,1,11,16,1,22,121.5407987,25.0039266
114,12,14,15,38,2,08士林區,士林區士商路與承德路5段口,0,0,2,1,B03,8,7,5,50,4,1,1,5,4,5,13,1,1,1,5,5,2,17,1,33,3,10,7,1,7,5,1,8,1,1,71,1,21,121.5140574,25.096055
114,12,14,16,16,2,09北投區,北投區公館路與西安街2段口,0,0,2,1,C03,8,5,5,50,4,2,1,5,4,5,13,1,1,9,4,5,2,16,1,23,3,10,5,1,7,9,1,10,1,11,13,1,21,121.5027237,25.1215684
114,12,14,16,27,2,08士林區,士林區中山北路6段405巷67-2號,0,0,2,1,C03,8,6,5,50,14,9,1,5,4,5,13,4,4,9,5,5,2,16,1,65,2,9,3,4,7,1,1,10,2,14,19,1,21,121.5264478,25.11637952
114,12,14,16,28,2,05中正區,中正區古亭河濱公園籃球場旁自行車道,0,0,2,1,F01,7,7,5,50,11,23,1,5,4,5,13,4,4,9,5,5,1,17,2,19,2,8,2,1,7,12,8,20,1,14,116,1,22,121.5211334,25.0195498
114,12,14,16,35,2,07信義區,信義區林口街與林口街80巷口口,0,0,1,1,C03,8,6,5,30,3,2,1,5,4,5,13,4,4,10,5,5,2,16,1,73,2,7,3,4,7,5,1,10,1,12,72,1,22,121.5791732,25.0390549
114,12,14,16,53,2,08士林區,士林區文昌路76號,0,0,1,1,B03,8,7,5,50,14,9,1,5,4,5,13,1,1,5,4,5,1,16,2,72,3,10,7,1,7,11,1,8,2,5,99,1,21,121.521116,25.0964285
114,12,14,17,06,2,03中山區,中山區新生北路1段與吉林路14巷口,0,0,1,1,B03,7,5,5,50,3,1,1,5,4,5,13,4,4,5,4,5,2,16,2,28,3,10,3,4,7,6,1,8,1,8,72,1,21,121.5284019,25.0506352
114,12,14,17,53,2,08士林區,士林區中山北路6段與忠誠路1段口,0,0,1,1,B03,8,5,5,50,4,4,1,5,4,5,13,1,1,1,5,5,2,13,1,46,3,10,7,1,7,9,1,8,1,1,108,1,21,121.5249059,25.103931
114,12,14,18,04,2,05中正區,中正區羅斯福路4段與基隆路4段口,0,0,1,1,B03,8,5,5,50,5,1,1,5,4,5,13,1,1,1,4,5,2,17,1,47,3,10,7,1,7,5,1,8,2,4,8,1,21,121.519709,25.0424122
114,12,14,18,31,2,03中山區,中山區南京東路3段與建國北路1段口,0,0,1,1,B03,8,5,5,50,4,1,1,5,4,5,13,1,1,1,4,4,2,16,1,52,3,10,3,4,7,8,1,8,1,6,80,1,21,121.5370335,25.0518482
114,12,14,18,40,2,11南港區,南港區市民大道7段與中坡北路口口,0,0,2,1,C03,8,5,5,50,4,1,1,5,4,5,13,1,1,10,2,5,2,13,1,60,3,10,6,1,7,7,1,10,1,17,101,1,21,121.5803021,25.0494879
114,12,14,19,03,2,11南港區,南港區舊莊街1段與舊莊街1段3巷口,0,0,1,1,B01,8,5,5,50,3,1,1,5,4,5,13,4,4,4,3,5,2,17,1,57,3,10,3,4,7,9,1,4,2,5,44,1,21,121.6174265,25.0420469
114,12,14,19,23,2,02萬華區,萬華區中華路2段416巷84號,0,0,2,1,C03,8,5,5,50,14,9,1,5,4,5,13,4,4,8,5,5,2,16,1,67,2,8,5,1,7,11,1,10,3,12,10,1,21,121.5033695,25.0268556
114,12,14,20,16,2,03中山區,中山區市民大道2段與中山北路1段口,0,0,2,1,C03,7,5,5,50,14,9,1,5,4,5,13,2,1,8,3,5,1,17,1,34,2,9,5,1,7,9,1,10,1,11,108,1,21,121.5211373,25.0481077
114,12,14,20,56,2,04大安區,大安區和平東路1段與師大路口,0,0,3,1,C03,7,5,5,50,3,2,1,5,4,5,13,2,1,8,3,4,1,12,1,25,2,9,5,1,7,8,1,10,1,11,101,1,21,121.5287127,25.0266208
114,12,14,21,32,2,01大同區,大同區承德路3段27號,0,0,1,1,C03,7,5,5,50,14,9,1,5,4,5,13,4,4,1,4,5,2,17,2,55,2,1,6,4,7,9,1,10,1,11,108,1,22,121.5184546,25.0640898
114,12,14,22,03,2,06松山區,松山區八德路4段與中坡北路口,0,0,1,1,B03,8,5,5,50,4,1,1,5,4,5,13,2,1,8,3,4,2,9,2,18,3,10,7,1,7,5,3,18,1,1,70,1,21,121.5795815,25.0502559
114,12,14,22,11,2,10文山區,文山區羅斯福路5段與羅斯福路5段97巷口,0,0,1,1,C03,7,5,5,50,3,2,1,5,4,5,13,4,4,3,4,5,2,12,1,27,2,7,6,1,7,9,1,10,2,14,17,1,21,121.5390178,25.0052917