發生年度,發生月,發生日,發生時-Hours,發生分,處理別-編號,區序,肇事地點,死亡人數,2-30日死亡人數,受傷人數,當事人序號,車種,天候,光線,道路類別,速限-速度限制,道路型態,事故位置,路面狀況1,路面狀況2,路面狀況3,道路障礙1,道路障礙2,號誌1,號誌2,車道劃分-分向,車道劃分-分道1,車道劃分-分道2,車道劃分-分道3,事故類型及型態,性別,年齡,受傷程度,主要傷處,保護裝置,行動電話,車輛用途,當事者行動狀態,駕駛資格情形,駕駛執照種類,飲酒情形,車輛撞擊部位1,肇因碼-個別,個人肇逃否,職業,座標-X,座標-Y
114,12,16,12,10,2,04大安區,大安區市民大道4段與延吉街口,0,0,1,1,C03,8,5,5,40,4,2,1,5,4,5,13,2,1,3,3,5,2,17,1,58,4,11,3,4,7,8,6,10,11,17,100,1,21,121.5537347,25.0442662
114,12,16,12,30,2,05中正區,中正區公園路與凱達格蘭大道口,0,0,1,1,B03,8,6,5,50,4,1,1,5,4,5,13,1,1,5,4,5,2,16,2,44,3,10,7,1,7,6,1,8,1,5,71,1,22,121.5157331,25.0394189
114,12,16,12,30,2,10文山區,文山區辛亥路7段與忠順街1段口,0,0,1,1,C03,8,5,5,50,3,1,1,5,4,5,13,2,1,10,5,4,2,18,1,55,2,9,5,1,7,5,1,10,1,14,42,1,21,121.5541361,24.9831524
114,12,16,12,34,2,09北投區,北投區中央北路2段33號,0,0,2,1,C03,8,7,5,50,14,9,1,5,4,5,13,4,4,5,4,5,2,16,1,68,3,10,6,1,7,5,1,10,1,14,8,1,21,121.4956474,25.1367674
114,12,16,12,37,2,05中正區,中正區重慶北路1段與北平西路口,0,0,1,1,C02,8,6,5,50,4,2,1,5,4,5,13,2,1,10,4,5,2,12,1,64,2,9,5,1,7,7,1,9,2,14,100,1,22,121.5133173,25.04807082
114,12,16,12,44,2,07信義區,信義區市民大道5段0604015燈桿,0,0,1,1,B03,8,7,5,40,14,9,1,5,4,5,13,4,4,1,4,5,2,12,1,49,3,10,3,4,7,8,1,8,1,2,44,1,21,121.5623059,25.0469018
114,12,16,13,16,2,04大安區,大安區師大路80巷與浦城街口,0,0,1,1,C03,8,7,5,30,4,1,1,5,4,5,13,4,4,10,5,5,1,15,2,27,2,9,3,4,7,9,1,10,1,12,72,1,21,121.5269535,25.0237319
114,12,16,14,35,2,08士林區,士林區中山北路7段與中山北路7段124巷口,0,0,1,1,C03,8,6,5,50,3,2,1,5,4,5,13,4,4,1,4,5,2,17,1,26,2,9,6,2,7,9,1,10,2,14,42,1,22,121.5319209,25.1223818
114,12,16,14,45,2,10文山區,文山區萬利街2巷與萬樂街口,0,0,1,1,B01,8,5,5,30,3,1,1,5,4,5,13,4,4,10,5,5,2,16,1,67,3,10,7,1,7,5,1,4,1,1,44,1,21,121.5683287,24.9994804
114,12,16,14,46,2,04大安區,大安區建國南路2段與信義路2段口往南迴轉道,0,0,3,1,C03,8,7,5,50,3,2,1,5,4,5,13,3,1,1,4,5,2,13,2,58,2,9,6,1,7,9,1,10,1,11,44,1,21,121.5374941,25.0324813
114,12,16,15,04,2,07信義區,信義區忠孝東路5段451號,0,0,1,1,B01,8,5,5,50,14,9,1,5,4,5,13,4,4,1,3,1,1,16,1,57,3,10,7,1,7,6,1,8,1,5,9,1,21,121.5762204,25.0409444
114,12,16,15,09,2,04大安區,大安區樂利路86巷與樂利路口,0,0,1,1,E05,8,6,5,30,4,2,1,5,4,5,13,4,4,5,4,5,1,17,1,36,3,10,7,1,7,5,1,8,1,4,72,1,21,121.5521083,25.0254867
114,12,16,15,09,2,08士林區,士林區福林路與自祥街口,0,0,1,1,B03,8,6,5,50,3,1,1,5,4,5,13,1,1,5,4,5,1,16,1,67,3,10,3,4,7,5,1,8,2,2,71,1,22,121.5329775,25.0969241
114,12,16,15,19,2,12內湖區,內湖區金湖路47巷與金湖路口,0,0,2,1,C03,8,7,5,50,4,1,1,5,4,5,13,2,1,1,4,5,2,16,1,72,2,7,5,1,7,6,1,10,1,11,9,1,21,121.5966532,25.0823334
114,12,16,15,23,2,03中山區,中山區長安東路2段189號,0,0,1,1,C03,8,5,5,50,14,9,1,5,4,5,13,4,4,5,4,5,2,13,1,43,2,7,3,4,7,9,1,10,1,11,16,1,21,121.5428996,25.04834702
114,12,16,15,30,2,04大安區,大安區信義路4段與復興南路1段口,0,0,2,1,C04,8,6,5,50,4,1,1,5,4,5,13,2,1,1,4,5,1,17,1,29,2,9,5,4,7,6,1,10,1,14,9,1,21,121.5438479,25.0334339
114,12,16,16,17,2,04大安區,大安區大安路1段96巷5號,0,0,1,1,B03,8,7,5,30,14,9,1,5,4,5,13,4,4,10,5,5,2,12,1,22,3,10,7,1,7,9,1,8,1,4,44,1,21,121.5455761,25.0405902
114,12,16,16,24,2,09北投區,北投區大業路527巷1204022號（北投機廠055）燈桿,0,0,2,1,C03,8,6,5,40,22,9,1,5,4,5,13,4,4,5,5,5,2,2,1,21,2,9,6,1,7,9,1,10,2,14,13,1,22,121.4816182,25.1331217
114,12,16,16,32,2,09北投區,北投區大度路2號,0,0,1,1,B03,7,5,5,60,14,9,1,5,4,5,13,4,4,9,4,5,2,16,1,60,3,10,7,1,7,6,1,8,1,2,44,1,21,121.4990472,25.1213322
114,12,16,17,00,2,03中山區,中山區中山北路3段花博圓山4號出入口,0,0,4,1,C03,8,7,5,50,14,11,1,5,4,5,13,1,1,1,4,4,2,13,1,18,2,7,3,4,7,9,1,10,1,13,108,1,21,121.5233983,25.0709589
114,12,16,17,02,2,08士林區,士林區忠誠路2段40巷與忠誠路2段口,0,0,1,1,B01,8,6,5,50,3,2,1,5,4,5,13,4,4,1,4,4,1,16,1,66,3,10,3,4,7,6,1,4,1,5,9,1,21,121.5304258,25.1101167
114,12,16,17,05,2,06松山區,松山區南京東路5段與東興路口,0,0,1,1,B12,8,7,8,50,3,2,1,5,4,5,13,2,1,3,2,5,2,17,1,42,3,10,7,1,7,6,6,8,1,2,17,1,21,121.5653587,25.0511812
114,12,16,17,15,2,03中山區,中山區北安路111號,0,0,1,1,B01,8,5,5,50,14,9,1,5,4,5,13,4,4,1,4,5,2,12,1,36,3,10,3,4,7,11,1,4,1,5,80,1,21,121.5308892,25.0783434
114,12,16,17,22,2,06松山區,松山區光復南路22巷21號,0,0,1,1,F01,8,5,5,30,14,9,1,5,4,5,13,4,4,10,5,5,2,10,1,30,2,7,4,1,7,9,8,20,8,11,21,1,21,121.5560425,25.04700216
114,12,16,17,29,2,07信義區,信義區松高路與松仁路口側附近口,0,0,1,1,F01,8,5,8,0,22,20,4,5,4,5,13,4,4,10,5,5,2,9,1,36,3,10,4,1,7,9,8,20,2,11,42,1,21,121.568265,25.0389613
114,12,16,17,30,2,02萬華區,萬華區中華路1段與貴陽街2段口,0,0,1,1,B03,8,5,5,50,4,1,1,5,4,5,13,1,1,8,3,5,1,17,1,67,3,10,7,1,7,15,6,18,1,8,16,1,21,121.5072275,25.0391892
114,12,16,17,30,2,04大安區,大安區基隆路4段與羅斯福路4段口,0,0,2,1,C03,8,5,5,50,4,2,1,5,4,5,13,2,1,8,3,5,1,12,2,18,2,8,5,1,7,15,1,10,1,12,101,1,21,121.5370001,25.011332
114,12,16,17,30,2,10文山區,文山區木柵路4段149巷21號,0,0,1,1,B03,8,5,5,30,14,9,1,5,4,5,13,4,4,10,5,5,1,16,1,61,3,10,7,1,7,6,1,8,1,2,101,1,21,121.5746535,24.9993619
114,12,16,17,40,2,12內湖區,內湖區民權東路6段21巷69號與瑞光路76巷附近口,0,0,1,1,B03,8,5,5,50,14,9,1,5,4,3,10,4,4,5,5,5,2,16,1,42,3,10,3,1,7,5,1,8,2,8,80,1,21,121.5796748,25.0697881
114,12,16,17,42,2,07信義區,信義區吳興街與吳興街口公車總站,0,0,1,1,A02,8,7,5,50,4,19,1,5,4,5,13,3,1,5,2,5,2,3,1,36,3,10,3,4,7,5,1,2,1,8,44,1,21,121.5699895,25.0232167
114,12,16,17,58,2,04大安區,大安區基隆路2段與通化街171巷口,0,0,1,1,B03,8,5,5,50,4,2,1,5,4,5,13,2,1,1,4,5,2,12,2,65,3,10,7,1,7,9,1,8,1,5,107,1,21,121.5561835,25.0276923
114,12,16,17,59,2,10文山區,文山區木柵路5段與木柵路5段21巷口,0,0,1,1,A02,8,5,5,50,3,2,1,5,4,5,13,2,1,4,4,5,2,9,1,55,3,10,7,1,7,9,1,2,11,17,42,1,21,121.5811968,25.0020295
114,12,16,18,18,2,10文山區,文山區興隆路2段220巷8號,0,0,2,1,H01,7,5,5,50,14,9,1,5,4,5,13,4,4,9,5,5,2,3,2,67,2,9,4,5,8,16,8,20,10,16,121,1,22,121.5493896,25.0017668
114,12,16,18,20,2,12內湖區,內湖區內湖路1段318號,0,0,3,1,C03,8,5,5,50,14,8,1,5,4,5,13,4,4,1,4,4,1,16,2,18,2,8,6,1,7,6,1,10,1,12,9,1,21,121.5684052,25.08192444
114,12,16,18,30,2,03中山區,中山區建國北路1段23巷與八德路2段167巷口,0,0,1,1,F01,8,5,5,30,4,2,1,5,4,5,13,4,4,9,5,5,2,17,1,47,2,9,4,1,7,6,8,20,1,11,86,1,21,121.5380092,25.0472809
114,12,16,18,36,2,05中正區,中正區汀州路3段與羅斯福路3段244巷口口,0,0,2,1,C03,8,6,5,30,3,1,1,5,4,5,13,4,4,5,5,5,1,17,1,60,3,10,6,1,7,5,1,10,2,11,72,1,21,121.5307659,25.0162523
114,12,16,18,42,1,05中正區,中正區忠孝西路1段與重慶南路1段口,1,0,0,1,A02,8,5,5,50,4,2,1,5,4,5,13,1,1,9,5,5,2,17,1,59,3,10,7,1,7,9,1,2,2,5,16,1,21,121.5132382,25.0468901
114,12,16,18,53,2,01大同區,大同區承德路2段與南京西路口,0,0,1,1,C03,7,5,5,50,4,1,1,5,4,5,13,1,1,1,4,5,2,17,1,34,3,10,5,4,7,15,1,10,2,17,101,1,21,121.5176318,25.05330696
114,12,16,18,53,2,06松山區,松山區光復南路與光復南路46巷口口,0,0,2,1,B03,7,5,5,30,3,1,1,5,4,5,13,4,4,10,5,5,2,17,1,25,2,2,7,1,7,6,1,8,2,2,17,1,21,121.5576446,25.0461274
114,12,16,19,09,2,11南港區,南港區研究院路1段與研究院路1段130巷口,0,0,1,1,B03,7,7,5,50,4,2,1,5,4,5,13,2,1,1,4,5,2,12,1,53,3,10,7,1,7,15,1,8,2,8,101,1,21,121.6157299,25.0491376
114,12,16,19,20,2,12內湖區,內湖區行善路與新湖二路口,0,0,1,1,B03,8,5,5,50,4,1,1,5,4,5,13,2,1,1,4,5,2,17,1,44,3,10,7,1,7,11,1,8,1,17,10,1,21,121.5855585,25.0647053
114,12,16,19,58,2,06松山區,松山區八德路4段636號,0,0,1,1,B01,8,5,5,40,14,9,1,5,4,5,13,4,4,1,4,5,2,12,1,47,3,10,7,1,7,1,1,4,1,8,80,1,21,121.5746129,25.04988199
114,12,16,20,30,2,02萬華區,萬華區堤外便道與堤外便道口貴陽街疏散門,0,0,3,1,C03,7,5,5,40,4,2,1,5,4,5,13,1,1,1,4,5,2,13,1,31,2,9,5,1,7,9,1,10,1,11,44,1,21,121.4991856,25.0415928
114,12,16,21,02,2,02萬華區,萬華區堤外便道與水源快速道路口匝道口,0,0,1,1,B03,8,5,5,50,3,1,1,5,4,5,13,4,4,5,5,5,2,17,1,64,3,10,7,4,7,5,1,8,1,5,8,1,21,121.4981322,25.016211
114,12,17,00,35,2,06松山區,松山區市民大道4段與復興南路1段口,0,0,2,1,C03,8,5,5,40,4,1,1,5,4,5,13,2,1,1,4,5,2,13,1,21,2,7,5,1,7,9,1,10,1,11,16,1,21,121.5441659,25.044992
114,12,17,01,50,2,01大同區,大同區民權西路與蘭州街口,0,0,3,1,C03,8,5,5,50,4,1,1,5,4,5,13,2,1,8,3,5,2,16,2,19,2,8,6,1,7,5,1,10,1,13,8,1,21,121.514743,25.062911
114,12,17,06,43,2,01大同區,大同區延平北路4段與酒泉街口,0,0,1,1,F01,8,5,5,50,14,9,1,5,4,5,13,4,4,1,4,5,2,17,1,67,3,10,3,4,7,15,8,20,1,13,42,1,21,121.511072,25.0724742
114,12,17,07,20,2,02萬華區,萬華區堤外便道近3014780燈桿,0,0,1,1,C03,8,6,5,40,14,9,1,5,4,5,13,4,4,10,5,5,2,17,1,50,3,10,5,1,7,7,3,18,1,11,100,1,21,121.4956946,25.0389023
114,12,17,07,35,2,09北投區,北投區洲美快速道路No.221號燈桿往淡水,0,0,2,1,B03,8,7,5,60,11,7,1,5,4,5,13,4,4,2,4,5,1,13,1,55,2,9,7,1,7,9,1,8,2,1,42,1,22,121.4992185,25.1208134
114,12,17,07,37,2,10文山區,文山區羅斯福路6段與景仁街口,0,0,1,1,C03,8,5,5,50,4,2,1,5,4,5,13,1,1,1,4,5,2,12,1,61,2,9,5,1,7,9,3,18,1,14,16,1,22,121.5408675,24.9970305
114,12,17,07,44,2,01大同區,大同區承德路3段與承德路3段254巷口,0,0,2,1,C03,8,6,5,50,3,1,1,5,4,5,13,1,1,1,4,5,2,16,1,42,2,9,3,4,7,8,1,10,1,12,101,1,21,121.5190689,25.0731478
114,12,17,07,45,2,04大安區,大安區辛亥路3段往西近基隆路,0,0,1,1,C03,8,6,8,50,22,22,1,5,4,5,10,4,4,1,4,5,2,17,1,34,3,10,6,4,7,6,1,10,2,11,9,1,21,121.5476214,25.0187284
114,12,17,07,49,2,11南港區,南港區忠孝東路6段114號,0,0,1,1,C03,8,6,5,50,14,9,1,5,4,5,13,4,4,1,4,5,2,17,1,37,3,10,6,1,7,7,1,10,1,17,100,1,21,121.584645,25.0475577
114,12,17,07,51,2,12內湖區,內湖區成功路4段32號,0,0,1,1,A02,8,6,5,40,22,9,1,5,4,5,13,4,4,1,4,4,2,17,1,51,3,10,7,1,7,9,1,2,1,17,44,1,21,121.5916132,25.0815785
114,12,17,08,01,2,05中正區,中正區中山南路與愛國東路口,0,0,1,1,C03,8,6,5,50,5,2,1,5,4,5,13,1,1,1,4,5,2,23,1,24,2,9,5,1,7,15,1,10,2,14,42,1,21,121.5166836,25.0351064
114,12,17,08,09,2,05中正區,中正區重慶南路1段與漢口街1段口,0,0,1,1,C03,8,6,5,50,4,1,1,5,4,5,13,2,1,10,4,5,2,16,1,17,3,10,5,1,7,5,2,18,2,14,8,1,22,121.5132319,25.04520679
114,12,17,08,12,2,05中正區,中正區永福橋下橋處(往台北市方向),0,0,2,1,C03,8,6,5,50,12,9,1,5,4,5,13,4,4,5,2,5,1,13,1,30,2,9,5,1,7,9,1,10,1,11,16,1,21,121.5292545,25.0128742
114,12,17,08,24,2,09北投區,北投區公館路與公館路292巷口,0,0,1,1,B12,8,5,4,30,3,2,1,5,4,5,13,4,4,9,4,5,1,17,1,23,3,10,7,1,7,9,1,8,2,8,108,1,21,121.5069576,25.1247976
114,12,17,08,27,2,07信義區,信義區崇德街與富陽街口,0,0,1,1,B03,8,6,6,50,4,1,1,5,4,5,13,4,4,4,5,5,2,15,1,62,3,10,7,1,7,9,1,8,1,5,44,1,21,121.5562234,25.0238677
114,12,17,08,30,2,04大安區,大安區和平東路1段與新生南路3段口,0,0,2,1,C03,8,7,5,50,4,2,1,5,4,5,13,2,1,8,3,5,1,12,2,52,2,8,5,1,7,15,1,10,1,12,101,1,26,121.5348809,25.0259348
114,12,17,08,44,2,01大同區,大同區酒泉街77號,0,0,1,1,C03,8,7,5,50,14,9,1,5,4,5,13,4,4,5,4,5,2,17,1,51,2,9,3,4,7,15,1,10,1,12,44,1,21,121.5166187,25.0719244
114,12,17,08,44,2,05中正區,中正區襄陽路與南陽街口,0,0,1,1,B03,8,6,5,50,3,2,1,5,4,5,13,4,4,9,4,5,2,12,1,64,3,10,7,1,7,8,1,8,1,5,100,1,21,121.5159166,25.0433473
114,12,17,08,45,2,03中山區,中山區民權東路2段與民權東路2段135巷口,0,0,2,1,C03,8,6,5,50,4,1,1,5,4,5,13,2,1,1,5,5,1,16,2,27,2,9,3,4,7,6,1,10,1,12,71,1,21,121.5350148,25.06255
114,12,17,09,00,2,11南港區,南港區南港路2段與興華路口,0,0,1,1,B03,8,6,5,50,4,1,1,5,4,5,13,2,1,5,4,5,2,16,1,35,3,10,3,4,7,5,1,8,1,6,71,1,21,121.6067393,25.0542302
114,12,17,09,02,2,10文山區,文山區羅斯福路6段與育英街口口,0,0,1,1,B11,8,6,5,50,4,2,1,5,4,5,13,1,1,1,4,5,2,13,1,27,3,10,7,1,7,9,1,8,1,1,16,1,22,121.5397537,24.9900925
114,12,17,09,17,2,09北投區,北投區民族街與公館路63巷口,0,0,1,1,C03,8,7,5,30,4,1,1,5,4,5,13,4,4,5,5,5,1,15,1,52,3,10,6,1,7,9,1,10,1,11,75,1,22,121.5038936,25.1325264
114,12,17,09,30,2,01大同區,大同區太原路與長安西路口,0,0,2,1,C03,8,6,5,50,4,1,1,5,4,5,13,2,1,4,4,5,2,16,2,73,2,9,3,4,7,5,1,10,1,14,118,1,21,121.5154594,25.0512263
114,12,17,09,30,2,10文山區,文山區木新路2段與木新路2段43巷口,0,0,1,1,C03,8,6,5,30,3,1,5,5,4,5,13,4,4,10,5,5,2,16,1,23,3,10,6,1,7,5,1,10,1,11,72,1,21,121.5707205,24.9860246
114,12,17,09,40,2,03中山區,中山區南京東路3段與南京東路3段194巷口,0,0,1,1,C03,8,6,5,50,3,1,1,5,4,5,13,4,4,1,5,4,1,16,2,45,2,9,3,4,7,9,1,10,1,11,13,1,21,121.5428046,25.05179383
114,12,17,09,48,2,01大同區,大同區承德路2段與平陽街口,0,0,2,1,C03,8,7,5,50,3,2,1,5,4,5,13,2,1,1,4,5,2,17,1,28,3,10,3,4,7,15,1,10,1,15,101,1,21,121.5180064,25.0544065
114,12,17,09,55,2,09北投區,北投區承德路7段303號,0,0,3,1,C03,8,7,5,40,14,8,1,5,4,5,13,4,4,1,4,4,2,16,1,19,2,9,5,1,7,6,1,10,1,12,9,1,21,121.5040873,25.11702192
114,12,17,10,32,2,04大安區,大安區仁愛路4段與光復南路口,0,0,1,1,C03,8,7,5,50,4,2,1,5,4,5,13,2,1,8,3,5,1,12,2,28,3,10,5,1,7,15,1,10,1,14,108,1,26,121.5575194,25.038007
114,12,17,10,36,2,04大安區,大安區通化街165巷27號,0,0,1,1,B12,8,6,5,30,14,9,1,5,4,5,13,4,4,10,5,5,2,12,1,43,3,10,7,1,7,14,1,8,1,2,44,1,21,121.5550352,25.0280143
114,12,17,10,39,2,09北投區,北投區西安街2段與致遠二路口,0,0,1,1,B03,8,7,5,50,4,1,1,5,4,5,13,1,1,9,5,5,2,12,1,64,3,10,7,1,7,9,1,8,2,2,44,1,21,121.5131184,25.1175304
114,12,17,10,54,2,02萬華區,萬華區內江街與昆明街口,0,0,1,1,B01,8,6,5,50,4,1,1,5,4,5,13,2,1,10,4,5,2,3,1,49,3,10,3,4,7,5,1,4,2,8,70,1,21,121.5045304,25.0416021
114,12,17,11,09,2,03中山區,中山區中山北路2段與中山北路2段116巷口,0,0,2,1,C03,8,6,5,50,3,1,1,5,4,5,13,4,4,3,4,3,2,12,1,18,2,9,6,1,7,9,1,10,1,14,17,1,21,121.5230006,25.06074001
114,12,17,11,11,2,04大安區,大安區通安街與通化街170巷口,0,0,2,1,C04,8,6,5,30,4,2,1,5,4,5,13,2,1,8,3,5,1,17,2,75,2,9,3,4,7,15,3,18,2,11,81,1,21,121.5526393,25.0283317
114,12,17,11,34,2,04大安區,大安區辛亥路3段與基隆路3段口,0,0,2,1,B12,8,7,5,50,4,1,1,5,4,5,13,2,1,10,5,5,2,16,1,61,3,10,7,1,7,5,1,8,1,8,44,1,21,121.5468135,25.0193134
114,12,17,11,44,2,05中正區,中正區中山南路1號,0,0,2,1,C03,8,6,5,50,14,9,1,5,4,5,13,4,4,5,4,5,2,13,1,35,2,8,5,1,7,9,1,10,1,11,16,1,22,121.5193233,25.04431209
114,12,17,11,47,2,05中正區,中正區林森南路與徐州路口,0,0,2,1,C03,8,7,5,50,4,2,1,5,4,5,13,1,1,4,4,5,2,17,2,53,2,8,6,1,7,15,1,10,2,13,100,1,21,121.5221621,25.0408532
114,12,17,11,55,2,05中正區,中正區南海路與泉州街口,0,0,2,1,C03,8,6,5,50,3,2,1,5,4,5,13,3,1,10,4,5,2,13,2,46,2,9,5,1,7,9,1,10,1,11,16,1,21,121.5138713,25.0317634
114,12,17,12,05,2,07信義區,信義區信義路5段與松仁路口口,0,0,1,1,A02,8,6,5,50,4,1,1,5,4,5,13,2,1,1,4,5,2,9,1,52,3,10,7,1,7,15,1,2,2,15,44,1,26,121.5686266,25.0329305
114,12,17,12,20,2,08士林區,士林區大南路與基河路口,0,0,1,1,B03,8,6,5,30,4,2,1,5,4,5,13,1,1,5,5,5,2,14,1,51,3,10,7,1,7,2,1,8,2,3,12,1,22,121.5240066,25.0880799
114,12,17,12,21,2,04大安區,大安區忠孝東路4段134號,0,0,1,1,B02,8,5,5,50,14,9,1,5,4,5,13,2,1,1,4,5,2,13,1,29,3,10,3,4,7,9,1,8,1,1,107,1,21,121.5483677,25.0415023
114,12,17,12,50,2,12內湖區,內湖區瑞光路與瑞湖街口,0,0,1,1,C03,8,7,5,50,4,1,1,5,4,5,13,2,1,5,4,5,2,13,1,20,2,9,5,1,7,8,3,18,1,14,44,1,21,121.5766625,25.0752641
114,12,17,13,13,2,12內湖區,內湖區舊宗路1段275號,0,0,1,1,B03,8,7,5,50,14,9,1,5,4,5,13,4,4,1,5,5,2,17,2,26,3,10,7,1,7,6,1,8,2,5,44,1,21,121.5773046,25.0629502
114,12,17,13,17,2,03中山區,中山區北安路458巷47弄,0,0,1,1,B03,8,7,5,30,14,9,1,5,4,5,13,4,4,9,4,5,2,17,2,43,3,10,3,4,7,2,1,8,1,7,12,1,21,121.544726,25.0778937
114,12,17,13,20,2,07信義區,信義區忠孝東路5段236巷27弄21號,0,0,1,1,B03,8,6,5,30,14,9,1,5,4,5,13,4,4,10,5,5,2,17,1,29,3,10,3,4,7,11,1,8,2,8,10,1,22,121.5731754,25.03853104
114,12,17,13,22,2,08士林區,士林區社正路與通河西街2段口,0,0,2,1,B12,8,6,5,30,4,1,1,5,4,5,13,1,1,5,5,5,1,17,1,27,3,10,7,1,7,5,6,8,2,17,8,1,22,121.5116347,25.0890982
114,12,17,13,30,2,12內湖區,內湖區瑞光路478巷18弄22號,0,0,1,1,B03,8,6,5,50,14,9,1,5,4,5,13,4,4,9,5,5,2,17,2,37,3,10,7,1,7,9,1,8,1,15,80,1,21,121.5683516,25.0785503
114,12,17,13,34,2,03中山區,中山區南京西路6號,0,0,1,1,B01,8,6,5,50,14,7,1,5,4,5,13,4,4,3,4,4,2,17,1,58,3,10,7,1,7,7,1,4,1,4,100,1,21,121.5216113,25.05235716
114,12,17,13,50,2,07信義區,信義區富陽街55巷與崇德街206巷口,0,0,1,1,B03,7,6,5,30,4,1,1,5,4,5,13,4,4,10,5,5,2,17,1,29,3,10,3,4,7,9,1,8,1,4,72,1,21,121.5576833,25.0227392
114,12,17,13,54,2,03中山區,中山區中山北路3段23號,0,0,1,1,B01,8,7,5,50,14,9,1,5,4,5,13,4,4,1,4,5,2,17,1,69,3,10,7,1,7,15,1,4,1,2,40,1,22,121.5224035,25.0646101
114,12,17,14,02,2,10文山區,文山區萬壽橋（往秀明路1段方向）,0,0,1,1,C03,8,5,5,50,14,9,1,5,4,5,13,2,1,1,4,5,1,17,1,73,2,9,6,1,7,8,1,10,1,12,42,1,21,121.5718574,24.9917382
114,12,17,14,04,2,12內湖區,內湖區港華街與港華街85巷口口,0,0,2,1,B03,8,6,5,30,3,1,1,5,4,5,13,4,4,8,5,5,2,16,1,67,3,10,7,1,7,9,1,8,1,8,108,1,21,121.5742526,25.083257
114,12,17,14,06,2,06松山區,松山區民生東路5段與三民路口,0,0,1,1,B01,8,7,5,50,18,17,1,5,4,5,13,2,1,1,4,5,2,12,1,63,3,10,7,1,7,9,1,4,1,4,17,1,26,121.5634518,25.0592652
114,12,17,14,36,2,05中正區,中正區重慶南路1段與凱達格蘭大道口,0,0,1,1,B03,8,7,5,50,3,1,1,5,4,5,13,1,1,5,2,5,2,16,1,37,3,10,7,1,7,6,1,8,2,2,9,1,21,121.5129784,25.0397279
114,12,17,14,50,2,11南港區,南港區興南街60巷11號,0,0,2,1,F07,8,6,5,30,14,9,1,5,4,5,12,4,4,9,5,5,2,3,1,43,2,9,4,4,7,9,8,20,2,11,42,1,21,121.6033934,25.0561707
114,12,17,14,59,2,05中正區,中正區杭州南路1段105巷與仁愛路2段14巷口,0,0,1,1,B01,8,6,5,30,4,1,1,5,4,5,13,4,4,10,5,5,2,15,1,43,3,10,7,1,7,9,1,4,2,8,72,1,21,121.5259082,25.0373133
114,12,17,15,05,2,03中山區,中山區撫順街與民權西路9巷口,0,0,1,1,B02,8,6,5,30,4,1,1,5,4,5,13,4,4,10,5,5,2,13,1,62,3,10,3,4,7,9,1,8,1,1,108,1,22,121.5217838,25.063704
114,12,17,15,12,2,05中正區,中正區羅斯福路3段126號,0,0,1,1,C03,8,6,5,50,14,9,1,5,4,5,13,1,1,3,4,5,2,13,1,24,3,10,5,1,7,9,1,9,1,11,16,1,25,121.5280217,25.0207201
114,12,17,15,12,2,11南港區,南港區中坡北路與市民大道7段口,0,0,1,1,B03,8,6,5,40,4,2,1,5,4,5,13,1,1,1,4,4,2,16,1,45,3,10,3,1,7,1,1,8,1,8,80,1,21,121.5802542,25.0493407
114,12,17,15,54,2,05中正區,中正區中山南路與信義路1段口,0,0,1,1,C03,8,6,5,50,5,1,1,5,4,5,13,1,1,10,5,5,2,16,2,24,2,9,6,1,7,5,1,10,2,14,96,1,22,121.5177861,25.0386481
114,12,17,16,27,2,03中山區,中山區松江路與松江路69巷口,0,0,1,1,F01,8,6,5,30,3,1,1,5,4,5,13,4,4,10,5,5,2,3,1,70,3,10,4,1,7,6,8,20,1,11,44,1,21,121.5331828,25.0489771
114,12,17,16,49,2,02萬華區,萬華區康定路與峨眉街口,0,0,1,1,C03,8,6,5,50,4,1,1,5,4,5,13,1,1,8,3,5,1,17,1,25,3,10,5,1,7,5,1,10,1,12,71,1,21,121.5028912,25.044471
114,12,17,16,55,2,08士林區,士林區中山北路5段465號,0,0,1,1,B03,8,7,5,40,14,8,1,5,4,5,13,4,4,8,3,1,2,12,2,48,3,10,3,4,7,9,1,8,1,5,16,1,22,121.5278321,25.0932858
114,12,17,17,02,2,04大安區,大安區羅斯福路3段與辛亥路1段口,0,0,1,1,B03,8,5,5,50,4,1,1,5,4,5,13,1,1,3,4,5,2,17,2,37,3,10,7,1,7,6,1,8,1,5,9,1,21,121.5295768,25.0195769
114,12,17,17,26,2,04大安區,大安區新生南路3段與和平東路1段口,0,0,1,1,B01,8,5,5,50,14,9,1,5,4,5,13,2,1,3,5,5,2,13,1,53,3,10,7,1,7,9,1,4,1,5,44,1,21,121.5347535,25.0257212
114,12,17,17,30,2,02萬華區,萬華區西園路2段320巷與西園路2段320巷55弄口,0,0,1,1,B03,8,5,5,30,4,1,1,5,4,5,13,4,4,10,5,5,2,15,1,35,3,10,7,1,7,9,1,8,1,3,44,1,21,121.4909852,25.027451
114,12,17,17,35,2,05中正區,中正區中山南路與信義路1段口口,0,0,3,1,C03,8,5,5,50,5,1,1,5,4,5,13,2,1,10,5,5,2,13,2,25,2,7,6,4,7,9,1,10,2,11,16,1,21,121.5176208,25.0385809
114,12,17,17,48,2,03中山區,中山區中山北路2段39巷與中山北路2段口,0,0,2,1,B03,8,5,5,50,3,1,1,5,4,5,13,4,4,1,4,5,2,16,1,76,3,10,3,4,7,6,1,8,1,1,80,1,22,121.5228547,25.0527917