發生年度,發生月,發生日,發生時-Hours,發生分,處理別-編號,區序,肇事地點,死亡人數,2-30日死亡人數,受傷人數,當事人序號,車種,天候,光線,道路類別,速限-速度限制,道路型態,事故位置,路面狀況1,路面狀況2,路面狀況3,道路障礙1,道路障礙2,號誌1,號誌2,車道劃分-分向,車道劃分-分道1,車道劃分-分道2,車道劃分-分道3,事故類型及型態,性別,年齡,受傷程度,主要傷處,保護裝置,行動電話,車輛用途,當事者行動狀態,駕駛資格情形,駕駛執照種類,飲酒情形,車輛撞擊部位1,肇因碼-個別,個人肇逃否,職業,座標-X,座標-Y
114,12,17,17,48,2,04大安區,大安區仁愛路4段與敦化南路1段口,0,0,2,1,C03,8,6,5,50,18,9,1,5,4,5,13,2,1,1,4,5,2,16,2,25,2,8,6,1,7,6,1,10,1,12,17,1,21,121.5478932,25.0377556
114,12,17,17,48,2,11南港區,南港區八德路4段與玉成街口,0,0,1,1,B03,8,5,5,50,4,1,1,5,4,5,13,2,1,5,4,5,2,16,1,56,3,10,3,4,7,6,1,8,9,2,9,1,22,121.5816006,25.0512254
114,12,17,17,50,2,12內湖區,內湖區環山路2段與港墘路口,0,0,1,1,A05,7,5,5,50,14,9,1,5,4,5,13,4,4,9,4,5,2,9,1,43,3,10,7,4,7,14,1,2,9,17,38,2,21,121.5776911,25.0838025
114,12,17,17,50,2,12內湖區,內湖區行善路59巷與南京東路6段口口,0,0,1,1,C03,8,5,5,50,4,1,4,5,4,5,13,1,1,1,4,5,2,13,1,35,2,9,5,1,7,9,1,10,1,11,16,1,21,121.5789598,25.0559036
114,12,17,17,57,2,05中正區,中正區重慶南路1段與漢口街1段口,0,0,3,1,C03,7,5,5,50,4,1,1,5,4,5,13,2,1,9,2,5,2,16,2,22,2,9,6,1,7,5,1,10,2,14,8,1,21,121.5132966,25.0451859
114,12,17,17,58,2,05中正區,中正區忠孝西路1段78號,0,0,1,1,B01,7,5,5,50,14,9,1,5,4,5,13,4,4,9,4,5,2,12,1,54,3,10,7,1,7,7,1,4,1,4,100,1,21,121.5139965,25.0469761
114,12,17,18,04,2,10文山區,文山區興隆路4段與木柵路2段口,0,0,1,1,C03,8,5,5,50,4,1,1,5,4,5,13,2,1,3,4,5,2,13,1,29,2,8,5,1,7,9,1,10,1,11,16,1,21,121.5602718,24.988598
114,12,17,18,36,2,08士林區,士林區仰德大道2段與仰德大道2段41巷口,0,0,1,1,C03,7,5,5,40,4,1,1,5,4,5,13,2,1,5,5,5,1,13,1,59,2,7,6,1,7,9,1,10,1,11,16,1,21,121.5435506,25.1048306
114,12,17,19,01,2,10文山區,文山區木柵路1段60號,0,0,1,1,B03,7,5,5,50,14,9,2,5,4,5,13,4,4,5,4,5,2,13,1,60,3,10,3,4,7,9,1,4,1,8,16,1,21,121.547517,24.9870071
114,12,17,19,13,2,05中正區,中正區愛國西路小南門和平院區,0,0,1,1,A02,7,5,5,50,14,9,1,5,4,5,13,4,4,10,4,5,2,9,1,50,3,10,7,1,7,1,1,2,9,15,42,1,21,121.5086741,25.0368436
114,12,17,19,20,2,03中山區,中山區北安路與北安路759巷口,0,0,1,1,B03,8,5,5,50,4,4,1,5,4,5,13,2,1,1,4,5,2,17,1,29,3,10,7,1,7,9,1,8,1,8,108,1,21,121.553404,25.0857158
114,12,17,19,20,2,05中正區,中正區忠孝東路2段與金山南路1段口,0,0,1,1,B03,7,5,5,50,4,1,1,5,4,5,13,1,1,1,4,5,2,3,2,36,3,10,2,1,7,9,1,8,2,1,70,1,22,121.530029,25.0430111
114,12,17,19,20,2,07信義區,信義區松山路與松德路口,0,0,1,1,B03,7,5,5,50,4,1,1,5,4,5,13,1,1,1,4,5,2,17,1,63,3,10,7,1,7,6,1,8,1,5,9,1,21,121.5777687,25.0396236
114,12,17,19,38,2,03中山區,中山區中山北路1段105巷與中山北路1段口,0,0,1,1,B03,8,5,5,30,3,1,1,5,4,5,13,4,4,9,4,5,2,17,1,36,3,10,7,1,7,6,1,8,1,4,72,1,21,121.522908,25.05084918
114,12,17,20,00,2,06松山區,松山區市民大道4段217號,0,0,1,1,B01,7,5,5,40,14,9,1,5,4,5,13,4,4,1,4,5,2,17,1,47,3,10,7,1,7,8,1,4,1,6,100,1,21,121.5526853,25.0445344
114,12,17,21,03,2,10文山區,文山區指南路2段與指南路2段197巷口,0,0,1,1,B01,7,5,5,40,3,18,2,4,4,5,13,2,1,10,5,5,2,9,1,45,3,10,3,1,7,11,1,4,1,1,70,1,21,121.578299,24.987167
114,12,17,21,07,2,06松山區,松山區南京東路4段2號旁敦化北路0201661號燈桿,0,0,1,1,B03,7,5,5,50,14,9,1,5,4,5,13,4,4,5,4,4,2,13,1,49,3,10,7,1,7,9,1,8,2,2,17,1,21,121.5491951,25.0508794
114,12,17,21,28,2,09北投區,北投區實踐街44號,0,0,2,1,C03,8,5,5,30,14,9,1,5,4,5,13,4,4,9,4,5,2,16,1,36,2,9,3,4,7,5,1,10,1,12,8,1,22,121.5088785,25.1151768
114,12,17,21,30,2,04大安區,大安區芳蘭路51號,0,0,1,1,B03,8,5,5,50,14,9,1,5,4,5,13,4,4,10,5,5,2,16,1,60,3,10,7,1,7,11,1,8,1,2,10,1,21,121.5466085,25.0137502
114,12,17,21,30,2,12內湖區,內湖區內湖路1段411巷89弄與內湖路1段411巷口,0,0,2,1,C03,7,5,5,30,3,1,1,5,4,5,13,4,4,9,5,5,2,17,1,55,2,9,6,1,7,5,1,10,1,11,80,1,21,121.5723396,25.0847714
114,12,17,21,48,2,12內湖區,內湖區內湖路1段91巷24弄與內湖路1段91巷口,0,0,1,1,C03,7,5,6,30,3,1,1,5,4,5,13,4,4,10,5,5,2,16,1,25,3,10,6,1,7,4,1,10,1,14,16,1,22,121.5618375,25.0852447
114,12,17,22,14,2,06松山區,松山區八德路4段與八德路4段295巷口,0,0,2,1,B01,6,5,5,50,3,1,1,4,4,5,13,1,1,5,4,5,2,13,1,53,3,10,7,1,7,9,1,4,2,1,16,1,21,121.5661471,25.0490282
114,12,17,22,30,2,12內湖區,內湖區新明路92號,0,0,1,1,B03,6,5,5,50,14,9,1,4,4,5,13,4,4,5,4,5,2,17,1,53,3,10,7,1,7,1,1,8,1,1,19,1,22,121.5895887,25.0595419
114,12,17,23,04,2,04大安區,大安區敦化南路2段95號,0,0,1,1,B01,6,5,5,50,14,9,1,4,4,5,13,4,4,10,5,5,2,13,1,63,3,10,7,1,7,14,1,8,1,6,14,1,21,121.5490799,25.0295036
114,12,17,23,30,2,09北投區,北投區行義路與行義路10巷口,0,0,1,1,C03,8,5,5,30,3,1,1,5,4,5,13,3,1,5,5,5,2,17,2,43,3,10,5,1,7,5,1,10,1,17,72,1,21,121.5261424,25.1246068
114,12,18,05,56,2,08士林區,士林區文林路485號,0,0,1,1,H01,7,5,5,0,14,9,1,5,4,5,13,4,4,4,3,5,2,29,3,0,,,,,,,,,,,66,1,,121.5192465,25.09630935
114,12,18,06,49,2,02萬華區,萬華區寶興街與西藏路口,0,0,2,1,C03,7,7,5,50,5,1,1,5,4,5,13,2,1,9,4,5,2,16,1,52,2,9,3,4,7,6,1,10,1,11,71,1,22,121.4924053,25.0283362
114,12,18,06,59,2,12內湖區,內湖區大湖山莊街243巷1號旁,0,0,1,1,B03,7,7,5,30,11,9,1,5,4,5,13,4,4,10,5,5,2,17,1,39,3,10,7,1,7,5,1,8,1,8,17,1,21,121.5992734,25.0907832
114,12,18,07,16,2,07信義區,信義區松德路133巷(虎林街232巷53之1號),0,0,1,1,B03,8,5,6,30,14,9,1,5,4,5,13,4,4,5,5,5,2,1,1,44,3,10,3,4,7,9,1,8,11,2,108,2,21,121.5763093,25.0358627
114,12,18,07,33,2,09北投區,北投區大度路與大度路150巷口,0,0,2,1,C03,8,7,5,50,3,1,1,5,4,5,13,1,1,2,1,3,1,16,1,63,2,9,6,1,7,5,1,10,1,14,83,1,22,121.4935537,25.1215308
114,12,18,07,41,2,04大安區,大安區復興南路2段與復興南路2段193巷口,0,0,1,1,C03,8,6,5,50,14,9,1,5,4,5,13,2,1,1,4,5,2,17,1,48,2,9,6,1,7,12,1,10,1,15,16,1,21,121.5435349,25.0263375
114,12,18,07,52,2,06松山區,松山區民生東路4段56巷3弄與民生東路4段80巷口,0,0,1,1,B03,8,6,5,30,4,1,1,5,4,5,13,4,4,8,3,5,1,16,2,60,3,10,3,1,7,9,1,8,2,5,80,1,21,121.5530393,25.057225
114,12,18,07,55,2,01大同區,大同區民生西路與赤峰街口,0,0,1,1,B03,8,7,5,50,14,9,1,5,4,5,13,4,4,5,4,5,2,17,1,29,3,10,3,4,7,7,1,8,1,4,42,1,21,121.5195843,25.0575292
114,12,18,08,20,2,03中山區,中山區民權東路1段與林森北路口,0,0,1,1,C03,7,6,5,50,14,9,1,5,4,5,13,4,4,1,5,5,1,12,1,54,2,7,3,4,7,9,1,10,1,14,16,1,21,121.5251423,25.0626118
114,12,18,08,27,2,04大安區,大安區和平東路3段與敦化南路2段口,0,0,1,1,C03,8,7,5,50,4,2,1,5,4,5,13,2,1,8,3,5,1,12,1,22,2,8,5,1,7,12,1,10,1,11,16,1,21,121.5490473,25.0246136
114,12,18,08,30,2,03中山區,中山區建國北路3段6號,0,0,2,1,B03,8,6,5,50,14,8,1,5,4,5,13,4,4,10,4,4,1,13,1,31,3,10,7,1,7,9,1,8,2,1,44,1,21,121.5368753,25.0631202
114,12,18,08,40,2,10文山區,文山區羅斯福路5段與羅斯福路5段212巷口,0,0,1,1,C03,8,6,5,50,3,2,1,5,4,5,13,4,4,1,4,5,2,17,2,25,2,7,6,1,7,9,1,10,2,11,108,1,21,121.5386183,25.0026291
114,12,18,08,56,2,07信義區,信義區莊敬路與莊敬路341巷口,0,0,2,1,C03,8,5,5,30,3,1,1,5,4,5,13,4,4,8,3,4,2,17,1,52,2,7,3,4,7,15,1,10,1,11,16,1,21,121.5642644,25.0279017
114,12,18,09,11,2,10文山區,文山區辛亥路4段114號,0,0,2,1,C03,8,6,5,50,3,2,1,5,4,5,13,1,1,1,4,5,2,13,1,24,2,9,6,1,7,9,1,10,1,12,108,1,22,121.5573199,25.0054932
114,12,18,09,19,2,10文山區,文山區木柵路5段66號,0,0,1,1,B03,8,5,5,40,14,9,1,5,4,5,13,4,4,10,5,5,2,16,1,52,3,10,7,1,7,1,1,7,2,8,19,1,21,121.5901685,25.00146062
114,12,18,09,20,2,10文山區,文山區木柵路1段59巷與木柵路1段59巷11弄口,0,0,1,1,C03,8,7,5,30,3,1,1,5,4,5,13,4,4,9,5,5,2,16,1,83,2,8,5,1,7,6,1,10,1,14,74,1,21,121.5474913,24.9881536
114,12,18,09,26,2,10文山區,文山區羅斯福路5段與羅斯福路5段218巷口,0,0,1,1,B01,8,6,5,50,4,1,1,5,4,5,13,2,1,1,4,5,2,16,1,37,3,10,7,1,7,5,1,4,2,5,80,1,21,121.5388527,25.0021702
114,12,18,09,41,2,12內湖區,內湖區民權東路6段與行愛路口口,0,0,1,1,C03,7,5,5,50,4,1,1,5,4,5,13,1,1,1,4,5,2,17,2,34,2,9,6,1,7,6,1,10,1,12,80,1,21,121.578518,25.0666231
114,12,18,09,44,2,04大安區,大安區忠孝東路3段與安東街口,0,0,1,1,B02,8,6,5,50,3,1,1,5,4,5,13,4,4,1,4,5,2,12,2,24,3,10,3,4,7,9,1,8,1,5,17,1,22,121.543094,25.0417182
114,12,18,09,58,2,07信義區,信義區吳興街345巷11號,0,0,1,1,B03,8,6,5,30,14,9,1,5,4,5,13,4,4,5,5,5,2,17,1,42,3,10,7,1,7,14,1,8,1,4,40,1,21,121.5660776,25.0265285
114,12,18,10,00,2,10文山區,文山區忠順街1段26巷與忠順街1段26巷3弄口,0,0,1,1,C03,8,5,5,30,4,1,1,5,4,5,13,4,4,10,5,5,1,17,1,57,2,9,5,1,7,9,1,10,1,11,72,1,21,121.5593613,24.9834983
114,12,18,10,19,2,11南港區,南港區南湖大橋南往北,0,0,1,1,C03,7,6,5,50,14,9,1,5,4,5,13,4,4,1,3,5,2,13,1,22,2,9,3,4,7,9,1,10,2,11,16,1,21,121.614037,25.0610185
114,12,18,10,23,2,06松山區,松山區塔悠路351號,0,0,1,1,B03,8,6,5,50,14,9,1,5,4,3,13,4,4,8,3,4,1,16,1,48,3,10,3,1,7,8,1,2,2,5,100,1,21,121.5685255,25.0626416
114,12,18,10,42,2,11南港區,南港區南港路2段與興中路口口,0,0,1,1,B03,7,6,5,50,4,1,1,5,4,5,13,2,1,5,4,5,2,17,2,50,3,10,7,1,7,5,1,8,2,17,8,1,21,121.6075076,25.0545455
114,12,18,10,46,2,03中山區,中山區北安路807號,0,0,2,1,C03,8,7,5,50,14,9,1,5,4,5,13,4,4,1,4,5,2,16,2,54,2,9,5,1,7,9,1,10,1,11,99,1,22,121.554641,25.08502749
114,12,18,11,45,2,07信義區,信義區市民大道5段與基隆路1段口,0,0,2,1,C03,7,6,5,40,4,1,1,5,4,5,13,2,1,1,4,5,2,17,1,38,2,7,3,4,7,12,1,10,1,11,42,1,21,121.5689052,25.0489942
114,12,18,11,59,2,05中正區,中正區延平南路與貴陽街1段口,0,0,1,1,B01,8,7,5,50,4,1,1,5,4,5,13,1,1,4,4,5,2,17,1,44,3,10,7,1,7,2,1,8,2,3,12,1,21,121.5088352,25.0390984
114,12,18,13,13,2,08士林區,士林區格致路與愛富三街口,0,0,1,1,B03,8,5,5,40,3,1,1,5,4,5,13,4,4,3,5,5,1,17,1,62,3,10,7,1,7,6,1,8,1,6,9,1,21,121.5463772,25.1390634
114,12,18,13,20,2,07信義區,信義區信義路5段18號,0,0,1,1,B03,8,6,5,50,22,9,1,5,4,5,13,4,4,1,4,5,2,17,4,0,4,11,3,4,7,21,7,19,11,17,119,2,22,121.5643315,25.0326747
114,12,18,13,55,2,04大安區,大安區新生南路3段與新生南路3段19巷口口,0,0,1,1,B03,7,7,5,30,3,1,1,5,4,5,13,4,4,1,4,4,1,17,2,50,3,10,7,1,7,6,1,8,1,8,74,1,21,121.5348041,25.0250382
114,12,18,13,57,2,04大安區,大安區信義路4段與大安路2段口,0,0,1,1,B03,8,7,5,50,4,1,1,5,4,5,13,1,1,10,5,5,2,16,1,30,3,10,7,1,7,6,1,8,1,2,44,1,21,121.545944,25.0332196
114,12,18,13,59,2,07信義區,信義區永吉路與松信路口,0,0,2,1,B03,7,6,5,50,4,1,1,5,4,5,13,2,1,1,4,4,2,16,2,25,3,10,7,1,7,6,1,8,2,2,71,1,21,121.5721869,25.0456841
114,12,18,14,16,2,08士林區,士林區陽金公路9.5K處,0,0,1,1,C03,6,5,5,40,11,9,1,4,4,5,13,4,4,8,5,5,1,11,1,19,2,8,5,1,7,9,1,10,1,11,101,1,21,121.5747444,25.18243622
114,12,18,14,18,2,04大安區,大安區仁愛路3段與建國南路1段口,0,0,1,1,B03,8,6,5,50,5,1,1,5,4,5,13,2,1,1,2,1,1,17,1,61,3,10,3,4,7,6,1,4,2,2,85,1,22,121.5375767,25.0379805
114,12,18,14,27,2,12內湖區,內湖區內湖路1段3號,0,0,1,1,A02,7,6,5,50,11,9,1,5,4,5,13,2,1,1,4,5,2,9,1,61,3,10,3,4,7,12,1,2,9,17,16,1,26,121.5585404,25.084985
114,12,18,14,50,2,05中正區,中正區重慶南路3段與汀州路2段口,0,0,1,1,B03,8,6,5,50,4,1,1,5,4,5,13,1,1,3,4,5,2,17,2,65,3,10,7,1,7,5,1,8,2,7,80,1,22,121.5162349,25.0257387
114,12,18,14,51,2,02萬華區,萬華區昆明街126號,0,0,1,1,C03,8,7,5,50,14,9,1,5,4,5,13,4,4,10,3,5,2,12,2,46,2,8,5,1,7,9,1,10,1,14,17,1,21,121.5049093,25.0433285
114,12,18,15,54,2,11南港區,南港區南港路1段與興中路口,0,0,1,1,B03,7,6,5,50,4,1,1,5,4,5,13,2,1,4,4,5,2,16,1,41,3,10,3,4,7,5,1,8,1,6,8,1,21,121.6074932,25.0545141
114,12,18,16,01,2,10文山區,文山區景華街與景華街97巷口,0,0,1,1,B03,8,6,5,30,3,18,1,5,4,5,13,4,4,10,5,5,2,1,2,45,3,10,7,1,7,5,1,8,2,8,70,1,21,121.5463551,24.99553
114,12,18,16,04,2,02萬華區,萬華區德昌街與德昌街154巷口,0,0,2,1,F01,8,5,5,30,3,1,1,5,4,3,10,4,4,10,5,5,2,17,2,18,2,9,4,4,7,9,8,20,1,11,72,1,21,121.4961121,25.0240576
114,12,18,16,15,2,07信義區,(松山路236號),0,0,1,1,B01,7,6,5,30,14,9,1,5,4,5,13,4,4,4,4,5,2,12,1,63,3,10,7,1,7,14,1,8,1,4,40,1,21,121.5774241,25.0443525
114,12,18,16,42,2,06松山區,松山區民權東路5段與民權東路5段口1號旁無名巷,0,0,1,1,C03,8,7,5,50,4,2,1,5,4,5,13,2,1,8,3,5,2,13,2,51,2,8,5,1,7,9,1,10,1,11,16,1,21,121.5648548,25.0631737
114,12,18,16,45,2,05中正區,中正區水源快速道路89號燈桿處,0,0,2,1,B01,8,6,5,50,14,9,1,5,4,5,13,4,4,3,4,5,1,13,2,30,2,9,7,1,7,9,1,4,2,1,108,1,21,121.5271454,25.01357811
114,12,18,16,50,2,05中正區,中正區中山南路與愛國東路口,0,0,1,1,B03,7,6,5,50,4,1,1,5,4,5,13,1,1,10,5,5,2,17,1,54,3,10,2,1,7,6,1,8,9,17,9,1,22,121.5167516,25.0349254
114,12,18,17,00,2,03中山區,中山區長安東路1段27號,0,0,1,1,C03,7,6,5,50,14,9,1,5,4,5,13,4,4,5,4,5,2,13,2,28,2,9,6,1,7,9,1,10,2,11,16,1,21,121.5240836,25.0492894
114,12,18,17,17,2,01大同區,大同區台北橋機慢車道東往西(編號282527與282528燈桿之間),0,0,3,1,C03,8,5,5,50,8,11,1,5,4,4,13,4,4,10,5,5,1,13,1,62,3,10,6,1,7,12,1,10,1,13,30,1,21,121.5077187,25.0636932
114,12,18,17,22,2,08士林區,士林區至善路1段與臨溪路口,0,0,1,1,B03,8,5,5,40,14,8,1,5,4,5,13,4,4,10,4,4,1,17,2,20,3,10,7,1,7,14,1,8,2,7,44,1,21,121.5394594,25.0976547
114,12,18,17,27,2,02萬華區,萬華區中華路2段與中華路2段484巷口,0,0,1,1,B03,8,5,5,50,4,2,1,5,4,5,13,1,1,8,5,5,2,12,1,69,3,10,7,1,7,9,1,8,1,5,17,1,21,121.5069971,25.026725
114,12,18,17,35,2,03中山區,中山區建國北路2段226巷與民生東路2段159巷口,0,0,2,1,C03,8,5,5,30,4,1,1,5,4,5,13,4,4,10,5,5,2,15,2,25,2,9,3,4,7,9,1,10,1,12,72,1,21,121.5361007,25.0610349
114,12,18,17,37,2,04大安區,大安區市民大道4段與復興南路1段口,0,0,2,1,C03,8,5,5,50,14,9,1,5,4,5,13,2,1,1,2,1,1,17,2,46,2,9,3,4,7,21,1,10,1,15,118,1,22,121.5440009,25.044837
114,12,18,17,39,2,02萬華區,萬華區西園路2段與西藏路口,0,0,2,1,B01,8,5,5,50,4,1,1,5,4,5,13,1,1,1,4,5,2,17,1,58,3,10,7,4,7,5,1,4,1,1,8,1,21,121.4957252,25.02870018
114,12,18,17,45,2,04大安區,大安區敦化南路1段325號前,0,0,2,1,B01,8,5,5,50,14,9,1,5,4,5,13,4,4,8,3,5,1,12,1,67,3,10,7,1,7,15,1,4,1,5,101,1,26,121.5490873,25.0344134
114,12,18,17,59,2,09北投區,北投區光明路與大同街口,0,0,1,1,C03,7,5,5,30,4,1,1,5,4,5,13,4,4,10,5,5,2,16,1,73,2,9,5,1,7,5,1,10,1,12,72,1,21,121.4996,25.1326995
114,12,18,18,00,2,03中山區,中山區中山北路2段158號,0,0,1,1,C03,7,5,5,50,14,9,1,5,4,5,13,2,1,1,5,5,1,16,1,48,3,10,3,4,7,6,1,9,1,13,80,1,21,121.52245,25.06296482
114,12,18,18,00,2,07信義區,信義區信義路5段與莊敬路口,0,0,3,1,C03,8,6,5,50,4,2,1,5,4,5,13,2,1,1,3,5,2,17,2,25,2,8,6,1,7,15,1,10,1,11,86,1,21,121.5612598,25.0328913
114,12,18,18,03,2,04大安區,大安區復興南路1段295巷與復興南路1段279巷30弄口,0,0,1,1,C03,8,5,5,30,4,1,1,5,4,5,13,4,4,9,5,5,2,15,1,19,2,8,6,4,7,9,1,10,1,11,75,1,22,121.5447296,25.0350444
114,12,18,18,15,2,05中正區,中正區中華路2段與中華路2段315巷口,0,0,1,1,C03,8,5,5,50,3,1,1,5,4,5,13,4,4,9,4,4,2,17,2,49,2,9,5,1,7,5,1,10,2,12,74,1,21,121.5060819,25.02781693
114,12,18,18,17,2,07信義區,信義區忠孝東路5段236巷2弄與松仁路口,0,0,1,1,B01,8,5,5,50,3,2,1,5,4,5,13,4,4,1,4,1,1,15,1,46,3,10,7,1,7,9,1,8,1,5,72,1,21,121.5684351,25.0405278
114,12,18,18,18,2,02萬華區,萬華區中華路2段與艋舺大道口,0,0,2,1,C03,8,5,5,50,3,2,1,5,4,5,13,2,1,1,4,5,2,13,2,68,2,9,6,1,7,9,1,10,1,11,108,1,21,121.5056539,25.034761
114,12,18,18,26,2,10文山區,文山區木柵路3段25巷1號對面,0,0,1,1,C03,8,5,5,30,14,9,2,5,4,5,13,4,4,9,5,5,2,17,1,60,2,5,5,1,7,1,1,10,1,14,19,1,21,121.557997,24.99940539
114,12,18,18,33,2,08士林區,士林區基河路與基河路188巷口,0,0,2,1,C03,8,5,5,50,3,1,1,5,4,5,13,4,4,5,5,5,2,3,1,32,2,8,6,1,7,9,1,10,2,11,44,1,21,121.522287,25.090457
114,12,18,18,59,2,05中正區,中正區市民大道3段與新生北路1段口往南,0,0,3,1,B02,8,5,5,40,4,2,1,5,4,5,13,4,4,1,5,5,2,17,1,20,3,10,7,4,7,1,1,8,1,8,19,1,22,121.5327545,25.04475144
114,12,18,19,25,2,07信義區,信義區松仁路151號,0,0,2,1,F01,7,5,5,0,22,20,4,5,4,5,13,4,4,10,5,5,2,17,2,48,2,8,4,1,7,9,8,20,1,11,42,1,21,121.5684693,25.0295621
114,12,18,19,54,2,06松山區,松山區民權東路3段與復興北路口,0,0,3,1,C03,8,5,8,50,4,1,1,5,4,5,13,1,1,1,4,5,2,13,1,29,2,9,5,1,7,9,1,10,1,11,16,1,21,121.5445572,25.062235
114,12,18,20,50,2,02萬華區,萬華區堤外便道(龍山012號燈桿處),0,0,2,1,C03,7,5,5,40,14,11,1,5,4,5,13,4,4,5,5,5,2,17,1,29,2,7,6,1,7,9,1,10,1,14,44,1,21,121.4963902,25.0393976
114,12,18,20,53,2,11南港區,南港區重陽路與重陽路187巷口,0,0,1,1,B02,8,5,5,50,3,2,1,5,4,5,13,1,1,4,3,4,2,13,1,59,3,10,3,4,7,9,1,8,2,8,16,1,21,121.5990337,25.056579
114,12,18,21,12,2,03中山區,中山區北安路與大直街口,0,0,1,1,C03,8,5,5,50,4,1,1,5,4,5,13,2,1,1,4,5,2,17,1,22,2,9,6,1,7,9,1,10,1,12,13,1,21,121.5469629,25.08006045
114,12,18,21,50,2,02萬華區,萬華區和平西路3段與和平西路3段109巷口,0,0,2,1,B01,8,5,5,40,3,1,1,5,4,5,13,4,4,1,4,5,2,16,1,43,3,10,7,1,7,9,1,4,1,5,80,1,21,121.5003987,25.0353472
114,12,18,21,50,2,05中正區,中正區林森南路19號,0,0,1,1,B03,8,5,5,50,14,7,1,5,4,5,13,4,4,9,5,4,2,12,2,22,3,10,7,1,7,1,1,8,1,8,19,1,21,121.5234597,25.0435295
114,12,18,21,51,2,05中正區,中正區羅斯福路3段與辛亥路1段口口,0,0,1,1,B03,8,5,5,50,4,1,1,5,4,5,13,1,1,1,4,5,2,16,1,26,3,10,3,4,7,6,1,8,1,2,42,1,21,121.5289827,25.0197053
114,12,19,00,12,2,08士林區,士林區基河路300巷與基河路口口,0,0,1,1,B03,8,6,5,50,3,1,1,5,4,5,13,3,1,5,4,5,1,16,1,69,4,11,3,4,7,21,7,19,11,5,72,2,22,121.5194311,25.0941261
114,12,19,00,20,2,02萬華區,萬華區中華路1段與峨眉街口,0,0,1,1,B03,8,5,5,50,3,1,1,5,4,5,13,4,4,1,3,5,2,13,1,29,3,10,7,1,7,9,1,8,2,5,16,1,21,121.5083907,25.043179
114,12,19,06,40,2,12內湖區,內湖區瑞光路190號,0,0,1,1,A02,8,6,5,50,14,9,1,5,4,5,13,4,4,5,4,5,2,9,1,58,3,10,7,1,7,14,1,2,11,17,44,1,21,121.577441,25.0747672
114,12,19,06,55,2,03中山區,中山區中山北路1段與長安西路口,0,0,1,1,A02,7,6,5,50,4,2,1,5,4,5,13,2,1,1,5,5,1,9,1,54,3,10,3,4,7,9,1,2,1,17,44,1,21,121.5216517,25.0501172
114,12,19,07,31,2,01大同區,大同區民族西路240號,0,0,1,1,B01,8,6,5,50,14,9,1,5,4,5,13,4,4,9,4,5,2,13,4,0,,,,,,,,,,,119,2,,121.5125499,25.0686368
114,12,19,07,39,2,09北投區,北投區聖景路與大度路3段口,0,0,3,1,C03,8,5,5,50,4,1,1,5,4,5,13,1,1,1,4,1,2,16,2,25,2,9,5,1,7,9,1,10,1,12,17,1,21,121.4643324,25.1238839
114,12,19,07,41,2,11南港區,南港區南深路與南深路19巷口,0,0,1,1,B12,8,6,5,50,3,1,1,5,4,5,13,4,4,5,5,5,2,15,1,34,3,10,7,1,7,9,1,8,1,2,44,1,21,121.6214054,25.0383563
114,12,19,07,43,2,10文山區,文山區木柵路4段與木柵路4段33巷口,0,0,1,1,B03,7,7,5,50,3,1,1,5,4,5,13,1,1,10,5,5,2,16,1,69,3,10,7,1,7,5,1,8,1,2,71,1,21,121.5715391,24.9940767
114,12,19,08,01,2,08士林區,士林區芝玉路1段516757燈牌,0,0,1,1,C03,8,5,5,30,11,9,1,5,4,5,13,4,4,10,5,5,1,10,1,32,3,10,6,1,7,9,1,10,2,11,5,1,21,121.536202,25.10449333
114,12,19,08,03,2,09北投區,北投區承德路7段145號,0,0,1,1,C03,8,6,5,60,14,7,1,5,4,5,13,4,4,1,3,4,2,13,1,18,2,7,6,1,7,7,1,10,2,11,16,1,22,121.5084623,25.1130271
114,12,19,08,04,2,03中山區,中山區民族東路410巷與民族東路口,0,0,1,1,B03,7,6,5,50,4,2,1,5,4,5,13,2,1,9,4,4,2,13,1,77,3,10,7,1,7,9,1,8,1,1,108,1,21,121.5382855,25.0679413
114,12,19,08,10,2,12內湖區,內湖區環山路2段與港華街29巷口口,0,0,1,1,B03,7,5,5,50,3,1,1,5,4,5,13,4,4,5,4,5,2,17,2,39,3,10,7,1,7,8,1,8,1,6,100,1,21,121.5771741,25.0839898
114,12,19,08,33,2,05中正區,中正區中山南路與徐州路口,0,0,2,1,C03,8,5,5,50,4,2,1,5,4,5,13,1,1,1,5,5,2,17,2,36,2,7,6,1,7,6,1,10,1,12,9,1,21,121.5186175,25.0417818
114,12,19,09,16,2,03中山區,中山區復興北路356號,0,0,1,1,B01,7,6,5,50,14,9,1,5,4,5,13,4,4,1,5,5,2,17,1,64,3,10,3,4,7,14,1,4,11,6,99,1,21,121.5440801,25.06025734
114,12,19,09,19,2,04大安區,大安區辛亥路3段與辛亥路3段157巷口,0,0,1,1,B03,8,6,5,50,4,1,1,5,4,5,13,2,1,10,5,5,2,16,2,50,3,10,3,4,7,6,1,8,1,5,9,1,22,121.5492004,25.0171247
114,12,19,09,56,2,05中正區,中正區和平西路2段與莒光路口,0,0,2,1,C03,8,6,5,50,3,1,1,5,4,5,13,1,1,3,4,5,2,13,2,64,2,9,5,1,7,9,1,10,1,11,16,1,21,121.5080998,25.03119488
114,12,19,10,16,2,06松山區,松山區南京東路3段300號,0,0,1,1,B01,8,6,5,50,14,8,1,5,4,5,13,4,4,8,3,4,1,16,1,62,3,10,3,1,7,8,1,4,2,6,100,1,21,121.5463845,25.0516993