發生年度,發生月,發生日,發生時-Hours,發生分,處理別-編號,區序,肇事地點,死亡人數,2-30日死亡人數,受傷人數,當事人序號,車種,天候,光線,道路類別,速限-速度限制,道路型態,事故位置,路面狀況1,路面狀況2,路面狀況3,道路障礙1,道路障礙2,號誌1,號誌2,車道劃分-分向,車道劃分-分道1,車道劃分-分道2,車道劃分-分道3,事故類型及型態,性別,年齡,受傷程度,主要傷處,保護裝置,行動電話,車輛用途,當事者行動狀態,駕駛資格情形,駕駛執照種類,飲酒情形,車輛撞擊部位1,肇因碼-個別,個人肇逃否,職業,座標-X,座標-Y
114,12,19,11,10,2,10文山區,文山區辛亥路4段與萬美街2段口,0,0,1,1,C03,8,6,5,50,3,1,1,5,4,5,13,1,1,5,2,5,2,13,2,62,2,8,6,1,7,9,1,10,2,11,16,1,21,121.5581649,25.0062268
114,12,19,11,35,2,08士林區,士林區承德路4段與中正路口,0,0,2,1,C03,8,5,5,50,5,1,1,5,4,5,13,2,1,8,4,5,1,17,1,21,2,9,6,1,7,9,1,10,2,11,16,1,21,121.5164851,25.0908601
114,12,19,11,38,2,07信義區,信義區松高路11號,0,0,1,1,B01,7,6,5,50,14,9,1,5,4,5,13,2,1,9,4,5,2,17,1,38,3,10,3,4,7,14,1,4,1,2,40,1,21,121.5658984,25.0392044
114,12,19,11,39,2,03中山區,中山區長安東路2段114號,0,0,1,1,C03,8,7,5,50,14,9,1,5,4,5,13,4,4,5,4,5,2,17,2,51,2,9,5,1,7,15,1,8,1,14,100,1,22,121.5356951,25.0484328
114,12,19,11,45,2,06松山區,松山區市民大道4段271號,0,0,1,1,C03,8,7,5,40,14,9,1,5,4,5,13,4,4,1,4,5,2,18,2,22,2,9,5,1,7,9,1,10,1,17,14,1,25,121.5550614,25.0447129
114,12,19,12,01,2,06松山區,松山區塔悠路82號,0,0,1,1,B03,8,6,5,50,14,9,1,5,4,5,13,4,4,1,4,5,2,12,2,30,3,10,7,1,7,8,1,8,1,5,100,1,22,121.5698105,25.053846
114,12,19,12,10,2,07信義區,信義區信安街67巷81號,0,0,1,1,B03,8,7,5,50,14,9,1,5,4,5,13,4,4,9,5,4,2,16,1,57,3,10,7,1,7,15,1,8,2,2,102,1,21,121.5603155,25.0259561
114,12,19,12,15,2,12內湖區,內湖區安康路32巷與安康路口,0,0,2,1,C03,8,6,5,50,3,1,1,5,4,5,13,2,1,5,4,5,2,17,1,19,2,9,6,1,7,9,3,18,1,11,42,1,21,121.5947187,25.0626123
114,12,19,12,20,2,12內湖區,內湖區堤頂大道2段187號,0,0,1,1,C03,8,6,5,50,14,9,1,5,4,5,13,4,4,1,4,5,2,13,1,62,2,9,5,1,7,9,1,10,1,11,16,1,21,121.5693753,25.0773374
114,12,19,12,46,2,05中正區,中正區重慶南路2段與寧波西街口,0,0,2,1,C03,8,6,5,50,4,1,1,5,4,5,13,1,1,1,4,5,2,17,1,73,2,9,5,1,7,8,1,10,11,12,101,2,21,121.5151742,25.0298034
114,12,19,13,11,2,10文山區,文山區辛亥路4段與萬美街2段口,0,0,1,1,C03,8,5,5,50,3,1,1,5,4,5,13,1,1,5,2,5,2,18,1,63,2,1,5,1,7,9,1,8,1,12,108,1,21,121.5580474,25.0061297
114,12,19,13,20,2,04大安區,大安區基隆路3段156巷與基隆路3段口,0,0,3,1,B01,8,7,5,40,4,1,1,5,4,5,13,2,1,10,5,5,2,15,1,63,3,10,7,1,7,9,1,4,2,1,44,1,21,121.5424809,25.0158396
114,12,19,13,30,2,03中山區,中山區松江路146號,0,0,1,1,C03,8,6,5,50,14,8,1,5,4,5,13,1,1,10,4,4,1,13,1,54,3,10,6,1,7,6,1,10,2,13,9,1,21,121.5328459,25.0544813
114,12,19,14,34,2,04大安區,大安區安和路2段與安和路2段171巷口,0,0,1,1,B03,8,6,5,50,4,1,1,5,4,5,13,2,1,1,2,5,1,17,1,57,3,10,3,4,7,6,1,8,1,5,44,1,22,121.5543523,25.03694676
114,12,19,15,10,2,05中正區,中正區牯嶺街95巷109號附近側附近,0,0,2,1,C03,8,6,5,30,14,9,1,5,4,3,10,4,4,10,5,5,1,17,1,63,2,7,6,1,7,9,1,10,2,11,5,1,21,121.5221316,25.0245908
114,12,19,15,19,2,06松山區,松山區光復南路22巷與光復南路22巷16弄口,0,0,1,1,B02,8,6,5,30,4,1,1,5,4,5,13,4,4,6,5,5,2,15,1,49,3,10,7,1,7,9,1,8,1,5,72,1,21,121.5563861,25.0470151
114,12,19,15,24,2,09北投區,北投區懷德街56巷與無名巷口,0,0,2,1,C03,8,7,5,30,4,1,1,5,4,5,13,4,4,10,5,5,2,15,2,27,2,9,5,1,7,9,1,10,1,11,72,1,21,121.5204087,25.1127575
114,12,19,15,54,2,03中山區,中山區龍江路189號,0,0,2,1,C03,8,6,5,30,14,9,1,5,4,5,13,4,4,9,5,5,2,16,1,57,2,8,6,1,7,5,1,10,1,14,27,1,21,121.5404985,25.0554702
114,12,19,15,57,2,01大同區,大同區民權西路228號,0,0,1,1,C03,6,6,5,50,14,9,1,4,4,5,13,4,4,1,4,5,2,17,1,50,2,9,5,4,7,9,1,10,1,11,44,1,21,121.513495,25.0627107
114,12,19,16,04,2,12內湖區,內湖區內湖路1段411巷56號對面,0,0,1,1,F02,7,6,5,0,14,20,4,5,4,5,13,4,4,10,5,5,2,18,1,54,2,1,4,1,7,9,8,20,8,17,21,1,21,121.5716013,25.0832624
114,12,19,16,06,2,01大同區,大同區民權西路120號,0,0,2,1,B01,7,6,5,50,3,1,1,5,4,5,13,4,4,3,4,5,2,12,1,66,3,10,3,1,7,8,1,4,1,2,17,1,21,121.5169506,25.0628067
114,12,19,16,27,2,03中山區,中山區民族東路137號,0,0,1,1,B03,7,6,5,50,14,9,1,5,4,5,13,4,4,1,4,4,2,11,2,62,3,10,7,1,7,9,1,8,1,5,108,1,21,121.5402676,25.0682017
114,12,19,16,31,2,07信義區,信義區忠孝東路5段236巷2弄與松勇路口,0,0,1,1,B01,8,5,5,50,3,19,1,5,4,5,13,4,4,5,5,5,2,3,1,53,3,10,7,1,7,5,1,4,1,1,70,1,21,121.5697607,25.0404758
114,12,19,16,38,2,05中正區,中正區中山北路1段與北平東路口,0,0,1,1,B03,8,6,5,50,5,2,1,5,4,5,13,1,2,1,4,5,2,16,1,48,3,10,7,1,7,6,1,8,9,5,9,1,21,121.5204245,25.0470957
114,12,19,16,38,2,09北投區,北投區大業路與大興街口,0,0,1,1,B03,6,6,5,50,3,1,1,4,4,5,13,1,1,1,4,4,2,16,1,59,3,10,7,1,7,5,1,8,1,1,8,1,21,121.4970903,25.1295909
114,12,19,16,40,2,05中正區,中正區和平西路1段與廈門街口口,0,0,1,1,B03,8,6,5,50,4,1,1,5,4,5,13,1,1,1,4,5,1,16,2,45,3,10,7,1,7,5,1,8,2,6,71,1,21,121.5184733,25.0267337
114,12,19,16,42,2,03中山區,中山區中山北路2段102號,0,0,1,1,B03,8,6,5,50,14,9,1,5,4,5,13,4,4,9,4,5,2,13,2,62,3,10,3,4,7,14,1,8,2,1,113,1,21,121.5229125,25.06008125
114,12,19,16,54,2,03中山區,中山區民權東路1段中山國小捷運站2號出口,0,0,1,1,B01,8,5,6,50,14,9,1,5,4,5,13,1,1,9,4,5,2,12,1,56,3,10,3,4,7,7,1,8,1,4,100,1,21,121.5265395,25.06288958
114,12,19,17,07,2,08士林區,士林區中山北路4段與通河街口,0,0,1,1,B02,8,5,5,50,14,9,1,5,4,5,13,2,1,1,3,5,1,17,4,0,,,,,,,,,11,,119,2,,121.5245615,25.07971196
114,12,19,17,10,2,07信義區,信義區林口街166號,0,0,1,1,B01,7,6,5,40,14,9,1,5,4,5,13,4,4,4,5,5,2,12,1,65,3,10,7,1,7,15,1,8,1,4,101,1,21,121.5806109,25.0403341
114,12,19,17,16,2,03中山區,中山區中山北路3段62號,0,0,1,1,C03,8,5,5,50,14,8,1,5,4,5,13,4,4,1,4,5,1,12,1,38,3,10,5,1,7,8,1,10,1,12,100,1,21,121.523133,25.070018
114,12,19,17,22,2,04大安區,大安區信義路4段60-50號,0,0,1,1,B03,8,5,5,50,14,9,1,5,4,5,13,4,4,9,4,5,2,17,1,41,3,10,3,4,7,1,1,8,1,8,19,1,21,121.5459707,25.0325044
114,12,19,17,32,2,04大安區,大安區師大路45-1號,0,0,1,1,C03,7,6,5,50,3,1,1,5,4,5,13,4,4,10,5,5,2,17,1,57,2,9,6,4,7,1,1,10,1,12,80,1,22,121.5285975,25.0244609
114,12,19,17,35,2,06松山區,松山區光復北路與富錦街口,0,0,2,1,C03,7,6,5,50,3,1,1,5,4,5,13,4,4,5,4,4,2,16,2,36,2,9,6,1,7,5,1,10,2,12,71,1,22,121.5549048,25.0603459
114,12,19,17,35,2,10文山區,文山區木新路3段與興隆路4段口,0,0,2,1,C03,8,5,5,50,3,1,1,5,4,5,13,1,1,5,4,5,2,2,2,74,2,7,6,1,7,5,1,10,1,11,70,1,21,121.5625824,24.9822242
114,12,19,18,14,2,05中正區,中正區忠孝西路1段與延平北路1段口往西未過路口,0,0,1,1,B03,7,5,5,50,4,2,1,5,4,5,13,2,1,1,4,5,2,14,1,59,3,10,7,4,7,2,1,8,2,3,12,1,22,121.509711,25.0473263
114,12,19,18,15,2,11南港區,南港區東新街與東新街108巷口,0,0,1,1,B03,8,5,5,50,4,2,1,5,4,5,13,1,1,4,3,5,2,12,1,66,3,10,7,1,7,9,1,8,1,2,108,1,21,121.5877101,25.0465012
114,12,19,18,44,2,04大安區,大安區師大路與師大路80巷口,0,0,2,1,C04,7,5,5,50,4,1,1,5,4,5,13,2,1,5,5,5,2,17,1,18,3,10,5,1,7,5,1,10,1,11,44,1,21,121.5284295,25.02329407
114,12,19,18,45,2,04大安區,大安區敦化南路2段與四維路154巷口口,0,0,1,1,B03,8,5,5,50,4,1,1,5,4,5,13,2,1,1,4,5,1,17,1,52,3,10,7,1,7,5,1,8,1,8,71,1,21,121.5485539,25.0309518
114,12,19,18,48,2,06松山區,松山區南京東路5段與寶清街口,0,0,3,1,C03,7,7,5,50,4,1,1,5,4,5,13,2,1,1,4,5,2,12,2,40,2,9,6,1,7,15,1,10,1,14,17,1,25,121.5683504,25.0514266
114,12,19,19,12,2,04大安區,大安區和平東路3段22號,0,0,1,1,C04,8,5,5,50,14,9,1,5,4,5,13,4,4,2,3,5,2,13,2,59,2,9,5,1,7,8,1,11,2,11,17,1,21,121.5472493,25.0245981
114,12,19,19,29,2,04大安區,大安區敦化南路2段81巷45弄與敦化南路2段81巷口,0,0,1,1,B01,8,5,5,30,5,3,1,5,4,5,13,2,1,10,5,5,2,3,1,61,3,10,3,4,7,6,1,4,1,5,70,1,21,121.5503814,25.0299596
114,12,19,19,31,2,12內湖區,內湖區康樂街150號,0,0,1,1,B03,7,5,6,50,14,9,1,5,4,5,13,4,4,9,5,5,2,13,1,32,3,10,7,1,7,9,3,18,1,5,16,1,22,121.6194339,25.0726771
114,12,19,19,40,2,12內湖區,內湖區瑞湖街與舊宗路2段135巷口,0,0,1,1,C02,8,5,5,50,3,1,1,5,4,5,13,4,4,5,5,5,2,16,1,40,2,8,5,1,7,9,1,9,1,11,1,1,22,121.5764219,25.0697188
114,12,19,20,00,2,05中正區,中正區中山南路與信義路1段口,0,0,1,1,C03,7,5,5,50,5,1,1,5,4,5,13,1,1,1,4,5,2,16,1,19,3,10,6,1,7,5,1,10,1,17,8,1,22,121.5178421,25.0387478
114,12,19,20,47,2,06松山區,松山區民權東路3段112號,0,0,1,1,,7,6,5,50,14,9,1,5,4,5,13,4,4,1,4,5,2,17,4,0,,,,,7,15,7,,11,15,119,2,,121.5451997,25.062027
114,12,19,20,50,2,12內湖區,內湖區康樂街與康湖路口,0,0,1,1,B03,8,5,5,50,3,1,1,5,4,5,13,2,1,5,4,5,2,17,1,32,3,10,7,1,7,5,1,8,1,1,71,1,22,121.6230079,25.0781061
114,12,19,21,01,2,04大安區,大安區臥龍街43巷與敦南街口口,0,0,1,1,B01,8,5,5,30,5,1,1,5,4,5,13,4,4,10,5,5,1,17,1,26,2,9,7,1,7,9,1,4,1,2,72,1,21,121.5466513,25.0223925
114,12,19,21,22,2,02萬華區,萬華區和平西路3段189號,0,0,1,1,B02,7,5,5,50,14,7,1,5,4,5,13,4,4,1,4,4,2,12,1,68,3,10,7,1,7,7,6,18,2,8,80,1,21,121.4978912,25.0353449
114,12,19,21,57,2,08士林區,士林區福林橋南往北,0,0,2,1,C03,7,5,5,50,8,9,1,4,4,5,13,4,4,1,4,5,1,12,2,20,2,8,6,1,7,8,1,10,2,12,100,1,21,121.5258395,25.1021186
114,12,19,22,24,2,02萬華區,萬華區華江橋機車道往新北001050桿,0,0,2,1,C03,7,5,7,40,14,11,1,5,4,5,13,4,4,1,4,1,2,13,1,22,2,8,5,1,7,9,1,10,1,11,44,1,21,121.4892919,25.0356507
114,12,19,22,45,2,02萬華區,萬華區環河南路2段與桂林路口,0,0,1,1,C03,6,6,5,50,5,1,1,4,4,5,13,2,1,9,4,4,2,17,1,39,2,9,3,4,7,9,1,10,1,12,44,1,22,121.4970447,25.0385304
114,12,19,22,58,2,02萬華區,萬華區環河南路2段與桂林路口,0,0,1,1,B03,7,5,5,50,4,2,1,5,4,5,13,1,1,5,4,4,1,17,1,36,3,10,7,1,7,5,1,8,1,1,71,1,21,121.4969552,25.0383719
114,12,19,23,10,2,04大安區,大安區忠孝東路4段205巷與敦化南路1段161巷口,0,0,1,1,B01,6,5,5,30,4,1,1,4,4,5,13,4,4,10,5,5,1,15,1,63,3,10,7,1,7,9,1,4,1,1,72,1,21,121.5519457,25.0434888
114,12,19,23,40,2,04大安區,大安區大安路1段與仁愛路4段91巷口,0,0,2,1,B02,8,5,5,30,4,1,1,5,4,5,13,4,4,9,4,5,1,15,1,25,3,10,3,1,7,9,1,4,1,4,72,1,22,121.5460732,25.03866401
114,12,20,01,34,2,03中山區,中山區中山北路2段與中山北路2段183巷口,0,0,2,1,B01,8,5,5,50,3,1,1,5,4,5,13,4,4,9,4,5,2,16,1,58,3,10,7,1,7,6,1,4,2,2,9,1,26,121.5225589,25.06366551
114,12,20,07,00,2,04大安區,大安區通化街19巷與文昌街250巷口,0,0,1,1,C03,8,6,5,30,4,1,1,5,4,5,13,4,4,10,5,5,2,17,1,61,2,8,6,4,7,9,1,10,2,12,72,1,22,121.5557227,25.0316462
114,12,20,07,07,2,11南港區,南港區福德街373巷與福德街口口,0,0,1,1,A02,8,5,5,30,3,2,1,5,4,5,13,3,1,9,5,5,2,9,1,54,3,10,3,4,7,1,1,2,9,17,36,1,21,121.592702,25.0400824
114,12,20,08,31,2,02萬華區,萬華區桂林路246巷與桂林路244巷55弄口,0,0,2,1,C03,8,6,5,30,3,2,1,5,4,5,13,1,1,10,4,4,2,13,2,59,2,9,6,1,7,9,1,10,1,11,108,1,22,121.4925353,25.036922
114,12,20,08,32,2,05中正區,中正區新生南路1段與仁愛路2段口,0,0,1,1,B03,8,5,5,50,4,1,1,5,4,5,13,2,1,1,4,5,2,16,1,63,3,10,7,1,7,6,1,8,1,2,9,1,21,121.5326466,25.0382402
114,12,20,08,32,2,07信義區,信義區松智路與松平路口,0,0,2,1,C03,8,7,5,50,4,2,1,5,4,5,13,4,4,10,5,5,2,13,1,75,3,10,5,1,7,6,1,10,1,13,9,1,21,121.5653884,25.0303045
114,12,20,08,46,2,10文山區,文山區木柵路2段200號,0,0,1,1,C03,8,5,5,50,14,18,1,5,4,5,13,2,1,5,5,5,2,3,2,39,3,10,3,4,7,9,1,10,1,11,70,1,22,121.5633789,24.9889359
114,12,20,09,00,2,07信義區,信義區虎林街164巷60弄2號,0,0,1,1,B01,8,6,5,30,14,9,1,5,4,5,13,4,4,10,5,5,2,17,1,66,3,10,7,1,7,9,1,4,2,7,89,1,22,121.5743658,25.0379681
114,12,20,09,45,2,02萬華區,萬華區堤外便道(馬場町公園停車場旁),0,0,2,1,C04,8,6,5,30,3,1,1,5,4,5,13,4,4,10,5,5,2,15,2,64,2,8,6,1,7,9,1,8,1,11,118,1,22,121.5066904,25.0211329
114,12,20,10,18,2,02萬華區,萬華區國興路與國興路口,0,0,1,1,B03,8,6,5,30,3,2,1,5,4,5,13,2,1,5,5,5,1,17,1,50,3,10,3,4,7,11,1,8,1,4,10,1,22,121.5083174,25.0241173
114,12,20,10,27,2,05中正區,中正區寧波西街15號,0,0,1,1,B03,8,6,5,50,14,9,1,5,4,5,13,4,4,10,4,5,1,17,1,47,3,10,7,1,7,7,1,8,2,4,100,1,21,121.5186466,25.0315029
114,12,20,10,58,2,10文山區,文山區景文街146巷15號,0,0,1,1,F01,8,6,8,0,22,22,1,5,4,5,13,4,4,10,5,5,1,11,1,40,3,10,4,1,7,9,8,20,11,15,99,1,21,121.5468706,25.0000874
114,12,20,11,02,2,03中山區,中山區建國高架道北往南（過長安上方）,0,0,1,1,B03,7,6,5,70,14,9,1,5,4,5,13,4,4,9,3,5,1,17,2,58,2,7,7,1,7,9,1,8,2,1,104,1,21,121.5366326,25.04713085
114,12,20,11,58,2,09北投區,北投區立農街2段340號,0,0,1,1,C03,8,6,5,30,14,9,1,5,4,5,13,4,4,10,5,5,2,16,1,83,2,9,5,1,7,6,1,10,2,12,9,1,21,121.5177566,25.1190046
114,12,20,12,10,2,08士林區,士林區承德路5段與中正路口,0,0,2,1,C03,8,5,8,50,22,22,1,5,4,5,13,2,1,1,5,5,1,17,1,66,2,9,5,1,7,9,1,10,1,11,16,1,21,121.5200818,25.09577299
114,12,20,12,20,2,05中正區,中正區汀州路3段與羅斯福路3段316巷口口,0,0,1,1,B03,8,6,5,50,4,1,1,5,4,5,13,1,1,5,5,5,2,16,1,21,3,10,7,1,7,5,1,8,1,1,71,1,21,121.5324888,25.0150912
114,12,20,12,34,2,07信義區,信義區基隆路1段與松壽路口,0,0,2,1,C03,8,7,5,50,4,1,1,5,4,5,13,1,1,9,4,5,2,16,1,39,2,9,5,1,7,5,1,10,2,14,8,1,21,121.5613215,25.0357284
114,12,20,12,38,2,01大同區,大同區環河北路2段285號,0,0,1,1,B03,8,6,5,60,14,9,1,5,4,5,13,4,4,1,4,5,2,17,1,62,3,10,7,4,7,9,1,8,1,1,108,1,21,121.5094851,25.0712669
114,12,20,12,45,2,06松山區,松山區市民大道6段與松山路口,0,0,2,1,C03,8,6,5,40,4,2,1,5,4,5,13,2,1,9,4,5,2,12,1,27,2,9,6,1,7,15,1,10,1,14,71,1,22,121.5778769,25.0494926
114,12,20,13,05,2,03中山區,中山區中山北路2段59巷與中山北路2段口,0,0,1,1,C03,8,5,6,30,3,1,1,5,4,5,13,4,4,10,4,4,2,16,1,50,3,10,6,4,7,6,1,10,2,12,80,1,21,121.5226941,25.05601347
114,12,20,13,13,2,01大同區,大同區大龍街與酒泉街口,0,0,1,1,B03,8,6,5,50,4,2,1,5,4,5,13,2,1,9,4,5,2,3,1,74,3,10,7,1,7,6,1,8,1,1,70,1,21,121.5158583,25.0719156
114,12,20,13,22,2,04大安區,大安區市民大道3段與八德路2段口,0,0,1,1,B03,8,6,5,50,4,1,1,5,4,5,13,2,1,1,4,1,2,16,2,40,3,10,7,1,7,6,1,8,1,2,9,1,21,121.5348074,25.0449064
114,12,20,13,40,2,08士林區,士林區通河東街2段10巷與百齡橋口,0,0,1,1,C03,8,5,8,30,22,22,1,5,4,5,13,2,1,10,5,5,1,35,1,23,2,9,5,1,7,9,1,10,1,11,14,1,21,121.5156345,25.09143864
114,12,20,13,40,2,07信義區,信義區基隆路2段與嘉興街口,0,0,1,1,B01,8,7,5,50,3,1,1,5,4,5,13,4,4,9,4,5,2,17,1,59,3,10,3,4,7,6,1,4,2,6,74,1,21,121.5591922,25.0325823
114,12,20,13,42,2,05中正區,中正區中華路1段53號,0,0,2,1,C03,8,5,6,50,14,9,1,5,4,5,13,4,4,1,4,5,2,13,1,18,2,7,5,1,7,9,1,10,1,12,16,1,21,121.508881,25.0434307
114,12,20,14,42,2,12內湖區,內湖區堤外便道與東湖路160巷口,0,0,1,1,C03,8,6,5,50,3,2,1,5,4,5,13,1,1,5,5,5,2,13,2,57,2,8,5,1,7,9,1,10,1,11,108,1,21,121.6179263,25.0658394
114,12,20,14,50,2,10文山區,文山區木新路3段45巷與木新路3段95巷7弄口,0,0,1,1,B03,8,5,5,50,4,1,1,5,4,5,13,4,4,10,5,5,1,17,1,67,3,10,7,1,7,9,1,8,1,4,14,1,21,121.5644114,24.9817716
114,12,20,15,18,2,07信義區,信義區松山路與忠孝東路5段口,0,0,2,1,B03,8,6,5,50,14,9,1,5,4,5,13,2,1,1,4,5,2,13,2,33,2,4,3,4,7,9,1,8,1,1,107,1,22,121.5781839,25.0409977
114,12,20,15,26,2,03中山區,中山區北安路532-4號,0,0,2,1,C03,8,6,5,50,14,9,1,5,4,5,13,1,1,1,4,5,2,13,2,47,2,9,5,4,7,14,1,10,1,13,44,1,21,121.5470359,25.07963013
114,12,20,15,30,2,03中山區,中山區民生東路3段與建國北路2段口,0,0,3,1,C03,8,6,5,50,4,1,1,5,4,5,13,1,1,3,4,4,2,12,1,52,2,9,3,4,7,9,1,10,1,14,118,1,21,121.5369593,25.0581848
114,12,20,15,31,2,10文山區,文山區興隆路1段與興順街口,0,0,1,1,B03,8,6,5,50,3,1,1,5,4,5,13,2,1,1,4,5,2,16,1,51,3,10,7,1,7,11,1,8,1,4,103,1,21,121.5433055,25.0005246
114,12,20,15,43,2,03中山區,中山區敬業一路118號,0,0,1,1,B03,8,6,5,50,14,9,1,5,4,5,13,1,1,9,5,5,1,17,2,44,3,10,7,1,7,6,1,8,1,1,9,1,21,121.5523786,25.0826696
114,12,20,15,44,2,03中山區,中山區民權東路3段與建國北路3段口,0,0,1,1,A05,8,7,5,50,4,2,1,5,4,5,13,1,1,1,3,5,1,17,1,60,3,10,7,1,7,6,1,2,1,2,9,1,21,121.5373712,25.06300999
114,12,20,15,44,2,07信義區,信義區福德街68號,0,0,1,1,A02,8,6,5,50,14,9,2,5,4,5,13,4,4,1,4,5,2,9,1,34,3,10,3,4,7,1,1,2,2,17,44,1,21,121.5806631,25.0369279
114,12,20,15,50,2,05中正區,中正區愛國西路與重慶南路2段口,0,0,1,1,C03,8,7,5,50,14,9,1,5,4,5,13,1,1,2,4,5,2,12,1,59,3,10,6,1,7,9,1,10,1,14,42,1,22,121.5127997,25.0350331
114,12,20,15,50,2,11南港區,南港區忠孝東路6段422號,0,0,2,1,F01,8,6,5,0,22,20,4,5,4,5,13,4,4,10,5,5,2,17,2,17,2,8,4,1,7,9,8,20,1,15,42,1,21,121.5931333,25.0501042
114,12,20,16,11,2,01大同區,大同區延平北路3段與伊寧街口,0,0,2,1,C03,8,7,5,50,4,2,1,5,4,5,13,1,1,5,4,5,2,13,1,89,4,11,5,1,7,9,1,10,11,11,44,1,21,121.5111344,25.0644901
114,12,20,16,31,2,01大同區,大同區承德路3段與撫順街口,0,0,2,1,C03,8,6,5,50,5,1,1,5,4,5,13,4,4,1,5,5,2,16,2,59,3,10,6,1,7,6,1,10,2,12,44,1,21,121.5184304,25.0631811
114,12,20,16,39,2,04大安區,大安區和平東路1段與師大路口,0,0,1,1,C03,8,5,5,50,3,2,1,5,4,5,13,2,1,8,3,5,1,12,1,25,2,9,5,1,7,9,1,10,1,11,108,1,21,121.528235,25.0265131
114,12,20,16,58,2,02萬華區,萬華區貴陽街2段58號,0,0,1,1,B03,8,5,5,50,14,9,1,5,4,5,13,4,4,10,4,5,2,17,1,33,3,10,7,4,7,1,1,8,1,8,19,1,21,121.5048049,25.03964363
114,12,20,17,06,2,02萬華區,萬華區華中橋機車道往台北7010515桿,0,0,2,1,C03,7,7,5,30,14,11,1,5,4,5,13,4,4,1,4,5,2,13,1,24,2,9,5,1,7,9,1,10,1,11,44,1,21,121.4956339,25.0142846
114,12,20,17,07,2,08士林區,士林區大東路士林國小大門前,0,0,2,1,B01,8,6,5,50,14,9,1,5,4,5,13,2,1,5,5,5,2,16,1,62,3,10,7,1,7,6,1,4,1,5,9,1,21,121.5250976,25.0933036
114,12,20,17,10,2,08士林區,士林區中正路與文昌路口口,0,0,1,1,C03,8,5,5,50,4,2,1,5,4,5,13,2,1,3,3,5,2,17,1,41,2,8,5,1,7,5,1,10,1,14,86,1,22,121.5217553,25.0943831
114,12,20,17,16,2,11南港區,南港區成美橋北往南下橋處,0,0,2,1,C03,8,6,5,50,8,9,1,5,4,5,13,1,1,7,4,5,2,13,1,28,2,8,6,1,7,9,1,10,1,11,108,1,21,121.5827158,25.051855
114,12,20,17,53,2,04大安區,大安區信義路3段99巷與建國南路1段341巷口,0,0,1,1,B03,8,5,5,30,4,1,1,5,4,5,13,4,4,10,5,5,2,17,1,57,3,10,3,4,7,9,1,8,2,1,72,1,22,121.5386509,25.034413
114,12,20,17,56,2,01大同區,大同區長安西路與塔城街口,0,0,1,1,B02,8,6,5,50,14,9,1,5,4,5,13,2,1,9,4,5,2,17,1,22,3,10,7,4,7,5,1,8,1,2,8,1,21,121.510375,25.0520614
114,12,20,18,16,2,02萬華區,萬華區堤外便道往南(近桂林水門口)（燈桿：龍山055）,0,0,2,1,C03,8,5,5,40,14,11,1,5,4,5,13,4,4,5,4,5,2,13,1,71,2,9,5,4,7,9,1,10,1,11,16,1,21,121.4981047,25.0408367
114,12,20,18,19,2,10文山區,文山區羅斯福路6段與羅斯福路6段92巷口口,0,0,1,1,B12,8,5,5,50,3,2,1,5,4,5,13,4,4,1,4,5,2,17,1,25,3,10,7,1,7,7,1,8,2,4,100,1,21,121.5405685,24.9979082
114,12,20,19,14,2,08士林區,士林區格致路與凱旋路口,0,0,1,1,B03,8,5,5,40,3,1,1,5,4,5,13,4,4,5,5,5,1,16,1,40,3,10,7,1,7,6,1,8,2,5,74,1,21,121.5463641,25.1369941
114,12,20,19,51,2,05中正區,中正區忠孝東路2段25號,0,0,1,1,C03,7,5,5,50,14,9,1,5,4,5,13,4,4,1,4,5,2,17,1,37,2,9,6,1,7,12,1,10,2,14,16,1,21,121.5273186,25.0439592
114,12,20,20,51,2,04大安區,大安區四維路與四維路154巷口口,0,0,1,1,F02,8,5,5,30,4,1,1,5,4,5,13,2,1,5,5,5,2,12,2,57,2,9,4,1,7,9,8,20,1,13,101,1,22,121.5479548,25.0310134
114,12,20,21,28,2,10文山區,文山區忠順街2段90巷與忠順街2段口口,0,0,1,1,C03,8,5,5,50,3,1,1,5,4,5,13,4,4,10,5,5,2,17,2,47,3,10,5,1,7,5,1,10,1,17,72,1,21,121.5658534,24.9850361
114,12,20,21,50,2,03中山區,中山區長春路187號,0,0,1,1,B01,7,5,5,50,14,9,1,5,4,5,13,4,4,9,4,4,2,16,1,40,3,10,3,4,7,11,1,4,1,8,10,1,21,121.5373553,25.0546715
114,12,20,22,00,2,05中正區,中正區信義路2段65號,0,0,2,1,C03,8,5,5,50,14,9,1,5,4,5,13,4,4,1,4,5,2,13,1,37,2,9,6,1,7,9,1,10,2,11,16,1,22,121.5264704,25.0345307
114,12,20,23,11,2,03中山區,中山區中山北路2段162號,0,0,2,1,C03,7,5,5,50,14,9,1,5,4,5,13,4,4,9,4,5,1,12,1,29,2,7,6,1,7,9,1,10,2,15,17,1,21,121.5223856,25.0633725
114,12,20,23,45,2,01大同區,大同區承德路3段195號,0,0,3,1,C03,8,5,5,50,14,9,1,5,4,5,13,4,4,1,4,5,2,13,1,22,2,9,5,1,7,9,1,10,1,11,16,1,21,121.5185495,25.0694832