發生年度,發生月,發生日,發生時-Hours,發生分,處理別-編號,區序,肇事地點,死亡人數,2-30日死亡人數,受傷人數,當事人序號,車種,天候,光線,道路類別,速限-速度限制,道路型態,事故位置,路面狀況1,路面狀況2,路面狀況3,道路障礙1,道路障礙2,號誌1,號誌2,車道劃分-分向,車道劃分-分道1,車道劃分-分道2,車道劃分-分道3,事故類型及型態,性別,年齡,受傷程度,主要傷處,保護裝置,行動電話,車輛用途,當事者行動狀態,駕駛資格情形,駕駛執照種類,飲酒情形,車輛撞擊部位1,肇因碼-個別,個人肇逃否,職業,座標-X,座標-Y
114,12,21,00,17,2,03中山區,中山區復興北路與八德路2段口,0,0,1,1,B01,7,5,5,50,4,2,1,5,4,5,13,2,1,9,4,5,1,17,1,74,3,10,7,1,7,6,1,4,2,8,9,1,21,121.543749,25.0475793
114,12,21,00,25,2,07信義區,信義區松山路280號,0,0,1,1,C03,8,5,5,50,14,9,1,5,4,5,13,4,4,5,5,5,2,17,1,19,2,9,5,1,7,9,1,10,2,11,108,1,22,121.5777318,25.0436668
114,12,21,05,39,2,04大安區,大安區和平東路2段151號,0,0,1,1,F01,8,5,5,0,14,20,4,5,4,5,13,4,4,10,5,5,2,17,1,37,3,10,4,1,7,9,8,20,8,14,21,1,22,121.5410103,25.025365
114,12,21,06,57,2,03中山區,中山區復興北路488巷與民權東路3段39巷口,0,0,2,1,C03,8,6,5,30,4,1,1,5,4,5,13,4,4,9,5,5,2,15,1,71,2,8,5,1,7,9,1,10,1,11,72,1,21,121.5426486,25.0650599
114,12,21,07,13,2,03中山區,中山區中山北路3段與德惠街口,0,0,1,1,C03,8,6,5,50,14,9,1,5,4,5,13,1,1,1,4,5,1,13,1,64,4,11,3,4,7,21,7,19,11,15,119,2,22,121.5211155,25.05007277
114,12,21,07,45,2,01大同區,大同區赤峰街與承德路2段53巷口,0,0,1,1,B02,8,5,5,30,4,1,1,5,4,5,13,4,4,7,4,5,2,15,1,28,3,10,7,1,7,9,1,6,1,2,72,1,21,121.5196476,25.0553107
114,12,21,08,47,2,11南港區,南港區忠孝東路5段與中坡南路口,0,0,2,1,B03,8,6,5,50,5,1,1,5,4,5,13,1,1,3,5,5,2,16,2,33,3,10,3,4,7,5,1,8,1,8,71,1,21,121.5819782,25.0441445
114,12,21,08,51,2,08士林區,士林區承德路5段(監理站對面),0,0,1,1,B03,8,7,5,50,14,9,1,5,4,5,13,4,4,1,4,5,2,13,2,30,3,10,7,1,7,7,1,8,7,1,16,1,21,121.5141548,25.0959542
114,12,21,09,14,2,06松山區,松山區民權東路4段121號與民權東路4段口,0,0,1,1,B12,8,6,5,50,3,2,1,5,4,5,13,2,1,1,4,5,2,13,1,30,3,10,7,1,7,9,1,8,1,1,108,1,22,121.5595368,25.0624006
114,12,21,09,31,2,09北投區,北投區公館路與公館路166巷口,0,0,1,1,B01,7,7,5,50,4,2,1,5,4,5,13,4,4,5,4,5,2,16,1,45,3,10,7,1,7,6,1,8,2,8,74,1,21,121.5062897,25.1290122
114,12,21,09,38,2,06松山區,松山區八德路4段17巷與八德路4段口,0,0,2,1,C03,8,7,5,50,3,1,1,5,4,5,13,1,1,5,4,5,2,11,1,48,2,9,5,1,7,9,1,10,1,14,2,1,26,121.5585122,25.04826776
114,12,21,10,36,2,03中山區,中山區興安街與復興北路口,0,0,2,1,C03,8,6,5,50,4,1,1,5,4,5,13,1,1,1,4,4,2,16,2,19,2,9,6,4,7,5,1,10,2,12,80,1,21,121.5440581,25.05577149
114,12,21,10,44,2,03中山區,中山區南京東路3段與復興北路口側附近口,0,0,2,1,B12,8,6,5,50,14,8,1,5,4,5,13,1,1,9,4,4,2,13,1,23,3,10,7,1,7,9,1,8,1,1,16,1,21,121.5441258,25.0517639
114,12,21,10,49,2,08士林區,士林區百齡橋與大南路口,0,0,1,1,C03,8,5,5,50,3,1,1,5,4,5,13,2,1,5,4,5,2,17,1,58,4,11,3,4,7,9,7,19,11,15,99,2,22,121.5183727,25.08714877
114,12,21,10,58,2,11南港區,南港區松河街與中坡北路口東側,0,0,2,1,C03,8,6,5,30,3,1,1,5,4,5,13,4,4,10,5,5,2,16,2,20,2,9,3,4,7,5,1,10,1,11,74,1,21,121.5801684,25.05216
114,12,21,11,10,2,07信義區,信義區忠孝東路5段524巷1弄與忠孝東路口側附近5段524巷口,0,0,1,1,B03,8,7,5,30,4,1,1,5,4,5,13,4,4,10,5,5,2,15,2,28,3,10,3,4,7,9,1,8,2,1,72,1,21,121.5794347,25.0410772
114,12,21,11,12,2,04大安區,大安區基隆路2段207號,0,0,1,1,B03,8,5,8,50,14,9,1,5,4,5,13,4,4,2,5,5,2,16,1,44,3,10,7,1,7,8,1,8,1,5,100,1,21,121.5520016,25.0237843
114,12,21,11,48,2,09北投區,北投區復興三路與復興三路101巷口,0,0,1,1,B03,6,7,5,50,3,2,1,4,4,5,13,4,4,7,4,5,2,16,1,29,3,10,7,1,7,6,1,8,2,7,74,1,21,121.5050132,25.1469937
114,12,21,11,54,2,03中山區,中山區南京東路3段66巷與南京東路口側附近3段口,0,0,2,1,C03,8,6,5,50,3,1,1,5,4,5,13,4,4,3,4,4,2,13,1,46,2,9,3,4,7,9,1,10,1,11,118,1,21,121.5390029,25.0517033
114,12,21,12,09,2,05中正區,中正區貴陽街1段與重慶南路1段口,0,0,1,1,C03,8,6,5,50,14,9,1,5,4,5,13,4,4,9,5,5,2,13,1,57,2,9,5,1,7,9,5,18,2,11,16,1,21,121.513266,25.0387195
114,12,21,12,30,2,03中山區,中山區市民大道2段與林森北路口,0,0,2,1,C03,8,6,5,40,4,2,1,5,4,5,13,2,1,1,2,5,2,17,1,17,2,9,5,1,7,8,2,18,2,11,42,1,21,121.5211928,25.05001613
114,12,21,12,50,2,11南港區,南港區市民大道8段東往西(台北流行音樂中心前),0,0,1,1,C03,7,7,5,50,14,9,1,5,4,5,13,2,1,1,4,5,2,13,2,53,2,9,6,1,7,9,1,10,1,11,16,1,21,121.59834,25.0520156
114,12,21,12,51,2,03中山區,中山區松江路362巷1號,0,0,1,1,B03,8,6,5,50,14,9,1,5,4,5,13,4,4,10,5,5,2,2,1,71,3,10,3,4,7,9,1,8,2,5,17,1,21,121.5332046,25.06190559
114,12,21,13,06,2,07信義區,信義區松壽路2號,0,0,1,1,B02,8,7,5,50,14,9,1,5,4,5,13,4,4,9,4,5,2,16,1,49,3,10,3,4,7,5,1,15,2,2,80,1,21,121.562333,25.0358571
114,12,21,14,01,2,09北投區,北投區行義路與行義路186巷口,0,0,2,1,B02,8,6,5,30,3,1,1,5,4,5,13,3,1,9,4,5,2,16,2,60,3,10,3,4,7,5,1,8,1,4,8,1,21,121.5284213,25.1322784
114,12,21,14,07,2,02萬華區,萬華區國興路86號,0,0,2,1,C03,8,6,5,50,14,9,1,5,4,5,13,4,4,9,4,5,2,17,1,40,2,7,6,1,7,1,1,10,9,11,80,1,21,121.5060075,25.02665
114,12,21,14,51,2,06松山區,松山區三民路與三民路107巷口,0,0,1,1,A02,8,6,5,50,14,9,1,5,4,5,13,4,4,1,4,5,2,9,1,56,3,10,7,1,7,7,1,2,2,17,118,1,21,121.5634698,25.057706
114,12,21,15,28,2,07信義區,信義區中坡南路與福德街口口,0,0,1,1,B02,8,6,5,50,14,8,1,5,4,5,13,2,1,5,4,4,2,13,2,32,3,10,3,4,7,6,1,8,1,5,108,1,22,121.5840292,25.0383926
114,12,21,15,46,2,02萬華區,萬華區西藏路與西園路2段口,0,0,2,1,C03,7,7,5,50,4,1,1,5,4,5,13,1,1,1,4,5,2,16,1,42,3,10,5,1,7,6,1,10,1,12,9,1,21,121.4954711,25.0286759
114,12,21,16,10,2,06松山區,松山區市民大道5段與光復南路口口,0,0,3,1,C03,8,7,5,40,4,1,1,5,4,5,13,2,1,1,4,5,2,13,1,31,2,9,6,1,7,9,1,10,2,11,16,1,21,121.5580387,25.0453082
114,12,21,16,46,2,12內湖區,內湖區港華街與無名巷口側附近口,0,0,1,1,B03,8,5,5,50,3,1,1,5,4,5,13,4,4,8,5,5,2,16,2,57,3,10,7,1,7,6,1,8,1,2,74,1,21,121.5737008,25.0834679
114,12,21,16,55,2,05中正區,中正區貴陽街1段與懷寧街口,0,0,1,1,C02,7,6,5,50,3,2,1,5,4,5,13,4,4,9,5,5,2,17,1,28,3,10,5,1,7,5,1,9,2,14,8,1,21,121.5137108,25.0386972
114,12,21,17,00,2,01大同區,大同區環河北路2段第5-1號水門,0,0,1,1,F01,8,5,8,0,22,22,1,5,4,5,13,4,4,10,5,5,1,1,2,56,3,10,4,1,7,9,8,20,1,15,108,1,21,121.5090014,25.0687664
114,12,21,17,34,2,03中山區,中山區建國北路3段與農安街口,0,0,1,1,B02,8,5,5,50,4,1,1,5,4,5,13,1,1,1,3,5,1,17,1,63,3,10,7,1,7,6,1,8,1,17,9,1,21,121.5366138,25.06487553
114,12,21,18,21,2,07信義區,信義區一號道路0607084燈桿,0,0,1,1,B03,8,5,5,50,14,9,1,5,4,5,13,4,4,1,4,5,2,13,1,61,3,10,3,4,7,9,1,4,2,5,16,1,21,121.5619507,25.036905
114,12,21,18,27,2,05中正區,中正區羅斯福路1段與愛國西路口,0,0,1,1,C03,8,5,5,50,4,1,1,5,4,5,13,1,1,1,4,5,2,17,2,21,2,9,5,1,7,6,1,10,1,11,9,1,21,121.5168715,25.0345021
114,12,21,20,21,2,03中山區,中山區南京東路1段與新生北路1段口,0,0,1,1,C03,7,5,5,50,14,9,1,5,4,5,13,4,4,1,4,5,2,12,2,44,2,8,3,4,7,9,1,10,1,15,17,1,21,121.532069,25.05205044
114,12,21,20,33,2,03中山區,中山區北安路與崇實路口,0,0,2,1,C03,7,5,5,50,4,1,1,5,4,5,13,1,1,3,4,5,2,17,1,38,2,9,6,1,7,8,1,10,1,12,100,1,21,121.5445332,25.07981053
114,12,21,20,48,2,03中山區,中山區中山北路2段與錦西街口口,0,0,1,1,B03,8,5,5,50,4,1,1,5,4,5,13,1,1,5,4,5,2,17,1,23,3,10,3,4,7,5,1,8,1,5,44,1,21,121.5229282,25.0602884
114,12,21,20,50,2,06松山區,松山區撫遠街451號對面,0,0,2,1,B03,8,5,5,40,14,13,1,5,4,5,13,4,4,1,3,5,1,17,1,22,2,7,3,4,7,9,1,8,2,5,42,1,22,121.5647842,25.0704329
114,12,21,22,24,2,03中山區,中山區北安路與大直街口口,0,0,2,1,B03,8,5,5,50,4,1,1,4,4,5,13,1,1,1,4,5,2,17,1,22,3,10,3,4,7,6,1,8,1,6,44,1,21,121.5471854,25.079959
114,12,21,22,27,2,12內湖區,內湖區東湖路113巷與東湖路口,0,0,1,1,B01,8,5,5,50,4,1,2,5,4,5,13,2,1,5,4,5,2,17,1,49,3,10,7,1,7,11,1,4,1,4,10,1,21,121.6149973,25.0685667
114,12,21,22,59,2,07信義區,信義區忠孝東路5段與松信路口,0,0,1,1,B02,8,5,5,50,4,1,1,5,4,5,13,2,1,1,5,5,2,16,1,34,3,10,3,4,7,5,1,15,2,8,85,1,21,121.5719414,25.0410382
114,12,21,23,31,2,09北投區,北投區大度路與中央北路2段257巷口,0,0,2,1,C03,8,5,5,50,4,1,1,5,4,5,13,1,1,1,4,5,1,13,1,19,2,9,6,1,7,15,1,10,2,11,16,1,25,121.4864245,25.1220834
114,12,22,04,40,2,07信義區,信義區忠孝東路5段177號,0,0,1,1,H01,8,5,5,50,14,9,1,5,4,5,13,1,1,6,3,5,2,3,1,60,2,9,4,5,8,16,8,20,10,16,121,1,21,121.5690975,25.0410519
114,12,22,06,02,2,09北投區,北投區公館路與崇仁路1段口,0,0,2,1,F01,7,5,5,30,4,1,1,5,4,5,13,2,1,10,5,5,2,15,1,62,2,9,3,1,7,9,8,20,1,14,81,1,21,121.5029505,25.1227749
114,12,22,06,53,1,04大安區,大安區安和路2段35巷與通安街口,1,0,0,1,B03,8,6,5,30,4,1,1,5,4,5,13,4,4,10,5,5,2,3,1,61,3,10,7,1,7,6,1,8,2,2,107,1,21,121.5532705,25.0316564
114,12,22,06,55,2,07信義區,信義區基隆路1段與市民大道5段口口,0,0,1,1,C03,7,6,5,50,4,1,1,5,4,5,13,2,1,1,4,5,2,15,1,35,2,9,6,4,7,9,1,10,1,11,81,1,22,121.5693533,25.0490904
114,12,22,07,41,2,12內湖區,內湖區成功路2段與成功交流道口,0,0,1,1,B03,8,7,5,50,4,1,1,5,4,5,13,1,1,1,5,5,2,17,1,51,3,10,7,1,7,9,1,8,1,5,44,1,21,121.5905612,25.06619066
114,12,22,08,32,2,01大同區,大同區市民高架道（東向西，燈桿461）,0,0,2,1,B12,7,6,5,50,14,9,1,5,4,5,13,4,4,8,3,5,1,13,1,25,2,7,3,4,7,9,1,8,1,1,16,1,21,121.5123697,25.0498071
114,12,22,08,33,2,04大安區,大安區新生南路3段19巷與新生南路3段口,0,0,1,1,C03,8,7,5,50,14,9,1,5,4,5,13,4,4,1,4,1,1,17,1,49,2,9,5,1,7,15,1,10,1,12,100,1,21,121.5347856,25.024912
114,12,22,08,39,2,07信義區,信義區基隆路1段與東興路口,0,0,1,1,B03,8,6,5,50,4,1,1,5,4,5,13,1,1,1,5,5,2,16,2,49,3,10,3,4,7,6,1,8,1,2,9,1,22,121.5669396,25.0456637
114,12,22,08,54,2,04大安區,大安區新生南路1段與八德路2段口,0,0,1,1,C03,8,5,5,50,4,2,1,5,4,5,13,2,1,8,3,5,1,17,2,34,2,9,3,4,7,15,1,10,2,11,108,1,21,121.5329876,25.0440602
114,12,22,09,15,2,08士林區,士林區延平北路6段與中正路口,0,0,1,1,C03,8,6,5,50,4,1,1,5,4,5,13,1,1,5,4,5,2,12,1,20,2,9,5,1,7,15,1,10,1,14,101,1,21,121.5092086,25.08685647
114,12,22,09,20,2,04大安區,大安區新生南路3段與和平東路2段口,0,0,2,1,C03,8,5,5,50,4,1,1,5,4,5,13,2,1,1,2,5,2,13,1,18,2,9,3,4,7,9,3,18,1,11,108,1,22,121.5349275,25.0257736
114,12,22,09,30,2,02萬華區,萬華區萬大路與莒光路口,0,0,2,1,C03,8,6,5,50,4,2,1,5,4,5,13,4,4,1,4,5,1,17,1,46,2,9,3,4,7,9,1,10,1,11,42,2,22,121.5007169,25.0311212
114,12,22,09,40,2,05中正區,中正區市民大道2段與長安東路1段30巷口 往東,0,0,1,1,C03,8,6,5,40,3,2,1,5,4,5,13,4,4,1,4,5,1,12,1,24,3,10,6,4,7,9,1,10,2,11,42,1,22,121.5266855,25.04647029
114,12,22,09,45,2,07信義區,信義區松勤街與松智路口,0,0,1,1,B03,8,7,5,50,4,1,1,5,4,5,13,2,1,5,2,5,2,15,1,59,3,10,3,4,7,9,1,8,1,5,81,1,21,121.5653485,25.0319768
114,12,22,10,07,2,01大同區,大同區民樂街30號,0,0,2,1,C03,7,6,5,50,14,9,1,5,4,5,13,4,4,8,3,5,1,16,1,79,2,8,6,4,7,11,1,10,1,11,10,1,21,121.5108841,25.0562757
114,12,22,10,15,2,03中山區,中山區建國高架道南往北民族上方,0,0,1,1,B03,8,6,5,70,10,9,1,5,4,5,13,4,4,1,4,5,2,17,1,52,3,10,7,1,7,9,1,8,1,1,44,1,21,121.5415772,25.07257934
114,12,22,10,21,2,12內湖區,內湖區洲子街18號附近側附近,0,0,1,1,B03,8,6,5,50,14,9,1,5,4,5,13,4,4,4,3,5,2,17,1,69,3,10,7,1,7,11,1,8,1,4,10,1,21,121.5745288,25.0786909
114,12,22,10,50,2,03中山區,中山區樂群三路303號,0,0,1,1,B03,8,7,5,50,14,9,2,5,4,5,13,4,4,9,4,5,2,17,1,61,3,10,7,1,7,5,1,8,1,4,16,1,21,121.5601857,25.0826333
114,12,22,10,50,2,11南港區,南港區市民大道7段與中坡北路口東北角往西,0,0,1,1,C03,8,6,5,50,4,1,1,5,4,5,13,1,1,5,5,5,2,16,2,71,2,9,3,4,7,5,1,10,1,14,8,1,22,121.5801601,25.0494855
114,12,22,10,55,2,12內湖區,內湖區潭美街600號,0,0,1,1,B02,7,6,5,40,3,2,1,5,4,5,13,4,4,7,5,5,2,17,2,56,3,10,7,1,7,5,1,8,2,6,8,1,21,121.6004622,25.0608204
114,12,22,11,07,2,02萬華區,萬華區昆明街與成都路口,0,0,1,1,B01,8,5,8,50,22,22,1,5,4,5,13,1,1,10,5,5,2,17,1,36,3,10,3,4,7,15,1,4,1,8,16,1,21,121.5047489,25.0430525
114,12,22,11,41,2,12內湖區,內湖區民善街205號,0,0,1,1,B03,8,6,5,50,14,9,1,5,4,5,13,4,4,9,5,5,2,17,1,49,3,10,3,4,7,6,1,8,1,2,80,1,22,121.5742428,25.0648025
114,12,22,12,00,2,03中山區,中山區南京東路2段125號,0,0,2,1,C03,8,7,5,50,14,9,1,5,4,5,13,4,4,7,2,5,2,17,1,81,3,10,5,1,7,9,1,10,1,14,44,1,21,121.5345799,25.0520946
114,12,22,12,00,2,08士林區,士林區福林路254巷與至善路1段口,0,0,1,1,C03,8,7,5,30,11,9,1,5,4,5,13,3,1,1,5,5,2,17,1,19,2,7,6,1,7,9,1,10,1,13,17,1,21,121.5377339,25.0979187
114,12,22,12,00,2,12內湖區,內湖區康寧路3段157號,0,0,1,1,A02,7,6,5,50,14,9,1,5,4,5,13,4,4,1,4,5,2,9,1,48,3,10,7,1,7,12,1,2,9,17,42,1,21,121.6116223,25.0702454
114,12,22,12,01,2,07信義區,信義區信義路5段與松勇路口,0,0,1,1,B01,8,6,5,50,3,1,1,5,4,5,13,4,4,3,3,5,2,17,1,59,3,10,7,1,7,6,1,4,2,2,9,1,21,121.569709,25.0329461
114,12,22,12,05,2,12內湖區,內湖區康寧路3段與康寧路3段165巷口,0,0,1,1,B03,8,5,5,50,4,1,1,5,4,5,13,1,1,1,5,5,2,17,1,40,3,10,7,1,7,5,1,8,1,2,44,1,21,121.611351,25.07043
114,12,22,12,17,2,03中山區,中山區明水路與明水路606巷口,0,0,1,1,B03,8,6,5,50,4,1,1,5,4,5,13,1,1,1,4,5,1,16,1,83,3,10,3,4,7,5,1,8,1,6,80,1,21,121.5517736,25.08212313
114,12,22,12,25,2,03中山區,中山區長春路與松江路口,0,0,2,1,C03,8,6,5,50,4,1,1,5,4,5,13,2,1,9,5,5,2,16,1,62,2,8,6,1,7,5,1,10,1,12,96,1,21,121.5331419,25.054864
114,12,22,12,48,2,07信義區,信義區基隆路2段79巷與基隆路2段79巷30弄口,0,0,1,1,B01,8,6,5,30,4,1,1,5,4,5,13,4,4,10,5,5,2,15,1,66,3,10,7,1,7,9,1,4,2,8,72,1,22,121.5597472,25.0294126
114,12,22,12,57,2,07信義區,信義區福德街84巷與林口街38巷口,0,0,2,1,C03,8,6,5,30,4,2,1,5,4,5,13,4,4,9,5,5,2,3,2,47,2,8,6,1,7,9,1,10,2,14,106,1,22,121.5808849,25.0385336
114,12,22,13,00,2,01大同區,大同區台北橋機慢車道往三重三岔口,0,0,1,1,C03,8,6,5,50,8,11,1,5,4,5,13,4,4,8,3,5,2,12,1,47,2,8,6,1,7,9,1,10,1,11,16,1,21,121.5086068,25.0635159
114,12,22,13,18,2,07信義區,信義區光復南路415之1號,0,0,3,1,C03,8,6,5,50,14,9,1,5,4,5,13,4,4,1,3,5,2,9,2,37,2,9,6,1,7,9,1,10,2,11,108,1,21,121.5576575,25.0371793
114,12,22,13,21,2,11南港區,南港區三重路與南港路1段口,0,0,1,1,B03,7,7,5,50,4,3,1,5,4,5,13,2,1,1,2,5,2,16,1,49,3,10,7,1,7,5,1,8,1,8,8,1,21,121.6138894,25.0552936
114,12,22,13,31,2,07信義區,信義區和平東路3段與嘉興街口,0,0,1,1,B01,8,6,5,50,4,2,1,5,4,5,13,1,1,1,5,5,1,17,1,66,3,10,7,1,7,5,1,4,1,8,8,1,22,121.5540033,25.0229896
114,12,22,13,46,2,04大安區,大安區大安路1段116巷5號,0,0,1,1,B01,8,6,5,50,14,9,1,5,4,5,13,4,4,5,4,5,2,1,1,64,3,10,3,4,7,9,1,8,2,2,108,1,21,121.5457971,25.0398154
114,12,22,13,50,2,03中山區,中山區新生北路2段與林森北路259巷口,0,0,2,1,B03,8,7,5,50,3,1,1,5,4,5,13,4,4,9,4,5,2,17,1,57,3,10,7,1,7,6,1,8,1,2,16,1,21,121.5273405,25.05414755
114,12,22,14,02,2,10文山區,文山區木柵路4段與萬芳交流道口,0,0,1,1,C02,8,6,5,50,3,1,1,5,4,1,13,1,1,1,4,1,2,16,1,63,2,8,3,4,7,5,1,9,9,17,8,1,22,121.5768045,25.0001568
114,12,22,14,15,2,03中山區,中山區吉林路與四平街口,0,0,2,1,C03,8,5,5,50,3,2,1,5,4,5,13,1,1,9,4,5,2,16,1,34,2,7,3,4,7,5,1,10,1,14,8,1,21,121.5301747,25.05367549
114,12,22,14,28,2,02萬華區,萬華區長沙街2段與西昌街口,0,0,2,1,C03,8,6,5,50,4,1,1,5,4,5,13,2,1,5,4,5,2,15,1,73,2,9,3,1,7,9,1,10,1,12,81,1,22,121.5007167,25.0409639
114,12,22,14,49,2,11南港區,南港區三重路19之2號對面往北,0,0,1,1,C03,8,6,5,50,14,9,1,5,4,5,13,4,4,5,4,5,2,16,1,59,3,10,3,4,7,8,1,11,1,13,101,1,21,121.6140564,25.0564847
114,12,22,15,00,2,08士林區,士林區華岡路5號,0,0,2,1,C03,8,6,4,30,14,9,1,5,4,5,13,4,4,10,5,5,1,16,1,20,2,9,6,1,7,9,1,10,1,11,14,1,21,121.5436761,25.1383374
114,12,22,15,05,2,07信義區,(吳興街252號),0,0,1,1,C03,8,6,5,30,14,9,1,5,4,5,13,4,4,10,5,5,2,17,2,19,2,9,6,1,7,9,1,10,1,14,116,1,25,121.563132,25.0261089
114,12,22,15,20,2,09北投區,北投區大度路3段與大度路3段270巷口,0,0,2,1,C03,8,6,5,50,4,1,1,5,4,5,13,2,1,1,4,5,2,12,1,55,2,8,3,4,7,15,1,10,2,14,101,1,22,121.4669774,25.1234003
114,12,22,15,22,2,02萬華區,萬華區西園路2段與西藏路口,0,0,2,1,F01,7,6,5,50,4,1,1,5,4,5,13,2,1,3,4,5,2,12,2,57,2,9,3,4,7,9,8,20,1,14,44,1,22,121.4955847,25.0284481
114,12,22,15,50,2,10文山區,文山區溪洲街82巷0703936號燈桿,0,0,3,1,C03,8,6,5,30,14,9,1,5,4,5,13,4,4,9,5,5,2,16,1,19,2,9,6,1,7,11,1,10,1,14,10,1,21,121.5579618,24.99941281
114,12,22,16,22,2,03中山區,中山區復興北路與民權東路3段口,0,0,1,1,C03,7,5,5,50,4,1,1,5,4,5,13,1,1,1,4,5,2,16,1,31,2,9,3,4,7,6,1,8,1,12,9,1,21,121.5441722,25.06170898
114,12,22,16,23,2,08士林區,士林區中山北路6段209號前,0,0,1,1,C03,8,6,5,50,14,9,1,5,4,5,13,4,4,1,4,5,2,13,2,53,3,10,6,1,7,9,1,10,1,11,16,1,21,121.5251217,25.108438
114,12,22,16,36,2,04大安區,大安區濟南路3段12號,0,0,2,1,H01,8,5,5,50,14,9,1,5,4,5,13,4,4,10,5,5,2,3,1,18,2,9,4,5,8,16,8,20,10,16,121,1,21,121.5338222,25.040155
114,12,22,17,06,2,01大同區,大同區鄭州路與西寧北路口,0,0,1,1,C03,7,5,5,50,4,1,1,5,4,5,13,1,1,5,2,5,2,17,1,46,3,10,5,4,7,15,3,18,1,13,42,1,21,121.508202,25.05060238
114,12,22,17,20,2,01大同區,大同區長安西路338-1號,0,0,1,1,C03,8,5,5,50,14,9,1,5,4,5,13,4,4,5,5,5,2,12,1,42,3,10,5,1,7,9,1,10,9,12,44,1,21,121.5109017,25.05199841
114,12,22,17,20,2,06松山區,松山區復興北路與民權東路3段口,0,0,1,1,C03,7,5,5,50,4,1,1,5,4,5,13,2,1,1,3,5,2,12,1,46,3,10,6,1,7,15,1,10,1,13,71,1,21,121.5443576,25.0619971
114,12,22,17,25,2,02萬華區,萬華區長順街與長順街14巷口,0,0,1,1,C03,7,5,5,30,4,1,1,5,4,5,13,4,4,10,4,5,2,15,1,69,3,10,3,4,7,9,1,10,1,11,72,1,21,121.4902729,25.0315967
114,12,22,17,41,2,01大同區,大同區長安西路35號,0,0,1,1,B02,7,5,5,50,14,9,1,5,4,5,13,2,1,5,4,5,2,17,1,22,3,10,3,4,7,5,1,8,1,1,8,1,22,121.5195753,25.0503503
114,12,22,17,50,2,05中正區,中正區新生南路1段與八德路1段口,0,0,1,1,C03,8,5,5,50,4,1,1,5,4,5,13,1,1,10,5,5,1,13,2,34,2,8,5,1,7,9,1,10,2,11,16,1,26,121.5327538,25.0445829
114,12,22,18,08,2,03中山區,中山區復興北路與遼寧街185巷口,0,0,1,1,B03,8,5,5,50,4,2,1,5,4,5,13,2,1,1,4,5,2,17,1,37,3,10,7,1,7,7,1,8,1,7,44,1,21,121.5440923,25.05350121
114,12,22,18,20,2,12內湖區,內湖區民權大橋,0,0,2,1,C03,8,5,5,50,14,11,1,5,4,5,13,4,4,2,4,4,1,13,1,38,2,9,5,1,7,9,1,10,1,11,16,1,26,121.5773279,25.0665046
114,12,22,18,22,2,05中正區,中正區重慶南路1段與衡陽路口,0,0,2,1,F03,7,5,5,50,4,3,1,4,4,5,13,1,1,10,4,5,2,17,2,41,2,9,6,1,7,9,8,20,9,12,81,1,22,121.5132608,25.0423492
114,12,22,18,30,2,03中山區,中山區中山北路2段24號前,0,0,1,1,C03,8,7,5,50,14,9,1,5,4,5,13,4,4,5,5,5,2,13,1,52,3,10,3,4,7,12,1,10,1,13,44,1,21,121.5225612,25.0545695
114,12,22,18,40,2,03中山區,中山區民族東路240號對面,0,0,1,1,C03,8,5,4,50,14,9,1,5,4,5,13,4,4,3,4,5,2,13,2,27,2,9,6,1,7,9,1,10,1,11,16,1,21,121.5325465,25.06830056
114,12,22,18,55,2,02萬華區,萬華區西藏路與莒光路153巷口,0,0,1,1,C03,7,5,5,30,3,1,1,5,4,1,13,2,1,3,4,5,2,12,2,22,2,9,5,4,7,9,1,10,1,12,17,1,22,121.5028468,25.029871
114,12,22,19,06,2,12內湖區,內湖區環山路1段與環山路1段136巷口口,0,0,1,1,B03,8,5,8,50,4,1,1,5,4,5,13,1,1,5,4,5,2,12,2,31,3,10,7,1,7,11,1,8,1,4,98,1,21,121.5689753,25.0864123
114,12,22,20,05,2,12內湖區,內湖區康寧路3段與五分街口,0,0,2,1,C03,8,5,5,50,3,1,1,5,4,5,13,1,1,9,4,5,2,13,1,62,2,8,6,4,7,5,1,10,2,13,8,1,21,121.6116898,25.0676753
114,12,22,20,13,2,10文山區,文山區興隆路1段與興隆路1段251巷口,0,0,2,1,B01,8,5,5,50,3,1,1,5,4,5,13,2,1,1,4,5,2,16,1,64,3,10,7,1,7,11,1,4,1,5,10,1,21,121.5439868,24.9994279
114,12,22,20,32,2,01大同區,大同區鄭州路與西寧北路口,0,0,2,1,B03,8,5,5,40,4,2,1,5,4,5,13,2,1,1,4,5,2,3,1,35,3,10,3,4,7,5,1,8,2,1,70,1,21,121.5083361,25.0503742
114,12,22,21,16,2,04大安區,大安區復興南路2段與和平東路2段口,0,0,1,1,C03,8,5,5,50,4,1,1,5,4,5,13,2,1,1,4,5,2,17,1,53,3,10,5,1,7,9,1,10,1,12,101,1,21,121.5432511,25.0248284
114,12,22,21,24,2,09北投區,北投區中和街474巷與中和街口,0,0,1,1,C03,8,5,5,30,4,1,1,5,4,5,13,4,4,10,5,5,2,16,2,20,2,9,6,1,7,5,1,10,1,12,72,1,22,121.4952766,25.145169
114,12,22,21,54,2,01大同區,大同區鄭州路與西寧北路口,0,0,1,1,B03,8,5,5,40,4,1,1,5,4,5,13,2,1,1,4,5,2,16,1,31,3,10,3,4,7,9,1,8,1,5,87,1,21,121.5081226,25.0505914