發生年度,發生月,發生日,發生時-Hours,發生分,處理別-編號,區序,肇事地點,死亡人數,2-30日死亡人數,受傷人數,當事人序號,車種,天候,光線,道路類別,速限-速度限制,道路型態,事故位置,路面狀況1,路面狀況2,路面狀況3,道路障礙1,道路障礙2,號誌1,號誌2,車道劃分-分向,車道劃分-分道1,車道劃分-分道2,車道劃分-分道3,事故類型及型態,性別,年齡,受傷程度,主要傷處,保護裝置,行動電話,車輛用途,當事者行動狀態,駕駛資格情形,駕駛執照種類,飲酒情形,車輛撞擊部位1,肇因碼-個別,個人肇逃否,職業,座標-X,座標-Y
114,12,25,23,33,2,09北投區,北投區承德路6段與文承路口側附近口,0,0,1,1,B03,8,5,5,50,3,1,1,5,4,5,13,1,1,9,4,1,2,16,1,71,3,10,7,1,7,5,1,8,1,1,8,1,21,121.5120571,25.1047229
114,12,26,00,28,2,12內湖區,內湖區內湖路1段與麗山街口,0,0,1,1,C02,6,6,5,50,3,2,1,4,4,5,13,1,1,1,4,4,2,17,1,26,3,10,5,1,7,11,1,9,1,13,10,1,21,121.5721235,25.0812084
114,12,26,06,52,2,10文山區,文山區木柵路3段191號(木柵國小側門出入口),0,0,1,1,C03,7,6,5,50,14,9,2,5,4,5,13,4,4,5,4,5,2,17,2,73,2,9,5,4,7,6,1,10,1,12,9,1,21,121.5576053,24.99931373
114,12,26,08,00,2,05中正區,中正區仁愛路1段與仁愛路口側附近1段18巷口,0,0,1,1,B03,7,6,5,50,3,1,1,5,4,5,13,4,4,1,4,5,2,16,1,47,3,10,7,1,7,9,1,8,1,1,72,1,22,121.5221044,25.0385428
114,12,26,08,06,2,07信義區,信義區信安街67巷與吳興街156巷65弄口,0,0,1,1,C03,8,5,5,50,14,9,1,5,4,5,13,4,4,5,5,4,2,13,2,36,2,9,5,1,7,9,1,10,1,11,16,1,21,121.5589263,25.025942
114,12,26,08,11,2,10文山區,文山區新光路2段（圓環）,0,0,1,1,C03,7,6,5,50,18,9,1,4,4,5,13,3,1,10,4,5,1,17,1,29,2,9,3,4,7,9,1,10,1,11,72,1,21,121.5834734,25.0004618
114,12,26,08,22,2,07信義區,信義區信安街67巷81號,0,0,1,1,B03,6,6,5,50,22,8,1,4,4,5,13,4,4,8,4,4,2,17,1,47,3,10,7,1,7,5,1,8,1,5,80,1,21,121.5593569,25.0259148
114,12,26,08,30,2,02萬華區,萬華區康定路66號,0,0,1,1,C03,7,6,5,50,14,9,1,5,4,5,13,4,4,5,5,5,2,16,2,26,2,9,6,1,7,7,1,10,1,14,100,1,21,121.5023795,25.0423539
114,12,26,08,35,2,07信義區,信義區松隆路與基隆路1段101巷口,0,0,1,1,C03,6,6,5,50,3,2,1,4,4,5,13,4,4,5,4,5,2,18,1,20,2,9,6,4,7,6,1,10,1,12,116,1,21,121.5681209,25.0443343
114,12,26,08,48,2,10文山區,文山區木柵路4段與木柵路4段149巷口,0,0,1,1,B03,7,6,5,50,3,1,2,4,4,5,13,2,1,10,5,5,2,17,1,58,3,10,3,4,7,5,1,8,1,5,71,1,21,121.5749931,24.9986723
114,12,26,08,58,2,03中山區,中山區明水路與大直橋口,0,0,2,1,C03,8,6,5,50,4,1,1,5,4,5,13,1,1,1,4,5,2,17,2,22,2,9,6,1,7,9,1,10,1,14,42,1,22,121.5446256,25.0773986
114,12,26,09,01,2,05中正區,中正區中華路1段與寶慶路口,0,0,2,1,C03,8,7,5,50,5,4,1,5,4,5,13,2,1,1,4,1,2,13,1,46,2,9,6,1,7,9,1,9,2,11,108,1,21,121.5083789,25.0418643
114,12,26,09,09,2,10文山區,文山區福興路與福興路78巷口,0,0,2,1,F01,7,6,5,30,3,1,1,5,4,5,13,4,4,10,5,5,2,16,1,81,2,9,4,1,7,5,8,20,2,14,8,1,21,121.5498143,25.004292
114,12,26,09,11,2,03中山區,中山區南京東路3段與遼寧街口,0,0,1,1,C03,7,5,5,50,4,1,1,5,4,5,13,1,1,1,4,4,2,13,1,37,2,9,3,4,7,9,1,10,1,14,16,1,21,121.5422497,25.05185225
114,12,26,09,57,2,12內湖區,內湖區民權東路6段與民權東路6段19巷口口,0,0,1,1,C03,8,7,8,50,4,2,1,5,4,5,13,1,1,1,4,5,2,12,1,34,2,9,5,1,7,8,1,10,2,12,80,1,21,121.5818077,25.0681327
114,12,26,10,00,2,05中正區,中正區鄭州路與承德路1段附近口,0,0,2,1,C03,7,6,5,40,14,9,1,5,4,5,13,4,4,1,4,5,2,16,1,37,2,9,6,1,7,7,1,10,2,14,100,1,22,121.5158561,25.0487793
114,12,26,11,30,2,06松山區,松山區南京東路5段291巷28號,0,0,2,1,F01,8,6,5,30,14,9,1,5,4,5,13,4,4,10,5,5,1,9,1,64,2,9,4,1,7,15,8,20,11,15,42,1,21,121.5661602,25.0526709
114,12,26,11,50,2,05中正區,中正區中華路1段11號,0,0,1,1,B01,7,6,5,50,14,9,1,5,4,5,13,4,4,1,4,5,2,16,1,56,3,10,7,1,7,8,1,4,2,6,100,1,21,121.509874,25.0468302
114,12,26,11,50,2,08士林區,士林區故宮路7巷與故宮路口,0,0,2,1,C03,8,6,5,50,3,2,1,5,4,5,13,4,4,3,4,5,1,16,1,54,3,10,3,4,7,6,1,10,2,13,9,1,21,121.5468571,25.0977422
114,12,26,12,08,2,01大同區,大同區民權西路與民權西路225巷口,0,0,2,1,C03,7,6,5,50,4,1,1,5,4,5,13,2,1,10,4,5,2,16,1,20,2,7,6,1,7,5,1,10,1,14,8,1,21,121.5122128,25.0630329
114,12,26,12,40,2,12內湖區,內湖區康寧路3段189巷與東湖路43巷口,0,0,1,1,B01,6,6,5,30,4,1,1,4,4,5,13,4,4,10,5,5,2,3,2,49,3,10,7,1,7,5,1,4,2,1,70,1,21,121.6127788,25.07045649
114,12,26,13,03,2,08士林區,士林區通河東街2段10巷與承德路5段口,0,0,2,1,C03,7,7,5,40,14,9,1,5,4,5,13,1,1,8,5,5,2,12,1,50,2,8,5,1,7,10,1,10,1,12,80,1,22,121.5156565,25.0914546
114,12,26,13,07,2,03中山區,中山區建國北路2段與長春路口,0,0,1,1,C03,6,5,5,50,4,1,1,4,4,5,13,1,1,1,4,5,2,12,1,55,2,7,3,4,7,7,1,10,1,14,101,1,21,121.5362741,25.05485235
114,12,26,13,55,2,08士林區,士林區中山北路5段704巷與中山北路5段口,0,0,1,1,B03,8,6,5,50,5,2,1,4,4,5,13,1,1,1,4,5,1,16,2,63,3,10,3,4,7,8,1,8,1,17,100,1,21,121.5274504,25.0977959
114,12,26,14,05,2,12內湖區,內湖區新湖一路與新湖一路36巷口,0,0,1,1,C03,6,6,5,50,4,1,1,4,4,5,13,4,4,5,5,5,2,15,2,57,2,9,6,1,7,9,1,10,2,14,72,1,22,121.5746326,25.05860431
114,12,26,14,15,2,12內湖區,內湖區民權東路6段與民權東路6段175巷口口,0,0,1,1,C03,6,5,5,50,3,2,1,4,4,5,13,4,4,1,4,4,2,17,2,18,2,9,6,1,7,7,3,18,1,14,100,1,21,121.5966125,25.0680138
114,12,26,14,30,2,04大安區,大安區建國南路2段151巷與建國南路2段151巷19弄口,0,0,1,1,C03,6,6,5,30,3,2,1,4,4,5,13,4,4,9,5,5,2,17,2,45,2,1,3,4,7,9,1,10,1,14,44,1,22,121.5386983,25.028776
114,12,26,14,30,2,05中正區,中正區牯嶺街40號,0,0,1,1,B03,6,5,8,50,22,22,1,4,4,5,13,4,4,4,3,5,2,16,1,30,3,10,7,1,7,5,1,8,2,6,8,1,21,121.5166855,25.0296683
114,12,26,15,05,2,05中正區,中正區桃源街與衡陽路口,0,0,1,1,B03,6,6,5,50,3,18,1,4,4,5,13,4,4,10,5,5,2,1,2,61,3,10,7,1,7,5,1,8,2,8,70,1,21,121.5104642,25.0422095
114,12,26,15,05,2,12內湖區,內湖區民權東路6段與民權東路6段19巷口口,0,0,2,1,C03,6,5,5,50,9,9,1,4,4,5,13,2,1,1,4,5,2,13,1,19,2,8,6,1,7,9,1,10,1,11,16,1,21,121.5814363,25.0680177
114,12,26,15,08,2,03中山區,中山區中山北路3段與民族東路口,0,0,1,1,C03,6,7,5,50,4,1,1,4,4,5,13,1,1,9,4,5,2,17,1,21,3,10,6,1,7,15,1,10,1,17,42,1,21,121.5233691,25.06837535
114,12,26,15,15,2,03中山區,中山區民族東路166號,0,0,1,1,C03,6,7,5,50,14,9,1,4,4,5,13,4,4,1,4,5,2,13,1,23,3,10,5,1,7,9,1,10,1,11,16,1,22,121.5222194,25.05801381
114,12,26,15,28,2,11南港區,南港區東新街與東新街170巷口,0,0,1,1,B03,6,6,5,50,3,2,1,4,4,5,13,1,1,5,4,5,2,17,1,33,3,10,7,1,7,5,1,8,1,7,44,1,21,121.5924989,25.0458409
114,12,26,15,56,2,03中山區,中山區明水路與大直橋口,0,0,1,1,C03,6,6,5,50,4,1,1,4,4,5,13,1,1,5,4,5,2,13,1,54,2,9,6,1,7,9,1,10,1,11,107,1,22,121.5444628,25.0774028
114,12,26,16,50,2,03中山區,中山區八德路2段174巷與八德路2段174巷11弄口,0,0,1,1,B03,6,5,5,30,4,2,1,4,4,5,13,4,4,10,5,5,2,17,1,69,3,10,7,1,7,5,1,8,1,8,42,1,21,121.5382788,25.04548094
114,12,26,17,09,2,04大安區,大安區復興南路1段與仁愛路3段口,0,0,1,1,C03,6,5,5,50,4,1,1,4,4,5,13,2,1,1,4,5,1,17,2,63,2,9,6,1,7,7,1,10,1,14,100,1,21,121.5436333,25.038204
114,12,26,17,12,2,10文山區,文山區木柵路5段與萬壽橋口,0,0,1,1,H01,6,5,5,50,14,9,1,4,4,5,13,4,4,5,4,5,2,3,2,86,2,9,4,5,8,16,8,20,10,16,121,1,21,121.5833262,25.0028014
114,12,26,17,20,2,03中山區,中山區中山北路3段51號,0,0,1,1,A02,6,5,5,50,14,9,1,4,4,5,13,4,4,9,4,5,2,9,1,60,3,10,7,1,7,15,1,2,1,17,42,1,21,121.5227466,25.06736164
114,12,26,17,21,2,03中山區,中山區中山北路4段往士林機慢車道,0,0,1,1,C03,8,6,5,50,14,11,1,4,4,5,13,4,4,1,4,5,2,12,1,37,2,9,6,4,7,9,1,10,2,12,16,1,21,121.5256057,25.0769595
114,12,26,17,25,2,12內湖區,內湖區成美橋與新明路口,0,0,2,1,A02,6,5,5,50,14,9,1,4,4,5,13,2,1,5,4,5,2,9,1,46,3,10,7,1,7,9,1,2,2,17,42,1,21,121.5942277,25.07064761
114,12,26,17,28,2,05中正區,中正區西藏路76號,0,0,2,1,C03,6,5,5,30,14,9,1,4,4,5,13,4,4,3,4,5,2,17,1,30,2,9,5,1,7,9,1,10,1,17,118,1,21,121.5057805,25.0304401
114,12,26,17,33,2,03中山區,中山區南京東路3段224號,0,0,1,1,C03,6,5,5,50,14,7,1,4,4,5,13,1,1,10,4,4,1,17,1,19,2,8,6,1,7,9,1,10,1,17,44,1,21,121.5439258,25.0515253
114,12,26,17,40,2,05中正區,中正區中山南路與凱達格蘭大道口,0,0,1,1,C03,6,5,5,50,5,2,1,4,4,5,13,1,1,1,4,5,2,15,2,64,2,1,5,1,7,15,1,10,1,14,97,1,21,121.5175949,25.0392461
114,12,26,18,00,2,07信義區,信義區忠孝東路4段515號對面(捷運國父紀念館站4號出口前),0,0,1,1,C03,6,5,5,50,14,7,1,4,4,5,13,4,4,1,4,4,2,18,1,34,2,9,3,4,7,7,1,10,9,14,116,1,21,121.558354,25.041308
114,12,26,18,05,2,04大安區,大安區敦化南路2段與四維路216巷口,0,0,1,1,B03,6,5,5,30,3,1,1,4,4,5,13,4,4,5,4,5,2,17,1,29,3,10,7,1,7,6,1,8,1,8,44,1,21,121.5484725,25.0258575
114,12,26,18,31,2,11南港區,南港區東新街10-11號,0,0,1,1,B03,6,5,5,50,14,9,1,4,4,5,13,4,4,5,4,5,2,12,1,56,3,10,3,4,7,9,1,8,1,15,44,1,22,121.5835937,25.0498505
114,12,26,18,33,2,11南港區,南港區忠孝東路7段與忠孝東路7段265巷口,0,0,2,1,B03,6,5,5,50,4,2,1,4,4,5,13,1,1,9,4,5,2,17,1,42,3,10,7,1,7,5,1,8,1,2,8,1,21,121.6035573,25.0517979
114,12,26,18,46,2,02萬華區,萬華區堤外便道與長順街口底水門口,0,0,2,1,C03,6,5,5,40,4,1,1,4,4,5,13,2,1,5,5,5,2,17,1,58,2,9,6,1,7,9,1,10,2,13,17,1,21,121.4884981,25.0325428
114,12,26,18,54,2,03中山區,中山區民生東路1段48號,0,0,1,1,C03,8,5,5,50,14,9,1,5,4,5,13,4,4,7,2,5,2,17,1,46,3,10,5,1,7,8,1,10,1,12,101,1,21,121.5245328,25.05809151
114,12,26,18,58,2,01大同區,大同區民權西路與民權西路118巷口,0,0,1,1,C03,6,5,5,50,3,1,1,4,4,5,13,4,4,1,4,5,2,17,1,20,2,9,5,4,7,8,1,10,1,11,44,1,21,121.5172352,25.0627285
114,12,26,19,20,2,06松山區,松山區撫遠街453號,0,0,2,1,B03,6,5,5,50,14,7,1,4,4,5,13,4,4,1,3,4,2,12,1,26,2,9,7,1,7,9,1,8,2,1,13,1,21,121.5630432,25.070739
114,12,26,19,20,2,10文山區,文山區指南路2段與指南路2段197巷口,0,0,1,1,B01,8,5,5,30,3,2,1,5,4,5,13,2,1,10,5,5,1,1,1,61,3,10,7,1,7,6,1,4,1,1,70,1,21,121.5783231,24.9871638
114,12,26,19,40,2,12內湖區,內湖區港墘路221巷與舊宗路2段123巷口,0,0,2,1,C03,6,5,5,30,3,2,1,4,4,5,13,4,4,4,3,5,1,17,1,38,2,9,3,4,7,5,1,10,1,12,80,1,21,121.5744661,25.0738033
114,12,26,19,42,2,05中正區,中正區林森南路與青島東路口,0,0,3,1,C03,6,5,5,50,4,1,1,4,4,5,13,2,1,5,4,5,2,16,2,24,2,7,5,1,7,6,1,10,2,13,9,1,22,121.5229481,25.04364694
114,12,26,19,50,2,03中山區,中山區建國北路2段與民生東路3段口,0,0,1,1,F01,6,5,5,50,4,1,1,4,4,5,13,2,1,7,2,5,2,17,1,74,2,9,4,1,7,1,8,20,1,14,19,1,21,121.5372849,25.0577588
114,12,26,20,07,2,03中山區,中山區中山北路3段與農安街口,0,0,1,1,C04,6,5,5,50,4,1,1,4,4,5,13,2,1,9,5,5,2,17,1,20,2,9,6,1,7,9,1,10,1,17,42,1,21,121.5221671,25.0648272
114,12,26,20,33,2,05中正區,中正區三元街與汀州路1段115巷口,0,0,2,1,H01,6,5,5,50,3,2,1,4,4,5,13,4,4,2,4,4,2,3,1,78,2,8,4,5,8,18,8,20,10,16,53,1,22,121.5098626,25.0285427
114,12,26,21,00,2,12內湖區,內湖區港墘路與瑞光路口,0,0,1,1,C03,6,5,5,50,4,1,1,4,4,5,13,1,1,5,4,5,2,16,2,22,2,9,5,1,7,9,1,10,1,14,86,1,21,121.5748492,25.0763599
114,12,26,22,20,2,02萬華區,萬華區華中橋往新北市機車道7010479燈桿,0,0,3,1,C03,7,5,5,40,7,11,1,4,4,5,13,4,4,1,4,1,2,12,1,26,2,9,6,1,7,9,1,10,1,13,44,1,21,121.4953886,25.01083502
114,12,27,00,31,2,08士林區,士林區承德路5段46號,0,0,2,1,C03,7,5,8,40,22,22,1,4,4,5,13,4,4,10,5,5,1,17,1,21,2,9,5,1,7,1,1,10,1,13,80,1,21,121.516252,25.09161931
114,12,27,00,58,2,06松山區,松山區民權東路5段1號,0,0,1,1,B03,7,5,5,50,14,9,1,4,4,5,13,4,4,1,3,5,2,17,1,31,3,10,3,4,7,8,1,8,2,17,80,1,22,121.5643259,25.0630773
114,12,27,01,32,2,03中山區,中山區林森北路與長春路口,0,0,1,1,B02,7,5,5,50,4,1,1,5,4,5,13,2,1,9,5,5,2,3,1,39,3,10,7,1,7,5,6,8,2,5,70,1,21,121.525348,25.0549592
114,12,27,02,46,2,01大同區,大同區延平北路2段36巷與延平北路2段口,0,0,1,1,C03,7,5,5,30,5,2,1,5,4,5,13,4,4,10,5,5,2,16,2,36,2,9,6,1,7,5,1,10,2,12,44,1,21,121.5117136,25.0550041
114,12,27,04,58,2,07信義區,信義區基隆路1段與松壽路口,0,0,1,1,B02,6,5,5,50,4,2,1,4,4,5,13,2,1,1,4,5,1,13,1,42,3,10,3,4,7,9,1,8,2,5,110,1,22,121.5612887,25.0356063
114,12,27,05,00,2,02萬華區,萬華區昆明街74巷與漢口街2段90巷口,0,0,2,1,C03,6,5,5,30,4,1,1,4,4,5,13,4,4,10,5,5,2,17,1,59,2,8,5,4,7,9,1,10,1,11,75,1,21,121.5042385,25.04587301
114,12,27,05,40,2,06松山區,松山區市民大道6段與松山路口,0,0,1,1,H01,6,5,5,40,4,18,1,4,4,5,13,2,1,1,4,5,2,1,1,56,2,7,4,5,8,16,8,20,10,16,121,1,21,121.5779358,25.0495268
114,12,27,06,04,2,10文山區,文山區景豐街48巷15號,0,0,1,1,C03,6,5,5,30,14,9,1,4,4,5,13,4,4,9,5,5,2,3,2,52,3,10,6,1,7,9,1,10,1,11,107,1,21,121.5469033,25.00001076
114,12,27,06,07,1,06松山區,松山區濱江街西往東燈桿編號0203125處,1,0,1,1,B03,8,5,5,50,14,7,2,4,4,5,13,4,4,8,3,4,2,2,1,25,2,8,7,1,7,9,1,8,2,5,108,1,21,121.5619261,25.0706506
114,12,27,06,50,2,08士林區,士林區中山北路6段與士東路口口,0,0,1,1,,6,5,5,50,3,1,1,4,4,5,13,1,1,1,3,5,1,17,4,0,,,,,,,,,11,,119,2,,121.5260313,25.11176015
114,12,27,08,00,2,03中山區,中山區民權東路1段58巷與民權東路1段口,0,0,1,1,B03,6,6,5,50,3,1,1,4,4,5,13,4,4,1,4,5,2,16,1,61,3,10,3,4,7,6,1,8,1,5,9,1,22,121.5243947,25.0626034
114,12,27,08,33,2,03中山區,中山區林森北路與錦州街口,0,0,1,1,B02,6,7,5,50,4,1,1,4,4,5,13,1,1,5,5,5,2,1,1,42,3,10,7,1,7,5,1,8,2,1,70,1,22,121.5256009,25.0603976
114,12,27,09,00,2,03中山區,中山區新生北路2段28巷與新生北路2段口,0,0,1,1,C03,6,6,5,50,4,1,1,4,4,5,13,1,1,1,4,5,2,12,2,22,2,9,6,1,7,9,1,10,1,12,108,1,22,121.5273275,25.05366813
114,12,27,09,00,2,08士林區,士林區中山北路6段250號,0,0,1,1,B03,6,6,5,50,14,9,1,4,4,5,13,4,4,1,3,5,1,12,1,70,3,10,7,1,7,9,1,8,1,5,17,1,21,121.5254233,25.1093615
114,12,27,09,55,2,05中正區,中正區羅斯福路2段與和平西路1段口,0,0,1,1,C03,6,7,5,50,4,2,1,4,4,5,13,1,1,1,4,5,2,12,1,18,2,8,5,1,7,8,1,10,1,12,100,1,22,121.5221397,25.0272817
114,12,27,10,08,2,09北投區,北投區承德路7段與石牌路1段口,0,0,1,1,B03,6,6,5,60,4,2,1,4,4,5,13,2,1,8,3,5,2,17,1,32,3,10,7,1,7,6,1,8,1,2,80,1,21,121.5091659,25.11236852
114,12,27,10,15,2,03中山區,中山區龍江路與五常街口,0,0,1,1,B03,6,7,5,40,14,9,1,4,4,5,13,4,4,9,5,5,2,17,1,61,3,10,7,1,7,1,1,8,1,4,19,1,22,121.5409127,25.0638099
114,12,27,10,52,2,09北投區,北投區育仁路與大同街口,0,0,1,1,B03,6,6,5,30,5,1,1,4,4,5,13,3,1,9,5,5,2,3,1,61,3,10,3,4,7,5,1,8,2,8,70,1,21,121.4983769,25.1337717
114,12,27,11,14,2,08士林區,士林區德行西路與德行西路94巷口,0,0,1,1,C03,6,7,5,50,3,1,1,4,4,5,13,4,4,5,5,5,2,17,1,54,3,10,6,1,7,5,1,10,1,17,80,1,21,121.5212633,25.10420532
114,12,27,11,23,2,10文山區,文山區辛亥路4段與辛亥路4段209巷口,0,0,1,1,C03,6,6,5,50,3,2,1,4,4,5,13,4,4,1,4,5,2,13,1,39,2,8,6,1,7,9,1,10,1,11,108,1,22,121.5555476,25.0022929
114,12,27,11,52,2,07信義區,信義區松德路133巷與虎林街222巷口,0,0,1,1,C03,7,6,5,30,4,2,1,5,4,5,13,4,4,10,5,5,2,16,1,48,2,8,5,1,7,9,1,10,2,11,72,1,21,121.5758592,25.0363796
114,12,27,11,53,2,08士林區,士林區德行東路與德行東路203巷口,0,0,3,1,C03,7,7,5,50,4,1,1,5,4,5,13,4,4,9,4,5,2,17,2,35,2,8,5,1,7,5,1,10,2,14,8,1,21,121.5321562,25.1090397
114,12,27,11,53,2,09北投區,北投區承德路7段與承德路7段401巷口,0,0,3,1,C03,7,6,5,60,3,2,1,5,4,5,13,4,4,8,3,5,1,17,1,24,2,8,6,1,7,6,1,10,1,12,44,1,21,121.5006227,25.12014872
114,12,27,12,30,2,01大同區,大同區鄭州路與西寧北路口,0,0,1,1,C03,8,7,5,40,4,1,1,4,4,5,13,1,1,1,4,5,2,13,1,36,3,10,6,1,7,9,1,10,1,13,102,1,21,121.5082008,25.0506263
114,12,27,12,40,2,03中山區,中山區松江路與民權東路2段口,0,0,2,1,C03,7,7,5,50,4,2,1,5,4,5,13,1,1,1,4,5,2,15,1,45,2,8,6,1,7,9,1,10,1,11,42,1,21,121.5327956,25.06279795
114,12,27,13,09,2,12內湖區,內湖區內湖路1段與港墘路口口,0,0,1,1,B03,8,5,5,50,4,1,1,5,4,5,13,1,1,1,4,5,2,17,2,69,3,10,7,1,7,5,1,8,2,2,80,1,21,121.5770844,25.0798383
114,12,27,13,35,2,01大同區,大同區民生西路與太原路口,0,0,1,1,B03,7,6,5,50,3,1,1,5,4,5,13,2,1,5,4,5,2,17,1,32,3,10,3,4,7,9,1,8,1,8,44,1,22,121.5169396,25.0571386
114,12,27,13,55,2,12內湖區,內湖區瑞光路與江南街71巷16弄口口,0,0,1,1,B03,7,6,5,50,4,1,1,5,4,5,13,2,1,5,4,5,2,16,2,63,3,10,7,1,7,5,1,8,1,6,71,1,21,121.577004,25.0751545
114,12,27,13,57,2,01大同區,大同區延平北路3段與昌吉街口,0,0,2,1,B03,8,7,5,50,4,1,1,5,4,5,13,1,1,5,4,5,2,16,1,38,3,10,7,1,7,5,1,8,1,6,8,1,21,121.5109942,25.0659179
114,12,27,14,47,2,12內湖區,內湖區新湖一路133號與民善街口側,0,0,1,1,F01,8,7,5,50,14,9,1,5,4,5,13,4,4,9,5,5,2,17,1,52,2,7,4,2,7,9,8,20,9,11,108,2,21,121.5766163,25.0582928
114,12,27,15,13,2,04大安區,大安區新生南路3段與新生南路3段56巷口,0,0,1,1,,7,5,5,50,14,9,1,4,4,5,13,2,1,2,5,5,2,17,4,0,4,11,3,4,,21,7,19,11,15,119,2,22,121.5341727,25.0204889
114,12,27,15,40,2,08士林區,士林區福林路與自祥街口,0,0,1,1,A02,8,6,5,50,14,9,1,5,4,5,13,2,1,9,4,5,1,17,1,56,3,10,7,1,7,9,1,2,11,2,17,2,21,121.5185232,25.0873068
114,12,27,15,50,2,01大同區,大同區塔城街與延平北路1段66巷口,0,0,2,1,C04,6,6,5,50,3,2,1,4,4,5,13,4,4,4,4,5,2,16,1,28,2,9,3,4,7,6,1,10,1,13,118,1,21,121.5105342,25.0515111
114,12,27,16,50,2,08士林區,士林區中山北路6段748號,0,0,1,1,C03,8,5,5,50,14,9,1,5,4,5,13,4,4,1,4,5,2,13,1,61,2,7,6,1,7,9,1,10,1,11,16,1,21,121.5284913,25.1162136
114,12,27,17,10,2,11南港區,南港區忠孝東路6段197號,0,0,2,1,C03,6,6,5,30,14,9,1,4,4,5,13,4,4,5,5,5,2,17,1,43,3,10,5,1,7,5,1,10,2,14,8,1,21,121.5878325,25.0492878
114,12,27,17,30,2,12內湖區,內湖區東湖路與安康路口,0,0,1,1,C03,6,5,5,50,3,2,1,4,4,5,13,1,1,5,4,5,2,17,2,24,2,9,5,1,7,9,1,10,1,17,16,1,21,121.6156589,25.06821
114,12,27,17,38,2,03中山區,中山區長安東路2段與伊通街口,0,0,1,1,B01,7,6,5,50,4,1,1,5,4,5,13,1,1,5,4,5,2,17,1,56,3,10,3,4,7,5,1,4,2,5,8,1,22,121.5346665,25.0483883
114,12,27,17,48,2,04大安區,大安區愛國東路與金山南路2段口,0,0,1,1,C02,7,5,5,50,4,1,1,5,4,5,13,2,1,1,2,5,2,13,1,37,2,9,3,4,7,5,1,9,1,12,8,1,22,121.5268095,25.0314356
114,12,27,18,01,2,04大安區,大安區忠孝東路3段與復興南路1段口,0,0,1,1,,7,5,5,50,4,1,1,4,4,5,13,2,1,1,3,1,2,15,4,0,4,11,3,4,7,9,7,19,11,15,119,2,22,121.5437192,25.0416965
114,12,27,18,01,2,09北投區,北投區七星街七星公園停車場旁,0,0,1,1,B03,7,5,5,30,14,9,1,5,4,5,13,4,4,10,5,5,2,16,1,27,3,10,7,1,7,5,1,8,1,4,8,1,21,121.5019554,25.1367111
114,12,27,18,15,2,03中山區,中山區八德路2段與遼寧街口,0,0,1,1,B03,8,5,5,50,4,1,1,5,4,5,13,2,1,5,4,5,2,17,1,69,3,10,7,1,7,5,1,8,1,2,44,1,21,121.5422995,25.04721007
114,12,27,18,38,2,07信義區,信義區崇德街與崇德街81巷口,0,0,1,1,B03,6,5,5,50,5,1,1,4,4,5,13,1,1,9,5,5,2,12,1,47,3,10,7,1,7,9,1,8,2,2,17,1,21,121.5552283,25.0242051
114,12,27,18,39,2,05中正區,中正區重慶南路1段與懷寧街108巷口,0,0,1,1,C03,6,5,5,50,3,1,1,4,4,5,10,4,4,9,4,5,1,13,1,73,2,9,5,1,7,9,1,10,2,11,16,1,21,121.5131529,25.0415627
114,12,27,18,57,2,12內湖區,內湖區康樂街186巷與康樂街口,0,0,1,1,C03,6,5,6,50,3,1,1,4,4,4,12,4,4,4,4,5,1,17,1,24,2,9,5,1,7,9,1,10,1,14,14,1,21,121.6204981,25.0758463
114,12,27,19,09,2,03中山區,中山區中山北路3段與民族西路口,0,0,1,1,B03,8,5,5,50,4,1,1,5,4,5,13,2,1,4,3,5,1,2,2,53,3,10,7,1,7,6,1,8,1,1,70,1,21,121.5210473,25.05014526
114,12,27,19,20,2,05中正區,中正區南昌路1段95號,0,0,3,1,C03,6,5,5,50,14,9,1,4,4,5,13,4,4,9,4,5,2,3,1,31,2,9,5,1,7,9,1,10,2,11,42,1,21,121.5179929,25.0302329
114,12,27,19,20,2,11南港區,南港區南港路1段與中南街口,0,0,2,1,H01,6,5,5,30,3,2,1,4,4,5,13,1,1,4,3,5,2,3,1,51,2,9,4,5,8,16,8,20,10,17,121,1,21,121.6151483,25.0552999
114,12,27,19,23,2,03中山區,中山區濱江街188號,0,0,1,1,B01,6,5,5,50,14,9,1,4,4,5,13,4,4,1,4,5,1,14,1,57,3,10,7,1,7,2,1,4,2,7,12,1,21,121.5390212,25.0724067
114,12,27,20,11,2,07信義區,信義區基隆路2段與信義路4段450巷口,0,0,1,1,C03,6,5,5,50,4,2,1,4,4,5,13,2,1,1,4,5,2,3,1,22,2,9,5,1,7,9,1,10,1,14,14,1,21,121.5590001,25.0319268
114,12,27,21,53,2,02萬華區,萬華區西園路1段與和平西路3段口,0,0,3,1,H01,7,5,5,50,5,2,2,5,4,5,13,2,1,1,4,5,2,3,1,58,2,9,4,5,8,16,8,20,10,16,122,1,22,121.4992757,25.0354833
114,12,27,22,23,2,01大同區,大同區承德路2段與錦西街口,0,0,1,1,B01,6,5,5,50,5,1,1,4,4,5,13,4,4,1,5,5,2,12,1,68,3,10,7,1,7,8,1,4,1,2,44,1,21,121.5181654,25.0598689
114,12,27,23,30,2,10文山區,文山區興隆路2段46號,0,0,1,1,B03,6,5,5,50,14,9,1,4,4,5,13,3,1,1,4,5,2,13,1,24,3,10,7,1,7,9,1,8,1,1,108,1,21,121.5467432,24.9990668