發生年度,發生月,發生日,發生時-Hours,發生分,處理別-編號,區序,肇事地點,死亡人數,2-30日死亡人數,受傷人數,當事人序號,車種,天候,光線,道路類別,速限-速度限制,道路型態,事故位置,路面狀況1,路面狀況2,路面狀況3,道路障礙1,道路障礙2,號誌1,號誌2,車道劃分-分向,車道劃分-分道1,車道劃分-分道2,車道劃分-分道3,事故類型及型態,性別,年齡,受傷程度,主要傷處,保護裝置,行動電話,車輛用途,當事者行動狀態,駕駛資格情形,駕駛執照種類,飲酒情形,車輛撞擊部位1,肇因碼-個別,個人肇逃否,職業,座標-X,座標-Y
114,12,27,23,46,2,01大同區,大同區民生西路與迪化街1段口,0,0,1,1,B01,7,5,5,50,4,1,1,5,4,5,13,2,1,5,4,5,2,17,1,56,3,10,7,4,7,5,1,4,1,1,8,1,21,121.5094627,25.0570364
114,12,28,01,15,2,04大安區,大安區新生南路2段與新生南路2段70巷口,0,0,1,1,B03,6,5,5,40,3,2,1,4,4,5,13,4,4,1,1,5,2,17,1,61,3,10,3,4,7,1,1,8,1,7,19,1,22,121.5344768,25.0279396
114,12,28,01,30,2,03中山區,中山區新生北路2段與長春路口(長春路88號前),0,0,1,1,B02,8,5,5,30,3,1,1,5,4,5,13,4,4,5,2,4,2,17,1,68,3,10,7,1,7,5,1,8,1,4,73,1,21,121.5270859,25.0549612
114,12,28,04,46,2,02萬華區,萬華區開封街2段與昆明街口,0,0,1,1,C03,8,5,5,50,4,1,1,5,4,5,13,2,1,10,4,5,2,15,1,20,2,7,6,1,7,9,1,10,2,11,81,1,22,121.5059324,25.046839
114,12,28,06,34,2,10文山區,文山區興隆路2段與興隆路2段22巷口,0,0,2,1,F02,7,6,5,50,3,1,1,5,4,5,13,4,4,1,4,5,2,16,1,78,2,6,4,1,7,5,8,20,2,14,8,1,21,121.5456527,24.9988454
114,12,28,09,00,2,04大安區,大安區信義路3段與建國南路1段口,0,0,1,1,B03,8,6,5,50,4,1,1,5,4,5,13,2,1,4,1,5,2,1,1,54,3,10,7,1,7,7,1,8,2,8,70,1,21,121.5380607,25.0336675
114,12,28,09,26,2,04大安區,大安區新生南路1段97巷與忠孝東路3段44巷口,0,0,3,1,F02,7,6,5,30,4,1,1,5,4,4,9,4,4,10,5,5,2,15,1,47,2,9,3,4,7,9,8,20,1,11,72,1,21,121.5346269,25.0411542
114,12,28,10,16,2,05中正區,中正區寧波西街47號,0,0,1,1,C03,7,7,5,50,14,9,1,5,4,5,13,4,4,10,4,5,2,12,1,22,2,9,5,1,7,8,1,10,1,14,16,1,22,121.5178334,25.0308914
114,12,28,10,28,2,04大安區,大安區基隆路2段172號,0,0,1,1,B03,7,6,5,50,14,9,1,5,4,5,13,4,4,1,4,5,2,17,1,44,3,10,7,1,7,7,1,8,1,17,100,1,22,121.5549768,25.0259926
114,12,28,11,05,2,01大同區,大同區民權西路與重慶北路2段口口,0,0,2,1,C03,7,5,5,50,5,2,1,5,4,5,13,2,1,1,4,5,2,13,1,20,2,9,5,1,7,12,1,10,1,11,16,1,21,121.5138816,25.0628811
114,12,28,11,09,2,11南港區,南港區市民大道7段與昆陽街口,0,0,2,1,C03,6,7,5,30,4,2,1,4,4,5,13,1,1,1,4,5,2,13,1,45,3,10,3,4,7,6,1,10,9,17,118,2,21,121.5938046,25.0511516
114,12,28,11,40,2,01大同區,大同區鄭州路與西寧北路口,0,0,1,1,C03,8,6,5,40,4,1,1,5,4,5,13,2,1,8,3,5,2,12,2,28,2,9,6,1,7,9,1,10,1,11,16,1,21,121.5082432,25.0505982
114,12,28,11,45,2,10文山區,文山區木柵路4段與木柵路4段149巷口,0,0,2,1,B11,6,6,5,50,3,1,1,4,4,5,13,1,1,5,4,5,1,16,1,40,3,10,7,1,7,6,1,3,1,2,71,1,21,121.5749644,24.9987211
114,12,28,12,19,2,04大安區,大安區和平東路1段與溫州街口,0,0,1,1,C03,8,6,5,50,4,2,1,5,4,5,13,2,1,8,3,5,1,17,1,31,2,9,3,4,7,15,1,10,1,11,44,1,21,121.5336558,25.0260627
114,12,28,12,23,2,11南港區,南港區市民大道8段與南港路1段277巷口口,0,0,1,1,B03,6,6,5,50,14,9,1,4,4,5,13,4,4,9,5,5,2,11,1,51,3,10,3,4,7,8,1,8,1,8,4,1,21,121.6097545,25.053675
114,12,28,12,30,2,02萬華區,萬華區康定路與廣州街口,0,0,1,1,B03,7,6,5,50,4,2,1,5,4,5,13,2,1,4,4,5,2,17,1,24,3,10,7,1,7,1,1,8,1,8,19,1,21,121.5014084,25.0364744
114,12,28,14,00,2,06松山區,松山區民權東路4段西向東0202235號燈桿處,0,0,2,1,C03,6,7,5,40,14,7,1,4,4,5,13,4,4,1,4,4,2,17,1,22,2,9,6,1,7,7,1,10,2,14,80,1,21,121.5556836,25.0618976
114,12,28,14,30,2,03中山區,中山區民權西路72號與民權西路70巷口,0,0,1,1,B03,8,6,5,50,3,2,1,5,4,5,13,4,4,3,4,5,2,11,1,51,3,10,3,4,7,1,1,8,1,8,80,1,21,121.5199906,25.0626107
114,12,28,16,55,2,07信義區,信義區基隆路1段180號,0,0,1,1,C03,8,7,5,50,14,9,1,5,4,5,13,4,4,9,4,5,2,29,2,63,2,9,5,1,7,9,1,10,7,14,44,1,21,121.5653411,25.0432382
114,12,28,17,12,2,05中正區,中正區杭州南路1段與徐州路口,0,0,1,1,B02,7,5,5,50,4,18,1,5,4,5,13,1,1,9,4,5,2,3,2,36,3,10,7,1,7,5,1,4,1,1,70,1,21,121.5256534,25.0402263
114,12,28,17,19,2,04大安區,大安區和平東路3段與敦化南路2段口,0,0,2,1,C03,8,5,5,50,4,1,1,5,4,5,13,2,1,1,4,1,2,12,1,34,2,9,3,4,7,15,1,10,1,11,100,1,22,121.5484595,25.024579
114,12,28,17,45,2,08士林區,士林區至善路1段與福林路254巷口,0,0,1,1,B03,7,5,5,40,3,2,1,5,4,5,13,3,1,1,4,4,2,12,1,60,3,10,7,1,7,7,1,8,1,4,100,1,21,121.5377973,25.0979347
114,12,28,18,39,2,10文山區,文山區萬美街2段與萬寧街口,0,0,1,1,B03,8,5,5,40,3,1,1,5,4,5,13,2,1,5,5,5,1,16,1,27,3,10,7,1,7,5,1,8,1,1,8,1,21,121.5627439,25.0035113
114,12,28,19,13,2,01大同區,大同區民生西路與承德路2段口,0,0,1,1,B01,8,5,5,50,4,1,1,5,4,5,13,2,1,8,3,5,1,16,1,39,3,10,3,4,7,5,1,3,1,2,71,1,21,121.5180658,25.0572547
114,12,28,20,04,2,04大安區,大安區新生南路2段50號對面,0,0,2,1,F01,8,5,8,0,14,23,4,5,4,5,13,4,4,10,5,5,2,10,1,66,2,1,3,4,7,9,8,20,1,11,17,1,21,121.5345399,25.028928
114,12,28,20,05,2,02萬華區,萬華區貴陽街2段與桂林路127巷口,0,0,1,1,B03,8,5,5,40,3,1,1,5,4,5,13,4,4,10,5,5,2,16,1,26,3,10,3,4,7,6,1,8,1,2,9,1,22,121.5002588,25.0401451
114,12,28,22,06,2,07信義區,信義區忠孝東路5段與虎林街口,0,0,3,1,C03,8,5,5,50,4,1,1,5,4,5,13,2,1,1,4,5,2,16,1,43,2,9,5,1,7,6,1,10,1,13,9,1,21,121.5768852,25.0407518
114,12,28,22,28,2,09北投區,北投區中央北路4段與中央北路4段316巷口,0,0,1,1,B03,8,5,5,50,3,1,1,5,4,5,13,2,1,8,3,5,2,13,1,24,3,10,7,1,7,1,1,8,1,1,108,1,22,121.4726808,25.1308067
114,12,28,23,28,2,11南港區,南港區研究院路2段四分溪旁無名巷,0,0,1,1,F02,6,5,5,50,4,1,1,4,4,5,13,2,1,10,5,5,2,15,1,18,3,10,3,4,7,9,8,20,1,17,81,1,21,121.6157965,25.0487658
114,12,29,00,29,2,07信義區,信義區莊敬路與松勤街口口,0,0,1,1,B03,7,5,5,50,14,18,1,5,4,5,13,2,1,4,5,5,2,9,1,32,3,10,7,1,7,6,1,8,1,8,70,1,21,121.5613576,25.0321397
114,12,29,07,33,2,04大安區,大安區和平東路2段與新生南路2段口,0,0,1,1,C03,8,6,5,50,4,1,1,5,4,5,13,2,1,1,3,5,2,12,1,32,4,11,3,4,7,9,1,10,9,13,101,2,21,121.5349341,25.0261168
114,12,29,07,46,2,12內湖區,內湖區民權東路6段與民權東路6段46巷口口,0,0,2,1,C03,8,7,6,50,4,2,1,5,4,5,13,4,4,1,4,4,2,13,1,33,2,8,5,1,7,9,1,10,1,14,16,1,21,121.5821732,25.0681109
114,12,29,08,10,2,10文山區,文山區保儀路112巷路邊第65號停車格旁,0,0,1,1,B03,8,6,5,30,11,9,1,5,4,5,13,4,4,10,5,5,2,10,2,51,3,10,7,1,7,9,1,8,1,8,108,1,21,121.5667099,24.9859476
114,12,29,08,35,2,09北投區,北投區大度路27號,0,0,1,1,C03,8,6,5,50,14,9,1,4,4,5,13,1,1,1,4,5,1,13,2,36,2,9,5,1,7,9,1,10,2,11,16,1,21,121.4967594,25.1211202
114,12,29,08,42,2,05中正區,中正區博愛路與開封街1段口,0,0,1,1,C03,7,5,5,50,4,4,1,5,4,5,13,1,1,9,4,5,2,13,2,63,2,8,6,1,7,7,1,10,1,11,108,1,21,121.5113018,25.0459057
114,12,29,08,47,2,04大安區,大安區愛國東路246號,0,0,1,1,,8,5,5,50,14,9,1,5,4,5,13,1,1,3,5,5,2,17,4,0,4,11,3,4,7,8,7,19,11,15,119,2,21,121.525119,25.0318855
114,12,29,08,52,2,03中山區,中山區樂群一路與敬業三路口,0,0,2,1,C03,8,6,6,50,5,2,1,5,4,5,13,2,1,8,3,5,1,17,1,36,2,9,5,1,7,5,1,10,1,14,86,1,21,121.5562621,25.0771364
114,12,29,08,59,2,07信義區,信義區忠孝東路5段558號,0,0,1,1,C03,8,6,5,50,14,9,1,5,4,5,13,4,4,1,4,5,2,13,2,28,2,9,6,1,7,9,1,10,1,11,16,1,22,121.5808868,25.0424807
114,12,29,09,03,2,02萬華區,萬華區桂林路與梧州街口,0,0,2,1,C03,8,7,5,30,4,1,1,5,4,5,13,4,4,10,3,4,2,15,2,58,2,8,5,1,7,9,1,10,1,11,72,1,21,121.4977269,25.0385048
114,12,29,09,21,2,09北投區,北投區泉源路28-3號,0,0,1,1,C03,8,6,5,40,11,9,1,5,4,5,13,4,4,9,5,5,2,17,1,19,2,9,5,1,7,6,1,10,2,12,42,1,21,121.5064307,25.1397029
114,12,29,09,36,2,11南港區,南港區研究院路2段72號,0,0,1,1,C03,8,6,5,50,14,9,1,5,4,5,13,4,4,2,3,5,2,13,1,23,2,7,3,4,7,9,1,10,1,11,16,1,21,121.6151488,25.045694
114,12,29,09,41,2,01大同區,大同區昌吉街256號,0,0,1,1,G06,8,6,5,50,14,9,1,5,4,5,13,4,4,10,4,5,2,17,2,77,2,9,2,4,7,9,8,20,9,16,42,1,21,121.5095523,25.0658353
114,12,29,09,50,2,05中正區,中正區杭州南路1段與丹陽街口,0,0,1,1,C03,7,6,5,50,3,1,1,5,4,5,13,4,4,10,5,5,2,16,1,59,3,10,5,1,7,5,1,10,2,14,8,1,21,121.5253934,25.0390888
114,12,29,10,21,2,07信義區,信義區仁愛路4段與逸仙路口,0,0,1,1,A02,8,7,5,50,14,10,1,5,4,5,13,1,1,1,4,1,2,9,2,64,3,10,3,4,7,9,1,2,9,17,36,1,21,121.5611088,25.0375342
114,12,29,10,29,2,04大安區,大安區敦化南路2段與安和路2段171巷口,0,0,1,1,B01,8,6,5,50,5,1,1,5,4,5,13,1,1,1,4,5,2,17,1,69,3,10,7,4,7,5,1,4,1,6,44,1,21,121.5489917,25.0280919
114,12,29,10,30,2,08士林區,士林區中山北路6段與中山北路6段195巷口,0,0,2,1,C03,8,6,5,50,3,1,1,5,4,5,13,2,1,1,4,5,2,16,2,70,2,9,6,1,7,5,1,10,1,12,8,1,21,121.5250451,25.1078866
114,12,29,10,30,2,09北投區,北投區稻香路與稻香路161巷口,0,0,1,1,B12,8,5,5,40,3,1,1,5,4,5,13,1,1,5,2,5,2,16,1,59,3,10,7,1,7,5,1,8,1,7,8,1,21,121.4890607,25.1426408
114,12,29,10,36,2,07信義區,信義區松德路169巷18號,0,0,1,1,B12,8,5,5,30,14,9,1,5,4,5,13,4,4,10,5,5,1,11,1,27,3,10,7,1,7,11,1,8,1,8,16,1,21,121.575211,25.03636
114,12,29,11,40,2,04大安區,大安區新生南路1段85號,0,0,1,1,C03,8,7,5,50,14,9,1,5,4,5,13,4,4,10,5,5,2,12,1,37,2,7,5,1,7,9,1,10,1,14,17,1,21,121.5329678,25.0420234
114,12,29,11,41,2,03中山區,中山區北安路387號,0,0,1,1,C03,8,6,5,50,14,9,1,5,4,5,13,4,4,1,4,5,2,13,1,34,2,9,6,1,7,9,1,10,1,11,108,1,22,121.540601,25.0795587
114,12,29,12,21,2,04大安區,大安區和平東路2段107巷與和平東路2段107巷16弄口,0,0,1,1,C03,8,6,5,30,4,1,1,5,4,5,13,4,4,10,5,5,2,15,1,27,2,7,6,4,7,9,1,10,1,12,72,1,21,121.5404423,25.0263084
114,12,29,12,36,2,12內湖區,內湖區內湖路1段285巷與內湖路1段285巷27弄口口,0,0,2,1,C03,8,7,5,30,3,1,1,5,4,5,13,4,4,9,5,5,2,3,2,20,2,9,5,1,7,9,1,10,1,11,80,1,21,121.566943,25.0832816
114,12,29,13,31,2,06松山區,松山區松河街與饒河街221巷口,0,0,1,1,F07,8,6,5,0,22,20,2,5,4,5,13,2,1,4,5,5,2,2,1,55,3,10,4,1,7,9,8,20,1,11,42,1,22,121.5765792,25.0514248
114,12,29,13,37,2,06松山區,松山區長安東路2段225號,0,0,1,1,A02,8,5,5,50,14,9,1,5,4,5,13,4,4,5,4,5,2,9,1,56,3,10,7,1,7,1,1,2,2,2,42,1,26,121.5453246,25.0482912
114,12,29,13,47,2,07信義區,信義區信義路4段與光復南路口側附近口,0,0,1,1,F01,8,5,5,0,14,20,4,5,4,5,13,4,4,10,5,5,2,12,1,63,3,10,4,1,7,1,8,20,1,14,80,1,21,121.5576031,25.0329233
114,12,29,14,17,2,10文山區,文山區和平東路4段(西往東0707317)燈桿旁,0,0,1,1,F01,8,6,5,40,14,9,1,5,4,5,13,4,4,5,5,5,1,18,2,23,2,9,2,1,7,9,8,20,1,17,116,1,21,121.5690821,25.0048787
114,12,29,14,28,2,04大安區,大安區信義路4段294巷2號,0,0,1,1,B03,8,6,5,50,14,9,1,5,4,5,13,4,4,8,4,5,2,17,1,55,3,10,7,1,7,5,1,8,1,8,101,1,21,121.554256,25.0326895
114,12,29,14,30,2,01大同區,大同區承德路3段170號,0,0,1,1,B12,8,6,5,0,14,20,1,5,4,5,13,4,4,10,5,5,2,14,1,27,3,10,3,4,7,2,1,8,9,3,12,1,21,121.5182498,25.0689537
114,12,29,14,30,2,03中山區,中山區建國高架道往北民族東路上方,0,0,1,1,B03,7,6,5,50,14,9,1,5,4,5,13,4,4,1,5,5,1,13,1,64,3,10,3,4,7,9,1,8,1,1,16,1,21,121.533778,25.06772221
114,12,29,14,49,2,12內湖區,內湖區瑞光路513巷22弄與瑞光路513巷口,0,0,2,1,C03,8,7,5,50,3,2,1,5,4,5,13,4,4,9,4,5,2,16,2,61,2,9,3,4,7,6,1,10,2,14,72,1,21,121.5697429,25.0793122
114,12,29,14,52,2,05中正區,中正區羅斯福路1段與林森南路口口,0,0,1,1,C03,8,6,5,30,5,1,1,5,4,5,13,1,1,10,4,5,1,17,1,28,3,10,6,1,7,5,1,10,2,12,17,1,21,121.5179356,25.032678
114,12,29,14,59,2,07信義區,信義區松高路20巷與松壽路口,0,0,1,1,B03,8,6,5,50,4,1,1,5,4,5,13,4,4,9,4,5,2,15,1,29,3,10,7,1,7,1,1,8,1,8,80,1,21,121.5675026,25.0359154
114,12,29,15,09,2,08士林區,士林區承德路5段南往北,0,0,1,1,C03,8,7,5,50,14,7,1,5,4,5,13,4,4,9,5,4,2,29,1,65,2,1,6,1,7,9,3,18,1,12,118,1,21,121.5151292,25.09359729
114,12,29,15,14,2,08士林區,士林區芝玉路1段197巷與忠義街123巷口,0,0,2,1,C03,8,7,5,50,4,1,1,5,4,5,13,3,1,5,5,5,2,15,2,21,2,9,6,1,7,9,3,18,2,11,84,1,21,121.5333419,25.107668
114,12,29,15,32,2,12內湖區,內湖區陽光街與江南街71巷口,0,0,1,1,C03,8,6,5,50,3,1,1,5,4,5,13,4,4,5,5,5,2,17,1,28,3,10,6,1,7,5,1,10,9,12,8,1,22,121.5767733,25.07873435
114,12,29,15,43,2,04大安區,大安區敦化南路2段172巷8弄與敦化南路2段200巷口,0,0,2,1,B03,8,5,5,30,4,1,1,5,4,5,13,4,4,10,5,5,2,15,1,27,2,1,7,1,7,9,1,8,1,8,72,1,21,121.5477241,25.0228996
114,12,29,15,50,2,10文山區,文山區興隆路2段244巷6號,0,0,1,1,B03,8,6,5,50,14,9,1,5,4,5,13,4,4,9,5,5,2,16,2,55,3,10,7,1,7,5,1,8,2,8,8,1,21,121.5535487,25.0004508
114,12,29,16,10,2,08士林區,士林區百齡橋與百齡橋口東往西上橋車道,0,0,1,1,B03,8,7,5,50,3,1,1,5,4,5,13,1,1,10,4,5,2,17,1,48,3,10,7,1,7,6,1,7,9,8,44,1,21,121.5156026,25.0906499
114,12,29,16,20,2,03中山區,中山區敬業三路11號,0,0,1,1,B01,6,5,5,50,14,9,1,4,1,5,13,4,4,10,4,5,2,16,1,60,3,10,7,1,7,6,1,4,1,2,9,1,21,121.5562441,25.0835228
114,12,29,16,20,2,12內湖區,內湖區民權大橋上橋處,0,0,1,1,B03,8,7,5,50,14,9,1,5,4,5,13,4,4,3,4,5,2,13,1,24,3,10,7,1,7,9,1,8,1,17,80,1,21,121.5782515,25.0667671
114,12,29,16,55,2,04大安區,大安區信義路2段88號,0,0,1,1,C03,8,5,5,50,14,9,1,5,4,5,13,2,1,1,3,5,2,17,1,87,3,10,5,1,7,15,1,10,1,14,116,1,21,121.5269795,25.0340697
114,12,29,17,00,2,06松山區,松山區南京東路5段250巷與南京東路5段250巷2弄口,0,0,1,1,C03,8,5,5,30,4,1,1,5,4,5,13,4,4,10,5,5,2,15,2,44,2,1,6,1,7,9,1,10,2,12,72,1,21,121.5661333,25.0507306
114,12,29,17,35,2,03中山區,中山區中山北路2段116巷口弄,0,0,1,1,B01,7,5,5,50,14,8,1,4,4,5,13,4,4,10,4,1,2,16,1,49,3,10,7,1,7,6,1,8,1,2,9,1,21,121.522818,25.0609938
114,12,29,18,07,2,10文山區,文山區羅斯福路6段與育英街口,0,0,1,1,B03,8,5,5,50,4,1,1,5,4,5,13,2,1,1,4,5,2,16,2,34,3,10,7,1,7,5,1,8,2,5,80,1,21,121.5397329,24.990357
114,12,29,18,10,2,12內湖區,內湖區堤外便道往汐止,0,0,1,1,C03,7,5,5,50,14,9,1,5,4,5,13,4,4,9,5,5,2,13,1,19,2,8,6,1,7,9,1,10,2,11,108,1,21,121.6154136,25.0655674
114,12,29,18,57,2,06松山區,松山區三民路與富錦街口,0,0,1,1,A12,8,5,5,50,4,1,1,5,4,5,13,2,1,1,4,1,2,17,1,53,3,10,7,1,7,5,1,7,2,8,8,1,21,121.5631988,25.0609482
114,12,29,19,08,2,07信義區,信義區基隆路1段與松隆路口,0,0,1,1,B03,8,5,5,50,5,1,1,5,4,5,13,2,1,1,4,5,2,16,1,33,3,10,3,4,7,6,1,8,1,8,80,1,21,121.5661037,25.0432915
114,12,29,19,13,2,06松山區,松山區南京東路4段53巷與南京東路4段53巷11弄口,0,0,1,1,C03,7,5,5,30,4,1,1,5,4,5,13,4,4,10,5,5,2,15,1,39,2,3,6,1,7,9,1,10,1,11,72,1,21,121.5511524,25.0533077
114,12,29,19,14,2,08士林區,士林區福國路60號,0,0,1,1,C03,7,5,5,50,14,9,1,5,4,5,13,4,4,1,4,5,1,17,1,42,3,10,5,1,7,15,1,10,1,12,101,1,21,121.523351,25.10204704
114,12,29,19,15,2,08士林區,士林區中山北路5段與中山北路5段699巷口,0,0,2,1,C03,8,5,5,50,4,1,1,5,4,5,13,2,1,4,4,5,2,17,2,47,2,9,3,4,7,6,1,10,2,12,9,1,21,121.5272003,25.0977902
114,12,29,19,24,2,07信義區,信義區松德路與信義路5段口（信義路五段127號旁）,0,0,1,1,B03,8,5,5,50,14,9,1,5,4,5,13,4,4,1,4,5,2,13,1,46,3,10,3,4,7,1,1,8,1,5,19,1,22,121.5745004,25.0343951
114,12,29,19,30,2,02萬華區,萬華區環河南路2段與桂林路口,0,0,2,1,B03,8,5,5,50,4,1,1,5,4,5,13,2,1,5,4,4,2,16,1,39,3,10,7,1,7,6,1,4,1,2,9,1,26,121.4974525,25.03855367
114,12,29,19,45,2,04大安區,大安區仁愛路4段25號,0,0,6,1,B03,8,5,5,50,14,9,1,5,4,5,13,4,4,9,4,5,1,13,1,47,2,2,3,4,7,9,1,8,1,1,16,1,21,121.5445176,25.0381131
114,12,29,20,58,2,02萬華區,萬華區民和街113號,0,0,2,1,C03,8,5,5,30,14,9,1,5,4,5,13,4,4,9,5,5,2,3,1,35,2,9,5,1,7,9,1,10,1,11,44,1,21,121.4971952,25.0252803
114,12,29,21,28,2,03中山區,中山區長春路24號,0,0,1,1,B01,7,5,5,40,14,9,1,5,4,5,13,4,4,10,5,5,2,17,1,61,3,10,7,1,7,11,1,4,1,4,103,1,21,121.5243121,25.05493667
114,12,29,21,53,2,01大同區,大同區民權西路160巷26弄與蘭州街口,0,0,2,1,B01,8,5,5,30,4,1,1,5,4,5,13,1,1,10,5,5,2,13,1,53,2,7,7,1,7,6,1,4,2,5,9,1,21,121.514226,25.0618025
114,12,29,22,00,2,08士林區,士林區承德路5段與文林路587巷口,0,0,1,1,B03,8,5,5,40,4,1,1,5,4,5,13,2,1,3,4,4,2,17,2,21,3,10,3,4,7,6,1,8,2,2,9,1,21,121.5135332,25.0977765
114,12,29,22,17,2,04大安區,大安區羅斯福路3段與新生南路3段口,0,0,2,1,C03,8,5,5,50,4,1,1,5,4,5,13,2,1,9,4,5,1,15,2,23,2,7,5,1,7,11,1,10,1,12,81,1,21,121.5325929,25.0165176
114,12,30,01,08,2,06松山區,松山區八德路3段158巷與光復南路46巷口,0,0,1,1,B03,8,5,5,30,4,1,1,5,4,5,13,4,4,10,5,5,2,15,1,49,3,10,7,1,7,9,1,8,2,8,72,1,22,121.5553647,25.045885
114,12,30,04,42,2,04大安區,大安區和平東路2段94號,0,0,1,1,C03,8,5,5,40,14,8,1,5,4,5,13,4,4,9,4,4,1,18,2,52,2,1,5,1,7,9,1,10,1,12,108,1,21,121.5422343,25.0249353
114,12,30,06,20,2,04大安區,大安區和平東路3段與和平東路3段1巷口,0,0,1,1,B13,8,5,5,50,4,1,1,5,4,5,13,2,1,1,4,5,1,16,1,54,3,10,3,4,7,5,1,8,1,2,8,1,21,121.5467059,25.0247417
114,12,30,07,31,2,11南港區,南港區南港路2段與興華路口,0,0,1,1,B01,6,6,5,50,4,1,1,4,4,4,12,2,1,5,4,5,2,11,2,41,4,11,3,4,7,5,1,4,11,5,71,1,21,121.6061916,25.0542238
114,12,30,07,44,2,09北投區,北投區明德路與榮華二路口,0,0,1,1,B03,6,6,5,50,3,2,1,4,4,5,13,2,1,5,5,5,2,17,1,62,3,10,7,1,7,6,1,8,9,17,9,1,21,121.5221819,25.1136458
114,12,30,08,10,2,05中正區,中正區詔安街與詔安街26巷口,0,0,1,1,B01,6,7,5,30,3,1,1,4,4,5,13,4,4,10,5,5,2,15,1,53,3,10,7,1,7,9,1,3,1,4,72,1,22,121.5158267,25.02511302
114,12,30,08,10,2,08士林區,士林區中山北路5段465號,0,0,1,1,C03,6,7,5,40,14,9,1,4,4,5,13,4,4,10,5,5,2,17,1,32,3,10,5,1,7,9,1,10,9,17,44,1,21,121.5277257,25.09265849
114,12,30,08,35,2,03中山區,中山區民族東路112號,0,0,1,1,C03,8,6,5,50,14,9,1,4,4,5,13,3,1,9,4,4,2,13,1,51,2,9,6,4,7,9,1,10,1,11,16,1,21,121.5285149,25.06861361
114,12,30,08,39,2,03中山區,中山區吉林路與吉林路98巷口,0,0,2,1,F01,6,6,5,50,4,1,1,4,4,5,13,4,4,5,4,5,1,17,1,18,2,9,4,1,7,9,8,20,9,12,4,1,21,121.5301428,25.0525997
114,12,30,09,01,2,04大安區,大安區臥龍街188巷31號,0,0,2,1,C03,8,6,5,30,14,9,1,5,4,5,13,4,4,8,3,5,2,16,1,35,2,9,6,1,7,11,1,10,2,14,11,1,21,121.5507354,25.0171011
114,12,30,09,25,2,01大同區,大同區民權西路266號,0,0,2,1,C03,8,5,5,50,3,1,1,5,4,5,13,2,1,1,4,5,2,13,1,40,3,10,5,1,7,7,1,10,2,17,80,1,21,121.5119858,25.0628683
114,12,30,09,41,2,01大同區,大同區台北橋機慢車道（282525燈桿）,0,0,1,1,C03,7,6,7,50,10,11,1,4,4,5,13,4,4,9,4,5,2,18,1,61,2,9,5,4,7,9,1,10,1,14,42,1,21,121.5087042,25.06349019
114,12,30,09,56,2,08士林區,士林區基河路300巷與士商路口,0,0,1,1,C03,7,6,5,50,3,1,1,4,4,5,13,4,4,5,4,5,2,17,4,0,4,11,3,4,7,21,7,19,11,15,119,2,22,121.5181139,25.0931262
114,12,30,10,03,2,05中正區,中正區八德路1段與金山北路口,0,0,5,1,A05,6,5,5,50,4,1,1,4,4,5,13,1,1,5,4,5,1,17,1,60,3,10,7,1,7,5,1,1,1,15,8,1,21,121.530106,25.0436677
114,12,30,10,14,2,04大安區,大安區延吉街與延吉街137巷口,0,0,2,1,C03,8,5,5,50,14,9,1,5,4,5,13,4,4,5,5,5,2,16,2,46,2,9,5,1,7,5,1,10,1,12,44,1,21,121.5543276,25.042198
114,12,30,10,15,2,03中山區,中山區吉林路與吉林路199巷口,0,0,1,1,H01,8,7,5,50,4,1,1,5,4,5,13,4,4,5,2,5,2,9,2,79,2,9,4,5,8,16,8,20,10,16,67,1,21,121.5303039,25.0599005
114,12,30,10,55,2,12內湖區,內湖區金龍路與內湖路3段59巷口口,0,0,2,1,C03,7,6,5,50,3,1,1,5,4,5,13,2,1,5,3,5,2,16,2,18,2,9,6,1,7,9,1,10,2,11,13,1,21,121.5915748,25.0853067
114,12,30,11,02,2,12內湖區,內湖區內湖路1段737巷與內湖路1段737巷50弄口,0,0,1,1,B03,8,6,5,50,4,1,1,5,4,5,13,4,4,5,5,5,2,15,1,61,3,10,7,1,7,9,1,8,1,1,72,1,21,121.5789835,25.0804542
114,12,30,11,31,2,03中山區,中山區建國北路2段與民生東路2段口,0,0,1,1,B03,7,6,5,50,4,1,1,5,4,5,13,2,1,1,4,4,2,12,1,35,3,10,7,1,7,8,1,8,1,5,100,1,21,121.5367142,25.0577968
114,12,30,11,36,2,07信義區,信義區永吉路278巷與永吉路278巷1弄口,0,0,1,1,B12,7,7,5,30,4,1,1,5,4,5,13,4,4,10,5,5,2,9,1,41,3,10,3,4,7,13,1,8,1,3,40,1,21,121.5742057,25.0450354
114,12,30,11,48,2,04大安區,大安區基隆路2段與和平東路3段口,0,0,2,1,B03,7,5,5,50,5,2,1,5,4,5,13,2,1,10,5,5,2,16,1,73,3,10,3,4,7,6,1,8,1,5,44,1,21,121.5528115,25.0247176
114,12,30,11,58,1,12內湖區,內湖區新明路460巷18弄6號,1,0,0,1,B01,8,7,5,30,14,9,1,5,4,5,13,4,4,10,5,5,2,16,1,68,3,10,7,1,7,11,1,4,2,5,10,1,21,121.5782119,25.0541494
114,12,30,12,40,2,06松山區,松山區八德路3段84號,0,0,1,1,C03,7,6,5,50,14,9,1,5,4,5,13,4,4,5,4,5,2,13,1,29,2,8,5,4,7,9,1,9,1,11,16,1,21,121.5530746,25.0481588