發生年度,發生月,發生日,發生時-Hours,發生分,處理別-編號,區序,肇事地點,死亡人數,2-30日死亡人數,受傷人數,當事人序號,車種,天候,光線,道路類別,速限-速度限制,道路型態,事故位置,路面狀況1,路面狀況2,路面狀況3,道路障礙1,道路障礙2,號誌1,號誌2,車道劃分-分向,車道劃分-分道1,車道劃分-分道2,車道劃分-分道3,事故類型及型態,性別,年齡,受傷程度,主要傷處,保護裝置,行動電話,車輛用途,當事者行動狀態,駕駛資格情形,駕駛執照種類,飲酒情形,車輛撞擊部位1,肇因碼-個別,個人肇逃否,職業,座標-X,座標-Y
114,12,30,12,45,2,12內湖區,內湖區南京東路6段192號,0,0,1,1,B01,8,7,5,50,14,7,1,5,4,5,13,4,4,1,4,5,2,13,1,59,3,10,7,1,7,7,1,4,1,5,16,1,21,121.5802169,25.0563477
114,12,30,12,57,2,08士林區,士林區德行西路與德行西路62巷口口,0,0,1,1,C03,8,6,5,50,3,2,1,5,4,5,13,4,4,5,5,5,2,17,1,42,3,10,6,1,7,5,1,10,9,17,8,1,21,121.5227183,25.1052052
114,12,30,13,00,2,08士林區,士林區菁山路與菁山路101巷口,0,0,1,1,B01,6,6,5,50,3,1,1,4,4,5,13,4,4,5,5,5,2,16,1,67,3,10,7,1,7,5,1,4,1,1,74,1,26,121.556433,25.14221818
114,12,30,13,11,2,08士林區,士林區中正路與文林路口,0,0,1,1,C03,8,6,5,50,4,1,1,5,4,5,13,1,1,1,2,5,2,16,2,71,2,9,3,4,7,5,1,10,1,14,8,1,21,121.5247219,25.09457637
114,12,30,13,43,2,04大安區,大安區長興街75號,0,0,1,1,B03,7,5,5,50,14,9,1,5,4,5,13,4,4,10,5,5,2,17,1,62,3,10,3,4,7,5,1,8,1,17,44,1,21,121.5460884,25.0159569
114,12,30,13,57,2,06松山區,松山區南京東路4段179巷3弄與光復北路口,0,0,1,1,B03,8,7,5,30,4,1,1,5,4,5,13,4,4,10,4,5,2,15,2,64,3,10,7,4,7,9,1,8,1,2,80,1,21,121.5571508,25.05218959
114,12,30,14,18,2,09北投區,北投區行義路與行義路186巷口,0,0,1,1,C03,8,7,5,40,3,2,1,5,4,5,13,3,1,4,5,5,1,13,2,20,2,9,6,1,7,9,1,10,1,14,42,1,22,121.5293485,25.13281552
114,12,30,14,47,2,01大同區,大同區民族西路與承德路3段口口,0,0,1,1,B03,7,6,5,50,4,1,1,5,4,5,13,2,1,5,5,5,2,16,1,35,3,10,7,1,7,6,1,8,2,6,9,1,21,121.5182197,25.0684679
114,12,30,14,56,2,12內湖區,內湖區民善街與舊宗路1段150巷口,0,0,1,1,B03,8,6,5,50,4,1,1,5,4,5,13,4,4,5,5,5,2,17,2,59,3,10,7,1,7,6,1,8,1,5,9,1,22,121.5750885,25.0616996
114,12,30,15,04,2,07信義區,信義區光復南路417巷與仁愛路口側附近4段512巷口,0,0,1,1,B03,8,7,5,30,3,1,1,5,4,5,13,4,4,10,5,5,2,16,1,67,3,10,3,4,7,5,1,8,2,1,72,1,21,121.5610621,25.0367998
114,12,30,15,10,2,12內湖區,內湖區康寧路3段與安康路口,0,0,2,1,B03,6,6,5,50,4,1,1,4,4,5,13,2,1,9,4,4,2,17,1,63,2,1,7,1,7,4,1,8,2,4,17,1,21,121.6110788,25.0650512
114,12,30,16,23,2,06松山區,松山區市民大道4段與無名巷口,0,0,1,1,B02,8,6,5,30,3,1,1,5,4,5,13,4,4,1,4,5,2,16,1,32,3,10,7,1,7,6,1,8,1,8,72,1,22,121.5455677,25.04516999
114,12,30,17,28,2,05中正區,中正區廈門街與廈門街144巷口口,0,0,1,1,B03,8,5,5,30,3,1,1,5,4,5,13,4,4,9,5,5,1,3,1,49,3,10,7,1,7,9,1,8,2,1,42,1,21,121.5173084,25.0220335
114,12,30,17,40,2,02萬華區,萬華區康定路87號,0,0,1,1,B03,8,5,5,50,14,9,1,5,4,5,13,4,4,5,4,5,2,13,1,46,3,10,3,4,7,1,1,8,2,8,19,1,22,121.5019776,25.0398348
114,12,30,17,40,2,09北投區,北投區石牌路2段與天母西路口,0,0,1,1,B03,8,5,5,50,3,1,1,5,4,5,13,2,1,5,4,5,2,13,1,59,3,10,7,1,7,9,1,8,1,1,42,1,22,121.5219899,25.1192097
114,12,30,17,58,2,12內湖區,內湖區文德路66巷14弄8號對面,0,0,1,1,H01,8,5,5,50,14,9,1,5,4,5,13,4,4,9,4,4,2,3,2,75,2,9,4,5,8,18,8,20,10,16,123,1,21,121.5809661,25.0770734
114,12,30,18,20,2,05中正區,中正區中華路2段與南海路口,0,0,1,1,B02,7,5,5,50,4,1,1,4,4,5,13,2,1,4,3,5,2,17,1,29,3,10,7,1,7,5,1,8,2,8,71,1,21,121.5070531,25.026789
114,12,30,18,27,2,04大安區,大安區基隆路2段與和平東路3段口,0,0,1,1,B01,8,5,5,50,5,1,1,5,4,5,13,2,1,3,4,5,1,16,1,65,3,10,3,4,7,6,1,4,1,5,9,1,21,121.5522978,25.0240388
114,12,30,18,35,2,09北投區,北投區大業路31號,0,0,1,1,B03,7,5,5,50,14,9,1,5,4,5,13,4,4,1,4,5,2,16,1,44,3,10,7,1,7,6,1,8,1,7,44,1,21,121.4993259,25.1219687
114,12,30,18,56,2,03中山區,中山區南京東路2段與吉林路口,0,0,1,1,C04,7,5,5,50,4,2,1,5,4,5,13,1,1,5,4,5,1,17,1,29,3,10,6,1,7,11,1,10,1,11,10,1,21,121.5301442,25.0523235
114,12,30,18,56,2,08士林區,士林區德行西路35號,0,0,3,1,C03,7,5,5,50,14,9,1,5,4,5,13,4,4,5,4,5,2,17,1,56,2,8,6,1,7,9,1,10,1,11,16,1,21,121.5237892,25.1060083
114,12,30,19,05,2,10文山區,文山區辛亥路7段與光輝路50巷口,0,0,1,1,C04,6,5,5,50,3,1,1,4,4,5,13,2,1,5,5,4,2,17,2,60,2,8,3,4,7,9,1,21,1,11,81,1,21,121.5541108,24.9850038
114,12,30,19,18,2,07信義區,信義區忠孝東路4段512號,0,0,1,1,A02,8,5,5,50,14,9,1,5,4,5,13,2,1,1,4,5,2,16,1,58,3,10,3,4,7,1,1,1,2,8,19,1,26,121.5624751,25.0411205
114,12,30,19,20,2,06松山區,松山區南京東路5段89號,0,0,1,1,A04,8,5,8,50,14,10,1,5,4,5,13,4,4,1,4,5,2,9,1,41,3,10,7,1,7,9,1,2,1,15,42,1,21,121.5631416,25.0514655
114,12,30,19,30,2,05中正區,中正區汀州路2段與牯嶺街口,0,0,1,1,C03,8,5,5,50,4,1,1,5,4,5,13,1,1,5,5,5,2,17,1,47,4,11,3,4,7,9,1,10,9,12,1,1,21,121.5189792,25.0250743
114,12,30,19,33,2,04大安區,大安區基隆路3段155巷57號,0,0,2,1,B01,8,5,5,50,14,9,1,5,4,5,13,4,4,9,5,5,1,12,1,41,3,10,3,4,7,8,1,2,1,2,101,1,21,121.5433,25.0147581
114,12,30,19,38,2,01大同區,大同區長安西路291號,0,0,1,1,B02,8,5,5,50,14,9,1,5,4,5,13,4,4,5,4,5,2,17,1,42,3,10,7,1,7,9,1,8,2,4,44,1,21,121.5089151,25.0520407
114,12,30,20,00,2,09北投區,北投區中央北路2段113巷與中央北路2段131巷3弄口,0,0,1,1,C03,8,5,5,30,4,1,1,5,4,5,13,4,4,10,4,5,1,17,2,68,2,8,5,1,7,9,1,10,1,14,72,1,21,121.4946112,25.1368401
114,12,30,20,00,2,11南港區,南港區成福路與玉成街口口,0,0,1,1,C03,7,5,5,50,3,1,1,4,4,5,13,4,4,5,5,5,2,17,2,27,3,10,6,1,7,6,1,10,1,17,72,1,21,121.5867762,25.0430369
114,12,30,20,27,2,10文山區,文山區景華街128巷與景華街128巷2弄口,0,0,1,1,C03,6,5,5,30,4,1,1,4,4,3,10,4,4,10,5,5,2,15,2,57,3,10,5,1,7,9,1,10,1,14,72,1,21,121.547336,24.9954372
114,12,30,20,32,2,11南港區,南港區大坑街與舊莊街1段91巷口,0,0,1,1,C03,6,5,5,30,4,2,1,4,4,5,13,3,1,5,5,5,2,15,2,52,2,9,6,1,7,9,1,10,1,12,72,1,21,121.6202998,25.0418831
114,12,30,20,34,2,11南港區,南港區向陽路80號,0,0,2,1,C03,7,5,5,50,14,18,1,4,4,5,13,3,1,3,4,5,2,3,1,41,2,9,6,1,7,9,1,10,2,11,70,1,21,121.595271,25.0526089
114,12,30,20,57,2,08士林區,士林區延平北路5段與延平北路5段285巷口,0,0,2,1,C03,8,5,5,50,3,2,1,5,4,5,13,1,1,3,4,5,2,17,1,73,2,9,6,1,7,7,1,10,1,13,100,1,21,121.5096499,25.0855342
114,12,30,21,17,2,11南港區,南港區忠孝東路6段與昆陽街口,0,0,2,1,B03,6,5,5,50,4,1,1,4,4,5,13,1,1,3,5,5,2,13,1,23,3,10,3,4,7,11,1,8,2,5,10,1,21,121.5939139,25.0504423
114,12,30,21,20,2,01大同區,大同區塔城街與鄭州路口,0,0,1,1,B03,8,5,5,50,4,2,1,5,4,5,13,1,1,5,4,5,2,13,1,32,3,10,7,1,7,9,1,8,1,1,44,1,21,121.5104224,25.0496315
114,12,30,22,05,2,06松山區,松山區南京東路4段與敦化北路口,0,0,2,1,B01,7,5,5,30,4,1,1,5,4,5,13,1,1,1,4,4,2,13,1,29,3,10,7,1,7,6,1,8,1,1,16,1,21,121.5493137,25.0516152
114,12,30,22,10,2,01大同區,大同區長安西路與重慶北路1段口口,0,0,2,1,C03,8,5,5,50,4,1,1,5,4,5,13,2,1,5,5,5,2,16,1,18,2,8,6,1,7,5,1,10,2,11,8,1,21,121.5138771,25.0515919
114,12,30,22,12,2,03中山區,中山區民權東路2段與新生北路3段口,0,0,1,1,C03,7,5,5,50,4,1,1,5,4,5,13,1,1,1,4,5,2,13,2,34,2,8,3,4,7,9,1,10,2,11,16,1,21,121.5279541,25.0627488
114,12,30,22,35,2,12內湖區,內湖區成功路2段與民權東路6段口口,0,0,1,1,C03,6,5,5,50,3,2,1,4,4,5,13,4,4,1,4,5,2,17,2,26,3,10,6,1,7,8,1,10,1,17,100,1,21,121.5905572,25.0694704
114,12,30,23,44,2,03中山區,中山區中山北路3段花博公園旁,0,0,2,1,C03,7,5,5,50,14,8,1,5,4,5,13,4,4,10,4,5,2,17,1,20,3,10,5,1,7,9,1,10,2,13,101,1,21,121.5221906,25.05799793
114,12,31,06,29,2,10文山區,文山區木柵路4段159巷與木柵路4段159巷12弄口,0,0,1,1,B12,6,6,5,30,3,1,1,4,4,5,13,4,4,9,5,5,2,2,1,45,3,10,7,1,7,9,1,8,2,5,105,1,21,121.5754325,25.0003489
114,12,31,06,53,2,04大安區,大安區大安路1段83巷與仁愛路4段71巷口,0,0,1,1,B03,8,7,5,30,4,2,1,4,4,5,13,4,4,10,5,5,2,15,1,35,3,10,3,4,7,9,1,8,1,1,72,1,21,121.5471862,25.0409591
114,12,31,07,00,2,10文山區,文山區萬美街2段與和平東路4段66巷口,0,0,1,1,B03,6,7,5,40,3,2,1,4,4,5,13,1,1,5,5,5,1,13,1,64,3,10,7,1,7,9,1,8,1,1,108,1,21,121.5646254,25.0053639
114,12,31,07,17,2,07信義區,信義區市民大道5段46號,0,0,2,1,B02,8,6,5,50,14,9,1,5,4,5,13,4,4,3,5,5,2,17,1,48,3,10,3,4,7,9,1,4,2,1,116,1,21,121.560767,25.0462406
114,12,31,07,36,2,07信義區,信義區基隆路1段與永吉路口,0,0,2,1,C03,6,5,5,50,5,2,1,4,4,5,13,1,1,1,4,5,2,13,1,38,2,9,6,1,7,9,1,10,1,11,16,1,21,121.5674894,25.0459697
114,12,31,07,57,2,02萬華區,萬華區堤外便道龍山092桿,0,0,2,1,C03,8,7,5,40,14,11,1,5,4,5,13,4,4,1,4,5,2,13,1,23,2,9,5,1,7,9,1,10,1,11,16,1,21,121.4995691,25.0420231
114,12,31,08,03,2,08士林區,士林區福志路32號,0,0,1,1,F01,7,6,5,50,14,9,1,5,4,5,13,3,1,5,5,5,2,17,2,72,2,9,4,1,7,21,8,20,1,15,101,1,21,121.5311388,25.098504
114,12,31,08,05,2,12內湖區,內湖區陽光街1號,0,0,1,1,B01,6,5,5,50,14,9,1,4,4,5,13,4,4,9,5,5,1,16,1,51,3,10,7,1,7,5,1,4,1,4,8,1,21,121.5890726,25.07722991
114,12,31,08,12,2,02萬華區,萬華區和平西路3段與環河南路1段口,0,0,3,1,C03,8,7,5,30,5,1,1,5,4,5,13,4,4,1,5,5,2,17,1,42,2,9,5,1,7,5,1,10,1,14,17,1,21,121.4906862,25.0353899
114,12,31,08,21,2,07信義區,信義區忠孝東路4段與忠孝東路4段553巷口,0,0,1,1,B03,6,5,5,50,4,1,1,4,4,5,13,1,1,5,4,5,2,17,1,59,3,10,7,1,7,5,1,8,1,8,8,1,21,121.5627462,25.0412215
114,12,31,08,31,2,08士林區,士林區中山北路6段與德行東路口,0,0,3,1,C03,8,6,5,50,4,2,1,5,4,5,13,2,1,1,4,5,1,13,1,43,2,8,5,1,7,9,1,10,2,11,16,1,21,121.5249819,25.10665491
114,12,31,08,47,2,10文山區,文山區羅斯福路6段與景文街口,0,0,1,1,B03,6,6,5,50,5,2,1,4,4,5,13,2,1,5,5,5,2,16,1,77,3,10,7,1,7,5,1,8,2,8,44,1,21,121.5413235,24.99367116
114,12,31,08,50,2,04大安區,大安區和平東路2段287號,0,0,2,1,C03,6,5,5,50,14,9,1,4,4,5,13,1,1,1,4,5,2,17,2,41,2,8,3,4,7,11,1,10,1,13,10,1,21,121.544699,25.0248378
114,12,31,09,00,2,12內湖區,內湖區安康路414巷與五分街72巷口口,0,0,2,1,B03,6,6,5,50,3,1,1,4,4,5,13,4,4,9,5,5,2,16,2,36,3,10,7,1,7,11,1,8,1,5,10,1,21,121.6163814,25.0662565
114,12,31,09,03,2,06松山區,松山區民生東路4段與民生東路4段131巷口,0,0,1,1,B03,6,6,5,50,4,1,1,4,4,5,13,4,4,8,3,5,2,17,2,61,3,10,7,1,7,5,1,8,9,17,71,1,21,121.5542416,25.0582159
114,12,31,09,13,2,10文山區,文山區羅斯福路6段與景中街口,0,0,2,1,B03,6,6,5,50,4,2,1,4,4,5,13,1,1,1,4,5,2,12,2,59,3,10,7,1,7,7,1,15,2,7,100,1,21,121.5408505,24.9929021
114,12,31,10,15,2,06松山區,松山區復興北路與復興北路427巷口,0,0,1,1,B12,6,6,5,50,4,2,1,4,4,5,13,2,1,1,2,5,2,3,2,27,3,10,7,4,7,5,1,8,2,8,70,1,21,121.5443202,25.0634196
114,12,31,10,16,2,08士林區,士林區社子大橋下橋往中國海專,0,0,2,1,C03,8,6,5,40,12,9,1,5,4,5,13,4,4,5,5,5,2,16,1,68,2,8,6,1,7,5,1,10,1,14,101,1,21,121.4934968,25.1113013
114,12,31,10,28,2,10文山區,文山區忠順街2段85巷與忠順街2段口,0,0,1,1,C03,6,6,5,50,3,1,1,4,4,5,13,4,4,5,5,5,2,17,2,40,2,9,6,1,7,6,1,10,1,17,116,1,21,121.5655611,24.9851066
114,12,31,10,30,2,06松山區,松山區南京東路5段305號,0,0,1,1,C03,6,6,5,50,14,9,1,4,4,5,13,4,4,1,4,5,2,17,1,39,2,8,5,1,7,9,1,10,1,14,116,1,21,121.5664938,25.0514568
114,12,31,10,34,2,12內湖區,內湖區成功路2段323巷30號,0,0,1,1,B03,6,6,5,30,14,9,1,4,4,5,13,4,4,9,4,5,1,17,2,57,3,10,7,1,7,9,1,8,1,5,16,1,21,121.5910791,25.0704423
114,12,31,10,56,2,01大同區,大同區延平北路4段與敦煌路口,0,0,2,1,B03,6,7,5,50,4,2,1,4,4,5,13,2,1,1,4,5,2,17,1,19,3,10,3,4,7,5,1,8,1,2,42,1,21,121.5120094,25.0765611
114,12,31,11,11,2,07信義區,信義區基隆路1段366號,0,0,1,1,C03,6,6,5,50,14,9,1,4,4,5,13,4,4,8,3,5,2,18,1,21,2,9,6,1,7,9,1,10,1,14,44,1,21,121.5607482,25.0352251
114,12,31,11,20,2,09北投區,北投區西安街2段與致遠二路口,0,0,1,1,B03,8,5,5,50,4,1,1,4,4,5,13,1,1,5,4,5,2,3,1,53,3,10,3,4,7,5,6,8,2,8,70,1,21,121.5132238,25.117464
114,12,31,11,55,2,12內湖區,內湖區文湖街31號,0,0,2,1,C03,6,6,5,50,14,9,1,4,4,5,13,4,4,9,5,5,2,13,1,18,2,8,6,1,7,9,1,10,1,14,42,1,22,121.5612668,25.0864164
114,12,31,12,22,2,03中山區,中山區新生北路1段58號,0,0,1,1,B02,8,6,5,50,14,9,1,5,4,5,13,1,1,9,5,5,2,11,2,31,3,10,3,4,7,9,1,8,2,1,16,1,21,121.5312432,25.04690398
114,12,31,13,17,2,12內湖區,內湖區民權東路6段138號,0,0,1,1,A02,6,6,5,50,14,9,1,4,4,5,13,2,1,1,4,5,2,9,1,63,3,10,7,1,7,1,1,2,1,17,44,1,21,121.5941583,25.0709625
114,12,31,13,20,2,05中正區,中正區市民大道2段與中山北路1段口,0,0,1,1,B03,6,6,5,40,3,2,1,4,4,5,13,4,4,9,4,5,2,13,1,66,3,10,7,1,7,5,6,18,2,6,42,1,21,121.5211033,25.0479368
114,12,31,14,10,2,04大安區,大安區復興南路2段200號,0,0,1,1,A04,6,5,5,50,14,9,1,4,4,5,13,4,4,10,5,5,1,9,1,46,3,10,7,1,7,12,1,2,9,17,44,1,21,121.543381,25.026642
114,12,31,14,55,2,06松山區,松山區長安東路2段219號,0,0,1,1,B03,8,6,5,50,14,9,1,4,4,5,13,4,4,5,4,5,2,17,1,59,3,10,3,4,7,1,1,8,1,4,19,1,21,121.5448985,25.048293
114,12,31,14,57,2,04大安區,大安區新生南路1段137巷與新生南路口側附近1段口,0,0,1,1,B01,6,6,5,30,3,1,1,4,4,5,13,4,4,10,5,5,2,17,1,60,3,10,7,1,7,6,1,4,1,1,44,1,21,121.5329187,25.0370437
114,12,31,15,25,2,07信義區,信義區基隆路1段與基隆路1段364巷口,0,0,2,1,C02,6,6,5,50,3,1,1,4,4,5,13,4,4,1,4,4,1,16,1,52,2,7,3,4,7,9,1,9,1,11,16,1,22,121.5608138,25.0353995
114,12,31,15,40,2,11南港區,南港區市民大道7段與忠孝東路6段269巷口,0,0,1,1,B02,6,7,5,50,3,1,1,4,4,5,13,2,1,1,4,5,2,17,2,59,3,10,7,1,7,11,1,8,1,6,10,1,21,121.5892955,25.0505752
114,12,31,15,41,2,02萬華區,萬華區大理街與大理街116巷口,0,0,1,1,B03,6,6,5,30,4,1,1,4,4,5,13,4,4,10,5,5,2,15,1,40,3,10,3,4,7,9,1,8,1,2,72,1,22,121.497391,25.0342402
114,12,31,16,00,2,01大同區,大同區民族西路與民族西路76巷口口,0,0,1,1,C03,7,6,5,50,4,1,1,4,4,5,13,4,4,5,5,5,2,17,1,35,2,9,6,1,7,9,1,10,1,14,116,1,21,121.5179015,25.0685022
114,12,31,16,05,2,04大安區,大安區和平東路3段與安和路2段口,0,0,1,1,C03,6,5,5,50,14,9,1,4,4,5,13,2,1,1,4,5,2,17,1,24,3,10,3,4,7,5,1,10,1,11,8,1,21,121.5502529,25.02443
114,12,31,16,22,2,03中山區,中山區民生東路3段與遼寧街口,0,0,1,1,B03,7,7,5,50,3,2,1,5,4,5,13,2,1,1,3,5,1,1,1,37,3,10,7,1,7,5,1,8,1,1,70,1,21,121.5418603,25.058008
114,12,31,16,23,2,03中山區,中山區中山北路1段與長安東路1段口,0,0,1,1,B03,6,6,5,50,4,4,1,4,4,5,13,1,1,1,4,1,1,17,1,54,3,10,7,1,7,7,1,8,2,17,100,1,21,121.5216424,25.0496422
114,12,31,16,31,2,02萬華區,萬華區環河南路1段69號對面,0,0,2,1,C03,6,6,5,40,14,9,1,4,4,5,13,4,4,5,5,5,2,17,1,22,2,8,6,4,7,9,1,10,1,11,42,1,22,121.501976,25.0452444
114,12,31,16,51,2,04大安區,大安區市民大道3段與復興南路1段口,0,0,2,1,C03,8,5,6,40,4,1,1,5,4,5,13,1,1,10,5,5,2,17,2,20,3,10,6,1,7,8,1,10,1,12,44,1,21,121.5436562,25.0447005
114,12,31,17,09,2,09北投區,北投區承德路7段與吉利街口,0,0,1,1,C03,6,5,5,40,3,2,1,4,4,5,13,4,4,1,4,4,2,17,2,51,3,10,6,1,7,9,1,10,1,11,42,1,22,121.5033817,25.1180179
114,12,31,17,21,2,11南港區,南港區昆陽街152巷12弄與昆陽街152巷口口,0,0,1,1,B03,6,5,5,30,4,1,1,4,4,5,13,4,4,10,5,5,2,9,1,57,3,10,7,1,7,5,1,8,2,4,44,1,21,121.5936592,25.0491694
114,12,31,17,23,2,04大安區,大安區市民大道4段與忠孝東路4段223巷口,0,0,1,1,B03,6,5,5,40,5,2,1,4,4,5,13,2,1,1,4,5,2,17,1,41,3,10,3,4,7,6,1,10,1,6,9,1,21,121.5529671,25.0442735
114,12,31,17,27,2,05中正區,中正區公園路64號,0,0,2,1,C03,6,6,5,50,14,7,1,4,4,5,13,3,1,5,4,4,2,12,1,21,2,9,5,1,7,7,1,10,1,14,101,1,22,121.5150345,25.03723094
114,12,31,17,33,2,12內湖區,內湖區康寧路1段與康寧路1段106巷口,0,0,1,1,C03,6,5,5,50,3,2,1,4,4,5,13,4,4,9,5,5,2,3,2,22,3,10,5,1,7,9,1,10,1,11,108,1,21,121.5932685,25.0796222
114,12,31,17,37,2,04大安區,大安區大安路1段與仁愛路4段71巷口,0,0,1,1,B03,6,5,5,30,4,1,1,4,4,5,13,4,4,10,5,5,1,15,2,45,3,10,3,4,7,9,1,8,1,4,44,1,22,121.5445389,25.03740428
114,12,31,17,38,2,06松山區,松山區塔悠路與基隆路1段口,0,0,1,1,B03,7,5,5,50,5,1,1,4,4,5,13,2,1,1,4,4,2,17,1,53,3,10,3,4,7,5,1,8,1,4,8,1,21,121.5705719,25.0510606
114,12,31,17,46,2,03中山區,中山區樂群三路與敬業三路口,0,0,1,1,B02,6,5,6,50,4,1,1,4,4,5,13,1,1,10,4,5,2,9,1,53,3,10,7,1,7,5,1,8,1,17,70,1,21,121.5563171,25.0824743
114,12,31,17,53,2,11南港區,南港區市民大道7段西往東近昆陽街,0,0,1,1,C03,6,5,5,50,14,9,1,4,4,5,13,4,4,3,4,5,2,12,1,44,3,10,3,4,7,9,1,10,9,15,42,1,22,121.5933392,25.0510964
114,12,31,18,00,2,01大同區,大同區承德路2段與民權西路口,0,0,1,1,C03,6,5,5,50,14,9,1,4,4,5,13,2,1,1,4,5,2,17,1,32,2,9,3,4,7,9,1,10,1,11,42,1,21,121.5179211,25.06283
114,12,31,18,04,2,09北投區,北投區中和街525巷8弄與秀山路口,0,0,2,1,C03,6,5,5,50,3,2,1,4,4,5,13,4,4,5,2,5,2,3,1,30,2,9,5,1,7,9,1,10,1,11,70,1,21,121.4926025,25.1450925
114,12,31,18,40,2,03中山區,中山區市民大道2段與林森北路口口,0,0,1,1,C03,6,5,5,40,4,1,1,4,4,5,13,1,1,1,4,5,2,17,1,26,3,10,3,4,7,5,1,10,1,14,80,1,21,121.5241613,25.0478772
114,12,31,18,45,2,03中山區,中山區北安路535-2號,0,0,1,1,C03,6,5,5,50,14,9,1,4,4,5,13,1,1,9,3,5,2,12,2,22,2,7,6,1,7,7,1,10,1,14,100,1,21,121.5473588,25.079944
114,12,31,18,45,2,07信義區,信義區永吉路278巷與永吉路278巷27弄口,0,0,1,1,C03,6,5,5,30,4,1,1,4,4,5,13,4,4,10,5,5,2,18,1,29,2,9,6,4,7,9,1,10,1,14,42,1,21,121.5741498,25.0446536
114,12,31,19,10,2,12內湖區,內湖區環東大道往南港,0,0,2,1,B11,6,5,5,70,10,9,1,4,4,5,13,4,4,1,5,5,1,13,1,27,3,10,7,1,7,9,1,8,2,1,16,1,21,121.574145,25.0531727
114,12,31,19,21,2,12內湖區,內湖區民權東路6段46巷與行忠路口口,0,0,3,1,C03,6,5,5,50,3,2,1,4,4,5,13,4,4,5,5,5,2,17,1,51,2,9,6,1,7,10,1,10,1,12,80,1,21,121.5820153,25.0677443
114,12,31,19,22,2,04大安區,大安區和平東路3段131號,0,0,1,1,B01,6,5,5,50,14,18,1,4,4,5,13,2,1,1,4,5,2,9,1,69,3,10,3,4,7,6,1,4,2,1,108,1,21,121.5520363,25.0244402
114,12,31,19,23,2,10文山區,文山區指南路1段20號,0,0,2,1,H01,6,5,5,50,14,9,1,4,4,5,13,4,4,5,5,5,2,3,2,58,2,9,4,5,8,16,8,20,10,16,53,1,21,121.5692968,24.9876112
114,12,31,19,39,2,03中山區,中山區建國北路3段與建國北路3段93巷口,0,0,1,1,B03,6,5,5,50,3,1,1,4,4,5,13,4,4,10,4,5,2,15,1,48,3,10,7,1,7,9,1,8,1,5,73,1,21,121.5364911,25.06603652
114,12,31,19,40,2,03中山區,中山區農安街200號,0,0,1,1,B03,6,5,5,50,14,9,1,4,4,5,13,4,4,5,4,5,2,17,1,49,3,10,3,4,7,9,3,18,1,5,44,1,21,121.5358379,25.0646351
114,12,31,19,43,2,05中正區,中正區羅斯福路3段與羅斯福路3段140巷口,0,0,1,1,A12,6,5,5,30,3,2,1,4,4,5,13,4,4,1,4,5,2,17,1,47,3,10,7,1,7,6,1,3,2,17,80,1,21,121.5284765,25.0202868
114,12,31,20,10,2,04大安區,大安區基隆路2段與通化街171巷口,0,0,2,1,B03,6,5,5,50,4,1,1,4,4,5,13,2,1,3,4,5,1,1,1,31,3,10,3,4,7,11,1,8,2,1,10,1,21,121.5560509,25.0275594
114,12,31,20,48,2,01大同區,大同區南京西路與南京西路302巷口,0,0,3,1,C03,6,5,5,50,4,19,1,4,4,5,13,4,4,5,4,5,2,3,1,25,2,9,6,4,7,9,1,10,2,11,108,1,22,121.5136006,25.0539872
114,12,31,21,25,2,08士林區,士林區中山北路5段與中山北路5段505巷口,0,0,1,1,C03,6,6,5,40,14,8,1,4,4,5,13,4,4,1,5,1,1,17,1,57,3,10,5,1,7,9,1,10,2,17,37,1,22,121.5278564,25.0934345
114,12,31,21,34,2,12內湖區,內湖區潭美街0309006燈桿附近,0,0,2,1,C03,6,5,5,40,14,9,1,4,4,5,13,4,4,4,3,5,1,17,1,19,2,9,6,1,7,11,1,10,1,14,10,1,21,121.6014503,25.0609016
114,12,31,22,25,2,10文山區,文山區木柵路2段102巷,0,0,1,1,B03,6,5,5,50,14,9,1,4,4,5,13,4,4,5,5,5,1,13,1,36,3,10,7,1,7,5,1,8,1,1,16,1,21,121.5659327,24.9873271
114,12,31,22,47,2,10文山區,文山區景華街與景華街97巷口,0,0,3,1,C03,6,5,5,30,3,18,1,4,4,5,13,4,4,10,5,5,2,3,1,20,2,9,6,1,7,9,1,10,2,11,70,1,21,121.5462413,24.9954337
114,12,31,22,49,2,02萬華區,萬華區艋舺大道與和平西路3段口,0,0,1,1,B01,6,5,5,50,5,1,1,4,4,5,13,2,1,1,4,5,2,17,4,0,,,,,,,,,11,,119,2,,121.5047466,25.0340303
114,12,31,23,13,2,09北投區,北投區紗帽路1206388號燈桿,0,0,3,1,B03,8,5,5,40,14,9,1,4,4,5,13,4,4,5,5,5,1,10,1,46,2,9,7,1,7,9,1,8,1,1,4,1,21,121.5433895,25.1429149
114,12,31,23,15,2,01大同區,大同區長安西路與長安西路220巷口,0,0,2,1,C03,6,5,5,50,4,1,1,4,4,5,13,2,1,9,4,5,2,3,2,23,2,9,6,1,7,9,1,10,1,11,44,1,21,121.5147663,25.0513972
114,12,31,23,22,2,02萬華區,萬華區內江街與昆明街口,0,0,1,1,B01,6,5,5,50,4,1,1,4,4,5,13,2,1,10,4,5,2,3,1,59,3,10,3,4,7,5,1,4,1,8,70,1,21,121.5045613,25.0415798